<?xml version='1.0' encoding='UTF-8' standalone='yes' ?><TrainingCenterDatabase creator="Mi Fitness" version="1.0" xmlns="http://www.garmin.com/xmlschemas/TrainingCenterDatabase/v2" xmlns:xsi="http://www.w3.org/2001/XMLSchema-instance" xsi:schemaLocation="http://www.garmin.com/xmlschemas/TrainingCenterDatabase/v2 http://www.garmin.com/xmlschemas/TrainingCenterDatabasev2.xsd"><Activities><Activity Sport=""><Id>2026-06-14T12:43:03.000Z</Id><Calories>155</Calories><Lap><TotalTimeSeconds>993</TotalTimeSeconds><DistanceMeters>1087</DistanceMeters><Calories>103</Calories><HeartRateBpm>118</HeartRateBpm><AverageSpeed>3.9407854</AverageSpeed><Steps>1443</Steps><Track><Trackpoint><Time>2026-06-14T12:43:03.000Z</Time><Position><LatitudeDegrees>56.84258270263672</LatitudeDegrees><LongitudeDegrees>60.65872573852539</LongitudeDegrees></Position></Trackpoint><Trackpoint><Time>2026-06-14T12:43:04.000Z</Time><Position><LatitudeDegrees>56.842592194372294</LatitudeDegrees><LongitudeDegrees>60.658722574613535</LongitudeDegrees></Position></Trackpoint><Trackpoint><Time>2026-06-14T12:43:05.000Z</Time><Position><LatitudeDegrees>56.84259507969924</LatitudeDegrees><LongitudeDegrees>60.65872126072279</LongitudeDegrees></Position></Trackpoint><Trackpoint><Time>2026-06-14T12:43:06.000Z</Time><Position><LatitudeDegrees>56.842598923485035</LatitudeDegrees><LongitudeDegrees>60.65871973946653</LongitudeDegrees></Position></Trackpoint><Trackpoint><Time>2026-06-14T12:43:07.000Z</Time><Position><LatitudeDegrees>56.8426033902572</LatitudeDegrees><LongitudeDegrees>60.65871788628205</LongitudeDegrees></Position></Trackpoint><Trackpoint><Time>2026-06-14T12:43:08.000Z</Time><Position><LatitudeDegrees>56.842608467300714</LatitudeDegrees><LongitudeDegrees>60.6587146349405</LongitudeDegrees></Position></Trackpoint><Trackpoint><Time>2026-06-14T12:43:09.000Z</Time><Position><LatitudeDegrees>56.84261460977715</LatitudeDegrees><LongitudeDegrees>60.6587107971887</LongitudeDegrees></Position></Trackpoint><Trackpoint><Time>2026-06-14T12:43:10.000Z</Time><Position><LatitudeDegrees>56.84262186220052</LatitudeDegrees><LongitudeDegrees>60.65870722331198</LongitudeDegrees></Position></Trackpoint><Trackpoint><Time>2026-06-14T12:43:11.000Z</Time><Position><LatitudeDegrees>56.84263059734807</LatitudeDegrees><LongitudeDegrees>60.65870421450834</LongitudeDegrees></Position></Trackpoint><Trackpoint><Time>2026-06-14T12:43:12.000Z</Time><Position><LatitudeDegrees>56.84264028797013</LatitudeDegrees><LongitudeDegrees>60.658701822527604</LongitudeDegrees></Position></Trackpoint><Trackpoint><Time>2026-06-14T12:43:13.000Z</Time><Position><LatitudeDegrees>56.842650596771186</LatitudeDegrees><LongitudeDegrees>60.658699990650604</LongitudeDegrees></Position></Trackpoint><Trackpoint><Time>2026-06-14T12:43:14.000Z</Time><Position><LatitudeDegrees>56.84266130592929</LatitudeDegrees><LongitudeDegrees>60.658697644727695</LongitudeDegrees></Position></Trackpoint><Trackpoint><Time>2026-06-14T12:43:15.000Z</Time><Position><LatitudeDegrees>56.84267227437498</LatitudeDegrees><LongitudeDegrees>60.6586944089945</LongitudeDegrees></Position></Trackpoint><Trackpoint><Time>2026-06-14T12:43:16.000Z</Time><Position><LatitudeDegrees>56.84268243143396</LatitudeDegrees><LongitudeDegrees>60.658691711832205</LongitudeDegrees></Position></Trackpoint><Trackpoint><Time>2026-06-14T12:43:17.000Z</Time><Position><LatitudeDegrees>56.84269241959058</LatitudeDegrees><LongitudeDegrees>60.658690072244234</LongitudeDegrees></Position></Trackpoint><Trackpoint><Time>2026-06-14T12:43:18.000Z</Time><Position><LatitudeDegrees>56.84270203545573</LatitudeDegrees><LongitudeDegrees>60.65868956823495</LongitudeDegrees></Position></Trackpoint><Trackpoint><Time>2026-06-14T12:43:19.000Z</Time><Position><LatitudeDegrees>56.842711732656795</LatitudeDegrees><LongitudeDegrees>60.658689596575435</LongitudeDegrees></Position></Trackpoint><Trackpoint><Time>2026-06-14T12:43:20.000Z</Time><Position><LatitudeDegrees>56.84272168756737</LatitudeDegrees><LongitudeDegrees>60.658689350905</LongitudeDegrees></Position></Trackpoint><Trackpoint><Time>2026-06-14T12:43:21.000Z</Time><Position><LatitudeDegrees>56.84273145013513</LatitudeDegrees><LongitudeDegrees>60.65868902391949</LongitudeDegrees></Position></Trackpoint><Trackpoint><Time>2026-06-14T12:43:22.000Z</Time><Position><LatitudeDegrees>56.84274085970051</LatitudeDegrees><LongitudeDegrees>60.65868870541386</LongitudeDegrees></Position></Trackpoint><Trackpoint><Time>2026-06-14T12:43:23.000Z</Time><Position><LatitudeDegrees>56.842750385016345</LatitudeDegrees><LongitudeDegrees>60.658687452058906</LongitudeDegrees></Position></Trackpoint><Trackpoint><Time>2026-06-14T12:43:24.000Z</Time><Position><LatitudeDegrees>56.84276069388475</LatitudeDegrees><LongitudeDegrees>60.65868548495749</LongitudeDegrees></Position></Trackpoint><Trackpoint><Time>2026-06-14T12:43:25.000Z</Time><Position><LatitudeDegrees>56.842771471150435</LatitudeDegrees><LongitudeDegrees>60.65868347638598</LongitudeDegrees></Position></Trackpoint><Trackpoint><Time>2026-06-14T12:43:26.000Z</Time><Position><LatitudeDegrees>56.84278301651449</LatitudeDegrees><LongitudeDegrees>60.658680239700956</LongitudeDegrees></Position></Trackpoint><Trackpoint><Time>2026-06-14T12:43:27.000Z</Time><Position><LatitudeDegrees>56.8427943755983</LatitudeDegrees><LongitudeDegrees>60.65867593344022</LongitudeDegrees></Position></Trackpoint><Trackpoint><Time>2026-06-14T12:43:28.000Z</Time><Position><LatitudeDegrees>56.84280566887635</LatitudeDegrees><LongitudeDegrees>60.65867222900521</LongitudeDegrees></Position></Trackpoint><Trackpoint><Time>2026-06-14T12:43:29.000Z</Time><Position><LatitudeDegrees>56.84281695441011</LatitudeDegrees><LongitudeDegrees>60.658669247880724</LongitudeDegrees></Position></Trackpoint><Trackpoint><Time>2026-06-14T12:43:30.000Z</Time><Position><LatitudeDegrees>56.84282825710519</LatitudeDegrees><LongitudeDegrees>60.658666457651826</LongitudeDegrees></Position></Trackpoint><Trackpoint><Time>2026-06-14T12:43:31.000Z</Time><Position><LatitudeDegrees>56.84283958501594</LatitudeDegrees><LongitudeDegrees>60.65866361455114</LongitudeDegrees></Position></Trackpoint><Trackpoint><Time>2026-06-14T12:43:32.000Z</Time><Position><LatitudeDegrees>56.842850938222995</LatitudeDegrees><LongitudeDegrees>60.65866160419437</LongitudeDegrees></Position></Trackpoint><Trackpoint><Time>2026-06-14T12:43:33.000Z</Time><Position><LatitudeDegrees>56.84286329273407</LatitudeDegrees><LongitudeDegrees>60.65865970520495</LongitudeDegrees></Position></Trackpoint><Trackpoint><Time>2026-06-14T12:43:34.000Z</Time><Position><LatitudeDegrees>56.8428759427646</LatitudeDegrees><LongitudeDegrees>60.658657606202105</LongitudeDegrees></Position></Trackpoint><Trackpoint><Time>2026-06-14T12:43:35.000Z</Time><Position><LatitudeDegrees>56.84288807010886</LatitudeDegrees><LongitudeDegrees>60.65865471500967</LongitudeDegrees></Position></Trackpoint><Trackpoint><Time>2026-06-14T12:43:36.000Z</Time><Position><LatitudeDegrees>56.84289989449908</LatitudeDegrees><LongitudeDegrees>60.65865088942608</LongitudeDegrees></Position></Trackpoint><Trackpoint><Time>2026-06-14T12:43:37.000Z</Time><Position><LatitudeDegrees>56.84291154531198</LatitudeDegrees><LongitudeDegrees>60.65864619081567</LongitudeDegrees></Position></Trackpoint><Trackpoint><Time>2026-06-14T12:43:38.000Z</Time><Position><LatitudeDegrees>56.84292358771823</LatitudeDegrees><LongitudeDegrees>60.65864075650201</LongitudeDegrees></Position></Trackpoint><Trackpoint><Time>2026-06-14T12:43:39.000Z</Time><Position><LatitudeDegrees>56.84293522499232</LatitudeDegrees><LongitudeDegrees>60.658635227076516</LongitudeDegrees></Position></Trackpoint><Trackpoint><Time>2026-06-14T12:43:40.000Z</Time><Position><LatitudeDegrees>56.842947160235425</LatitudeDegrees><LongitudeDegrees>60.65862840973172</LongitudeDegrees></Position></Trackpoint><Trackpoint><Time>2026-06-14T12:43:41.000Z</Time><Position><LatitudeDegrees>56.84295964476421</LatitudeDegrees><LongitudeDegrees>60.65862144736407</LongitudeDegrees></Position></Trackpoint><Trackpoint><Time>2026-06-14T12:43:42.000Z</Time><Position><LatitudeDegrees>56.84297222196863</LatitudeDegrees><LongitudeDegrees>60.65861433965928</LongitudeDegrees></Position></Trackpoint><Trackpoint><Time>2026-06-14T12:43:43.000Z</Time><Position><LatitudeDegrees>56.84298469190669</LatitudeDegrees><LongitudeDegrees>60.65860857397358</LongitudeDegrees></Position></Trackpoint><Trackpoint><Time>2026-06-14T12:43:44.000Z</Time><Position><LatitudeDegrees>56.842997475613686</LatitudeDegrees><LongitudeDegrees>60.65860361138251</LongitudeDegrees></Position></Trackpoint><Trackpoint><Time>2026-06-14T12:43:45.000Z</Time><Position><LatitudeDegrees>56.84301021660361</LatitudeDegrees><LongitudeDegrees>60.65859961647364</LongitudeDegrees></Position></Trackpoint><Trackpoint><Time>2026-06-14T12:43:46.000Z</Time><Position><LatitudeDegrees>56.84302277354631</LatitudeDegrees><LongitudeDegrees>60.658596532829065</LongitudeDegrees></Position></Trackpoint><Trackpoint><Time>2026-06-14T12:43:47.000Z</Time><Position><LatitudeDegrees>56.84303560147011</LatitudeDegrees><LongitudeDegrees>60.65859373064402</LongitudeDegrees></Position></Trackpoint><Trackpoint><Time>2026-06-14T12:43:48.000Z</Time><Position><LatitudeDegrees>56.84304836338023</LatitudeDegrees><LongitudeDegrees>60.65859042480836</LongitudeDegrees></Position></Trackpoint><Trackpoint><Time>2026-06-14T12:43:49.000Z</Time><Position><LatitudeDegrees>56.84306092896372</LatitudeDegrees><LongitudeDegrees>60.658586846240965</LongitudeDegrees></Position></Trackpoint><Trackpoint><Time>2026-06-14T12:43:50.000Z</Time><Position><LatitudeDegrees>56.843073269751606</LatitudeDegrees><LongitudeDegrees>60.65858312504663</LongitudeDegrees></Position></Trackpoint><Trackpoint><Time>2026-06-14T12:43:51.000Z</Time><Position><LatitudeDegrees>56.84308540287157</LatitudeDegrees><LongitudeDegrees>60.65857933311282</LongitudeDegrees></Position></Trackpoint><Trackpoint><Time>2026-06-14T12:43:52.000Z</Time><Position><LatitudeDegrees>56.843096872420624</LatitudeDegrees><LongitudeDegrees>60.65857599873509</LongitudeDegrees></Position></Trackpoint><Trackpoint><Time>2026-06-14T12:43:53.000Z</Time><Position><LatitudeDegrees>56.843107575811025</LatitudeDegrees><LongitudeDegrees>60.65857279114593</LongitudeDegrees></Position></Trackpoint><Trackpoint><Time>2026-06-14T12:43:54.000Z</Time><Position><LatitudeDegrees>56.84311805873965</LatitudeDegrees><LongitudeDegrees>60.658569068240496</LongitudeDegrees></Position></Trackpoint><Trackpoint><Time>2026-06-14T12:43:55.000Z</Time><Position><LatitudeDegrees>56.8431285742386</LatitudeDegrees><LongitudeDegrees>60.6585651213293</LongitudeDegrees></Position></Trackpoint><Trackpoint><Time>2026-06-14T12:43:56.000Z</Time><Position><LatitudeDegrees>56.843138732723965</LatitudeDegrees><LongitudeDegrees>60.6585606095239</LongitudeDegrees></Position></Trackpoint><Trackpoint><Time>2026-06-14T12:43:57.000Z</Time><Position><LatitudeDegrees>56.84314890918487</LatitudeDegrees><LongitudeDegrees>60.65855644415963</LongitudeDegrees></Position></Trackpoint><Trackpoint><Time>2026-06-14T12:43:58.000Z</Time><Position><LatitudeDegrees>56.8431592557472</LatitudeDegrees><LongitudeDegrees>60.65855344570018</LongitudeDegrees></Position></Trackpoint><Trackpoint><Time>2026-06-14T12:43:59.000Z</Time><Position><LatitudeDegrees>56.843170302839845</LatitudeDegrees><LongitudeDegrees>60.65855180226939</LongitudeDegrees></Position></Trackpoint><Trackpoint><Time>2026-06-14T12:44:00.000Z</Time><Position><LatitudeDegrees>56.843182178999086</LatitudeDegrees><LongitudeDegrees>60.65855092781646</LongitudeDegrees></Position></Trackpoint><Trackpoint><Time>2026-06-14T12:44:01.000Z</Time><Position><LatitudeDegrees>56.84319483075102</LatitudeDegrees><LongitudeDegrees>60.65854999267833</LongitudeDegrees></Position></Trackpoint><Trackpoint><Time>2026-06-14T12:44:02.000Z</Time><Position><LatitudeDegrees>56.84320764691653</LatitudeDegrees><LongitudeDegrees>60.65854768373973</LongitudeDegrees></Position></Trackpoint><Trackpoint><Time>2026-06-14T12:44:03.000Z</Time><Position><LatitudeDegrees>56.84321986507884</LatitudeDegrees><LongitudeDegrees>60.65854461576243</LongitudeDegrees></Position></Trackpoint><Trackpoint><Time>2026-06-14T12:44:04.000Z</Time><Position><LatitudeDegrees>56.843231737612705</LatitudeDegrees><LongitudeDegrees>60.65854064973669</LongitudeDegrees></Position></Trackpoint><Trackpoint><Time>2026-06-14T12:44:05.000Z</Time><Position><LatitudeDegrees>56.84324292320474</LatitudeDegrees><LongitudeDegrees>60.658535843676816</LongitudeDegrees></Position></Trackpoint><Trackpoint><Time>2026-06-14T12:44:06.000Z</Time><Position><LatitudeDegrees>56.843253369458665</LatitudeDegrees><LongitudeDegrees>60.65853032929214</LongitudeDegrees></Position></Trackpoint><Trackpoint><Time>2026-06-14T12:44:07.000Z</Time><Position><LatitudeDegrees>56.84326363929947</LatitudeDegrees><LongitudeDegrees>60.658524741348</LongitudeDegrees></Position></Trackpoint><Trackpoint><Time>2026-06-14T12:44:08.000Z</Time><Position><LatitudeDegrees>56.84327447681144</LatitudeDegrees><LongitudeDegrees>60.65851935070317</LongitudeDegrees></Position></Trackpoint><Trackpoint><Time>2026-06-14T12:44:09.000Z</Time><Position><LatitudeDegrees>56.84328562596291</LatitudeDegrees><LongitudeDegrees>60.65851424358326</LongitudeDegrees></Position></Trackpoint><Trackpoint><Time>2026-06-14T12:44:10.000Z</Time><Position><LatitudeDegrees>56.8432974309237</LatitudeDegrees><LongitudeDegrees>60.65850941910886</LongitudeDegrees></Position></Trackpoint><Trackpoint><Time>2026-06-14T12:44:11.000Z</Time><Position><LatitudeDegrees>56.843308970041015</LatitudeDegrees><LongitudeDegrees>60.65850484064067</LongitudeDegrees></Position></Trackpoint><Trackpoint><Time>2026-06-14T12:44:12.000Z</Time><Position><LatitudeDegrees>56.84332038747875</LatitudeDegrees><LongitudeDegrees>60.658500461514876</LongitudeDegrees></Position></Trackpoint><Trackpoint><Time>2026-06-14T12:44:13.000Z</Time><Position><LatitudeDegrees>56.84333175822578</LatitudeDegrees><LongitudeDegrees>60.658496236928485</LongitudeDegrees></Position></Trackpoint><Trackpoint><Time>2026-06-14T12:44:14.000Z</Time><Position><LatitudeDegrees>56.843343119157716</LatitudeDegrees><LongitudeDegrees>60.65849212859522</LongitudeDegrees></Position></Trackpoint><Trackpoint><Time>2026-06-14T12:44:15.000Z</Time><Position><LatitudeDegrees>56.843354486720905</LatitudeDegrees><LongitudeDegrees>60.658488105826606</LongitudeDegrees></Position></Trackpoint><Trackpoint><Time>2026-06-14T12:44:16.000Z</Time><Position><LatitudeDegrees>56.843366356448016</LatitudeDegrees><LongitudeDegrees>60.658483165780765</LongitudeDegrees></Position></Trackpoint><Trackpoint><Time>2026-06-14T12:44:17.000Z</Time><Position><LatitudeDegrees>56.84337788874271</LatitudeDegrees><LongitudeDegrees>60.65847750279575</LongitudeDegrees></Position></Trackpoint><Trackpoint><Time>2026-06-14T12:44:18.000Z</Time><Position><LatitudeDegrees>56.843388781140156</LatitudeDegrees><LongitudeDegrees>60.6584717793052</LongitudeDegrees></Position></Trackpoint><Trackpoint><Time>2026-06-14T12:44:19.000Z</Time><Position><LatitudeDegrees>56.84339948081571</LatitudeDegrees><LongitudeDegrees>60.65846578627657</LongitudeDegrees></Position></Trackpoint><Trackpoint><Time>2026-06-14T12:44:20.000Z</Time><Position><LatitudeDegrees>56.84341019666666</LatitudeDegrees><LongitudeDegrees>60.658459472218084</LongitudeDegrees></Position></Trackpoint><Trackpoint><Time>2026-06-14T12:44:21.000Z</Time><Position><LatitudeDegrees>56.84342101264779</LatitudeDegrees><LongitudeDegrees>60.65845334673802</LongitudeDegrees></Position></Trackpoint><Trackpoint><Time>2026-06-14T12:44:22.000Z</Time><Position><LatitudeDegrees>56.843430971261675</LatitudeDegrees><LongitudeDegrees>60.658447595506324</LongitudeDegrees></Position></Trackpoint><Trackpoint><Time>2026-06-14T12:44:23.000Z</Time><Position><LatitudeDegrees>56.84344027783137</LatitudeDegrees><LongitudeDegrees>60.65844273656446</LongitudeDegrees></Position></Trackpoint><Trackpoint><Time>2026-06-14T12:44:24.000Z</Time><Position><LatitudeDegrees>56.84344910060462</LatitudeDegrees><LongitudeDegrees>60.6584378895139</LongitudeDegrees></Position></Trackpoint><Trackpoint><Time>2026-06-14T12:44:25.000Z</Time><Position><LatitudeDegrees>56.84345855018726</LatitudeDegrees><LongitudeDegrees>60.658433179861554</LongitudeDegrees></Position></Trackpoint><Trackpoint><Time>2026-06-14T12:44:26.000Z</Time><Position><LatitudeDegrees>56.843469003513746</LatitudeDegrees><LongitudeDegrees>60.65842913127113</LongitudeDegrees></Position></Trackpoint><Trackpoint><Time>2026-06-14T12:44:27.000Z</Time><Position><LatitudeDegrees>56.84348048698927</LatitudeDegrees><LongitudeDegrees>60.658425874558496</LongitudeDegrees></Position></Trackpoint><Trackpoint><Time>2026-06-14T12:44:28.000Z</Time><Position><LatitudeDegrees>56.8434928792703</LatitudeDegrees><LongitudeDegrees>60.65842287235106</LongitudeDegrees></Position></Trackpoint><Trackpoint><Time>2026-06-14T12:44:29.000Z</Time><Position><LatitudeDegrees>56.84350552412909</LatitudeDegrees><LongitudeDegrees>60.65842036028614</LongitudeDegrees></Position></Trackpoint><Trackpoint><Time>2026-06-14T12:44:30.000Z</Time><Position><LatitudeDegrees>56.843518608501824</LatitudeDegrees><LongitudeDegrees>60.65841788288735</LongitudeDegrees></Position></Trackpoint><Trackpoint><Time>2026-06-14T12:44:31.000Z</Time><Position><LatitudeDegrees>56.84353264257471</LatitudeDegrees><LongitudeDegrees>60.658415248125</LongitudeDegrees></Position></Trackpoint><Trackpoint><Time>2026-06-14T12:44:32.000Z</Time><Position><LatitudeDegrees>56.84354673534564</LatitudeDegrees><LongitudeDegrees>60.65841239711223</LongitudeDegrees></Position></Trackpoint><Trackpoint><Time>2026-06-14T12:44:33.000Z</Time><Position><LatitudeDegrees>56.843561001947045</LatitudeDegrees><LongitudeDegrees>60.65840933335288</LongitudeDegrees></Position></Trackpoint><Trackpoint><Time>2026-06-14T12:44:34.000Z</Time><Position><LatitudeDegrees>56.843574488262185</LatitudeDegrees><LongitudeDegrees>60.65840559598502</LongitudeDegrees></Position></Trackpoint><Trackpoint><Time>2026-06-14T12:44:35.000Z</Time><Position><LatitudeDegrees>56.84358739111314</LatitudeDegrees><LongitudeDegrees>60.658402060888235</LongitudeDegrees></Position></Trackpoint><Trackpoint><Time>2026-06-14T12:44:36.000Z</Time><Position><LatitudeDegrees>56.843599866444556</LatitudeDegrees><LongitudeDegrees>60.658399062817736</LongitudeDegrees></Position></Trackpoint><Trackpoint><Time>2026-06-14T12:44:37.000Z</Time><Position><LatitudeDegrees>56.843612033351135</LatitudeDegrees><LongitudeDegrees>60.65839667071038</LongitudeDegrees></Position></Trackpoint><Trackpoint><Time>2026-06-14T12:44:38.000Z</Time><Position><LatitudeDegrees>56.84362447007651</LatitudeDegrees><LongitudeDegrees>60.658394835182214</LongitudeDegrees></Position></Trackpoint><Trackpoint><Time>2026-06-14T12:44:39.000Z</Time><Position><LatitudeDegrees>56.84363738012987</LatitudeDegrees><LongitudeDegrees>60.65839199562732</LongitudeDegrees></Position></Trackpoint><Trackpoint><Time>2026-06-14T12:44:40.000Z</Time><Position><LatitudeDegrees>56.84365029696152</LatitudeDegrees><LongitudeDegrees>60.658388127812074</LongitudeDegrees></Position></Trackpoint><Trackpoint><Time>2026-06-14T12:44:41.000Z</Time><Position><LatitudeDegrees>56.84366253795015</LatitudeDegrees><LongitudeDegrees>60.65838335373192</LongitudeDegrees></Position></Trackpoint><Trackpoint><Time>2026-06-14T12:44:42.000Z</Time><Position><LatitudeDegrees>56.84367439832359</LatitudeDegrees><LongitudeDegrees>60.658378329556996</LongitudeDegrees></Position></Trackpoint><Trackpoint><Time>2026-06-14T12:44:43.000Z</Time><Position><LatitudeDegrees>56.8436865381285</LatitudeDegrees><LongitudeDegrees>60.65837286800871</LongitudeDegrees></Position></Trackpoint><Trackpoint><Time>2026-06-14T12:44:44.000Z</Time><Position><LatitudeDegrees>56.843698214108265</LatitudeDegrees><LongitudeDegrees>60.658367437706325</LongitudeDegrees></Position></Trackpoint><Trackpoint><Time>2026-06-14T12:44:45.000Z</Time><Position><LatitudeDegrees>56.8437096693069</LatitudeDegrees><LongitudeDegrees>60.658362227632516</LongitudeDegrees></Position></Trackpoint><Trackpoint><Time>2026-06-14T12:44:46.000Z</Time><Position><LatitudeDegrees>56.843721521765566</LatitudeDegrees><LongitudeDegrees>60.658356797740026</LongitudeDegrees></Position></Trackpoint><Trackpoint><Time>2026-06-14T12:44:47.000Z</Time><Position><LatitudeDegrees>56.8437334854159</LatitudeDegrees><LongitudeDegrees>60.658350995016114</LongitudeDegrees></Position></Trackpoint><Trackpoint><Time>2026-06-14T12:44:48.000Z</Time><Position><LatitudeDegrees>56.84374444895288</LatitudeDegrees><LongitudeDegrees>60.658345293908006</LongitudeDegrees></Position></Trackpoint><Trackpoint><Time>2026-06-14T12:44:49.000Z</Time><Position><LatitudeDegrees>56.84375506228832</LatitudeDegrees><LongitudeDegrees>60.65833987676665</LongitudeDegrees></Position></Trackpoint><Trackpoint><Time>2026-06-14T12:44:50.000Z</Time><Position><LatitudeDegrees>56.843765638025396</LatitudeDegrees><LongitudeDegrees>60.658334782243536</LongitudeDegrees></Position></Trackpoint><Trackpoint><Time>2026-06-14T12:44:51.000Z</Time><Position><LatitudeDegrees>56.84377630973023</LatitudeDegrees><LongitudeDegrees>60.65832998484909</LongitudeDegrees></Position></Trackpoint><Trackpoint><Time>2026-06-14T12:44:52.000Z</Time><Position><LatitudeDegrees>56.84378760970311</LatitudeDegrees><LongitudeDegrees>60.65832592556045</LongitudeDegrees></Position></Trackpoint><Trackpoint><Time>2026-06-14T12:44:53.000Z</Time><Position><LatitudeDegrees>56.84379967652578</LatitudeDegrees><LongitudeDegrees>60.658322691251946</LongitudeDegrees></Position></Trackpoint><Trackpoint><Time>2026-06-14T12:44:54.000Z</Time><Position><LatitudeDegrees>56.843812468846814</LatitudeDegrees><LongitudeDegrees>60.658320211816374</LongitudeDegrees></Position></Trackpoint><Trackpoint><Time>2026-06-14T12:44:55.000Z</Time><Position><LatitudeDegrees>56.843825876519716</LatitudeDegrees><LongitudeDegrees>60.65831738227321</LongitudeDegrees></Position></Trackpoint><Trackpoint><Time>2026-06-14T12:44:56.000Z</Time><Position><LatitudeDegrees>56.84383879598175</LatitudeDegrees><LongitudeDegrees>60.65831379249041</LongitudeDegrees></Position></Trackpoint><Trackpoint><Time>2026-06-14T12:44:57.000Z</Time><Position><LatitudeDegrees>56.84385132502074</LatitudeDegrees><LongitudeDegrees>60.65830986074815</LongitudeDegrees></Position></Trackpoint><Trackpoint><Time>2026-06-14T12:44:58.000Z</Time><Position><LatitudeDegrees>56.84386355401916</LatitudeDegrees><LongitudeDegrees>60.65830629280874</LongitudeDegrees></Position></Trackpoint><Trackpoint><Time>2026-06-14T12:44:59.000Z</Time><Position><LatitudeDegrees>56.84387555870929</LatitudeDegrees><LongitudeDegrees>60.65830284302448</LongitudeDegrees></Position></Trackpoint><Trackpoint><Time>2026-06-14T12:45:00.000Z</Time><Position><LatitudeDegrees>56.84388739906985</LatitudeDegrees><LongitudeDegrees>60.6582989054538</LongitudeDegrees></Position></Trackpoint><Trackpoint><Time>2026-06-14T12:45:01.000Z</Time><Position><LatitudeDegrees>56.84389961050413</LatitudeDegrees><LongitudeDegrees>60.65829380354578</LongitudeDegrees></Position></Trackpoint><Trackpoint><Time>2026-06-14T12:45:02.000Z</Time><Position><LatitudeDegrees>56.8439118762717</LatitudeDegrees><LongitudeDegrees>60.65828838733638</LongitudeDegrees></Position></Trackpoint><Trackpoint><Time>2026-06-14T12:45:03.000Z</Time><Position><LatitudeDegrees>56.843923569344064</LatitudeDegrees><LongitudeDegrees>60.65828304723884</LongitudeDegrees></Position></Trackpoint><Trackpoint><Time>2026-06-14T12:45:04.000Z</Time><Position><LatitudeDegrees>56.84393499460517</LatitudeDegrees><LongitudeDegrees>60.6582774446589</LongitudeDegrees></Position></Trackpoint><Trackpoint><Time>2026-06-14T12:45:05.000Z</Time><Position><LatitudeDegrees>56.843946311989555</LatitudeDegrees><LongitudeDegrees>60.65827196345199</LongitudeDegrees></Position></Trackpoint><Trackpoint><Time>2026-06-14T12:45:06.000Z</Time><Position><LatitudeDegrees>56.84395760120942</LatitudeDegrees><LongitudeDegrees>60.65826625651391</LongitudeDegrees></Position></Trackpoint><Trackpoint><Time>2026-06-14T12:45:07.000Z</Time><Position><LatitudeDegrees>56.84396889870777</LatitudeDegrees><LongitudeDegrees>60.65826020986784</LongitudeDegrees></Position></Trackpoint><Trackpoint><Time>2026-06-14T12:45:08.000Z</Time><Position><LatitudeDegrees>56.84398021843053</LatitudeDegrees><LongitudeDegrees>60.65825382017531</LongitudeDegrees></Position></Trackpoint><Trackpoint><Time>2026-06-14T12:45:09.000Z</Time><Position><LatitudeDegrees>56.843991073657996</LatitudeDegrees><LongitudeDegrees>60.65824713009094</LongitudeDegrees></Position></Trackpoint><Trackpoint><Time>2026-06-14T12:45:10.000Z</Time><Position><LatitudeDegrees>56.84400181317066</LatitudeDegrees><LongitudeDegrees>60.658240685346776</LongitudeDegrees></Position></Trackpoint><Trackpoint><Time>2026-06-14T12:45:11.000Z</Time><Position><LatitudeDegrees>56.844012595459766</LatitudeDegrees><LongitudeDegrees>60.65823369998319</LongitudeDegrees></Position></Trackpoint><Trackpoint><Time>2026-06-14T12:45:12.000Z</Time><Position><LatitudeDegrees>56.8440229906964</LatitudeDegrees><LongitudeDegrees>60.65822689892472</LongitudeDegrees></Position></Trackpoint><Trackpoint><Time>2026-06-14T12:45:13.000Z</Time><Position><LatitudeDegrees>56.84403336115089</LatitudeDegrees><LongitudeDegrees>60.6582210466748</LongitudeDegrees></Position></Trackpoint><Trackpoint><Time>2026-06-14T12:45:14.000Z</Time><Position><LatitudeDegrees>56.844044348809604</LatitudeDegrees><LongitudeDegrees>60.6582163363033</LongitudeDegrees></Position></Trackpoint><Trackpoint><Time>2026-06-14T12:45:15.000Z</Time><Position><LatitudeDegrees>56.8440556492361</LatitudeDegrees><LongitudeDegrees>60.65821270076446</LongitudeDegrees></Position></Trackpoint><Trackpoint><Time>2026-06-14T12:45:16.000Z</Time><Position><LatitudeDegrees>56.84406709691002</LatitudeDegrees><LongitudeDegrees>60.65820997449346</LongitudeDegrees></Position></Trackpoint><Trackpoint><Time>2026-06-14T12:45:17.000Z</Time><Position><LatitudeDegrees>56.84407860476558</LatitudeDegrees><LongitudeDegrees>60.658207972602035</LongitudeDegrees></Position></Trackpoint><Trackpoint><Time>2026-06-14T12:45:18.000Z</Time><Position><LatitudeDegrees>56.84409012922196</LatitudeDegrees><LongitudeDegrees>60.65820603636339</LongitudeDegrees></Position></Trackpoint><Trackpoint><Time>2026-06-14T12:45:19.000Z</Time><Position><LatitudeDegrees>56.84410116058982</LatitudeDegrees><LongitudeDegrees>60.6582033964548</LongitudeDegrees></Position></Trackpoint><Trackpoint><Time>2026-06-14T12:45:20.000Z</Time><Position><LatitudeDegrees>56.84411204185989</LatitudeDegrees><LongitudeDegrees>60.658200315969125</LongitudeDegrees></Position></Trackpoint><Trackpoint><Time>2026-06-14T12:45:21.000Z</Time><Position><LatitudeDegrees>56.844122933551986</LatitudeDegrees><LongitudeDegrees>60.658196959804165</LongitudeDegrees></Position></Trackpoint><Trackpoint><Time>2026-06-14T12:45:22.000Z</Time><Position><LatitudeDegrees>56.84413390043589</LatitudeDegrees><LongitudeDegrees>60.65819343125335</LongitudeDegrees></Position></Trackpoint><Trackpoint><Time>2026-06-14T12:45:23.000Z</Time><Position><LatitudeDegrees>56.84414544914582</LatitudeDegrees><LongitudeDegrees>60.65818979498184</LongitudeDegrees></Position></Trackpoint><Trackpoint><Time>2026-06-14T12:45:24.000Z</Time><Position><LatitudeDegrees>56.84415771365415</LatitudeDegrees><LongitudeDegrees>60.658185601836045</LongitudeDegrees></Position></Trackpoint><Trackpoint><Time>2026-06-14T12:45:25.000Z</Time><Position><LatitudeDegrees>56.844170167652905</LatitudeDegrees><LongitudeDegrees>60.65818122792415</LongitudeDegrees></Position></Trackpoint><Trackpoint><Time>2026-06-14T12:45:26.000Z</Time><Position><LatitudeDegrees>56.84418257007011</LatitudeDegrees><LongitudeDegrees>60.65817636173049</LongitudeDegrees></Position></Trackpoint><Trackpoint><Time>2026-06-14T12:45:27.000Z</Time><Position><LatitudeDegrees>56.844194828244696</LatitudeDegrees><LongitudeDegrees>60.65817240697798</LongitudeDegrees></Position></Trackpoint><Trackpoint><Time>2026-06-14T12:45:28.000Z</Time><Position><LatitudeDegrees>56.84420741213969</LatitudeDegrees><LongitudeDegrees>60.65816933517383</LongitudeDegrees></Position></Trackpoint><Trackpoint><Time>2026-06-14T12:45:29.000Z</Time><Position><LatitudeDegrees>56.84421998388519</LatitudeDegrees><LongitudeDegrees>60.658166042037436</LongitudeDegrees></Position></Trackpoint><Trackpoint><Time>2026-06-14T12:45:30.000Z</Time><Position><LatitudeDegrees>56.84423191628387</LatitudeDegrees><LongitudeDegrees>60.65816210119687</LongitudeDegrees></Position></Trackpoint><Trackpoint><Time>2026-06-14T12:45:31.000Z</Time><Position><LatitudeDegrees>56.844244012315365</LatitudeDegrees><LongitudeDegrees>60.65815790980043</LongitudeDegrees></Position></Trackpoint><Trackpoint><Time>2026-06-14T12:45:32.000Z</Time><Position><LatitudeDegrees>56.844256581671466</LatitudeDegrees><LongitudeDegrees>60.6581536635655</LongitudeDegrees></Position></Trackpoint><Trackpoint><Time>2026-06-14T12:45:33.000Z</Time><Position><LatitudeDegrees>56.84426920153245</LatitudeDegrees><LongitudeDegrees>60.65814896052283</LongitudeDegrees></Position></Trackpoint><Trackpoint><Time>2026-06-14T12:45:34.000Z</Time><Position><LatitudeDegrees>56.844281201674214</LatitudeDegrees><LongitudeDegrees>60.658144183369295</LongitudeDegrees></Position></Trackpoint><Trackpoint><Time>2026-06-14T12:45:35.000Z</Time><Position><LatitudeDegrees>56.84429287522676</LatitudeDegrees><LongitudeDegrees>60.658139499224234</LongitudeDegrees></Position></Trackpoint><Trackpoint><Time>2026-06-14T12:45:36.000Z</Time><Position><LatitudeDegrees>56.84430438482805</LatitudeDegrees><LongitudeDegrees>60.658134964975474</LongitudeDegrees></Position></Trackpoint><Trackpoint><Time>2026-06-14T12:45:37.000Z</Time><Position><LatitudeDegrees>56.84431630811131</LatitudeDegrees><LongitudeDegrees>60.658130584812355</LongitudeDegrees></Position></Trackpoint><Trackpoint><Time>2026-06-14T12:45:38.000Z</Time><Position><LatitudeDegrees>56.8443283402591</LatitudeDegrees><LongitudeDegrees>60.65812634068352</LongitudeDegrees></Position></Trackpoint><Trackpoint><Time>2026-06-14T12:45:39.000Z</Time><Position><LatitudeDegrees>56.84434034176485</LatitudeDegrees><LongitudeDegrees>60.658122697305664</LongitudeDegrees></Position></Trackpoint><Trackpoint><Time>2026-06-14T12:45:40.000Z</Time><Position><LatitudeDegrees>56.844352259107936</LatitudeDegrees><LongitudeDegrees>60.65811976895912</LongitudeDegrees></Position></Trackpoint><Trackpoint><Time>2026-06-14T12:45:41.000Z</Time><Position><LatitudeDegrees>56.84436408104895</LatitudeDegrees><LongitudeDegrees>60.65811702132454</LongitudeDegrees></Position></Trackpoint><Trackpoint><Time>2026-06-14T12:45:42.000Z</Time><Position><LatitudeDegrees>56.84437532559321</LatitudeDegrees><LongitudeDegrees>60.65811470076792</LongitudeDegrees></Position></Trackpoint><Trackpoint><Time>2026-06-14T12:45:43.000Z</Time><Position><LatitudeDegrees>56.844386357957866</LatitudeDegrees><LongitudeDegrees>60.65811236432555</LongitudeDegrees></Position></Trackpoint><Trackpoint><Time>2026-06-14T12:45:44.000Z</Time><Position><LatitudeDegrees>56.84439833500567</LatitudeDegrees><LongitudeDegrees>60.658108362777256</LongitudeDegrees></Position></Trackpoint><Trackpoint><Time>2026-06-14T12:45:45.000Z</Time><Position><LatitudeDegrees>56.844410632701404</LatitudeDegrees><LongitudeDegrees>60.65810272024363</LongitudeDegrees></Position></Trackpoint><Trackpoint><Time>2026-06-14T12:45:46.000Z</Time><Position><LatitudeDegrees>56.84442295289187</LatitudeDegrees><LongitudeDegrees>60.65809614688694</LongitudeDegrees></Position></Trackpoint><Trackpoint><Time>2026-06-14T12:45:48.000Z</Time><Position><LatitudeDegrees>56.84443516990048</LatitudeDegrees><LongitudeDegrees>60.65809003386664</LongitudeDegrees></Position></Trackpoint><Trackpoint><Time>2026-06-14T12:45:49.000Z</Time><Position><LatitudeDegrees>56.84444675560204</LatitudeDegrees><LongitudeDegrees>60.65808489502513</LongitudeDegrees></Position></Trackpoint><Trackpoint><Time>2026-06-14T12:45:50.000Z</Time><Position><LatitudeDegrees>56.84445806313491</LatitudeDegrees><LongitudeDegrees>60.65808130655607</LongitudeDegrees></Position></Trackpoint><Trackpoint><Time>2026-06-14T12:45:51.000Z</Time><Position><LatitudeDegrees>56.84446927363576</LatitudeDegrees><LongitudeDegrees>60.6580797963779</LongitudeDegrees></Position></Trackpoint><Trackpoint><Time>2026-06-14T12:45:52.000Z</Time><Position><LatitudeDegrees>56.84448047415664</LatitudeDegrees><LongitudeDegrees>60.65807982554892</LongitudeDegrees></Position></Trackpoint><Trackpoint><Time>2026-06-14T12:45:53.000Z</Time><Position><LatitudeDegrees>56.84449219144001</LatitudeDegrees><LongitudeDegrees>60.65808097454183</LongitudeDegrees></Position></Trackpoint><Trackpoint><Time>2026-06-14T12:45:54.000Z</Time><Position><LatitudeDegrees>56.84450506570092</LatitudeDegrees><LongitudeDegrees>60.65808341646448</LongitudeDegrees></Position></Trackpoint><Trackpoint><Time>2026-06-14T12:45:55.000Z</Time><Position><LatitudeDegrees>56.84451921210496</LatitudeDegrees><LongitudeDegrees>60.65808656705225</LongitudeDegrees></Position></Trackpoint><Trackpoint><Time>2026-06-14T12:45:56.000Z</Time><Position><LatitudeDegrees>56.844533535582286</LatitudeDegrees><LongitudeDegrees>60.65809107395064</LongitudeDegrees></Position></Trackpoint><Trackpoint><Time>2026-06-14T12:45:57.000Z</Time><Position><LatitudeDegrees>56.84454707280889</LatitudeDegrees><LongitudeDegrees>60.65809605058</LongitudeDegrees></Position></Trackpoint><Trackpoint><Time>2026-06-14T12:45:58.000Z</Time><Position><LatitudeDegrees>56.844559527969935</LatitudeDegrees><LongitudeDegrees>60.6581005819174</LongitudeDegrees></Position></Trackpoint><Trackpoint><Time>2026-06-14T12:45:59.000Z</Time><Position><LatitudeDegrees>56.84457042850985</LatitudeDegrees><LongitudeDegrees>60.65810581711028</LongitudeDegrees></Position></Trackpoint><Trackpoint><Time>2026-06-14T12:46:00.000Z</Time><Position><LatitudeDegrees>56.84457928973715</LatitudeDegrees><LongitudeDegrees>60.65811164946648</LongitudeDegrees></Position></Trackpoint><Trackpoint><Time>2026-06-14T12:46:02.000Z</Time><Position><LatitudeDegrees>56.844585684171776</LatitudeDegrees><LongitudeDegrees>60.65811697918035</LongitudeDegrees></Position></Trackpoint><Trackpoint><Time>2026-06-14T12:46:03.000Z</Time><Position><LatitudeDegrees>56.84459105564161</LatitudeDegrees><LongitudeDegrees>60.658124608621414</LongitudeDegrees></Position></Trackpoint><Trackpoint><Time>2026-06-14T12:46:04.000Z</Time><Position><LatitudeDegrees>56.84459417869364</LatitudeDegrees><LongitudeDegrees>60.6581263139647</LongitudeDegrees></Position></Trackpoint><Trackpoint><Time>2026-06-14T12:46:05.000Z</Time><Position><LatitudeDegrees>56.844597278202556</LatitudeDegrees><LongitudeDegrees>60.65812806187089</LongitudeDegrees></Position></Trackpoint><Trackpoint><Time>2026-06-14T12:46:06.000Z</Time><Position><LatitudeDegrees>56.84460259595561</LatitudeDegrees><LongitudeDegrees>60.65813172085418</LongitudeDegrees></Position></Trackpoint><Trackpoint><Time>2026-06-14T12:46:07.000Z</Time><Position><LatitudeDegrees>56.84460485165798</LatitudeDegrees><LongitudeDegrees>60.658131951089615</LongitudeDegrees></Position></Trackpoint><Trackpoint><Time>2026-06-14T12:46:08.000Z</Time><Position><LatitudeDegrees>56.844608182547034</LatitudeDegrees><LongitudeDegrees>60.65813040953827</LongitudeDegrees></Position></Trackpoint><Trackpoint><Time>2026-06-14T12:46:09.000Z</Time><Position><LatitudeDegrees>56.84461299755112</LatitudeDegrees><LongitudeDegrees>60.65812686732998</LongitudeDegrees></Position></Trackpoint><Trackpoint><Time>2026-06-14T12:46:10.000Z</Time><Position><LatitudeDegrees>56.84461878498601</LatitudeDegrees><LongitudeDegrees>60.65812148698965</LongitudeDegrees></Position></Trackpoint><Trackpoint><Time>2026-06-14T12:46:11.000Z</Time><Position><LatitudeDegrees>56.84462520931307</LatitudeDegrees><LongitudeDegrees>60.65811457137193</LongitudeDegrees></Position></Trackpoint><Trackpoint><Time>2026-06-14T12:46:12.000Z</Time><Position><LatitudeDegrees>56.84463254021277</LatitudeDegrees><LongitudeDegrees>60.658106442253</LongitudeDegrees></Position></Trackpoint><Trackpoint><Time>2026-06-14T12:46:13.000Z</Time><Position><LatitudeDegrees>56.844640282780674</LatitudeDegrees><LongitudeDegrees>60.658097387902046</LongitudeDegrees></Position></Trackpoint><Trackpoint><Time>2026-06-14T12:46:14.000Z</Time><Position><LatitudeDegrees>56.84464866997226</LatitudeDegrees><LongitudeDegrees>60.658088135400696</LongitudeDegrees></Position></Trackpoint><Trackpoint><Time>2026-06-14T12:46:15.000Z</Time><Position><LatitudeDegrees>56.844657714989886</LatitudeDegrees><LongitudeDegrees>60.6580790096177</LongitudeDegrees></Position></Trackpoint><Trackpoint><Time>2026-06-14T12:46:16.000Z</Time><Position><LatitudeDegrees>56.84466733883975</LatitudeDegrees><LongitudeDegrees>60.65807061769137</LongitudeDegrees></Position></Trackpoint><Trackpoint><Time>2026-06-14T12:46:17.000Z</Time><Position><LatitudeDegrees>56.84467743469733</LatitudeDegrees><LongitudeDegrees>60.65806262586149</LongitudeDegrees></Position></Trackpoint><Trackpoint><Time>2026-06-14T12:46:18.000Z</Time><Position><LatitudeDegrees>56.84468789798725</LatitudeDegrees><LongitudeDegrees>60.658057293375784</LongitudeDegrees></Position></Trackpoint><Trackpoint><Time>2026-06-14T12:46:19.000Z</Time><Position><LatitudeDegrees>56.84469863848249</LatitudeDegrees><LongitudeDegrees>60.65805374051317</LongitudeDegrees></Position></Trackpoint><Trackpoint><Time>2026-06-14T12:46:20.000Z</Time><Position><LatitudeDegrees>56.844709583445685</LatitudeDegrees><LongitudeDegrees>60.658050886952594</LongitudeDegrees></Position></Trackpoint><Trackpoint><Time>2026-06-14T12:46:21.000Z</Time><Position><LatitudeDegrees>56.844720676677994</LatitudeDegrees><LongitudeDegrees>60.65804917724873</LongitudeDegrees></Position></Trackpoint><Trackpoint><Time>2026-06-14T12:46:22.000Z</Time><Position><LatitudeDegrees>56.84473187600476</LatitudeDegrees><LongitudeDegrees>60.65804864767172</LongitudeDegrees></Position></Trackpoint><Trackpoint><Time>2026-06-14T12:46:23.000Z</Time><Position><LatitudeDegrees>56.844743150439974</LatitudeDegrees><LongitudeDegrees>60.658050140912565</LongitudeDegrees></Position></Trackpoint><Trackpoint><Time>2026-06-14T12:46:24.000Z</Time><Position><LatitudeDegrees>56.844754477582526</LatitudeDegrees><LongitudeDegrees>60.65805276517268</LongitudeDegrees></Position></Trackpoint><Trackpoint><Time>2026-06-14T12:46:25.000Z</Time><Position><LatitudeDegrees>56.844765351831356</LatitudeDegrees><LongitudeDegrees>60.658056497625665</LongitudeDegrees></Position></Trackpoint><Trackpoint><Time>2026-06-14T12:46:26.000Z</Time><Position><LatitudeDegrees>56.84477660231255</LatitudeDegrees><LongitudeDegrees>60.65806069702536</LongitudeDegrees></Position></Trackpoint><Trackpoint><Time>2026-06-14T12:46:27.000Z</Time><Position><LatitudeDegrees>56.84478852219902</LatitudeDegrees><LongitudeDegrees>60.65806406013208</LongitudeDegrees></Position></Trackpoint><Trackpoint><Time>2026-06-14T12:46:28.000Z</Time><Position><LatitudeDegrees>56.84480065670138</LatitudeDegrees><LongitudeDegrees>60.65806615756517</LongitudeDegrees></Position></Trackpoint><Trackpoint><Time>2026-06-14T12:46:29.000Z</Time><Position><LatitudeDegrees>56.84481328058719</LatitudeDegrees><LongitudeDegrees>60.658066974938684</LongitudeDegrees></Position></Trackpoint><Trackpoint><Time>2026-06-14T12:46:30.000Z</Time><Position><LatitudeDegrees>56.84482595459265</LatitudeDegrees><LongitudeDegrees>60.65806716023233</LongitudeDegrees></Position></Trackpoint><Trackpoint><Time>2026-06-14T12:46:31.000Z</Time><Position><LatitudeDegrees>56.844838491381495</LatitudeDegrees><LongitudeDegrees>60.658067061432234</LongitudeDegrees></Position></Trackpoint><Trackpoint><Time>2026-06-14T12:46:32.000Z</Time><Position><LatitudeDegrees>56.84485034180333</LatitudeDegrees><LongitudeDegrees>60.65806685831372</LongitudeDegrees></Position></Trackpoint><Trackpoint><Time>2026-06-14T12:46:33.000Z</Time><Position><LatitudeDegrees>56.844861857404496</LatitudeDegrees><LongitudeDegrees>60.658065659082105</LongitudeDegrees></Position></Trackpoint><Trackpoint><Time>2026-06-14T12:46:34.000Z</Time><Position><LatitudeDegrees>56.84487371554785</LatitudeDegrees><LongitudeDegrees>60.65806420353747</LongitudeDegrees></Position></Trackpoint><Trackpoint><Time>2026-06-14T12:46:35.000Z</Time><Position><LatitudeDegrees>56.844885661618605</LatitudeDegrees><LongitudeDegrees>60.658062339640914</LongitudeDegrees></Position></Trackpoint><Trackpoint><Time>2026-06-14T12:46:36.000Z</Time><Position><LatitudeDegrees>56.84489757947256</LatitudeDegrees><LongitudeDegrees>60.65805956757848</LongitudeDegrees></Position></Trackpoint><Trackpoint><Time>2026-06-14T12:46:37.000Z</Time><Position><LatitudeDegrees>56.844909424899235</LatitudeDegrees><LongitudeDegrees>60.658056287682456</LongitudeDegrees></Position></Trackpoint><Trackpoint><Time>2026-06-14T12:46:38.000Z</Time><Position><LatitudeDegrees>56.84492167859784</LatitudeDegrees><LongitudeDegrees>60.65805077156021</LongitudeDegrees></Position></Trackpoint><Trackpoint><Time>2026-06-14T12:46:39.000Z</Time><Position><LatitudeDegrees>56.84493350691402</LatitudeDegrees><LongitudeDegrees>60.658043573639524</LongitudeDegrees></Position></Trackpoint><Trackpoint><Time>2026-06-14T12:46:40.000Z</Time><Position><LatitudeDegrees>56.84494560033952</LatitudeDegrees><LongitudeDegrees>60.658035627719144</LongitudeDegrees></Position></Trackpoint><Trackpoint><Time>2026-06-14T12:46:41.000Z</Time><Position><LatitudeDegrees>56.84495771960489</LatitudeDegrees><LongitudeDegrees>60.65802741437316</LongitudeDegrees></Position></Trackpoint><Trackpoint><Time>2026-06-14T12:46:42.000Z</Time><Position><LatitudeDegrees>56.844969762854475</LatitudeDegrees><LongitudeDegrees>60.65801818662044</LongitudeDegrees></Position></Trackpoint><Trackpoint><Time>2026-06-14T12:46:43.000Z</Time><Position><LatitudeDegrees>56.844981208286605</LatitudeDegrees><LongitudeDegrees>60.65800874624805</LongitudeDegrees></Position></Trackpoint><Trackpoint><Time>2026-06-14T12:46:44.000Z</Time><Position><LatitudeDegrees>56.84499240734554</LatitudeDegrees><LongitudeDegrees>60.65799945074806</LongitudeDegrees></Position></Trackpoint><Trackpoint><Time>2026-06-14T12:46:45.000Z</Time><Position><LatitudeDegrees>56.845003046778764</LatitudeDegrees><LongitudeDegrees>60.6579914079747</LongitudeDegrees></Position></Trackpoint><Trackpoint><Time>2026-06-14T12:46:46.000Z</Time><Position><LatitudeDegrees>56.84501355901616</LatitudeDegrees><LongitudeDegrees>60.65798393417249</LongitudeDegrees></Position></Trackpoint><Trackpoint><Time>2026-06-14T12:46:47.000Z</Time><Position><LatitudeDegrees>56.845023648861556</LatitudeDegrees><LongitudeDegrees>60.65797716433216</LongitudeDegrees></Position></Trackpoint><Trackpoint><Time>2026-06-14T12:46:48.000Z</Time><Position><LatitudeDegrees>56.84503373856732</LatitudeDegrees><LongitudeDegrees>60.65797155330556</LongitudeDegrees></Position></Trackpoint><Trackpoint><Time>2026-06-14T12:46:49.000Z</Time><Position><LatitudeDegrees>56.84504449165959</LatitudeDegrees><LongitudeDegrees>60.65796762929448</LongitudeDegrees></Position></Trackpoint><Trackpoint><Time>2026-06-14T12:46:50.000Z</Time><Position><LatitudeDegrees>56.845055117034676</LatitudeDegrees><LongitudeDegrees>60.65796490369354</LongitudeDegrees></Position></Trackpoint><Trackpoint><Time>2026-06-14T12:46:51.000Z</Time><Position><LatitudeDegrees>56.84506530528199</LatitudeDegrees><LongitudeDegrees>60.65796253185398</LongitudeDegrees></Position></Trackpoint><Trackpoint><Time>2026-06-14T12:46:52.000Z</Time><Position><LatitudeDegrees>56.84507547469126</LatitudeDegrees><LongitudeDegrees>60.65796061012718</LongitudeDegrees></Position></Trackpoint><Trackpoint><Time>2026-06-14T12:46:53.000Z</Time><Position><LatitudeDegrees>56.845085799945956</LatitudeDegrees><LongitudeDegrees>60.65795863081193</LongitudeDegrees></Position></Trackpoint><Trackpoint><Time>2026-06-14T12:46:54.000Z</Time><Position><LatitudeDegrees>56.84509633298405</LatitudeDegrees><LongitudeDegrees>60.65795688182196</LongitudeDegrees></Position></Trackpoint><Trackpoint><Time>2026-06-14T12:46:55.000Z</Time><Position><LatitudeDegrees>56.84510755813726</LatitudeDegrees><LongitudeDegrees>60.657954962557206</LongitudeDegrees></Position></Trackpoint><Trackpoint><Time>2026-06-14T12:46:56.000Z</Time><Position><LatitudeDegrees>56.845119586037605</LatitudeDegrees><LongitudeDegrees>60.657952729891726</LongitudeDegrees></Position></Trackpoint><Trackpoint><Time>2026-06-14T12:46:57.000Z</Time><Position><LatitudeDegrees>56.84513186960505</LatitudeDegrees><LongitudeDegrees>60.657950165105994</LongitudeDegrees></Position></Trackpoint><Trackpoint><Time>2026-06-14T12:46:58.000Z</Time><Position><LatitudeDegrees>56.84514366110868</LatitudeDegrees><LongitudeDegrees>60.657947303117815</LongitudeDegrees></Position></Trackpoint><Trackpoint><Time>2026-06-14T12:46:59.000Z</Time><Position><LatitudeDegrees>56.84515520537425</LatitudeDegrees><LongitudeDegrees>60.65794370684237</LongitudeDegrees></Position></Trackpoint><Trackpoint><Time>2026-06-14T12:47:00.000Z</Time><Position><LatitudeDegrees>56.84516614535116</LatitudeDegrees><LongitudeDegrees>60.65793978012883</LongitudeDegrees></Position></Trackpoint><Trackpoint><Time>2026-06-14T12:47:01.000Z</Time><Position><LatitudeDegrees>56.84517690116424</LatitudeDegrees><LongitudeDegrees>60.65793573170698</LongitudeDegrees></Position></Trackpoint><Trackpoint><Time>2026-06-14T12:47:02.000Z</Time><Position><LatitudeDegrees>56.84518766947203</LatitudeDegrees><LongitudeDegrees>60.65793068393855</LongitudeDegrees></Position></Trackpoint><Trackpoint><Time>2026-06-14T12:47:03.000Z</Time><Position><LatitudeDegrees>56.845198529661424</LatitudeDegrees><LongitudeDegrees>60.65792489325808</LongitudeDegrees></Position></Trackpoint><Trackpoint><Time>2026-06-14T12:47:04.000Z</Time><Position><LatitudeDegrees>56.845209013023094</LatitudeDegrees><LongitudeDegrees>60.657919050236096</LongitudeDegrees></Position></Trackpoint><Trackpoint><Time>2026-06-14T12:47:05.000Z</Time><Position><LatitudeDegrees>56.845219464502804</LatitudeDegrees><LongitudeDegrees>60.657914914822406</LongitudeDegrees></Position></Trackpoint><Trackpoint><Time>2026-06-14T12:47:06.000Z</Time><Position><LatitudeDegrees>56.84523003025271</LatitudeDegrees><LongitudeDegrees>60.65791348226469</LongitudeDegrees></Position></Trackpoint><Trackpoint><Time>2026-06-14T12:47:07.000Z</Time><Position><LatitudeDegrees>56.845241245407365</LatitudeDegrees><LongitudeDegrees>60.657914325921055</LongitudeDegrees></Position></Trackpoint><Trackpoint><Time>2026-06-14T12:47:08.000Z</Time><Position><LatitudeDegrees>56.845253247002915</LatitudeDegrees><LongitudeDegrees>60.65791550910564</LongitudeDegrees></Position></Trackpoint><Trackpoint><Time>2026-06-14T12:47:09.000Z</Time><Position><LatitudeDegrees>56.84526550092628</LatitudeDegrees><LongitudeDegrees>60.657916190648706</LongitudeDegrees></Position></Trackpoint><Trackpoint><Time>2026-06-14T12:47:10.000Z</Time><Position><LatitudeDegrees>56.84527824443662</LatitudeDegrees><LongitudeDegrees>60.657915598902804</LongitudeDegrees></Position></Trackpoint><Trackpoint><Time>2026-06-14T12:47:11.000Z</Time><Position><LatitudeDegrees>56.84529053318618</LatitudeDegrees><LongitudeDegrees>60.657912110670644</LongitudeDegrees></Position></Trackpoint><Trackpoint><Time>2026-06-14T12:47:12.000Z</Time><Position><LatitudeDegrees>56.845303015850156</LatitudeDegrees><LongitudeDegrees>60.65790591883569</LongitudeDegrees></Position></Trackpoint><Trackpoint><Time>2026-06-14T12:47:13.000Z</Time><Position><LatitudeDegrees>56.84531544507539</LatitudeDegrees><LongitudeDegrees>60.657897939447736</LongitudeDegrees></Position></Trackpoint><Trackpoint><Time>2026-06-14T12:47:14.000Z</Time><Position><LatitudeDegrees>56.84532772585239</LatitudeDegrees><LongitudeDegrees>60.657889268806976</LongitudeDegrees></Position></Trackpoint><Trackpoint><Time>2026-06-14T12:47:15.000Z</Time><Position><LatitudeDegrees>56.84534032771679</LatitudeDegrees><LongitudeDegrees>60.65788044712763</LongitudeDegrees></Position></Trackpoint><Trackpoint><Time>2026-06-14T12:47:16.000Z</Time><Position><LatitudeDegrees>56.845353402827946</LatitudeDegrees><LongitudeDegrees>60.65787220588413</LongitudeDegrees></Position></Trackpoint><Trackpoint><Time>2026-06-14T12:47:17.000Z</Time><Position><LatitudeDegrees>56.84536646349903</LatitudeDegrees><LongitudeDegrees>60.65786379260274</LongitudeDegrees></Position></Trackpoint><Trackpoint><Time>2026-06-14T12:47:18.000Z</Time><Position><LatitudeDegrees>56.8453788211271</LatitudeDegrees><LongitudeDegrees>60.6578554090811</LongitudeDegrees></Position></Trackpoint><Trackpoint><Time>2026-06-14T12:47:19.000Z</Time><Position><LatitudeDegrees>56.84539126157822</LatitudeDegrees><LongitudeDegrees>60.65784664499597</LongitudeDegrees></Position></Trackpoint><Trackpoint><Time>2026-06-14T12:47:20.000Z</Time><Position><LatitudeDegrees>56.84540409786805</LatitudeDegrees><LongitudeDegrees>60.657837869817925</LongitudeDegrees></Position></Trackpoint><Trackpoint><Time>2026-06-14T12:47:21.000Z</Time><Position><LatitudeDegrees>56.84541691849095</LatitudeDegrees><LongitudeDegrees>60.65783021635227</LongitudeDegrees></Position></Trackpoint><Trackpoint><Time>2026-06-14T12:47:22.000Z</Time><Position><LatitudeDegrees>56.845429555986</LatitudeDegrees><LongitudeDegrees>60.65782302793466</LongitudeDegrees></Position></Trackpoint><Trackpoint><Time>2026-06-14T12:47:23.000Z</Time><Position><LatitudeDegrees>56.84544196489139</LatitudeDegrees><LongitudeDegrees>60.65781646405126</LongitudeDegrees></Position></Trackpoint><Trackpoint><Time>2026-06-14T12:47:24.000Z</Time><Position><LatitudeDegrees>56.84545415582358</LatitudeDegrees><LongitudeDegrees>60.657810510225744</LongitudeDegrees></Position></Trackpoint><Trackpoint><Time>2026-06-14T12:47:25.000Z</Time><Position><LatitudeDegrees>56.8454661611313</LatitudeDegrees><LongitudeDegrees>60.65780459258566</LongitudeDegrees></Position></Trackpoint><Trackpoint><Time>2026-06-14T12:47:26.000Z</Time><Position><LatitudeDegrees>56.84547801796146</LatitudeDegrees><LongitudeDegrees>60.65779944936809</LongitudeDegrees></Position></Trackpoint><Trackpoint><Time>2026-06-14T12:47:27.000Z</Time><Position><LatitudeDegrees>56.84549025027989</LatitudeDegrees><LongitudeDegrees>60.65779528520773</LongitudeDegrees></Position></Trackpoint><Trackpoint><Time>2026-06-14T12:47:28.000Z</Time><Position><LatitudeDegrees>56.845503025679825</LatitudeDegrees><LongitudeDegrees>60.65779156910884</LongitudeDegrees></Position></Trackpoint><Trackpoint><Time>2026-06-14T12:47:29.000Z</Time><Position><LatitudeDegrees>56.845515853867454</LatitudeDegrees><LongitudeDegrees>60.65778900410288</LongitudeDegrees></Position></Trackpoint><Trackpoint><Time>2026-06-14T12:47:30.000Z</Time><Position><LatitudeDegrees>56.84552901575883</LatitudeDegrees><LongitudeDegrees>60.65778773198063</LongitudeDegrees></Position></Trackpoint><Trackpoint><Time>2026-06-14T12:47:31.000Z</Time><Position><LatitudeDegrees>56.84554209460356</LatitudeDegrees><LongitudeDegrees>60.65778666597536</LongitudeDegrees></Position></Trackpoint><Trackpoint><Time>2026-06-14T12:47:32.000Z</Time><Position><LatitudeDegrees>56.84555492942885</LatitudeDegrees><LongitudeDegrees>60.65778435284423</LongitudeDegrees></Position></Trackpoint><Trackpoint><Time>2026-06-14T12:47:33.000Z</Time><Position><LatitudeDegrees>56.845567485260254</LatitudeDegrees><LongitudeDegrees>60.65778035416011</LongitudeDegrees></Position></Trackpoint><Trackpoint><Time>2026-06-14T12:47:34.000Z</Time><Position><LatitudeDegrees>56.845579293891966</LatitudeDegrees><LongitudeDegrees>60.65777470570225</LongitudeDegrees></Position></Trackpoint><Trackpoint><Time>2026-06-14T12:47:35.000Z</Time><Position><LatitudeDegrees>56.845590258403156</LatitudeDegrees><LongitudeDegrees>60.657768123562334</LongitudeDegrees></Position></Trackpoint><Trackpoint><Time>2026-06-14T12:47:36.000Z</Time><Position><LatitudeDegrees>56.84560093683081</LatitudeDegrees><LongitudeDegrees>60.65776053287684</LongitudeDegrees></Position></Trackpoint><Trackpoint><Time>2026-06-14T12:47:37.000Z</Time><Position><LatitudeDegrees>56.84561208532218</LatitudeDegrees><LongitudeDegrees>60.65775301148103</LongitudeDegrees></Position></Trackpoint><Trackpoint><Time>2026-06-14T12:47:38.000Z</Time><Position><LatitudeDegrees>56.84562297573071</LatitudeDegrees><LongitudeDegrees>60.65774648398077</LongitudeDegrees></Position></Trackpoint><Trackpoint><Time>2026-06-14T12:47:39.000Z</Time><Position><LatitudeDegrees>56.84563334130591</LatitudeDegrees><LongitudeDegrees>60.6577402243734</LongitudeDegrees></Position></Trackpoint><Trackpoint><Time>2026-06-14T12:47:40.000Z</Time><Position><LatitudeDegrees>56.84564264994198</LatitudeDegrees><LongitudeDegrees>60.65773487850437</LongitudeDegrees></Position></Trackpoint><Trackpoint><Time>2026-06-14T12:47:41.000Z</Time><Position><LatitudeDegrees>56.84565130776716</LatitudeDegrees><LongitudeDegrees>60.657729126245606</LongitudeDegrees></Position></Trackpoint><Trackpoint><Time>2026-06-14T12:47:42.000Z</Time><Position><LatitudeDegrees>56.8456595655692</LatitudeDegrees><LongitudeDegrees>60.657723455305074</LongitudeDegrees></Position></Trackpoint><Trackpoint><Time>2026-06-14T12:47:43.000Z</Time><Position><LatitudeDegrees>56.845667088362596</LatitudeDegrees><LongitudeDegrees>60.6577175664895</LongitudeDegrees></Position></Trackpoint><Trackpoint><Time>2026-06-14T12:47:44.000Z</Time><Position><LatitudeDegrees>56.845674811747635</LatitudeDegrees><LongitudeDegrees>60.65771136454505</LongitudeDegrees></Position></Trackpoint><Trackpoint><Time>2026-06-14T12:47:45.000Z</Time><Position><LatitudeDegrees>56.845682605679464</LatitudeDegrees><LongitudeDegrees>60.65770534004324</LongitudeDegrees></Position></Trackpoint><Trackpoint><Time>2026-06-14T12:47:46.000Z</Time><Position><LatitudeDegrees>56.84569089715732</LatitudeDegrees><LongitudeDegrees>60.65769918263268</LongitudeDegrees></Position></Trackpoint><Trackpoint><Time>2026-06-14T12:47:47.000Z</Time><Position><LatitudeDegrees>56.845699798174444</LatitudeDegrees><LongitudeDegrees>60.65769278155896</LongitudeDegrees></Position></Trackpoint><Trackpoint><Time>2026-06-14T12:47:48.000Z</Time><Position><LatitudeDegrees>56.84570976623057</LatitudeDegrees><LongitudeDegrees>60.657688080925965</LongitudeDegrees></Position></Trackpoint><Trackpoint><Time>2026-06-14T12:47:49.000Z</Time><Position><LatitudeDegrees>56.845720852786506</LatitudeDegrees><LongitudeDegrees>60.65768419429969</LongitudeDegrees></Position></Trackpoint><Trackpoint><Time>2026-06-14T12:47:50.000Z</Time><Position><LatitudeDegrees>56.84573293547776</LatitudeDegrees><LongitudeDegrees>60.657679672919265</LongitudeDegrees></Position></Trackpoint><Trackpoint><Time>2026-06-14T12:47:51.000Z</Time><Position><LatitudeDegrees>56.84574583605811</LatitudeDegrees><LongitudeDegrees>60.65767400160639</LongitudeDegrees></Position></Trackpoint><Trackpoint><Time>2026-06-14T12:47:52.000Z</Time><Position><LatitudeDegrees>56.845758886534355</LatitudeDegrees><LongitudeDegrees>60.65766760539616</LongitudeDegrees></Position></Trackpoint><Trackpoint><Time>2026-06-14T12:47:53.000Z</Time><Position><LatitudeDegrees>56.84577228217634</LatitudeDegrees><LongitudeDegrees>60.65766222120356</LongitudeDegrees></Position></Trackpoint><Trackpoint><Time>2026-06-14T12:47:54.000Z</Time><Position><LatitudeDegrees>56.84578556949057</LatitudeDegrees><LongitudeDegrees>60.65765794484653</LongitudeDegrees></Position></Trackpoint><Trackpoint><Time>2026-06-14T12:47:55.000Z</Time><Position><LatitudeDegrees>56.84579857561702</LatitudeDegrees><LongitudeDegrees>60.65765369437584</LongitudeDegrees></Position></Trackpoint><Trackpoint><Time>2026-06-14T12:47:56.000Z</Time><Position><LatitudeDegrees>56.84581077584555</LatitudeDegrees><LongitudeDegrees>60.65765048971811</LongitudeDegrees></Position></Trackpoint><Trackpoint><Time>2026-06-14T12:47:57.000Z</Time><Position><LatitudeDegrees>56.845822547129444</LatitudeDegrees><LongitudeDegrees>60.65764763746338</LongitudeDegrees></Position></Trackpoint><Trackpoint><Time>2026-06-14T12:47:58.000Z</Time><Position><LatitudeDegrees>56.84583409976502</LatitudeDegrees><LongitudeDegrees>60.65764431720129</LongitudeDegrees></Position></Trackpoint><Trackpoint><Time>2026-06-14T12:47:59.000Z</Time><Position><LatitudeDegrees>56.8458455484225</LatitudeDegrees><LongitudeDegrees>60.65764123034878</LongitudeDegrees></Position></Trackpoint><Trackpoint><Time>2026-06-14T12:48:00.000Z</Time><Position><LatitudeDegrees>56.84585695367234</LatitudeDegrees><LongitudeDegrees>60.65763814620435</LongitudeDegrees></Position></Trackpoint><Trackpoint><Time>2026-06-14T12:48:01.000Z</Time><Position><LatitudeDegrees>56.84586834603076</LatitudeDegrees><LongitudeDegrees>60.657635459020455</LongitudeDegrees></Position></Trackpoint><Trackpoint><Time>2026-06-14T12:48:02.000Z</Time><Position><LatitudeDegrees>56.845879250109355</LatitudeDegrees><LongitudeDegrees>60.65763328021414</LongitudeDegrees></Position></Trackpoint><Trackpoint><Time>2026-06-14T12:48:03.000Z</Time><Position><LatitudeDegrees>56.84589002240791</LatitudeDegrees><LongitudeDegrees>60.657631590421154</LongitudeDegrees></Position></Trackpoint><Trackpoint><Time>2026-06-14T12:48:04.000Z</Time><Position><LatitudeDegrees>56.84590033704807</LatitudeDegrees><LongitudeDegrees>60.657630808513154</LongitudeDegrees></Position></Trackpoint><Trackpoint><Time>2026-06-14T12:48:05.000Z</Time><Position><LatitudeDegrees>56.84591011856204</LatitudeDegrees><LongitudeDegrees>60.65763001124856</LongitudeDegrees></Position></Trackpoint><Trackpoint><Time>2026-06-14T12:48:06.000Z</Time><Position><LatitudeDegrees>56.845919404295586</LatitudeDegrees><LongitudeDegrees>60.65762882037669</LongitudeDegrees></Position></Trackpoint><Trackpoint><Time>2026-06-14T12:48:07.000Z</Time><Position><LatitudeDegrees>56.84592876287224</LatitudeDegrees><LongitudeDegrees>60.65762762025082</LongitudeDegrees></Position></Trackpoint><Trackpoint><Time>2026-06-14T12:48:08.000Z</Time><Position><LatitudeDegrees>56.84593841912083</LatitudeDegrees><LongitudeDegrees>60.657626080737565</LongitudeDegrees></Position></Trackpoint><Trackpoint><Time>2026-06-14T12:48:09.000Z</Time><Position><LatitudeDegrees>56.84594793781699</LatitudeDegrees><LongitudeDegrees>60.65762508865808</LongitudeDegrees></Position></Trackpoint><Trackpoint><Time>2026-06-14T12:48:10.000Z</Time><Position><LatitudeDegrees>56.84595764698609</LatitudeDegrees><LongitudeDegrees>60.657624938972596</LongitudeDegrees></Position></Trackpoint><Trackpoint><Time>2026-06-14T12:48:11.000Z</Time><Position><LatitudeDegrees>56.84596765727301</LatitudeDegrees><LongitudeDegrees>60.657626624256814</LongitudeDegrees></Position></Trackpoint><Trackpoint><Time>2026-06-14T12:48:12.000Z</Time><Position><LatitudeDegrees>56.845977975596966</LatitudeDegrees><LongitudeDegrees>60.65762884893907</LongitudeDegrees></Position></Trackpoint><Trackpoint><Time>2026-06-14T12:48:13.000Z</Time><Position><LatitudeDegrees>56.84598954449268</LatitudeDegrees><LongitudeDegrees>60.657631010228826</LongitudeDegrees></Position></Trackpoint><Trackpoint><Time>2026-06-14T12:48:14.000Z</Time><Position><LatitudeDegrees>56.84600161239716</LatitudeDegrees><LongitudeDegrees>60.65763237840255</LongitudeDegrees></Position></Trackpoint><Trackpoint><Time>2026-06-14T12:48:15.000Z</Time><Position><LatitudeDegrees>56.84601429535529</LatitudeDegrees><LongitudeDegrees>60.657632754731</LongitudeDegrees></Position></Trackpoint><Trackpoint><Time>2026-06-14T12:48:16.000Z</Time><Position><LatitudeDegrees>56.84602658299579</LatitudeDegrees><LongitudeDegrees>60.65763218467268</LongitudeDegrees></Position></Trackpoint><Trackpoint><Time>2026-06-14T12:48:17.000Z</Time><Position><LatitudeDegrees>56.84603810995249</LatitudeDegrees><LongitudeDegrees>60.657630318805616</LongitudeDegrees></Position></Trackpoint><Trackpoint><Time>2026-06-14T12:48:18.000Z</Time><Position><LatitudeDegrees>56.846049312998645</LatitudeDegrees><LongitudeDegrees>60.65762717954127</LongitudeDegrees></Position></Trackpoint><Trackpoint><Time>2026-06-14T12:48:19.000Z</Time><Position><LatitudeDegrees>56.846060413585484</LatitudeDegrees><LongitudeDegrees>60.65762244993744</LongitudeDegrees></Position></Trackpoint><Trackpoint><Time>2026-06-14T12:48:20.000Z</Time><Position><LatitudeDegrees>56.84607102645388</LatitudeDegrees><LongitudeDegrees>60.657616693195024</LongitudeDegrees></Position></Trackpoint><Trackpoint><Time>2026-06-14T12:48:21.000Z</Time><Position><LatitudeDegrees>56.846082034760435</LatitudeDegrees><LongitudeDegrees>60.65761076270124</LongitudeDegrees></Position></Trackpoint><Trackpoint><Time>2026-06-14T12:48:22.000Z</Time><Position><LatitudeDegrees>56.84609277224338</LatitudeDegrees><LongitudeDegrees>60.65760405298889</LongitudeDegrees></Position></Trackpoint><Trackpoint><Time>2026-06-14T12:48:23.000Z</Time><Position><LatitudeDegrees>56.8461034888843</LatitudeDegrees><LongitudeDegrees>60.657597393939156</LongitudeDegrees></Position></Trackpoint><Trackpoint><Time>2026-06-14T12:48:24.000Z</Time><Position><LatitudeDegrees>56.846114290309</LatitudeDegrees><LongitudeDegrees>60.65759161043293</LongitudeDegrees></Position></Trackpoint><Trackpoint><Time>2026-06-14T12:48:25.000Z</Time><Position><LatitudeDegrees>56.846125209135835</LatitudeDegrees><LongitudeDegrees>60.657586929808986</LongitudeDegrees></Position></Trackpoint><Trackpoint><Time>2026-06-14T12:48:26.000Z</Time><Position><LatitudeDegrees>56.84613575411913</LatitudeDegrees><LongitudeDegrees>60.65758281452912</LongitudeDegrees></Position></Trackpoint><Trackpoint><Time>2026-06-14T12:48:27.000Z</Time><Position><LatitudeDegrees>56.8461462605404</LatitudeDegrees><LongitudeDegrees>60.65757946026674</LongitudeDegrees></Position></Trackpoint><Trackpoint><Time>2026-06-14T12:48:28.000Z</Time><Position><LatitudeDegrees>56.846156871429145</LatitudeDegrees><LongitudeDegrees>60.65757587070999</LongitudeDegrees></Position></Trackpoint><Trackpoint><Time>2026-06-14T12:48:29.000Z</Time><Position><LatitudeDegrees>56.8461671426708</LatitudeDegrees><LongitudeDegrees>60.65757166574412</LongitudeDegrees></Position></Trackpoint><Trackpoint><Time>2026-06-14T12:48:30.000Z</Time><Position><LatitudeDegrees>56.846177424568005</LatitudeDegrees><LongitudeDegrees>60.657567747033255</LongitudeDegrees></Position></Trackpoint><Trackpoint><Time>2026-06-14T12:48:31.000Z</Time><Position><LatitudeDegrees>56.84618737040881</LatitudeDegrees><LongitudeDegrees>60.65756542839359</LongitudeDegrees></Position></Trackpoint><Trackpoint><Time>2026-06-14T12:48:32.000Z</Time><Position><LatitudeDegrees>56.84619737014864</LatitudeDegrees><LongitudeDegrees>60.65756406631049</LongitudeDegrees></Position></Trackpoint><Trackpoint><Time>2026-06-14T12:48:33.000Z</Time><Position><LatitudeDegrees>56.84620806707688</LatitudeDegrees><LongitudeDegrees>60.65756474182245</LongitudeDegrees></Position></Trackpoint><Trackpoint><Time>2026-06-14T12:48:34.000Z</Time><Position><LatitudeDegrees>56.846219147027874</LatitudeDegrees><LongitudeDegrees>60.65756568017244</LongitudeDegrees></Position></Trackpoint><Trackpoint><Time>2026-06-14T12:48:35.000Z</Time><Position><LatitudeDegrees>56.846230431457336</LatitudeDegrees><LongitudeDegrees>60.6575666063321</LongitudeDegrees></Position></Trackpoint><Trackpoint><Time>2026-06-14T12:48:36.000Z</Time><Position><LatitudeDegrees>56.846241820590265</LatitudeDegrees><LongitudeDegrees>60.65756593976832</LongitudeDegrees></Position></Trackpoint><Trackpoint><Time>2026-06-14T12:48:37.000Z</Time><Position><LatitudeDegrees>56.84625325989746</LatitudeDegrees><LongitudeDegrees>60.65756323398852</LongitudeDegrees></Position></Trackpoint><Trackpoint><Time>2026-06-14T12:48:38.000Z</Time><Position><LatitudeDegrees>56.84626521009281</LatitudeDegrees><LongitudeDegrees>60.65755856684244</LongitudeDegrees></Position></Trackpoint><Trackpoint><Time>2026-06-14T12:48:39.000Z</Time><Position><LatitudeDegrees>56.8462797537844</LatitudeDegrees><LongitudeDegrees>60.657551242908355</LongitudeDegrees></Position></Trackpoint><Trackpoint><Time>2026-06-14T12:48:40.000Z</Time><Position><LatitudeDegrees>56.8462949677353</LatitudeDegrees><LongitudeDegrees>60.65754229600437</LongitudeDegrees></Position></Trackpoint><Trackpoint><Time>2026-06-14T12:48:41.000Z</Time><Position><LatitudeDegrees>56.846309973865615</LatitudeDegrees><LongitudeDegrees>60.657530891365134</LongitudeDegrees></Position></Trackpoint><Trackpoint><Time>2026-06-14T12:48:43.000Z</Time><Position><LatitudeDegrees>56.84632443722624</LatitudeDegrees><LongitudeDegrees>60.65751700065302</LongitudeDegrees></Position></Trackpoint><Trackpoint><Time>2026-06-14T12:48:44.000Z</Time><Position><LatitudeDegrees>56.84633877914823</LatitudeDegrees><LongitudeDegrees>60.657502400113216</LongitudeDegrees></Position></Trackpoint><Trackpoint><Time>2026-06-14T12:48:45.000Z</Time><Position><LatitudeDegrees>56.84635318873626</LatitudeDegrees><LongitudeDegrees>60.65748840197863</LongitudeDegrees></Position></Trackpoint><Trackpoint><Time>2026-06-14T12:48:46.000Z</Time><Position><LatitudeDegrees>56.846367245574456</LatitudeDegrees><LongitudeDegrees>60.657475958963374</LongitudeDegrees></Position></Trackpoint><Trackpoint><Time>2026-06-14T12:48:47.000Z</Time><Position><LatitudeDegrees>56.84637984257523</LatitudeDegrees><LongitudeDegrees>60.657465753440285</LongitudeDegrees></Position></Trackpoint><Trackpoint><Time>2026-06-14T12:48:48.000Z</Time><Position><LatitudeDegrees>56.846391690392146</LatitudeDegrees><LongitudeDegrees>60.6574572896439</LongitudeDegrees></Position></Trackpoint><Trackpoint><Time>2026-06-14T12:48:49.000Z</Time><Position><LatitudeDegrees>56.846402198631424</LatitudeDegrees><LongitudeDegrees>60.65745013985349</LongitudeDegrees></Position></Trackpoint><Trackpoint><Time>2026-06-14T12:48:50.000Z</Time><Position><LatitudeDegrees>56.846411785692595</LatitudeDegrees><LongitudeDegrees>60.65744493848995</LongitudeDegrees></Position></Trackpoint><Trackpoint><Time>2026-06-14T12:48:51.000Z</Time><Position><LatitudeDegrees>56.846420742118354</LatitudeDegrees><LongitudeDegrees>60.65744169675133</LongitudeDegrees></Position></Trackpoint><Trackpoint><Time>2026-06-14T12:48:52.000Z</Time><Position><LatitudeDegrees>56.84642926850497</LatitudeDegrees><LongitudeDegrees>60.65744016773446</LongitudeDegrees></Position></Trackpoint><Trackpoint><Time>2026-06-14T12:48:53.000Z</Time><Position><LatitudeDegrees>56.84643799227017</LatitudeDegrees><LongitudeDegrees>60.65743758187804</LongitudeDegrees></Position></Trackpoint><Trackpoint><Time>2026-06-14T12:48:54.000Z</Time><Position><LatitudeDegrees>56.84644665686163</LatitudeDegrees><LongitudeDegrees>60.65743342383876</LongitudeDegrees></Position></Trackpoint><Trackpoint><Time>2026-06-14T12:48:56.000Z</Time><Position><LatitudeDegrees>56.84645516421741</LatitudeDegrees><LongitudeDegrees>60.657427193557716</LongitudeDegrees></Position></Trackpoint><Trackpoint><Time>2026-06-14T12:48:57.000Z</Time><Position><LatitudeDegrees>56.846463983743924</LatitudeDegrees><LongitudeDegrees>60.65741944067369</LongitudeDegrees></Position></Trackpoint><Trackpoint><Time>2026-06-14T12:48:58.000Z</Time><Position><LatitudeDegrees>56.84647375830235</LatitudeDegrees><LongitudeDegrees>60.65741058697006</LongitudeDegrees></Position></Trackpoint><Trackpoint><Time>2026-06-14T12:48:59.000Z</Time><Position><LatitudeDegrees>56.84648414045685</LatitudeDegrees><LongitudeDegrees>60.657400947439804</LongitudeDegrees></Position></Trackpoint><Trackpoint><Time>2026-06-14T12:49:00.000Z</Time><Position><LatitudeDegrees>56.84649539874833</LatitudeDegrees><LongitudeDegrees>60.65739173188844</LongitudeDegrees></Position></Trackpoint><Trackpoint><Time>2026-06-14T12:49:01.000Z</Time><Position><LatitudeDegrees>56.84650851054129</LatitudeDegrees><LongitudeDegrees>60.65738387374778</LongitudeDegrees></Position></Trackpoint><Trackpoint><Time>2026-06-14T12:49:02.000Z</Time><Position><LatitudeDegrees>56.84652266123167</LatitudeDegrees><LongitudeDegrees>60.65737611438272</LongitudeDegrees></Position></Trackpoint><Trackpoint><Time>2026-06-14T12:49:03.000Z</Time><Position><LatitudeDegrees>56.846536402776195</LatitudeDegrees><LongitudeDegrees>60.65736841237827</LongitudeDegrees></Position></Trackpoint><Trackpoint><Time>2026-06-14T12:49:04.000Z</Time><Position><LatitudeDegrees>56.84654968094623</LatitudeDegrees><LongitudeDegrees>60.65736123292681</LongitudeDegrees></Position></Trackpoint><Trackpoint><Time>2026-06-14T12:49:05.000Z</Time><Position><LatitudeDegrees>56.84656253288204</LatitudeDegrees><LongitudeDegrees>60.65735470054122</LongitudeDegrees></Position></Trackpoint><Trackpoint><Time>2026-06-14T12:49:06.000Z</Time><Position><LatitudeDegrees>56.84657453897511</LatitudeDegrees><LongitudeDegrees>60.657348783450104</LongitudeDegrees></Position></Trackpoint><Trackpoint><Time>2026-06-14T12:49:07.000Z</Time><Position><LatitudeDegrees>56.846586124589926</LatitudeDegrees><LongitudeDegrees>60.657343389596846</LongitudeDegrees></Position></Trackpoint><Trackpoint><Time>2026-06-14T12:49:08.000Z</Time><Position><LatitudeDegrees>56.84659702926289</LatitudeDegrees><LongitudeDegrees>60.65733792430204</LongitudeDegrees></Position></Trackpoint><Trackpoint><Time>2026-06-14T12:49:09.000Z</Time><Position><LatitudeDegrees>56.84660772273488</LatitudeDegrees><LongitudeDegrees>60.65733264143692</LongitudeDegrees></Position></Trackpoint><Trackpoint><Time>2026-06-14T12:49:10.000Z</Time><Position><LatitudeDegrees>56.8466189151788</LatitudeDegrees><LongitudeDegrees>60.657327622139555</LongitudeDegrees></Position></Trackpoint><Trackpoint><Time>2026-06-14T12:49:11.000Z</Time><Position><LatitudeDegrees>56.846630835025245</LatitudeDegrees><LongitudeDegrees>60.657322865996775</LongitudeDegrees></Position></Trackpoint><Trackpoint><Time>2026-06-14T12:49:12.000Z</Time><Position><LatitudeDegrees>56.84664299337792</LatitudeDegrees><LongitudeDegrees>60.65731784945232</LongitudeDegrees></Position></Trackpoint><Trackpoint><Time>2026-06-14T12:49:13.000Z</Time><Position><LatitudeDegrees>56.84665564789173</LatitudeDegrees><LongitudeDegrees>60.65731092147856</LongitudeDegrees></Position></Trackpoint><Trackpoint><Time>2026-06-14T12:49:14.000Z</Time><Position><LatitudeDegrees>56.846668840996024</LatitudeDegrees><LongitudeDegrees>60.657303116288176</LongitudeDegrees></Position></Trackpoint><Trackpoint><Time>2026-06-14T12:49:15.000Z</Time><Position><LatitudeDegrees>56.84668154181612</LatitudeDegrees><LongitudeDegrees>60.65729546200449</LongitudeDegrees></Position></Trackpoint><Trackpoint><Time>2026-06-14T12:49:16.000Z</Time><Position><LatitudeDegrees>56.84669387859799</LatitudeDegrees><LongitudeDegrees>60.657287873063694</LongitudeDegrees></Position></Trackpoint><Trackpoint><Time>2026-06-14T12:49:17.000Z</Time><Position><LatitudeDegrees>56.84670595088136</LatitudeDegrees><LongitudeDegrees>60.65728177467297</LongitudeDegrees></Position></Trackpoint><Trackpoint><Time>2026-06-14T12:49:18.000Z</Time><Position><LatitudeDegrees>56.84671783360798</LatitudeDegrees><LongitudeDegrees>60.65727756247029</LongitudeDegrees></Position></Trackpoint><Trackpoint><Time>2026-06-14T12:49:19.000Z</Time><Position><LatitudeDegrees>56.84672860274947</LatitudeDegrees><LongitudeDegrees>60.65727417808198</LongitudeDegrees></Position></Trackpoint><Trackpoint><Time>2026-06-14T12:49:20.000Z</Time><Position><LatitudeDegrees>56.84673802068708</LatitudeDegrees><LongitudeDegrees>60.657271568996336</LongitudeDegrees></Position></Trackpoint><Trackpoint><Time>2026-06-14T12:49:21.000Z</Time><Position><LatitudeDegrees>56.84674992184135</LatitudeDegrees><LongitudeDegrees>60.65726774487588</LongitudeDegrees></Position></Trackpoint><Trackpoint><Time>2026-06-14T12:49:22.000Z</Time><Position><LatitudeDegrees>56.84675429007274</LatitudeDegrees><LongitudeDegrees>60.65726618075679</LongitudeDegrees></Position></Trackpoint><Trackpoint><Time>2026-06-14T12:49:23.000Z</Time><Position><LatitudeDegrees>56.84675973341553</LatitudeDegrees><LongitudeDegrees>60.657264368542066</LongitudeDegrees></Position></Trackpoint><Trackpoint><Time>2026-06-14T12:49:24.000Z</Time><Position><LatitudeDegrees>56.84676590010149</LatitudeDegrees><LongitudeDegrees>60.6572626867483</LongitudeDegrees></Position></Trackpoint><Trackpoint><Time>2026-06-14T12:49:25.000Z</Time><Position><LatitudeDegrees>56.84677255242071</LatitudeDegrees><LongitudeDegrees>60.657260295300674</LongitudeDegrees></Position></Trackpoint><Trackpoint><Time>2026-06-14T12:49:26.000Z</Time><Position><LatitudeDegrees>56.846780019756665</LatitudeDegrees><LongitudeDegrees>60.657256939311374</LongitudeDegrees></Position></Trackpoint><Trackpoint><Time>2026-06-14T12:49:27.000Z</Time><Position><LatitudeDegrees>56.84678882276489</LatitudeDegrees><LongitudeDegrees>60.65725361682779</LongitudeDegrees></Position></Trackpoint><Trackpoint><Time>2026-06-14T12:49:28.000Z</Time><Position><LatitudeDegrees>56.84679802521597</LatitudeDegrees><LongitudeDegrees>60.65725073457872</LongitudeDegrees></Position></Trackpoint><Trackpoint><Time>2026-06-14T12:49:29.000Z</Time><Position><LatitudeDegrees>56.84680767988212</LatitudeDegrees><LongitudeDegrees>60.65724889317582</LongitudeDegrees></Position></Trackpoint><Trackpoint><Time>2026-06-14T12:49:30.000Z</Time><Position><LatitudeDegrees>56.846818240066206</LatitudeDegrees><LongitudeDegrees>60.657248695990596</LongitudeDegrees></Position></Trackpoint><Trackpoint><Time>2026-06-14T12:49:31.000Z</Time><Position><LatitudeDegrees>56.846829286620995</LatitudeDegrees><LongitudeDegrees>60.65724969086809</LongitudeDegrees></Position></Trackpoint><Trackpoint><Time>2026-06-14T12:49:32.000Z</Time><Position><LatitudeDegrees>56.846840584502736</LatitudeDegrees><LongitudeDegrees>60.6572525178176</LongitudeDegrees></Position></Trackpoint><Trackpoint><Time>2026-06-14T12:49:33.000Z</Time><Position><LatitudeDegrees>56.84685151504451</LatitudeDegrees><LongitudeDegrees>60.657256715662</LongitudeDegrees></Position></Trackpoint><Trackpoint><Time>2026-06-14T12:49:34.000Z</Time><Position><LatitudeDegrees>56.84686138099557</LatitudeDegrees><LongitudeDegrees>60.657263387352764</LongitudeDegrees></Position></Trackpoint><Trackpoint><Time>2026-06-14T12:49:35.000Z</Time><Position><LatitudeDegrees>56.84686954223279</LatitudeDegrees><LongitudeDegrees>60.657272669607636</LongitudeDegrees></Position></Trackpoint><Trackpoint><Time>2026-06-14T12:49:36.000Z</Time><Position><LatitudeDegrees>56.846876443540175</LatitudeDegrees><LongitudeDegrees>60.657282325227115</LongitudeDegrees></Position></Trackpoint><Trackpoint><Time>2026-06-14T12:49:37.000Z</Time><Position><LatitudeDegrees>56.84688242980471</LatitudeDegrees><LongitudeDegrees>60.657292364158316</LongitudeDegrees></Position></Trackpoint><Trackpoint><Time>2026-06-14T12:49:38.000Z</Time><Position><LatitudeDegrees>56.84688727089609</LatitudeDegrees><LongitudeDegrees>60.65730176207905</LongitudeDegrees></Position></Trackpoint><Trackpoint><Time>2026-06-14T12:49:39.000Z</Time><Position><LatitudeDegrees>56.84689150863085</LatitudeDegrees><LongitudeDegrees>60.65731115863327</LongitudeDegrees></Position></Trackpoint><Trackpoint><Time>2026-06-14T12:49:40.000Z</Time><Position><LatitudeDegrees>56.84689495397639</LatitudeDegrees><LongitudeDegrees>60.657320817423056</LongitudeDegrees></Position></Trackpoint><Trackpoint><Time>2026-06-14T12:49:41.000Z</Time><Position><LatitudeDegrees>56.84689812039536</LatitudeDegrees><LongitudeDegrees>60.657331792572236</LongitudeDegrees></Position></Trackpoint><Trackpoint><Time>2026-06-14T12:49:42.000Z</Time><Position><LatitudeDegrees>56.84690076553799</LatitudeDegrees><LongitudeDegrees>60.65734434925143</LongitudeDegrees></Position></Trackpoint><Trackpoint><Time>2026-06-14T12:49:43.000Z</Time><Position><LatitudeDegrees>56.846902856501586</LatitudeDegrees><LongitudeDegrees>60.65735790406914</LongitudeDegrees></Position></Trackpoint><Trackpoint><Time>2026-06-14T12:49:44.000Z</Time><Position><LatitudeDegrees>56.84690445086376</LatitudeDegrees><LongitudeDegrees>60.657372088655706</LongitudeDegrees></Position></Trackpoint><Trackpoint><Time>2026-06-14T12:49:45.000Z</Time><Position><LatitudeDegrees>56.84690612568556</LatitudeDegrees><LongitudeDegrees>60.65738667047436</LongitudeDegrees></Position></Trackpoint><Trackpoint><Time>2026-06-14T12:49:46.000Z</Time><Position><LatitudeDegrees>56.846908108293086</LatitudeDegrees><LongitudeDegrees>60.65740150277456</LongitudeDegrees></Position></Trackpoint><Trackpoint><Time>2026-06-14T12:49:47.000Z</Time><Position><LatitudeDegrees>56.846909963192374</LatitudeDegrees><LongitudeDegrees>60.65741698258123</LongitudeDegrees></Position></Trackpoint><Trackpoint><Time>2026-06-14T12:49:48.000Z</Time><Position><LatitudeDegrees>56.84691152742363</LatitudeDegrees><LongitudeDegrees>60.65743270068539</LongitudeDegrees></Position></Trackpoint><Trackpoint><Time>2026-06-14T12:49:49.000Z</Time><Position><LatitudeDegrees>56.846913260792</LatitudeDegrees><LongitudeDegrees>60.657448947586616</LongitudeDegrees></Position></Trackpoint><Trackpoint><Time>2026-06-14T12:49:50.000Z</Time><Position><LatitudeDegrees>56.84691533095209</LatitudeDegrees><LongitudeDegrees>60.657466264662645</LongitudeDegrees></Position></Trackpoint><Trackpoint><Time>2026-06-14T12:49:51.000Z</Time><Position><LatitudeDegrees>56.84691727411233</LatitudeDegrees><LongitudeDegrees>60.657484247904954</LongitudeDegrees></Position></Trackpoint><Trackpoint><Time>2026-06-14T12:49:52.000Z</Time><Position><LatitudeDegrees>56.84691891556812</LatitudeDegrees><LongitudeDegrees>60.65750264542792</LongitudeDegrees></Position></Trackpoint><Trackpoint><Time>2026-06-14T12:49:53.000Z</Time><Position><LatitudeDegrees>56.84692022209359</LatitudeDegrees><LongitudeDegrees>60.65752081071373</LongitudeDegrees></Position></Trackpoint><Trackpoint><Time>2026-06-14T12:49:54.000Z</Time><Position><LatitudeDegrees>56.84692171260364</LatitudeDegrees><LongitudeDegrees>60.65753899692269</LongitudeDegrees></Position></Trackpoint><Trackpoint><Time>2026-06-14T12:49:55.000Z</Time><Position><LatitudeDegrees>56.84692308757997</LatitudeDegrees><LongitudeDegrees>60.65755730562921</LongitudeDegrees></Position></Trackpoint><Trackpoint><Time>2026-06-14T12:49:56.000Z</Time><Position><LatitudeDegrees>56.84692521772076</LatitudeDegrees><LongitudeDegrees>60.65757527333203</LongitudeDegrees></Position></Trackpoint><Trackpoint><Time>2026-06-14T12:49:57.000Z</Time><Position><LatitudeDegrees>56.84692787507374</LatitudeDegrees><LongitudeDegrees>60.65759177369193</LongitudeDegrees></Position></Trackpoint><Trackpoint><Time>2026-06-14T12:49:58.000Z</Time><Position><LatitudeDegrees>56.84693089809366</LatitudeDegrees><LongitudeDegrees>60.65760702078673</LongitudeDegrees></Position></Trackpoint><Trackpoint><Time>2026-06-14T12:49:59.000Z</Time><Position><LatitudeDegrees>56.84693417331801</LatitudeDegrees><LongitudeDegrees>60.657621753246104</LongitudeDegrees></Position></Trackpoint><Trackpoint><Time>2026-06-14T12:50:00.000Z</Time><Position><LatitudeDegrees>56.84693713203847</LatitudeDegrees><LongitudeDegrees>60.657636341315076</LongitudeDegrees></Position></Trackpoint><Trackpoint><Time>2026-06-14T12:50:01.000Z</Time><Position><LatitudeDegrees>56.846940559886015</LatitudeDegrees><LongitudeDegrees>60.65765046639455</LongitudeDegrees></Position></Trackpoint><Trackpoint><Time>2026-06-14T12:50:02.000Z</Time><Position><LatitudeDegrees>56.84694423058732</LatitudeDegrees><LongitudeDegrees>60.657663077477565</LongitudeDegrees></Position></Trackpoint><Trackpoint><Time>2026-06-14T12:50:04.000Z</Time><Position><LatitudeDegrees>56.84694850939618</LatitudeDegrees><LongitudeDegrees>60.65767295682232</LongitudeDegrees></Position></Trackpoint><Trackpoint><Time>2026-06-14T12:50:05.000Z</Time><Position><LatitudeDegrees>56.84695346868661</LatitudeDegrees><LongitudeDegrees>60.657679953536594</LongitudeDegrees></Position></Trackpoint><Trackpoint><Time>2026-06-14T12:50:06.000Z</Time><Position><LatitudeDegrees>56.84695856131524</LatitudeDegrees><LongitudeDegrees>60.657684865069825</LongitudeDegrees></Position></Trackpoint><Trackpoint><Time>2026-06-14T12:50:07.000Z</Time><Position><LatitudeDegrees>56.846964034447055</LatitudeDegrees><LongitudeDegrees>60.65768877707874</LongitudeDegrees></Position></Trackpoint><Trackpoint><Time>2026-06-14T12:50:09.000Z</Time><Position><LatitudeDegrees>56.84696994103582</LatitudeDegrees><LongitudeDegrees>60.65769177534978</LongitudeDegrees></Position></Trackpoint><Trackpoint><Time>2026-06-14T12:50:10.000Z</Time><Position><LatitudeDegrees>56.84697624725613</LatitudeDegrees><LongitudeDegrees>60.65769401248955</LongitudeDegrees></Position></Trackpoint><Trackpoint><Time>2026-06-14T12:50:38.000Z</Time><Position><LatitudeDegrees>56.84698778399163</LatitudeDegrees><LongitudeDegrees>60.65769271137286</LongitudeDegrees></Position></Trackpoint><Trackpoint><Time>2026-06-14T12:50:39.000Z</Time><Position><LatitudeDegrees>56.847000973326416</LatitudeDegrees><LongitudeDegrees>60.65768963046991</LongitudeDegrees></Position></Trackpoint><Trackpoint><Time>2026-06-14T12:50:40.000Z</Time><Position><LatitudeDegrees>56.84701461925739</LatitudeDegrees><LongitudeDegrees>60.65768523279962</LongitudeDegrees></Position></Trackpoint><Trackpoint><Time>2026-06-14T12:50:41.000Z</Time><Position><LatitudeDegrees>56.84702817062719</LatitudeDegrees><LongitudeDegrees>60.657680367664334</LongitudeDegrees></Position></Trackpoint><Trackpoint><Time>2026-06-14T12:50:42.000Z</Time><Position><LatitudeDegrees>56.84704092297697</LatitudeDegrees><LongitudeDegrees>60.65767446561226</LongitudeDegrees></Position></Trackpoint><Trackpoint><Time>2026-06-14T12:50:43.000Z</Time><Position><LatitudeDegrees>56.84705268874012</LatitudeDegrees><LongitudeDegrees>60.65766889404273</LongitudeDegrees></Position></Trackpoint><Trackpoint><Time>2026-06-14T12:50:44.000Z</Time><Position><LatitudeDegrees>56.847064006907964</LatitudeDegrees><LongitudeDegrees>60.65766368406882</LongitudeDegrees></Position></Trackpoint><Trackpoint><Time>2026-06-14T12:50:45.000Z</Time><Position><LatitudeDegrees>56.84707515690328</LatitudeDegrees><LongitudeDegrees>60.6576588020937</LongitudeDegrees></Position></Trackpoint><Trackpoint><Time>2026-06-14T12:50:46.000Z</Time><Position><LatitudeDegrees>56.84708627538638</LatitudeDegrees><LongitudeDegrees>60.65765419218291</LongitudeDegrees></Position></Trackpoint><Trackpoint><Time>2026-06-14T12:50:47.000Z</Time><Position><LatitudeDegrees>56.847096933072464</LatitudeDegrees><LongitudeDegrees>60.6576488171605</LongitudeDegrees></Position></Trackpoint><Trackpoint><Time>2026-06-14T12:50:48.000Z</Time><Position><LatitudeDegrees>56.84710750192095</LatitudeDegrees><LongitudeDegrees>60.657643327304974</LongitudeDegrees></Position></Trackpoint><Trackpoint><Time>2026-06-14T12:50:49.000Z</Time><Position><LatitudeDegrees>56.847118146519314</LatitudeDegrees><LongitudeDegrees>60.657638005161374</LongitudeDegrees></Position></Trackpoint><Trackpoint><Time>2026-06-14T12:50:50.000Z</Time><Position><LatitudeDegrees>56.847128924927766</LatitudeDegrees><LongitudeDegrees>60.657632455954975</LongitudeDegrees></Position></Trackpoint><Trackpoint><Time>2026-06-14T12:50:51.000Z</Time><Position><LatitudeDegrees>56.84713886466189</LatitudeDegrees><LongitudeDegrees>60.65762605663693</LongitudeDegrees></Position></Trackpoint><Trackpoint><Time>2026-06-14T12:50:52.000Z</Time><Position><LatitudeDegrees>56.847148652083995</LatitudeDegrees><LongitudeDegrees>60.65761865972548</LongitudeDegrees></Position></Trackpoint><Trackpoint><Time>2026-06-14T12:50:53.000Z</Time><Position><LatitudeDegrees>56.84715809979935</LatitudeDegrees><LongitudeDegrees>60.657611311743565</LongitudeDegrees></Position></Trackpoint><Trackpoint><Time>2026-06-14T12:50:54.000Z</Time><Position><LatitudeDegrees>56.84716717423341</LatitudeDegrees><LongitudeDegrees>60.65760296857235</LongitudeDegrees></Position></Trackpoint><Trackpoint><Time>2026-06-14T12:50:55.000Z</Time><Position><LatitudeDegrees>56.84717639907978</LatitudeDegrees><LongitudeDegrees>60.65759381755053</LongitudeDegrees></Position></Trackpoint><Trackpoint><Time>2026-06-14T12:50:56.000Z</Time><Position><LatitudeDegrees>56.847185481097114</LatitudeDegrees><LongitudeDegrees>60.65758452912745</LongitudeDegrees></Position></Trackpoint><Trackpoint><Time>2026-06-14T12:50:57.000Z</Time><Position><LatitudeDegrees>56.84719431785076</LatitudeDegrees><LongitudeDegrees>60.65757490744112</LongitudeDegrees></Position></Trackpoint><Trackpoint><Time>2026-06-14T12:50:58.000Z</Time><Position><LatitudeDegrees>56.84720289863392</LatitudeDegrees><LongitudeDegrees>60.65756540421353</LongitudeDegrees></Position></Trackpoint><Trackpoint><Time>2026-06-14T12:50:59.000Z</Time><Position><LatitudeDegrees>56.847211251890606</LatitudeDegrees><LongitudeDegrees>60.65755716949606</LongitudeDegrees></Position></Trackpoint><Trackpoint><Time>2026-06-14T12:51:00.000Z</Time><Position><LatitudeDegrees>56.84721990814831</LatitudeDegrees><LongitudeDegrees>60.65755002449626</LongitudeDegrees></Position></Trackpoint><Trackpoint><Time>2026-06-14T12:51:01.000Z</Time><Position><LatitudeDegrees>56.84722855739561</LatitudeDegrees><LongitudeDegrees>60.65754375571783</LongitudeDegrees></Position></Trackpoint><Trackpoint><Time>2026-06-14T12:51:02.000Z</Time><Position><LatitudeDegrees>56.84723707285923</LatitudeDegrees><LongitudeDegrees>60.65753816277418</LongitudeDegrees></Position></Trackpoint><Trackpoint><Time>2026-06-14T12:51:03.000Z</Time><Position><LatitudeDegrees>56.84724590911126</LatitudeDegrees><LongitudeDegrees>60.65753356600768</LongitudeDegrees></Position></Trackpoint><Trackpoint><Time>2026-06-14T12:51:04.000Z</Time><Position><LatitudeDegrees>56.847254722576324</LatitudeDegrees><LongitudeDegrees>60.65753045909879</LongitudeDegrees></Position></Trackpoint><Trackpoint><Time>2026-06-14T12:51:05.000Z</Time><Position><LatitudeDegrees>56.847263864293915</LatitudeDegrees><LongitudeDegrees>60.657528364529995</LongitudeDegrees></Position></Trackpoint><Trackpoint><Time>2026-06-14T12:51:06.000Z</Time><Position><LatitudeDegrees>56.847273926313704</LatitudeDegrees><LongitudeDegrees>60.65752499726887</LongitudeDegrees></Position></Trackpoint><Trackpoint><Time>2026-06-14T12:51:07.000Z</Time><Position><LatitudeDegrees>56.84728454473148</LatitudeDegrees><LongitudeDegrees>60.65752153805347</LongitudeDegrees></Position></Trackpoint><Trackpoint><Time>2026-06-14T12:51:08.000Z</Time><Position><LatitudeDegrees>56.84729451904527</LatitudeDegrees><LongitudeDegrees>60.65751799534268</LongitudeDegrees></Position></Trackpoint><Trackpoint><Time>2026-06-14T12:51:09.000Z</Time><Position><LatitudeDegrees>56.84730441673935</LatitudeDegrees><LongitudeDegrees>60.65751438333664</LongitudeDegrees></Position></Trackpoint><Trackpoint><Time>2026-06-14T12:51:10.000Z</Time><Position><LatitudeDegrees>56.84731497096729</LatitudeDegrees><LongitudeDegrees>60.6575107167774</LongitudeDegrees></Position></Trackpoint><Trackpoint><Time>2026-06-14T12:51:11.000Z</Time><Position><LatitudeDegrees>56.84732639940107</LatitudeDegrees><LongitudeDegrees>60.6575060295168</LongitudeDegrees></Position></Trackpoint><Trackpoint><Time>2026-06-14T12:51:12.000Z</Time><Position><LatitudeDegrees>56.84733818987165</LatitudeDegrees><LongitudeDegrees>60.65750103388953</LongitudeDegrees></Position></Trackpoint><Trackpoint><Time>2026-06-14T12:51:13.000Z</Time><Position><LatitudeDegrees>56.847350084983866</LatitudeDegrees><LongitudeDegrees>60.657497042058395</LongitudeDegrees></Position></Trackpoint><Trackpoint><Time>2026-06-14T12:51:14.000Z</Time><Position><LatitudeDegrees>56.847361965303215</LatitudeDegrees><LongitudeDegrees>60.657493486358845</LongitudeDegrees></Position></Trackpoint><Trackpoint><Time>2026-06-14T12:51:15.000Z</Time><Position><LatitudeDegrees>56.847373293930595</LatitudeDegrees><LongitudeDegrees>60.657490566641485</LongitudeDegrees></Position></Trackpoint><Trackpoint><Time>2026-06-14T12:51:16.000Z</Time><Position><LatitudeDegrees>56.84738441017251</LatitudeDegrees><LongitudeDegrees>60.657489262805335</LongitudeDegrees></Position></Trackpoint><Trackpoint><Time>2026-06-14T12:51:17.000Z</Time><Position><LatitudeDegrees>56.84739548102605</LatitudeDegrees><LongitudeDegrees>60.65748879178835</LongitudeDegrees></Position></Trackpoint><Trackpoint><Time>2026-06-14T12:51:18.000Z</Time><Position><LatitudeDegrees>56.8474065810917</LatitudeDegrees><LongitudeDegrees>60.65748872420839</LongitudeDegrees></Position></Trackpoint><Trackpoint><Time>2026-06-14T12:51:19.000Z</Time><Position><LatitudeDegrees>56.84741724773249</LatitudeDegrees><LongitudeDegrees>60.65748736261917</LongitudeDegrees></Position></Trackpoint><Trackpoint><Time>2026-06-14T12:51:20.000Z</Time><Position><LatitudeDegrees>56.847428325269746</LatitudeDegrees><LongitudeDegrees>60.657485642871706</LongitudeDegrees></Position></Trackpoint><Trackpoint><Time>2026-06-14T12:51:21.000Z</Time><Position><LatitudeDegrees>56.84743961907459</LatitudeDegrees><LongitudeDegrees>60.6574835067391</LongitudeDegrees></Position></Trackpoint><Trackpoint><Time>2026-06-14T12:51:22.000Z</Time><Position><LatitudeDegrees>56.847450531624126</LatitudeDegrees><LongitudeDegrees>60.65748196290521</LongitudeDegrees></Position></Trackpoint><Trackpoint><Time>2026-06-14T12:51:23.000Z</Time><Position><LatitudeDegrees>56.847461355382656</LatitudeDegrees><LongitudeDegrees>60.65747988192719</LongitudeDegrees></Position></Trackpoint><Trackpoint><Time>2026-06-14T12:51:24.000Z</Time><Position><LatitudeDegrees>56.84747173258231</LatitudeDegrees><LongitudeDegrees>60.65747735721506</LongitudeDegrees></Position></Trackpoint><Trackpoint><Time>2026-06-14T12:51:25.000Z</Time><Position><LatitudeDegrees>56.84748157319749</LatitudeDegrees><LongitudeDegrees>60.657474973801406</LongitudeDegrees></Position></Trackpoint><Trackpoint><Time>2026-06-14T12:51:26.000Z</Time><Position><LatitudeDegrees>56.847490909022476</LatitudeDegrees><LongitudeDegrees>60.657472954486714</LongitudeDegrees></Position></Trackpoint><Trackpoint><Time>2026-06-14T12:51:27.000Z</Time><Position><LatitudeDegrees>56.84749981794025</LatitudeDegrees><LongitudeDegrees>60.65747085468548</LongitudeDegrees></Position></Trackpoint><Trackpoint><Time>2026-06-14T12:51:28.000Z</Time><Position><LatitudeDegrees>56.84750838681854</LatitudeDegrees><LongitudeDegrees>60.65746899124351</LongitudeDegrees></Position></Trackpoint><Trackpoint><Time>2026-06-14T12:51:29.000Z</Time><Position><LatitudeDegrees>56.8475166950759</LatitudeDegrees><LongitudeDegrees>60.657467464312134</LongitudeDegrees></Position></Trackpoint><Trackpoint><Time>2026-06-14T12:51:30.000Z</Time><Position><LatitudeDegrees>56.847525298480484</LatitudeDegrees><LongitudeDegrees>60.65746529272512</LongitudeDegrees></Position></Trackpoint><Trackpoint><Time>2026-06-14T12:51:31.000Z</Time><Position><LatitudeDegrees>56.84753487764505</LatitudeDegrees><LongitudeDegrees>60.65746215514609</LongitudeDegrees></Position></Trackpoint><Trackpoint><Time>2026-06-14T12:51:32.000Z</Time><Position><LatitudeDegrees>56.84754558763133</LatitudeDegrees><LongitudeDegrees>60.65745902244286</LongitudeDegrees></Position></Trackpoint><Trackpoint><Time>2026-06-14T12:51:33.000Z</Time><Position><LatitudeDegrees>56.84755685754903</LatitudeDegrees><LongitudeDegrees>60.657455804214734</LongitudeDegrees></Position></Trackpoint><Trackpoint><Time>2026-06-14T12:51:34.000Z</Time><Position><LatitudeDegrees>56.84756789080952</LatitudeDegrees><LongitudeDegrees>60.657452474208704</LongitudeDegrees></Position></Trackpoint><Trackpoint><Time>2026-06-14T12:51:35.000Z</Time><Position><LatitudeDegrees>56.84757887933626</LatitudeDegrees><LongitudeDegrees>60.65744952557003</LongitudeDegrees></Position></Trackpoint><Trackpoint><Time>2026-06-14T12:51:36.000Z</Time><Position><LatitudeDegrees>56.847590397521856</LatitudeDegrees><LongitudeDegrees>60.657446133223225</LongitudeDegrees></Position></Trackpoint><Trackpoint><Time>2026-06-14T12:51:37.000Z</Time><Position><LatitudeDegrees>56.8476021243288</LatitudeDegrees><LongitudeDegrees>60.657442503934575</LongitudeDegrees></Position></Trackpoint><Trackpoint><Time>2026-06-14T12:51:38.000Z</Time><Position><LatitudeDegrees>56.847613900766916</LatitudeDegrees><LongitudeDegrees>60.65743875326845</LongitudeDegrees></Position></Trackpoint><Trackpoint><Time>2026-06-14T12:51:39.000Z</Time><Position><LatitudeDegrees>56.84762614459927</LatitudeDegrees><LongitudeDegrees>60.65743543400736</LongitudeDegrees></Position></Trackpoint><Trackpoint><Time>2026-06-14T12:51:40.000Z</Time><Position><LatitudeDegrees>56.84763847827467</LatitudeDegrees><LongitudeDegrees>60.65743173921415</LongitudeDegrees></Position></Trackpoint><Trackpoint><Time>2026-06-14T12:51:41.000Z</Time><Position><LatitudeDegrees>56.84765073477372</LatitudeDegrees><LongitudeDegrees>60.657427874374775</LongitudeDegrees></Position></Trackpoint><Trackpoint><Time>2026-06-14T12:51:42.000Z</Time><Position><LatitudeDegrees>56.84766236560712</LatitudeDegrees><LongitudeDegrees>60.65742492516163</LongitudeDegrees></Position></Trackpoint><Trackpoint><Time>2026-06-14T12:51:43.000Z</Time><Position><LatitudeDegrees>56.84767371480254</LatitudeDegrees><LongitudeDegrees>60.65742224195032</LongitudeDegrees></Position></Trackpoint><Trackpoint><Time>2026-06-14T12:51:44.000Z</Time><Position><LatitudeDegrees>56.84768544980047</LatitudeDegrees><LongitudeDegrees>60.65742050228416</LongitudeDegrees></Position></Trackpoint><Trackpoint><Time>2026-06-14T12:51:45.000Z</Time><Position><LatitudeDegrees>56.84769730634738</LatitudeDegrees><LongitudeDegrees>60.65741937448488</LongitudeDegrees></Position></Trackpoint><Trackpoint><Time>2026-06-14T12:51:46.000Z</Time><Position><LatitudeDegrees>56.8477086704036</LatitudeDegrees><LongitudeDegrees>60.657418153813495</LongitudeDegrees></Position></Trackpoint><Trackpoint><Time>2026-06-14T12:51:47.000Z</Time><Position><LatitudeDegrees>56.84771984190818</LatitudeDegrees><LongitudeDegrees>60.65741607234437</LongitudeDegrees></Position></Trackpoint><Trackpoint><Time>2026-06-14T12:51:48.000Z</Time><Position><LatitudeDegrees>56.84773096909973</LatitudeDegrees><LongitudeDegrees>60.65741243469158</LongitudeDegrees></Position></Trackpoint><Trackpoint><Time>2026-06-14T12:51:49.000Z</Time><Position><LatitudeDegrees>56.847741629104746</LatitudeDegrees><LongitudeDegrees>60.657407643816455</LongitudeDegrees></Position></Trackpoint><Trackpoint><Time>2026-06-14T12:51:50.000Z</Time><Position><LatitudeDegrees>56.84775219734312</LatitudeDegrees><LongitudeDegrees>60.657402992907485</LongitudeDegrees></Position></Trackpoint><Trackpoint><Time>2026-06-14T12:51:51.000Z</Time><Position><LatitudeDegrees>56.84776284020339</LatitudeDegrees><LongitudeDegrees>60.65739948618899</LongitudeDegrees></Position></Trackpoint><Trackpoint><Time>2026-06-14T12:51:52.000Z</Time><Position><LatitudeDegrees>56.847774106242916</LatitudeDegrees><LongitudeDegrees>60.657395921547064</LongitudeDegrees></Position></Trackpoint><Trackpoint><Time>2026-06-14T12:51:53.000Z</Time><Position><LatitudeDegrees>56.84778565178118</LatitudeDegrees><LongitudeDegrees>60.65739181134549</LongitudeDegrees></Position></Trackpoint><Trackpoint><Time>2026-06-14T12:51:54.000Z</Time><Position><LatitudeDegrees>56.84779729940585</LatitudeDegrees><LongitudeDegrees>60.65738751439179</LongitudeDegrees></Position></Trackpoint><Trackpoint><Time>2026-06-14T12:51:55.000Z</Time><Position><LatitudeDegrees>56.84780896294996</LatitudeDegrees><LongitudeDegrees>60.65738320242422</LongitudeDegrees></Position></Trackpoint><Trackpoint><Time>2026-06-14T12:51:56.000Z</Time><Position><LatitudeDegrees>56.847820604883864</LatitudeDegrees><LongitudeDegrees>60.65737894809733</LongitudeDegrees></Position></Trackpoint><Trackpoint><Time>2026-06-14T12:51:57.000Z</Time><Position><LatitudeDegrees>56.84783221252522</LatitudeDegrees><LongitudeDegrees>60.65737477393459</LongitudeDegrees></Position></Trackpoint><Trackpoint><Time>2026-06-14T12:51:58.000Z</Time><Position><LatitudeDegrees>56.84784378505243</LatitudeDegrees><LongitudeDegrees>60.65737165814421</LongitudeDegrees></Position></Trackpoint><Trackpoint><Time>2026-06-14T12:51:59.000Z</Time><Position><LatitudeDegrees>56.847854347412735</LatitudeDegrees><LongitudeDegrees>60.657368398912595</LongitudeDegrees></Position></Trackpoint><Trackpoint><Time>2026-06-14T12:52:00.000Z</Time><Position><LatitudeDegrees>56.84786460692152</LatitudeDegrees><LongitudeDegrees>60.65736451970331</LongitudeDegrees></Position></Trackpoint><Trackpoint><Time>2026-06-14T12:52:01.000Z</Time><Position><LatitudeDegrees>56.847875383356005</LatitudeDegrees><LongitudeDegrees>60.65736039344656</LongitudeDegrees></Position></Trackpoint><Trackpoint><Time>2026-06-14T12:52:02.000Z</Time><Position><LatitudeDegrees>56.84788645837054</LatitudeDegrees><LongitudeDegrees>60.657355715825</LongitudeDegrees></Position></Trackpoint><Trackpoint><Time>2026-06-14T12:52:03.000Z</Time><Position><LatitudeDegrees>56.847897703720804</LatitudeDegrees><LongitudeDegrees>60.65734994266681</LongitudeDegrees></Position></Trackpoint><Trackpoint><Time>2026-06-14T12:52:04.000Z</Time><Position><LatitudeDegrees>56.84790904472918</LatitudeDegrees><LongitudeDegrees>60.65734445930622</LongitudeDegrees></Position></Trackpoint><Trackpoint><Time>2026-06-14T12:52:05.000Z</Time><Position><LatitudeDegrees>56.84792043836335</LatitudeDegrees><LongitudeDegrees>60.657338819853734</LongitudeDegrees></Position></Trackpoint><Trackpoint><Time>2026-06-14T12:52:06.000Z</Time><Position><LatitudeDegrees>56.847931860146744</LatitudeDegrees><LongitudeDegrees>60.65733335032197</LongitudeDegrees></Position></Trackpoint><Trackpoint><Time>2026-06-14T12:52:07.000Z</Time><Position><LatitudeDegrees>56.84794329638617</LatitudeDegrees><LongitudeDegrees>60.657328163164735</LongitudeDegrees></Position></Trackpoint><Trackpoint><Time>2026-06-14T12:52:08.000Z</Time><Position><LatitudeDegrees>56.8479542499763</LatitudeDegrees><LongitudeDegrees>60.6573232684519</LongitudeDegrees></Position></Trackpoint><Trackpoint><Time>2026-06-14T12:52:09.000Z</Time><Position><LatitudeDegrees>56.84796506775049</LatitudeDegrees><LongitudeDegrees>60.657318143185165</LongitudeDegrees></Position></Trackpoint><Trackpoint><Time>2026-06-14T12:52:10.000Z</Time><Position><LatitudeDegrees>56.847975909978075</LatitudeDegrees><LongitudeDegrees>60.65731309117826</LongitudeDegrees></Position></Trackpoint><Trackpoint><Time>2026-06-14T12:52:11.000Z</Time><Position><LatitudeDegrees>56.84798683952474</LatitudeDegrees><LongitudeDegrees>60.657308717759626</LongitudeDegrees></Position></Trackpoint><Trackpoint><Time>2026-06-14T12:52:12.000Z</Time><Position><LatitudeDegrees>56.84799836068402</LatitudeDegrees><LongitudeDegrees>60.65730518512794</LongitudeDegrees></Position></Trackpoint><Trackpoint><Time>2026-06-14T12:52:13.000Z</Time><Position><LatitudeDegrees>56.84801060520822</LatitudeDegrees><LongitudeDegrees>60.65730196255766</LongitudeDegrees></Position></Trackpoint><Trackpoint><Time>2026-06-14T12:52:14.000Z</Time><Position><LatitudeDegrees>56.84802304490395</LatitudeDegrees><LongitudeDegrees>60.65729830207179</LongitudeDegrees></Position></Trackpoint><Trackpoint><Time>2026-06-14T12:52:15.000Z</Time><Position><LatitudeDegrees>56.848036416414786</LatitudeDegrees><LongitudeDegrees>60.657293951834255</LongitudeDegrees></Position></Trackpoint><Trackpoint><Time>2026-06-14T12:52:16.000Z</Time><Position><LatitudeDegrees>56.848050413907465</LatitudeDegrees><LongitudeDegrees>60.65728938626977</LongitudeDegrees></Position></Trackpoint><Trackpoint><Time>2026-06-14T12:52:17.000Z</Time><Position><LatitudeDegrees>56.84806532069645</LatitudeDegrees><LongitudeDegrees>60.657284338788514</LongitudeDegrees></Position></Trackpoint><Trackpoint><Time>2026-06-14T12:52:18.000Z</Time><Position><LatitudeDegrees>56.848080647142645</LatitudeDegrees><LongitudeDegrees>60.65728023028506</LongitudeDegrees></Position></Trackpoint><Trackpoint><Time>2026-06-14T12:52:19.000Z</Time><Position><LatitudeDegrees>56.84809564812336</LatitudeDegrees><LongitudeDegrees>60.65727605658294</LongitudeDegrees></Position></Trackpoint><Trackpoint><Time>2026-06-14T12:52:20.000Z</Time><Position><LatitudeDegrees>56.84811005854524</LatitudeDegrees><LongitudeDegrees>60.65727092288632</LongitudeDegrees></Position></Trackpoint><Trackpoint><Time>2026-06-14T12:52:21.000Z</Time><Position><LatitudeDegrees>56.84812384503131</LatitudeDegrees><LongitudeDegrees>60.65726507351291</LongitudeDegrees></Position></Trackpoint><Trackpoint><Time>2026-06-14T12:52:22.000Z</Time><Position><LatitudeDegrees>56.84813707391706</LatitudeDegrees><LongitudeDegrees>60.657258700936914</LongitudeDegrees></Position></Trackpoint><Trackpoint><Time>2026-06-14T12:52:23.000Z</Time><Position><LatitudeDegrees>56.848149354478174</LatitudeDegrees><LongitudeDegrees>60.657252441188504</LongitudeDegrees></Position></Trackpoint><Trackpoint><Time>2026-06-14T12:52:24.000Z</Time><Position><LatitudeDegrees>56.84816113712802</LatitudeDegrees><LongitudeDegrees>60.657246541724874</LongitudeDegrees></Position></Trackpoint><Trackpoint><Time>2026-06-14T12:52:25.000Z</Time><Position><LatitudeDegrees>56.848172671267974</LatitudeDegrees><LongitudeDegrees>60.657240078993894</LongitudeDegrees></Position></Trackpoint><Trackpoint><Time>2026-06-14T12:52:26.000Z</Time><Position><LatitudeDegrees>56.848183601895116</LatitudeDegrees><LongitudeDegrees>60.65723323455114</LongitudeDegrees></Position></Trackpoint><Trackpoint><Time>2026-06-14T12:52:27.000Z</Time><Position><LatitudeDegrees>56.848193860267344</LatitudeDegrees><LongitudeDegrees>60.65722662176999</LongitudeDegrees></Position></Trackpoint><Trackpoint><Time>2026-06-14T12:52:28.000Z</Time><Position><LatitudeDegrees>56.84820350435727</LatitudeDegrees><LongitudeDegrees>60.65722046352465</LongitudeDegrees></Position></Trackpoint><Trackpoint><Time>2026-06-14T12:52:29.000Z</Time><Position><LatitudeDegrees>56.84821263688216</LatitudeDegrees><LongitudeDegrees>60.657215282873786</LongitudeDegrees></Position></Trackpoint><Trackpoint><Time>2026-06-14T12:52:30.000Z</Time><Position><LatitudeDegrees>56.84822185541362</LatitudeDegrees><LongitudeDegrees>60.657210680146996</LongitudeDegrees></Position></Trackpoint><Trackpoint><Time>2026-06-14T12:52:31.000Z</Time><Position><LatitudeDegrees>56.84823090540213</LatitudeDegrees><LongitudeDegrees>60.65720494773915</LongitudeDegrees></Position></Trackpoint><Trackpoint><Time>2026-06-14T12:52:32.000Z</Time><Position><LatitudeDegrees>56.848240193258576</LatitudeDegrees><LongitudeDegrees>60.65719899622623</LongitudeDegrees></Position></Trackpoint><Trackpoint><Time>2026-06-14T12:52:33.000Z</Time><Position><LatitudeDegrees>56.84825034543712</LatitudeDegrees><LongitudeDegrees>60.65719273912496</LongitudeDegrees></Position></Trackpoint><Trackpoint><Time>2026-06-14T12:52:34.000Z</Time><Position><LatitudeDegrees>56.84826101938745</LatitudeDegrees><LongitudeDegrees>60.65718666965108</LongitudeDegrees></Position></Trackpoint><Trackpoint><Time>2026-06-14T12:52:35.000Z</Time><Position><LatitudeDegrees>56.84827200706729</LatitudeDegrees><LongitudeDegrees>60.6571814564562</LongitudeDegrees></Position></Trackpoint><Trackpoint><Time>2026-06-14T12:52:36.000Z</Time><Position><LatitudeDegrees>56.8482836721418</LatitudeDegrees><LongitudeDegrees>60.657176775400615</LongitudeDegrees></Position></Trackpoint><Trackpoint><Time>2026-06-14T12:52:37.000Z</Time><Position><LatitudeDegrees>56.848296077437844</LatitudeDegrees><LongitudeDegrees>60.65717242469352</LongitudeDegrees></Position></Trackpoint><Trackpoint><Time>2026-06-14T12:52:38.000Z</Time><Position><LatitudeDegrees>56.8483086642127</LatitudeDegrees><LongitudeDegrees>60.657169258052235</LongitudeDegrees></Position></Trackpoint><Trackpoint><Time>2026-06-14T12:52:39.000Z</Time><Position><LatitudeDegrees>56.84832117906494</LatitudeDegrees><LongitudeDegrees>60.65716649587173</LongitudeDegrees></Position></Trackpoint><Trackpoint><Time>2026-06-14T12:52:40.000Z</Time><Position><LatitudeDegrees>56.84833303725594</LatitudeDegrees><LongitudeDegrees>60.657163765172726</LongitudeDegrees></Position></Trackpoint><Trackpoint><Time>2026-06-14T12:52:41.000Z</Time><Position><LatitudeDegrees>56.848344082252325</LatitudeDegrees><LongitudeDegrees>60.65716041869871</LongitudeDegrees></Position></Trackpoint><Trackpoint><Time>2026-06-14T12:52:42.000Z</Time><Position><LatitudeDegrees>56.84835435396072</LatitudeDegrees><LongitudeDegrees>60.65715675853225</LongitudeDegrees></Position></Trackpoint><Trackpoint><Time>2026-06-14T12:52:43.000Z</Time><Position><LatitudeDegrees>56.84836445767697</LatitudeDegrees><LongitudeDegrees>60.65715343895362</LongitudeDegrees></Position></Trackpoint><Trackpoint><Time>2026-06-14T12:52:44.000Z</Time><Position><LatitudeDegrees>56.84837466424363</LatitudeDegrees><LongitudeDegrees>60.65714970648206</LongitudeDegrees></Position></Trackpoint><Trackpoint><Time>2026-06-14T12:52:45.000Z</Time><Position><LatitudeDegrees>56.84838507200199</LatitudeDegrees><LongitudeDegrees>60.65714579341388</LongitudeDegrees></Position></Trackpoint><Trackpoint><Time>2026-06-14T12:52:46.000Z</Time><Position><LatitudeDegrees>56.84839520601901</LatitudeDegrees><LongitudeDegrees>60.65714181859575</LongitudeDegrees></Position></Trackpoint><Trackpoint><Time>2026-06-14T12:52:47.000Z</Time><Position><LatitudeDegrees>56.848405885056955</LatitudeDegrees><LongitudeDegrees>60.657138818119435</LongitudeDegrees></Position></Trackpoint><Trackpoint><Time>2026-06-14T12:52:48.000Z</Time><Position><LatitudeDegrees>56.84841688674619</LatitudeDegrees><LongitudeDegrees>60.657136604016166</LongitudeDegrees></Position></Trackpoint><Trackpoint><Time>2026-06-14T12:52:49.000Z</Time><Position><LatitudeDegrees>56.848428078095694</LatitudeDegrees><LongitudeDegrees>60.657134508333726</LongitudeDegrees></Position></Trackpoint><Trackpoint><Time>2026-06-14T12:52:50.000Z</Time><Position><LatitudeDegrees>56.84843986960332</LatitudeDegrees><LongitudeDegrees>60.65713175117736</LongitudeDegrees></Position></Trackpoint><Trackpoint><Time>2026-06-14T12:52:51.000Z</Time><Position><LatitudeDegrees>56.84845137407516</LatitudeDegrees><LongitudeDegrees>60.657128585870204</LongitudeDegrees></Position></Trackpoint><Trackpoint><Time>2026-06-14T12:52:52.000Z</Time><Position><LatitudeDegrees>56.848462262975794</LatitudeDegrees><LongitudeDegrees>60.657124679514084</LongitudeDegrees></Position></Trackpoint><Trackpoint><Time>2026-06-14T12:52:53.000Z</Time><Position><LatitudeDegrees>56.848472480011</LatitudeDegrees><LongitudeDegrees>60.657120479733564</LongitudeDegrees></Position></Trackpoint><Trackpoint><Time>2026-06-14T12:52:54.000Z</Time><Position><LatitudeDegrees>56.84848257784047</LatitudeDegrees><LongitudeDegrees>60.65711669814656</LongitudeDegrees></Position></Trackpoint><Trackpoint><Time>2026-06-14T12:52:55.000Z</Time><Position><LatitudeDegrees>56.848492799367776</LatitudeDegrees><LongitudeDegrees>60.65711357414656</LongitudeDegrees></Position></Trackpoint><Trackpoint><Time>2026-06-14T12:52:56.000Z</Time><Position><LatitudeDegrees>56.8485037183629</LatitudeDegrees><LongitudeDegrees>60.65711014270225</LongitudeDegrees></Position></Trackpoint><Trackpoint><Time>2026-06-14T12:52:57.000Z</Time><Position><LatitudeDegrees>56.84851548160451</LatitudeDegrees><LongitudeDegrees>60.65710702506281</LongitudeDegrees></Position></Trackpoint><Trackpoint><Time>2026-06-14T12:52:58.000Z</Time><Position><LatitudeDegrees>56.84852755157258</LatitudeDegrees><LongitudeDegrees>60.65710443680297</LongitudeDegrees></Position></Trackpoint><Trackpoint><Time>2026-06-14T12:52:59.000Z</Time><Position><LatitudeDegrees>56.84854015714118</LatitudeDegrees><LongitudeDegrees>60.65710092992668</LongitudeDegrees></Position></Trackpoint><Trackpoint><Time>2026-06-14T12:53:00.000Z</Time><Position><LatitudeDegrees>56.84855283421415</LatitudeDegrees><LongitudeDegrees>60.65709700522515</LongitudeDegrees></Position></Trackpoint><Trackpoint><Time>2026-06-14T12:53:01.000Z</Time><Position><LatitudeDegrees>56.84856538248374</LatitudeDegrees><LongitudeDegrees>60.65709341217875</LongitudeDegrees></Position></Trackpoint><Trackpoint><Time>2026-06-14T12:53:02.000Z</Time><Position><LatitudeDegrees>56.84857822559887</LatitudeDegrees><LongitudeDegrees>60.65708943765983</LongitudeDegrees></Position></Trackpoint><Trackpoint><Time>2026-06-14T12:53:03.000Z</Time><Position><LatitudeDegrees>56.8485910105787</LatitudeDegrees><LongitudeDegrees>60.65708532655066</LongitudeDegrees></Position></Trackpoint><Trackpoint><Time>2026-06-14T12:53:04.000Z</Time><Position><LatitudeDegrees>56.84860408912615</LatitudeDegrees><LongitudeDegrees>60.65708119723309</LongitudeDegrees></Position></Trackpoint><Trackpoint><Time>2026-06-14T12:53:05.000Z</Time><Position><LatitudeDegrees>56.84861707879462</LatitudeDegrees><LongitudeDegrees>60.65707710079774</LongitudeDegrees></Position></Trackpoint><Trackpoint><Time>2026-06-14T12:53:06.000Z</Time><Position><LatitudeDegrees>56.84863081270857</LatitudeDegrees><LongitudeDegrees>60.657073054065044</LongitudeDegrees></Position></Trackpoint><Trackpoint><Time>2026-06-14T12:53:07.000Z</Time><Position><LatitudeDegrees>56.84864455923243</LatitudeDegrees><LongitudeDegrees>60.657069547193565</LongitudeDegrees></Position></Trackpoint><Trackpoint><Time>2026-06-14T12:53:08.000Z</Time><Position><LatitudeDegrees>56.8486580154358</LatitudeDegrees><LongitudeDegrees>60.65706720236721</LongitudeDegrees></Position></Trackpoint><Trackpoint><Time>2026-06-14T12:53:09.000Z</Time><Position><LatitudeDegrees>56.84867109382404</LatitudeDegrees><LongitudeDegrees>60.65706612667531</LongitudeDegrees></Position></Trackpoint><Trackpoint><Time>2026-06-14T12:53:10.000Z</Time><Position><LatitudeDegrees>56.848683806855924</LatitudeDegrees><LongitudeDegrees>60.657065222108116</LongitudeDegrees></Position></Trackpoint><Trackpoint><Time>2026-06-14T12:53:11.000Z</Time><Position><LatitudeDegrees>56.848696206555346</LatitudeDegrees><LongitudeDegrees>60.65706352489437</LongitudeDegrees></Position></Trackpoint><Trackpoint><Time>2026-06-14T12:53:12.000Z</Time><Position><LatitudeDegrees>56.84870835456322</LatitudeDegrees><LongitudeDegrees>60.657061719077156</LongitudeDegrees></Position></Trackpoint><Trackpoint><Time>2026-06-14T12:53:13.000Z</Time><Position><LatitudeDegrees>56.84872030856956</LatitudeDegrees><LongitudeDegrees>60.65706010030732</LongitudeDegrees></Position></Trackpoint><Trackpoint><Time>2026-06-14T12:53:14.000Z</Time><Position><LatitudeDegrees>56.848731627622215</LatitudeDegrees><LongitudeDegrees>60.65705876633649</LongitudeDegrees></Position></Trackpoint><Trackpoint><Time>2026-06-14T12:53:15.000Z</Time><Position><LatitudeDegrees>56.84874221161774</LatitudeDegrees><LongitudeDegrees>60.65705772086852</LongitudeDegrees></Position></Trackpoint><Trackpoint><Time>2026-06-14T12:53:16.000Z</Time><Position><LatitudeDegrees>56.848752603284275</LatitudeDegrees><LongitudeDegrees>60.65705643878927</LongitudeDegrees></Position></Trackpoint><Trackpoint><Time>2026-06-14T12:53:17.000Z</Time><Position><LatitudeDegrees>56.848762561209895</LatitudeDegrees><LongitudeDegrees>60.65705375498667</LongitudeDegrees></Position></Trackpoint><Trackpoint><Time>2026-06-14T12:53:18.000Z</Time><Position><LatitudeDegrees>56.848773020864336</LatitudeDegrees><LongitudeDegrees>60.65704887992718</LongitudeDegrees></Position></Trackpoint><Trackpoint><Time>2026-06-14T12:53:19.000Z</Time><Position><LatitudeDegrees>56.8487843031091</LatitudeDegrees><LongitudeDegrees>60.65704128008844</LongitudeDegrees></Position></Trackpoint><Trackpoint><Time>2026-06-14T12:53:20.000Z</Time><Position><LatitudeDegrees>56.848795944896814</LatitudeDegrees><LongitudeDegrees>60.65703206469068</LongitudeDegrees></Position></Trackpoint><Trackpoint><Time>2026-06-14T12:53:21.000Z</Time><Position><LatitudeDegrees>56.84880770938233</LatitudeDegrees><LongitudeDegrees>60.65702238751296</LongitudeDegrees></Position></Trackpoint><Trackpoint><Time>2026-06-14T12:53:22.000Z</Time><Position><LatitudeDegrees>56.84881948327684</LatitudeDegrees><LongitudeDegrees>60.6570122933781</LongitudeDegrees></Position></Trackpoint><Trackpoint><Time>2026-06-14T12:53:23.000Z</Time><Position><LatitudeDegrees>56.84883023949538</LatitudeDegrees><LongitudeDegrees>60.657001854261466</LongitudeDegrees></Position></Trackpoint><Trackpoint><Time>2026-06-14T12:53:24.000Z</Time><Position><LatitudeDegrees>56.8488406648885</LatitudeDegrees><LongitudeDegrees>60.65699261291464</LongitudeDegrees></Position></Trackpoint><Trackpoint><Time>2026-06-14T12:53:25.000Z</Time><Position><LatitudeDegrees>56.84885108478512</LatitudeDegrees><LongitudeDegrees>60.65698358213039</LongitudeDegrees></Position></Trackpoint><Trackpoint><Time>2026-06-14T12:53:26.000Z</Time><Position><LatitudeDegrees>56.84886114426138</LatitudeDegrees><LongitudeDegrees>60.6569757971503</LongitudeDegrees></Position></Trackpoint><Trackpoint><Time>2026-06-14T12:53:27.000Z</Time><Position><LatitudeDegrees>56.8488707434072</LatitudeDegrees><LongitudeDegrees>60.65696854520309</LongitudeDegrees></Position></Trackpoint><Trackpoint><Time>2026-06-14T12:53:28.000Z</Time><Position><LatitudeDegrees>56.84888038976962</LatitudeDegrees><LongitudeDegrees>60.65696195394242</LongitudeDegrees></Position></Trackpoint><Trackpoint><Time>2026-06-14T12:53:29.000Z</Time><Position><LatitudeDegrees>56.84889077592388</LatitudeDegrees><LongitudeDegrees>60.65695648075283</LongitudeDegrees></Position></Trackpoint><Trackpoint><Time>2026-06-14T12:53:30.000Z</Time><Position><LatitudeDegrees>56.84890160253376</LatitudeDegrees><LongitudeDegrees>60.65695266010841</LongitudeDegrees></Position></Trackpoint><Trackpoint><Time>2026-06-14T12:53:31.000Z</Time><Position><LatitudeDegrees>56.84891268979083</LatitudeDegrees><LongitudeDegrees>60.65694903118989</LongitudeDegrees></Position></Trackpoint><Trackpoint><Time>2026-06-14T12:53:33.000Z</Time><Position><LatitudeDegrees>56.84892539902216</LatitudeDegrees><LongitudeDegrees>60.656945457386065</LongitudeDegrees></Position></Trackpoint><Trackpoint><Time>2026-06-14T12:53:34.000Z</Time><Position><LatitudeDegrees>56.848939103468446</LatitudeDegrees><LongitudeDegrees>60.65694138575138</LongitudeDegrees></Position></Trackpoint><Trackpoint><Time>2026-06-14T12:53:36.000Z</Time><Position><LatitudeDegrees>56.848952927664364</LatitudeDegrees><LongitudeDegrees>60.656935183628406</LongitudeDegrees></Position></Trackpoint><Trackpoint><Time>2026-06-14T12:53:37.000Z</Time><Position><LatitudeDegrees>56.84896649569441</LatitudeDegrees><LongitudeDegrees>60.65692547285806</LongitudeDegrees></Position></Trackpoint><Trackpoint><Time>2026-06-14T12:53:38.000Z</Time><Position><LatitudeDegrees>56.84897919601194</LatitudeDegrees><LongitudeDegrees>60.656913115419314</LongitudeDegrees></Position></Trackpoint><Trackpoint><Time>2026-06-14T12:53:39.000Z</Time><Position><LatitudeDegrees>56.84899137774184</LatitudeDegrees><LongitudeDegrees>60.65690027483157</LongitudeDegrees></Position></Trackpoint><Trackpoint><Time>2026-06-14T12:53:40.000Z</Time><Position><LatitudeDegrees>56.84900325122533</LatitudeDegrees><LongitudeDegrees>60.6568874145051</LongitudeDegrees></Position></Trackpoint><Trackpoint><Time>2026-06-14T12:53:41.000Z</Time><Position><LatitudeDegrees>56.84901494265089</LatitudeDegrees><LongitudeDegrees>60.65687472782114</LongitudeDegrees></Position></Trackpoint><Trackpoint><Time>2026-06-14T12:53:42.000Z</Time><Position><LatitudeDegrees>56.849027016964634</LatitudeDegrees><LongitudeDegrees>60.6568627617444</LongitudeDegrees></Position></Trackpoint><Trackpoint><Time>2026-06-14T12:53:43.000Z</Time><Position><LatitudeDegrees>56.849039168076466</LatitudeDegrees><LongitudeDegrees>60.65685115943372</LongitudeDegrees></Position></Trackpoint><Trackpoint><Time>2026-06-14T12:53:44.000Z</Time><Position><LatitudeDegrees>56.84905174968198</LatitudeDegrees><LongitudeDegrees>60.656841196073046</LongitudeDegrees></Position></Trackpoint><Trackpoint><Time>2026-06-14T12:53:45.000Z</Time><Position><LatitudeDegrees>56.84906436258099</LatitudeDegrees><LongitudeDegrees>60.656832696858274</LongitudeDegrees></Position></Trackpoint><Trackpoint><Time>2026-06-14T12:53:46.000Z</Time><Position><LatitudeDegrees>56.84907634874244</LatitudeDegrees><LongitudeDegrees>60.656825891488964</LongitudeDegrees></Position></Trackpoint><Trackpoint><Time>2026-06-14T12:53:47.000Z</Time><Position><LatitudeDegrees>56.849087517608034</LatitudeDegrees><LongitudeDegrees>60.656820167549924</LongitudeDegrees></Position></Trackpoint><Trackpoint><Time>2026-06-14T12:53:48.000Z</Time><Position><LatitudeDegrees>56.84909887481942</LatitudeDegrees><LongitudeDegrees>60.65681562363885</LongitudeDegrees></Position></Trackpoint><Trackpoint><Time>2026-06-14T12:53:49.000Z</Time><Position><LatitudeDegrees>56.84911032074885</LatitudeDegrees><LongitudeDegrees>60.656811659296125</LongitudeDegrees></Position></Trackpoint><Trackpoint><Time>2026-06-14T12:53:50.000Z</Time><Position><LatitudeDegrees>56.849122292590096</LatitudeDegrees><LongitudeDegrees>60.656807952845746</LongitudeDegrees></Position></Trackpoint><Trackpoint><Time>2026-06-14T12:53:51.000Z</Time><Position><LatitudeDegrees>56.84913441328352</LatitudeDegrees><LongitudeDegrees>60.65680482832133</LongitudeDegrees></Position></Trackpoint><Trackpoint><Time>2026-06-14T12:53:52.000Z</Time><Position><LatitudeDegrees>56.849146998049065</LatitudeDegrees><LongitudeDegrees>60.656802344481406</LongitudeDegrees></Position></Trackpoint><Trackpoint><Time>2026-06-14T12:53:53.000Z</Time><Position><LatitudeDegrees>56.84915913792061</LatitudeDegrees><LongitudeDegrees>60.6567999536832</LongitudeDegrees></Position></Trackpoint><Trackpoint><Time>2026-06-14T12:53:54.000Z</Time><Position><LatitudeDegrees>56.84917149487831</LatitudeDegrees><LongitudeDegrees>60.65679741844738</LongitudeDegrees></Position></Trackpoint><Trackpoint><Time>2026-06-14T12:53:55.000Z</Time><Position><LatitudeDegrees>56.84918382407438</LatitudeDegrees><LongitudeDegrees>60.65679514912102</LongitudeDegrees></Position></Trackpoint><Trackpoint><Time>2026-06-14T12:53:56.000Z</Time><Position><LatitudeDegrees>56.84919602823548</LatitudeDegrees><LongitudeDegrees>60.65679328056964</LongitudeDegrees></Position></Trackpoint><Trackpoint><Time>2026-06-14T12:53:57.000Z</Time><Position><LatitudeDegrees>56.849208572959895</LatitudeDegrees><LongitudeDegrees>60.65679181689651</LongitudeDegrees></Position></Trackpoint><Trackpoint><Time>2026-06-14T12:53:58.000Z</Time><Position><LatitudeDegrees>56.849221606285724</LatitudeDegrees><LongitudeDegrees>60.65678972860473</LongitudeDegrees></Position></Trackpoint><Trackpoint><Time>2026-06-14T12:53:59.000Z</Time><Position><LatitudeDegrees>56.84923414724751</LatitudeDegrees><LongitudeDegrees>60.65678716149263</LongitudeDegrees></Position></Trackpoint><Trackpoint><Time>2026-06-14T12:54:00.000Z</Time><Position><LatitudeDegrees>56.84924585504514</LatitudeDegrees><LongitudeDegrees>60.65678472667131</LongitudeDegrees></Position></Trackpoint><Trackpoint><Time>2026-06-14T12:54:01.000Z</Time><Position><LatitudeDegrees>56.84925669626112</LatitudeDegrees><LongitudeDegrees>60.65678216922676</LongitudeDegrees></Position></Trackpoint><Trackpoint><Time>2026-06-14T12:54:02.000Z</Time><Position><LatitudeDegrees>56.849266278746846</LatitudeDegrees><LongitudeDegrees>60.656778420694145</LongitudeDegrees></Position></Trackpoint><Trackpoint><Time>2026-06-14T12:54:03.000Z</Time><Position><LatitudeDegrees>56.84927509216918</LatitudeDegrees><LongitudeDegrees>60.65677466275024</LongitudeDegrees></Position></Trackpoint><Trackpoint><Time>2026-06-14T12:54:04.000Z</Time><Position><LatitudeDegrees>56.84928343689738</LatitudeDegrees><LongitudeDegrees>60.65677138325685</LongitudeDegrees></Position></Trackpoint><Trackpoint><Time>2026-06-14T12:54:05.000Z</Time><Position><LatitudeDegrees>56.84929198640034</LatitudeDegrees><LongitudeDegrees>60.65676921133398</LongitudeDegrees></Position></Trackpoint><Trackpoint><Time>2026-06-14T12:54:06.000Z</Time><Position><LatitudeDegrees>56.849300502141844</LatitudeDegrees><LongitudeDegrees>60.65676777430859</LongitudeDegrees></Position></Trackpoint><Trackpoint><Time>2026-06-14T12:54:07.000Z</Time><Position><LatitudeDegrees>56.84930937982859</LatitudeDegrees><LongitudeDegrees>60.65676731398915</LongitudeDegrees></Position></Trackpoint><Trackpoint><Time>2026-06-14T12:54:08.000Z</Time><Position><LatitudeDegrees>56.84931873597065</LatitudeDegrees><LongitudeDegrees>60.656767314991086</LongitudeDegrees></Position></Trackpoint><Trackpoint><Time>2026-06-14T12:54:09.000Z</Time><Position><LatitudeDegrees>56.84932904675237</LatitudeDegrees><LongitudeDegrees>60.656768485073194</LongitudeDegrees></Position></Trackpoint><Trackpoint><Time>2026-06-14T12:54:10.000Z</Time><Position><LatitudeDegrees>56.849339896145175</LatitudeDegrees><LongitudeDegrees>60.65676949683262</LongitudeDegrees></Position></Trackpoint><Trackpoint><Time>2026-06-14T12:54:11.000Z</Time><Position><LatitudeDegrees>56.84935153329532</LatitudeDegrees><LongitudeDegrees>60.65676982392107</LongitudeDegrees></Position></Trackpoint><Trackpoint><Time>2026-06-14T12:54:12.000Z</Time><Position><LatitudeDegrees>56.849363470091454</LatitudeDegrees><LongitudeDegrees>60.65676982705787</LongitudeDegrees></Position></Trackpoint><Trackpoint><Time>2026-06-14T12:54:13.000Z</Time><Position><LatitudeDegrees>56.849375467053946</LatitudeDegrees><LongitudeDegrees>60.65676969637798</LongitudeDegrees></Position></Trackpoint><Trackpoint><Time>2026-06-14T12:54:14.000Z</Time><Position><LatitudeDegrees>56.849387907445454</LatitudeDegrees><LongitudeDegrees>60.656769527360474</LongitudeDegrees></Position></Trackpoint><Trackpoint><Time>2026-06-14T12:54:15.000Z</Time><Position><LatitudeDegrees>56.84940040258226</LatitudeDegrees><LongitudeDegrees>60.65676936424741</LongitudeDegrees></Position></Trackpoint><Trackpoint><Time>2026-06-14T12:54:16.000Z</Time><Position><LatitudeDegrees>56.84941327497559</LatitudeDegrees><LongitudeDegrees>60.65676873489068</LongitudeDegrees></Position></Trackpoint><Trackpoint><Time>2026-06-14T12:54:17.000Z</Time><Position><LatitudeDegrees>56.84942562980477</LatitudeDegrees><LongitudeDegrees>60.65676652546439</LongitudeDegrees></Position></Trackpoint><Trackpoint><Time>2026-06-14T12:54:18.000Z</Time><Position><LatitudeDegrees>56.849437164981396</LatitudeDegrees><LongitudeDegrees>60.656763948889285</LongitudeDegrees></Position></Trackpoint><Trackpoint><Time>2026-06-14T12:54:19.000Z</Time><Position><LatitudeDegrees>56.84944835090717</LatitudeDegrees><LongitudeDegrees>60.65676204142019</LongitudeDegrees></Position></Trackpoint><Trackpoint><Time>2026-06-14T12:54:20.000Z</Time><Position><LatitudeDegrees>56.84945893652439</LatitudeDegrees><LongitudeDegrees>60.656759675110784</LongitudeDegrees></Position></Trackpoint><Trackpoint><Time>2026-06-14T12:54:21.000Z</Time><Position><LatitudeDegrees>56.849469385098445</LatitudeDegrees><LongitudeDegrees>60.6567579131585</LongitudeDegrees></Position></Trackpoint><Trackpoint><Time>2026-06-14T12:54:22.000Z</Time><Position><LatitudeDegrees>56.849480394617366</LatitudeDegrees><LongitudeDegrees>60.65675711585515</LongitudeDegrees></Position></Trackpoint><Trackpoint><Time>2026-06-14T12:54:23.000Z</Time><Position><LatitudeDegrees>56.849491690928865</LatitudeDegrees><LongitudeDegrees>60.65675534932723</LongitudeDegrees></Position></Trackpoint><Trackpoint><Time>2026-06-14T12:54:24.000Z</Time><Position><LatitudeDegrees>56.84950263470787</LatitudeDegrees><LongitudeDegrees>60.656752431150245</LongitudeDegrees></Position></Trackpoint><Trackpoint><Time>2026-06-14T12:54:25.000Z</Time><Position><LatitudeDegrees>56.84951398712724</LatitudeDegrees><LongitudeDegrees>60.65674941322938</LongitudeDegrees></Position></Trackpoint><Trackpoint><Time>2026-06-14T12:54:26.000Z</Time><Position><LatitudeDegrees>56.849525519604356</LatitudeDegrees><LongitudeDegrees>60.65674576235499</LongitudeDegrees></Position></Trackpoint><Trackpoint><Time>2026-06-14T12:54:27.000Z</Time><Position><LatitudeDegrees>56.84953662528052</LatitudeDegrees><LongitudeDegrees>60.65674134017219</LongitudeDegrees></Position></Trackpoint><Trackpoint><Time>2026-06-14T12:54:28.000Z</Time><Position><LatitudeDegrees>56.84954759862095</LatitudeDegrees><LongitudeDegrees>60.6567361886981</LongitudeDegrees></Position></Trackpoint><Trackpoint><Time>2026-06-14T12:54:29.000Z</Time><Position><LatitudeDegrees>56.84955857788134</LatitudeDegrees><LongitudeDegrees>60.6567304188402</LongitudeDegrees></Position></Trackpoint><Trackpoint><Time>2026-06-14T12:54:30.000Z</Time><Position><LatitudeDegrees>56.84956912962956</LatitudeDegrees><LongitudeDegrees>60.656724155642515</LongitudeDegrees></Position></Trackpoint><Trackpoint><Time>2026-06-14T12:54:31.000Z</Time><Position><LatitudeDegrees>56.84957913023433</LatitudeDegrees><LongitudeDegrees>60.656718003532376</LongitudeDegrees></Position></Trackpoint><Trackpoint><Time>2026-06-14T12:54:32.000Z</Time><Position><LatitudeDegrees>56.84958957873985</LatitudeDegrees><LongitudeDegrees>60.65671121795396</LongitudeDegrees></Position></Trackpoint><Trackpoint><Time>2026-06-14T12:54:33.000Z</Time><Position><LatitudeDegrees>56.84960033948782</LatitudeDegrees><LongitudeDegrees>60.65670651124276</LongitudeDegrees></Position></Trackpoint><Trackpoint><Time>2026-06-14T12:54:34.000Z</Time><Position><LatitudeDegrees>56.849611316533796</LatitudeDegrees><LongitudeDegrees>60.656703264777654</LongitudeDegrees></Position></Trackpoint><Trackpoint><Time>2026-06-14T12:54:35.000Z</Time><Position><LatitudeDegrees>56.8496219529925</LatitudeDegrees><LongitudeDegrees>60.65670103636947</LongitudeDegrees></Position></Trackpoint><Trackpoint><Time>2026-06-14T12:54:36.000Z</Time><Position><LatitudeDegrees>56.84963206323388</LatitudeDegrees><LongitudeDegrees>60.65669853402265</LongitudeDegrees></Position></Trackpoint><Trackpoint><Time>2026-06-14T12:54:37.000Z</Time><Position><LatitudeDegrees>56.84964212795909</LatitudeDegrees><LongitudeDegrees>60.65669575042058</LongitudeDegrees></Position></Trackpoint><Trackpoint><Time>2026-06-14T12:54:38.000Z</Time><Position><LatitudeDegrees>56.84965284058947</LatitudeDegrees><LongitudeDegrees>60.656692229038086</LongitudeDegrees></Position></Trackpoint><Trackpoint><Time>2026-06-14T12:54:39.000Z</Time><Position><LatitudeDegrees>56.84966440354138</LatitudeDegrees><LongitudeDegrees>60.65668934538774</LongitudeDegrees></Position></Trackpoint><Trackpoint><Time>2026-06-14T12:54:40.000Z</Time><Position><LatitudeDegrees>56.849676791039165</LatitudeDegrees><LongitudeDegrees>60.656687094488916</LongitudeDegrees></Position></Trackpoint><Trackpoint><Time>2026-06-14T12:54:41.000Z</Time><Position><LatitudeDegrees>56.849689886638316</LatitudeDegrees><LongitudeDegrees>60.65668588268835</LongitudeDegrees></Position></Trackpoint><Trackpoint><Time>2026-06-14T12:54:42.000Z</Time><Position><LatitudeDegrees>56.84970306188876</LatitudeDegrees><LongitudeDegrees>60.65668476474524</LongitudeDegrees></Position></Trackpoint><Trackpoint><Time>2026-06-14T12:54:43.000Z</Time><Position><LatitudeDegrees>56.8497170269719</LatitudeDegrees><LongitudeDegrees>60.65668382894207</LongitudeDegrees></Position></Trackpoint><Trackpoint><Time>2026-06-14T12:54:44.000Z</Time><Position><LatitudeDegrees>56.84973099376907</LatitudeDegrees><LongitudeDegrees>60.65668308825912</LongitudeDegrees></Position></Trackpoint><Trackpoint><Time>2026-06-14T12:54:45.000Z</Time><Position><LatitudeDegrees>56.8497441478761</LatitudeDegrees><LongitudeDegrees>60.6566820333881</LongitudeDegrees></Position></Trackpoint><Trackpoint><Time>2026-06-14T12:54:46.000Z</Time><Position><LatitudeDegrees>56.84975674781236</LatitudeDegrees><LongitudeDegrees>60.656680494904435</LongitudeDegrees></Position></Trackpoint><Trackpoint><Time>2026-06-14T12:54:47.000Z</Time><Position><LatitudeDegrees>56.84976946078235</LatitudeDegrees><LongitudeDegrees>60.65667797549377</LongitudeDegrees></Position></Trackpoint><Trackpoint><Time>2026-06-14T12:54:48.000Z</Time><Position><LatitudeDegrees>56.8497820574448</LatitudeDegrees><LongitudeDegrees>60.656676354688436</LongitudeDegrees></Position></Trackpoint><Trackpoint><Time>2026-06-14T12:54:49.000Z</Time><Position><LatitudeDegrees>56.84979445827723</LatitudeDegrees><LongitudeDegrees>60.656675801597274</LongitudeDegrees></Position></Trackpoint><Trackpoint><Time>2026-06-14T12:54:50.000Z</Time><Position><LatitudeDegrees>56.84980714527474</LatitudeDegrees><LongitudeDegrees>60.65667575921483</LongitudeDegrees></Position></Trackpoint><Trackpoint><Time>2026-06-14T12:54:51.000Z</Time><Position><LatitudeDegrees>56.8498197905995</LatitudeDegrees><LongitudeDegrees>60.6566764222096</LongitudeDegrees></Position></Trackpoint><Trackpoint><Time>2026-06-14T12:54:52.000Z</Time><Position><LatitudeDegrees>56.84983275419622</LatitudeDegrees><LongitudeDegrees>60.65667778021848</LongitudeDegrees></Position></Trackpoint><Trackpoint><Time>2026-06-14T12:54:53.000Z</Time><Position><LatitudeDegrees>56.84984614345241</LatitudeDegrees><LongitudeDegrees>60.656678270937725</LongitudeDegrees></Position></Trackpoint><Trackpoint><Time>2026-06-14T12:54:54.000Z</Time><Position><LatitudeDegrees>56.84985994796108</LatitudeDegrees><LongitudeDegrees>60.6566783414951</LongitudeDegrees></Position></Trackpoint><Trackpoint><Time>2026-06-14T12:54:55.000Z</Time><Position><LatitudeDegrees>56.84987362052863</LatitudeDegrees><LongitudeDegrees>60.65667774034926</LongitudeDegrees></Position></Trackpoint><Trackpoint><Time>2026-06-14T12:54:56.000Z</Time><Position><LatitudeDegrees>56.849886952736945</LatitudeDegrees><LongitudeDegrees>60.65667645011917</LongitudeDegrees></Position></Trackpoint><Trackpoint><Time>2026-06-14T12:54:57.000Z</Time><Position><LatitudeDegrees>56.84989990243707</LatitudeDegrees><LongitudeDegrees>60.656672593647194</LongitudeDegrees></Position></Trackpoint><Trackpoint><Time>2026-06-14T12:54:58.000Z</Time><Position><LatitudeDegrees>56.84991299097565</LatitudeDegrees><LongitudeDegrees>60.656666706451716</LongitudeDegrees></Position></Trackpoint><Trackpoint><Time>2026-06-14T12:54:59.000Z</Time><Position><LatitudeDegrees>56.849925925630274</LatitudeDegrees><LongitudeDegrees>60.656660738549206</LongitudeDegrees></Position></Trackpoint><Trackpoint><Time>2026-06-14T12:55:00.000Z</Time><Position><LatitudeDegrees>56.849939095209486</LatitudeDegrees><LongitudeDegrees>60.65665501376948</LongitudeDegrees></Position></Trackpoint><Trackpoint><Time>2026-06-14T12:55:01.000Z</Time><Position><LatitudeDegrees>56.849952629685404</LatitudeDegrees><LongitudeDegrees>60.65664963427202</LongitudeDegrees></Position></Trackpoint><Trackpoint><Time>2026-06-14T12:55:02.000Z</Time><Position><LatitudeDegrees>56.84996653575094</LatitudeDegrees><LongitudeDegrees>60.65664410820243</LongitudeDegrees></Position></Trackpoint><Trackpoint><Time>2026-06-14T12:55:03.000Z</Time><Position><LatitudeDegrees>56.84998027885886</LatitudeDegrees><LongitudeDegrees>60.656637272589734</LongitudeDegrees></Position></Trackpoint><Trackpoint><Time>2026-06-14T12:55:04.000Z</Time><Position><LatitudeDegrees>56.84999414939078</LatitudeDegrees><LongitudeDegrees>60.65663028539344</LongitudeDegrees></Position></Trackpoint><Trackpoint><Time>2026-06-14T12:55:05.000Z</Time><Position><LatitudeDegrees>56.85000727135962</LatitudeDegrees><LongitudeDegrees>60.65662168451294</LongitudeDegrees></Position></Trackpoint><Trackpoint><Time>2026-06-14T12:55:06.000Z</Time><Position><LatitudeDegrees>56.85001986969225</LatitudeDegrees><LongitudeDegrees>60.65661156453099</LongitudeDegrees></Position></Trackpoint><Trackpoint><Time>2026-06-14T12:55:07.000Z</Time><Position><LatitudeDegrees>56.85003210422895</LatitudeDegrees><LongitudeDegrees>60.65659966976367</LongitudeDegrees></Position></Trackpoint><Trackpoint><Time>2026-06-14T12:55:08.000Z</Time><Position><LatitudeDegrees>56.85004310826872</LatitudeDegrees><LongitudeDegrees>60.65658857075593</LongitudeDegrees></Position></Trackpoint><Trackpoint><Time>2026-06-14T12:55:09.000Z</Time><Position><LatitudeDegrees>56.850053662028834</LatitudeDegrees><LongitudeDegrees>60.65657873439874</LongitudeDegrees></Position></Trackpoint><Trackpoint><Time>2026-06-14T12:55:10.000Z</Time><Position><LatitudeDegrees>56.85006365501087</LatitudeDegrees><LongitudeDegrees>60.65657019091409</LongitudeDegrees></Position></Trackpoint><Trackpoint><Time>2026-06-14T12:55:11.000Z</Time><Position><LatitudeDegrees>56.85007360329354</LatitudeDegrees><LongitudeDegrees>60.65656229719954</LongitudeDegrees></Position></Trackpoint><Trackpoint><Time>2026-06-14T12:55:12.000Z</Time><Position><LatitudeDegrees>56.850083235541724</LatitudeDegrees><LongitudeDegrees>60.656554705007075</LongitudeDegrees></Position></Trackpoint><Trackpoint><Time>2026-06-14T12:55:13.000Z</Time><Position><LatitudeDegrees>56.850092480573146</LatitudeDegrees><LongitudeDegrees>60.65654723221662</LongitudeDegrees></Position></Trackpoint><Trackpoint><Time>2026-06-14T12:55:14.000Z</Time><Position><LatitudeDegrees>56.85010135877124</LatitudeDegrees><LongitudeDegrees>60.6565397885</LongitudeDegrees></Position></Trackpoint><Trackpoint><Time>2026-06-14T12:55:15.000Z</Time><Position><LatitudeDegrees>56.85011041522371</LatitudeDegrees><LongitudeDegrees>60.65653282253609</LongitudeDegrees></Position></Trackpoint><Trackpoint><Time>2026-06-14T12:55:16.000Z</Time><Position><LatitudeDegrees>56.85011985153717</LatitudeDegrees><LongitudeDegrees>60.656525968176375</LongitudeDegrees></Position></Trackpoint><Trackpoint><Time>2026-06-14T12:55:17.000Z</Time><Position><LatitudeDegrees>56.85012970198537</LatitudeDegrees><LongitudeDegrees>60.65651906030443</LongitudeDegrees></Position></Trackpoint><Trackpoint><Time>2026-06-14T12:55:18.000Z</Time><Position><LatitudeDegrees>56.850139927529796</LatitudeDegrees><LongitudeDegrees>60.65651203778804</LongitudeDegrees></Position></Trackpoint><Trackpoint><Time>2026-06-14T12:55:19.000Z</Time><Position><LatitudeDegrees>56.850150953560686</LatitudeDegrees><LongitudeDegrees>60.65650537977597</LongitudeDegrees></Position></Trackpoint><Trackpoint><Time>2026-06-14T12:55:20.000Z</Time><Position><LatitudeDegrees>56.85016236291609</LatitudeDegrees><LongitudeDegrees>60.656499726424705</LongitudeDegrees></Position></Trackpoint><Trackpoint><Time>2026-06-14T12:55:21.000Z</Time><Position><LatitudeDegrees>56.85017638264876</LatitudeDegrees><LongitudeDegrees>60.656493253982866</LongitudeDegrees></Position></Trackpoint><Trackpoint><Time>2026-06-14T12:55:22.000Z</Time><Position><LatitudeDegrees>56.850191146842235</LatitudeDegrees><LongitudeDegrees>60.65648580610846</LongitudeDegrees></Position></Trackpoint><Trackpoint><Time>2026-06-14T12:55:23.000Z</Time><Position><LatitudeDegrees>56.85020530188885</LatitudeDegrees><LongitudeDegrees>60.65647891244181</LongitudeDegrees></Position></Trackpoint><Trackpoint><Time>2026-06-14T12:55:25.000Z</Time><Position><LatitudeDegrees>56.85021885812153</LatitudeDegrees><LongitudeDegrees>60.65647313180807</LongitudeDegrees></Position></Trackpoint><Trackpoint><Time>2026-06-14T12:55:26.000Z</Time><Position><LatitudeDegrees>56.850232386263194</LatitudeDegrees><LongitudeDegrees>60.65646855149399</LongitudeDegrees></Position></Trackpoint><Trackpoint><Time>2026-06-14T12:55:27.000Z</Time><Position><LatitudeDegrees>56.85024612496202</LatitudeDegrees><LongitudeDegrees>60.65646456377733</LongitudeDegrees></Position></Trackpoint><Trackpoint><Time>2026-06-14T12:55:28.000Z</Time><Position><LatitudeDegrees>56.85026014547658</LatitudeDegrees><LongitudeDegrees>60.6564603527082</LongitudeDegrees></Position></Trackpoint><Trackpoint><Time>2026-06-14T12:55:29.000Z</Time><Position><LatitudeDegrees>56.8502739513723</LatitudeDegrees><LongitudeDegrees>60.656455610918194</LongitudeDegrees></Position></Trackpoint><Trackpoint><Time>2026-06-14T12:55:30.000Z</Time><Position><LatitudeDegrees>56.850287855357486</LatitudeDegrees><LongitudeDegrees>60.65645027993996</LongitudeDegrees></Position></Trackpoint><Trackpoint><Time>2026-06-14T12:55:31.000Z</Time><Position><LatitudeDegrees>56.85030197362621</LatitudeDegrees><LongitudeDegrees>60.656444411316116</LongitudeDegrees></Position></Trackpoint><Trackpoint><Time>2026-06-14T12:55:32.000Z</Time><Position><LatitudeDegrees>56.85031583691748</LatitudeDegrees><LongitudeDegrees>60.656437605669005</LongitudeDegrees></Position></Trackpoint><Trackpoint><Time>2026-06-14T12:55:33.000Z</Time><Position><LatitudeDegrees>56.850328795089325</LatitudeDegrees><LongitudeDegrees>60.65643128761897</LongitudeDegrees></Position></Trackpoint><Trackpoint><Time>2026-06-14T12:55:34.000Z</Time><Position><LatitudeDegrees>56.850340696562306</LatitudeDegrees><LongitudeDegrees>60.656425981289836</LongitudeDegrees></Position></Trackpoint><Trackpoint><Time>2026-06-14T12:55:35.000Z</Time><Position><LatitudeDegrees>56.850351614536656</LatitudeDegrees><LongitudeDegrees>60.65642128306979</LongitudeDegrees></Position></Trackpoint><Trackpoint><Time>2026-06-14T12:55:36.000Z</Time><Position><LatitudeDegrees>56.85036170538923</LatitudeDegrees><LongitudeDegrees>60.65641694868816</LongitudeDegrees></Position></Trackpoint><Trackpoint><Time>2026-06-14T12:55:37.000Z</Time><Position><LatitudeDegrees>56.850371629291686</LatitudeDegrees><LongitudeDegrees>60.656412341237406</LongitudeDegrees></Position></Trackpoint><Trackpoint><Time>2026-06-14T12:55:38.000Z</Time><Position><LatitudeDegrees>56.85038118994189</LatitudeDegrees><LongitudeDegrees>60.656408212687005</LongitudeDegrees></Position></Trackpoint><Trackpoint><Time>2026-06-14T12:55:39.000Z</Time><Position><LatitudeDegrees>56.85039084272959</LatitudeDegrees><LongitudeDegrees>60.65640432164632</LongitudeDegrees></Position></Trackpoint><Trackpoint><Time>2026-06-14T12:55:40.000Z</Time><Position><LatitudeDegrees>56.85040076337374</LatitudeDegrees><LongitudeDegrees>60.65640102782923</LongitudeDegrees></Position></Trackpoint><Trackpoint><Time>2026-06-14T12:55:41.000Z</Time><Position><LatitudeDegrees>56.85041147947293</LatitudeDegrees><LongitudeDegrees>60.65639791311456</LongitudeDegrees></Position></Trackpoint><Trackpoint><Time>2026-06-14T12:55:42.000Z</Time><Position><LatitudeDegrees>56.85042261660379</LatitudeDegrees><LongitudeDegrees>60.65639625115038</LongitudeDegrees></Position></Trackpoint><Trackpoint><Time>2026-06-14T12:55:43.000Z</Time><Position><LatitudeDegrees>56.85043396652749</LatitudeDegrees><LongitudeDegrees>60.65639540078789</LongitudeDegrees></Position></Trackpoint><Trackpoint><Time>2026-06-14T12:55:44.000Z</Time><Position><LatitudeDegrees>56.85044590578334</LatitudeDegrees><LongitudeDegrees>60.65639499381278</LongitudeDegrees></Position></Trackpoint><Trackpoint><Time>2026-06-14T12:55:45.000Z</Time><Position><LatitudeDegrees>56.85045851380288</LatitudeDegrees><LongitudeDegrees>60.65639335284216</LongitudeDegrees></Position></Trackpoint><Trackpoint><Time>2026-06-14T12:55:46.000Z</Time><Position><LatitudeDegrees>56.85047173746386</LatitudeDegrees><LongitudeDegrees>60.65639092467651</LongitudeDegrees></Position></Trackpoint><Trackpoint><Time>2026-06-14T12:55:47.000Z</Time><Position><LatitudeDegrees>56.85048498626151</LatitudeDegrees><LongitudeDegrees>60.65638750474785</LongitudeDegrees></Position></Trackpoint><Trackpoint><Time>2026-06-14T12:55:48.000Z</Time><Position><LatitudeDegrees>56.85049801378001</LatitudeDegrees><LongitudeDegrees>60.65638313609953</LongitudeDegrees></Position></Trackpoint><Trackpoint><Time>2026-06-14T12:55:49.000Z</Time><Position><LatitudeDegrees>56.850510746937964</LatitudeDegrees><LongitudeDegrees>60.656376979003745</LongitudeDegrees></Position></Trackpoint><Trackpoint><Time>2026-06-14T12:55:50.000Z</Time><Position><LatitudeDegrees>56.85052319341873</LatitudeDegrees><LongitudeDegrees>60.65636989639834</LongitudeDegrees></Position></Trackpoint><Trackpoint><Time>2026-06-14T12:55:51.000Z</Time><Position><LatitudeDegrees>56.85053588279179</LatitudeDegrees><LongitudeDegrees>60.65636187284703</LongitudeDegrees></Position></Trackpoint><Trackpoint><Time>2026-06-14T12:55:52.000Z</Time><Position><LatitudeDegrees>56.85054851236603</LatitudeDegrees><LongitudeDegrees>60.65635449159348</LongitudeDegrees></Position></Trackpoint><Trackpoint><Time>2026-06-14T12:55:53.000Z</Time><Position><LatitudeDegrees>56.850560475547624</LatitudeDegrees><LongitudeDegrees>60.6563483222323</LongitudeDegrees></Position></Trackpoint><Trackpoint><Time>2026-06-14T12:55:54.000Z</Time><Position><LatitudeDegrees>56.85057258727274</LatitudeDegrees><LongitudeDegrees>60.65634099574387</LongitudeDegrees></Position></Trackpoint><Trackpoint><Time>2026-06-14T12:55:55.000Z</Time><Position><LatitudeDegrees>56.850585653704535</LatitudeDegrees><LongitudeDegrees>60.65633364344493</LongitudeDegrees></Position></Trackpoint><Trackpoint><Time>2026-06-14T12:55:56.000Z</Time><Position><LatitudeDegrees>56.85059841548088</LatitudeDegrees><LongitudeDegrees>60.656326734562185</LongitudeDegrees></Position></Trackpoint><Trackpoint><Time>2026-06-14T12:55:57.000Z</Time><Position><LatitudeDegrees>56.85060990344589</LatitudeDegrees><LongitudeDegrees>60.65632138464828</LongitudeDegrees></Position></Trackpoint><Trackpoint><Time>2026-06-14T12:55:58.000Z</Time><Position><LatitudeDegrees>56.850620371571246</LatitudeDegrees><LongitudeDegrees>60.65631687381246</LongitudeDegrees></Position></Trackpoint><Trackpoint><Time>2026-06-14T12:55:59.000Z</Time><Position><LatitudeDegrees>56.85063005534581</LatitudeDegrees><LongitudeDegrees>60.65631328749592</LongitudeDegrees></Position></Trackpoint><Trackpoint><Time>2026-06-14T12:56:00.000Z</Time><Position><LatitudeDegrees>56.850639152422</LatitudeDegrees><LongitudeDegrees>60.656309563004314</LongitudeDegrees></Position></Trackpoint><Trackpoint><Time>2026-06-14T12:56:01.000Z</Time><Position><LatitudeDegrees>56.85064879872275</LatitudeDegrees><LongitudeDegrees>60.656305770029846</LongitudeDegrees></Position></Trackpoint><Trackpoint><Time>2026-06-14T12:56:02.000Z</Time><Position><LatitudeDegrees>56.85065841234563</LatitudeDegrees><LongitudeDegrees>60.65630194606376</LongitudeDegrees></Position></Trackpoint><Trackpoint><Time>2026-06-14T12:56:03.000Z</Time><Position><LatitudeDegrees>56.850667268227355</LatitudeDegrees><LongitudeDegrees>60.65629762091332</LongitudeDegrees></Position></Trackpoint><Trackpoint><Time>2026-06-14T12:56:04.000Z</Time><Position><LatitudeDegrees>56.85067614423885</LatitudeDegrees><LongitudeDegrees>60.656294134095575</LongitudeDegrees></Position></Trackpoint><Trackpoint><Time>2026-06-14T12:56:05.000Z</Time><Position><LatitudeDegrees>56.85068486853905</LatitudeDegrees><LongitudeDegrees>60.65629144005897</LongitudeDegrees></Position></Trackpoint><Trackpoint><Time>2026-06-14T12:56:06.000Z</Time><Position><LatitudeDegrees>56.85069338982999</LatitudeDegrees><LongitudeDegrees>60.65628892868098</LongitudeDegrees></Position></Trackpoint><Trackpoint><Time>2026-06-14T12:56:07.000Z</Time><Position><LatitudeDegrees>56.85070220265202</LatitudeDegrees><LongitudeDegrees>60.65628583563822</LongitudeDegrees></Position></Trackpoint><Trackpoint><Time>2026-06-14T12:56:08.000Z</Time><Position><LatitudeDegrees>56.850711473255764</LatitudeDegrees><LongitudeDegrees>60.65628192081263</LongitudeDegrees></Position></Trackpoint><Trackpoint><Time>2026-06-14T12:56:09.000Z</Time><Position><LatitudeDegrees>56.85072121135318</LatitudeDegrees><LongitudeDegrees>60.656277680400784</LongitudeDegrees></Position></Trackpoint><Trackpoint><Time>2026-06-14T12:56:10.000Z</Time><Position><LatitudeDegrees>56.850730871331265</LatitudeDegrees><LongitudeDegrees>60.656273850152104</LongitudeDegrees></Position></Trackpoint><Trackpoint><Time>2026-06-14T12:56:11.000Z</Time><Position><LatitudeDegrees>56.850740728125494</LatitudeDegrees><LongitudeDegrees>60.65626970120767</LongitudeDegrees></Position></Trackpoint><Trackpoint><Time>2026-06-14T12:56:12.000Z</Time><Position><LatitudeDegrees>56.850749890481175</LatitudeDegrees><LongitudeDegrees>60.65626546391382</LongitudeDegrees></Position></Trackpoint><Trackpoint><Time>2026-06-14T12:56:13.000Z</Time><Position><LatitudeDegrees>56.85075905970128</LatitudeDegrees><LongitudeDegrees>60.656261244474365</LongitudeDegrees></Position></Trackpoint><Trackpoint><Time>2026-06-14T12:56:14.000Z</Time><Position><LatitudeDegrees>56.850769013335345</LatitudeDegrees><LongitudeDegrees>60.65625708433599</LongitudeDegrees></Position></Trackpoint><Trackpoint><Time>2026-06-14T12:56:15.000Z</Time><Position><LatitudeDegrees>56.85077997092584</LatitudeDegrees><LongitudeDegrees>60.656253482567244</LongitudeDegrees></Position></Trackpoint><Trackpoint><Time>2026-06-14T12:56:16.000Z</Time><Position><LatitudeDegrees>56.85079140442079</LatitudeDegrees><LongitudeDegrees>60.65625008342467</LongitudeDegrees></Position></Trackpoint><Trackpoint><Time>2026-06-14T12:56:17.000Z</Time><Position><LatitudeDegrees>56.850803035269145</LatitudeDegrees><LongitudeDegrees>60.656246714394506</LongitudeDegrees></Position></Trackpoint><Trackpoint><Time>2026-06-14T12:56:18.000Z</Time><Position><LatitudeDegrees>56.85081521303491</LatitudeDegrees><LongitudeDegrees>60.6562423213437</LongitudeDegrees></Position></Trackpoint><Trackpoint><Time>2026-06-14T12:56:19.000Z</Time><Position><LatitudeDegrees>56.85082703226295</LatitudeDegrees><LongitudeDegrees>60.656237091187215</LongitudeDegrees></Position></Trackpoint><Trackpoint><Time>2026-06-14T12:56:20.000Z</Time><Position><LatitudeDegrees>56.85083865568502</LatitudeDegrees><LongitudeDegrees>60.65623169795476</LongitudeDegrees></Position></Trackpoint><Trackpoint><Time>2026-06-14T12:56:21.000Z</Time><Position><LatitudeDegrees>56.85084919622965</LatitudeDegrees><LongitudeDegrees>60.65622692977539</LongitudeDegrees></Position></Trackpoint><Trackpoint><Time>2026-06-14T12:56:22.000Z</Time><Position><LatitudeDegrees>56.850860875610024</LatitudeDegrees><LongitudeDegrees>60.656223520612954</LongitudeDegrees></Position></Trackpoint><Trackpoint><Time>2026-06-14T12:56:23.000Z</Time><Position><LatitudeDegrees>56.85087348341261</LatitudeDegrees><LongitudeDegrees>60.65622159831047</LongitudeDegrees></Position></Trackpoint><Trackpoint><Time>2026-06-14T12:56:25.000Z</Time><Position><LatitudeDegrees>56.85088681382053</LatitudeDegrees><LongitudeDegrees>60.6562205350711</LongitudeDegrees></Position></Trackpoint><Trackpoint><Time>2026-06-14T12:56:26.000Z</Time><Position><LatitudeDegrees>56.850900199715596</LatitudeDegrees><LongitudeDegrees>60.65622094130898</LongitudeDegrees></Position></Trackpoint><Trackpoint><Time>2026-06-14T12:56:27.000Z</Time><Position><LatitudeDegrees>56.85091335923462</LatitudeDegrees><LongitudeDegrees>60.65622287980781</LongitudeDegrees></Position></Trackpoint><Trackpoint><Time>2026-06-14T12:56:28.000Z</Time><Position><LatitudeDegrees>56.850926205351946</LatitudeDegrees><LongitudeDegrees>60.65622471092878</LongitudeDegrees></Position></Trackpoint><Trackpoint><Time>2026-06-14T12:56:29.000Z</Time><Position><LatitudeDegrees>56.85093874245215</LatitudeDegrees><LongitudeDegrees>60.65622577319576</LongitudeDegrees></Position></Trackpoint><Trackpoint><Time>2026-06-14T12:56:30.000Z</Time><Position><LatitudeDegrees>56.850951012002824</LatitudeDegrees><LongitudeDegrees>60.65622589287204</LongitudeDegrees></Position></Trackpoint><Trackpoint><Time>2026-06-14T12:56:31.000Z</Time><Position><LatitudeDegrees>56.8509635550319</LatitudeDegrees><LongitudeDegrees>60.656225608997765</LongitudeDegrees></Position></Trackpoint><Trackpoint><Time>2026-06-14T12:56:32.000Z</Time><Position><LatitudeDegrees>56.85097704886281</LatitudeDegrees><LongitudeDegrees>60.65622519536275</LongitudeDegrees></Position></Trackpoint><Trackpoint><Time>2026-06-14T12:56:33.000Z</Time><Position><LatitudeDegrees>56.85099116079532</LatitudeDegrees><LongitudeDegrees>60.65622478137737</LongitudeDegrees></Position></Trackpoint><Trackpoint><Time>2026-06-14T12:56:34.000Z</Time><Position><LatitudeDegrees>56.851005184869365</LatitudeDegrees><LongitudeDegrees>60.65622442038208</LongitudeDegrees></Position></Trackpoint><Trackpoint><Time>2026-06-14T12:56:35.000Z</Time><Position><LatitudeDegrees>56.85101933123417</LatitudeDegrees><LongitudeDegrees>60.65622363793247</LongitudeDegrees></Position></Trackpoint><Trackpoint><Time>2026-06-14T12:56:36.000Z</Time><Position><LatitudeDegrees>56.85103367074036</LatitudeDegrees><LongitudeDegrees>60.65622229272952</LongitudeDegrees></Position></Trackpoint><Trackpoint><Time>2026-06-14T12:56:37.000Z</Time><Position><LatitudeDegrees>56.85104820777717</LatitudeDegrees><LongitudeDegrees>60.65621990919949</LongitudeDegrees></Position></Trackpoint><Trackpoint><Time>2026-06-14T12:56:38.000Z</Time><Position><LatitudeDegrees>56.85106242918887</LatitudeDegrees><LongitudeDegrees>60.656216914363604</LongitudeDegrees></Position></Trackpoint><Trackpoint><Time>2026-06-14T12:56:39.000Z</Time><Position><LatitudeDegrees>56.851076164150825</LatitudeDegrees><LongitudeDegrees>60.65621307293299</LongitudeDegrees></Position></Trackpoint><Trackpoint><Time>2026-06-14T12:56:40.000Z</Time><Position><LatitudeDegrees>56.85108989435745</LatitudeDegrees><LongitudeDegrees>60.65620790705639</LongitudeDegrees></Position></Trackpoint><Trackpoint><Time>2026-06-14T12:56:41.000Z</Time><Position><LatitudeDegrees>56.851102839575674</LatitudeDegrees><LongitudeDegrees>60.656202369150584</LongitudeDegrees></Position></Trackpoint><Trackpoint><Time>2026-06-14T12:56:43.000Z</Time><Position><LatitudeDegrees>56.85111526884219</LatitudeDegrees><LongitudeDegrees>60.65619738881257</LongitudeDegrees></Position></Trackpoint><Trackpoint><Time>2026-06-14T12:56:44.000Z</Time><Position><LatitudeDegrees>56.851127359176914</LatitudeDegrees><LongitudeDegrees>60.656193277318415</LongitudeDegrees></Position></Trackpoint><Trackpoint><Time>2026-06-14T12:56:45.000Z</Time><Position><LatitudeDegrees>56.85113971659453</LatitudeDegrees><LongitudeDegrees>60.65618858251533</LongitudeDegrees></Position></Trackpoint><Trackpoint><Time>2026-06-14T12:56:46.000Z</Time><Position><LatitudeDegrees>56.85115206678181</LatitudeDegrees><LongitudeDegrees>60.656182291614556</LongitudeDegrees></Position></Trackpoint><Trackpoint><Time>2026-06-14T12:56:47.000Z</Time><Position><LatitudeDegrees>56.85116429769541</LatitudeDegrees><LongitudeDegrees>60.65617321315142</LongitudeDegrees></Position></Trackpoint><Trackpoint><Time>2026-06-14T12:56:48.000Z</Time><Position><LatitudeDegrees>56.851175888890126</LatitudeDegrees><LongitudeDegrees>60.65616219344166</LongitudeDegrees></Position></Trackpoint><Trackpoint><Time>2026-06-14T12:56:49.000Z</Time><Position><LatitudeDegrees>56.85118719774683</LatitudeDegrees><LongitudeDegrees>60.65615031979302</LongitudeDegrees></Position></Trackpoint><Trackpoint><Time>2026-06-14T12:56:50.000Z</Time><Position><LatitudeDegrees>56.851197428463315</LatitudeDegrees><LongitudeDegrees>60.65613814959684</LongitudeDegrees></Position></Trackpoint><Trackpoint><Time>2026-06-14T12:56:51.000Z</Time><Position><LatitudeDegrees>56.85120688128997</LatitudeDegrees><LongitudeDegrees>60.656126929688135</LongitudeDegrees></Position></Trackpoint><Trackpoint><Time>2026-06-14T12:56:52.000Z</Time><Position><LatitudeDegrees>56.851215779720896</LatitudeDegrees><LongitudeDegrees>60.65611754119779</LongitudeDegrees></Position></Trackpoint><Trackpoint><Time>2026-06-14T12:56:53.000Z</Time><Position><LatitudeDegrees>56.85122477656489</LatitudeDegrees><LongitudeDegrees>60.65611060155574</LongitudeDegrees></Position></Trackpoint><Trackpoint><Time>2026-06-14T12:56:54.000Z</Time><Position><LatitudeDegrees>56.851234617649844</LatitudeDegrees><LongitudeDegrees>60.65610556112364</LongitudeDegrees></Position></Trackpoint><Trackpoint><Time>2026-06-14T12:56:55.000Z</Time><Position><LatitudeDegrees>56.851245991386115</LatitudeDegrees><LongitudeDegrees>60.65610146017073</LongitudeDegrees></Position></Trackpoint><Trackpoint><Time>2026-06-14T12:56:56.000Z</Time><Position><LatitudeDegrees>56.85125800534933</LatitudeDegrees><LongitudeDegrees>60.656098272477784</LongitudeDegrees></Position></Trackpoint><Trackpoint><Time>2026-06-14T12:56:57.000Z</Time><Position><LatitudeDegrees>56.85127020983722</LatitudeDegrees><LongitudeDegrees>60.65609587003131</LongitudeDegrees></Position></Trackpoint><Trackpoint><Time>2026-06-14T12:56:58.000Z</Time><Position><LatitudeDegrees>56.851282395193834</LatitudeDegrees><LongitudeDegrees>60.65609507854712</LongitudeDegrees></Position></Trackpoint><Trackpoint><Time>2026-06-14T12:56:59.000Z</Time><Position><LatitudeDegrees>56.85129447753133</LatitudeDegrees><LongitudeDegrees>60.65609505209672</LongitudeDegrees></Position></Trackpoint><Trackpoint><Time>2026-06-14T12:57:00.000Z</Time><Position><LatitudeDegrees>56.85130643552426</LatitudeDegrees><LongitudeDegrees>60.65609485449699</LongitudeDegrees></Position></Trackpoint><Trackpoint><Time>2026-06-14T12:57:01.000Z</Time><Position><LatitudeDegrees>56.85131778673889</LatitudeDegrees><LongitudeDegrees>60.656093632552654</LongitudeDegrees></Position></Trackpoint><Trackpoint><Time>2026-06-14T12:57:02.000Z</Time><Position><LatitudeDegrees>56.85132938959325</LatitudeDegrees><LongitudeDegrees>60.656091166362515</LongitudeDegrees></Position></Trackpoint><Trackpoint><Time>2026-06-14T12:57:03.000Z</Time><Position><LatitudeDegrees>56.851341565314925</LatitudeDegrees><LongitudeDegrees>60.656087035450376</LongitudeDegrees></Position></Trackpoint><Trackpoint><Time>2026-06-14T12:57:04.000Z</Time><Position><LatitudeDegrees>56.85135339344826</LatitudeDegrees><LongitudeDegrees>60.65608372836776</LongitudeDegrees></Position></Trackpoint><Trackpoint><Time>2026-06-14T12:57:05.000Z</Time><Position><LatitudeDegrees>56.851365029141974</LatitudeDegrees><LongitudeDegrees>60.65608118502467</LongitudeDegrees></Position></Trackpoint><Trackpoint><Time>2026-06-14T12:57:06.000Z</Time><Position><LatitudeDegrees>56.851376560990815</LatitudeDegrees><LongitudeDegrees>60.65607977225983</LongitudeDegrees></Position></Trackpoint><Trackpoint><Time>2026-06-14T12:57:07.000Z</Time><Position><LatitudeDegrees>56.85138852842001</LatitudeDegrees><LongitudeDegrees>60.65607851682043</LongitudeDegrees></Position></Trackpoint><Trackpoint><Time>2026-06-14T12:57:08.000Z</Time><Position><LatitudeDegrees>56.85140109767678</LatitudeDegrees><LongitudeDegrees>60.65607748730664</LongitudeDegrees></Position></Trackpoint><Trackpoint><Time>2026-06-14T12:57:09.000Z</Time><Position><LatitudeDegrees>56.85141377037299</LatitudeDegrees><LongitudeDegrees>60.6560771725837</LongitudeDegrees></Position></Trackpoint><Trackpoint><Time>2026-06-14T12:57:10.000Z</Time><Position><LatitudeDegrees>56.8514263279795</LatitudeDegrees><LongitudeDegrees>60.6560776822403</LongitudeDegrees></Position></Trackpoint><Trackpoint><Time>2026-06-14T12:57:11.000Z</Time><Position><LatitudeDegrees>56.85143820565968</LatitudeDegrees><LongitudeDegrees>60.65607797637962</LongitudeDegrees></Position></Trackpoint><Trackpoint><Time>2026-06-14T12:57:12.000Z</Time><Position><LatitudeDegrees>56.8514492580625</LatitudeDegrees><LongitudeDegrees>60.65607814400939</LongitudeDegrees></Position></Trackpoint><Trackpoint><Time>2026-06-14T12:57:13.000Z</Time><Position><LatitudeDegrees>56.85145904164003</LatitudeDegrees><LongitudeDegrees>60.65607823802329</LongitudeDegrees></Position></Trackpoint><Trackpoint><Time>2026-06-14T12:57:14.000Z</Time><Position><LatitudeDegrees>56.85146802618686</LatitudeDegrees><LongitudeDegrees>60.6560763312107</LongitudeDegrees></Position></Trackpoint><Trackpoint><Time>2026-06-14T12:57:15.000Z</Time><Position><LatitudeDegrees>56.85147552851323</LatitudeDegrees><LongitudeDegrees>60.656074824348785</LongitudeDegrees></Position></Trackpoint><Trackpoint><Time>2026-06-14T12:57:17.000Z</Time><Position><LatitudeDegrees>56.85148243672078</LatitudeDegrees><LongitudeDegrees>60.656073185992724</LongitudeDegrees></Position></Trackpoint><Trackpoint><Time>2026-06-14T12:57:18.000Z</Time><Position><LatitudeDegrees>56.85149017203489</LatitudeDegrees><LongitudeDegrees>60.656070724542275</LongitudeDegrees></Position></Trackpoint><Trackpoint><Time>2026-06-14T12:57:19.000Z</Time><Position><LatitudeDegrees>56.851498723995064</LatitudeDegrees><LongitudeDegrees>60.6560672608163</LongitudeDegrees></Position></Trackpoint><Trackpoint><Time>2026-06-14T12:57:20.000Z</Time><Position><LatitudeDegrees>56.85150847308866</LatitudeDegrees><LongitudeDegrees>60.6560628496626</LongitudeDegrees></Position></Trackpoint><Trackpoint><Time>2026-06-14T12:57:21.000Z</Time><Position><LatitudeDegrees>56.851519422362784</LatitudeDegrees><LongitudeDegrees>60.656057635270216</LongitudeDegrees></Position></Trackpoint><Trackpoint><Time>2026-06-14T12:57:22.000Z</Time><Position><LatitudeDegrees>56.85153141903099</LatitudeDegrees><LongitudeDegrees>60.6560517801155</LongitudeDegrees></Position></Trackpoint><Trackpoint><Time>2026-06-14T12:57:23.000Z</Time><Position><LatitudeDegrees>56.851543776128665</LatitudeDegrees><LongitudeDegrees>60.65604494374186</LongitudeDegrees></Position></Trackpoint><Trackpoint><Time>2026-06-14T12:57:24.000Z</Time><Position><LatitudeDegrees>56.85155567486967</LatitudeDegrees><LongitudeDegrees>60.65603809109715</LongitudeDegrees></Position></Trackpoint><Trackpoint><Time>2026-06-14T12:57:25.000Z</Time><Position><LatitudeDegrees>56.85156683687996</LatitudeDegrees><LongitudeDegrees>60.65603015283556</LongitudeDegrees></Position></Trackpoint><Trackpoint><Time>2026-06-14T12:57:26.000Z</Time><Position><LatitudeDegrees>56.851577731684706</LatitudeDegrees><LongitudeDegrees>60.65602229673398</LongitudeDegrees></Position></Trackpoint><Trackpoint><Time>2026-06-14T12:57:27.000Z</Time><Position><LatitudeDegrees>56.85158907655608</LatitudeDegrees><LongitudeDegrees>60.656014503566134</LongitudeDegrees></Position></Trackpoint><Trackpoint><Time>2026-06-14T12:57:28.000Z</Time><Position><LatitudeDegrees>56.85160061951469</LatitudeDegrees><LongitudeDegrees>60.656005778115315</LongitudeDegrees></Position></Trackpoint><Trackpoint><Time>2026-06-14T12:57:29.000Z</Time><Position><LatitudeDegrees>56.85161223136283</LatitudeDegrees><LongitudeDegrees>60.65599631978583</LongitudeDegrees></Position></Trackpoint><Trackpoint><Time>2026-06-14T12:57:30.000Z</Time><Position><LatitudeDegrees>56.85162336044007</LatitudeDegrees><LongitudeDegrees>60.655986304762884</LongitudeDegrees></Position></Trackpoint><Trackpoint><Time>2026-06-14T12:57:31.000Z</Time><Position><LatitudeDegrees>56.85163384151719</LatitudeDegrees><LongitudeDegrees>60.65597685627742</LongitudeDegrees></Position></Trackpoint><Trackpoint><Time>2026-06-14T12:57:32.000Z</Time><Position><LatitudeDegrees>56.85164417932772</LatitudeDegrees><LongitudeDegrees>60.655967384977934</LongitudeDegrees></Position></Trackpoint><Trackpoint><Time>2026-06-14T12:57:33.000Z</Time><Position><LatitudeDegrees>56.85165460012582</LatitudeDegrees><LongitudeDegrees>60.6559586302992</LongitudeDegrees></Position></Trackpoint><Trackpoint><Time>2026-06-14T12:57:34.000Z</Time><Position><LatitudeDegrees>56.85166518643916</LatitudeDegrees><LongitudeDegrees>60.65595031517732</LongitudeDegrees></Position></Trackpoint><Trackpoint><Time>2026-06-14T12:57:35.000Z</Time><Position><LatitudeDegrees>56.85167595101177</LatitudeDegrees><LongitudeDegrees>60.655942758702295</LongitudeDegrees></Position></Trackpoint><Trackpoint><Time>2026-06-14T12:57:36.000Z</Time><Position><LatitudeDegrees>56.851686876212746</LatitudeDegrees><LongitudeDegrees>60.65593599491485</LongitudeDegrees></Position></Trackpoint><Trackpoint><Time>2026-06-14T12:57:37.000Z</Time><Position><LatitudeDegrees>56.85169744455407</LatitudeDegrees><LongitudeDegrees>60.65592993609384</LongitudeDegrees></Position></Trackpoint><Trackpoint><Time>2026-06-14T12:57:38.000Z</Time><Position><LatitudeDegrees>56.85170797832994</LatitudeDegrees><LongitudeDegrees>60.65592494524203</LongitudeDegrees></Position></Trackpoint><Trackpoint><Time>2026-06-14T12:57:39.000Z</Time><Position><LatitudeDegrees>56.851718125097655</LatitudeDegrees><LongitudeDegrees>60.655921034783816</LongitudeDegrees></Position></Trackpoint><Trackpoint><Time>2026-06-14T12:57:40.000Z</Time><Position><LatitudeDegrees>56.85172778938147</LatitudeDegrees><LongitudeDegrees>60.65591660233726</LongitudeDegrees></Position></Trackpoint><Trackpoint><Time>2026-06-14T12:57:41.000Z</Time><Position><LatitudeDegrees>56.85173699378736</LatitudeDegrees><LongitudeDegrees>60.65591203420567</LongitudeDegrees></Position></Trackpoint><Trackpoint><Time>2026-06-14T12:57:42.000Z</Time><Position><LatitudeDegrees>56.85174580664987</LatitudeDegrees><LongitudeDegrees>60.655907506896625</LongitudeDegrees></Position></Trackpoint><Trackpoint><Time>2026-06-14T12:57:43.000Z</Time><Position><LatitudeDegrees>56.851754306365436</LatitudeDegrees><LongitudeDegrees>60.65590357747292</LongitudeDegrees></Position></Trackpoint><Trackpoint><Time>2026-06-14T12:57:44.000Z</Time><Position><LatitudeDegrees>56.85176256541225</LatitudeDegrees><LongitudeDegrees>60.65589941939268</LongitudeDegrees></Position></Trackpoint><Trackpoint><Time>2026-06-14T12:57:45.000Z</Time><Position><LatitudeDegrees>56.851772113360596</LatitudeDegrees><LongitudeDegrees>60.655894721606124</LongitudeDegrees></Position></Trackpoint><Trackpoint><Time>2026-06-14T12:57:46.000Z</Time><Position><LatitudeDegrees>56.851782435488715</LatitudeDegrees><LongitudeDegrees>60.65589138372554</LongitudeDegrees></Position></Trackpoint><Trackpoint><Time>2026-06-14T12:57:47.000Z</Time><Position><LatitudeDegrees>56.851793220452215</LatitudeDegrees><LongitudeDegrees>60.655888544700886</LongitudeDegrees></Position></Trackpoint><Trackpoint><Time>2026-06-14T12:57:49.000Z</Time><Position><LatitudeDegrees>56.85180330140364</LatitudeDegrees><LongitudeDegrees>60.655885296285014</LongitudeDegrees></Position></Trackpoint><Trackpoint><Time>2026-06-14T12:57:50.000Z</Time><Position><LatitudeDegrees>56.85181277776581</LatitudeDegrees><LongitudeDegrees>60.65588131697621</LongitudeDegrees></Position></Trackpoint><Trackpoint><Time>2026-06-14T12:57:51.000Z</Time><Position><LatitudeDegrees>56.85182274730369</LatitudeDegrees><LongitudeDegrees>60.65587607856773</LongitudeDegrees></Position></Trackpoint><Trackpoint><Time>2026-06-14T12:57:52.000Z</Time><Position><LatitudeDegrees>56.85183310920454</LatitudeDegrees><LongitudeDegrees>60.65587050435119</LongitudeDegrees></Position></Trackpoint><Trackpoint><Time>2026-06-14T12:57:53.000Z</Time><Position><LatitudeDegrees>56.85184279236988</LatitudeDegrees><LongitudeDegrees>60.655865507279955</LongitudeDegrees></Position></Trackpoint><Trackpoint><Time>2026-06-14T12:57:54.000Z</Time><Position><LatitudeDegrees>56.85185144280031</LatitudeDegrees><LongitudeDegrees>60.655861878873544</LongitudeDegrees></Position></Trackpoint><Trackpoint><Time>2026-06-14T12:57:56.000Z</Time><Position><LatitudeDegrees>56.851862724965294</LatitudeDegrees><LongitudeDegrees>60.65585879521122</LongitudeDegrees></Position></Trackpoint><Trackpoint><Time>2026-06-14T12:57:57.000Z</Time><Position><LatitudeDegrees>56.85186579789039</LatitudeDegrees><LongitudeDegrees>60.655855832080604</LongitudeDegrees></Position></Trackpoint><Trackpoint><Time>2026-06-14T12:57:58.000Z</Time><Position><LatitudeDegrees>56.851868773279726</LatitudeDegrees><LongitudeDegrees>60.655853303894716</LongitudeDegrees></Position></Trackpoint><Trackpoint><Time>2026-06-14T12:58:00.000Z</Time><Position><LatitudeDegrees>56.8518724800251</LatitudeDegrees><LongitudeDegrees>60.6558519256393</LongitudeDegrees></Position></Trackpoint><Trackpoint><Time>2026-06-14T12:58:03.000Z</Time><Position><LatitudeDegrees>56.85187419500027</LatitudeDegrees><LongitudeDegrees>60.65585088444804</LongitudeDegrees></Position></Trackpoint></Track></Lap></Activity></Activities></TrainingCenterDatabase>