<?xml version='1.0' encoding='UTF-8' standalone='yes' ?><TrainingCenterDatabase creator="Mi Fitness" version="1.0" xmlns="http://www.garmin.com/xmlschemas/TrainingCenterDatabase/v2" xmlns:xsi="http://www.w3.org/2001/XMLSchema-instance" xsi:schemaLocation="http://www.garmin.com/xmlschemas/TrainingCenterDatabase/v2 http://www.garmin.com/xmlschemas/TrainingCenterDatabasev2.xsd"><Activities><Activity Sport=""><Id>2026-08-12T13:55:13.000Z</Id><Lap><TotalTimeSeconds>3296</TotalTimeSeconds><DistanceMeters>4669</DistanceMeters><Calories>291</Calories><HeartRateBpm>104</HeartRateBpm><Steps>5727</Steps><Track><Trackpoint><Time>2026-08-12T13:55:12.000Z</Time><Position><LatitudeDegrees>58.63246536254883</LatitudeDegrees><LongitudeDegrees>59.803627014160156</LongitudeDegrees></Position></Trackpoint><Trackpoint><Time>2026-08-12T13:55:13.000Z</Time><Position><LatitudeDegrees>58.632459034725116</LatitudeDegrees><LongitudeDegrees>59.80363334198387</LongitudeDegrees></Position></Trackpoint><Trackpoint><Time>2026-08-12T13:55:14.000Z</Time><Position><LatitudeDegrees>58.63245640694363</LatitudeDegrees><LongitudeDegrees>59.80363702611063</LongitudeDegrees></Position></Trackpoint><Trackpoint><Time>2026-08-12T13:55:16.000Z</Time><Position><LatitudeDegrees>58.63245336443111</LatitudeDegrees><LongitudeDegrees>59.80364281409623</LongitudeDegrees></Position></Trackpoint><Trackpoint><Time>2026-08-12T13:55:16.000Z</Time><Position><LatitudeDegrees>58.632449098536654</LatitudeDegrees><LongitudeDegrees>59.80364965380638</LongitudeDegrees></Position></Trackpoint><Trackpoint><Time>2026-08-12T13:55:18.000Z</Time><Position><LatitudeDegrees>58.632444014198384</LatitudeDegrees><LongitudeDegrees>59.80365587290614</LongitudeDegrees></Position></Trackpoint><Trackpoint><Time>2026-08-12T13:55:19.000Z</Time><Position><LatitudeDegrees>58.632437789836004</LatitudeDegrees><LongitudeDegrees>59.8036635644083</LongitudeDegrees></Position></Trackpoint><Trackpoint><Time>2026-08-12T13:55:20.000Z</Time><Position><LatitudeDegrees>58.63243093110673</LatitudeDegrees><LongitudeDegrees>59.80367282016565</LongitudeDegrees></Position></Trackpoint><Trackpoint><Time>2026-08-12T13:55:21.000Z</Time><Position><LatitudeDegrees>58.63242371388022</LatitudeDegrees><LongitudeDegrees>59.80368250168261</LongitudeDegrees></Position></Trackpoint><Trackpoint><Time>2026-08-12T13:55:22.000Z</Time><Position><LatitudeDegrees>58.63241531495157</LatitudeDegrees><LongitudeDegrees>59.80369111454554</LongitudeDegrees></Position></Trackpoint><Trackpoint><Time>2026-08-12T13:55:23.000Z</Time><Position><LatitudeDegrees>58.632406039233935</LatitudeDegrees><LongitudeDegrees>59.80370014323009</LongitudeDegrees></Position></Trackpoint><Trackpoint><Time>2026-08-12T13:55:24.000Z</Time><Position><LatitudeDegrees>58.63239661396467</LatitudeDegrees><LongitudeDegrees>59.80371161232534</LongitudeDegrees></Position></Trackpoint><Trackpoint><Time>2026-08-12T13:55:26.000Z</Time><Position><LatitudeDegrees>58.63238784718183</LatitudeDegrees><LongitudeDegrees>59.80372555181746</LongitudeDegrees></Position></Trackpoint><Trackpoint><Time>2026-08-12T13:55:26.000Z</Time><Position><LatitudeDegrees>58.632379497448994</LatitudeDegrees><LongitudeDegrees>59.80374214677353</LongitudeDegrees></Position></Trackpoint><Trackpoint><Time>2026-08-12T13:55:27.000Z</Time><Position><LatitudeDegrees>58.63237141188707</LatitudeDegrees><LongitudeDegrees>59.80376162225091</LongitudeDegrees></Position></Trackpoint><Trackpoint><Time>2026-08-12T13:55:28.000Z</Time><Position><LatitudeDegrees>58.63236349365478</LatitudeDegrees><LongitudeDegrees>59.803782232398724</LongitudeDegrees></Position></Trackpoint><Trackpoint><Time>2026-08-12T13:55:29.000Z</Time><Position><LatitudeDegrees>58.632356171013775</LatitudeDegrees><LongitudeDegrees>59.803802623001886</LongitudeDegrees></Position></Trackpoint><Trackpoint><Time>2026-08-12T13:55:30.000Z</Time><Position><LatitudeDegrees>58.632350033505105</LatitudeDegrees><LongitudeDegrees>59.803822264532286</LongitudeDegrees></Position></Trackpoint><Trackpoint><Time>2026-08-12T13:55:31.000Z</Time><Position><LatitudeDegrees>58.63234517181189</LatitudeDegrees><LongitudeDegrees>59.80384054544258</LongitudeDegrees></Position></Trackpoint><Trackpoint><Time>2026-08-12T13:55:32.000Z</Time><Position><LatitudeDegrees>58.63234194914306</LatitudeDegrees><LongitudeDegrees>59.80385836773137</LongitudeDegrees></Position></Trackpoint><Trackpoint><Time>2026-08-12T13:55:33.000Z</Time><Position><LatitudeDegrees>58.63233932549279</LatitudeDegrees><LongitudeDegrees>59.803875672123525</LongitudeDegrees></Position></Trackpoint><Trackpoint><Time>2026-08-12T13:55:34.000Z</Time><Position><LatitudeDegrees>58.63233777489045</LatitudeDegrees><LongitudeDegrees>59.803891521457366</LongitudeDegrees></Position></Trackpoint><Trackpoint><Time>2026-08-12T13:55:35.000Z</Time><Position><LatitudeDegrees>58.63233637561184</LatitudeDegrees><LongitudeDegrees>59.8039062061436</LongitudeDegrees></Position></Trackpoint><Trackpoint><Time>2026-08-12T13:55:36.000Z</Time><Position><LatitudeDegrees>58.63233472863806</LatitudeDegrees><LongitudeDegrees>59.80391950565313</LongitudeDegrees></Position></Trackpoint><Trackpoint><Time>2026-08-12T13:55:38.000Z</Time><Position><LatitudeDegrees>58.63233221182048</LatitudeDegrees><LongitudeDegrees>59.803931506950036</LongitudeDegrees></Position></Trackpoint><Trackpoint><Time>2026-08-12T13:55:38.000Z</Time><Position><LatitudeDegrees>58.63232917019135</LatitudeDegrees><LongitudeDegrees>59.803942412472644</LongitudeDegrees></Position></Trackpoint><Trackpoint><Time>2026-08-12T13:55:39.000Z</Time><Position><LatitudeDegrees>58.632325813205185</LatitudeDegrees><LongitudeDegrees>59.80395391506463</LongitudeDegrees></Position></Trackpoint><Trackpoint><Time>2026-08-12T13:55:40.000Z</Time><Position><LatitudeDegrees>58.63232177798733</LatitudeDegrees><LongitudeDegrees>59.803967124873154</LongitudeDegrees></Position></Trackpoint><Trackpoint><Time>2026-08-12T13:55:41.000Z</Time><Position><LatitudeDegrees>58.63231504370144</LatitudeDegrees><LongitudeDegrees>59.80398179036454</LongitudeDegrees></Position></Trackpoint><Trackpoint><Time>2026-08-12T13:55:42.000Z</Time><Position><LatitudeDegrees>58.63230463491039</LatitudeDegrees><LongitudeDegrees>59.80399762111415</LongitudeDegrees></Position></Trackpoint><Trackpoint><Time>2026-08-12T13:55:43.000Z</Time><Position><LatitudeDegrees>58.63229355917754</LatitudeDegrees><LongitudeDegrees>59.80401336873507</LongitudeDegrees></Position></Trackpoint><Trackpoint><Time>2026-08-12T13:55:44.000Z</Time><Position><LatitudeDegrees>58.632280692665645</LatitudeDegrees><LongitudeDegrees>59.804026571326894</LongitudeDegrees></Position></Trackpoint><Trackpoint><Time>2026-08-12T13:55:45.000Z</Time><Position><LatitudeDegrees>58.632267760827304</LatitudeDegrees><LongitudeDegrees>59.80403801047944</LongitudeDegrees></Position></Trackpoint><Trackpoint><Time>2026-08-12T13:55:46.000Z</Time><Position><LatitudeDegrees>58.63225401381413</LatitudeDegrees><LongitudeDegrees>59.804046765580345</LongitudeDegrees></Position></Trackpoint><Trackpoint><Time>2026-08-12T13:55:47.000Z</Time><Position><LatitudeDegrees>58.632241205882494</LatitudeDegrees><LongitudeDegrees>59.80405476042719</LongitudeDegrees></Position></Trackpoint><Trackpoint><Time>2026-08-12T13:55:48.000Z</Time><Position><LatitudeDegrees>58.632229449353346</LatitudeDegrees><LongitudeDegrees>59.80406337449206</LongitudeDegrees></Position></Trackpoint><Trackpoint><Time>2026-08-12T13:55:49.000Z</Time><Position><LatitudeDegrees>58.63221767631705</LatitudeDegrees><LongitudeDegrees>59.8040721171906</LongitudeDegrees></Position></Trackpoint><Trackpoint><Time>2026-08-12T13:55:51.000Z</Time><Position><LatitudeDegrees>58.63220593870208</LatitudeDegrees><LongitudeDegrees>59.80407979075266</LongitudeDegrees></Position></Trackpoint><Trackpoint><Time>2026-08-12T13:55:52.000Z</Time><Position><LatitudeDegrees>58.63219376373743</LatitudeDegrees><LongitudeDegrees>59.80408554950797</LongitudeDegrees></Position></Trackpoint><Trackpoint><Time>2026-08-12T13:55:54.000Z</Time><Position><LatitudeDegrees>58.63218199207465</LatitudeDegrees><LongitudeDegrees>59.80409124938634</LongitudeDegrees></Position></Trackpoint><Trackpoint><Time>2026-08-12T13:55:54.000Z</Time><Position><LatitudeDegrees>58.63217042854826</LatitudeDegrees><LongitudeDegrees>59.804097172667696</LongitudeDegrees></Position></Trackpoint><Trackpoint><Time>2026-08-12T13:55:56.000Z</Time><Position><LatitudeDegrees>58.632159945289864</LatitudeDegrees><LongitudeDegrees>59.80410487576276</LongitudeDegrees></Position></Trackpoint><Trackpoint><Time>2026-08-12T13:55:56.000Z</Time><Position><LatitudeDegrees>58.63215027321096</LatitudeDegrees><LongitudeDegrees>59.80411428160634</LongitudeDegrees></Position></Trackpoint><Trackpoint><Time>2026-08-12T13:55:57.000Z</Time><Position><LatitudeDegrees>58.632140707767654</LatitudeDegrees><LongitudeDegrees>59.804124650304615</LongitudeDegrees></Position></Trackpoint><Trackpoint><Time>2026-08-12T13:55:58.000Z</Time><Position><LatitudeDegrees>58.632130945118746</LatitudeDegrees><LongitudeDegrees>59.80413604317431</LongitudeDegrees></Position></Trackpoint><Trackpoint><Time>2026-08-12T13:55:59.000Z</Time><Position><LatitudeDegrees>58.63212039583273</LatitudeDegrees><LongitudeDegrees>59.80414737479561</LongitudeDegrees></Position></Trackpoint><Trackpoint><Time>2026-08-12T13:56:00.000Z</Time><Position><LatitudeDegrees>58.63210940773635</LatitudeDegrees><LongitudeDegrees>59.80415820601758</LongitudeDegrees></Position></Trackpoint><Trackpoint><Time>2026-08-12T13:56:02.000Z</Time><Position><LatitudeDegrees>58.632098180396916</LatitudeDegrees><LongitudeDegrees>59.80416939942995</LongitudeDegrees></Position></Trackpoint><Trackpoint><Time>2026-08-12T13:56:02.000Z</Time><Position><LatitudeDegrees>58.63208731631999</LatitudeDegrees><LongitudeDegrees>59.80418077417873</LongitudeDegrees></Position></Trackpoint><Trackpoint><Time>2026-08-12T13:56:04.000Z</Time><Position><LatitudeDegrees>58.632077017013266</LatitudeDegrees><LongitudeDegrees>59.804191742897345</LongitudeDegrees></Position></Trackpoint><Trackpoint><Time>2026-08-12T13:56:04.000Z</Time><Position><LatitudeDegrees>58.632067292976934</LatitudeDegrees><LongitudeDegrees>59.80420309502324</LongitudeDegrees></Position></Trackpoint><Trackpoint><Time>2026-08-12T13:56:06.000Z</Time><Position><LatitudeDegrees>58.632057095479</LatitudeDegrees><LongitudeDegrees>59.80421412724211</LongitudeDegrees></Position></Trackpoint><Trackpoint><Time>2026-08-12T13:56:06.000Z</Time><Position><LatitudeDegrees>58.632046542995354</LatitudeDegrees><LongitudeDegrees>59.80422508057587</LongitudeDegrees></Position></Trackpoint><Trackpoint><Time>2026-08-12T13:56:08.000Z</Time><Position><LatitudeDegrees>58.6320357298802</LatitudeDegrees><LongitudeDegrees>59.80423410596767</LongitudeDegrees></Position></Trackpoint><Trackpoint><Time>2026-08-12T13:56:08.000Z</Time><Position><LatitudeDegrees>58.63202521805402</LatitudeDegrees><LongitudeDegrees>59.8042406893627</LongitudeDegrees></Position></Trackpoint><Trackpoint><Time>2026-08-12T13:56:09.000Z</Time><Position><LatitudeDegrees>58.63201520026442</LatitudeDegrees><LongitudeDegrees>59.80424542209324</LongitudeDegrees></Position></Trackpoint><Trackpoint><Time>2026-08-12T13:56:12.000Z</Time><Position><LatitudeDegrees>58.63200569248245</LatitudeDegrees><LongitudeDegrees>59.80424976444086</LongitudeDegrees></Position></Trackpoint><Trackpoint><Time>2026-08-12T13:56:13.000Z</Time><Position><LatitudeDegrees>58.63199663582682</LatitudeDegrees><LongitudeDegrees>59.804253878292656</LongitudeDegrees></Position></Trackpoint><Trackpoint><Time>2026-08-12T13:56:14.000Z</Time><Position><LatitudeDegrees>58.631987948146865</LatitudeDegrees><LongitudeDegrees>59.8042573700356</LongitudeDegrees></Position></Trackpoint><Trackpoint><Time>2026-08-12T13:56:15.000Z</Time><Position><LatitudeDegrees>58.63198003786334</LatitudeDegrees><LongitudeDegrees>59.80426113663469</LongitudeDegrees></Position></Trackpoint><Trackpoint><Time>2026-08-12T13:56:16.000Z</Time><Position><LatitudeDegrees>58.63197199417865</LatitudeDegrees><LongitudeDegrees>59.80426502260204</LongitudeDegrees></Position></Trackpoint><Trackpoint><Time>2026-08-12T13:56:17.000Z</Time><Position><LatitudeDegrees>58.631963459117806</LatitudeDegrees><LongitudeDegrees>59.80426992780305</LongitudeDegrees></Position></Trackpoint><Trackpoint><Time>2026-08-12T13:56:18.000Z</Time><Position><LatitudeDegrees>58.631954837932774</LatitudeDegrees><LongitudeDegrees>59.804276581625814</LongitudeDegrees></Position></Trackpoint><Trackpoint><Time>2026-08-12T13:56:18.000Z</Time><Position><LatitudeDegrees>58.631946308573745</LatitudeDegrees><LongitudeDegrees>59.80428603924497</LongitudeDegrees></Position></Trackpoint><Trackpoint><Time>2026-08-12T13:56:20.000Z</Time><Position><LatitudeDegrees>58.63193842215142</LatitudeDegrees><LongitudeDegrees>59.80429837535359</LongitudeDegrees></Position></Trackpoint><Trackpoint><Time>2026-08-12T13:56:21.000Z</Time><Position><LatitudeDegrees>58.63193132311162</LatitudeDegrees><LongitudeDegrees>59.80431325126301</LongitudeDegrees></Position></Trackpoint><Trackpoint><Time>2026-08-12T13:56:22.000Z</Time><Position><LatitudeDegrees>58.631923990661356</LatitudeDegrees><LongitudeDegrees>59.80432922228911</LongitudeDegrees></Position></Trackpoint><Trackpoint><Time>2026-08-12T13:56:22.000Z</Time><Position><LatitudeDegrees>58.631916034361915</LatitudeDegrees><LongitudeDegrees>59.80434555290624</LongitudeDegrees></Position></Trackpoint><Trackpoint><Time>2026-08-12T13:56:23.000Z</Time><Position><LatitudeDegrees>58.63190737348771</LatitudeDegrees><LongitudeDegrees>59.80436189404744</LongitudeDegrees></Position></Trackpoint><Trackpoint><Time>2026-08-12T13:56:24.000Z</Time><Position><LatitudeDegrees>58.63189806522435</LatitudeDegrees><LongitudeDegrees>59.80437907982577</LongitudeDegrees></Position></Trackpoint><Trackpoint><Time>2026-08-12T13:56:25.000Z</Time><Position><LatitudeDegrees>58.63188821621421</LatitudeDegrees><LongitudeDegrees>59.80439636612769</LongitudeDegrees></Position></Trackpoint><Trackpoint><Time>2026-08-12T13:56:26.000Z</Time><Position><LatitudeDegrees>58.63187842939081</LatitudeDegrees><LongitudeDegrees>59.804413433600374</LongitudeDegrees></Position></Trackpoint><Trackpoint><Time>2026-08-12T13:56:27.000Z</Time><Position><LatitudeDegrees>58.63186894508071</LatitudeDegrees><LongitudeDegrees>59.80443017881007</LongitudeDegrees></Position></Trackpoint><Trackpoint><Time>2026-08-12T13:56:28.000Z</Time><Position><LatitudeDegrees>58.63185933382067</LatitudeDegrees><LongitudeDegrees>59.80444611091067</LongitudeDegrees></Position></Trackpoint><Trackpoint><Time>2026-08-12T13:56:29.000Z</Time><Position><LatitudeDegrees>58.631849924647845</LatitudeDegrees><LongitudeDegrees>59.804461621727306</LongitudeDegrees></Position></Trackpoint><Trackpoint><Time>2026-08-12T13:56:30.000Z</Time><Position><LatitudeDegrees>58.631840827133125</LatitudeDegrees><LongitudeDegrees>59.8044769266978</LongitudeDegrees></Position></Trackpoint><Trackpoint><Time>2026-08-12T13:56:31.000Z</Time><Position><LatitudeDegrees>58.6318320464006</LatitudeDegrees><LongitudeDegrees>59.80449165135606</LongitudeDegrees></Position></Trackpoint><Trackpoint><Time>2026-08-12T13:56:33.000Z</Time><Position><LatitudeDegrees>58.63182354390205</LatitudeDegrees><LongitudeDegrees>59.80450571596665</LongitudeDegrees></Position></Trackpoint><Trackpoint><Time>2026-08-12T13:56:33.000Z</Time><Position><LatitudeDegrees>58.63181575766172</LatitudeDegrees><LongitudeDegrees>59.80451966201859</LongitudeDegrees></Position></Trackpoint><Trackpoint><Time>2026-08-12T13:56:34.000Z</Time><Position><LatitudeDegrees>58.63180779692071</LatitudeDegrees><LongitudeDegrees>59.80453372773195</LongitudeDegrees></Position></Trackpoint><Trackpoint><Time>2026-08-12T13:56:35.000Z</Time><Position><LatitudeDegrees>58.6317993172317</LatitudeDegrees><LongitudeDegrees>59.80454750624472</LongitudeDegrees></Position></Trackpoint><Trackpoint><Time>2026-08-12T13:56:36.000Z</Time><Position><LatitudeDegrees>58.63179073295662</LatitudeDegrees><LongitudeDegrees>59.80456135646992</LongitudeDegrees></Position></Trackpoint><Trackpoint><Time>2026-08-12T13:56:38.000Z</Time><Position><LatitudeDegrees>58.63178173855635</LatitudeDegrees><LongitudeDegrees>59.80457492740512</LongitudeDegrees></Position></Trackpoint><Trackpoint><Time>2026-08-12T13:56:39.000Z</Time><Position><LatitudeDegrees>58.63177128161741</LatitudeDegrees><LongitudeDegrees>59.80458713112101</LongitudeDegrees></Position></Trackpoint><Trackpoint><Time>2026-08-12T13:56:39.000Z</Time><Position><LatitudeDegrees>58.63175960604609</LatitudeDegrees><LongitudeDegrees>59.80459818466318</LongitudeDegrees></Position></Trackpoint><Trackpoint><Time>2026-08-12T13:56:40.000Z</Time><Position><LatitudeDegrees>58.63174745831136</LatitudeDegrees><LongitudeDegrees>59.8046088146519</LongitudeDegrees></Position></Trackpoint><Trackpoint><Time>2026-08-12T13:56:41.000Z</Time><Position><LatitudeDegrees>58.63173569604612</LatitudeDegrees><LongitudeDegrees>59.804618885085475</LongitudeDegrees></Position></Trackpoint><Trackpoint><Time>2026-08-12T13:56:42.000Z</Time><Position><LatitudeDegrees>58.63172364375653</LatitudeDegrees><LongitudeDegrees>59.80462792216129</LongitudeDegrees></Position></Trackpoint><Trackpoint><Time>2026-08-12T13:56:43.000Z</Time><Position><LatitudeDegrees>58.63171155008651</LatitudeDegrees><LongitudeDegrees>59.80463635299216</LongitudeDegrees></Position></Trackpoint><Trackpoint><Time>2026-08-12T13:56:45.000Z</Time><Position><LatitudeDegrees>58.63170001235764</LatitudeDegrees><LongitudeDegrees>59.80464247284553</LongitudeDegrees></Position></Trackpoint><Trackpoint><Time>2026-08-12T13:56:46.000Z</Time><Position><LatitudeDegrees>58.631690184433914</LatitudeDegrees><LongitudeDegrees>59.80464489704491</LongitudeDegrees></Position></Trackpoint><Trackpoint><Time>2026-08-12T13:56:47.000Z</Time><Position><LatitudeDegrees>58.631681832453474</LatitudeDegrees><LongitudeDegrees>59.80464401927656</LongitudeDegrees></Position></Trackpoint><Trackpoint><Time>2026-08-12T13:56:48.000Z</Time><Position><LatitudeDegrees>58.63167418105851</LatitudeDegrees><LongitudeDegrees>59.804639446254924</LongitudeDegrees></Position></Trackpoint><Trackpoint><Time>2026-08-12T13:56:49.000Z</Time><Position><LatitudeDegrees>58.63166731062234</LatitudeDegrees><LongitudeDegrees>59.80463149029208</LongitudeDegrees></Position></Trackpoint><Trackpoint><Time>2026-08-12T13:56:50.000Z</Time><Position><LatitudeDegrees>58.631660664399895</LatitudeDegrees><LongitudeDegrees>59.80462120381454</LongitudeDegrees></Position></Trackpoint><Trackpoint><Time>2026-08-12T13:56:51.000Z</Time><Position><LatitudeDegrees>58.631653984327485</LatitudeDegrees><LongitudeDegrees>59.80460785053282</LongitudeDegrees></Position></Trackpoint><Trackpoint><Time>2026-08-12T13:56:52.000Z</Time><Position><LatitudeDegrees>58.63164667885986</LatitudeDegrees><LongitudeDegrees>59.80459152083803</LongitudeDegrees></Position></Trackpoint><Trackpoint><Time>2026-08-12T13:56:53.000Z</Time><Position><LatitudeDegrees>58.631638584647476</LatitudeDegrees><LongitudeDegrees>59.80457361319559</LongitudeDegrees></Position></Trackpoint><Trackpoint><Time>2026-08-12T13:56:54.000Z</Time><Position><LatitudeDegrees>58.63162973565176</LatitudeDegrees><LongitudeDegrees>59.80455392684616</LongitudeDegrees></Position></Trackpoint><Trackpoint><Time>2026-08-12T13:56:55.000Z</Time><Position><LatitudeDegrees>58.63162073234505</LatitudeDegrees><LongitudeDegrees>59.80453113857283</LongitudeDegrees></Position></Trackpoint><Trackpoint><Time>2026-08-12T13:56:56.000Z</Time><Position><LatitudeDegrees>58.63161282104872</LatitudeDegrees><LongitudeDegrees>59.8045055911686</LongitudeDegrees></Position></Trackpoint><Trackpoint><Time>2026-08-12T13:56:57.000Z</Time><Position><LatitudeDegrees>58.63160490604973</LatitudeDegrees><LongitudeDegrees>59.80447826954797</LongitudeDegrees></Position></Trackpoint><Trackpoint><Time>2026-08-12T13:56:59.000Z</Time><Position><LatitudeDegrees>58.63159751579338</LatitudeDegrees><LongitudeDegrees>59.80445225510265</LongitudeDegrees></Position></Trackpoint><Trackpoint><Time>2026-08-12T13:56:59.000Z</Time><Position><LatitudeDegrees>58.631592269392996</LatitudeDegrees><LongitudeDegrees>59.80442913868915</LongitudeDegrees></Position></Trackpoint><Trackpoint><Time>2026-08-12T13:57:01.000Z</Time><Position><LatitudeDegrees>58.63159053771401</LatitudeDegrees><LongitudeDegrees>59.80441018273847</LongitudeDegrees></Position></Trackpoint><Trackpoint><Time>2026-08-12T13:57:01.000Z</Time><Position><LatitudeDegrees>58.63158998616227</LatitudeDegrees><LongitudeDegrees>59.80439537317269</LongitudeDegrees></Position></Trackpoint><Trackpoint><Time>2026-08-12T13:57:03.000Z</Time><Position><LatitudeDegrees>58.63158852258525</LatitudeDegrees><LongitudeDegrees>59.80438417201183</LongitudeDegrees></Position></Trackpoint><Trackpoint><Time>2026-08-12T13:57:04.000Z</Time><Position><LatitudeDegrees>58.63158491281123</LatitudeDegrees><LongitudeDegrees>59.80437736339634</LongitudeDegrees></Position></Trackpoint><Trackpoint><Time>2026-08-12T13:57:04.000Z</Time><Position><LatitudeDegrees>58.63157941363888</LatitudeDegrees><LongitudeDegrees>59.804374216874244</LongitudeDegrees></Position></Trackpoint><Trackpoint><Time>2026-08-12T13:57:05.000Z</Time><Position><LatitudeDegrees>58.63157237332789</LatitudeDegrees><LongitudeDegrees>59.80437543042876</LongitudeDegrees></Position></Trackpoint><Trackpoint><Time>2026-08-12T13:57:06.000Z</Time><Position><LatitudeDegrees>58.63156511232725</LatitudeDegrees><LongitudeDegrees>59.80438024229282</LongitudeDegrees></Position></Trackpoint><Trackpoint><Time>2026-08-12T13:57:07.000Z</Time><Position><LatitudeDegrees>58.63155722354584</LatitudeDegrees><LongitudeDegrees>59.80438934573961</LongitudeDegrees></Position></Trackpoint><Trackpoint><Time>2026-08-12T13:57:08.000Z</Time><Position><LatitudeDegrees>58.631549109515284</LatitudeDegrees><LongitudeDegrees>59.80440443390647</LongitudeDegrees></Position></Trackpoint><Trackpoint><Time>2026-08-12T13:57:09.000Z</Time><Position><LatitudeDegrees>58.63154096492192</LatitudeDegrees><LongitudeDegrees>59.80442739439654</LongitudeDegrees></Position></Trackpoint><Trackpoint><Time>2026-08-12T13:57:10.000Z</Time><Position><LatitudeDegrees>58.63153287386676</LatitudeDegrees><LongitudeDegrees>59.804457994186976</LongitudeDegrees></Position></Trackpoint><Trackpoint><Time>2026-08-12T13:57:11.000Z</Time><Position><LatitudeDegrees>58.631524864113864</LatitudeDegrees><LongitudeDegrees>59.8044936879867</LongitudeDegrees></Position></Trackpoint><Trackpoint><Time>2026-08-12T13:57:12.000Z</Time><Position><LatitudeDegrees>58.631517426272985</LatitudeDegrees><LongitudeDegrees>59.80452934647725</LongitudeDegrees></Position></Trackpoint><Trackpoint><Time>2026-08-12T13:57:13.000Z</Time><Position><LatitudeDegrees>58.63151019937893</LatitudeDegrees><LongitudeDegrees>59.80456188254489</LongitudeDegrees></Position></Trackpoint><Trackpoint><Time>2026-08-12T13:57:15.000Z</Time><Position><LatitudeDegrees>58.631503007699486</LatitudeDegrees><LongitudeDegrees>59.804589935960855</LongitudeDegrees></Position></Trackpoint><Trackpoint><Time>2026-08-12T13:57:16.000Z</Time><Position><LatitudeDegrees>58.63149626395314</LatitudeDegrees><LongitudeDegrees>59.804613521879155</LongitudeDegrees></Position></Trackpoint><Trackpoint><Time>2026-08-12T13:57:16.000Z</Time><Position><LatitudeDegrees>58.63149057023021</LatitudeDegrees><LongitudeDegrees>59.80463468876913</LongitudeDegrees></Position></Trackpoint><Trackpoint><Time>2026-08-12T13:57:17.000Z</Time><Position><LatitudeDegrees>58.631484570890805</LatitudeDegrees><LongitudeDegrees>59.80465312190552</LongitudeDegrees></Position></Trackpoint><Trackpoint><Time>2026-08-12T13:57:18.000Z</Time><Position><LatitudeDegrees>58.631478726083856</LatitudeDegrees><LongitudeDegrees>59.80466757371525</LongitudeDegrees></Position></Trackpoint><Trackpoint><Time>2026-08-12T13:57:19.000Z</Time><Position><LatitudeDegrees>58.631472715869414</LatitudeDegrees><LongitudeDegrees>59.804678041403385</LongitudeDegrees></Position></Trackpoint><Trackpoint><Time>2026-08-12T13:57:21.000Z</Time><Position><LatitudeDegrees>58.63146344506256</LatitudeDegrees><LongitudeDegrees>59.80468826323807</LongitudeDegrees></Position></Trackpoint><Trackpoint><Time>2026-08-12T13:57:21.000Z</Time><Position><LatitudeDegrees>58.63145999063459</LatitudeDegrees><LongitudeDegrees>59.80469208457049</LongitudeDegrees></Position></Trackpoint><Trackpoint><Time>2026-08-12T13:57:23.000Z</Time><Position><LatitudeDegrees>58.631454921471374</LatitudeDegrees><LongitudeDegrees>59.80469551795302</LongitudeDegrees></Position></Trackpoint><Trackpoint><Time>2026-08-12T13:57:24.000Z</Time><Position><LatitudeDegrees>58.63144787948329</LatitudeDegrees><LongitudeDegrees>59.80469933011664</LongitudeDegrees></Position></Trackpoint><Trackpoint><Time>2026-08-12T13:57:25.000Z</Time><Position><LatitudeDegrees>58.631438480795545</LatitudeDegrees><LongitudeDegrees>59.804705746653234</LongitudeDegrees></Position></Trackpoint><Trackpoint><Time>2026-08-12T13:57:26.000Z</Time><Position><LatitudeDegrees>58.631427359405166</LatitudeDegrees><LongitudeDegrees>59.80471534986842</LongitudeDegrees></Position></Trackpoint><Trackpoint><Time>2026-08-12T13:57:27.000Z</Time><Position><LatitudeDegrees>58.631414997519535</LatitudeDegrees><LongitudeDegrees>59.804728460180314</LongitudeDegrees></Position></Trackpoint><Trackpoint><Time>2026-08-12T13:57:27.000Z</Time><Position><LatitudeDegrees>58.6314012633328</LatitudeDegrees><LongitudeDegrees>59.80474426980662</LongitudeDegrees></Position></Trackpoint><Trackpoint><Time>2026-08-12T13:57:28.000Z</Time><Position><LatitudeDegrees>58.63138676830631</LatitudeDegrees><LongitudeDegrees>59.8047616100121</LongitudeDegrees></Position></Trackpoint><Trackpoint><Time>2026-08-12T13:57:29.000Z</Time><Position><LatitudeDegrees>58.63137235152348</LatitudeDegrees><LongitudeDegrees>59.804779313414485</LongitudeDegrees></Position></Trackpoint><Trackpoint><Time>2026-08-12T13:57:31.000Z</Time><Position><LatitudeDegrees>58.631358348504406</LatitudeDegrees><LongitudeDegrees>59.80479636302043</LongitudeDegrees></Position></Trackpoint><Trackpoint><Time>2026-08-12T13:57:31.000Z</Time><Position><LatitudeDegrees>58.631344354710855</LatitudeDegrees><LongitudeDegrees>59.80481242391193</LongitudeDegrees></Position></Trackpoint><Trackpoint><Time>2026-08-12T13:57:32.000Z</Time><Position><LatitudeDegrees>58.63133020235643</LatitudeDegrees><LongitudeDegrees>59.80482846427985</LongitudeDegrees></Position></Trackpoint><Trackpoint><Time>2026-08-12T13:57:33.000Z</Time><Position><LatitudeDegrees>58.63131633230276</LatitudeDegrees><LongitudeDegrees>59.80484488549163</LongitudeDegrees></Position></Trackpoint><Trackpoint><Time>2026-08-12T13:57:34.000Z</Time><Position><LatitudeDegrees>58.63130240026786</LatitudeDegrees><LongitudeDegrees>59.804861803963036</LongitudeDegrees></Position></Trackpoint><Trackpoint><Time>2026-08-12T13:57:36.000Z</Time><Position><LatitudeDegrees>58.63128876203076</LatitudeDegrees><LongitudeDegrees>59.80487871420482</LongitudeDegrees></Position></Trackpoint><Trackpoint><Time>2026-08-12T13:57:37.000Z</Time><Position><LatitudeDegrees>58.63127552640462</LatitudeDegrees><LongitudeDegrees>59.80489491948529</LongitudeDegrees></Position></Trackpoint><Trackpoint><Time>2026-08-12T13:57:37.000Z</Time><Position><LatitudeDegrees>58.63126268652782</LatitudeDegrees><LongitudeDegrees>59.80490924412659</LongitudeDegrees></Position></Trackpoint><Trackpoint><Time>2026-08-12T13:57:38.000Z</Time><Position><LatitudeDegrees>58.63125018878068</LatitudeDegrees><LongitudeDegrees>59.80492193493318</LongitudeDegrees></Position></Trackpoint><Trackpoint><Time>2026-08-12T13:57:39.000Z</Time><Position><LatitudeDegrees>58.63123796716902</LatitudeDegrees><LongitudeDegrees>59.80493281363696</LongitudeDegrees></Position></Trackpoint><Trackpoint><Time>2026-08-12T13:57:41.000Z</Time><Position><LatitudeDegrees>58.63122644868327</LatitudeDegrees><LongitudeDegrees>59.80494252901245</LongitudeDegrees></Position></Trackpoint><Trackpoint><Time>2026-08-12T13:57:42.000Z</Time><Position><LatitudeDegrees>58.63121425009533</LatitudeDegrees><LongitudeDegrees>59.80495247677929</LongitudeDegrees></Position></Trackpoint><Trackpoint><Time>2026-08-12T13:57:43.000Z</Time><Position><LatitudeDegrees>58.63120039942521</LatitudeDegrees><LongitudeDegrees>59.804959774639975</LongitudeDegrees></Position></Trackpoint><Trackpoint><Time>2026-08-12T13:57:44.000Z</Time><Position><LatitudeDegrees>58.63118568764263</LatitudeDegrees><LongitudeDegrees>59.80496259645847</LongitudeDegrees></Position></Trackpoint><Trackpoint><Time>2026-08-12T13:57:45.000Z</Time><Position><LatitudeDegrees>58.631171040628374</LatitudeDegrees><LongitudeDegrees>59.80496174388554</LongitudeDegrees></Position></Trackpoint><Trackpoint><Time>2026-08-12T13:57:46.000Z</Time><Position><LatitudeDegrees>58.631156341767515</LatitudeDegrees><LongitudeDegrees>59.804962425165854</LongitudeDegrees></Position></Trackpoint><Trackpoint><Time>2026-08-12T13:57:46.000Z</Time><Position><LatitudeDegrees>58.63114301852041</LatitudeDegrees><LongitudeDegrees>59.80496462991802</LongitudeDegrees></Position></Trackpoint><Trackpoint><Time>2026-08-12T13:57:47.000Z</Time><Position><LatitudeDegrees>58.63113099259428</LatitudeDegrees><LongitudeDegrees>59.80496815833133</LongitudeDegrees></Position></Trackpoint><Trackpoint><Time>2026-08-12T13:57:48.000Z</Time><Position><LatitudeDegrees>58.63112006523637</LatitudeDegrees><LongitudeDegrees>59.80497226861655</LongitudeDegrees></Position></Trackpoint><Trackpoint><Time>2026-08-12T13:57:50.000Z</Time><Position><LatitudeDegrees>58.63111001359409</LatitudeDegrees><LongitudeDegrees>59.80497707020839</LongitudeDegrees></Position></Trackpoint><Trackpoint><Time>2026-08-12T13:57:51.000Z</Time><Position><LatitudeDegrees>58.63109916466068</LatitudeDegrees><LongitudeDegrees>59.804983009058155</LongitudeDegrees></Position></Trackpoint><Trackpoint><Time>2026-08-12T13:57:51.000Z</Time><Position><LatitudeDegrees>58.631087910988526</LatitudeDegrees><LongitudeDegrees>59.80499061246876</LongitudeDegrees></Position></Trackpoint><Trackpoint><Time>2026-08-12T13:57:53.000Z</Time><Position><LatitudeDegrees>58.63107646619138</LatitudeDegrees><LongitudeDegrees>59.80499890473602</LongitudeDegrees></Position></Trackpoint><Trackpoint><Time>2026-08-12T13:57:53.000Z</Time><Position><LatitudeDegrees>58.63106494277312</LatitudeDegrees><LongitudeDegrees>59.805005926786855</LongitudeDegrees></Position></Trackpoint><Trackpoint><Time>2026-08-12T13:57:55.000Z</Time><Position><LatitudeDegrees>58.63105290754688</LatitudeDegrees><LongitudeDegrees>59.80501103484</LongitudeDegrees></Position></Trackpoint><Trackpoint><Time>2026-08-12T13:57:56.000Z</Time><Position><LatitudeDegrees>58.631040247801636</LatitudeDegrees><LongitudeDegrees>59.80501225098108</LongitudeDegrees></Position></Trackpoint><Trackpoint><Time>2026-08-12T13:57:56.000Z</Time><Position><LatitudeDegrees>58.6310269972753</LatitudeDegrees><LongitudeDegrees>59.80501170821312</LongitudeDegrees></Position></Trackpoint><Trackpoint><Time>2026-08-12T13:57:57.000Z</Time><Position><LatitudeDegrees>58.631014224909364</LatitudeDegrees><LongitudeDegrees>59.80500953150998</LongitudeDegrees></Position></Trackpoint><Trackpoint><Time>2026-08-12T13:57:59.000Z</Time><Position><LatitudeDegrees>58.631002309558426</LatitudeDegrees><LongitudeDegrees>59.80500500283192</LongitudeDegrees></Position></Trackpoint><Trackpoint><Time>2026-08-12T13:58:00.000Z</Time><Position><LatitudeDegrees>58.63099031802962</LatitudeDegrees><LongitudeDegrees>59.80499763872803</LongitudeDegrees></Position></Trackpoint><Trackpoint><Time>2026-08-12T13:58:01.000Z</Time><Position><LatitudeDegrees>58.63097836539094</LatitudeDegrees><LongitudeDegrees>59.80498662479849</LongitudeDegrees></Position></Trackpoint><Trackpoint><Time>2026-08-12T13:58:02.000Z</Time><Position><LatitudeDegrees>58.630966983650346</LatitudeDegrees><LongitudeDegrees>59.804972583706494</LongitudeDegrees></Position></Trackpoint><Trackpoint><Time>2026-08-12T13:58:03.000Z</Time><Position><LatitudeDegrees>58.63095582902194</LatitudeDegrees><LongitudeDegrees>59.80495665002787</LongitudeDegrees></Position></Trackpoint><Trackpoint><Time>2026-08-12T13:58:03.000Z</Time><Position><LatitudeDegrees>58.63094473077373</LatitudeDegrees><LongitudeDegrees>59.804940023540006</LongitudeDegrees></Position></Trackpoint><Trackpoint><Time>2026-08-12T13:58:05.000Z</Time><Position><LatitudeDegrees>58.63093361135625</LatitudeDegrees><LongitudeDegrees>59.80492377688289</LongitudeDegrees></Position></Trackpoint><Trackpoint><Time>2026-08-12T13:58:06.000Z</Time><Position><LatitudeDegrees>58.63092293115972</LatitudeDegrees><LongitudeDegrees>59.804908303054724</LongitudeDegrees></Position></Trackpoint><Trackpoint><Time>2026-08-12T13:58:07.000Z</Time><Position><LatitudeDegrees>58.63091282341485</LatitudeDegrees><LongitudeDegrees>59.80489170627138</LongitudeDegrees></Position></Trackpoint><Trackpoint><Time>2026-08-12T13:58:08.000Z</Time><Position><LatitudeDegrees>58.63090326951718</LatitudeDegrees><LongitudeDegrees>59.80487481874719</LongitudeDegrees></Position></Trackpoint><Trackpoint><Time>2026-08-12T13:58:09.000Z</Time><Position><LatitudeDegrees>58.63089419071931</LatitudeDegrees><LongitudeDegrees>59.80485753092129</LongitudeDegrees></Position></Trackpoint><Trackpoint><Time>2026-08-12T13:58:10.000Z</Time><Position><LatitudeDegrees>58.63088647283335</LatitudeDegrees><LongitudeDegrees>59.804838869829744</LongitudeDegrees></Position></Trackpoint><Trackpoint><Time>2026-08-12T13:58:11.000Z</Time><Position><LatitudeDegrees>58.63087932677404</LatitudeDegrees><LongitudeDegrees>59.80481959025137</LongitudeDegrees></Position></Trackpoint><Trackpoint><Time>2026-08-12T13:58:11.000Z</Time><Position><LatitudeDegrees>58.63087235417667</LatitudeDegrees><LongitudeDegrees>59.80479861357924</LongitudeDegrees></Position></Trackpoint><Trackpoint><Time>2026-08-12T13:58:12.000Z</Time><Position><LatitudeDegrees>58.63086536871778</LatitudeDegrees><LongitudeDegrees>59.80477571342646</LongitudeDegrees></Position></Trackpoint><Trackpoint><Time>2026-08-12T13:58:14.000Z</Time><Position><LatitudeDegrees>58.63085878492455</LatitudeDegrees><LongitudeDegrees>59.80475251226706</LongitudeDegrees></Position></Trackpoint><Trackpoint><Time>2026-08-12T13:58:15.000Z</Time><Position><LatitudeDegrees>58.630852232349284</LatitudeDegrees><LongitudeDegrees>59.80472873770244</LongitudeDegrees></Position></Trackpoint><Trackpoint><Time>2026-08-12T13:58:15.000Z</Time><Position><LatitudeDegrees>58.630846533643734</LatitudeDegrees><LongitudeDegrees>59.80470435114548</LongitudeDegrees></Position></Trackpoint><Trackpoint><Time>2026-08-12T13:58:16.000Z</Time><Position><LatitudeDegrees>58.6308409387892</LatitudeDegrees><LongitudeDegrees>59.804679415253</LongitudeDegrees></Position></Trackpoint><Trackpoint><Time>2026-08-12T13:58:17.000Z</Time><Position><LatitudeDegrees>58.63083610479509</LatitudeDegrees><LongitudeDegrees>59.80465402633555</LongitudeDegrees></Position></Trackpoint><Trackpoint><Time>2026-08-12T13:58:18.000Z</Time><Position><LatitudeDegrees>58.63083220458449</LatitudeDegrees><LongitudeDegrees>59.80462877181271</LongitudeDegrees></Position></Trackpoint><Trackpoint><Time>2026-08-12T13:58:20.000Z</Time><Position><LatitudeDegrees>58.63082821030198</LatitudeDegrees><LongitudeDegrees>59.804604855575356</LongitudeDegrees></Position></Trackpoint><Trackpoint><Time>2026-08-12T13:58:20.000Z</Time><Position><LatitudeDegrees>58.630824200327005</LatitudeDegrees><LongitudeDegrees>59.80458162243773</LongitudeDegrees></Position></Trackpoint><Trackpoint><Time>2026-08-12T13:58:22.000Z</Time><Position><LatitudeDegrees>58.630819719342334</LatitudeDegrees><LongitudeDegrees>59.80455822528707</LongitudeDegrees></Position></Trackpoint><Trackpoint><Time>2026-08-12T13:58:23.000Z</Time><Position><LatitudeDegrees>58.63081464028652</LatitudeDegrees><LongitudeDegrees>59.80453531552613</LongitudeDegrees></Position></Trackpoint><Trackpoint><Time>2026-08-12T13:58:23.000Z</Time><Position><LatitudeDegrees>58.63080947720358</LatitudeDegrees><LongitudeDegrees>59.80451260925796</LongitudeDegrees></Position></Trackpoint><Trackpoint><Time>2026-08-12T13:58:25.000Z</Time><Position><LatitudeDegrees>58.630804452578715</LatitudeDegrees><LongitudeDegrees>59.80449045305695</LongitudeDegrees></Position></Trackpoint><Trackpoint><Time>2026-08-12T13:58:26.000Z</Time><Position><LatitudeDegrees>58.63079964026789</LatitudeDegrees><LongitudeDegrees>59.80446842944308</LongitudeDegrees></Position></Trackpoint><Trackpoint><Time>2026-08-12T13:58:26.000Z</Time><Position><LatitudeDegrees>58.630794553826625</LatitudeDegrees><LongitudeDegrees>59.804446839077414</LongitudeDegrees></Position></Trackpoint><Trackpoint><Time>2026-08-12T13:58:27.000Z</Time><Position><LatitudeDegrees>58.630789517715726</LatitudeDegrees><LongitudeDegrees>59.80442623978609</LongitudeDegrees></Position></Trackpoint><Trackpoint><Time>2026-08-12T13:58:29.000Z</Time><Position><LatitudeDegrees>58.63078465909915</LatitudeDegrees><LongitudeDegrees>59.80440526526574</LongitudeDegrees></Position></Trackpoint><Trackpoint><Time>2026-08-12T13:58:30.000Z</Time><Position><LatitudeDegrees>58.63077951795549</LatitudeDegrees><LongitudeDegrees>59.8043838905978</LongitudeDegrees></Position></Trackpoint><Trackpoint><Time>2026-08-12T13:58:30.000Z</Time><Position><LatitudeDegrees>58.63077492031576</LatitudeDegrees><LongitudeDegrees>59.80436460493137</LongitudeDegrees></Position></Trackpoint><Trackpoint><Time>2026-08-12T13:58:31.000Z</Time><Position><LatitudeDegrees>58.630770157387936</LatitudeDegrees><LongitudeDegrees>59.80434669642906</LongitudeDegrees></Position></Trackpoint><Trackpoint><Time>2026-08-12T13:58:33.000Z</Time><Position><LatitudeDegrees>58.6307649584823</LatitudeDegrees><LongitudeDegrees>59.804329205564905</LongitudeDegrees></Position></Trackpoint><Trackpoint><Time>2026-08-12T13:58:34.000Z</Time><Position><LatitudeDegrees>58.630759757687514</LatitudeDegrees><LongitudeDegrees>59.804312173181536</LongitudeDegrees></Position></Trackpoint><Trackpoint><Time>2026-08-12T13:58:34.000Z</Time><Position><LatitudeDegrees>58.630755713239466</LatitudeDegrees><LongitudeDegrees>59.80429310920089</LongitudeDegrees></Position></Trackpoint><Trackpoint><Time>2026-08-12T13:58:35.000Z</Time><Position><LatitudeDegrees>58.630750705669875</LatitudeDegrees><LongitudeDegrees>59.804272228099464</LongitudeDegrees></Position></Trackpoint><Trackpoint><Time>2026-08-12T13:58:36.000Z</Time><Position><LatitudeDegrees>58.63074496494745</LatitudeDegrees><LongitudeDegrees>59.80424985143053</LongitudeDegrees></Position></Trackpoint><Trackpoint><Time>2026-08-12T13:58:37.000Z</Time><Position><LatitudeDegrees>58.63073916949066</LatitudeDegrees><LongitudeDegrees>59.80422679318488</LongitudeDegrees></Position></Trackpoint><Trackpoint><Time>2026-08-12T13:58:38.000Z</Time><Position><LatitudeDegrees>58.63073409533053</LatitudeDegrees><LongitudeDegrees>59.80420445529167</LongitudeDegrees></Position></Trackpoint><Trackpoint><Time>2026-08-12T13:58:39.000Z</Time><Position><LatitudeDegrees>58.63072899026396</LatitudeDegrees><LongitudeDegrees>59.80418185382405</LongitudeDegrees></Position></Trackpoint><Trackpoint><Time>2026-08-12T13:58:40.000Z</Time><Position><LatitudeDegrees>58.63072354847541</LatitudeDegrees><LongitudeDegrees>59.8041581277869</LongitudeDegrees></Position></Trackpoint><Trackpoint><Time>2026-08-12T13:58:42.000Z</Time><Position><LatitudeDegrees>58.63071817684822</LatitudeDegrees><LongitudeDegrees>59.804135514983614</LongitudeDegrees></Position></Trackpoint><Trackpoint><Time>2026-08-12T13:58:42.000Z</Time><Position><LatitudeDegrees>58.63071303394542</LatitudeDegrees><LongitudeDegrees>59.804114794134364</LongitudeDegrees></Position></Trackpoint><Trackpoint><Time>2026-08-12T13:58:43.000Z</Time><Position><LatitudeDegrees>58.63070717649089</LatitudeDegrees><LongitudeDegrees>59.80409653272327</LongitudeDegrees></Position></Trackpoint><Trackpoint><Time>2026-08-12T13:58:45.000Z</Time><Position><LatitudeDegrees>58.630699818113065</LatitudeDegrees><LongitudeDegrees>59.8040791799622</LongitudeDegrees></Position></Trackpoint><Trackpoint><Time>2026-08-12T13:58:45.000Z</Time><Position><LatitudeDegrees>58.63069082759915</LatitudeDegrees><LongitudeDegrees>59.80406198056103</LongitudeDegrees></Position></Trackpoint><Trackpoint><Time>2026-08-12T13:58:46.000Z</Time><Position><LatitudeDegrees>58.630680360393555</LatitudeDegrees><LongitudeDegrees>59.804044603782586</LongitudeDegrees></Position></Trackpoint><Trackpoint><Time>2026-08-12T13:58:47.000Z</Time><Position><LatitudeDegrees>58.630669159655206</LatitudeDegrees><LongitudeDegrees>59.80402889462685</LongitudeDegrees></Position></Trackpoint><Trackpoint><Time>2026-08-12T13:58:48.000Z</Time><Position><LatitudeDegrees>58.63065762558956</LatitudeDegrees><LongitudeDegrees>59.80401344044702</LongitudeDegrees></Position></Trackpoint><Trackpoint><Time>2026-08-12T13:58:49.000Z</Time><Position><LatitudeDegrees>58.63064449696478</LatitudeDegrees><LongitudeDegrees>59.80399958518474</LongitudeDegrees></Position></Trackpoint><Trackpoint><Time>2026-08-12T13:58:50.000Z</Time><Position><LatitudeDegrees>58.630629948633384</LatitudeDegrees><LongitudeDegrees>59.803987187490726</LongitudeDegrees></Position></Trackpoint><Trackpoint><Time>2026-08-12T13:58:51.000Z</Time><Position><LatitudeDegrees>58.6306147244333</LatitudeDegrees><LongitudeDegrees>59.80397551246533</LongitudeDegrees></Position></Trackpoint><Trackpoint><Time>2026-08-12T13:58:52.000Z</Time><Position><LatitudeDegrees>58.630599707059126</LatitudeDegrees><LongitudeDegrees>59.803963675088326</LongitudeDegrees></Position></Trackpoint><Trackpoint><Time>2026-08-12T13:58:53.000Z</Time><Position><LatitudeDegrees>58.63058523348814</LatitudeDegrees><LongitudeDegrees>59.803951331716455</LongitudeDegrees></Position></Trackpoint><Trackpoint><Time>2026-08-12T13:58:54.000Z</Time><Position><LatitudeDegrees>58.63057088309189</LatitudeDegrees><LongitudeDegrees>59.80393840576965</LongitudeDegrees></Position></Trackpoint><Trackpoint><Time>2026-08-12T13:58:55.000Z</Time><Position><LatitudeDegrees>58.63055793566412</LatitudeDegrees><LongitudeDegrees>59.80392494048228</LongitudeDegrees></Position></Trackpoint><Trackpoint><Time>2026-08-12T13:58:57.000Z</Time><Position><LatitudeDegrees>58.63054624858707</LatitudeDegrees><LongitudeDegrees>59.80391053327264</LongitudeDegrees></Position></Trackpoint><Trackpoint><Time>2026-08-12T13:58:58.000Z</Time><Position><LatitudeDegrees>58.630537070193746</LatitudeDegrees><LongitudeDegrees>59.80389464962783</LongitudeDegrees></Position></Trackpoint><Trackpoint><Time>2026-08-12T13:58:59.000Z</Time><Position><LatitudeDegrees>58.63053010299292</LatitudeDegrees><LongitudeDegrees>59.80387676930521</LongitudeDegrees></Position></Trackpoint><Trackpoint><Time>2026-08-12T13:58:59.000Z</Time><Position><LatitudeDegrees>58.630524940664586</LatitudeDegrees><LongitudeDegrees>59.80385742393272</LongitudeDegrees></Position></Trackpoint><Trackpoint><Time>2026-08-12T13:59:00.000Z</Time><Position><LatitudeDegrees>58.63052069460933</LatitudeDegrees><LongitudeDegrees>59.80383604126815</LongitudeDegrees></Position></Trackpoint><Trackpoint><Time>2026-08-12T13:59:02.000Z</Time><Position><LatitudeDegrees>58.63051737088065</LatitudeDegrees><LongitudeDegrees>59.803813136737055</LongitudeDegrees></Position></Trackpoint><Trackpoint><Time>2026-08-12T13:59:03.000Z</Time><Position><LatitudeDegrees>58.63051436398174</LatitudeDegrees><LongitudeDegrees>59.80379009715938</LongitudeDegrees></Position></Trackpoint><Trackpoint><Time>2026-08-12T13:59:03.000Z</Time><Position><LatitudeDegrees>58.63051138388419</LatitudeDegrees><LongitudeDegrees>59.80376702139621</LongitudeDegrees></Position></Trackpoint><Trackpoint><Time>2026-08-12T13:59:04.000Z</Time><Position><LatitudeDegrees>58.63050781809412</LatitudeDegrees><LongitudeDegrees>59.80374395480621</LongitudeDegrees></Position></Trackpoint><Trackpoint><Time>2026-08-12T13:59:05.000Z</Time><Position><LatitudeDegrees>58.63050397914946</LatitudeDegrees><LongitudeDegrees>59.803719935670976</LongitudeDegrees></Position></Trackpoint><Trackpoint><Time>2026-08-12T13:59:06.000Z</Time><Position><LatitudeDegrees>58.63050101004399</LatitudeDegrees><LongitudeDegrees>59.80369517979116</LongitudeDegrees></Position></Trackpoint><Trackpoint><Time>2026-08-12T13:59:07.000Z</Time><Position><LatitudeDegrees>58.630498290636886</LatitudeDegrees><LongitudeDegrees>59.80367084982197</LongitudeDegrees></Position></Trackpoint><Trackpoint><Time>2026-08-12T13:59:08.000Z</Time><Position><LatitudeDegrees>58.630496023095674</LatitudeDegrees><LongitudeDegrees>59.803646880307966</LongitudeDegrees></Position></Trackpoint><Trackpoint><Time>2026-08-12T13:59:09.000Z</Time><Position><LatitudeDegrees>58.630492763851535</LatitudeDegrees><LongitudeDegrees>59.80362515647103</LongitudeDegrees></Position></Trackpoint><Trackpoint><Time>2026-08-12T13:59:10.000Z</Time><Position><LatitudeDegrees>58.63048853528887</LatitudeDegrees><LongitudeDegrees>59.80360469764728</LongitudeDegrees></Position></Trackpoint><Trackpoint><Time>2026-08-12T13:59:11.000Z</Time><Position><LatitudeDegrees>58.63048347103689</LatitudeDegrees><LongitudeDegrees>59.80358542721473</LongitudeDegrees></Position></Trackpoint><Trackpoint><Time>2026-08-12T13:59:12.000Z</Time><Position><LatitudeDegrees>58.63047773338802</LatitudeDegrees><LongitudeDegrees>59.803567161089674</LongitudeDegrees></Position></Trackpoint><Trackpoint><Time>2026-08-12T13:59:13.000Z</Time><Position><LatitudeDegrees>58.63047196521978</LatitudeDegrees><LongitudeDegrees>59.80354969455895</LongitudeDegrees></Position></Trackpoint><Trackpoint><Time>2026-08-12T13:59:14.000Z</Time><Position><LatitudeDegrees>58.63046545598645</LatitudeDegrees><LongitudeDegrees>59.80353284068815</LongitudeDegrees></Position></Trackpoint><Trackpoint><Time>2026-08-12T13:59:15.000Z</Time><Position><LatitudeDegrees>58.63045751856558</LatitudeDegrees><LongitudeDegrees>59.80351644385745</LongitudeDegrees></Position></Trackpoint><Trackpoint><Time>2026-08-12T13:59:16.000Z</Time><Position><LatitudeDegrees>58.63044903250416</LatitudeDegrees><LongitudeDegrees>59.80350038131703</LongitudeDegrees></Position></Trackpoint><Trackpoint><Time>2026-08-12T13:59:17.000Z</Time><Position><LatitudeDegrees>58.630440430446164</LatitudeDegrees><LongitudeDegrees>59.80348455960876</LongitudeDegrees></Position></Trackpoint><Trackpoint><Time>2026-08-12T13:59:18.000Z</Time><Position><LatitudeDegrees>58.630431905456796</LatitudeDegrees><LongitudeDegrees>59.80346841972242</LongitudeDegrees></Position></Trackpoint><Trackpoint><Time>2026-08-12T13:59:19.000Z</Time><Position><LatitudeDegrees>58.630424016765716</LatitudeDegrees><LongitudeDegrees>59.80345275149786</LongitudeDegrees></Position></Trackpoint><Trackpoint><Time>2026-08-12T13:59:20.000Z</Time><Position><LatitudeDegrees>58.630416913014436</LatitudeDegrees><LongitudeDegrees>59.80343733006977</LongitudeDegrees></Position></Trackpoint><Trackpoint><Time>2026-08-12T13:59:21.000Z</Time><Position><LatitudeDegrees>58.630410554672636</LatitudeDegrees><LongitudeDegrees>59.80342203115517</LongitudeDegrees></Position></Trackpoint><Trackpoint><Time>2026-08-12T13:59:22.000Z</Time><Position><LatitudeDegrees>58.63040434017763</LatitudeDegrees><LongitudeDegrees>59.803406298235146</LongitudeDegrees></Position></Trackpoint><Trackpoint><Time>2026-08-12T13:59:23.000Z</Time><Position><LatitudeDegrees>58.630398003323315</LatitudeDegrees><LongitudeDegrees>59.803388978599344</LongitudeDegrees></Position></Trackpoint><Trackpoint><Time>2026-08-12T13:59:24.000Z</Time><Position><LatitudeDegrees>58.630390960571155</LatitudeDegrees><LongitudeDegrees>59.80337127000764</LongitudeDegrees></Position></Trackpoint><Trackpoint><Time>2026-08-12T13:59:25.000Z</Time><Position><LatitudeDegrees>58.63038404142269</LatitudeDegrees><LongitudeDegrees>59.80335273643814</LongitudeDegrees></Position></Trackpoint><Trackpoint><Time>2026-08-12T13:59:26.000Z</Time><Position><LatitudeDegrees>58.63037659240871</LatitudeDegrees><LongitudeDegrees>59.80333428342839</LongitudeDegrees></Position></Trackpoint><Trackpoint><Time>2026-08-12T13:59:27.000Z</Time><Position><LatitudeDegrees>58.630369881248114</LatitudeDegrees><LongitudeDegrees>59.80331480473736</LongitudeDegrees></Position></Trackpoint><Trackpoint><Time>2026-08-12T13:59:28.000Z</Time><Position><LatitudeDegrees>58.630363356106216</LatitudeDegrees><LongitudeDegrees>59.803295445254605</LongitudeDegrees></Position></Trackpoint><Trackpoint><Time>2026-08-12T13:59:29.000Z</Time><Position><LatitudeDegrees>58.63035627623324</LatitudeDegrees><LongitudeDegrees>59.803276171573</LongitudeDegrees></Position></Trackpoint><Trackpoint><Time>2026-08-12T13:59:30.000Z</Time><Position><LatitudeDegrees>58.63034889737326</LatitudeDegrees><LongitudeDegrees>59.803256958921935</LongitudeDegrees></Position></Trackpoint><Trackpoint><Time>2026-08-12T13:59:32.000Z</Time><Position><LatitudeDegrees>58.63034136322472</LatitudeDegrees><LongitudeDegrees>59.803237299656246</LongitudeDegrees></Position></Trackpoint><Trackpoint><Time>2026-08-12T13:59:32.000Z</Time><Position><LatitudeDegrees>58.6303337528985</LatitudeDegrees><LongitudeDegrees>59.803217531643654</LongitudeDegrees></Position></Trackpoint><Trackpoint><Time>2026-08-12T13:59:33.000Z</Time><Position><LatitudeDegrees>58.63032561914176</LatitudeDegrees><LongitudeDegrees>59.803198297597476</LongitudeDegrees></Position></Trackpoint><Trackpoint><Time>2026-08-12T13:59:34.000Z</Time><Position><LatitudeDegrees>58.630317334553</LatitudeDegrees><LongitudeDegrees>59.80317930406408</LongitudeDegrees></Position></Trackpoint><Trackpoint><Time>2026-08-12T13:59:35.000Z</Time><Position><LatitudeDegrees>58.63030907193978</LatitudeDegrees><LongitudeDegrees>59.803160888930655</LongitudeDegrees></Position></Trackpoint><Trackpoint><Time>2026-08-12T13:59:36.000Z</Time><Position><LatitudeDegrees>58.63030089964947</LatitudeDegrees><LongitudeDegrees>59.80314262750303</LongitudeDegrees></Position></Trackpoint><Trackpoint><Time>2026-08-12T13:59:38.000Z</Time><Position><LatitudeDegrees>58.630292834237004</LatitudeDegrees><LongitudeDegrees>59.80312383553945</LongitudeDegrees></Position></Trackpoint><Trackpoint><Time>2026-08-12T13:59:38.000Z</Time><Position><LatitudeDegrees>58.63028535841325</LatitudeDegrees><LongitudeDegrees>59.803104299339836</LongitudeDegrees></Position></Trackpoint><Trackpoint><Time>2026-08-12T13:59:39.000Z</Time><Position><LatitudeDegrees>58.630278595301846</LatitudeDegrees><LongitudeDegrees>59.803085005638174</LongitudeDegrees></Position></Trackpoint><Trackpoint><Time>2026-08-12T13:59:40.000Z</Time><Position><LatitudeDegrees>58.630272014523015</LatitudeDegrees><LongitudeDegrees>59.80306584006956</LongitudeDegrees></Position></Trackpoint><Trackpoint><Time>2026-08-12T13:59:41.000Z</Time><Position><LatitudeDegrees>58.63026537424659</LatitudeDegrees><LongitudeDegrees>59.803046249478406</LongitudeDegrees></Position></Trackpoint><Trackpoint><Time>2026-08-12T13:59:42.000Z</Time><Position><LatitudeDegrees>58.63025760329402</LatitudeDegrees><LongitudeDegrees>59.803026550218426</LongitudeDegrees></Position></Trackpoint><Trackpoint><Time>2026-08-12T13:59:43.000Z</Time><Position><LatitudeDegrees>58.630249384860065</LatitudeDegrees><LongitudeDegrees>59.8030068865221</LongitudeDegrees></Position></Trackpoint><Trackpoint><Time>2026-08-12T13:59:44.000Z</Time><Position><LatitudeDegrees>58.630240078519435</LatitudeDegrees><LongitudeDegrees>59.80298780283525</LongitudeDegrees></Position></Trackpoint><Trackpoint><Time>2026-08-12T13:59:45.000Z</Time><Position><LatitudeDegrees>58.63023102898667</LatitudeDegrees><LongitudeDegrees>59.8029699385461</LongitudeDegrees></Position></Trackpoint><Trackpoint><Time>2026-08-12T13:59:46.000Z</Time><Position><LatitudeDegrees>58.63022226748854</LatitudeDegrees><LongitudeDegrees>59.802952910857584</LongitudeDegrees></Position></Trackpoint><Trackpoint><Time>2026-08-12T13:59:47.000Z</Time><Position><LatitudeDegrees>58.6302147491377</LatitudeDegrees><LongitudeDegrees>59.80293645474467</LongitudeDegrees></Position></Trackpoint><Trackpoint><Time>2026-08-12T13:59:48.000Z</Time><Position><LatitudeDegrees>58.630207728504075</LatitudeDegrees><LongitudeDegrees>59.80291989808973</LongitudeDegrees></Position></Trackpoint><Trackpoint><Time>2026-08-12T13:59:49.000Z</Time><Position><LatitudeDegrees>58.63020132432408</LatitudeDegrees><LongitudeDegrees>59.80290297699674</LongitudeDegrees></Position></Trackpoint><Trackpoint><Time>2026-08-12T13:59:50.000Z</Time><Position><LatitudeDegrees>58.63019550637643</LatitudeDegrees><LongitudeDegrees>59.802885629559576</LongitudeDegrees></Position></Trackpoint><Trackpoint><Time>2026-08-12T13:59:51.000Z</Time><Position><LatitudeDegrees>58.63018969736235</LatitudeDegrees><LongitudeDegrees>59.80286739539325</LongitudeDegrees></Position></Trackpoint><Trackpoint><Time>2026-08-12T13:59:52.000Z</Time><Position><LatitudeDegrees>58.63018414799495</LatitudeDegrees><LongitudeDegrees>59.802848688316836</LongitudeDegrees></Position></Trackpoint><Trackpoint><Time>2026-08-12T13:59:53.000Z</Time><Position><LatitudeDegrees>58.630178438590384</LatitudeDegrees><LongitudeDegrees>59.80282876023088</LongitudeDegrees></Position></Trackpoint><Trackpoint><Time>2026-08-12T13:59:55.000Z</Time><Position><LatitudeDegrees>58.63017241684937</LatitudeDegrees><LongitudeDegrees>59.80280794936843</LongitudeDegrees></Position></Trackpoint><Trackpoint><Time>2026-08-12T13:59:55.000Z</Time><Position><LatitudeDegrees>58.63016557052727</LatitudeDegrees><LongitudeDegrees>59.802786508328154</LongitudeDegrees></Position></Trackpoint><Trackpoint><Time>2026-08-12T13:59:56.000Z</Time><Position><LatitudeDegrees>58.63015828410902</LatitudeDegrees><LongitudeDegrees>59.802766090852835</LongitudeDegrees></Position></Trackpoint><Trackpoint><Time>2026-08-12T13:59:57.000Z</Time><Position><LatitudeDegrees>58.630150772424024</LatitudeDegrees><LongitudeDegrees>59.80274724663589</LongitudeDegrees></Position></Trackpoint><Trackpoint><Time>2026-08-12T13:59:58.000Z</Time><Position><LatitudeDegrees>58.63014217363758</LatitudeDegrees><LongitudeDegrees>59.80273048974469</LongitudeDegrees></Position></Trackpoint><Trackpoint><Time>2026-08-12T14:00:00.000Z</Time><Position><LatitudeDegrees>58.63013276195588</LatitudeDegrees><LongitudeDegrees>59.8027152743736</LongitudeDegrees></Position></Trackpoint><Trackpoint><Time>2026-08-12T14:00:00.000Z</Time><Position><LatitudeDegrees>58.63012177541881</LatitudeDegrees><LongitudeDegrees>59.80270117788988</LongitudeDegrees></Position></Trackpoint><Trackpoint><Time>2026-08-12T14:00:01.000Z</Time><Position><LatitudeDegrees>58.6301095919667</LatitudeDegrees><LongitudeDegrees>59.802689351463634</LongitudeDegrees></Position></Trackpoint><Trackpoint><Time>2026-08-12T14:00:02.000Z</Time><Position><LatitudeDegrees>58.630096520870225</LatitudeDegrees><LongitudeDegrees>59.80267801938419</LongitudeDegrees></Position></Trackpoint><Trackpoint><Time>2026-08-12T14:00:03.000Z</Time><Position><LatitudeDegrees>58.63008476186764</LatitudeDegrees><LongitudeDegrees>59.802666386906004</LongitudeDegrees></Position></Trackpoint><Trackpoint><Time>2026-08-12T14:00:04.000Z</Time><Position><LatitudeDegrees>58.63007554208988</LatitudeDegrees><LongitudeDegrees>59.80265171722899</LongitudeDegrees></Position></Trackpoint><Trackpoint><Time>2026-08-12T14:00:05.000Z</Time><Position><LatitudeDegrees>58.63006855139409</LatitudeDegrees><LongitudeDegrees>59.802633762678106</LongitudeDegrees></Position></Trackpoint><Trackpoint><Time>2026-08-12T14:00:06.000Z</Time><Position><LatitudeDegrees>58.63006337595382</LatitudeDegrees><LongitudeDegrees>59.802613822082336</LongitudeDegrees></Position></Trackpoint><Trackpoint><Time>2026-08-12T14:00:07.000Z</Time><Position><LatitudeDegrees>58.63005961235622</LatitudeDegrees><LongitudeDegrees>59.80259170602737</LongitudeDegrees></Position></Trackpoint><Trackpoint><Time>2026-08-12T14:00:08.000Z</Time><Position><LatitudeDegrees>58.63005740286519</LatitudeDegrees><LongitudeDegrees>59.80256761572299</LongitudeDegrees></Position></Trackpoint><Trackpoint><Time>2026-08-12T14:00:09.000Z</Time><Position><LatitudeDegrees>58.630056116991895</LatitudeDegrees><LongitudeDegrees>59.80254237703663</LongitudeDegrees></Position></Trackpoint><Trackpoint><Time>2026-08-12T14:00:10.000Z</Time><Position><LatitudeDegrees>58.630055376535076</LatitudeDegrees><LongitudeDegrees>59.80251696709175</LongitudeDegrees></Position></Trackpoint><Trackpoint><Time>2026-08-12T14:00:11.000Z</Time><Position><LatitudeDegrees>58.630053976514226</LatitudeDegrees><LongitudeDegrees>59.8024908310599</LongitudeDegrees></Position></Trackpoint><Trackpoint><Time>2026-08-12T14:00:12.000Z</Time><Position><LatitudeDegrees>58.630051994942846</LatitudeDegrees><LongitudeDegrees>59.80246481285763</LongitudeDegrees></Position></Trackpoint><Trackpoint><Time>2026-08-12T14:00:13.000Z</Time><Position><LatitudeDegrees>58.63004904898002</LatitudeDegrees><LongitudeDegrees>59.80243973452529</LongitudeDegrees></Position></Trackpoint><Trackpoint><Time>2026-08-12T14:00:15.000Z</Time><Position><LatitudeDegrees>58.63004510473726</LatitudeDegrees><LongitudeDegrees>59.80241483475438</LongitudeDegrees></Position></Trackpoint><Trackpoint><Time>2026-08-12T14:00:16.000Z</Time><Position><LatitudeDegrees>58.63004027638589</LatitudeDegrees><LongitudeDegrees>59.80239075631584</LongitudeDegrees></Position></Trackpoint><Trackpoint><Time>2026-08-12T14:00:16.000Z</Time><Position><LatitudeDegrees>58.63003619325132</LatitudeDegrees><LongitudeDegrees>59.802367658507386</LongitudeDegrees></Position></Trackpoint><Trackpoint><Time>2026-08-12T14:00:17.000Z</Time><Position><LatitudeDegrees>58.630032451475394</LatitudeDegrees><LongitudeDegrees>59.80234499146014</LongitudeDegrees></Position></Trackpoint><Trackpoint><Time>2026-08-12T14:00:18.000Z</Time><Position><LatitudeDegrees>58.63002835131238</LatitudeDegrees><LongitudeDegrees>59.80232198382159</LongitudeDegrees></Position></Trackpoint><Trackpoint><Time>2026-08-12T14:00:19.000Z</Time><Position><LatitudeDegrees>58.63002414019272</LatitudeDegrees><LongitudeDegrees>59.80229885124805</LongitudeDegrees></Position></Trackpoint><Trackpoint><Time>2026-08-12T14:00:21.000Z</Time><Position><LatitudeDegrees>58.63001993425761</LatitudeDegrees><LongitudeDegrees>59.802276677810426</LongitudeDegrees></Position></Trackpoint><Trackpoint><Time>2026-08-12T14:00:21.000Z</Time><Position><LatitudeDegrees>58.63001480145123</LatitudeDegrees><LongitudeDegrees>59.802255786861636</LongitudeDegrees></Position></Trackpoint><Trackpoint><Time>2026-08-12T14:00:22.000Z</Time><Position><LatitudeDegrees>58.63000896649504</LatitudeDegrees><LongitudeDegrees>59.802235657353066</LongitudeDegrees></Position></Trackpoint><Trackpoint><Time>2026-08-12T14:00:23.000Z</Time><Position><LatitudeDegrees>58.63000261205669</LatitudeDegrees><LongitudeDegrees>59.80221597696983</LongitudeDegrees></Position></Trackpoint><Trackpoint><Time>2026-08-12T14:00:25.000Z</Time><Position><LatitudeDegrees>58.62999539042896</LatitudeDegrees><LongitudeDegrees>59.8021970490563</LongitudeDegrees></Position></Trackpoint><Trackpoint><Time>2026-08-12T14:00:26.000Z</Time><Position><LatitudeDegrees>58.629989228159324</LatitudeDegrees><LongitudeDegrees>59.80217547468713</LongitudeDegrees></Position></Trackpoint><Trackpoint><Time>2026-08-12T14:00:26.000Z</Time><Position><LatitudeDegrees>58.62998380347604</LatitudeDegrees><LongitudeDegrees>59.802151172961324</LongitudeDegrees></Position></Trackpoint><Trackpoint><Time>2026-08-12T14:00:27.000Z</Time><Position><LatitudeDegrees>58.629978889194675</LatitudeDegrees><LongitudeDegrees>59.802126419055725</LongitudeDegrees></Position></Trackpoint><Trackpoint><Time>2026-08-12T14:00:28.000Z</Time><Position><LatitudeDegrees>58.629974815854425</LatitudeDegrees><LongitudeDegrees>59.802101228779385</LongitudeDegrees></Position></Trackpoint><Trackpoint><Time>2026-08-12T14:00:30.000Z</Time><Position><LatitudeDegrees>58.62997063242758</LatitudeDegrees><LongitudeDegrees>59.802076643871764</LongitudeDegrees></Position></Trackpoint><Trackpoint><Time>2026-08-12T14:00:30.000Z</Time><Position><LatitudeDegrees>58.62996449254681</LatitudeDegrees><LongitudeDegrees>59.80205497410022</LongitudeDegrees></Position></Trackpoint><Trackpoint><Time>2026-08-12T14:00:31.000Z</Time><Position><LatitudeDegrees>58.629955397313765</LatitudeDegrees><LongitudeDegrees>59.80203532771882</LongitudeDegrees></Position></Trackpoint><Trackpoint><Time>2026-08-12T14:00:32.000Z</Time><Position><LatitudeDegrees>58.62994478349563</LatitudeDegrees><LongitudeDegrees>59.80201609855655</LongitudeDegrees></Position></Trackpoint><Trackpoint><Time>2026-08-12T14:00:33.000Z</Time><Position><LatitudeDegrees>58.629934906541</LatitudeDegrees><LongitudeDegrees>59.80199853003166</LongitudeDegrees></Position></Trackpoint><Trackpoint><Time>2026-08-12T14:00:34.000Z</Time><Position><LatitudeDegrees>58.629926111132896</LatitudeDegrees><LongitudeDegrees>59.80198096264248</LongitudeDegrees></Position></Trackpoint><Trackpoint><Time>2026-08-12T14:00:36.000Z</Time><Position><LatitudeDegrees>58.629918400408414</LatitudeDegrees><LongitudeDegrees>59.801964181636976</LongitudeDegrees></Position></Trackpoint><Trackpoint><Time>2026-08-12T14:00:37.000Z</Time><Position><LatitudeDegrees>58.629910657220776</LatitudeDegrees><LongitudeDegrees>59.801947919864666</LongitudeDegrees></Position></Trackpoint><Trackpoint><Time>2026-08-12T14:00:37.000Z</Time><Position><LatitudeDegrees>58.62990095682642</LatitudeDegrees><LongitudeDegrees>59.8019324902719</LongitudeDegrees></Position></Trackpoint><Trackpoint><Time>2026-08-12T14:00:38.000Z</Time><Position><LatitudeDegrees>58.62988924736691</LatitudeDegrees><LongitudeDegrees>59.80191644609958</LongitudeDegrees></Position></Trackpoint><Trackpoint><Time>2026-08-12T14:00:39.000Z</Time><Position><LatitudeDegrees>58.629876744566914</LatitudeDegrees><LongitudeDegrees>59.80190073923628</LongitudeDegrees></Position></Trackpoint><Trackpoint><Time>2026-08-12T14:00:40.000Z</Time><Position><LatitudeDegrees>58.62986454053706</LatitudeDegrees><LongitudeDegrees>59.80188473918711</LongitudeDegrees></Position></Trackpoint><Trackpoint><Time>2026-08-12T14:00:42.000Z</Time><Position><LatitudeDegrees>58.62985353630886</LatitudeDegrees><LongitudeDegrees>59.80186626548074</LongitudeDegrees></Position></Trackpoint><Trackpoint><Time>2026-08-12T14:00:42.000Z</Time><Position><LatitudeDegrees>58.62984345935378</LatitudeDegrees><LongitudeDegrees>59.801846696058995</LongitudeDegrees></Position></Trackpoint><Trackpoint><Time>2026-08-12T14:00:43.000Z</Time><Position><LatitudeDegrees>58.62983358881076</LatitudeDegrees><LongitudeDegrees>59.80182771825892</LongitudeDegrees></Position></Trackpoint><Trackpoint><Time>2026-08-12T14:00:44.000Z</Time><Position><LatitudeDegrees>58.629823111701896</LatitudeDegrees><LongitudeDegrees>59.80180946143781</LongitudeDegrees></Position></Trackpoint><Trackpoint><Time>2026-08-12T14:00:45.000Z</Time><Position><LatitudeDegrees>58.629812260678186</LatitudeDegrees><LongitudeDegrees>59.80179237594338</LongitudeDegrees></Position></Trackpoint><Trackpoint><Time>2026-08-12T14:00:46.000Z</Time><Position><LatitudeDegrees>58.629801179544486</LatitudeDegrees><LongitudeDegrees>59.801776496905816</LongitudeDegrees></Position></Trackpoint><Trackpoint><Time>2026-08-12T14:00:47.000Z</Time><Position><LatitudeDegrees>58.6297899570587</LatitudeDegrees><LongitudeDegrees>59.80176021511414</LongitudeDegrees></Position></Trackpoint><Trackpoint><Time>2026-08-12T14:00:48.000Z</Time><Position><LatitudeDegrees>58.62977962713785</LatitudeDegrees><LongitudeDegrees>59.80174340914511</LongitudeDegrees></Position></Trackpoint><Trackpoint><Time>2026-08-12T14:00:49.000Z</Time><Position><LatitudeDegrees>58.629771480245324</LatitudeDegrees><LongitudeDegrees>59.80172511704872</LongitudeDegrees></Position></Trackpoint><Trackpoint><Time>2026-08-12T14:00:51.000Z</Time><Position><LatitudeDegrees>58.629765278037986</LatitudeDegrees><LongitudeDegrees>59.80170513340406</LongitudeDegrees></Position></Trackpoint><Trackpoint><Time>2026-08-12T14:00:51.000Z</Time><Position><LatitudeDegrees>58.629760672760774</LatitudeDegrees><LongitudeDegrees>59.801683590719634</LongitudeDegrees></Position></Trackpoint><Trackpoint><Time>2026-08-12T14:00:53.000Z</Time><Position><LatitudeDegrees>58.629757805843624</LatitudeDegrees><LongitudeDegrees>59.801660743667234</LongitudeDegrees></Position></Trackpoint><Trackpoint><Time>2026-08-12T14:00:54.000Z</Time><Position><LatitudeDegrees>58.629756022805594</LatitudeDegrees><LongitudeDegrees>59.801636864542864</LongitudeDegrees></Position></Trackpoint><Trackpoint><Time>2026-08-12T14:00:55.000Z</Time><Position><LatitudeDegrees>58.62975393577412</LatitudeDegrees><LongitudeDegrees>59.80161268756259</LongitudeDegrees></Position></Trackpoint><Trackpoint><Time>2026-08-12T14:00:55.000Z</Time><Position><LatitudeDegrees>58.62975150180472</LatitudeDegrees><LongitudeDegrees>59.8015880637198</LongitudeDegrees></Position></Trackpoint><Trackpoint><Time>2026-08-12T14:00:57.000Z</Time><Position><LatitudeDegrees>58.629747278908525</LatitudeDegrees><LongitudeDegrees>59.801564457834594</LongitudeDegrees></Position></Trackpoint><Trackpoint><Time>2026-08-12T14:00:58.000Z</Time><Position><LatitudeDegrees>58.6297413924431</LatitudeDegrees><LongitudeDegrees>59.801540873683564</LongitudeDegrees></Position></Trackpoint><Trackpoint><Time>2026-08-12T14:00:59.000Z</Time><Position><LatitudeDegrees>58.62973459716208</LatitudeDegrees><LongitudeDegrees>59.80151787742038</LongitudeDegrees></Position></Trackpoint><Trackpoint><Time>2026-08-12T14:01:00.000Z</Time><Position><LatitudeDegrees>58.629727810153895</LatitudeDegrees><LongitudeDegrees>59.80149513714087</LongitudeDegrees></Position></Trackpoint><Trackpoint><Time>2026-08-12T14:01:01.000Z</Time><Position><LatitudeDegrees>58.629721408044354</LatitudeDegrees><LongitudeDegrees>59.80147199369008</LongitudeDegrees></Position></Trackpoint><Trackpoint><Time>2026-08-12T14:01:02.000Z</Time><Position><LatitudeDegrees>58.629715006928734</LatitudeDegrees><LongitudeDegrees>59.80144920657369</LongitudeDegrees></Position></Trackpoint><Trackpoint><Time>2026-08-12T14:01:03.000Z</Time><Position><LatitudeDegrees>58.62970795896409</LatitudeDegrees><LongitudeDegrees>59.80142753245711</LongitudeDegrees></Position></Trackpoint><Trackpoint><Time>2026-08-12T14:01:04.000Z</Time><Position><LatitudeDegrees>58.6297005699798</LatitudeDegrees><LongitudeDegrees>59.801406650497924</LongitudeDegrees></Position></Trackpoint><Trackpoint><Time>2026-08-12T14:01:04.000Z</Time><Position><LatitudeDegrees>58.62969300969596</LatitudeDegrees><LongitudeDegrees>59.8013858372797</LongitudeDegrees></Position></Trackpoint><Trackpoint><Time>2026-08-12T14:01:05.000Z</Time><Position><LatitudeDegrees>58.62968488038438</LatitudeDegrees><LongitudeDegrees>59.80136429644202</LongitudeDegrees></Position></Trackpoint><Trackpoint><Time>2026-08-12T14:01:07.000Z</Time><Position><LatitudeDegrees>58.629676091281176</LatitudeDegrees><LongitudeDegrees>59.80134277262718</LongitudeDegrees></Position></Trackpoint><Trackpoint><Time>2026-08-12T14:01:08.000Z</Time><Position><LatitudeDegrees>58.62966668969001</LatitudeDegrees><LongitudeDegrees>59.801321570318876</LongitudeDegrees></Position></Trackpoint><Trackpoint><Time>2026-08-12T14:01:09.000Z</Time><Position><LatitudeDegrees>58.629658242535875</LatitudeDegrees><LongitudeDegrees>59.80130175287</LongitudeDegrees></Position></Trackpoint><Trackpoint><Time>2026-08-12T14:01:10.000Z</Time><Position><LatitudeDegrees>58.62965029340894</LatitudeDegrees><LongitudeDegrees>59.801282111628275</LongitudeDegrees></Position></Trackpoint><Trackpoint><Time>2026-08-12T14:01:10.000Z</Time><Position><LatitudeDegrees>58.62964063198092</LatitudeDegrees><LongitudeDegrees>59.80126261582507</LongitudeDegrees></Position></Trackpoint><Trackpoint><Time>2026-08-12T14:01:11.000Z</Time><Position><LatitudeDegrees>58.62962954695738</LatitudeDegrees><LongitudeDegrees>59.801242744511406</LongitudeDegrees></Position></Trackpoint><Trackpoint><Time>2026-08-12T14:01:13.000Z</Time><Position><LatitudeDegrees>58.6296183191745</LatitudeDegrees><LongitudeDegrees>59.801222331339325</LongitudeDegrees></Position></Trackpoint><Trackpoint><Time>2026-08-12T14:01:14.000Z</Time><Position><LatitudeDegrees>58.62960700483563</LatitudeDegrees><LongitudeDegrees>59.801202356569135</LongitudeDegrees></Position></Trackpoint><Trackpoint><Time>2026-08-12T14:01:15.000Z</Time><Position><LatitudeDegrees>58.629595148585906</LatitudeDegrees><LongitudeDegrees>59.80118267802589</LongitudeDegrees></Position></Trackpoint><Trackpoint><Time>2026-08-12T14:01:16.000Z</Time><Position><LatitudeDegrees>58.62958410128031</LatitudeDegrees><LongitudeDegrees>59.80116319913691</LongitudeDegrees></Position></Trackpoint><Trackpoint><Time>2026-08-12T14:01:16.000Z</Time><Position><LatitudeDegrees>58.629574315419205</LatitudeDegrees><LongitudeDegrees>59.801143364894415</LongitudeDegrees></Position></Trackpoint><Trackpoint><Time>2026-08-12T14:01:18.000Z</Time><Position><LatitudeDegrees>58.629564836231616</LatitudeDegrees><LongitudeDegrees>59.8011234819474</LongitudeDegrees></Position></Trackpoint><Trackpoint><Time>2026-08-12T14:01:18.000Z</Time><Position><LatitudeDegrees>58.62955572076054</LatitudeDegrees><LongitudeDegrees>59.8011041724459</LongitudeDegrees></Position></Trackpoint><Trackpoint><Time>2026-08-12T14:01:19.000Z</Time><Position><LatitudeDegrees>58.62954694581573</LatitudeDegrees><LongitudeDegrees>59.80108512940059</LongitudeDegrees></Position></Trackpoint><Trackpoint><Time>2026-08-12T14:01:21.000Z</Time><Position><LatitudeDegrees>58.62953796853002</LatitudeDegrees><LongitudeDegrees>59.80106619218376</LongitudeDegrees></Position></Trackpoint><Trackpoint><Time>2026-08-12T14:01:22.000Z</Time><Position><LatitudeDegrees>58.62952908091337</LatitudeDegrees><LongitudeDegrees>59.80104777067126</LongitudeDegrees></Position></Trackpoint><Trackpoint><Time>2026-08-12T14:01:23.000Z</Time><Position><LatitudeDegrees>58.62952039171633</LatitudeDegrees><LongitudeDegrees>59.801029477863146</LongitudeDegrees></Position></Trackpoint><Trackpoint><Time>2026-08-12T14:01:24.000Z</Time><Position><LatitudeDegrees>58.629512409869776</LatitudeDegrees><LongitudeDegrees>59.80101064825031</LongitudeDegrees></Position></Trackpoint><Trackpoint><Time>2026-08-12T14:01:24.000Z</Time><Position><LatitudeDegrees>58.629505743791654</LatitudeDegrees><LongitudeDegrees>59.800990587041355</LongitudeDegrees></Position></Trackpoint><Trackpoint><Time>2026-08-12T14:01:25.000Z</Time><Position><LatitudeDegrees>58.62949998556127</LatitudeDegrees><LongitudeDegrees>59.80096965578213</LongitudeDegrees></Position></Trackpoint><Trackpoint><Time>2026-08-12T14:01:26.000Z</Time><Position><LatitudeDegrees>58.62949485066239</LatitudeDegrees><LongitudeDegrees>59.800948604649534</LongitudeDegrees></Position></Trackpoint><Trackpoint><Time>2026-08-12T14:01:28.000Z</Time><Position><LatitudeDegrees>58.62948965230747</LatitudeDegrees><LongitudeDegrees>59.800928247587606</LongitudeDegrees></Position></Trackpoint><Trackpoint><Time>2026-08-12T14:01:28.000Z</Time><Position><LatitudeDegrees>58.6294846054096</LatitudeDegrees><LongitudeDegrees>59.80090785150149</LongitudeDegrees></Position></Trackpoint><Trackpoint><Time>2026-08-12T14:01:30.000Z</Time><Position><LatitudeDegrees>58.62947928942726</LatitudeDegrees><LongitudeDegrees>59.80088711948697</LongitudeDegrees></Position></Trackpoint><Trackpoint><Time>2026-08-12T14:01:30.000Z</Time><Position><LatitudeDegrees>58.62947356570401</LatitudeDegrees><LongitudeDegrees>59.800866461995525</LongitudeDegrees></Position></Trackpoint><Trackpoint><Time>2026-08-12T14:01:31.000Z</Time><Position><LatitudeDegrees>58.62946645024819</LatitudeDegrees><LongitudeDegrees>59.8008455488892</LongitudeDegrees></Position></Trackpoint><Trackpoint><Time>2026-08-12T14:01:32.000Z</Time><Position><LatitudeDegrees>58.62945820605661</LatitudeDegrees><LongitudeDegrees>59.8008252562352</LongitudeDegrees></Position></Trackpoint><Trackpoint><Time>2026-08-12T14:01:33.000Z</Time><Position><LatitudeDegrees>58.629449086311666</LatitudeDegrees><LongitudeDegrees>59.800805865193105</LongitudeDegrees></Position></Trackpoint><Trackpoint><Time>2026-08-12T14:01:34.000Z</Time><Position><LatitudeDegrees>58.62944028687948</LatitudeDegrees><LongitudeDegrees>59.80078737583328</LongitudeDegrees></Position></Trackpoint><Trackpoint><Time>2026-08-12T14:01:35.000Z</Time><Position><LatitudeDegrees>58.62943176953533</LatitudeDegrees><LongitudeDegrees>59.80076918284453</LongitudeDegrees></Position></Trackpoint><Trackpoint><Time>2026-08-12T14:01:36.000Z</Time><Position><LatitudeDegrees>58.62942397194205</LatitudeDegrees><LongitudeDegrees>59.800750019679505</LongitudeDegrees></Position></Trackpoint><Trackpoint><Time>2026-08-12T14:01:37.000Z</Time><Position><LatitudeDegrees>58.629416492354245</LatitudeDegrees><LongitudeDegrees>59.80073046847366</LongitudeDegrees></Position></Trackpoint><Trackpoint><Time>2026-08-12T14:01:38.000Z</Time><Position><LatitudeDegrees>58.62940961411484</LatitudeDegrees><LongitudeDegrees>59.80071130838486</LongitudeDegrees></Position></Trackpoint><Trackpoint><Time>2026-08-12T14:01:39.000Z</Time><Position><LatitudeDegrees>58.629402887121145</LatitudeDegrees><LongitudeDegrees>59.80069281009702</LongitudeDegrees></Position></Trackpoint><Trackpoint><Time>2026-08-12T14:01:40.000Z</Time><Position><LatitudeDegrees>58.62939659620431</LatitudeDegrees><LongitudeDegrees>59.800675000145645</LongitudeDegrees></Position></Trackpoint><Trackpoint><Time>2026-08-12T14:01:42.000Z</Time><Position><LatitudeDegrees>58.62939031308688</LatitudeDegrees><LongitudeDegrees>59.80065731150138</LongitudeDegrees></Position></Trackpoint><Trackpoint><Time>2026-08-12T14:01:42.000Z</Time><Position><LatitudeDegrees>58.6293843499995</LatitudeDegrees><LongitudeDegrees>59.800639005462436</LongitudeDegrees></Position></Trackpoint><Trackpoint><Time>2026-08-12T14:01:43.000Z</Time><Position><LatitudeDegrees>58.62937879445378</LatitudeDegrees><LongitudeDegrees>59.80062034665906</LongitudeDegrees></Position></Trackpoint><Trackpoint><Time>2026-08-12T14:01:45.000Z</Time><Position><LatitudeDegrees>58.62937314057195</LatitudeDegrees><LongitudeDegrees>59.80060148935159</LongitudeDegrees></Position></Trackpoint><Trackpoint><Time>2026-08-12T14:01:45.000Z</Time><Position><LatitudeDegrees>58.62936719263797</LatitudeDegrees><LongitudeDegrees>59.800583012157915</LongitudeDegrees></Position></Trackpoint><Trackpoint><Time>2026-08-12T14:01:47.000Z</Time><Position><LatitudeDegrees>58.62936041817998</LatitudeDegrees><LongitudeDegrees>59.80056559419575</LongitudeDegrees></Position></Trackpoint><Trackpoint><Time>2026-08-12T14:01:48.000Z</Time><Position><LatitudeDegrees>58.629353683212635</LatitudeDegrees><LongitudeDegrees>59.80054839997643</LongitudeDegrees></Position></Trackpoint><Trackpoint><Time>2026-08-12T14:01:48.000Z</Time><Position><LatitudeDegrees>58.629346360099866</LatitudeDegrees><LongitudeDegrees>59.80053105670079</LongitudeDegrees></Position></Trackpoint><Trackpoint><Time>2026-08-12T14:01:49.000Z</Time><Position><LatitudeDegrees>58.6293387554584</LatitudeDegrees><LongitudeDegrees>59.80051245074763</LongitudeDegrees></Position></Trackpoint><Trackpoint><Time>2026-08-12T14:01:50.000Z</Time><Position><LatitudeDegrees>58.62933152130763</LatitudeDegrees><LongitudeDegrees>59.80049375438521</LongitudeDegrees></Position></Trackpoint><Trackpoint><Time>2026-08-12T14:01:51.000Z</Time><Position><LatitudeDegrees>58.62932487861896</LatitudeDegrees><LongitudeDegrees>59.80047497238595</LongitudeDegrees></Position></Trackpoint><Trackpoint><Time>2026-08-12T14:01:53.000Z</Time><Position><LatitudeDegrees>58.629318352871906</LatitudeDegrees><LongitudeDegrees>59.80045660731729</LongitudeDegrees></Position></Trackpoint><Trackpoint><Time>2026-08-12T14:01:53.000Z</Time><Position><LatitudeDegrees>58.62931173363383</LatitudeDegrees><LongitudeDegrees>59.800437833419586</LongitudeDegrees></Position></Trackpoint><Trackpoint><Time>2026-08-12T14:01:54.000Z</Time><Position><LatitudeDegrees>58.62930543585159</LatitudeDegrees><LongitudeDegrees>59.80041934231133</LongitudeDegrees></Position></Trackpoint><Trackpoint><Time>2026-08-12T14:01:55.000Z</Time><Position><LatitudeDegrees>58.62929958915579</LatitudeDegrees><LongitudeDegrees>59.800400403307236</LongitudeDegrees></Position></Trackpoint><Trackpoint><Time>2026-08-12T14:01:56.000Z</Time><Position><LatitudeDegrees>58.629294189036365</LatitudeDegrees><LongitudeDegrees>59.80038126258411</LongitudeDegrees></Position></Trackpoint><Trackpoint><Time>2026-08-12T14:01:57.000Z</Time><Position><LatitudeDegrees>58.629288686707895</LatitudeDegrees><LongitudeDegrees>59.800362537026714</LongitudeDegrees></Position></Trackpoint><Trackpoint><Time>2026-08-12T14:01:58.000Z</Time><Position><LatitudeDegrees>58.62928286928062</LatitudeDegrees><LongitudeDegrees>59.800344917013504</LongitudeDegrees></Position></Trackpoint><Trackpoint><Time>2026-08-12T14:02:00.000Z</Time><Position><LatitudeDegrees>58.629277179132515</LatitudeDegrees><LongitudeDegrees>59.80032854497042</LongitudeDegrees></Position></Trackpoint><Trackpoint><Time>2026-08-12T14:02:00.000Z</Time><Position><LatitudeDegrees>58.62927178211349</LatitudeDegrees><LongitudeDegrees>59.80031136093566</LongitudeDegrees></Position></Trackpoint><Trackpoint><Time>2026-08-12T14:02:01.000Z</Time><Position><LatitudeDegrees>58.62926621929278</LatitudeDegrees><LongitudeDegrees>59.80029262076616</LongitudeDegrees></Position></Trackpoint><Trackpoint><Time>2026-08-12T14:02:03.000Z</Time><Position><LatitudeDegrees>58.629260322947786</LatitudeDegrees><LongitudeDegrees>59.80027417616901</LongitudeDegrees></Position></Trackpoint><Trackpoint><Time>2026-08-12T14:02:03.000Z</Time><Position><LatitudeDegrees>58.62925504603333</LatitudeDegrees><LongitudeDegrees>59.80025626219206</LongitudeDegrees></Position></Trackpoint><Trackpoint><Time>2026-08-12T14:02:04.000Z</Time><Position><LatitudeDegrees>58.62924923267314</LatitudeDegrees><LongitudeDegrees>59.80023890753154</LongitudeDegrees></Position></Trackpoint><Trackpoint><Time>2026-08-12T14:02:05.000Z</Time><Position><LatitudeDegrees>58.62924345491207</LatitudeDegrees><LongitudeDegrees>59.80022107299688</LongitudeDegrees></Position></Trackpoint><Trackpoint><Time>2026-08-12T14:02:07.000Z</Time><Position><LatitudeDegrees>58.62923696454694</LatitudeDegrees><LongitudeDegrees>59.80020288181646</LongitudeDegrees></Position></Trackpoint><Trackpoint><Time>2026-08-12T14:02:08.000Z</Time><Position><LatitudeDegrees>58.62923052412562</LatitudeDegrees><LongitudeDegrees>59.800184920125425</LongitudeDegrees></Position></Trackpoint><Trackpoint><Time>2026-08-12T14:02:08.000Z</Time><Position><LatitudeDegrees>58.62922444128052</LatitudeDegrees><LongitudeDegrees>59.80016642063791</LongitudeDegrees></Position></Trackpoint><Trackpoint><Time>2026-08-12T14:02:10.000Z</Time><Position><LatitudeDegrees>58.62921830719996</LatitudeDegrees><LongitudeDegrees>59.80014762599598</LongitudeDegrees></Position></Trackpoint><Trackpoint><Time>2026-08-12T14:02:11.000Z</Time><Position><LatitudeDegrees>58.62921196009765</LatitudeDegrees><LongitudeDegrees>59.80012818439976</LongitudeDegrees></Position></Trackpoint><Trackpoint><Time>2026-08-12T14:02:11.000Z</Time><Position><LatitudeDegrees>58.6292053606856</LatitudeDegrees><LongitudeDegrees>59.80010754439129</LongitudeDegrees></Position></Trackpoint><Trackpoint><Time>2026-08-12T14:02:12.000Z</Time><Position><LatitudeDegrees>58.62919852516731</LatitudeDegrees><LongitudeDegrees>59.80008514306558</LongitudeDegrees></Position></Trackpoint><Trackpoint><Time>2026-08-12T14:02:14.000Z</Time><Position><LatitudeDegrees>58.62919100090915</LatitudeDegrees><LongitudeDegrees>59.800063422715084</LongitudeDegrees></Position></Trackpoint><Trackpoint><Time>2026-08-12T14:02:14.000Z</Time><Position><LatitudeDegrees>58.62918268990024</LatitudeDegrees><LongitudeDegrees>59.80004330175514</LongitudeDegrees></Position></Trackpoint><Trackpoint><Time>2026-08-12T14:02:15.000Z</Time><Position><LatitudeDegrees>58.62917463197592</LatitudeDegrees><LongitudeDegrees>59.80002446352982</LongitudeDegrees></Position></Trackpoint><Trackpoint><Time>2026-08-12T14:02:17.000Z</Time><Position><LatitudeDegrees>58.62916624367081</LatitudeDegrees><LongitudeDegrees>59.80000563377139</LongitudeDegrees></Position></Trackpoint><Trackpoint><Time>2026-08-12T14:02:18.000Z</Time><Position><LatitudeDegrees>58.62915879593013</LatitudeDegrees><LongitudeDegrees>59.799985796996566</LongitudeDegrees></Position></Trackpoint><Trackpoint><Time>2026-08-12T14:02:19.000Z</Time><Position><LatitudeDegrees>58.629152201840874</LatitudeDegrees><LongitudeDegrees>59.799965153855105</LongitudeDegrees></Position></Trackpoint><Trackpoint><Time>2026-08-12T14:02:20.000Z</Time><Position><LatitudeDegrees>58.62914680565512</LatitudeDegrees><LongitudeDegrees>59.79994438008784</LongitudeDegrees></Position></Trackpoint><Trackpoint><Time>2026-08-12T14:02:20.000Z</Time><Position><LatitudeDegrees>58.62914210578762</LatitudeDegrees><LongitudeDegrees>59.79992328114237</LongitudeDegrees></Position></Trackpoint><Trackpoint><Time>2026-08-12T14:02:21.000Z</Time><Position><LatitudeDegrees>58.62913829590808</LatitudeDegrees><LongitudeDegrees>59.79990279785291</LongitudeDegrees></Position></Trackpoint><Trackpoint><Time>2026-08-12T14:02:23.000Z</Time><Position><LatitudeDegrees>58.62913387271567</LatitudeDegrees><LongitudeDegrees>59.799881769835984</LongitudeDegrees></Position></Trackpoint><Trackpoint><Time>2026-08-12T14:02:24.000Z</Time><Position><LatitudeDegrees>58.62912878542938</LatitudeDegrees><LongitudeDegrees>59.799860278732545</LongitudeDegrees></Position></Trackpoint><Trackpoint><Time>2026-08-12T14:02:24.000Z</Time><Position><LatitudeDegrees>58.629122608760724</LatitudeDegrees><LongitudeDegrees>59.79983890721214</LongitudeDegrees></Position></Trackpoint><Trackpoint><Time>2026-08-12T14:02:26.000Z</Time><Position><LatitudeDegrees>58.62911579699291</LatitudeDegrees><LongitudeDegrees>59.79981787988921</LongitudeDegrees></Position></Trackpoint><Trackpoint><Time>2026-08-12T14:02:26.000Z</Time><Position><LatitudeDegrees>58.62910861872894</LatitudeDegrees><LongitudeDegrees>59.79979724509025</LongitudeDegrees></Position></Trackpoint><Trackpoint><Time>2026-08-12T14:02:28.000Z</Time><Position><LatitudeDegrees>58.62910025240647</LatitudeDegrees><LongitudeDegrees>59.79977746194847</LongitudeDegrees></Position></Trackpoint><Trackpoint><Time>2026-08-12T14:02:28.000Z</Time><Position><LatitudeDegrees>58.629091001774846</LatitudeDegrees><LongitudeDegrees>59.799757631020114</LongitudeDegrees></Position></Trackpoint><Trackpoint><Time>2026-08-12T14:02:29.000Z</Time><Position><LatitudeDegrees>58.62908159503856</LatitudeDegrees><LongitudeDegrees>59.79973787762818</LongitudeDegrees></Position></Trackpoint><Trackpoint><Time>2026-08-12T14:02:30.000Z</Time><Position><LatitudeDegrees>58.62907235213229</LatitudeDegrees><LongitudeDegrees>59.79971824343319</LongitudeDegrees></Position></Trackpoint><Trackpoint><Time>2026-08-12T14:02:32.000Z</Time><Position><LatitudeDegrees>58.62906338378848</LatitudeDegrees><LongitudeDegrees>59.799698240682964</LongitudeDegrees></Position></Trackpoint><Trackpoint><Time>2026-08-12T14:02:33.000Z</Time><Position><LatitudeDegrees>58.629054700370745</LatitudeDegrees><LongitudeDegrees>59.79967820541902</LongitudeDegrees></Position></Trackpoint><Trackpoint><Time>2026-08-12T14:02:33.000Z</Time><Position><LatitudeDegrees>58.62904626957736</LatitudeDegrees><LongitudeDegrees>59.799657790596925</LongitudeDegrees></Position></Trackpoint><Trackpoint><Time>2026-08-12T14:02:35.000Z</Time><Position><LatitudeDegrees>58.629039024902674</LatitudeDegrees><LongitudeDegrees>59.79963690200792</LongitudeDegrees></Position></Trackpoint><Trackpoint><Time>2026-08-12T14:02:36.000Z</Time><Position><LatitudeDegrees>58.62903221933301</LatitudeDegrees><LongitudeDegrees>59.799615561660964</LongitudeDegrees></Position></Trackpoint><Trackpoint><Time>2026-08-12T14:02:37.000Z</Time><Position><LatitudeDegrees>58.62902548886476</LatitudeDegrees><LongitudeDegrees>59.799593836602526</LongitudeDegrees></Position></Trackpoint><Trackpoint><Time>2026-08-12T14:02:37.000Z</Time><Position><LatitudeDegrees>58.62901867394996</LatitudeDegrees><LongitudeDegrees>59.79957229343234</LongitudeDegrees></Position></Trackpoint><Trackpoint><Time>2026-08-12T14:02:38.000Z</Time><Position><LatitudeDegrees>58.62901318855186</LatitudeDegrees><LongitudeDegrees>59.79955114214999</LongitudeDegrees></Position></Trackpoint><Trackpoint><Time>2026-08-12T14:02:39.000Z</Time><Position><LatitudeDegrees>58.62900748590376</LatitudeDegrees><LongitudeDegrees>59.79952992933146</LongitudeDegrees></Position></Trackpoint><Trackpoint><Time>2026-08-12T14:02:40.000Z</Time><Position><LatitudeDegrees>58.629000467268646</LatitudeDegrees><LongitudeDegrees>59.79950945536096</LongitudeDegrees></Position></Trackpoint><Trackpoint><Time>2026-08-12T14:02:42.000Z</Time><Position><LatitudeDegrees>58.62899282827614</LatitudeDegrees><LongitudeDegrees>59.799488975812125</LongitudeDegrees></Position></Trackpoint><Trackpoint><Time>2026-08-12T14:02:42.000Z</Time><Position><LatitudeDegrees>58.6289859142529</LatitudeDegrees><LongitudeDegrees>59.799467695210694</LongitudeDegrees></Position></Trackpoint><Trackpoint><Time>2026-08-12T14:02:44.000Z</Time><Position><LatitudeDegrees>58.62897920697936</LatitudeDegrees><LongitudeDegrees>59.79944636798897</LongitudeDegrees></Position></Trackpoint><Trackpoint><Time>2026-08-12T14:02:45.000Z</Time><Position><LatitudeDegrees>58.628972466499405</LatitudeDegrees><LongitudeDegrees>59.79942531083099</LongitudeDegrees></Position></Trackpoint><Trackpoint><Time>2026-08-12T14:02:46.000Z</Time><Position><LatitudeDegrees>58.6289655982531</LatitudeDegrees><LongitudeDegrees>59.79940461949551</LongitudeDegrees></Position></Trackpoint><Trackpoint><Time>2026-08-12T14:02:47.000Z</Time><Position><LatitudeDegrees>58.62895906930675</LatitudeDegrees><LongitudeDegrees>59.799384776077055</LongitudeDegrees></Position></Trackpoint><Trackpoint><Time>2026-08-12T14:02:48.000Z</Time><Position><LatitudeDegrees>58.628952049243956</LatitudeDegrees><LongitudeDegrees>59.799365380678715</LongitudeDegrees></Position></Trackpoint><Trackpoint><Time>2026-08-12T14:02:48.000Z</Time><Position><LatitudeDegrees>58.62894523832685</LatitudeDegrees><LongitudeDegrees>59.79934621110693</LongitudeDegrees></Position></Trackpoint><Trackpoint><Time>2026-08-12T14:02:50.000Z</Time><Position><LatitudeDegrees>58.62893840849257</LatitudeDegrees><LongitudeDegrees>59.79932616764923</LongitudeDegrees></Position></Trackpoint><Trackpoint><Time>2026-08-12T14:02:50.000Z</Time><Position><LatitudeDegrees>58.62893195785584</LatitudeDegrees><LongitudeDegrees>59.79930490956929</LongitudeDegrees></Position></Trackpoint><Trackpoint><Time>2026-08-12T14:02:52.000Z</Time><Position><LatitudeDegrees>58.62892551209353</LatitudeDegrees><LongitudeDegrees>59.79928294204607</LongitudeDegrees></Position></Trackpoint><Trackpoint><Time>2026-08-12T14:02:53.000Z</Time><Position><LatitudeDegrees>58.62891842681064</LatitudeDegrees><LongitudeDegrees>59.79926056418508</LongitudeDegrees></Position></Trackpoint><Trackpoint><Time>2026-08-12T14:02:53.000Z</Time><Position><LatitudeDegrees>58.62891051870533</LatitudeDegrees><LongitudeDegrees>59.79923893105543</LongitudeDegrees></Position></Trackpoint><Trackpoint><Time>2026-08-12T14:02:54.000Z</Time><Position><LatitudeDegrees>58.628902307506415</LatitudeDegrees><LongitudeDegrees>59.799217443546695</LongitudeDegrees></Position></Trackpoint><Trackpoint><Time>2026-08-12T14:02:56.000Z</Time><Position><LatitudeDegrees>58.62889404615716</LatitudeDegrees><LongitudeDegrees>59.799196325845635</LongitudeDegrees></Position></Trackpoint><Trackpoint><Time>2026-08-12T14:02:57.000Z</Time><Position><LatitudeDegrees>58.62888584526475</LatitudeDegrees><LongitudeDegrees>59.79917611242619</LongitudeDegrees></Position></Trackpoint><Trackpoint><Time>2026-08-12T14:02:58.000Z</Time><Position><LatitudeDegrees>58.62887725301075</LatitudeDegrees><LongitudeDegrees>59.79915690733938</LongitudeDegrees></Position></Trackpoint><Trackpoint><Time>2026-08-12T14:02:58.000Z</Time><Position><LatitudeDegrees>58.62886813355194</LatitudeDegrees><LongitudeDegrees>59.799138624018916</LongitudeDegrees></Position></Trackpoint><Trackpoint><Time>2026-08-12T14:02:59.000Z</Time><Position><LatitudeDegrees>58.628859477830716</LatitudeDegrees><LongitudeDegrees>59.799120129285356</LongitudeDegrees></Position></Trackpoint><Trackpoint><Time>2026-08-12T14:03:01.000Z</Time><Position><LatitudeDegrees>58.62885163443019</LatitudeDegrees><LongitudeDegrees>59.799100493981555</LongitudeDegrees></Position></Trackpoint><Trackpoint><Time>2026-08-12T14:03:02.000Z</Time><Position><LatitudeDegrees>58.62884415303777</LatitudeDegrees><LongitudeDegrees>59.79907948184008</LongitudeDegrees></Position></Trackpoint><Trackpoint><Time>2026-08-12T14:03:03.000Z</Time><Position><LatitudeDegrees>58.628836801736504</LatitudeDegrees><LongitudeDegrees>59.79905766188377</LongitudeDegrees></Position></Trackpoint><Trackpoint><Time>2026-08-12T14:03:03.000Z</Time><Position><LatitudeDegrees>58.62882897870765</LatitudeDegrees><LongitudeDegrees>59.79903537213702</LongitudeDegrees></Position></Trackpoint><Trackpoint><Time>2026-08-12T14:03:05.000Z</Time><Position><LatitudeDegrees>58.62882098625832</LatitudeDegrees><LongitudeDegrees>59.79901330171706</LongitudeDegrees></Position></Trackpoint><Trackpoint><Time>2026-08-12T14:03:06.000Z</Time><Position><LatitudeDegrees>58.62881297063351</LatitudeDegrees><LongitudeDegrees>59.798991216664454</LongitudeDegrees></Position></Trackpoint><Trackpoint><Time>2026-08-12T14:03:07.000Z</Time><Position><LatitudeDegrees>58.62880499503635</LatitudeDegrees><LongitudeDegrees>59.79896853289438</LongitudeDegrees></Position></Trackpoint><Trackpoint><Time>2026-08-12T14:03:08.000Z</Time><Position><LatitudeDegrees>58.62879708035848</LatitudeDegrees><LongitudeDegrees>59.79894557631631</LongitudeDegrees></Position></Trackpoint><Trackpoint><Time>2026-08-12T14:03:09.000Z</Time><Position><LatitudeDegrees>58.628788248163666</LatitudeDegrees><LongitudeDegrees>59.79892251616514</LongitudeDegrees></Position></Trackpoint><Trackpoint><Time>2026-08-12T14:03:09.000Z</Time><Position><LatitudeDegrees>58.62877919248236</LatitudeDegrees><LongitudeDegrees>59.7988994354309</LongitudeDegrees></Position></Trackpoint><Trackpoint><Time>2026-08-12T14:03:10.000Z</Time><Position><LatitudeDegrees>58.628769738213</LatitudeDegrees><LongitudeDegrees>59.79887832937592</LongitudeDegrees></Position></Trackpoint><Trackpoint><Time>2026-08-12T14:03:11.000Z</Time><Position><LatitudeDegrees>58.62876035401172</LatitudeDegrees><LongitudeDegrees>59.798858787047436</LongitudeDegrees></Position></Trackpoint><Trackpoint><Time>2026-08-12T14:03:13.000Z</Time><Position><LatitudeDegrees>58.6287517135042</LatitudeDegrees><LongitudeDegrees>59.798840438499475</LongitudeDegrees></Position></Trackpoint><Trackpoint><Time>2026-08-12T14:03:13.000Z</Time><Position><LatitudeDegrees>58.62874350904941</LatitudeDegrees><LongitudeDegrees>59.7988224885454</LongitudeDegrees></Position></Trackpoint><Trackpoint><Time>2026-08-12T14:03:14.000Z</Time><Position><LatitudeDegrees>58.628736047594394</LatitudeDegrees><LongitudeDegrees>59.79880504815252</LongitudeDegrees></Position></Trackpoint><Trackpoint><Time>2026-08-12T14:03:16.000Z</Time><Position><LatitudeDegrees>58.62872936018731</LatitudeDegrees><LongitudeDegrees>59.79878760800888</LongitudeDegrees></Position></Trackpoint><Trackpoint><Time>2026-08-12T14:03:17.000Z</Time><Position><LatitudeDegrees>58.628722870656304</LatitudeDegrees><LongitudeDegrees>59.798768979109575</LongitudeDegrees></Position></Trackpoint><Trackpoint><Time>2026-08-12T14:03:18.000Z</Time><Position><LatitudeDegrees>58.628715826706895</LatitudeDegrees><LongitudeDegrees>59.79874980357898</LongitudeDegrees></Position></Trackpoint><Trackpoint><Time>2026-08-12T14:03:19.000Z</Time><Position><LatitudeDegrees>58.6287084792885</LatitudeDegrees><LongitudeDegrees>59.79872992641399</LongitudeDegrees></Position></Trackpoint><Trackpoint><Time>2026-08-12T14:03:19.000Z</Time><Position><LatitudeDegrees>58.628700970700244</LatitudeDegrees><LongitudeDegrees>59.798709373832885</LongitudeDegrees></Position></Trackpoint><Trackpoint><Time>2026-08-12T14:03:21.000Z</Time><Position><LatitudeDegrees>58.62869240101033</LatitudeDegrees><LongitudeDegrees>59.798688732932476</LongitudeDegrees></Position></Trackpoint><Trackpoint><Time>2026-08-12T14:03:22.000Z</Time><Position><LatitudeDegrees>58.62868449423009</LatitudeDegrees><LongitudeDegrees>59.7986667880026</LongitudeDegrees></Position></Trackpoint><Trackpoint><Time>2026-08-12T14:03:22.000Z</Time><Position><LatitudeDegrees>58.62867738567083</LatitudeDegrees><LongitudeDegrees>59.798643205743474</LongitudeDegrees></Position></Trackpoint><Trackpoint><Time>2026-08-12T14:03:23.000Z</Time><Position><LatitudeDegrees>58.62867102860777</LatitudeDegrees><LongitudeDegrees>59.79862001748235</LongitudeDegrees></Position></Trackpoint><Trackpoint><Time>2026-08-12T14:03:25.000Z</Time><Position><LatitudeDegrees>58.6286648177341</LatitudeDegrees><LongitudeDegrees>59.79859654038662</LongitudeDegrees></Position></Trackpoint><Trackpoint><Time>2026-08-12T14:03:26.000Z</Time><Position><LatitudeDegrees>58.62865848500108</LatitudeDegrees><LongitudeDegrees>59.79857350953577</LongitudeDegrees></Position></Trackpoint><Trackpoint><Time>2026-08-12T14:03:26.000Z</Time><Position><LatitudeDegrees>58.628651935657786</LatitudeDegrees><LongitudeDegrees>59.79855117038518</LongitudeDegrees></Position></Trackpoint><Trackpoint><Time>2026-08-12T14:03:27.000Z</Time><Position><LatitudeDegrees>58.628645158484204</LatitudeDegrees><LongitudeDegrees>59.79853002485351</LongitudeDegrees></Position></Trackpoint><Trackpoint><Time>2026-08-12T14:03:29.000Z</Time><Position><LatitudeDegrees>58.62863817810125</LatitudeDegrees><LongitudeDegrees>59.79850963683781</LongitudeDegrees></Position></Trackpoint><Trackpoint><Time>2026-08-12T14:03:29.000Z</Time><Position><LatitudeDegrees>58.62863054111963</LatitudeDegrees><LongitudeDegrees>59.798488260678425</LongitudeDegrees></Position></Trackpoint><Trackpoint><Time>2026-08-12T14:03:30.000Z</Time><Position><LatitudeDegrees>58.628622634702566</LatitudeDegrees><LongitudeDegrees>59.798467262723754</LongitudeDegrees></Position></Trackpoint><Trackpoint><Time>2026-08-12T14:03:32.000Z</Time><Position><LatitudeDegrees>58.62861416326781</LatitudeDegrees><LongitudeDegrees>59.79844568830775</LongitudeDegrees></Position></Trackpoint><Trackpoint><Time>2026-08-12T14:03:33.000Z</Time><Position><LatitudeDegrees>58.628606056825134</LatitudeDegrees><LongitudeDegrees>59.79842419747629</LongitudeDegrees></Position></Trackpoint><Trackpoint><Time>2026-08-12T14:03:33.000Z</Time><Position><LatitudeDegrees>58.628598651537395</LatitudeDegrees><LongitudeDegrees>59.79840256171969</LongitudeDegrees></Position></Trackpoint><Trackpoint><Time>2026-08-12T14:03:35.000Z</Time><Position><LatitudeDegrees>58.628591506244874</LatitudeDegrees><LongitudeDegrees>59.79838070553098</LongitudeDegrees></Position></Trackpoint><Trackpoint><Time>2026-08-12T14:03:35.000Z</Time><Position><LatitudeDegrees>58.62858440589329</LatitudeDegrees><LongitudeDegrees>59.79835813649538</LongitudeDegrees></Position></Trackpoint><Trackpoint><Time>2026-08-12T14:03:36.000Z</Time><Position><LatitudeDegrees>58.62857725614803</LatitudeDegrees><LongitudeDegrees>59.79833474331288</LongitudeDegrees></Position></Trackpoint><Trackpoint><Time>2026-08-12T14:03:38.000Z</Time><Position><LatitudeDegrees>58.62856953488792</LatitudeDegrees><LongitudeDegrees>59.79831107553505</LongitudeDegrees></Position></Trackpoint><Trackpoint><Time>2026-08-12T14:03:39.000Z</Time><Position><LatitudeDegrees>58.628560610828515</LatitudeDegrees><LongitudeDegrees>59.798288373950676</LongitudeDegrees></Position></Trackpoint><Trackpoint><Time>2026-08-12T14:03:40.000Z</Time><Position><LatitudeDegrees>58.6285508679739</LatitudeDegrees><LongitudeDegrees>59.79826555671664</LongitudeDegrees></Position></Trackpoint><Trackpoint><Time>2026-08-12T14:03:41.000Z</Time><Position><LatitudeDegrees>58.62854154878214</LatitudeDegrees><LongitudeDegrees>59.798243661969195</LongitudeDegrees></Position></Trackpoint><Trackpoint><Time>2026-08-12T14:03:42.000Z</Time><Position><LatitudeDegrees>58.62853262095178</LatitudeDegrees><LongitudeDegrees>59.79822348845831</LongitudeDegrees></Position></Trackpoint><Trackpoint><Time>2026-08-12T14:03:43.000Z</Time><Position><LatitudeDegrees>58.62852402094938</LatitudeDegrees><LongitudeDegrees>59.7982031857753</LongitudeDegrees></Position></Trackpoint><Trackpoint><Time>2026-08-12T14:03:44.000Z</Time><Position><LatitudeDegrees>58.628517149365365</LatitudeDegrees><LongitudeDegrees>59.79818151882857</LongitudeDegrees></Position></Trackpoint><Trackpoint><Time>2026-08-12T14:03:45.000Z</Time><Position><LatitudeDegrees>58.62851089233784</LatitudeDegrees><LongitudeDegrees>59.79815864367803</LongitudeDegrees></Position></Trackpoint><Trackpoint><Time>2026-08-12T14:03:45.000Z</Time><Position><LatitudeDegrees>58.628505201874574</LatitudeDegrees><LongitudeDegrees>59.798134779665475</LongitudeDegrees></Position></Trackpoint><Trackpoint><Time>2026-08-12T14:03:46.000Z</Time><Position><LatitudeDegrees>58.628499006271845</LatitudeDegrees><LongitudeDegrees>59.79811063365273</LongitudeDegrees></Position></Trackpoint><Trackpoint><Time>2026-08-12T14:03:47.000Z</Time><Position><LatitudeDegrees>58.6284914393896</LatitudeDegrees><LongitudeDegrees>59.79808653294338</LongitudeDegrees></Position></Trackpoint><Trackpoint><Time>2026-08-12T14:03:48.000Z</Time><Position><LatitudeDegrees>58.62848281013474</LatitudeDegrees><LongitudeDegrees>59.79806260651732</LongitudeDegrees></Position></Trackpoint><Trackpoint><Time>2026-08-12T14:03:49.000Z</Time><Position><LatitudeDegrees>58.62847289246874</LatitudeDegrees><LongitudeDegrees>59.798040843566255</LongitudeDegrees></Position></Trackpoint><Trackpoint><Time>2026-08-12T14:03:51.000Z</Time><Position><LatitudeDegrees>58.62846371710948</LatitudeDegrees><LongitudeDegrees>59.79802080640569</LongitudeDegrees></Position></Trackpoint><Trackpoint><Time>2026-08-12T14:03:52.000Z</Time><Position><LatitudeDegrees>58.62845553548974</LatitudeDegrees><LongitudeDegrees>59.79800258289056</LongitudeDegrees></Position></Trackpoint><Trackpoint><Time>2026-08-12T14:03:52.000Z</Time><Position><LatitudeDegrees>58.628448323612965</LatitudeDegrees><LongitudeDegrees>59.797987934866306</LongitudeDegrees></Position></Trackpoint><Trackpoint><Time>2026-08-12T14:03:55.000Z</Time><Position><LatitudeDegrees>58.62844145752091</LatitudeDegrees><LongitudeDegrees>59.79797517056831</LongitudeDegrees></Position></Trackpoint><Trackpoint><Time>2026-08-12T14:03:56.000Z</Time><Position><LatitudeDegrees>58.62843463586581</LatitudeDegrees><LongitudeDegrees>59.79796335149806</LongitudeDegrees></Position></Trackpoint><Trackpoint><Time>2026-08-12T14:03:56.000Z</Time><Position><LatitudeDegrees>58.6284277288392</LatitudeDegrees><LongitudeDegrees>59.79795148022142</LongitudeDegrees></Position></Trackpoint><Trackpoint><Time>2026-08-12T14:03:58.000Z</Time><Position><LatitudeDegrees>58.62842020432831</LatitudeDegrees><LongitudeDegrees>59.79793817344112</LongitudeDegrees></Position></Trackpoint><Trackpoint><Time>2026-08-12T14:03:58.000Z</Time><Position><LatitudeDegrees>58.62841192244452</LatitudeDegrees><LongitudeDegrees>59.79792353532455</LongitudeDegrees></Position></Trackpoint><Trackpoint><Time>2026-08-12T14:04:00.000Z</Time><Position><LatitudeDegrees>58.62840439161656</LatitudeDegrees><LongitudeDegrees>59.79790680042508</LongitudeDegrees></Position></Trackpoint><Trackpoint><Time>2026-08-12T14:04:00.000Z</Time><Position><LatitudeDegrees>58.628398136668814</LatitudeDegrees><LongitudeDegrees>59.797889391457026</LongitudeDegrees></Position></Trackpoint><Trackpoint><Time>2026-08-12T14:04:01.000Z</Time><Position><LatitudeDegrees>58.62839272037353</LatitudeDegrees><LongitudeDegrees>59.79787149124665</LongitudeDegrees></Position></Trackpoint><Trackpoint><Time>2026-08-12T14:04:02.000Z</Time><Position><LatitudeDegrees>58.628387855025984</LatitudeDegrees><LongitudeDegrees>59.79785323813811</LongitudeDegrees></Position></Trackpoint><Trackpoint><Time>2026-08-12T14:04:04.000Z</Time><Position><LatitudeDegrees>58.62838237220522</LatitudeDegrees><LongitudeDegrees>59.79783522401071</LongitudeDegrees></Position></Trackpoint><Trackpoint><Time>2026-08-12T14:04:05.000Z</Time><Position><LatitudeDegrees>58.62837635957891</LatitudeDegrees><LongitudeDegrees>59.79781423467289</LongitudeDegrees></Position></Trackpoint><Trackpoint><Time>2026-08-12T14:04:06.000Z</Time><Position><LatitudeDegrees>58.62837041086186</LatitudeDegrees><LongitudeDegrees>59.7977912867196</LongitudeDegrees></Position></Trackpoint><Trackpoint><Time>2026-08-12T14:04:07.000Z</Time><Position><LatitudeDegrees>58.62836476236299</LatitudeDegrees><LongitudeDegrees>59.797767539814494</LongitudeDegrees></Position></Trackpoint><Trackpoint><Time>2026-08-12T14:04:08.000Z</Time><Position><LatitudeDegrees>58.62835947286964</LatitudeDegrees><LongitudeDegrees>59.79774406370062</LongitudeDegrees></Position></Trackpoint><Trackpoint><Time>2026-08-12T14:04:09.000Z</Time><Position><LatitudeDegrees>58.62835403090396</LatitudeDegrees><LongitudeDegrees>59.79772126417818</LongitudeDegrees></Position></Trackpoint><Trackpoint><Time>2026-08-12T14:04:10.000Z</Time><Position><LatitudeDegrees>58.628348245391905</LatitudeDegrees><LongitudeDegrees>59.79769922152975</LongitudeDegrees></Position></Trackpoint><Trackpoint><Time>2026-08-12T14:04:11.000Z</Time><Position><LatitudeDegrees>58.62834159212586</LatitudeDegrees><LongitudeDegrees>59.797676402842875</LongitudeDegrees></Position></Trackpoint><Trackpoint><Time>2026-08-12T14:04:12.000Z</Time><Position><LatitudeDegrees>58.62833494581578</LatitudeDegrees><LongitudeDegrees>59.79765276602708</LongitudeDegrees></Position></Trackpoint><Trackpoint><Time>2026-08-12T14:04:12.000Z</Time><Position><LatitudeDegrees>58.62832915541424</LatitudeDegrees><LongitudeDegrees>59.797629867585556</LongitudeDegrees></Position></Trackpoint><Trackpoint><Time>2026-08-12T14:04:14.000Z</Time><Position><LatitudeDegrees>58.628324460693655</LatitudeDegrees><LongitudeDegrees>59.79760678493715</LongitudeDegrees></Position></Trackpoint><Trackpoint><Time>2026-08-12T14:04:14.000Z</Time><Position><LatitudeDegrees>58.6283208197713</LatitudeDegrees><LongitudeDegrees>59.79758365138548</LongitudeDegrees></Position></Trackpoint><Trackpoint><Time>2026-08-12T14:04:16.000Z</Time><Position><LatitudeDegrees>58.628318569755685</LatitudeDegrees><LongitudeDegrees>59.79756101797338</LongitudeDegrees></Position></Trackpoint><Trackpoint><Time>2026-08-12T14:04:16.000Z</Time><Position><LatitudeDegrees>58.62831767095857</LatitudeDegrees><LongitudeDegrees>59.79753904744652</LongitudeDegrees></Position></Trackpoint><Trackpoint><Time>2026-08-12T14:04:18.000Z</Time><Position><LatitudeDegrees>58.628317933608166</LatitudeDegrees><LongitudeDegrees>59.797517721748676</LongitudeDegrees></Position></Trackpoint><Trackpoint><Time>2026-08-12T14:04:19.000Z</Time><Position><LatitudeDegrees>58.62831864086956</LatitudeDegrees><LongitudeDegrees>59.79749646107024</LongitudeDegrees></Position></Trackpoint><Trackpoint><Time>2026-08-12T14:04:20.000Z</Time><Position><LatitudeDegrees>58.62832041968223</LatitudeDegrees><LongitudeDegrees>59.79747452867052</LongitudeDegrees></Position></Trackpoint><Trackpoint><Time>2026-08-12T14:04:20.000Z</Time><Position><LatitudeDegrees>58.62832290109816</LatitudeDegrees><LongitudeDegrees>59.797451217738924</LongitudeDegrees></Position></Trackpoint><Trackpoint><Time>2026-08-12T14:04:21.000Z</Time><Position><LatitudeDegrees>58.6283263326048</LatitudeDegrees><LongitudeDegrees>59.79742690373038</LongitudeDegrees></Position></Trackpoint><Trackpoint><Time>2026-08-12T14:04:22.000Z</Time><Position><LatitudeDegrees>58.628330204572414</LatitudeDegrees><LongitudeDegrees>59.797402359623774</LongitudeDegrees></Position></Trackpoint><Trackpoint><Time>2026-08-12T14:04:23.000Z</Time><Position><LatitudeDegrees>58.62833425058598</LatitudeDegrees><LongitudeDegrees>59.79737793329033</LongitudeDegrees></Position></Trackpoint><Trackpoint><Time>2026-08-12T14:04:24.000Z</Time><Position><LatitudeDegrees>58.628336869756524</LatitudeDegrees><LongitudeDegrees>59.79735326326838</LongitudeDegrees></Position></Trackpoint><Trackpoint><Time>2026-08-12T14:04:25.000Z</Time><Position><LatitudeDegrees>58.628338565138954</LatitudeDegrees><LongitudeDegrees>59.79732725275178</LongitudeDegrees></Position></Trackpoint><Trackpoint><Time>2026-08-12T14:04:26.000Z</Time><Position><LatitudeDegrees>58.628339662474865</LatitudeDegrees><LongitudeDegrees>59.79730060131087</LongitudeDegrees></Position></Trackpoint><Trackpoint><Time>2026-08-12T14:04:27.000Z</Time><Position><LatitudeDegrees>58.62834086228449</LatitudeDegrees><LongitudeDegrees>59.79727465853496</LongitudeDegrees></Position></Trackpoint><Trackpoint><Time>2026-08-12T14:04:28.000Z</Time><Position><LatitudeDegrees>58.62834243991308</LatitudeDegrees><LongitudeDegrees>59.79724939966323</LongitudeDegrees></Position></Trackpoint><Trackpoint><Time>2026-08-12T14:04:29.000Z</Time><Position><LatitudeDegrees>58.62834397065387</LatitudeDegrees><LongitudeDegrees>59.79722423710966</LongitudeDegrees></Position></Trackpoint><Trackpoint><Time>2026-08-12T14:04:30.000Z</Time><Position><LatitudeDegrees>58.62834577522707</LatitudeDegrees><LongitudeDegrees>59.797199406135064</LongitudeDegrees></Position></Trackpoint><Trackpoint><Time>2026-08-12T14:04:31.000Z</Time><Position><LatitudeDegrees>58.62834795056996</LatitudeDegrees><LongitudeDegrees>59.79717642990189</LongitudeDegrees></Position></Trackpoint><Trackpoint><Time>2026-08-12T14:04:32.000Z</Time><Position><LatitudeDegrees>58.628350489016825</LatitudeDegrees><LongitudeDegrees>59.79715422881411</LongitudeDegrees></Position></Trackpoint><Trackpoint><Time>2026-08-12T14:04:33.000Z</Time><Position><LatitudeDegrees>58.628353340806825</LatitudeDegrees><LongitudeDegrees>59.79713274837996</LongitudeDegrees></Position></Trackpoint><Trackpoint><Time>2026-08-12T14:04:35.000Z</Time><Position><LatitudeDegrees>58.628357424450904</LatitudeDegrees><LongitudeDegrees>59.79711187366312</LongitudeDegrees></Position></Trackpoint><Trackpoint><Time>2026-08-12T14:04:35.000Z</Time><Position><LatitudeDegrees>58.62836247050527</LatitudeDegrees><LongitudeDegrees>59.797090010754225</LongitudeDegrees></Position></Trackpoint><Trackpoint><Time>2026-08-12T14:04:37.000Z</Time><Position><LatitudeDegrees>58.62836873409071</LatitudeDegrees><LongitudeDegrees>59.79706663006119</LongitudeDegrees></Position></Trackpoint><Trackpoint><Time>2026-08-12T14:04:38.000Z</Time><Position><LatitudeDegrees>58.62837567439557</LatitudeDegrees><LongitudeDegrees>59.79704219789625</LongitudeDegrees></Position></Trackpoint><Trackpoint><Time>2026-08-12T14:04:39.000Z</Time><Position><LatitudeDegrees>58.62838298183968</LatitudeDegrees><LongitudeDegrees>59.79701704125717</LongitudeDegrees></Position></Trackpoint><Trackpoint><Time>2026-08-12T14:04:40.000Z</Time><Position><LatitudeDegrees>58.628389992195196</LatitudeDegrees><LongitudeDegrees>59.79699138779769</LongitudeDegrees></Position></Trackpoint><Trackpoint><Time>2026-08-12T14:04:41.000Z</Time><Position><LatitudeDegrees>58.62839695965245</LatitudeDegrees><LongitudeDegrees>59.79696637426059</LongitudeDegrees></Position></Trackpoint><Trackpoint><Time>2026-08-12T14:04:41.000Z</Time><Position><LatitudeDegrees>58.628403504790796</LatitudeDegrees><LongitudeDegrees>59.79694189705077</LongitudeDegrees></Position></Trackpoint><Trackpoint><Time>2026-08-12T14:04:42.000Z</Time><Position><LatitudeDegrees>58.62840952555615</LatitudeDegrees><LongitudeDegrees>59.796917355056905</LongitudeDegrees></Position></Trackpoint><Trackpoint><Time>2026-08-12T14:04:43.000Z</Time><Position><LatitudeDegrees>58.62841504722172</LatitudeDegrees><LongitudeDegrees>59.796892998646854</LongitudeDegrees></Position></Trackpoint><Trackpoint><Time>2026-08-12T14:04:45.000Z</Time><Position><LatitudeDegrees>58.62842014425456</LatitudeDegrees><LongitudeDegrees>59.79686890711105</LongitudeDegrees></Position></Trackpoint><Trackpoint><Time>2026-08-12T14:04:46.000Z</Time><Position><LatitudeDegrees>58.62842490182366</LatitudeDegrees><LongitudeDegrees>59.796845079107726</LongitudeDegrees></Position></Trackpoint><Trackpoint><Time>2026-08-12T14:04:46.000Z</Time><Position><LatitudeDegrees>58.628429888184705</LatitudeDegrees><LongitudeDegrees>59.796820501039065</LongitudeDegrees></Position></Trackpoint><Trackpoint><Time>2026-08-12T14:04:48.000Z</Time><Position><LatitudeDegrees>58.62843432877802</LatitudeDegrees><LongitudeDegrees>59.79679485174144</LongitudeDegrees></Position></Trackpoint><Trackpoint><Time>2026-08-12T14:04:48.000Z</Time><Position><LatitudeDegrees>58.62843797466255</LatitudeDegrees><LongitudeDegrees>59.79676911566081</LongitudeDegrees></Position></Trackpoint><Trackpoint><Time>2026-08-12T14:04:50.000Z</Time><Position><LatitudeDegrees>58.62844082531574</LatitudeDegrees><LongitudeDegrees>59.7967432197527</LongitudeDegrees></Position></Trackpoint><Trackpoint><Time>2026-08-12T14:04:51.000Z</Time><Position><LatitudeDegrees>58.62844347219975</LatitudeDegrees><LongitudeDegrees>59.79671715444857</LongitudeDegrees></Position></Trackpoint><Trackpoint><Time>2026-08-12T14:04:52.000Z</Time><Position><LatitudeDegrees>58.62844618505187</LatitudeDegrees><LongitudeDegrees>59.79669142716013</LongitudeDegrees></Position></Trackpoint><Trackpoint><Time>2026-08-12T14:04:53.000Z</Time><Position><LatitudeDegrees>58.628449066492024</LatitudeDegrees><LongitudeDegrees>59.79666669308324</LongitudeDegrees></Position></Trackpoint><Trackpoint><Time>2026-08-12T14:04:54.000Z</Time><Position><LatitudeDegrees>58.628452137144485</LatitudeDegrees><LongitudeDegrees>59.796642115350984</LongitudeDegrees></Position></Trackpoint><Trackpoint><Time>2026-08-12T14:04:55.000Z</Time><Position><LatitudeDegrees>58.628455381217904</LatitudeDegrees><LongitudeDegrees>59.796617329247056</LongitudeDegrees></Position></Trackpoint><Trackpoint><Time>2026-08-12T14:04:56.000Z</Time><Position><LatitudeDegrees>58.62845925956119</LatitudeDegrees><LongitudeDegrees>59.7965922113133</LongitudeDegrees></Position></Trackpoint><Trackpoint><Time>2026-08-12T14:04:56.000Z</Time><Position><LatitudeDegrees>58.628463390949086</LatitudeDegrees><LongitudeDegrees>59.79656675329541</LongitudeDegrees></Position></Trackpoint><Trackpoint><Time>2026-08-12T14:04:57.000Z</Time><Position><LatitudeDegrees>58.62846758590243</LatitudeDegrees><LongitudeDegrees>59.796540995443245</LongitudeDegrees></Position></Trackpoint><Trackpoint><Time>2026-08-12T14:04:59.000Z</Time><Position><LatitudeDegrees>58.62847175822884</LatitudeDegrees><LongitudeDegrees>59.79651499281632</LongitudeDegrees></Position></Trackpoint><Trackpoint><Time>2026-08-12T14:05:00.000Z</Time><Position><LatitudeDegrees>58.628475875335575</LatitudeDegrees><LongitudeDegrees>59.79648830989584</LongitudeDegrees></Position></Trackpoint><Trackpoint><Time>2026-08-12T14:05:01.000Z</Time><Position><LatitudeDegrees>58.62848042049783</LatitudeDegrees><LongitudeDegrees>59.796461344245905</LongitudeDegrees></Position></Trackpoint><Trackpoint><Time>2026-08-12T14:05:01.000Z</Time><Position><LatitudeDegrees>58.62848504819354</LatitudeDegrees><LongitudeDegrees>59.796434295884566</LongitudeDegrees></Position></Trackpoint><Trackpoint><Time>2026-08-12T14:05:03.000Z</Time><Position><LatitudeDegrees>58.62849009514278</LatitudeDegrees><LongitudeDegrees>59.796407747412424</LongitudeDegrees></Position></Trackpoint><Trackpoint><Time>2026-08-12T14:05:04.000Z</Time><Position><LatitudeDegrees>58.628495156596934</LatitudeDegrees><LongitudeDegrees>59.796381384993204</LongitudeDegrees></Position></Trackpoint><Trackpoint><Time>2026-08-12T14:05:05.000Z</Time><Position><LatitudeDegrees>58.62849957439471</LatitudeDegrees><LongitudeDegrees>59.796356034720276</LongitudeDegrees></Position></Trackpoint><Trackpoint><Time>2026-08-12T14:05:05.000Z</Time><Position><LatitudeDegrees>58.62850413931691</LatitudeDegrees><LongitudeDegrees>59.79633043806715</LongitudeDegrees></Position></Trackpoint><Trackpoint><Time>2026-08-12T14:05:06.000Z</Time><Position><LatitudeDegrees>58.628508668539624</LatitudeDegrees><LongitudeDegrees>59.7963050875744</LongitudeDegrees></Position></Trackpoint><Trackpoint><Time>2026-08-12T14:05:07.000Z</Time><Position><LatitudeDegrees>58.628512601741214</LatitudeDegrees><LongitudeDegrees>59.796279664881745</LongitudeDegrees></Position></Trackpoint><Trackpoint><Time>2026-08-12T14:05:09.000Z</Time><Position><LatitudeDegrees>58.62851578466096</LatitudeDegrees><LongitudeDegrees>59.796255027365774</LongitudeDegrees></Position></Trackpoint><Trackpoint><Time>2026-08-12T14:05:10.000Z</Time><Position><LatitudeDegrees>58.62851971889856</LatitudeDegrees><LongitudeDegrees>59.79623093773591</LongitudeDegrees></Position></Trackpoint><Trackpoint><Time>2026-08-12T14:05:11.000Z</Time><Position><LatitudeDegrees>58.62852394721108</LatitudeDegrees><LongitudeDegrees>59.796207227947626</LongitudeDegrees></Position></Trackpoint><Trackpoint><Time>2026-08-12T14:05:12.000Z</Time><Position><LatitudeDegrees>58.62852726432532</LatitudeDegrees><LongitudeDegrees>59.796184759263724</LongitudeDegrees></Position></Trackpoint><Trackpoint><Time>2026-08-12T14:05:13.000Z</Time><Position><LatitudeDegrees>58.62853027004176</LatitudeDegrees><LongitudeDegrees>59.79616176864461</LongitudeDegrees></Position></Trackpoint><Trackpoint><Time>2026-08-12T14:05:14.000Z</Time><Position><LatitudeDegrees>58.62853325134566</LatitudeDegrees><LongitudeDegrees>59.79613857622261</LongitudeDegrees></Position></Trackpoint><Trackpoint><Time>2026-08-12T14:05:15.000Z</Time><Position><LatitudeDegrees>58.628535839949826</LatitudeDegrees><LongitudeDegrees>59.79611533973999</LongitudeDegrees></Position></Trackpoint><Trackpoint><Time>2026-08-12T14:05:16.000Z</Time><Position><LatitudeDegrees>58.62853842419434</LatitudeDegrees><LongitudeDegrees>59.7960921298154</LongitudeDegrees></Position></Trackpoint><Trackpoint><Time>2026-08-12T14:05:17.000Z</Time><Position><LatitudeDegrees>58.628541164570144</LatitudeDegrees><LongitudeDegrees>59.79606848251263</LongitudeDegrees></Position></Trackpoint><Trackpoint><Time>2026-08-12T14:05:18.000Z</Time><Position><LatitudeDegrees>58.62854459674418</LatitudeDegrees><LongitudeDegrees>59.79604279407227</LongitudeDegrees></Position></Trackpoint><Trackpoint><Time>2026-08-12T14:05:19.000Z</Time><Position><LatitudeDegrees>58.628548362920064</LatitudeDegrees><LongitudeDegrees>59.79601760365333</LongitudeDegrees></Position></Trackpoint><Trackpoint><Time>2026-08-12T14:05:20.000Z</Time><Position><LatitudeDegrees>58.6285522728767</LatitudeDegrees><LongitudeDegrees>59.795991934603414</LongitudeDegrees></Position></Trackpoint><Trackpoint><Time>2026-08-12T14:05:21.000Z</Time><Position><LatitudeDegrees>58.62855671943127</LatitudeDegrees><LongitudeDegrees>59.79596593574666</LongitudeDegrees></Position></Trackpoint><Trackpoint><Time>2026-08-12T14:05:21.000Z</Time><Position><LatitudeDegrees>58.628561305876836</LatitudeDegrees><LongitudeDegrees>59.79594020031464</LongitudeDegrees></Position></Trackpoint><Trackpoint><Time>2026-08-12T14:05:23.000Z</Time><Position><LatitudeDegrees>58.62856536127083</LatitudeDegrees><LongitudeDegrees>59.795913959588496</LongitudeDegrees></Position></Trackpoint><Trackpoint><Time>2026-08-12T14:05:24.000Z</Time><Position><LatitudeDegrees>58.62856867745639</LatitudeDegrees><LongitudeDegrees>59.79588892028038</LongitudeDegrees></Position></Trackpoint><Trackpoint><Time>2026-08-12T14:05:25.000Z</Time><Position><LatitudeDegrees>58.628571263583886</LatitudeDegrees><LongitudeDegrees>59.795864651849854</LongitudeDegrees></Position></Trackpoint><Trackpoint><Time>2026-08-12T14:05:26.000Z</Time><Position><LatitudeDegrees>58.62857419634481</LatitudeDegrees><LongitudeDegrees>59.79583989882379</LongitudeDegrees></Position></Trackpoint><Trackpoint><Time>2026-08-12T14:05:27.000Z</Time><Position><LatitudeDegrees>58.628577874666746</LatitudeDegrees><LongitudeDegrees>59.79581469596422</LongitudeDegrees></Position></Trackpoint><Trackpoint><Time>2026-08-12T14:05:27.000Z</Time><Position><LatitudeDegrees>58.628582367149754</LatitudeDegrees><LongitudeDegrees>59.795789115322734</LongitudeDegrees></Position></Trackpoint><Trackpoint><Time>2026-08-12T14:05:29.000Z</Time><Position><LatitudeDegrees>58.62858661832806</LatitudeDegrees><LongitudeDegrees>59.7957622558391</LongitudeDegrees></Position></Trackpoint><Trackpoint><Time>2026-08-12T14:05:29.000Z</Time><Position><LatitudeDegrees>58.62859022449673</LatitudeDegrees><LongitudeDegrees>59.7957358690066</LongitudeDegrees></Position></Trackpoint><Trackpoint><Time>2026-08-12T14:05:31.000Z</Time><Position><LatitudeDegrees>58.62859310218264</LatitudeDegrees><LongitudeDegrees>59.79570914665264</LongitudeDegrees></Position></Trackpoint><Trackpoint><Time>2026-08-12T14:05:31.000Z</Time><Position><LatitudeDegrees>58.62859580011905</LatitudeDegrees><LongitudeDegrees>59.79568424706158</LongitudeDegrees></Position></Trackpoint><Trackpoint><Time>2026-08-12T14:05:33.000Z</Time><Position><LatitudeDegrees>58.6285990569738</LatitudeDegrees><LongitudeDegrees>59.795659866695544</LongitudeDegrees></Position></Trackpoint><Trackpoint><Time>2026-08-12T14:05:34.000Z</Time><Position><LatitudeDegrees>58.62860212599738</LatitudeDegrees><LongitudeDegrees>59.795635402072435</LongitudeDegrees></Position></Trackpoint><Trackpoint><Time>2026-08-12T14:05:35.000Z</Time><Position><LatitudeDegrees>58.62860521337192</LatitudeDegrees><LongitudeDegrees>59.795610125861835</LongitudeDegrees></Position></Trackpoint><Trackpoint><Time>2026-08-12T14:05:36.000Z</Time><Position><LatitudeDegrees>58.62860840165476</LatitudeDegrees><LongitudeDegrees>59.79558580113333</LongitudeDegrees></Position></Trackpoint><Trackpoint><Time>2026-08-12T14:05:36.000Z</Time><Position><LatitudeDegrees>58.628611711894344</LatitudeDegrees><LongitudeDegrees>59.79556156302463</LongitudeDegrees></Position></Trackpoint><Trackpoint><Time>2026-08-12T14:05:38.000Z</Time><Position><LatitudeDegrees>58.62861562671679</LatitudeDegrees><LongitudeDegrees>59.79553753384969</LongitudeDegrees></Position></Trackpoint><Trackpoint><Time>2026-08-12T14:05:39.000Z</Time><Position><LatitudeDegrees>58.628619288065074</LatitudeDegrees><LongitudeDegrees>59.79551373716516</LongitudeDegrees></Position></Trackpoint><Trackpoint><Time>2026-08-12T14:05:40.000Z</Time><Position><LatitudeDegrees>58.628623354316986</LatitudeDegrees><LongitudeDegrees>59.795489173611415</LongitudeDegrees></Position></Trackpoint><Trackpoint><Time>2026-08-12T14:05:40.000Z</Time><Position><LatitudeDegrees>58.628628044645666</LatitudeDegrees><LongitudeDegrees>59.79546499887719</LongitudeDegrees></Position></Trackpoint><Trackpoint><Time>2026-08-12T14:05:42.000Z</Time><Position><LatitudeDegrees>58.62863238999339</LatitudeDegrees><LongitudeDegrees>59.79544114939864</LongitudeDegrees></Position></Trackpoint><Trackpoint><Time>2026-08-12T14:05:42.000Z</Time><Position><LatitudeDegrees>58.62863652515827</LatitudeDegrees><LongitudeDegrees>59.79541706764136</LongitudeDegrees></Position></Trackpoint><Trackpoint><Time>2026-08-12T14:05:44.000Z</Time><Position><LatitudeDegrees>58.62864053263131</LatitudeDegrees><LongitudeDegrees>59.79539304341732</LongitudeDegrees></Position></Trackpoint><Trackpoint><Time>2026-08-12T14:05:45.000Z</Time><Position><LatitudeDegrees>58.62864446277411</LatitudeDegrees><LongitudeDegrees>59.79536869908584</LongitudeDegrees></Position></Trackpoint><Trackpoint><Time>2026-08-12T14:05:45.000Z</Time><Position><LatitudeDegrees>58.62864785664187</LatitudeDegrees><LongitudeDegrees>59.79534392020721</LongitudeDegrees></Position></Trackpoint><Trackpoint><Time>2026-08-12T14:05:47.000Z</Time><Position><LatitudeDegrees>58.628651083666504</LatitudeDegrees><LongitudeDegrees>59.795319694646025</LongitudeDegrees></Position></Trackpoint><Trackpoint><Time>2026-08-12T14:05:47.000Z</Time><Position><LatitudeDegrees>58.62865431740647</LatitudeDegrees><LongitudeDegrees>59.79529537899919</LongitudeDegrees></Position></Trackpoint><Trackpoint><Time>2026-08-12T14:05:48.000Z</Time><Position><LatitudeDegrees>58.628657138866416</LatitudeDegrees><LongitudeDegrees>59.79527120946483</LongitudeDegrees></Position></Trackpoint><Trackpoint><Time>2026-08-12T14:05:50.000Z</Time><Position><LatitudeDegrees>58.6286599180162</LatitudeDegrees><LongitudeDegrees>59.79524677495327</LongitudeDegrees></Position></Trackpoint><Trackpoint><Time>2026-08-12T14:05:51.000Z</Time><Position><LatitudeDegrees>58.628662812652195</LatitudeDegrees><LongitudeDegrees>59.79522291939473</LongitudeDegrees></Position></Trackpoint><Trackpoint><Time>2026-08-12T14:05:51.000Z</Time><Position><LatitudeDegrees>58.62866587293774</LatitudeDegrees><LongitudeDegrees>59.79519893681885</LongitudeDegrees></Position></Trackpoint><Trackpoint><Time>2026-08-12T14:05:53.000Z</Time><Position><LatitudeDegrees>58.62866860866027</LatitudeDegrees><LongitudeDegrees>59.795174063175345</LongitudeDegrees></Position></Trackpoint><Trackpoint><Time>2026-08-12T14:05:54.000Z</Time><Position><LatitudeDegrees>58.62867085959109</LatitudeDegrees><LongitudeDegrees>59.79514956700187</LongitudeDegrees></Position></Trackpoint><Trackpoint><Time>2026-08-12T14:05:55.000Z</Time><Position><LatitudeDegrees>58.62867164274371</LatitudeDegrees><LongitudeDegrees>59.79512396383435</LongitudeDegrees></Position></Trackpoint><Trackpoint><Time>2026-08-12T14:05:56.000Z</Time><Position><LatitudeDegrees>58.62867025206802</LatitudeDegrees><LongitudeDegrees>59.795098253233846</LongitudeDegrees></Position></Trackpoint><Trackpoint><Time>2026-08-12T14:05:56.000Z</Time><Position><LatitudeDegrees>58.62866569657536</LatitudeDegrees><LongitudeDegrees>59.79507335025241</LongitudeDegrees></Position></Trackpoint><Trackpoint><Time>2026-08-12T14:05:57.000Z</Time><Position><LatitudeDegrees>58.62865846395364</LatitudeDegrees><LongitudeDegrees>59.79505001769293</LongitudeDegrees></Position></Trackpoint><Trackpoint><Time>2026-08-12T14:05:58.000Z</Time><Position><LatitudeDegrees>58.628648119433244</LatitudeDegrees><LongitudeDegrees>59.79502836814179</LongitudeDegrees></Position></Trackpoint><Trackpoint><Time>2026-08-12T14:06:00.000Z</Time><Position><LatitudeDegrees>58.62863586259025</LatitudeDegrees><LongitudeDegrees>59.79500872156487</LongitudeDegrees></Position></Trackpoint><Trackpoint><Time>2026-08-12T14:06:00.000Z</Time><Position><LatitudeDegrees>58.628622432893806</LatitudeDegrees><LongitudeDegrees>59.794991931877306</LongitudeDegrees></Position></Trackpoint><Trackpoint><Time>2026-08-12T14:06:02.000Z</Time><Position><LatitudeDegrees>58.628607795805316</LatitudeDegrees><LongitudeDegrees>59.79497798407241</LongitudeDegrees></Position></Trackpoint><Trackpoint><Time>2026-08-12T14:06:02.000Z</Time><Position><LatitudeDegrees>58.628593071288805</LatitudeDegrees><LongitudeDegrees>59.794965038386735</LongitudeDegrees></Position></Trackpoint><Trackpoint><Time>2026-08-12T14:06:04.000Z</Time><Position><LatitudeDegrees>58.62857922141469</LatitudeDegrees><LongitudeDegrees>59.79495171891324</LongitudeDegrees></Position></Trackpoint><Trackpoint><Time>2026-08-12T14:06:04.000Z</Time><Position><LatitudeDegrees>58.62856653013662</LatitudeDegrees><LongitudeDegrees>59.79493848620385</LongitudeDegrees></Position></Trackpoint><Trackpoint><Time>2026-08-12T14:06:05.000Z</Time><Position><LatitudeDegrees>58.62855545530273</LatitudeDegrees><LongitudeDegrees>59.79492404996132</LongitudeDegrees></Position></Trackpoint><Trackpoint><Time>2026-08-12T14:06:07.000Z</Time><Position><LatitudeDegrees>58.62854695722326</LatitudeDegrees><LongitudeDegrees>59.79490754365924</LongitudeDegrees></Position></Trackpoint><Trackpoint><Time>2026-08-12T14:06:07.000Z</Time><Position><LatitudeDegrees>58.62854159027405</LatitudeDegrees><LongitudeDegrees>59.794889855343406</LongitudeDegrees></Position></Trackpoint><Trackpoint><Time>2026-08-12T14:06:09.000Z</Time><Position><LatitudeDegrees>58.62853918088973</LatitudeDegrees><LongitudeDegrees>59.794871012839735</LongitudeDegrees></Position></Trackpoint><Trackpoint><Time>2026-08-12T14:06:10.000Z</Time><Position><LatitudeDegrees>58.6285382987701</LatitudeDegrees><LongitudeDegrees>59.794851175746125</LongitudeDegrees></Position></Trackpoint><Trackpoint><Time>2026-08-12T14:06:11.000Z</Time><Position><LatitudeDegrees>58.62853913806895</LatitudeDegrees><LongitudeDegrees>59.794831027055054</LongitudeDegrees></Position></Trackpoint><Trackpoint><Time>2026-08-12T14:06:12.000Z</Time><Position><LatitudeDegrees>58.62854106819322</LatitudeDegrees><LongitudeDegrees>59.79480990881742</LongitudeDegrees></Position></Trackpoint><Trackpoint><Time>2026-08-12T14:06:13.000Z</Time><Position><LatitudeDegrees>58.62854368943787</LatitudeDegrees><LongitudeDegrees>59.79478718489706</LongitudeDegrees></Position></Trackpoint><Trackpoint><Time>2026-08-12T14:06:14.000Z</Time><Position><LatitudeDegrees>58.62854674848677</LatitudeDegrees><LongitudeDegrees>59.79476328900945</LongitudeDegrees></Position></Trackpoint><Trackpoint><Time>2026-08-12T14:06:15.000Z</Time><Position><LatitudeDegrees>58.62855008482438</LatitudeDegrees><LongitudeDegrees>59.794738550193316</LongitudeDegrees></Position></Trackpoint><Trackpoint><Time>2026-08-12T14:06:15.000Z</Time><Position><LatitudeDegrees>58.62855408636609</LatitudeDegrees><LongitudeDegrees>59.79471321214636</LongitudeDegrees></Position></Trackpoint><Trackpoint><Time>2026-08-12T14:06:17.000Z</Time><Position><LatitudeDegrees>58.628558827490444</LatitudeDegrees><LongitudeDegrees>59.794687941752436</LongitudeDegrees></Position></Trackpoint><Trackpoint><Time>2026-08-12T14:06:18.000Z</Time><Position><LatitudeDegrees>58.628563264683464</LatitudeDegrees><LongitudeDegrees>59.794663004973366</LongitudeDegrees></Position></Trackpoint><Trackpoint><Time>2026-08-12T14:06:18.000Z</Time><Position><LatitudeDegrees>58.62856700720042</LatitudeDegrees><LongitudeDegrees>59.79463846852215</LongitudeDegrees></Position></Trackpoint><Trackpoint><Time>2026-08-12T14:06:20.000Z</Time><Position><LatitudeDegrees>58.628569983280215</LatitudeDegrees><LongitudeDegrees>59.79461479810257</LongitudeDegrees></Position></Trackpoint><Trackpoint><Time>2026-08-12T14:06:20.000Z</Time><Position><LatitudeDegrees>58.628572261740295</LatitudeDegrees><LongitudeDegrees>59.79459109513188</LongitudeDegrees></Position></Trackpoint><Trackpoint><Time>2026-08-12T14:06:22.000Z</Time><Position><LatitudeDegrees>58.628574450071035</LatitudeDegrees><LongitudeDegrees>59.79456650411101</LongitudeDegrees></Position></Trackpoint><Trackpoint><Time>2026-08-12T14:06:23.000Z</Time><Position><LatitudeDegrees>58.62857681002519</LatitudeDegrees><LongitudeDegrees>59.79454176591805</LongitudeDegrees></Position></Trackpoint><Trackpoint><Time>2026-08-12T14:06:23.000Z</Time><Position><LatitudeDegrees>58.62857942737366</LatitudeDegrees><LongitudeDegrees>59.79451720456061</LongitudeDegrees></Position></Trackpoint><Trackpoint><Time>2026-08-12T14:06:25.000Z</Time><Position><LatitudeDegrees>58.628582304403594</LatitudeDegrees><LongitudeDegrees>59.79449244116865</LongitudeDegrees></Position></Trackpoint><Trackpoint><Time>2026-08-12T14:06:26.000Z</Time><Position><LatitudeDegrees>58.628585408727204</LatitudeDegrees><LongitudeDegrees>59.79446783525229</LongitudeDegrees></Position></Trackpoint><Trackpoint><Time>2026-08-12T14:06:26.000Z</Time><Position><LatitudeDegrees>58.628588697833315</LatitudeDegrees><LongitudeDegrees>59.79444351465804</LongitudeDegrees></Position></Trackpoint><Trackpoint><Time>2026-08-12T14:06:28.000Z</Time><Position><LatitudeDegrees>58.62859213049784</LatitudeDegrees><LongitudeDegrees>59.79441900580607</LongitudeDegrees></Position></Trackpoint><Trackpoint><Time>2026-08-12T14:06:28.000Z</Time><Position><LatitudeDegrees>58.628595671317846</LatitudeDegrees><LongitudeDegrees>59.794393648212385</LongitudeDegrees></Position></Trackpoint><Trackpoint><Time>2026-08-12T14:06:30.000Z</Time><Position><LatitudeDegrees>58.628599291831605</LatitudeDegrees><LongitudeDegrees>59.79436727880236</LongitudeDegrees></Position></Trackpoint><Trackpoint><Time>2026-08-12T14:06:31.000Z</Time><Position><LatitudeDegrees>58.62860297008907</LatitudeDegrees><LongitudeDegrees>59.79434044989216</LongitudeDegrees></Position></Trackpoint><Trackpoint><Time>2026-08-12T14:06:31.000Z</Time><Position><LatitudeDegrees>58.62860620002854</LatitudeDegrees><LongitudeDegrees>59.79431344792013</LongitudeDegrees></Position></Trackpoint><Trackpoint><Time>2026-08-12T14:06:33.000Z</Time><Position><LatitudeDegrees>58.6286093203885</LatitudeDegrees><LongitudeDegrees>59.794287392284616</LongitudeDegrees></Position></Trackpoint><Trackpoint><Time>2026-08-12T14:06:34.000Z</Time><Position><LatitudeDegrees>58.62861248473709</LatitudeDegrees><LongitudeDegrees>59.794262132919684</LongitudeDegrees></Position></Trackpoint><Trackpoint><Time>2026-08-12T14:06:35.000Z</Time><Position><LatitudeDegrees>58.62861526106232</LatitudeDegrees><LongitudeDegrees>59.79423750582307</LongitudeDegrees></Position></Trackpoint><Trackpoint><Time>2026-08-12T14:06:35.000Z</Time><Position><LatitudeDegrees>58.62861801086007</LatitudeDegrees><LongitudeDegrees>59.79421287269187</LongitudeDegrees></Position></Trackpoint><Trackpoint><Time>2026-08-12T14:06:37.000Z</Time><Position><LatitudeDegrees>58.62862039680055</LatitudeDegrees><LongitudeDegrees>59.79418748181557</LongitudeDegrees></Position></Trackpoint><Trackpoint><Time>2026-08-12T14:06:38.000Z</Time><Position><LatitudeDegrees>58.62862232666061</LatitudeDegrees><LongitudeDegrees>59.79416112087015</LongitudeDegrees></Position></Trackpoint><Trackpoint><Time>2026-08-12T14:06:38.000Z</Time><Position><LatitudeDegrees>58.628623331386315</LatitudeDegrees><LongitudeDegrees>59.79413480614164</LongitudeDegrees></Position></Trackpoint><Trackpoint><Time>2026-08-12T14:06:40.000Z</Time><Position><LatitudeDegrees>58.62862382615582</LatitudeDegrees><LongitudeDegrees>59.79410895023865</LongitudeDegrees></Position></Trackpoint><Trackpoint><Time>2026-08-12T14:06:41.000Z</Time><Position><LatitudeDegrees>58.62862355779482</LatitudeDegrees><LongitudeDegrees>59.7940836641976</LongitudeDegrees></Position></Trackpoint><Trackpoint><Time>2026-08-12T14:06:42.000Z</Time><Position><LatitudeDegrees>58.62862300959495</LatitudeDegrees><LongitudeDegrees>59.79405843099546</LongitudeDegrees></Position></Trackpoint><Trackpoint><Time>2026-08-12T14:06:43.000Z</Time><Position><LatitudeDegrees>58.62862241650873</LatitudeDegrees><LongitudeDegrees>59.7940330309231</LongitudeDegrees></Position></Trackpoint><Trackpoint><Time>2026-08-12T14:06:43.000Z</Time><Position><LatitudeDegrees>58.628621881058535</LatitudeDegrees><LongitudeDegrees>59.79400788452514</LongitudeDegrees></Position></Trackpoint><Trackpoint><Time>2026-08-12T14:06:45.000Z</Time><Position><LatitudeDegrees>58.628620458847756</LatitudeDegrees><LongitudeDegrees>59.793984111658396</LongitudeDegrees></Position></Trackpoint><Trackpoint><Time>2026-08-12T14:06:46.000Z</Time><Position><LatitudeDegrees>58.628618364367384</LatitudeDegrees><LongitudeDegrees>59.79396199722659</LongitudeDegrees></Position></Trackpoint><Trackpoint><Time>2026-08-12T14:06:46.000Z</Time><Position><LatitudeDegrees>58.628616751457976</LatitudeDegrees><LongitudeDegrees>59.79394046648372</LongitudeDegrees></Position></Trackpoint><Trackpoint><Time>2026-08-12T14:06:47.000Z</Time><Position><LatitudeDegrees>58.62861603350065</LatitudeDegrees><LongitudeDegrees>59.79391900189796</LongitudeDegrees></Position></Trackpoint><Trackpoint><Time>2026-08-12T14:06:49.000Z</Time><Position><LatitudeDegrees>58.628615776263175</LatitudeDegrees><LongitudeDegrees>59.79389591300942</LongitudeDegrees></Position></Trackpoint><Trackpoint><Time>2026-08-12T14:06:49.000Z</Time><Position><LatitudeDegrees>58.62861574178154</LatitudeDegrees><LongitudeDegrees>59.793872180939005</LongitudeDegrees></Position></Trackpoint><Trackpoint><Time>2026-08-12T14:06:50.000Z</Time><Position><LatitudeDegrees>58.628615803463845</LatitudeDegrees><LongitudeDegrees>59.793847313075204</LongitudeDegrees></Position></Trackpoint><Trackpoint><Time>2026-08-12T14:06:51.000Z</Time><Position><LatitudeDegrees>58.6286173656647</LatitudeDegrees><LongitudeDegrees>59.79382125232153</LongitudeDegrees></Position></Trackpoint><Trackpoint><Time>2026-08-12T14:06:52.000Z</Time><Position><LatitudeDegrees>58.62862032454426</LatitudeDegrees><LongitudeDegrees>59.793794617879975</LongitudeDegrees></Position></Trackpoint><Trackpoint><Time>2026-08-12T14:06:53.000Z</Time><Position><LatitudeDegrees>58.62862347885496</LatitudeDegrees><LongitudeDegrees>59.793768228001156</LongitudeDegrees></Position></Trackpoint><Trackpoint><Time>2026-08-12T14:06:54.000Z</Time><Position><LatitudeDegrees>58.62862581918911</LatitudeDegrees><LongitudeDegrees>59.793741409057475</LongitudeDegrees></Position></Trackpoint><Trackpoint><Time>2026-08-12T14:06:55.000Z</Time><Position><LatitudeDegrees>58.628627034311606</LatitudeDegrees><LongitudeDegrees>59.79371393869644</LongitudeDegrees></Position></Trackpoint><Trackpoint><Time>2026-08-12T14:06:56.000Z</Time><Position><LatitudeDegrees>58.628627140464666</LatitudeDegrees><LongitudeDegrees>59.793686788175556</LongitudeDegrees></Position></Trackpoint><Trackpoint><Time>2026-08-12T14:06:57.000Z</Time><Position><LatitudeDegrees>58.628626776282545</LatitudeDegrees><LongitudeDegrees>59.793659826829426</LongitudeDegrees></Position></Trackpoint><Trackpoint><Time>2026-08-12T14:06:58.000Z</Time><Position><LatitudeDegrees>58.62862626514294</LatitudeDegrees><LongitudeDegrees>59.79363346617602</LongitudeDegrees></Position></Trackpoint><Trackpoint><Time>2026-08-12T14:06:59.000Z</Time><Position><LatitudeDegrees>58.62862624869596</LatitudeDegrees><LongitudeDegrees>59.793607798594145</LongitudeDegrees></Position></Trackpoint><Trackpoint><Time>2026-08-12T14:07:00.000Z</Time><Position><LatitudeDegrees>58.628626927701454</LatitudeDegrees><LongitudeDegrees>59.79358228356319</LongitudeDegrees></Position></Trackpoint><Trackpoint><Time>2026-08-12T14:07:01.000Z</Time><Position><LatitudeDegrees>58.62862731635752</LatitudeDegrees><LongitudeDegrees>59.793557168509665</LongitudeDegrees></Position></Trackpoint><Trackpoint><Time>2026-08-12T14:07:02.000Z</Time><Position><LatitudeDegrees>58.62862802516522</LatitudeDegrees><LongitudeDegrees>59.79353250399557</LongitudeDegrees></Position></Trackpoint><Trackpoint><Time>2026-08-12T14:07:03.000Z</Time><Position><LatitudeDegrees>58.62862877484764</LatitudeDegrees><LongitudeDegrees>59.793507763407355</LongitudeDegrees></Position></Trackpoint><Trackpoint><Time>2026-08-12T14:07:04.000Z</Time><Position><LatitudeDegrees>58.62862895553241</LatitudeDegrees><LongitudeDegrees>59.793483229242604</LongitudeDegrees></Position></Trackpoint><Trackpoint><Time>2026-08-12T14:07:05.000Z</Time><Position><LatitudeDegrees>58.628628389083744</LatitudeDegrees><LongitudeDegrees>59.793458501738485</LongitudeDegrees></Position></Trackpoint><Trackpoint><Time>2026-08-12T14:07:07.000Z</Time><Position><LatitudeDegrees>58.628627587643436</LatitudeDegrees><LongitudeDegrees>59.793433441074164</LongitudeDegrees></Position></Trackpoint><Trackpoint><Time>2026-08-12T14:07:07.000Z</Time><Position><LatitudeDegrees>58.62862630267877</LatitudeDegrees><LongitudeDegrees>59.793408522037964</LongitudeDegrees></Position></Trackpoint><Trackpoint><Time>2026-08-12T14:07:08.000Z</Time><Position><LatitudeDegrees>58.62862547311653</LatitudeDegrees><LongitudeDegrees>59.79338441159643</LongitudeDegrees></Position></Trackpoint><Trackpoint><Time>2026-08-12T14:07:09.000Z</Time><Position><LatitudeDegrees>58.62862493757726</LatitudeDegrees><LongitudeDegrees>59.79336079103609</LongitudeDegrees></Position></Trackpoint><Trackpoint><Time>2026-08-12T14:07:10.000Z</Time><Position><LatitudeDegrees>58.62862508147272</LatitudeDegrees><LongitudeDegrees>59.79333746622462</LongitudeDegrees></Position></Trackpoint><Trackpoint><Time>2026-08-12T14:07:11.000Z</Time><Position><LatitudeDegrees>58.628625486713304</LatitudeDegrees><LongitudeDegrees>59.7933138296423</LongitudeDegrees></Position></Trackpoint><Trackpoint><Time>2026-08-12T14:07:12.000Z</Time><Position><LatitudeDegrees>58.6286259475725</LatitudeDegrees><LongitudeDegrees>59.79329016071819</LongitudeDegrees></Position></Trackpoint><Trackpoint><Time>2026-08-12T14:07:13.000Z</Time><Position><LatitudeDegrees>58.62862686179734</LatitudeDegrees><LongitudeDegrees>59.79326706829214</LongitudeDegrees></Position></Trackpoint><Trackpoint><Time>2026-08-12T14:07:14.000Z</Time><Position><LatitudeDegrees>58.62862784539389</LatitudeDegrees><LongitudeDegrees>59.79324423950142</LongitudeDegrees></Position></Trackpoint><Trackpoint><Time>2026-08-12T14:07:15.000Z</Time><Position><LatitudeDegrees>58.62862873131691</LatitudeDegrees><LongitudeDegrees>59.793222001272156</LongitudeDegrees></Position></Trackpoint><Trackpoint><Time>2026-08-12T14:07:16.000Z</Time><Position><LatitudeDegrees>58.62862946330782</LatitudeDegrees><LongitudeDegrees>59.793200412445756</LongitudeDegrees></Position></Trackpoint><Trackpoint><Time>2026-08-12T14:07:18.000Z</Time><Position><LatitudeDegrees>58.62863003795443</LatitudeDegrees><LongitudeDegrees>59.793178434683966</LongitudeDegrees></Position></Trackpoint><Trackpoint><Time>2026-08-12T14:07:18.000Z</Time><Position><LatitudeDegrees>58.628629984435776</LatitudeDegrees><LongitudeDegrees>59.79315617989435</LongitudeDegrees></Position></Trackpoint><Trackpoint><Time>2026-08-12T14:07:19.000Z</Time><Position><LatitudeDegrees>58.62862967908676</LatitudeDegrees><LongitudeDegrees>59.79313372972028</LongitudeDegrees></Position></Trackpoint><Trackpoint><Time>2026-08-12T14:07:20.000Z</Time><Position><LatitudeDegrees>58.62862930921668</LatitudeDegrees><LongitudeDegrees>59.7931106532519</LongitudeDegrees></Position></Trackpoint><Trackpoint><Time>2026-08-12T14:07:21.000Z</Time><Position><LatitudeDegrees>58.628629449857556</LatitudeDegrees><LongitudeDegrees>59.79308636379947</LongitudeDegrees></Position></Trackpoint><Trackpoint><Time>2026-08-12T14:07:23.000Z</Time><Position><LatitudeDegrees>58.628629782692826</LatitudeDegrees><LongitudeDegrees>59.79306126503987</LongitudeDegrees></Position></Trackpoint><Trackpoint><Time>2026-08-12T14:07:23.000Z</Time><Position><LatitudeDegrees>58.628630641571874</LatitudeDegrees><LongitudeDegrees>59.79303611670467</LongitudeDegrees></Position></Trackpoint><Trackpoint><Time>2026-08-12T14:07:25.000Z</Time><Position><LatitudeDegrees>58.62863160685747</LatitudeDegrees><LongitudeDegrees>59.793011238039625</LongitudeDegrees></Position></Trackpoint><Trackpoint><Time>2026-08-12T14:07:26.000Z</Time><Position><LatitudeDegrees>58.62863249207188</LatitudeDegrees><LongitudeDegrees>59.792987215519645</LongitudeDegrees></Position></Trackpoint><Trackpoint><Time>2026-08-12T14:07:26.000Z</Time><Position><LatitudeDegrees>58.62863323069438</LatitudeDegrees><LongitudeDegrees>59.792963691179104</LongitudeDegrees></Position></Trackpoint><Trackpoint><Time>2026-08-12T14:07:28.000Z</Time><Position><LatitudeDegrees>58.628633324533745</LatitudeDegrees><LongitudeDegrees>59.792940453655255</LongitudeDegrees></Position></Trackpoint><Trackpoint><Time>2026-08-12T14:07:28.000Z</Time><Position><LatitudeDegrees>58.628633140785766</LatitudeDegrees><LongitudeDegrees>59.792916889478754</LongitudeDegrees></Position></Trackpoint><Trackpoint><Time>2026-08-12T14:07:30.000Z</Time><Position><LatitudeDegrees>58.62863286630184</LatitudeDegrees><LongitudeDegrees>59.79289278792785</LongitudeDegrees></Position></Trackpoint><Trackpoint><Time>2026-08-12T14:07:31.000Z</Time><Position><LatitudeDegrees>58.62863258967943</LatitudeDegrees><LongitudeDegrees>59.7928686208021</LongitudeDegrees></Position></Trackpoint><Trackpoint><Time>2026-08-12T14:07:32.000Z</Time><Position><LatitudeDegrees>58.62863185806976</LatitudeDegrees><LongitudeDegrees>59.792844590820735</LongitudeDegrees></Position></Trackpoint><Trackpoint><Time>2026-08-12T14:07:32.000Z</Time><Position><LatitudeDegrees>58.62863054337154</LatitudeDegrees><LongitudeDegrees>59.792821253478635</LongitudeDegrees></Position></Trackpoint><Trackpoint><Time>2026-08-12T14:07:33.000Z</Time><Position><LatitudeDegrees>58.628629157277544</LatitudeDegrees><LongitudeDegrees>59.79279776942668</LongitudeDegrees></Position></Trackpoint><Trackpoint><Time>2026-08-12T14:07:34.000Z</Time><Position><LatitudeDegrees>58.62862840929406</LatitudeDegrees><LongitudeDegrees>59.79277332221227</LongitudeDegrees></Position></Trackpoint><Trackpoint><Time>2026-08-12T14:07:35.000Z</Time><Position><LatitudeDegrees>58.6286275304977</LatitudeDegrees><LongitudeDegrees>59.79274818882407</LongitudeDegrees></Position></Trackpoint><Trackpoint><Time>2026-08-12T14:07:36.000Z</Time><Position><LatitudeDegrees>58.62862720023104</LatitudeDegrees><LongitudeDegrees>59.79272404023648</LongitudeDegrees></Position></Trackpoint><Trackpoint><Time>2026-08-12T14:07:37.000Z</Time><Position><LatitudeDegrees>58.62862713825642</LatitudeDegrees><LongitudeDegrees>59.79270045899356</LongitudeDegrees></Position></Trackpoint><Trackpoint><Time>2026-08-12T14:07:39.000Z</Time><Position><LatitudeDegrees>58.62862670511714</LatitudeDegrees><LongitudeDegrees>59.792676710744594</LongitudeDegrees></Position></Trackpoint><Trackpoint><Time>2026-08-12T14:07:39.000Z</Time><Position><LatitudeDegrees>58.62862568510203</LatitudeDegrees><LongitudeDegrees>59.792653004105055</LongitudeDegrees></Position></Trackpoint><Trackpoint><Time>2026-08-12T14:07:40.000Z</Time><Position><LatitudeDegrees>58.628624554309276</LatitudeDegrees><LongitudeDegrees>59.792629909259865</LongitudeDegrees></Position></Trackpoint><Trackpoint><Time>2026-08-12T14:07:41.000Z</Time><Position><LatitudeDegrees>58.628623523030136</LatitudeDegrees><LongitudeDegrees>59.792607582507316</LongitudeDegrees></Position></Trackpoint><Trackpoint><Time>2026-08-12T14:07:42.000Z</Time><Position><LatitudeDegrees>58.62862266509713</LatitudeDegrees><LongitudeDegrees>59.792584031190245</LongitudeDegrees></Position></Trackpoint><Trackpoint><Time>2026-08-12T14:07:43.000Z</Time><Position><LatitudeDegrees>58.62862198866825</LatitudeDegrees><LongitudeDegrees>59.79256006066885</LongitudeDegrees></Position></Trackpoint><Trackpoint><Time>2026-08-12T14:07:44.000Z</Time><Position><LatitudeDegrees>58.62862147380744</LatitudeDegrees><LongitudeDegrees>59.792535077200306</LongitudeDegrees></Position></Trackpoint><Trackpoint><Time>2026-08-12T14:07:45.000Z</Time><Position><LatitudeDegrees>58.62862158117798</LatitudeDegrees><LongitudeDegrees>59.79251043510362</LongitudeDegrees></Position></Trackpoint><Trackpoint><Time>2026-08-12T14:07:46.000Z</Time><Position><LatitudeDegrees>58.628621441412676</LatitudeDegrees><LongitudeDegrees>59.79248566909673</LongitudeDegrees></Position></Trackpoint><Trackpoint><Time>2026-08-12T14:07:47.000Z</Time><Position><LatitudeDegrees>58.62862121780725</LatitudeDegrees><LongitudeDegrees>59.79246060346463</LongitudeDegrees></Position></Trackpoint><Trackpoint><Time>2026-08-12T14:07:48.000Z</Time><Position><LatitudeDegrees>58.628620988373086</LatitudeDegrees><LongitudeDegrees>59.79243569390911</LongitudeDegrees></Position></Trackpoint><Trackpoint><Time>2026-08-12T14:07:49.000Z</Time><Position><LatitudeDegrees>58.62862078598598</LatitudeDegrees><LongitudeDegrees>59.79241159768177</LongitudeDegrees></Position></Trackpoint><Trackpoint><Time>2026-08-12T14:07:50.000Z</Time><Position><LatitudeDegrees>58.62862062071383</LatitudeDegrees><LongitudeDegrees>59.792387991460686</LongitudeDegrees></Position></Trackpoint><Trackpoint><Time>2026-08-12T14:07:51.000Z</Time><Position><LatitudeDegrees>58.628620491939294</LatitudeDegrees><LongitudeDegrees>59.792364189588916</LongitudeDegrees></Position></Trackpoint><Trackpoint><Time>2026-08-12T14:07:52.000Z</Time><Position><LatitudeDegrees>58.628620394723704</LatitudeDegrees><LongitudeDegrees>59.792340424412174</LongitudeDegrees></Position></Trackpoint><Trackpoint><Time>2026-08-12T14:07:53.000Z</Time><Position><LatitudeDegrees>58.62862032298261</LatitudeDegrees><LongitudeDegrees>59.79231727651902</LongitudeDegrees></Position></Trackpoint><Trackpoint><Time>2026-08-12T14:07:54.000Z</Time><Position><LatitudeDegrees>58.62862027094064</LatitudeDegrees><LongitudeDegrees>59.79229441617717</LongitudeDegrees></Position></Trackpoint><Trackpoint><Time>2026-08-12T14:07:55.000Z</Time><Position><LatitudeDegrees>58.62862023369092</LatitudeDegrees><LongitudeDegrees>59.79227118107446</LongitudeDegrees></Position></Trackpoint><Trackpoint><Time>2026-08-12T14:07:56.000Z</Time><Position><LatitudeDegrees>58.628620207314086</LatitudeDegrees><LongitudeDegrees>59.792247836159284</LongitudeDegrees></Position></Trackpoint><Trackpoint><Time>2026-08-12T14:07:57.000Z</Time><Position><LatitudeDegrees>58.628620188800504</LatitudeDegrees><LongitudeDegrees>59.79222352541924</LongitudeDegrees></Position></Trackpoint><Trackpoint><Time>2026-08-12T14:07:58.000Z</Time><Position><LatitudeDegrees>58.628620665512074</LatitudeDegrees><LongitudeDegrees>59.792199978724504</LongitudeDegrees></Position></Trackpoint><Trackpoint><Time>2026-08-12T14:07:59.000Z</Time><Position><LatitudeDegrees>58.62862226420991</LatitudeDegrees><LongitudeDegrees>59.792177320818645</LongitudeDegrees></Position></Trackpoint><Trackpoint><Time>2026-08-12T14:08:00.000Z</Time><Position><LatitudeDegrees>58.62862363017803</LatitudeDegrees><LongitudeDegrees>59.79215402016864</LongitudeDegrees></Position></Trackpoint><Trackpoint><Time>2026-08-12T14:08:01.000Z</Time><Position><LatitudeDegrees>58.62862472498037</LatitudeDegrees><LongitudeDegrees>59.792128549312125</LongitudeDegrees></Position></Trackpoint><Trackpoint><Time>2026-08-12T14:08:02.000Z</Time><Position><LatitudeDegrees>58.628625567591364</LatitudeDegrees><LongitudeDegrees>59.792101536953126</LongitudeDegrees></Position></Trackpoint><Trackpoint><Time>2026-08-12T14:08:04.000Z</Time><Position><LatitudeDegrees>58.62862619819371</LatitudeDegrees><LongitudeDegrees>59.79207441908366</LongitudeDegrees></Position></Trackpoint><Trackpoint><Time>2026-08-12T14:08:04.000Z</Time><Position><LatitudeDegrees>58.62862666054696</LatitudeDegrees><LongitudeDegrees>59.79204731102463</LongitudeDegrees></Position></Trackpoint><Trackpoint><Time>2026-08-12T14:08:05.000Z</Time><Position><LatitudeDegrees>58.62862650465667</LatitudeDegrees><LongitudeDegrees>59.79202123823111</LongitudeDegrees></Position></Trackpoint><Trackpoint><Time>2026-08-12T14:08:07.000Z</Time><Position><LatitudeDegrees>58.62862562455074</LatitudeDegrees><LongitudeDegrees>59.79199600053431</LongitudeDegrees></Position></Trackpoint><Trackpoint><Time>2026-08-12T14:08:07.000Z</Time><Position><LatitudeDegrees>58.62862455914892</LatitudeDegrees><LongitudeDegrees>59.79197091870403</LongitudeDegrees></Position></Trackpoint><Trackpoint><Time>2026-08-12T14:08:08.000Z</Time><Position><LatitudeDegrees>58.6286240437894</LatitudeDegrees><LongitudeDegrees>59.791946182616016</LongitudeDegrees></Position></Trackpoint><Trackpoint><Time>2026-08-12T14:08:09.000Z</Time><Position><LatitudeDegrees>58.628623331490644</LatitudeDegrees><LongitudeDegrees>59.79192133648131</LongitudeDegrees></Position></Trackpoint><Trackpoint><Time>2026-08-12T14:08:10.000Z</Time><Position><LatitudeDegrees>58.62862262950821</LatitudeDegrees><LongitudeDegrees>59.791896696325765</LongitudeDegrees></Position></Trackpoint><Trackpoint><Time>2026-08-12T14:08:11.000Z</Time><Position><LatitudeDegrees>58.62862153226214</LatitudeDegrees><LongitudeDegrees>59.79187236586226</LongitudeDegrees></Position></Trackpoint><Trackpoint><Time>2026-08-12T14:08:12.000Z</Time><Position><LatitudeDegrees>58.628619923452575</LatitudeDegrees><LongitudeDegrees>59.79184883766533</LongitudeDegrees></Position></Trackpoint><Trackpoint><Time>2026-08-12T14:08:13.000Z</Time><Position><LatitudeDegrees>58.62861733123114</LatitudeDegrees><LongitudeDegrees>59.79182523240264</LongitudeDegrees></Position></Trackpoint><Trackpoint><Time>2026-08-12T14:08:14.000Z</Time><Position><LatitudeDegrees>58.6286146667156</LatitudeDegrees><LongitudeDegrees>59.79180266665896</LongitudeDegrees></Position></Trackpoint><Trackpoint><Time>2026-08-12T14:08:15.000Z</Time><Position><LatitudeDegrees>58.628612804024094</LatitudeDegrees><LongitudeDegrees>59.79177999802858</LongitudeDegrees></Position></Trackpoint><Trackpoint><Time>2026-08-12T14:08:16.000Z</Time><Position><LatitudeDegrees>58.62861200023472</LatitudeDegrees><LongitudeDegrees>59.79175725884671</LongitudeDegrees></Position></Trackpoint><Trackpoint><Time>2026-08-12T14:08:17.000Z</Time><Position><LatitudeDegrees>58.628611735701696</LatitudeDegrees><LongitudeDegrees>59.79173447148523</LongitudeDegrees></Position></Trackpoint><Trackpoint><Time>2026-08-12T14:08:18.000Z</Time><Position><LatitudeDegrees>58.628611727204834</LatitudeDegrees><LongitudeDegrees>59.791711651341416</LongitudeDegrees></Position></Trackpoint><Trackpoint><Time>2026-08-12T14:08:19.000Z</Time><Position><LatitudeDegrees>58.628611825242764</LatitudeDegrees><LongitudeDegrees>59.79168831935332</LongitudeDegrees></Position></Trackpoint><Trackpoint><Time>2026-08-12T14:08:20.000Z</Time><Position><LatitudeDegrees>58.62861195457226</LatitudeDegrees><LongitudeDegrees>59.7916643439217</LongitudeDegrees></Position></Trackpoint><Trackpoint><Time>2026-08-12T14:08:21.000Z</Time><Position><LatitudeDegrees>58.62861305941065</LatitudeDegrees><LongitudeDegrees>59.79164024304522</LongitudeDegrees></Position></Trackpoint><Trackpoint><Time>2026-08-12T14:08:22.000Z</Time><Position><LatitudeDegrees>58.6286144241918</LatitudeDegrees><LongitudeDegrees>59.79161624615366</LongitudeDegrees></Position></Trackpoint><Trackpoint><Time>2026-08-12T14:08:23.000Z</Time><Position><LatitudeDegrees>58.628616210469076</LatitudeDegrees><LongitudeDegrees>59.79159243438754</LongitudeDegrees></Position></Trackpoint><Trackpoint><Time>2026-08-12T14:08:24.000Z</Time><Position><LatitudeDegrees>58.6286174514559</LatitudeDegrees><LongitudeDegrees>59.791568327792056</LongitudeDegrees></Position></Trackpoint><Trackpoint><Time>2026-08-12T14:08:25.000Z</Time><Position><LatitudeDegrees>58.62861830859516</LatitudeDegrees><LongitudeDegrees>59.79154425615733</LongitudeDegrees></Position></Trackpoint><Trackpoint><Time>2026-08-12T14:08:27.000Z</Time><Position><LatitudeDegrees>58.62861840803004</LatitudeDegrees><LongitudeDegrees>59.79152035081477</LongitudeDegrees></Position></Trackpoint><Trackpoint><Time>2026-08-12T14:08:27.000Z</Time><Position><LatitudeDegrees>58.628618672265304</LatitudeDegrees><LongitudeDegrees>59.79149615489706</LongitudeDegrees></Position></Trackpoint><Trackpoint><Time>2026-08-12T14:08:28.000Z</Time><Position><LatitudeDegrees>58.62861897045666</LatitudeDegrees><LongitudeDegrees>59.791471517545894</LongitudeDegrees></Position></Trackpoint><Trackpoint><Time>2026-08-12T14:08:29.000Z</Time><Position><LatitudeDegrees>58.62861875474923</LatitudeDegrees><LongitudeDegrees>59.79144692290072</LongitudeDegrees></Position></Trackpoint><Trackpoint><Time>2026-08-12T14:08:30.000Z</Time><Position><LatitudeDegrees>58.6286188446975</LatitudeDegrees><LongitudeDegrees>59.79142256486505</LongitudeDegrees></Position></Trackpoint><Trackpoint><Time>2026-08-12T14:08:31.000Z</Time><Position><LatitudeDegrees>58.62861904898025</LatitudeDegrees><LongitudeDegrees>59.79139849292636</LongitudeDegrees></Position></Trackpoint><Trackpoint><Time>2026-08-12T14:08:32.000Z</Time><Position><LatitudeDegrees>58.628619274130365</LatitudeDegrees><LongitudeDegrees>59.791375180355736</LongitudeDegrees></Position></Trackpoint><Trackpoint><Time>2026-08-12T14:08:33.000Z</Time><Position><LatitudeDegrees>58.62861947897668</LatitudeDegrees><LongitudeDegrees>59.791352724598255</LongitudeDegrees></Position></Trackpoint><Trackpoint><Time>2026-08-12T14:08:34.000Z</Time><Position><LatitudeDegrees>58.6286196491695</LatitudeDegrees><LongitudeDegrees>59.79133007659315</LongitudeDegrees></Position></Trackpoint><Trackpoint><Time>2026-08-12T14:08:36.000Z</Time><Position><LatitudeDegrees>58.62861929363625</LatitudeDegrees><LongitudeDegrees>59.79130633936627</LongitudeDegrees></Position></Trackpoint><Trackpoint><Time>2026-08-12T14:08:36.000Z</Time><Position><LatitudeDegrees>58.628618277613</LatitudeDegrees><LongitudeDegrees>59.79128177292435</LongitudeDegrees></Position></Trackpoint><Trackpoint><Time>2026-08-12T14:08:37.000Z</Time><Position><LatitudeDegrees>58.62861663037238</LatitudeDegrees><LongitudeDegrees>59.79125708038594</LongitudeDegrees></Position></Trackpoint><Trackpoint><Time>2026-08-12T14:08:38.000Z</Time><Position><LatitudeDegrees>58.62861493459623</LatitudeDegrees><LongitudeDegrees>59.791232567502995</LongitudeDegrees></Position></Trackpoint><Trackpoint><Time>2026-08-12T14:08:40.000Z</Time><Position><LatitudeDegrees>58.628613436481835</LatitudeDegrees><LongitudeDegrees>59.79120833713586</LongitudeDegrees></Position></Trackpoint><Trackpoint><Time>2026-08-12T14:08:41.000Z</Time><Position><LatitudeDegrees>58.628612212051856</LatitudeDegrees><LongitudeDegrees>59.79118439538539</LongitudeDegrees></Position></Trackpoint><Trackpoint><Time>2026-08-12T14:08:41.000Z</Time><Position><LatitudeDegrees>58.628611257487975</LatitudeDegrees><LongitudeDegrees>59.7911607077206</LongitudeDegrees></Position></Trackpoint><Trackpoint><Time>2026-08-12T14:08:43.000Z</Time><Position><LatitudeDegrees>58.62861053658079</LatitudeDegrees><LongitudeDegrees>59.791137227308965</LongitudeDegrees></Position></Trackpoint><Trackpoint><Time>2026-08-12T14:08:43.000Z</Time><Position><LatitudeDegrees>58.628610004428566</LatitudeDegrees><LongitudeDegrees>59.791113908262666</LongitudeDegrees></Position></Trackpoint><Trackpoint><Time>2026-08-12T14:08:44.000Z</Time><Position><LatitudeDegrees>58.628610107923485</LatitudeDegrees><LongitudeDegrees>59.79109120058318</LongitudeDegrees></Position></Trackpoint><Trackpoint><Time>2026-08-12T14:08:45.000Z</Time><Position><LatitudeDegrees>58.62861045991567</LatitudeDegrees><LongitudeDegrees>59.7910682319069</LongitudeDegrees></Position></Trackpoint><Trackpoint><Time>2026-08-12T14:08:46.000Z</Time><Position><LatitudeDegrees>58.628610869069654</LatitudeDegrees><LongitudeDegrees>59.79104467646392</LongitudeDegrees></Position></Trackpoint><Trackpoint><Time>2026-08-12T14:08:47.000Z</Time><Position><LatitudeDegrees>58.62861124925048</LatitudeDegrees><LongitudeDegrees>59.791020965012585</LongitudeDegrees></Position></Trackpoint><Trackpoint><Time>2026-08-12T14:08:48.000Z</Time><Position><LatitudeDegrees>58.6286125479248</LatitudeDegrees><LongitudeDegrees>59.790996805366355</LongitudeDegrees></Position></Trackpoint><Trackpoint><Time>2026-08-12T14:08:49.000Z</Time><Position><LatitudeDegrees>58.628614058182485</LatitudeDegrees><LongitudeDegrees>59.7909721347182</LongitudeDegrees></Position></Trackpoint><Trackpoint><Time>2026-08-12T14:08:50.000Z</Time><Position><LatitudeDegrees>58.628615461737965</LatitudeDegrees><LongitudeDegrees>59.79094797200967</LongitudeDegrees></Position></Trackpoint><Trackpoint><Time>2026-08-12T14:08:51.000Z</Time><Position><LatitudeDegrees>58.6286166412057</LatitudeDegrees><LongitudeDegrees>59.79092418207095</LongitudeDegrees></Position></Trackpoint><Trackpoint><Time>2026-08-12T14:08:52.000Z</Time><Position><LatitudeDegrees>58.62861757700374</LatitudeDegrees><LongitudeDegrees>59.79090017177957</LongitudeDegrees></Position></Trackpoint><Trackpoint><Time>2026-08-12T14:08:53.000Z</Time><Position><LatitudeDegrees>58.628618292342196</LatitudeDegrees><LongitudeDegrees>59.790876214760445</LongitudeDegrees></Position></Trackpoint><Trackpoint><Time>2026-08-12T14:08:54.000Z</Time><Position><LatitudeDegrees>58.62861882507545</LatitudeDegrees><LongitudeDegrees>59.790852416864034</LongitudeDegrees></Position></Trackpoint><Trackpoint><Time>2026-08-12T14:08:55.000Z</Time><Position><LatitudeDegrees>58.6286197038409</LatitudeDegrees><LongitudeDegrees>59.79082929087054</LongitudeDegrees></Position></Trackpoint><Trackpoint><Time>2026-08-12T14:08:56.000Z</Time><Position><LatitudeDegrees>58.62862012271511</LatitudeDegrees><LongitudeDegrees>59.79080647211162</LongitudeDegrees></Position></Trackpoint><Trackpoint><Time>2026-08-12T14:08:57.000Z</Time><Position><LatitudeDegrees>58.628620298428906</LatitudeDegrees><LongitudeDegrees>59.79078426058221</LongitudeDegrees></Position></Trackpoint><Trackpoint><Time>2026-08-12T14:08:58.000Z</Time><Position><LatitudeDegrees>58.62861937222729</LatitudeDegrees><LongitudeDegrees>59.790762212282615</LongitudeDegrees></Position></Trackpoint><Trackpoint><Time>2026-08-12T14:08:59.000Z</Time><Position><LatitudeDegrees>58.62861713187551</LatitudeDegrees><LongitudeDegrees>59.79074061301929</LongitudeDegrees></Position></Trackpoint><Trackpoint><Time>2026-08-12T14:09:00.000Z</Time><Position><LatitudeDegrees>58.62861316902676</LatitudeDegrees><LongitudeDegrees>59.79072001247434</LongitudeDegrees></Position></Trackpoint><Trackpoint><Time>2026-08-12T14:09:01.000Z</Time><Position><LatitudeDegrees>58.6286075365901</LatitudeDegrees><LongitudeDegrees>59.790700019230584</LongitudeDegrees></Position></Trackpoint><Trackpoint><Time>2026-08-12T14:09:02.000Z</Time><Position><LatitudeDegrees>58.62860047064433</LatitudeDegrees><LongitudeDegrees>59.79068088375381</LongitudeDegrees></Position></Trackpoint><Trackpoint><Time>2026-08-12T14:09:03.000Z</Time><Position><LatitudeDegrees>58.62859225240329</LatitudeDegrees><LongitudeDegrees>59.79066308871169</LongitudeDegrees></Position></Trackpoint><Trackpoint><Time>2026-08-12T14:09:04.000Z</Time><Position><LatitudeDegrees>58.62858363518618</LatitudeDegrees><LongitudeDegrees>59.79064617122951</LongitudeDegrees></Position></Trackpoint><Trackpoint><Time>2026-08-12T14:09:05.000Z</Time><Position><LatitudeDegrees>58.62857449083234</LatitudeDegrees><LongitudeDegrees>59.79062982804653</LongitudeDegrees></Position></Trackpoint><Trackpoint><Time>2026-08-12T14:09:06.000Z</Time><Position><LatitudeDegrees>58.62856532382875</LatitudeDegrees><LongitudeDegrees>59.79061435017004</LongitudeDegrees></Position></Trackpoint><Trackpoint><Time>2026-08-12T14:09:07.000Z</Time><Position><LatitudeDegrees>58.62855585523642</LatitudeDegrees><LongitudeDegrees>59.79059925677516</LongitudeDegrees></Position></Trackpoint><Trackpoint><Time>2026-08-12T14:09:09.000Z</Time><Position><LatitudeDegrees>58.62854600888742</LatitudeDegrees><LongitudeDegrees>59.79058479010516</LongitudeDegrees></Position></Trackpoint><Trackpoint><Time>2026-08-12T14:09:10.000Z</Time><Position><LatitudeDegrees>58.628535312287134</LatitudeDegrees><LongitudeDegrees>59.79057096948469</LongitudeDegrees></Position></Trackpoint><Trackpoint><Time>2026-08-12T14:09:11.000Z</Time><Position><LatitudeDegrees>58.62852465919623</LatitudeDegrees><LongitudeDegrees>59.79055625112097</LongitudeDegrees></Position></Trackpoint><Trackpoint><Time>2026-08-12T14:09:11.000Z</Time><Position><LatitudeDegrees>58.628513922500176</LatitudeDegrees><LongitudeDegrees>59.790540604063246</LongitudeDegrees></Position></Trackpoint><Trackpoint><Time>2026-08-12T14:09:13.000Z</Time><Position><LatitudeDegrees>58.62850355019018</LatitudeDegrees><LongitudeDegrees>59.790526093203916</LongitudeDegrees></Position></Trackpoint><Trackpoint><Time>2026-08-12T14:09:13.000Z</Time><Position><LatitudeDegrees>58.62849367999556</LatitudeDegrees><LongitudeDegrees>59.79051293349456</LongitudeDegrees></Position></Trackpoint><Trackpoint><Time>2026-08-12T14:09:15.000Z</Time><Position><LatitudeDegrees>58.62848381458147</LatitudeDegrees><LongitudeDegrees>59.7904995712095</LongitudeDegrees></Position></Trackpoint><Trackpoint><Time>2026-08-12T14:09:16.000Z</Time><Position><LatitudeDegrees>58.628473748515276</LatitudeDegrees><LongitudeDegrees>59.79048686130483</LongitudeDegrees></Position></Trackpoint><Trackpoint><Time>2026-08-12T14:09:17.000Z</Time><Position><LatitudeDegrees>58.62846293333573</LatitudeDegrees><LongitudeDegrees>59.79047360331609</LongitudeDegrees></Position></Trackpoint><Trackpoint><Time>2026-08-12T14:09:18.000Z</Time><Position><LatitudeDegrees>58.62845123931578</LatitudeDegrees><LongitudeDegrees>59.790459862808355</LongitudeDegrees></Position></Trackpoint><Trackpoint><Time>2026-08-12T14:09:18.000Z</Time><Position><LatitudeDegrees>58.628439215437936</LatitudeDegrees><LongitudeDegrees>59.790445239103484</LongitudeDegrees></Position></Trackpoint><Trackpoint><Time>2026-08-12T14:09:19.000Z</Time><Position><LatitudeDegrees>58.62842761973889</LatitudeDegrees><LongitudeDegrees>59.79043017015648</LongitudeDegrees></Position></Trackpoint><Trackpoint><Time>2026-08-12T14:09:21.000Z</Time><Position><LatitudeDegrees>58.62841670944734</LatitudeDegrees><LongitudeDegrees>59.790413914256746</LongitudeDegrees></Position></Trackpoint><Trackpoint><Time>2026-08-12T14:09:22.000Z</Time><Position><LatitudeDegrees>58.628406012917</LatitudeDegrees><LongitudeDegrees>59.790396318286696</LongitudeDegrees></Position></Trackpoint><Trackpoint><Time>2026-08-12T14:09:22.000Z</Time><Position><LatitudeDegrees>58.628395308472264</LatitudeDegrees><LongitudeDegrees>59.79037896001527</LongitudeDegrees></Position></Trackpoint><Trackpoint><Time>2026-08-12T14:09:23.000Z</Time><Position><LatitudeDegrees>58.62838548505678</LatitudeDegrees><LongitudeDegrees>59.79036245871206</LongitudeDegrees></Position></Trackpoint><Trackpoint><Time>2026-08-12T14:09:24.000Z</Time><Position><LatitudeDegrees>58.62837630607779</LatitudeDegrees><LongitudeDegrees>59.79034646981175</LongitudeDegrees></Position></Trackpoint><Trackpoint><Time>2026-08-12T14:09:25.000Z</Time><Position><LatitudeDegrees>58.62836759138606</LatitudeDegrees><LongitudeDegrees>59.79033127525534</LongitudeDegrees></Position></Trackpoint><Trackpoint><Time>2026-08-12T14:09:26.000Z</Time><Position><LatitudeDegrees>58.62835920719955</LatitudeDegrees><LongitudeDegrees>59.790315909981445</LongitudeDegrees></Position></Trackpoint><Trackpoint><Time>2026-08-12T14:09:27.000Z</Time><Position><LatitudeDegrees>58.62835056639191</LatitudeDegrees><LongitudeDegrees>59.790300488067565</LongitudeDegrees></Position></Trackpoint><Trackpoint><Time>2026-08-12T14:09:28.000Z</Time><Position><LatitudeDegrees>58.628341949712464</LatitudeDegrees><LongitudeDegrees>59.79028506376428</LongitudeDegrees></Position></Trackpoint><Trackpoint><Time>2026-08-12T14:09:29.000Z</Time><Position><LatitudeDegrees>58.62833346968634</LatitudeDegrees><LongitudeDegrees>59.79026965972046</LongitudeDegrees></Position></Trackpoint><Trackpoint><Time>2026-08-12T14:09:31.000Z</Time><Position><LatitudeDegrees>58.62832515511589</LatitudeDegrees><LongitudeDegrees>59.79025379305276</LongitudeDegrees></Position></Trackpoint><Trackpoint><Time>2026-08-12T14:09:32.000Z</Time><Position><LatitudeDegrees>58.62831699662689</LatitudeDegrees><LongitudeDegrees>59.79023781388143</LongitudeDegrees></Position></Trackpoint><Trackpoint><Time>2026-08-12T14:09:33.000Z</Time><Position><LatitudeDegrees>58.62830897032592</LatitudeDegrees><LongitudeDegrees>59.79022139122671</LongitudeDegrees></Position></Trackpoint><Trackpoint><Time>2026-08-12T14:09:33.000Z</Time><Position><LatitudeDegrees>58.6283005597961</LatitudeDegrees><LongitudeDegrees>59.79020542492175</LongitudeDegrees></Position></Trackpoint><Trackpoint><Time>2026-08-12T14:09:34.000Z</Time><Position><LatitudeDegrees>58.628291112064325</LatitudeDegrees><LongitudeDegrees>59.79019022697606</LongitudeDegrees></Position></Trackpoint><Trackpoint><Time>2026-08-12T14:09:36.000Z</Time><Position><LatitudeDegrees>58.62828098094841</LatitudeDegrees><LongitudeDegrees>59.790175827267795</LongitudeDegrees></Position></Trackpoint><Trackpoint><Time>2026-08-12T14:09:36.000Z</Time><Position><LatitudeDegrees>58.62827088948427</LatitudeDegrees><LongitudeDegrees>59.790162625259846</LongitudeDegrees></Position></Trackpoint><Trackpoint><Time>2026-08-12T14:09:37.000Z</Time><Position><LatitudeDegrees>58.62826064074234</LatitudeDegrees><LongitudeDegrees>59.79015063174132</LongitudeDegrees></Position></Trackpoint><Trackpoint><Time>2026-08-12T14:09:39.000Z</Time><Position><LatitudeDegrees>58.628249684196206</LatitudeDegrees><LongitudeDegrees>59.790140185658366</LongitudeDegrees></Position></Trackpoint><Trackpoint><Time>2026-08-12T14:09:40.000Z</Time><Position><LatitudeDegrees>58.628238373576956</LatitudeDegrees><LongitudeDegrees>59.79013122798929</LongitudeDegrees></Position></Trackpoint><Trackpoint><Time>2026-08-12T14:09:41.000Z</Time><Position><LatitudeDegrees>58.6282273896182</LatitudeDegrees><LongitudeDegrees>59.79012354339134</LongitudeDegrees></Position></Trackpoint><Trackpoint><Time>2026-08-12T14:09:41.000Z</Time><Position><LatitudeDegrees>58.62821648113176</LatitudeDegrees><LongitudeDegrees>59.79011736939304</LongitudeDegrees></Position></Trackpoint><Trackpoint><Time>2026-08-12T14:09:42.000Z</Time><Position><LatitudeDegrees>58.628204555761954</LatitudeDegrees><LongitudeDegrees>59.790113099544</LongitudeDegrees></Position></Trackpoint><Trackpoint><Time>2026-08-12T14:09:43.000Z</Time><Position><LatitudeDegrees>58.628192762987595</LatitudeDegrees><LongitudeDegrees>59.79011065152641</LongitudeDegrees></Position></Trackpoint><Trackpoint><Time>2026-08-12T14:09:44.000Z</Time><Position><LatitudeDegrees>58.62818155918396</LatitudeDegrees><LongitudeDegrees>59.790109267999114</LongitudeDegrees></Position></Trackpoint><Trackpoint><Time>2026-08-12T14:09:45.000Z</Time><Position><LatitudeDegrees>58.628171056708105</LatitudeDegrees><LongitudeDegrees>59.79010899004867</LongitudeDegrees></Position></Trackpoint><Trackpoint><Time>2026-08-12T14:09:46.000Z</Time><Position><LatitudeDegrees>58.62816072220744</LatitudeDegrees><LongitudeDegrees>59.790111161528635</LongitudeDegrees></Position></Trackpoint><Trackpoint><Time>2026-08-12T14:09:47.000Z</Time><Position><LatitudeDegrees>58.62815031447021</LatitudeDegrees><LongitudeDegrees>59.79011455267018</LongitudeDegrees></Position></Trackpoint><Trackpoint><Time>2026-08-12T14:09:48.000Z</Time><Position><LatitudeDegrees>58.628140233167805</LatitudeDegrees><LongitudeDegrees>59.79011850047177</LongitudeDegrees></Position></Trackpoint><Trackpoint><Time>2026-08-12T14:09:49.000Z</Time><Position><LatitudeDegrees>58.62812962177957</LatitudeDegrees><LongitudeDegrees>59.79012217083017</LongitudeDegrees></Position></Trackpoint><Trackpoint><Time>2026-08-12T14:09:50.000Z</Time><Position><LatitudeDegrees>58.62811868520808</LatitudeDegrees><LongitudeDegrees>59.79012525584327</LongitudeDegrees></Position></Trackpoint><Trackpoint><Time>2026-08-12T14:09:51.000Z</Time><Position><LatitudeDegrees>58.62810754957581</LatitudeDegrees><LongitudeDegrees>59.79012672461366</LongitudeDegrees></Position></Trackpoint><Trackpoint><Time>2026-08-12T14:09:52.000Z</Time><Position><LatitudeDegrees>58.62809629237336</LatitudeDegrees><LongitudeDegrees>59.79012733924694</LongitudeDegrees></Position></Trackpoint><Trackpoint><Time>2026-08-12T14:09:53.000Z</Time><Position><LatitudeDegrees>58.62808594033853</LatitudeDegrees><LongitudeDegrees>59.79012752323084</LongitudeDegrees></Position></Trackpoint><Trackpoint><Time>2026-08-12T14:09:54.000Z</Time><Position><LatitudeDegrees>58.62807631052867</LatitudeDegrees><LongitudeDegrees>59.79012701663427</LongitudeDegrees></Position></Trackpoint><Trackpoint><Time>2026-08-12T14:09:56.000Z</Time><Position><LatitudeDegrees>58.62806625568418</LatitudeDegrees><LongitudeDegrees>59.790125311433314</LongitudeDegrees></Position></Trackpoint><Trackpoint><Time>2026-08-12T14:09:56.000Z</Time><Position><LatitudeDegrees>58.62805584748847</LatitudeDegrees><LongitudeDegrees>59.79012284185644</LongitudeDegrees></Position></Trackpoint><Trackpoint><Time>2026-08-12T14:09:57.000Z</Time><Position><LatitudeDegrees>58.62804516081524</LatitudeDegrees><LongitudeDegrees>59.79012086406114</LongitudeDegrees></Position></Trackpoint><Trackpoint><Time>2026-08-12T14:09:58.000Z</Time><Position><LatitudeDegrees>58.62803377263155</LatitudeDegrees><LongitudeDegrees>59.79012032186617</LongitudeDegrees></Position></Trackpoint><Trackpoint><Time>2026-08-12T14:09:59.000Z</Time><Position><LatitudeDegrees>58.62802257797734</LatitudeDegrees><LongitudeDegrees>59.79011946126795</LongitudeDegrees></Position></Trackpoint><Trackpoint><Time>2026-08-12T14:10:00.000Z</Time><Position><LatitudeDegrees>58.62801094139948</LatitudeDegrees><LongitudeDegrees>59.790119069607755</LongitudeDegrees></Position></Trackpoint><Trackpoint><Time>2026-08-12T14:10:01.000Z</Time><Position><LatitudeDegrees>58.627998657917395</LatitudeDegrees><LongitudeDegrees>59.79011941095148</LongitudeDegrees></Position></Trackpoint><Trackpoint><Time>2026-08-12T14:10:02.000Z</Time><Position><LatitudeDegrees>58.627986215753054</LatitudeDegrees><LongitudeDegrees>59.79012001035972</LongitudeDegrees></Position></Trackpoint><Trackpoint><Time>2026-08-12T14:10:03.000Z</Time><Position><LatitudeDegrees>58.627973836339166</LatitudeDegrees><LongitudeDegrees>59.79011965989316</LongitudeDegrees></Position></Trackpoint><Trackpoint><Time>2026-08-12T14:10:05.000Z</Time><Position><LatitudeDegrees>58.62796160281518</LatitudeDegrees><LongitudeDegrees>59.79011945282894</LongitudeDegrees></Position></Trackpoint><Trackpoint><Time>2026-08-12T14:10:06.000Z</Time><Position><LatitudeDegrees>58.62794904108534</LatitudeDegrees><LongitudeDegrees>59.79012031062021</LongitudeDegrees></Position></Trackpoint><Trackpoint><Time>2026-08-12T14:10:06.000Z</Time><Position><LatitudeDegrees>58.62793550841528</LatitudeDegrees><LongitudeDegrees>59.79012100724765</LongitudeDegrees></Position></Trackpoint><Trackpoint><Time>2026-08-12T14:10:08.000Z</Time><Position><LatitudeDegrees>58.62792184394552</LatitudeDegrees><LongitudeDegrees>59.79012154809137</LongitudeDegrees></Position></Trackpoint><Trackpoint><Time>2026-08-12T14:10:08.000Z</Time><Position><LatitudeDegrees>58.62790841017841</LatitudeDegrees><LongitudeDegrees>59.79012244497231</LongitudeDegrees></Position></Trackpoint><Trackpoint><Time>2026-08-12T14:10:09.000Z</Time><Position><LatitudeDegrees>58.62789483718353</LatitudeDegrees><LongitudeDegrees>59.79012337336794</LongitudeDegrees></Position></Trackpoint><Trackpoint><Time>2026-08-12T14:10:10.000Z</Time><Position><LatitudeDegrees>58.62788196970212</LatitudeDegrees><LongitudeDegrees>59.79012468519481</LongitudeDegrees></Position></Trackpoint><Trackpoint><Time>2026-08-12T14:10:11.000Z</Time><Position><LatitudeDegrees>58.627869575464594</LatitudeDegrees><LongitudeDegrees>59.79012549694984</LongitudeDegrees></Position></Trackpoint><Trackpoint><Time>2026-08-12T14:10:12.000Z</Time><Position><LatitudeDegrees>58.62785749807444</LatitudeDegrees><LongitudeDegrees>59.790126977792326</LongitudeDegrees></Position></Trackpoint><Trackpoint><Time>2026-08-12T14:10:13.000Z</Time><Position><LatitudeDegrees>58.62784514284486</LatitudeDegrees><LongitudeDegrees>59.79012854412344</LongitudeDegrees></Position></Trackpoint><Trackpoint><Time>2026-08-12T14:10:14.000Z</Time><Position><LatitudeDegrees>58.62783327974552</LatitudeDegrees><LongitudeDegrees>59.7901299446254</LongitudeDegrees></Position></Trackpoint><Trackpoint><Time>2026-08-12T14:10:15.000Z</Time><Position><LatitudeDegrees>58.627822652322045</LatitudeDegrees><LongitudeDegrees>59.79013011785983</LongitudeDegrees></Position></Trackpoint><Trackpoint><Time>2026-08-12T14:10:16.000Z</Time><Position><LatitudeDegrees>58.62781193936234</LatitudeDegrees><LongitudeDegrees>59.79012878420896</LongitudeDegrees></Position></Trackpoint><Trackpoint><Time>2026-08-12T14:10:18.000Z</Time><Position><LatitudeDegrees>58.62780158694688</LatitudeDegrees><LongitudeDegrees>59.790124553091445</LongitudeDegrees></Position></Trackpoint><Trackpoint><Time>2026-08-12T14:10:19.000Z</Time><Position><LatitudeDegrees>58.62779271173242</LatitudeDegrees><LongitudeDegrees>59.790118202926216</LongitudeDegrees></Position></Trackpoint><Trackpoint><Time>2026-08-12T14:10:20.000Z</Time><Position><LatitudeDegrees>58.62778558399892</LatitudeDegrees><LongitudeDegrees>59.790112284711185</LongitudeDegrees></Position></Trackpoint><Trackpoint><Time>2026-08-12T14:10:21.000Z</Time><Position><LatitudeDegrees>58.62777960115955</LatitudeDegrees><LongitudeDegrees>59.79010779359221</LongitudeDegrees></Position></Trackpoint><Trackpoint><Time>2026-08-12T14:10:21.000Z</Time><Position><LatitudeDegrees>58.627773388882275</LatitudeDegrees><LongitudeDegrees>59.79010152896359</LongitudeDegrees></Position></Trackpoint><Trackpoint><Time>2026-08-12T14:10:23.000Z</Time><Position><LatitudeDegrees>58.62776641061935</LatitudeDegrees><LongitudeDegrees>59.790094848389536</LongitudeDegrees></Position></Trackpoint><Trackpoint><Time>2026-08-12T14:10:24.000Z</Time><Position><LatitudeDegrees>58.627758054104994</LatitudeDegrees><LongitudeDegrees>59.790089343567466</LongitudeDegrees></Position></Trackpoint><Trackpoint><Time>2026-08-12T14:10:25.000Z</Time><Position><LatitudeDegrees>58.627749223305464</LatitudeDegrees><LongitudeDegrees>59.79008551910547</LongitudeDegrees></Position></Trackpoint><Trackpoint><Time>2026-08-12T14:10:26.000Z</Time><Position><LatitudeDegrees>58.62773986176738</LatitudeDegrees><LongitudeDegrees>59.790081898314455</LongitudeDegrees></Position></Trackpoint><Trackpoint><Time>2026-08-12T14:10:27.000Z</Time><Position><LatitudeDegrees>58.62772854552899</LatitudeDegrees><LongitudeDegrees>59.790080294956844</LongitudeDegrees></Position></Trackpoint><Trackpoint><Time>2026-08-12T14:10:27.000Z</Time><Position><LatitudeDegrees>58.62771591825942</LatitudeDegrees><LongitudeDegrees>59.790079238623484</LongitudeDegrees></Position></Trackpoint><Trackpoint><Time>2026-08-12T14:10:29.000Z</Time><Position><LatitudeDegrees>58.627702902922564</LatitudeDegrees><LongitudeDegrees>59.790079032762364</LongitudeDegrees></Position></Trackpoint><Trackpoint><Time>2026-08-12T14:10:30.000Z</Time><Position><LatitudeDegrees>58.627689929433586</LatitudeDegrees><LongitudeDegrees>59.790078224354794</LongitudeDegrees></Position></Trackpoint><Trackpoint><Time>2026-08-12T14:10:31.000Z</Time><Position><LatitudeDegrees>58.62767716947477</LatitudeDegrees><LongitudeDegrees>59.79007629233516</LongitudeDegrees></Position></Trackpoint><Trackpoint><Time>2026-08-12T14:10:32.000Z</Time><Position><LatitudeDegrees>58.62766515595496</LatitudeDegrees><LongitudeDegrees>59.79007316632516</LongitudeDegrees></Position></Trackpoint><Trackpoint><Time>2026-08-12T14:10:33.000Z</Time><Position><LatitudeDegrees>58.62765303331822</LatitudeDegrees><LongitudeDegrees>59.79006994980876</LongitudeDegrees></Position></Trackpoint><Trackpoint><Time>2026-08-12T14:10:33.000Z</Time><Position><LatitudeDegrees>58.62764046322309</LatitudeDegrees><LongitudeDegrees>59.79006710885382</LongitudeDegrees></Position></Trackpoint><Trackpoint><Time>2026-08-12T14:10:35.000Z</Time><Position><LatitudeDegrees>58.62762687414926</LatitudeDegrees><LongitudeDegrees>59.790061849536166</LongitudeDegrees></Position></Trackpoint><Trackpoint><Time>2026-08-12T14:10:36.000Z</Time><Position><LatitudeDegrees>58.62761216150998</LatitudeDegrees><LongitudeDegrees>59.7900548004497</LongitudeDegrees></Position></Trackpoint><Trackpoint><Time>2026-08-12T14:10:36.000Z</Time><Position><LatitudeDegrees>58.62759789527272</LatitudeDegrees><LongitudeDegrees>59.79004987745881</LongitudeDegrees></Position></Trackpoint><Trackpoint><Time>2026-08-12T14:10:37.000Z</Time><Position><LatitudeDegrees>58.62758417509679</LatitudeDegrees><LongitudeDegrees>59.79004988919774</LongitudeDegrees></Position></Trackpoint><Trackpoint><Time>2026-08-12T14:10:38.000Z</Time><Position><LatitudeDegrees>58.62757048232847</LatitudeDegrees><LongitudeDegrees>59.79005437976938</LongitudeDegrees></Position></Trackpoint><Trackpoint><Time>2026-08-12T14:10:39.000Z</Time><Position><LatitudeDegrees>58.62755708946174</LatitudeDegrees><LongitudeDegrees>59.790061607347475</LongitudeDegrees></Position></Trackpoint><Trackpoint><Time>2026-08-12T14:10:40.000Z</Time><Position><LatitudeDegrees>58.627543091005556</LatitudeDegrees><LongitudeDegrees>59.790070503299255</LongitudeDegrees></Position></Trackpoint><Trackpoint><Time>2026-08-12T14:10:41.000Z</Time><Position><LatitudeDegrees>58.62752917099625</LatitudeDegrees><LongitudeDegrees>59.79007894456101</LongitudeDegrees></Position></Trackpoint><Trackpoint><Time>2026-08-12T14:10:42.000Z</Time><Position><LatitudeDegrees>58.62751560107424</LatitudeDegrees><LongitudeDegrees>59.79008611514308</LongitudeDegrees></Position></Trackpoint><Trackpoint><Time>2026-08-12T14:10:43.000Z</Time><Position><LatitudeDegrees>58.627502448176955</LatitudeDegrees><LongitudeDegrees>59.790091842083534</LongitudeDegrees></Position></Trackpoint><Trackpoint><Time>2026-08-12T14:10:44.000Z</Time><Position><LatitudeDegrees>58.62748919673633</LatitudeDegrees><LongitudeDegrees>59.7900967290507</LongitudeDegrees></Position></Trackpoint><Trackpoint><Time>2026-08-12T14:10:45.000Z</Time><Position><LatitudeDegrees>58.62747613668275</LatitudeDegrees><LongitudeDegrees>59.79009966363279</LongitudeDegrees></Position></Trackpoint><Trackpoint><Time>2026-08-12T14:10:46.000Z</Time><Position><LatitudeDegrees>58.627463362854996</LatitudeDegrees><LongitudeDegrees>59.790101907119045</LongitudeDegrees></Position></Trackpoint><Trackpoint><Time>2026-08-12T14:10:48.000Z</Time><Position><LatitudeDegrees>58.627450387963556</LatitudeDegrees><LongitudeDegrees>59.79010406765155</LongitudeDegrees></Position></Trackpoint><Trackpoint><Time>2026-08-12T14:10:49.000Z</Time><Position><LatitudeDegrees>58.62743703713258</LatitudeDegrees><LongitudeDegrees>59.79010444788799</LongitudeDegrees></Position></Trackpoint><Trackpoint><Time>2026-08-12T14:10:49.000Z</Time><Position><LatitudeDegrees>58.62742279698302</LatitudeDegrees><LongitudeDegrees>59.7901020876939</LongitudeDegrees></Position></Trackpoint><Trackpoint><Time>2026-08-12T14:10:50.000Z</Time><Position><LatitudeDegrees>58.62740903906281</LatitudeDegrees><LongitudeDegrees>59.790098901826475</LongitudeDegrees></Position></Trackpoint><Trackpoint><Time>2026-08-12T14:10:52.000Z</Time><Position><LatitudeDegrees>58.6273957767171</LatitudeDegrees><LongitudeDegrees>59.79009529520988</LongitudeDegrees></Position></Trackpoint><Trackpoint><Time>2026-08-12T14:10:53.000Z</Time><Position><LatitudeDegrees>58.627382951835635</LatitudeDegrees><LongitudeDegrees>59.7900914886079</LongitudeDegrees></Position></Trackpoint><Trackpoint><Time>2026-08-12T14:10:54.000Z</Time><Position><LatitudeDegrees>58.6273704843388</LatitudeDegrees><LongitudeDegrees>59.790088088216876</LongitudeDegrees></Position></Trackpoint><Trackpoint><Time>2026-08-12T14:10:55.000Z</Time><Position><LatitudeDegrees>58.627357805766735</LatitudeDegrees><LongitudeDegrees>59.79008480194149</LongitudeDegrees></Position></Trackpoint><Trackpoint><Time>2026-08-12T14:10:56.000Z</Time><Position><LatitudeDegrees>58.62734519871052</LatitudeDegrees><LongitudeDegrees>59.7900819844512</LongitudeDegrees></Position></Trackpoint><Trackpoint><Time>2026-08-12T14:10:57.000Z</Time><Position><LatitudeDegrees>58.62733325998227</LatitudeDegrees><LongitudeDegrees>59.790079721642854</LongitudeDegrees></Position></Trackpoint><Trackpoint><Time>2026-08-12T14:10:58.000Z</Time><Position><LatitudeDegrees>58.6273216599796</LatitudeDegrees><LongitudeDegrees>59.790077977699056</LongitudeDegrees></Position></Trackpoint><Trackpoint><Time>2026-08-12T14:10:59.000Z</Time><Position><LatitudeDegrees>58.62731021948634</LatitudeDegrees><LongitudeDegrees>59.79007618166291</LongitudeDegrees></Position></Trackpoint><Trackpoint><Time>2026-08-12T14:10:59.000Z</Time><Position><LatitudeDegrees>58.62729884422251</LatitudeDegrees><LongitudeDegrees>59.79007459469192</LongitudeDegrees></Position></Trackpoint><Trackpoint><Time>2026-08-12T14:11:01.000Z</Time><Position><LatitudeDegrees>58.627287486988365</LatitudeDegrees><LongitudeDegrees>59.790073787116874</LongitudeDegrees></Position></Trackpoint><Trackpoint><Time>2026-08-12T14:11:02.000Z</Time><Position><LatitudeDegrees>58.627276615642025</LatitudeDegrees><LongitudeDegrees>59.79007242495287</LongitudeDegrees></Position></Trackpoint><Trackpoint><Time>2026-08-12T14:11:03.000Z</Time><Position><LatitudeDegrees>58.62726636050009</LatitudeDegrees><LongitudeDegrees>59.790071009222316</LongitudeDegrees></Position></Trackpoint><Trackpoint><Time>2026-08-12T14:11:03.000Z</Time><Position><LatitudeDegrees>58.627256206531754</LatitudeDegrees><LongitudeDegrees>59.790069753138155</LongitudeDegrees></Position></Trackpoint><Trackpoint><Time>2026-08-12T14:11:04.000Z</Time><Position><LatitudeDegrees>58.627244949423456</LatitudeDegrees><LongitudeDegrees>59.79006921362882</LongitudeDegrees></Position></Trackpoint><Trackpoint><Time>2026-08-12T14:11:06.000Z</Time><Position><LatitudeDegrees>58.62723272439567</LatitudeDegrees><LongitudeDegrees>59.790069038474094</LongitudeDegrees></Position></Trackpoint><Trackpoint><Time>2026-08-12T14:11:07.000Z</Time><Position><LatitudeDegrees>58.62722020097831</LatitudeDegrees><LongitudeDegrees>59.79006952546422</LongitudeDegrees></Position></Trackpoint><Trackpoint><Time>2026-08-12T14:11:07.000Z</Time><Position><LatitudeDegrees>58.62720769320397</LatitudeDegrees><LongitudeDegrees>59.7900721810857</LongitudeDegrees></Position></Trackpoint><Trackpoint><Time>2026-08-12T14:11:09.000Z</Time><Position><LatitudeDegrees>58.62719434917276</LatitudeDegrees><LongitudeDegrees>59.79007587858751</LongitudeDegrees></Position></Trackpoint><Trackpoint><Time>2026-08-12T14:11:10.000Z</Time><Position><LatitudeDegrees>58.62718041498681</LatitudeDegrees><LongitudeDegrees>59.79007953060162</LongitudeDegrees></Position></Trackpoint><Trackpoint><Time>2026-08-12T14:11:11.000Z</Time><Position><LatitudeDegrees>58.62716606774465</LatitudeDegrees><LongitudeDegrees>59.79008171593067</LongitudeDegrees></Position></Trackpoint><Trackpoint><Time>2026-08-12T14:11:12.000Z</Time><Position><LatitudeDegrees>58.62715192300713</LatitudeDegrees><LongitudeDegrees>59.79008399596746</LongitudeDegrees></Position></Trackpoint><Trackpoint><Time>2026-08-12T14:11:12.000Z</Time><Position><LatitudeDegrees>58.62713820829156</LatitudeDegrees><LongitudeDegrees>59.79008553275816</LongitudeDegrees></Position></Trackpoint><Trackpoint><Time>2026-08-12T14:11:14.000Z</Time><Position><LatitudeDegrees>58.627124472493875</LatitudeDegrees><LongitudeDegrees>59.79008607659997</LongitudeDegrees></Position></Trackpoint><Trackpoint><Time>2026-08-12T14:11:15.000Z</Time><Position><LatitudeDegrees>58.627110042929615</LatitudeDegrees><LongitudeDegrees>59.790085162489795</LongitudeDegrees></Position></Trackpoint><Trackpoint><Time>2026-08-12T14:11:16.000Z</Time><Position><LatitudeDegrees>58.6270952212194</LatitudeDegrees><LongitudeDegrees>59.790083275660415</LongitudeDegrees></Position></Trackpoint><Trackpoint><Time>2026-08-12T14:11:17.000Z</Time><Position><LatitudeDegrees>58.627080671522606</LatitudeDegrees><LongitudeDegrees>59.79008123040452</LongitudeDegrees></Position></Trackpoint><Trackpoint><Time>2026-08-12T14:11:17.000Z</Time><Position><LatitudeDegrees>58.6270661428391</LatitudeDegrees><LongitudeDegrees>59.790078892798185</LongitudeDegrees></Position></Trackpoint><Trackpoint><Time>2026-08-12T14:11:19.000Z</Time><Position><LatitudeDegrees>58.627052508322855</LatitudeDegrees><LongitudeDegrees>59.790077224431045</LongitudeDegrees></Position></Trackpoint><Trackpoint><Time>2026-08-12T14:11:20.000Z</Time><Position><LatitudeDegrees>58.627039523192174</LatitudeDegrees><LongitudeDegrees>59.79007653542193</LongitudeDegrees></Position></Trackpoint><Trackpoint><Time>2026-08-12T14:11:21.000Z</Time><Position><LatitudeDegrees>58.62702651367951</LatitudeDegrees><LongitudeDegrees>59.790076827789015</LongitudeDegrees></Position></Trackpoint><Trackpoint><Time>2026-08-12T14:11:22.000Z</Time><Position><LatitudeDegrees>58.62701222621307</LatitudeDegrees><LongitudeDegrees>59.790077976405286</LongitudeDegrees></Position></Trackpoint><Trackpoint><Time>2026-08-12T14:11:23.000Z</Time><Position><LatitudeDegrees>58.62699679816424</LatitudeDegrees><LongitudeDegrees>59.79007981984098</LongitudeDegrees></Position></Trackpoint><Trackpoint><Time>2026-08-12T14:11:23.000Z</Time><Position><LatitudeDegrees>58.62698141172041</LatitudeDegrees><LongitudeDegrees>59.790079754381836</LongitudeDegrees></Position></Trackpoint><Trackpoint><Time>2026-08-12T14:11:24.000Z</Time><Position><LatitudeDegrees>58.6269660587952</LatitudeDegrees><LongitudeDegrees>59.790078421567095</LongitudeDegrees></Position></Trackpoint><Trackpoint><Time>2026-08-12T14:11:26.000Z</Time><Position><LatitudeDegrees>58.6269507317563</LatitudeDegrees><LongitudeDegrees>59.7900762482672</LongitudeDegrees></Position></Trackpoint><Trackpoint><Time>2026-08-12T14:11:27.000Z</Time><Position><LatitudeDegrees>58.62693591374863</LatitudeDegrees><LongitudeDegrees>59.79007351815662</LongitudeDegrees></Position></Trackpoint><Trackpoint><Time>2026-08-12T14:11:27.000Z</Time><Position><LatitudeDegrees>58.62692075919276</LatitudeDegrees><LongitudeDegrees>59.79007139874901</LongitudeDegrees></Position></Trackpoint><Trackpoint><Time>2026-08-12T14:11:29.000Z</Time><Position><LatitudeDegrees>58.62690496304632</LatitudeDegrees><LongitudeDegrees>59.790069802872004</LongitudeDegrees></Position></Trackpoint><Trackpoint><Time>2026-08-12T14:11:29.000Z</Time><Position><LatitudeDegrees>58.62688946125112</LatitudeDegrees><LongitudeDegrees>59.7900671585989</LongitudeDegrees></Position></Trackpoint><Trackpoint><Time>2026-08-12T14:11:30.000Z</Time><Position><LatitudeDegrees>58.626873622258415</LatitudeDegrees><LongitudeDegrees>59.79006491156039</LongitudeDegrees></Position></Trackpoint><Trackpoint><Time>2026-08-12T14:11:31.000Z</Time><Position><LatitudeDegrees>58.626857718864805</LatitudeDegrees><LongitudeDegrees>59.79006262690971</LongitudeDegrees></Position></Trackpoint><Trackpoint><Time>2026-08-12T14:11:33.000Z</Time><Position><LatitudeDegrees>58.626842361293384</LatitudeDegrees><LongitudeDegrees>59.7900596407793</LongitudeDegrees></Position></Trackpoint><Trackpoint><Time>2026-08-12T14:11:34.000Z</Time><Position><LatitudeDegrees>58.62682675157769</LatitudeDegrees><LongitudeDegrees>59.7900552801896</LongitudeDegrees></Position></Trackpoint><Trackpoint><Time>2026-08-12T14:11:34.000Z</Time><Position><LatitudeDegrees>58.626811572672096</LatitudeDegrees><LongitudeDegrees>59.79004993400558</LongitudeDegrees></Position></Trackpoint><Trackpoint><Time>2026-08-12T14:11:36.000Z</Time><Position><LatitudeDegrees>58.626796560935546</LatitudeDegrees><LongitudeDegrees>59.790044868095585</LongitudeDegrees></Position></Trackpoint><Trackpoint><Time>2026-08-12T14:11:37.000Z</Time><Position><LatitudeDegrees>58.626782075946586</LatitudeDegrees><LongitudeDegrees>59.790041057424276</LongitudeDegrees></Position></Trackpoint><Trackpoint><Time>2026-08-12T14:11:38.000Z</Time><Position><LatitudeDegrees>58.626769177405635</LatitudeDegrees><LongitudeDegrees>59.790038252796</LongitudeDegrees></Position></Trackpoint><Trackpoint><Time>2026-08-12T14:11:39.000Z</Time><Position><LatitudeDegrees>58.626757118893224</LatitudeDegrees><LongitudeDegrees>59.7900362224596</LongitudeDegrees></Position></Trackpoint><Trackpoint><Time>2026-08-12T14:11:40.000Z</Time><Position><LatitudeDegrees>58.62674548519254</LatitudeDegrees><LongitudeDegrees>59.79003526120363</LongitudeDegrees></Position></Trackpoint><Trackpoint><Time>2026-08-12T14:11:41.000Z</Time><Position><LatitudeDegrees>58.62673454039011</LatitudeDegrees><LongitudeDegrees>59.790036822048855</LongitudeDegrees></Position></Trackpoint><Trackpoint><Time>2026-08-12T14:11:42.000Z</Time><Position><LatitudeDegrees>58.62672332560531</LatitudeDegrees><LongitudeDegrees>59.79003971085796</LongitudeDegrees></Position></Trackpoint><Trackpoint><Time>2026-08-12T14:11:43.000Z</Time><Position><LatitudeDegrees>58.62671099098032</LatitudeDegrees><LongitudeDegrees>59.79004326540321</LongitudeDegrees></Position></Trackpoint><Trackpoint><Time>2026-08-12T14:11:44.000Z</Time><Position><LatitudeDegrees>58.626698309466384</LatitudeDegrees><LongitudeDegrees>59.79004663790031</LongitudeDegrees></Position></Trackpoint><Trackpoint><Time>2026-08-12T14:11:45.000Z</Time><Position><LatitudeDegrees>58.626685154302656</LatitudeDegrees><LongitudeDegrees>59.79004803373716</LongitudeDegrees></Position></Trackpoint><Trackpoint><Time>2026-08-12T14:11:45.000Z</Time><Position><LatitudeDegrees>58.62667251329825</LatitudeDegrees><LongitudeDegrees>59.790048925976464</LongitudeDegrees></Position></Trackpoint><Trackpoint><Time>2026-08-12T14:11:47.000Z</Time><Position><LatitudeDegrees>58.626660237663735</LatitudeDegrees><LongitudeDegrees>59.79005047552119</LongitudeDegrees></Position></Trackpoint><Trackpoint><Time>2026-08-12T14:11:48.000Z</Time><Position><LatitudeDegrees>58.626647729617346</LatitudeDegrees><LongitudeDegrees>59.7900525864951</LongitudeDegrees></Position></Trackpoint><Trackpoint><Time>2026-08-12T14:11:48.000Z</Time><Position><LatitudeDegrees>58.626635262412954</LatitudeDegrees><LongitudeDegrees>59.79005661618645</LongitudeDegrees></Position></Trackpoint><Trackpoint><Time>2026-08-12T14:11:49.000Z</Time><Position><LatitudeDegrees>58.62662196412238</LatitudeDegrees><LongitudeDegrees>59.79006385652854</LongitudeDegrees></Position></Trackpoint><Trackpoint><Time>2026-08-12T14:11:50.000Z</Time><Position><LatitudeDegrees>58.626608561546405</LatitudeDegrees><LongitudeDegrees>59.790072958668596</LongitudeDegrees></Position></Trackpoint><Trackpoint><Time>2026-08-12T14:11:51.000Z</Time><Position><LatitudeDegrees>58.626594877780086</LatitudeDegrees><LongitudeDegrees>59.79008165931324</LongitudeDegrees></Position></Trackpoint><Trackpoint><Time>2026-08-12T14:11:52.000Z</Time><Position><LatitudeDegrees>58.6265803864478</LatitudeDegrees><LongitudeDegrees>59.79008956750473</LongitudeDegrees></Position></Trackpoint><Trackpoint><Time>2026-08-12T14:11:53.000Z</Time><Position><LatitudeDegrees>58.62656497442039</LatitudeDegrees><LongitudeDegrees>59.790097113554424</LongitudeDegrees></Position></Trackpoint><Trackpoint><Time>2026-08-12T14:11:54.000Z</Time><Position><LatitudeDegrees>58.62654920288793</LatitudeDegrees><LongitudeDegrees>59.79010403154861</LongitudeDegrees></Position></Trackpoint><Trackpoint><Time>2026-08-12T14:11:55.000Z</Time><Position><LatitudeDegrees>58.62653383871976</LatitudeDegrees><LongitudeDegrees>59.79011029258513</LongitudeDegrees></Position></Trackpoint><Trackpoint><Time>2026-08-12T14:11:56.000Z</Time><Position><LatitudeDegrees>58.62651816623242</LatitudeDegrees><LongitudeDegrees>59.790116458691266</LongitudeDegrees></Position></Trackpoint><Trackpoint><Time>2026-08-12T14:11:57.000Z</Time><Position><LatitudeDegrees>58.62650241986651</LatitudeDegrees><LongitudeDegrees>59.79012130468089</LongitudeDegrees></Position></Trackpoint><Trackpoint><Time>2026-08-12T14:11:58.000Z</Time><Position><LatitudeDegrees>58.6264867056547</LatitudeDegrees><LongitudeDegrees>59.79012596424831</LongitudeDegrees></Position></Trackpoint><Trackpoint><Time>2026-08-12T14:11:59.000Z</Time><Position><LatitudeDegrees>58.62647155274845</LatitudeDegrees><LongitudeDegrees>59.79013043860306</LongitudeDegrees></Position></Trackpoint><Trackpoint><Time>2026-08-12T14:12:00.000Z</Time><Position><LatitudeDegrees>58.62645661741666</LatitudeDegrees><LongitudeDegrees>59.790133772793766</LongitudeDegrees></Position></Trackpoint><Trackpoint><Time>2026-08-12T14:12:02.000Z</Time><Position><LatitudeDegrees>58.62644221978464</LatitudeDegrees><LongitudeDegrees>59.79013571987796</LongitudeDegrees></Position></Trackpoint><Trackpoint><Time>2026-08-12T14:12:02.000Z</Time><Position><LatitudeDegrees>58.62642940189898</LatitudeDegrees><LongitudeDegrees>59.7901363561895</LongitudeDegrees></Position></Trackpoint><Trackpoint><Time>2026-08-12T14:12:03.000Z</Time><Position><LatitudeDegrees>58.6264169213193</LatitudeDegrees><LongitudeDegrees>59.790135881400914</LongitudeDegrees></Position></Trackpoint><Trackpoint><Time>2026-08-12T14:12:04.000Z</Time><Position><LatitudeDegrees>58.62640520229573</LatitudeDegrees><LongitudeDegrees>59.79013452035202</LongitudeDegrees></Position></Trackpoint><Trackpoint><Time>2026-08-12T14:12:06.000Z</Time><Position><LatitudeDegrees>58.62639432180406</LatitudeDegrees><LongitudeDegrees>59.79013247938952</LongitudeDegrees></Position></Trackpoint><Trackpoint><Time>2026-08-12T14:12:07.000Z</Time><Position><LatitudeDegrees>58.62638371431056</LatitudeDegrees><LongitudeDegrees>59.79012944114913</LongitudeDegrees></Position></Trackpoint><Trackpoint><Time>2026-08-12T14:12:08.000Z</Time><Position><LatitudeDegrees>58.6263731118707</LatitudeDegrees><LongitudeDegrees>59.79012442370754</LongitudeDegrees></Position></Trackpoint><Trackpoint><Time>2026-08-12T14:12:08.000Z</Time><Position><LatitudeDegrees>58.62636142426609</LatitudeDegrees><LongitudeDegrees>59.79011678709282</LongitudeDegrees></Position></Trackpoint><Trackpoint><Time>2026-08-12T14:12:09.000Z</Time><Position><LatitudeDegrees>58.62634981061959</LatitudeDegrees><LongitudeDegrees>59.79010954157383</LongitudeDegrees></Position></Trackpoint><Trackpoint><Time>2026-08-12T14:12:11.000Z</Time><Position><LatitudeDegrees>58.62633824919358</LatitudeDegrees><LongitudeDegrees>59.79010338707249</LongitudeDegrees></Position></Trackpoint><Trackpoint><Time>2026-08-12T14:12:12.000Z</Time><Position><LatitudeDegrees>58.626327213944</LatitudeDegrees><LongitudeDegrees>59.790097492588295</LongitudeDegrees></Position></Trackpoint><Trackpoint><Time>2026-08-12T14:12:13.000Z</Time><Position><LatitudeDegrees>58.62631683252776</LatitudeDegrees><LongitudeDegrees>59.79009050329348</LongitudeDegrees></Position></Trackpoint><Trackpoint><Time>2026-08-12T14:12:14.000Z</Time><Position><LatitudeDegrees>58.62630609437848</LatitudeDegrees><LongitudeDegrees>59.79008151213145</LongitudeDegrees></Position></Trackpoint><Trackpoint><Time>2026-08-12T14:12:14.000Z</Time><Position><LatitudeDegrees>58.62629560831859</LatitudeDegrees><LongitudeDegrees>59.79007040248269</LongitudeDegrees></Position></Trackpoint><Trackpoint><Time>2026-08-12T14:12:16.000Z</Time><Position><LatitudeDegrees>58.626285592726205</LatitudeDegrees><LongitudeDegrees>59.79005837744519</LongitudeDegrees></Position></Trackpoint><Trackpoint><Time>2026-08-12T14:12:17.000Z</Time><Position><LatitudeDegrees>58.62627656676352</LatitudeDegrees><LongitudeDegrees>59.79004702920482</LongitudeDegrees></Position></Trackpoint><Trackpoint><Time>2026-08-12T14:12:17.000Z</Time><Position><LatitudeDegrees>58.62626959644262</LatitudeDegrees><LongitudeDegrees>59.79003545777908</LongitudeDegrees></Position></Trackpoint><Trackpoint><Time>2026-08-12T14:12:18.000Z</Time><Position><LatitudeDegrees>58.62626436733369</LatitudeDegrees><LongitudeDegrees>59.79002234194941</LongitudeDegrees></Position></Trackpoint><Trackpoint><Time>2026-08-12T14:12:19.000Z</Time><Position><LatitudeDegrees>58.626260036851505</LatitudeDegrees><LongitudeDegrees>59.79000733581588</LongitudeDegrees></Position></Trackpoint><Trackpoint><Time>2026-08-12T14:12:21.000Z</Time><Position><LatitudeDegrees>58.62625614265399</LatitudeDegrees><LongitudeDegrees>59.789990539542984</LongitudeDegrees></Position></Trackpoint><Trackpoint><Time>2026-08-12T14:12:22.000Z</Time><Position><LatitudeDegrees>58.62625292794742</LatitudeDegrees><LongitudeDegrees>59.78997173453287</LongitudeDegrees></Position></Trackpoint><Trackpoint><Time>2026-08-12T14:12:23.000Z</Time><Position><LatitudeDegrees>58.626250405680594</LatitudeDegrees><LongitudeDegrees>59.789951088578036</LongitudeDegrees></Position></Trackpoint><Trackpoint><Time>2026-08-12T14:12:24.000Z</Time><Position><LatitudeDegrees>58.62624898192329</LatitudeDegrees><LongitudeDegrees>59.789928907063484</LongitudeDegrees></Position></Trackpoint><Trackpoint><Time>2026-08-12T14:12:24.000Z</Time><Position><LatitudeDegrees>58.62624770369532</LatitudeDegrees><LongitudeDegrees>59.78990600245433</LongitudeDegrees></Position></Trackpoint><Trackpoint><Time>2026-08-12T14:12:26.000Z</Time><Position><LatitudeDegrees>58.62624615984919</LatitudeDegrees><LongitudeDegrees>59.789881822937666</LongitudeDegrees></Position></Trackpoint><Trackpoint><Time>2026-08-12T14:12:27.000Z</Time><Position><LatitudeDegrees>58.6262432359311</LatitudeDegrees><LongitudeDegrees>59.78985826333346</LongitudeDegrees></Position></Trackpoint><Trackpoint><Time>2026-08-12T14:12:27.000Z</Time><Position><LatitudeDegrees>58.62623865010195</LatitudeDegrees><LongitudeDegrees>59.78983700364817</LongitudeDegrees></Position></Trackpoint><Trackpoint><Time>2026-08-12T14:12:29.000Z</Time><Position><LatitudeDegrees>58.62623152037355</LatitudeDegrees><LongitudeDegrees>59.78981893018398</LongitudeDegrees></Position></Trackpoint><Trackpoint><Time>2026-08-12T14:12:29.000Z</Time><Position><LatitudeDegrees>58.62622181001936</LatitudeDegrees><LongitudeDegrees>59.789804488613676</LongitudeDegrees></Position></Trackpoint><Trackpoint><Time>2026-08-12T14:12:31.000Z</Time><Position><LatitudeDegrees>58.626210324744186</LatitudeDegrees><LongitudeDegrees>59.78979290672144</LongitudeDegrees></Position></Trackpoint><Trackpoint><Time>2026-08-12T14:12:31.000Z</Time><Position><LatitudeDegrees>58.62619811378319</LatitudeDegrees><LongitudeDegrees>59.789783009837095</LongitudeDegrees></Position></Trackpoint><Trackpoint><Time>2026-08-12T14:12:32.000Z</Time><Position><LatitudeDegrees>58.62618423355522</LatitudeDegrees><LongitudeDegrees>59.78977654597717</LongitudeDegrees></Position></Trackpoint><Trackpoint><Time>2026-08-12T14:12:33.000Z</Time><Position><LatitudeDegrees>58.62616997854184</LatitudeDegrees><LongitudeDegrees>59.789771346356574</LongitudeDegrees></Position></Trackpoint><Trackpoint><Time>2026-08-12T14:12:34.000Z</Time><Position><LatitudeDegrees>58.62615544034623</LatitudeDegrees><LongitudeDegrees>59.78976733475533</LongitudeDegrees></Position></Trackpoint><Trackpoint><Time>2026-08-12T14:12:35.000Z</Time><Position><LatitudeDegrees>58.62614118265028</LatitudeDegrees><LongitudeDegrees>59.78976481691364</LongitudeDegrees></Position></Trackpoint><Trackpoint><Time>2026-08-12T14:12:37.000Z</Time><Position><LatitudeDegrees>58.6261278912059</LatitudeDegrees><LongitudeDegrees>59.78976274780249</LongitudeDegrees></Position></Trackpoint><Trackpoint><Time>2026-08-12T14:12:37.000Z</Time><Position><LatitudeDegrees>58.626114745190414</LatitudeDegrees><LongitudeDegrees>59.78976161867145</LongitudeDegrees></Position></Trackpoint><Trackpoint><Time>2026-08-12T14:12:39.000Z</Time><Position><LatitudeDegrees>58.626101877506734</LatitudeDegrees><LongitudeDegrees>59.78976200079906</LongitudeDegrees></Position></Trackpoint><Trackpoint><Time>2026-08-12T14:12:40.000Z</Time><Position><LatitudeDegrees>58.62608930716524</LatitudeDegrees><LongitudeDegrees>59.78976295626788</LongitudeDegrees></Position></Trackpoint><Trackpoint><Time>2026-08-12T14:12:41.000Z</Time><Position><LatitudeDegrees>58.62607651422099</LatitudeDegrees><LongitudeDegrees>59.78976353561413</LongitudeDegrees></Position></Trackpoint><Trackpoint><Time>2026-08-12T14:12:42.000Z</Time><Position><LatitudeDegrees>58.62606380272468</LatitudeDegrees><LongitudeDegrees>59.78976339609173</LongitudeDegrees></Position></Trackpoint><Trackpoint><Time>2026-08-12T14:12:42.000Z</Time><Position><LatitudeDegrees>58.626050797830175</LatitudeDegrees><LongitudeDegrees>59.78976346803336</LongitudeDegrees></Position></Trackpoint><Trackpoint><Time>2026-08-12T14:12:44.000Z</Time><Position><LatitudeDegrees>58.626037382820556</LatitudeDegrees><LongitudeDegrees>59.78976214899747</LongitudeDegrees></Position></Trackpoint><Trackpoint><Time>2026-08-12T14:12:45.000Z</Time><Position><LatitudeDegrees>58.62602405187618</LatitudeDegrees><LongitudeDegrees>59.78975895757505</LongitudeDegrees></Position></Trackpoint><Trackpoint><Time>2026-08-12T14:12:45.000Z</Time><Position><LatitudeDegrees>58.62601050811672</LatitudeDegrees><LongitudeDegrees>59.789755404655665</LongitudeDegrees></Position></Trackpoint><Trackpoint><Time>2026-08-12T14:12:47.000Z</Time><Position><LatitudeDegrees>58.62599616698085</LatitudeDegrees><LongitudeDegrees>59.78975069003974</LongitudeDegrees></Position></Trackpoint><Trackpoint><Time>2026-08-12T14:12:48.000Z</Time><Position><LatitudeDegrees>58.62598089006875</LatitudeDegrees><LongitudeDegrees>59.78974659172287</LongitudeDegrees></Position></Trackpoint><Trackpoint><Time>2026-08-12T14:12:48.000Z</Time><Position><LatitudeDegrees>58.62596523009887</LatitudeDegrees><LongitudeDegrees>59.78974376284189</LongitudeDegrees></Position></Trackpoint><Trackpoint><Time>2026-08-12T14:12:50.000Z</Time><Position><LatitudeDegrees>58.62594995347459</LatitudeDegrees><LongitudeDegrees>59.78974328867139</LongitudeDegrees></Position></Trackpoint><Trackpoint><Time>2026-08-12T14:12:50.000Z</Time><Position><LatitudeDegrees>58.62593532662455</LatitudeDegrees><LongitudeDegrees>59.78974629316135</LongitudeDegrees></Position></Trackpoint><Trackpoint><Time>2026-08-12T14:12:52.000Z</Time><Position><LatitudeDegrees>58.625922844707276</LatitudeDegrees><LongitudeDegrees>59.78975181348981</LongitudeDegrees></Position></Trackpoint><Trackpoint><Time>2026-08-12T14:12:52.000Z</Time><Position><LatitudeDegrees>58.62591186895879</LatitudeDegrees><LongitudeDegrees>59.789758640619894</LongitudeDegrees></Position></Trackpoint><Trackpoint><Time>2026-08-12T14:12:53.000Z</Time><Position><LatitudeDegrees>58.62590145338967</LatitudeDegrees><LongitudeDegrees>59.7897661089039</LongitudeDegrees></Position></Trackpoint><Trackpoint><Time>2026-08-12T14:12:54.000Z</Time><Position><LatitudeDegrees>58.62589064690116</LatitudeDegrees><LongitudeDegrees>59.78977337230413</LongitudeDegrees></Position></Trackpoint><Trackpoint><Time>2026-08-12T14:12:55.000Z</Time><Position><LatitudeDegrees>58.62587910797297</LatitudeDegrees><LongitudeDegrees>59.78977912946936</LongitudeDegrees></Position></Trackpoint><Trackpoint><Time>2026-08-12T14:12:56.000Z</Time><Position><LatitudeDegrees>58.625866789963176</LatitudeDegrees><LongitudeDegrees>59.78978352739334</LongitudeDegrees></Position></Trackpoint><Trackpoint><Time>2026-08-12T14:12:57.000Z</Time><Position><LatitudeDegrees>58.625854263267655</LatitudeDegrees><LongitudeDegrees>59.78978826990142</LongitudeDegrees></Position></Trackpoint><Trackpoint><Time>2026-08-12T14:12:58.000Z</Time><Position><LatitudeDegrees>58.62584178957894</LatitudeDegrees><LongitudeDegrees>59.789792545626995</LongitudeDegrees></Position></Trackpoint><Trackpoint><Time>2026-08-12T14:12:59.000Z</Time><Position><LatitudeDegrees>58.62583044908864</LatitudeDegrees><LongitudeDegrees>59.78979608033306</LongitudeDegrees></Position></Trackpoint><Trackpoint><Time>2026-08-12T14:13:00.000Z</Time><Position><LatitudeDegrees>58.62581956199014</LatitudeDegrees><LongitudeDegrees>59.78979787696717</LongitudeDegrees></Position></Trackpoint><Trackpoint><Time>2026-08-12T14:13:02.000Z</Time><Position><LatitudeDegrees>58.625809769345494</LatitudeDegrees><LongitudeDegrees>59.78979627915693</LongitudeDegrees></Position></Trackpoint><Trackpoint><Time>2026-08-12T14:13:03.000Z</Time><Position><LatitudeDegrees>58.62579972586208</LatitudeDegrees><LongitudeDegrees>59.78979153003536</LongitudeDegrees></Position></Trackpoint><Trackpoint><Time>2026-08-12T14:13:03.000Z</Time><Position><LatitudeDegrees>58.625789399308935</LatitudeDegrees><LongitudeDegrees>59.78978511342002</LongitudeDegrees></Position></Trackpoint><Trackpoint><Time>2026-08-12T14:13:04.000Z</Time><Position><LatitudeDegrees>58.625777833522605</LatitudeDegrees><LongitudeDegrees>59.78977687519553</LongitudeDegrees></Position></Trackpoint><Trackpoint><Time>2026-08-12T14:13:06.000Z</Time><Position><LatitudeDegrees>58.62576528338741</LatitudeDegrees><LongitudeDegrees>59.78976845452467</LongitudeDegrees></Position></Trackpoint><Trackpoint><Time>2026-08-12T14:13:06.000Z</Time><Position><LatitudeDegrees>58.625751980212904</LatitudeDegrees><LongitudeDegrees>59.78976054988605</LongitudeDegrees></Position></Trackpoint><Trackpoint><Time>2026-08-12T14:13:07.000Z</Time><Position><LatitudeDegrees>58.62573811591153</LatitudeDegrees><LongitudeDegrees>59.78975436192572</LongitudeDegrees></Position></Trackpoint><Trackpoint><Time>2026-08-12T14:13:09.000Z</Time><Position><LatitudeDegrees>58.62572384153902</LatitudeDegrees><LongitudeDegrees>59.789749675166114</LongitudeDegrees></Position></Trackpoint><Trackpoint><Time>2026-08-12T14:13:09.000Z</Time><Position><LatitudeDegrees>58.62570927193716</LatitudeDegrees><LongitudeDegrees>59.78974767702138</LongitudeDegrees></Position></Trackpoint><Trackpoint><Time>2026-08-12T14:13:10.000Z</Time><Position><LatitudeDegrees>58.62569449229388</LatitudeDegrees><LongitudeDegrees>59.78974606337552</LongitudeDegrees></Position></Trackpoint><Trackpoint><Time>2026-08-12T14:13:12.000Z</Time><Position><LatitudeDegrees>58.6256795646509</LatitudeDegrees><LongitudeDegrees>59.789745304798736</LongitudeDegrees></Position></Trackpoint><Trackpoint><Time>2026-08-12T14:13:12.000Z</Time><Position><LatitudeDegrees>58.62566502316523</LatitudeDegrees><LongitudeDegrees>59.78974597495134</LongitudeDegrees></Position></Trackpoint><Trackpoint><Time>2026-08-12T14:13:14.000Z</Time><Position><LatitudeDegrees>58.625650548647215</LatitudeDegrees><LongitudeDegrees>59.789748126710506</LongitudeDegrees></Position></Trackpoint><Trackpoint><Time>2026-08-12T14:13:15.000Z</Time><Position><LatitudeDegrees>58.62563649065933</LatitudeDegrees><LongitudeDegrees>59.78975012285902</LongitudeDegrees></Position></Trackpoint><Trackpoint><Time>2026-08-12T14:13:15.000Z</Time><Position><LatitudeDegrees>58.62562342931267</LatitudeDegrees><LongitudeDegrees>59.78975130910861</LongitudeDegrees></Position></Trackpoint><Trackpoint><Time>2026-08-12T14:13:16.000Z</Time><Position><LatitudeDegrees>58.62561098598831</LatitudeDegrees><LongitudeDegrees>59.78975103034025</LongitudeDegrees></Position></Trackpoint><Trackpoint><Time>2026-08-12T14:13:17.000Z</Time><Position><LatitudeDegrees>58.62559892543614</LatitudeDegrees><LongitudeDegrees>59.78975018400813</LongitudeDegrees></Position></Trackpoint><Trackpoint><Time>2026-08-12T14:13:18.000Z</Time><Position><LatitudeDegrees>58.6255880808653</LatitudeDegrees><LongitudeDegrees>59.78975312944473</LongitudeDegrees></Position></Trackpoint><Trackpoint><Time>2026-08-12T14:13:19.000Z</Time><Position><LatitudeDegrees>58.62557766012853</LatitudeDegrees><LongitudeDegrees>59.789758237637045</LongitudeDegrees></Position></Trackpoint><Trackpoint><Time>2026-08-12T14:13:20.000Z</Time><Position><LatitudeDegrees>58.625566303373446</LatitudeDegrees><LongitudeDegrees>59.789765049727386</LongitudeDegrees></Position></Trackpoint><Trackpoint><Time>2026-08-12T14:13:21.000Z</Time><Position><LatitudeDegrees>58.625554060314656</LatitudeDegrees><LongitudeDegrees>59.7897721788289</LongitudeDegrees></Position></Trackpoint><Trackpoint><Time>2026-08-12T14:13:22.000Z</Time><Position><LatitudeDegrees>58.62554106518203</LatitudeDegrees><LongitudeDegrees>59.78977852347679</LongitudeDegrees></Position></Trackpoint><Trackpoint><Time>2026-08-12T14:13:23.000Z</Time><Position><LatitudeDegrees>58.625527469783435</LatitudeDegrees><LongitudeDegrees>59.78978422034519</LongitudeDegrees></Position></Trackpoint><Trackpoint><Time>2026-08-12T14:13:24.000Z</Time><Position><LatitudeDegrees>58.62551390329228</LatitudeDegrees><LongitudeDegrees>59.78978940886258</LongitudeDegrees></Position></Trackpoint><Trackpoint><Time>2026-08-12T14:13:25.000Z</Time><Position><LatitudeDegrees>58.625501110723526</LatitudeDegrees><LongitudeDegrees>59.78979274286448</LongitudeDegrees></Position></Trackpoint><Trackpoint><Time>2026-08-12T14:13:26.000Z</Time><Position><LatitudeDegrees>58.625488809956806</LatitudeDegrees><LongitudeDegrees>59.78979488520096</LongitudeDegrees></Position></Trackpoint><Trackpoint><Time>2026-08-12T14:13:27.000Z</Time><Position><LatitudeDegrees>58.62547682168349</LatitudeDegrees><LongitudeDegrees>59.789795282583</LongitudeDegrees></Position></Trackpoint><Trackpoint><Time>2026-08-12T14:13:28.000Z</Time><Position><LatitudeDegrees>58.625465031950256</LatitudeDegrees><LongitudeDegrees>59.78979491033123</LongitudeDegrees></Position></Trackpoint><Trackpoint><Time>2026-08-12T14:13:29.000Z</Time><Position><LatitudeDegrees>58.625453368345</LatitudeDegrees><LongitudeDegrees>59.78979377928593</LongitudeDegrees></Position></Trackpoint><Trackpoint><Time>2026-08-12T14:13:31.000Z</Time><Position><LatitudeDegrees>58.62544178485767</LatitudeDegrees><LongitudeDegrees>59.78979346013333</LongitudeDegrees></Position></Trackpoint><Trackpoint><Time>2026-08-12T14:13:32.000Z</Time><Position><LatitudeDegrees>58.625430741867405</LatitudeDegrees><LongitudeDegrees>59.78979302669736</LongitudeDegrees></Position></Trackpoint><Trackpoint><Time>2026-08-12T14:13:33.000Z</Time><Position><LatitudeDegrees>58.62541889076984</LatitudeDegrees><LongitudeDegrees>59.7897916226053</LongitudeDegrees></Position></Trackpoint><Trackpoint><Time>2026-08-12T14:13:34.000Z</Time><Position><LatitudeDegrees>58.625405779884076</LatitudeDegrees><LongitudeDegrees>59.78978950936716</LongitudeDegrees></Position></Trackpoint><Trackpoint><Time>2026-08-12T14:13:34.000Z</Time><Position><LatitudeDegrees>58.62539138488477</LatitudeDegrees><LongitudeDegrees>59.78978590647808</LongitudeDegrees></Position></Trackpoint><Trackpoint><Time>2026-08-12T14:13:36.000Z</Time><Position><LatitudeDegrees>58.62537635017858</LatitudeDegrees><LongitudeDegrees>59.789780683694566</LongitudeDegrees></Position></Trackpoint><Trackpoint><Time>2026-08-12T14:13:37.000Z</Time><Position><LatitudeDegrees>58.625361512869674</LatitudeDegrees><LongitudeDegrees>59.78977350567839</LongitudeDegrees></Position></Trackpoint><Trackpoint><Time>2026-08-12T14:13:38.000Z</Time><Position><LatitudeDegrees>58.62534670275922</LatitudeDegrees><LongitudeDegrees>59.78976448527723</LongitudeDegrees></Position></Trackpoint><Trackpoint><Time>2026-08-12T14:13:38.000Z</Time><Position><LatitudeDegrees>58.62533184626277</LatitudeDegrees><LongitudeDegrees>59.78975439504348</LongitudeDegrees></Position></Trackpoint><Trackpoint><Time>2026-08-12T14:13:40.000Z</Time><Position><LatitudeDegrees>58.625317408639994</LatitudeDegrees><LongitudeDegrees>59.789745159283214</LongitudeDegrees></Position></Trackpoint><Trackpoint><Time>2026-08-12T14:13:41.000Z</Time><Position><LatitudeDegrees>58.62530303812792</LatitudeDegrees><LongitudeDegrees>59.78973697120885</LongitudeDegrees></Position></Trackpoint><Trackpoint><Time>2026-08-12T14:13:42.000Z</Time><Position><LatitudeDegrees>58.62528760202402</LatitudeDegrees><LongitudeDegrees>59.789730755144056</LongitudeDegrees></Position></Trackpoint><Trackpoint><Time>2026-08-12T14:13:42.000Z</Time><Position><LatitudeDegrees>58.62527223944258</LatitudeDegrees><LongitudeDegrees>59.789725659430445</LongitudeDegrees></Position></Trackpoint><Trackpoint><Time>2026-08-12T14:13:44.000Z</Time><Position><LatitudeDegrees>58.62525741007236</LatitudeDegrees><LongitudeDegrees>59.789721679141934</LongitudeDegrees></Position></Trackpoint><Trackpoint><Time>2026-08-12T14:13:45.000Z</Time><Position><LatitudeDegrees>58.625243724402274</LatitudeDegrees><LongitudeDegrees>59.78971768986545</LongitudeDegrees></Position></Trackpoint><Trackpoint><Time>2026-08-12T14:13:46.000Z</Time><Position><LatitudeDegrees>58.62523128705985</LatitudeDegrees><LongitudeDegrees>59.789714208905</LongitudeDegrees></Position></Trackpoint><Trackpoint><Time>2026-08-12T14:13:47.000Z</Time><Position><LatitudeDegrees>58.625219001691974</LatitudeDegrees><LongitudeDegrees>59.789711384062066</LongitudeDegrees></Position></Trackpoint><Trackpoint><Time>2026-08-12T14:13:48.000Z</Time><Position><LatitudeDegrees>58.6252068868888</LatitudeDegrees><LongitudeDegrees>59.78970919199451</LongitudeDegrees></Position></Trackpoint><Trackpoint><Time>2026-08-12T14:13:48.000Z</Time><Position><LatitudeDegrees>58.62519492841464</LatitudeDegrees><LongitudeDegrees>59.78970607304166</LongitudeDegrees></Position></Trackpoint><Trackpoint><Time>2026-08-12T14:13:49.000Z</Time><Position><LatitudeDegrees>58.62518310034219</LatitudeDegrees><LongitudeDegrees>59.789701503847546</LongitudeDegrees></Position></Trackpoint><Trackpoint><Time>2026-08-12T14:13:51.000Z</Time><Position><LatitudeDegrees>58.62517137525685</LatitudeDegrees><LongitudeDegrees>59.7896949654024</LongitudeDegrees></Position></Trackpoint><Trackpoint><Time>2026-08-12T14:13:52.000Z</Time><Position><LatitudeDegrees>58.625159728650125</LatitudeDegrees><LongitudeDegrees>59.789686496711056</LongitudeDegrees></Position></Trackpoint><Trackpoint><Time>2026-08-12T14:13:53.000Z</Time><Position><LatitudeDegrees>58.625148140355996</LatitudeDegrees><LongitudeDegrees>59.78967685119183</LongitudeDegrees></Position></Trackpoint><Trackpoint><Time>2026-08-12T14:13:54.000Z</Time><Position><LatitudeDegrees>58.62513561536385</LatitudeDegrees><LongitudeDegrees>59.78966795900342</LongitudeDegrees></Position></Trackpoint><Trackpoint><Time>2026-08-12T14:13:55.000Z</Time><Position><LatitudeDegrees>58.62512235372953</LatitudeDegrees><LongitudeDegrees>59.789660518360684</LongitudeDegrees></Position></Trackpoint><Trackpoint><Time>2026-08-12T14:13:56.000Z</Time><Position><LatitudeDegrees>58.62510951161085</LatitudeDegrees><LongitudeDegrees>59.78965463050809</LongitudeDegrees></Position></Trackpoint><Trackpoint><Time>2026-08-12T14:13:57.000Z</Time><Position><LatitudeDegrees>58.625096042476095</LatitudeDegrees><LongitudeDegrees>59.789651117064466</LongitudeDegrees></Position></Trackpoint><Trackpoint><Time>2026-08-12T14:13:58.000Z</Time><Position><LatitudeDegrees>58.62508159580517</LatitudeDegrees><LongitudeDegrees>59.7896490324268</LongitudeDegrees></Position></Trackpoint><Trackpoint><Time>2026-08-12T14:13:59.000Z</Time><Position><LatitudeDegrees>58.62506664231812</LatitudeDegrees><LongitudeDegrees>59.789646824557934</LongitudeDegrees></Position></Trackpoint><Trackpoint><Time>2026-08-12T14:14:00.000Z</Time><Position><LatitudeDegrees>58.625050951311614</LatitudeDegrees><LongitudeDegrees>59.78964289087249</LongitudeDegrees></Position></Trackpoint><Trackpoint><Time>2026-08-12T14:14:01.000Z</Time><Position><LatitudeDegrees>58.625035501655084</LatitudeDegrees><LongitudeDegrees>59.7896358136571</LongitudeDegrees></Position></Trackpoint><Trackpoint><Time>2026-08-12T14:14:02.000Z</Time><Position><LatitudeDegrees>58.62502066550269</LatitudeDegrees><LongitudeDegrees>59.789627370959884</LongitudeDegrees></Position></Trackpoint><Trackpoint><Time>2026-08-12T14:14:02.000Z</Time><Position><LatitudeDegrees>58.62500602776698</LatitudeDegrees><LongitudeDegrees>59.78961700146603</LongitudeDegrees></Position></Trackpoint><Trackpoint><Time>2026-08-12T14:14:04.000Z</Time><Position><LatitudeDegrees>58.624991881645236</LatitudeDegrees><LongitudeDegrees>59.789605700530046</LongitudeDegrees></Position></Trackpoint><Trackpoint><Time>2026-08-12T14:14:05.000Z</Time><Position><LatitudeDegrees>58.62497926400921</LatitudeDegrees><LongitudeDegrees>59.789594976842544</LongitudeDegrees></Position></Trackpoint><Trackpoint><Time>2026-08-12T14:14:06.000Z</Time><Position><LatitudeDegrees>58.62496889530906</LatitudeDegrees><LongitudeDegrees>59.78958537764365</LongitudeDegrees></Position></Trackpoint><Trackpoint><Time>2026-08-12T14:14:07.000Z</Time><Position><LatitudeDegrees>58.624961762823894</LatitudeDegrees><LongitudeDegrees>59.78957649436807</LongitudeDegrees></Position></Trackpoint><Trackpoint><Time>2026-08-12T14:14:08.000Z</Time><Position><LatitudeDegrees>58.62495785778489</LatitudeDegrees><LongitudeDegrees>59.78956855647794</LongitudeDegrees></Position></Trackpoint><Trackpoint><Time>2026-08-12T14:14:08.000Z</Time><Position><LatitudeDegrees>58.62495627273231</LatitudeDegrees><LongitudeDegrees>59.78956055791338</LongitudeDegrees></Position></Trackpoint><Trackpoint><Time>2026-08-12T14:14:09.000Z</Time><Position><LatitudeDegrees>58.62495633617722</LatitudeDegrees><LongitudeDegrees>59.78955209213287</LongitudeDegrees></Position></Trackpoint><Trackpoint><Time>2026-08-12T14:14:10.000Z</Time><Position><LatitudeDegrees>58.62495804960655</LatitudeDegrees><LongitudeDegrees>59.78954403089675</LongitudeDegrees></Position></Trackpoint><Trackpoint><Time>2026-08-12T14:14:11.000Z</Time><Position><LatitudeDegrees>58.6249597330278</LatitudeDegrees><LongitudeDegrees>59.78953668130232</LongitudeDegrees></Position></Trackpoint><Trackpoint><Time>2026-08-12T14:14:12.000Z</Time><Position><LatitudeDegrees>58.62495873997307</LatitudeDegrees><LongitudeDegrees>59.78952958887376</LongitudeDegrees></Position></Trackpoint><Trackpoint><Time>2026-08-12T14:14:14.000Z</Time><Position><LatitudeDegrees>58.62495481367087</LatitudeDegrees><LongitudeDegrees>59.78952204382529</LongitudeDegrees></Position></Trackpoint><Trackpoint><Time>2026-08-12T14:14:14.000Z</Time><Position><LatitudeDegrees>58.624949204073246</LatitudeDegrees><LongitudeDegrees>59.78951479115778</LongitudeDegrees></Position></Trackpoint><Trackpoint><Time>2026-08-12T14:14:15.000Z</Time><Position><LatitudeDegrees>58.6249436212218</LatitudeDegrees><LongitudeDegrees>59.78950907938201</LongitudeDegrees></Position></Trackpoint><Trackpoint><Time>2026-08-12T14:14:16.000Z</Time><Position><LatitudeDegrees>58.62493876593586</LatitudeDegrees><LongitudeDegrees>59.78950767295832</LongitudeDegrees></Position></Trackpoint><Trackpoint><Time>2026-08-12T14:14:18.000Z</Time><Position><LatitudeDegrees>58.62493532306486</LatitudeDegrees><LongitudeDegrees>59.78950968896641</LongitudeDegrees></Position></Trackpoint><Trackpoint><Time>2026-08-12T14:14:18.000Z</Time><Position><LatitudeDegrees>58.62492720344646</LatitudeDegrees><LongitudeDegrees>59.789523994792575</LongitudeDegrees></Position></Trackpoint><Trackpoint><Time>2026-08-12T14:14:20.000Z</Time><Position><LatitudeDegrees>58.62493147565455</LatitudeDegrees><LongitudeDegrees>59.78951923135942</LongitudeDegrees></Position></Trackpoint><Trackpoint><Time>2026-08-12T14:14:20.000Z</Time><Position><LatitudeDegrees>58.62492644589321</LatitudeDegrees><LongitudeDegrees>59.78952916905824</LongitudeDegrees></Position></Trackpoint><Trackpoint><Time>2026-08-12T14:14:21.000Z</Time><Position><LatitudeDegrees>58.62491912670944</LatitudeDegrees><LongitudeDegrees>59.789539462900436</LongitudeDegrees></Position></Trackpoint><Trackpoint><Time>2026-08-12T14:14:22.000Z</Time><Position><LatitudeDegrees>58.62491131446072</LatitudeDegrees><LongitudeDegrees>59.7895490718259</LongitudeDegrees></Position></Trackpoint><Trackpoint><Time>2026-08-12T14:14:23.000Z</Time><Position><LatitudeDegrees>58.624904301841696</LatitudeDegrees><LongitudeDegrees>59.78955520694631</LongitudeDegrees></Position></Trackpoint><Trackpoint><Time>2026-08-12T14:14:24.000Z</Time><Position><LatitudeDegrees>58.62490047703836</LatitudeDegrees><LongitudeDegrees>59.78955373828773</LongitudeDegrees></Position></Trackpoint><Trackpoint><Time>2026-08-12T14:14:25.000Z</Time><Position><LatitudeDegrees>58.62489796638093</LatitudeDegrees><LongitudeDegrees>59.78954883702888</LongitudeDegrees></Position></Trackpoint><Trackpoint><Time>2026-08-12T14:14:26.000Z</Time><Position><LatitudeDegrees>58.62489582956106</LatitudeDegrees><LongitudeDegrees>59.789542661569314</LongitudeDegrees></Position></Trackpoint><Trackpoint><Time>2026-08-12T14:14:27.000Z</Time><Position><LatitudeDegrees>58.62489351672838</LatitudeDegrees><LongitudeDegrees>59.789534637353015</LongitudeDegrees></Position></Trackpoint><Trackpoint><Time>2026-08-12T14:14:28.000Z</Time><Position><LatitudeDegrees>58.62489116788284</LatitudeDegrees><LongitudeDegrees>59.78953258370345</LongitudeDegrees></Position></Trackpoint><Trackpoint><Time>2026-08-12T14:14:29.000Z</Time><Position><LatitudeDegrees>58.62488654300512</LatitudeDegrees><LongitudeDegrees>59.78953162551653</LongitudeDegrees></Position></Trackpoint><Trackpoint><Time>2026-08-12T14:14:30.000Z</Time><Position><LatitudeDegrees>58.624880595156256</LatitudeDegrees><LongitudeDegrees>59.78953222068074</LongitudeDegrees></Position></Trackpoint><Trackpoint><Time>2026-08-12T14:14:31.000Z</Time><Position><LatitudeDegrees>58.6248733970293</LatitudeDegrees><LongitudeDegrees>59.78953484801017</LongitudeDegrees></Position></Trackpoint><Trackpoint><Time>2026-08-12T14:14:32.000Z</Time><Position><LatitudeDegrees>58.62486464942235</LatitudeDegrees><LongitudeDegrees>59.78954140231359</LongitudeDegrees></Position></Trackpoint><Trackpoint><Time>2026-08-12T14:14:33.000Z</Time><Position><LatitudeDegrees>58.62485589681936</LatitudeDegrees><LongitudeDegrees>59.78955118069402</LongitudeDegrees></Position></Trackpoint><Trackpoint><Time>2026-08-12T14:14:34.000Z</Time><Position><LatitudeDegrees>58.62484728632094</LatitudeDegrees><LongitudeDegrees>59.789562500648415</LongitudeDegrees></Position></Trackpoint><Trackpoint><Time>2026-08-12T14:14:35.000Z</Time><Position><LatitudeDegrees>58.62483934987974</LatitudeDegrees><LongitudeDegrees>59.789575450628455</LongitudeDegrees></Position></Trackpoint><Trackpoint><Time>2026-08-12T14:14:36.000Z</Time><Position><LatitudeDegrees>58.62483124083614</LatitudeDegrees><LongitudeDegrees>59.789589368239554</LongitudeDegrees></Position></Trackpoint><Trackpoint><Time>2026-08-12T14:14:37.000Z</Time><Position><LatitudeDegrees>58.62482361188196</LatitudeDegrees><LongitudeDegrees>59.789604835712794</LongitudeDegrees></Position></Trackpoint><Trackpoint><Time>2026-08-12T14:14:38.000Z</Time><Position><LatitudeDegrees>58.62481667019872</LatitudeDegrees><LongitudeDegrees>59.789620914686644</LongitudeDegrees></Position></Trackpoint><Trackpoint><Time>2026-08-12T14:14:39.000Z</Time><Position><LatitudeDegrees>58.62480992328987</LatitudeDegrees><LongitudeDegrees>59.78963762983798</LongitudeDegrees></Position></Trackpoint><Trackpoint><Time>2026-08-12T14:14:41.000Z</Time><Position><LatitudeDegrees>58.6248031433299</LatitudeDegrees><LongitudeDegrees>59.789655399287774</LongitudeDegrees></Position></Trackpoint><Trackpoint><Time>2026-08-12T14:14:41.000Z</Time><Position><LatitudeDegrees>58.62479721995598</LatitudeDegrees><LongitudeDegrees>59.78967377030394</LongitudeDegrees></Position></Trackpoint><Trackpoint><Time>2026-08-12T14:14:42.000Z</Time><Position><LatitudeDegrees>58.624791919998216</LatitudeDegrees><LongitudeDegrees>59.7896929688368</LongitudeDegrees></Position></Trackpoint><Trackpoint><Time>2026-08-12T14:14:43.000Z</Time><Position><LatitudeDegrees>58.62478608819371</LatitudeDegrees><LongitudeDegrees>59.78971151289786</LongitudeDegrees></Position></Trackpoint><Trackpoint><Time>2026-08-12T14:14:44.000Z</Time><Position><LatitudeDegrees>58.62478029624964</LatitudeDegrees><LongitudeDegrees>59.789730344987156</LongitudeDegrees></Position></Trackpoint><Trackpoint><Time>2026-08-12T14:14:45.000Z</Time><Position><LatitudeDegrees>58.62477526410868</LatitudeDegrees><LongitudeDegrees>59.78974981628965</LongitudeDegrees></Position></Trackpoint><Trackpoint><Time>2026-08-12T14:14:46.000Z</Time><Position><LatitudeDegrees>58.62477021152642</LatitudeDegrees><LongitudeDegrees>59.78976998939297</LongitudeDegrees></Position></Trackpoint><Trackpoint><Time>2026-08-12T14:14:47.000Z</Time><Position><LatitudeDegrees>58.624765309406406</LatitudeDegrees><LongitudeDegrees>59.78978933116586</LongitudeDegrees></Position></Trackpoint><Trackpoint><Time>2026-08-12T14:14:48.000Z</Time><Position><LatitudeDegrees>58.624760608820836</LatitudeDegrees><LongitudeDegrees>59.789808296134986</LongitudeDegrees></Position></Trackpoint><Trackpoint><Time>2026-08-12T14:14:49.000Z</Time><Position><LatitudeDegrees>58.62475610493629</LatitudeDegrees><LongitudeDegrees>59.789826630241144</LongitudeDegrees></Position></Trackpoint><Trackpoint><Time>2026-08-12T14:14:51.000Z</Time><Position><LatitudeDegrees>58.62475177051592</LatitudeDegrees><LongitudeDegrees>59.78984528904585</LongitudeDegrees></Position></Trackpoint><Trackpoint><Time>2026-08-12T14:14:51.000Z</Time><Position><LatitudeDegrees>58.624748062202855</LatitudeDegrees><LongitudeDegrees>59.789864134796</LongitudeDegrees></Position></Trackpoint><Trackpoint><Time>2026-08-12T14:14:53.000Z</Time><Position><LatitudeDegrees>58.6247445980874</LatitudeDegrees><LongitudeDegrees>59.78988308676611</LongitudeDegrees></Position></Trackpoint><Trackpoint><Time>2026-08-12T14:14:54.000Z</Time><Position><LatitudeDegrees>58.624740699933405</LatitudeDegrees><LongitudeDegrees>59.78990209807757</LongitudeDegrees></Position></Trackpoint><Trackpoint><Time>2026-08-12T14:14:55.000Z</Time><Position><LatitudeDegrees>58.6247366337394</LatitudeDegrees><LongitudeDegrees>59.78992163141844</LongitudeDegrees></Position></Trackpoint><Trackpoint><Time>2026-08-12T14:14:56.000Z</Time><Position><LatitudeDegrees>58.62473155139892</LatitudeDegrees><LongitudeDegrees>59.7899413207268</LongitudeDegrees></Position></Trackpoint><Trackpoint><Time>2026-08-12T14:14:57.000Z</Time><Position><LatitudeDegrees>58.62472572366489</LatitudeDegrees><LongitudeDegrees>59.78996099522794</LongitudeDegrees></Position></Trackpoint><Trackpoint><Time>2026-08-12T14:14:58.000Z</Time><Position><LatitudeDegrees>58.62471935771254</LatitudeDegrees><LongitudeDegrees>59.78998107610226</LongitudeDegrees></Position></Trackpoint><Trackpoint><Time>2026-08-12T14:14:58.000Z</Time><Position><LatitudeDegrees>58.62471211833244</LatitudeDegrees><LongitudeDegrees>59.790001684648495</LongitudeDegrees></Position></Trackpoint><Trackpoint><Time>2026-08-12T14:15:00.000Z</Time><Position><LatitudeDegrees>58.62470495879851</LatitudeDegrees><LongitudeDegrees>59.790022803095624</LongitudeDegrees></Position></Trackpoint><Trackpoint><Time>2026-08-12T14:15:01.000Z</Time><Position><LatitudeDegrees>58.62469826145262</LatitudeDegrees><LongitudeDegrees>59.79004484829056</LongitudeDegrees></Position></Trackpoint><Trackpoint><Time>2026-08-12T14:15:02.000Z</Time><Position><LatitudeDegrees>58.62469212443477</LatitudeDegrees><LongitudeDegrees>59.79006738334748</LongitudeDegrees></Position></Trackpoint><Trackpoint><Time>2026-08-12T14:15:03.000Z</Time><Position><LatitudeDegrees>58.62468651624502</LatitudeDegrees><LongitudeDegrees>59.79009016546916</LongitudeDegrees></Position></Trackpoint><Trackpoint><Time>2026-08-12T14:15:04.000Z</Time><Position><LatitudeDegrees>58.62468184564698</LatitudeDegrees><LongitudeDegrees>59.79011306295324</LongitudeDegrees></Position></Trackpoint><Trackpoint><Time>2026-08-12T14:15:04.000Z</Time><Position><LatitudeDegrees>58.62467767103405</LatitudeDegrees><LongitudeDegrees>59.79013600675369</LongitudeDegrees></Position></Trackpoint><Trackpoint><Time>2026-08-12T14:15:06.000Z</Time><Position><LatitudeDegrees>58.62467423648957</LatitudeDegrees><LongitudeDegrees>59.79015945210106</LongitudeDegrees></Position></Trackpoint><Trackpoint><Time>2026-08-12T14:15:07.000Z</Time><Position><LatitudeDegrees>58.62467154754854</LatitudeDegrees><LongitudeDegrees>59.790182542880416</LongitudeDegrees></Position></Trackpoint><Trackpoint><Time>2026-08-12T14:15:08.000Z</Time><Position><LatitudeDegrees>58.624670000404</LatitudeDegrees><LongitudeDegrees>59.79020595124461</LongitudeDegrees></Position></Trackpoint><Trackpoint><Time>2026-08-12T14:15:09.000Z</Time><Position><LatitudeDegrees>58.62466961167362</LatitudeDegrees><LongitudeDegrees>59.79022991324705</LongitudeDegrees></Position></Trackpoint><Trackpoint><Time>2026-08-12T14:15:09.000Z</Time><Position><LatitudeDegrees>58.62466974990976</LatitudeDegrees><LongitudeDegrees>59.79025445504379</LongitudeDegrees></Position></Trackpoint><Trackpoint><Time>2026-08-12T14:15:11.000Z</Time><Position><LatitudeDegrees>58.624670577036525</LatitudeDegrees><LongitudeDegrees>59.790280002601634</LongitudeDegrees></Position></Trackpoint><Trackpoint><Time>2026-08-12T14:15:12.000Z</Time><Position><LatitudeDegrees>58.62467109210032</LatitudeDegrees><LongitudeDegrees>59.79030611264941</LongitudeDegrees></Position></Trackpoint><Trackpoint><Time>2026-08-12T14:15:12.000Z</Time><Position><LatitudeDegrees>58.624671412538525</LatitudeDegrees><LongitudeDegrees>59.790332530438526</LongitudeDegrees></Position></Trackpoint><Trackpoint><Time>2026-08-12T14:15:14.000Z</Time><Position><LatitudeDegrees>58.62467112208505</LatitudeDegrees><LongitudeDegrees>59.79035862194626</LongitudeDegrees></Position></Trackpoint><Trackpoint><Time>2026-08-12T14:15:14.000Z</Time><Position><LatitudeDegrees>58.624670617325265</LatitudeDegrees><LongitudeDegrees>59.79038416793864</LongitudeDegrees></Position></Trackpoint><Trackpoint><Time>2026-08-12T14:15:16.000Z</Time><Position><LatitudeDegrees>58.62467008909215</LatitudeDegrees><LongitudeDegrees>59.790409148143866</LongitudeDegrees></Position></Trackpoint><Trackpoint><Time>2026-08-12T14:15:16.000Z</Time><Position><LatitudeDegrees>58.624669618989856</LatitudeDegrees><LongitudeDegrees>59.79043411644189</LongitudeDegrees></Position></Trackpoint><Trackpoint><Time>2026-08-12T14:15:18.000Z</Time><Position><LatitudeDegrees>58.624669722775316</LatitudeDegrees><LongitudeDegrees>59.79045832324597</LongitudeDegrees></Position></Trackpoint><Trackpoint><Time>2026-08-12T14:15:19.000Z</Time><Position><LatitudeDegrees>58.6246705391968</LatitudeDegrees><LongitudeDegrees>59.79048204719851</LongitudeDegrees></Position></Trackpoint><Trackpoint><Time>2026-08-12T14:15:20.000Z</Time><Position><LatitudeDegrees>58.62467105470848</LatitudeDegrees><LongitudeDegrees>59.790505954637624</LongitudeDegrees></Position></Trackpoint><Trackpoint><Time>2026-08-12T14:15:21.000Z</Time><Position><LatitudeDegrees>58.6246708905197</LatitudeDegrees><LongitudeDegrees>59.79053029643334</LongitudeDegrees></Position></Trackpoint><Trackpoint><Time>2026-08-12T14:15:22.000Z</Time><Position><LatitudeDegrees>58.624670467480996</LatitudeDegrees><LongitudeDegrees>59.79055463054268</LongitudeDegrees></Position></Trackpoint><Trackpoint><Time>2026-08-12T14:15:23.000Z</Time><Position><LatitudeDegrees>58.62466999213564</LatitudeDegrees><LongitudeDegrees>59.79057828629351</LongitudeDegrees></Position></Trackpoint><Trackpoint><Time>2026-08-12T14:15:24.000Z</Time><Position><LatitudeDegrees>58.6246695562585</LatitudeDegrees><LongitudeDegrees>59.79060156415759</LongitudeDegrees></Position></Trackpoint><Trackpoint><Time>2026-08-12T14:15:25.000Z</Time><Position><LatitudeDegrees>58.62466919257988</LatitudeDegrees><LongitudeDegrees>59.79062463638041</LongitudeDegrees></Position></Trackpoint><Trackpoint><Time>2026-08-12T14:15:26.000Z</Time><Position><LatitudeDegrees>58.6246689053126</LatitudeDegrees><LongitudeDegrees>59.79064808990276</LongitudeDegrees></Position></Trackpoint><Trackpoint><Time>2026-08-12T14:15:27.000Z</Time><Position><LatitudeDegrees>58.62466917599501</LatitudeDegrees><LongitudeDegrees>59.7906716278966</LongitudeDegrees></Position></Trackpoint><Trackpoint><Time>2026-08-12T14:15:27.000Z</Time><Position><LatitudeDegrees>58.62467013132865</LatitudeDegrees><LongitudeDegrees>59.79069560688708</LongitudeDegrees></Position></Trackpoint><Trackpoint><Time>2026-08-12T14:15:29.000Z</Time><Position><LatitudeDegrees>58.624670756398245</LatitudeDegrees><LongitudeDegrees>59.79071962749126</LongitudeDegrees></Position></Trackpoint><Trackpoint><Time>2026-08-12T14:15:29.000Z</Time><Position><LatitudeDegrees>58.62467067561674</LatitudeDegrees><LongitudeDegrees>59.79074449911012</LongitudeDegrees></Position></Trackpoint><Trackpoint><Time>2026-08-12T14:15:31.000Z</Time><Position><LatitudeDegrees>58.624670314510404</LatitudeDegrees><LongitudeDegrees>59.790768977023674</LongitudeDegrees></Position></Trackpoint><Trackpoint><Time>2026-08-12T14:15:31.000Z</Time><Position><LatitudeDegrees>58.62466939469378</LatitudeDegrees><LongitudeDegrees>59.79079308875682</LongitudeDegrees></Position></Trackpoint><Trackpoint><Time>2026-08-12T14:15:33.000Z</Time><Position><LatitudeDegrees>58.624668362838705</LatitudeDegrees><LongitudeDegrees>59.79081689264393</LongitudeDegrees></Position></Trackpoint><Trackpoint><Time>2026-08-12T14:15:34.000Z</Time><Position><LatitudeDegrees>58.62466692766887</LatitudeDegrees><LongitudeDegrees>59.79084094183124</LongitudeDegrees></Position></Trackpoint><Trackpoint><Time>2026-08-12T14:15:35.000Z</Time><Position><LatitudeDegrees>58.62466502099183</LatitudeDegrees><LongitudeDegrees>59.7908654326389</LongitudeDegrees></Position></Trackpoint><Trackpoint><Time>2026-08-12T14:15:36.000Z</Time><Position><LatitudeDegrees>58.624663164851505</LatitudeDegrees><LongitudeDegrees>59.79089038923679</LongitudeDegrees></Position></Trackpoint><Trackpoint><Time>2026-08-12T14:15:36.000Z</Time><Position><LatitudeDegrees>58.624661078146076</LatitudeDegrees><LongitudeDegrees>59.79091478257418</LongitudeDegrees></Position></Trackpoint><Trackpoint><Time>2026-08-12T14:15:38.000Z</Time><Position><LatitudeDegrees>58.62465916431172</LatitudeDegrees><LongitudeDegrees>59.79093875075788</LongitudeDegrees></Position></Trackpoint><Trackpoint><Time>2026-08-12T14:15:39.000Z</Time><Position><LatitudeDegrees>58.624657077698565</LatitudeDegrees><LongitudeDegrees>59.79096289484337</LongitudeDegrees></Position></Trackpoint><Trackpoint><Time>2026-08-12T14:15:39.000Z</Time><Position><LatitudeDegrees>58.62465518774298</LatitudeDegrees><LongitudeDegrees>59.79098743978859</LongitudeDegrees></Position></Trackpoint><Trackpoint><Time>2026-08-12T14:15:41.000Z</Time><Position><LatitudeDegrees>58.62465313173986</LatitudeDegrees><LongitudeDegrees>59.7910129163996</LongitudeDegrees></Position></Trackpoint><Trackpoint><Time>2026-08-12T14:15:41.000Z</Time><Position><LatitudeDegrees>58.624650292016476</LatitudeDegrees><LongitudeDegrees>59.79103942370216</LongitudeDegrees></Position></Trackpoint><Trackpoint><Time>2026-08-12T14:15:43.000Z</Time><Position><LatitudeDegrees>58.62464651478391</LatitudeDegrees><LongitudeDegrees>59.79106589096942</LongitudeDegrees></Position></Trackpoint><Trackpoint><Time>2026-08-12T14:15:44.000Z</Time><Position><LatitudeDegrees>58.62464283625589</LatitudeDegrees><LongitudeDegrees>59.79109188237884</LongitudeDegrees></Position></Trackpoint><Trackpoint><Time>2026-08-12T14:15:45.000Z</Time><Position><LatitudeDegrees>58.624639670511186</LatitudeDegrees><LongitudeDegrees>59.7911172795198</LongitudeDegrees></Position></Trackpoint><Trackpoint><Time>2026-08-12T14:15:46.000Z</Time><Position><LatitudeDegrees>58.62463712226629</LatitudeDegrees><LongitudeDegrees>59.79114210990031</LongitudeDegrees></Position></Trackpoint><Trackpoint><Time>2026-08-12T14:15:47.000Z</Time><Position><LatitudeDegrees>58.62463515539179</LatitudeDegrees><LongitudeDegrees>59.791166457591935</LongitudeDegrees></Position></Trackpoint><Trackpoint><Time>2026-08-12T14:15:48.000Z</Time><Position><LatitudeDegrees>58.62463368039037</LatitudeDegrees><LongitudeDegrees>59.791190908781154</LongitudeDegrees></Position></Trackpoint><Trackpoint><Time>2026-08-12T14:15:49.000Z</Time><Position><LatitudeDegrees>58.62463161805164</LatitudeDegrees><LongitudeDegrees>59.79121569159534</LongitudeDegrees></Position></Trackpoint><Trackpoint><Time>2026-08-12T14:15:49.000Z</Time><Position><LatitudeDegrees>58.624629088915256</LatitudeDegrees><LongitudeDegrees>59.791239388589545</LongitudeDegrees></Position></Trackpoint><Trackpoint><Time>2026-08-12T14:15:51.000Z</Time><Position><LatitudeDegrees>58.62462473370439</LatitudeDegrees><LongitudeDegrees>59.79126057615478</LongitudeDegrees></Position></Trackpoint><Trackpoint><Time>2026-08-12T14:15:52.000Z</Time><Position><LatitudeDegrees>58.62461773738678</LatitudeDegrees><LongitudeDegrees>59.791279479693415</LongitudeDegrees></Position></Trackpoint><Trackpoint><Time>2026-08-12T14:15:53.000Z</Time><Position><LatitudeDegrees>58.62460810328702</LatitudeDegrees><LongitudeDegrees>59.79129501635317</LongitudeDegrees></Position></Trackpoint><Trackpoint><Time>2026-08-12T14:15:54.000Z</Time><Position><LatitudeDegrees>58.62459666094025</LatitudeDegrees><LongitudeDegrees>59.79130668270254</LongitudeDegrees></Position></Trackpoint><Trackpoint><Time>2026-08-12T14:15:55.000Z</Time><Position><LatitudeDegrees>58.6245849632837</LatitudeDegrees><LongitudeDegrees>59.791314768160134</LongitudeDegrees></Position></Trackpoint><Trackpoint><Time>2026-08-12T14:15:56.000Z</Time><Position><LatitudeDegrees>58.624573193026734</LatitudeDegrees><LongitudeDegrees>59.79132034113084</LongitudeDegrees></Position></Trackpoint><Trackpoint><Time>2026-08-12T14:15:56.000Z</Time><Position><LatitudeDegrees>58.624561434733295</LatitudeDegrees><LongitudeDegrees>59.79132367448269</LongitudeDegrees></Position></Trackpoint><Trackpoint><Time>2026-08-12T14:15:57.000Z</Time><Position><LatitudeDegrees>58.62455021130476</LatitudeDegrees><LongitudeDegrees>59.79132712648601</LongitudeDegrees></Position></Trackpoint><Trackpoint><Time>2026-08-12T14:15:59.000Z</Time><Position><LatitudeDegrees>58.62454064866149</LatitudeDegrees><LongitudeDegrees>59.79133557001136</LongitudeDegrees></Position></Trackpoint><Trackpoint><Time>2026-08-12T14:16:00.000Z</Time><Position><LatitudeDegrees>58.62453250772514</LatitudeDegrees><LongitudeDegrees>59.7913489023832</LongitudeDegrees></Position></Trackpoint><Trackpoint><Time>2026-08-12T14:16:01.000Z</Time><Position><LatitudeDegrees>58.62452550756135</LatitudeDegrees><LongitudeDegrees>59.791366453840254</LongitudeDegrees></Position></Trackpoint><Trackpoint><Time>2026-08-12T14:16:02.000Z</Time><Position><LatitudeDegrees>58.624519386055546</LatitudeDegrees><LongitudeDegrees>59.79138691742869</LongitudeDegrees></Position></Trackpoint><Trackpoint><Time>2026-08-12T14:16:03.000Z</Time><Position><LatitudeDegrees>58.62451441209641</LatitudeDegrees><LongitudeDegrees>59.79140889152306</LongitudeDegrees></Position></Trackpoint><Trackpoint><Time>2026-08-12T14:16:04.000Z</Time><Position><LatitudeDegrees>58.62451005952476</LatitudeDegrees><LongitudeDegrees>59.791431605016115</LongitudeDegrees></Position></Trackpoint><Trackpoint><Time>2026-08-12T14:16:05.000Z</Time><Position><LatitudeDegrees>58.62450652150718</LatitudeDegrees><LongitudeDegrees>59.791454645439465</LongitudeDegrees></Position></Trackpoint><Trackpoint><Time>2026-08-12T14:16:06.000Z</Time><Position><LatitudeDegrees>58.62450377304933</LatitudeDegrees><LongitudeDegrees>59.791477800963875</LongitudeDegrees></Position></Trackpoint><Trackpoint><Time>2026-08-12T14:16:07.000Z</Time><Position><LatitudeDegrees>58.624501702518906</LatitudeDegrees><LongitudeDegrees>59.791500969577946</LongitudeDegrees></Position></Trackpoint><Trackpoint><Time>2026-08-12T14:16:08.000Z</Time><Position><LatitudeDegrees>58.62449919770982</LatitudeDegrees><LongitudeDegrees>59.79152459720057</LongitudeDegrees></Position></Trackpoint><Trackpoint><Time>2026-08-12T14:16:09.000Z</Time><Position><LatitudeDegrees>58.62449683553874</LatitudeDegrees><LongitudeDegrees>59.791548318952344</LongitudeDegrees></Position></Trackpoint><Trackpoint><Time>2026-08-12T14:16:09.000Z</Time><Position><LatitudeDegrees>58.62449483529184</LatitudeDegrees><LongitudeDegrees>59.79157197248243</LongitudeDegrees></Position></Trackpoint><Trackpoint><Time>2026-08-12T14:16:11.000Z</Time><Position><LatitudeDegrees>58.62449275121543</LatitudeDegrees><LongitudeDegrees>59.79159549968548</LongitudeDegrees></Position></Trackpoint><Trackpoint><Time>2026-08-12T14:16:11.000Z</Time><Position><LatitudeDegrees>58.62449041049266</LatitudeDegrees><LongitudeDegrees>59.79161889284567</LongitudeDegrees></Position></Trackpoint><Trackpoint><Time>2026-08-12T14:16:13.000Z</Time><Position><LatitudeDegrees>58.62448777489197</LatitudeDegrees><LongitudeDegrees>59.79164265560017</LongitudeDegrees></Position></Trackpoint><Trackpoint><Time>2026-08-12T14:16:13.000Z</Time><Position><LatitudeDegrees>58.62448535612607</LatitudeDegrees><LongitudeDegrees>59.79166694792671</LongitudeDegrees></Position></Trackpoint><Trackpoint><Time>2026-08-12T14:16:15.000Z</Time><Position><LatitudeDegrees>58.6244828474943</LatitudeDegrees><LongitudeDegrees>59.791691767739664</LongitudeDegrees></Position></Trackpoint><Trackpoint><Time>2026-08-12T14:16:16.000Z</Time><Position><LatitudeDegrees>58.62448062383185</LatitudeDegrees><LongitudeDegrees>59.791716556867414</LongitudeDegrees></Position></Trackpoint><Trackpoint><Time>2026-08-12T14:16:16.000Z</Time><Position><LatitudeDegrees>58.62447782371174</LatitudeDegrees><LongitudeDegrees>59.7917420685959</LongitudeDegrees></Position></Trackpoint><Trackpoint><Time>2026-08-12T14:16:17.000Z</Time><Position><LatitudeDegrees>58.62447465596771</LatitudeDegrees><LongitudeDegrees>59.791769010019316</LongitudeDegrees></Position></Trackpoint><Trackpoint><Time>2026-08-12T14:16:18.000Z</Time><Position><LatitudeDegrees>58.62447174339903</LatitudeDegrees><LongitudeDegrees>59.7917965096222</LongitudeDegrees></Position></Trackpoint><Trackpoint><Time>2026-08-12T14:16:19.000Z</Time><Position><LatitudeDegrees>58.62446930974385</LatitudeDegrees><LongitudeDegrees>59.79182364723332</LongitudeDegrees></Position></Trackpoint><Trackpoint><Time>2026-08-12T14:16:21.000Z</Time><Position><LatitudeDegrees>58.624467385677185</LatitudeDegrees><LongitudeDegrees>59.79184960074595</LongitudeDegrees></Position></Trackpoint><Trackpoint><Time>2026-08-12T14:16:21.000Z</Time><Position><LatitudeDegrees>58.624465428816485</LatitudeDegrees><LongitudeDegrees>59.79187467317699</LongitudeDegrees></Position></Trackpoint><Trackpoint><Time>2026-08-12T14:16:22.000Z</Time><Position><LatitudeDegrees>58.62446370961021</LatitudeDegrees><LongitudeDegrees>59.79189959201502</LongitudeDegrees></Position></Trackpoint><Trackpoint><Time>2026-08-12T14:16:24.000Z</Time><Position><LatitudeDegrees>58.624462308935485</LatitudeDegrees><LongitudeDegrees>59.79192467657752</LongitudeDegrees></Position></Trackpoint><Trackpoint><Time>2026-08-12T14:16:25.000Z</Time><Position><LatitudeDegrees>58.624461219217146</LatitudeDegrees><LongitudeDegrees>59.7919500370996</LongitudeDegrees></Position></Trackpoint><Trackpoint><Time>2026-08-12T14:16:26.000Z</Time><Position><LatitudeDegrees>58.624459907814106</LatitudeDegrees><LongitudeDegrees>59.79197568356076</LongitudeDegrees></Position></Trackpoint><Trackpoint><Time>2026-08-12T14:16:26.000Z</Time><Position><LatitudeDegrees>58.62445818381988</LatitudeDegrees><LongitudeDegrees>59.792001583371025</LongitudeDegrees></Position></Trackpoint><Trackpoint><Time>2026-08-12T14:16:27.000Z</Time><Position><LatitudeDegrees>58.624456511178906</LatitudeDegrees><LongitudeDegrees>59.7920276905918</LongitudeDegrees></Position></Trackpoint><Trackpoint><Time>2026-08-12T14:16:29.000Z</Time><Position><LatitudeDegrees>58.62445458475722</LatitudeDegrees><LongitudeDegrees>59.79205347007259</LongitudeDegrees></Position></Trackpoint><Trackpoint><Time>2026-08-12T14:16:29.000Z</Time><Position><LatitudeDegrees>58.62445182185225</LatitudeDegrees><LongitudeDegrees>59.792078743485504</LongitudeDegrees></Position></Trackpoint><Trackpoint><Time>2026-08-12T14:16:31.000Z</Time><Position><LatitudeDegrees>58.62444857945961</LatitudeDegrees><LongitudeDegrees>59.79210448156346</LongitudeDegrees></Position></Trackpoint><Trackpoint><Time>2026-08-12T14:16:32.000Z</Time><Position><LatitudeDegrees>58.62444506614354</LatitudeDegrees><LongitudeDegrees>59.79213053483697</LongitudeDegrees></Position></Trackpoint><Trackpoint><Time>2026-08-12T14:16:33.000Z</Time><Position><LatitudeDegrees>58.624441892180954</LatitudeDegrees><LongitudeDegrees>59.79215631168402</LongitudeDegrees></Position></Trackpoint><Trackpoint><Time>2026-08-12T14:16:33.000Z</Time><Position><LatitudeDegrees>58.62443877573813</LatitudeDegrees><LongitudeDegrees>59.79218160393385</LongitudeDegrees></Position></Trackpoint><Trackpoint><Time>2026-08-12T14:16:35.000Z</Time><Position><LatitudeDegrees>58.624435593363955</LatitudeDegrees><LongitudeDegrees>59.79220638805212</LongitudeDegrees></Position></Trackpoint><Trackpoint><Time>2026-08-12T14:16:36.000Z</Time><Position><LatitudeDegrees>58.624432302679345</LatitudeDegrees><LongitudeDegrees>59.792230719564536</LongitudeDegrees></Position></Trackpoint><Trackpoint><Time>2026-08-12T14:16:37.000Z</Time><Position><LatitudeDegrees>58.624428900132656</LatitudeDegrees><LongitudeDegrees>59.79225418981907</LongitudeDegrees></Position></Trackpoint><Trackpoint><Time>2026-08-12T14:16:37.000Z</Time><Position><LatitudeDegrees>58.62442588822915</LatitudeDegrees><LongitudeDegrees>59.79227723067097</LongitudeDegrees></Position></Trackpoint><Trackpoint><Time>2026-08-12T14:16:39.000Z</Time><Position><LatitudeDegrees>58.624422934168166</LatitudeDegrees><LongitudeDegrees>59.79230056469641</LongitudeDegrees></Position></Trackpoint><Trackpoint><Time>2026-08-12T14:16:39.000Z</Time><Position><LatitudeDegrees>58.62442038307792</LatitudeDegrees><LongitudeDegrees>59.79232445184799</LongitudeDegrees></Position></Trackpoint><Trackpoint><Time>2026-08-12T14:16:41.000Z</Time><Position><LatitudeDegrees>58.62441783576241</LatitudeDegrees><LongitudeDegrees>59.79234892818995</LongitudeDegrees></Position></Trackpoint><Trackpoint><Time>2026-08-12T14:16:42.000Z</Time><Position><LatitudeDegrees>58.62441512733493</LatitudeDegrees><LongitudeDegrees>59.792373932953055</LongitudeDegrees></Position></Trackpoint><Trackpoint><Time>2026-08-12T14:16:42.000Z</Time><Position><LatitudeDegrees>58.62441270017874</LatitudeDegrees><LongitudeDegrees>59.792398883677826</LongitudeDegrees></Position></Trackpoint><Trackpoint><Time>2026-08-12T14:16:43.000Z</Time><Position><LatitudeDegrees>58.62441070038127</LatitudeDegrees><LongitudeDegrees>59.792424037034394</LongitudeDegrees></Position></Trackpoint><Trackpoint><Time>2026-08-12T14:16:45.000Z</Time><Position><LatitudeDegrees>58.62440815403411</LatitudeDegrees><LongitudeDegrees>59.79244947272059</LongitudeDegrees></Position></Trackpoint><Trackpoint><Time>2026-08-12T14:16:46.000Z</Time><Position><LatitudeDegrees>58.624405709419364</LatitudeDegrees><LongitudeDegrees>59.79247469771144</LongitudeDegrees></Position></Trackpoint><Trackpoint><Time>2026-08-12T14:16:47.000Z</Time><Position><LatitudeDegrees>58.6244031308534</LatitudeDegrees><LongitudeDegrees>59.792499536005245</LongitudeDegrees></Position></Trackpoint><Trackpoint><Time>2026-08-12T14:16:48.000Z</Time><Position><LatitudeDegrees>58.6244008280769</LatitudeDegrees><LongitudeDegrees>59.79252445436124</LongitudeDegrees></Position></Trackpoint><Trackpoint><Time>2026-08-12T14:16:49.000Z</Time><Position><LatitudeDegrees>58.62439893443757</LatitudeDegrees><LongitudeDegrees>59.79254914511996</LongitudeDegrees></Position></Trackpoint><Trackpoint><Time>2026-08-12T14:16:49.000Z</Time><Position><LatitudeDegrees>58.6243969627297</LatitudeDegrees><LongitudeDegrees>59.79257351078875</LongitudeDegrees></Position></Trackpoint><Trackpoint><Time>2026-08-12T14:16:50.000Z</Time><Position><LatitudeDegrees>58.6243947223257</LatitudeDegrees><LongitudeDegrees>59.792598042552285</LongitudeDegrees></Position></Trackpoint><Trackpoint><Time>2026-08-12T14:16:52.000Z</Time><Position><LatitudeDegrees>58.62439265881613</LatitudeDegrees><LongitudeDegrees>59.79262341098942</LongitudeDegrees></Position></Trackpoint><Trackpoint><Time>2026-08-12T14:16:53.000Z</Time><Position><LatitudeDegrees>58.6243904433953</LatitudeDegrees><LongitudeDegrees>59.79264880565986</LongitudeDegrees></Position></Trackpoint><Trackpoint><Time>2026-08-12T14:16:54.000Z</Time><Position><LatitudeDegrees>58.62438796014764</LatitudeDegrees><LongitudeDegrees>59.79267437904087</LongitudeDegrees></Position></Trackpoint><Trackpoint><Time>2026-08-12T14:16:55.000Z</Time><Position><LatitudeDegrees>58.62438519571041</LatitudeDegrees><LongitudeDegrees>59.79270017099045</LongitudeDegrees></Position></Trackpoint><Trackpoint><Time>2026-08-12T14:16:56.000Z</Time><Position><LatitudeDegrees>58.62438267028128</LatitudeDegrees><LongitudeDegrees>59.792726659481126</LongitudeDegrees></Position></Trackpoint><Trackpoint><Time>2026-08-12T14:16:57.000Z</Time><Position><LatitudeDegrees>58.62438056741866</LatitudeDegrees><LongitudeDegrees>59.79275199351545</LongitudeDegrees></Position></Trackpoint><Trackpoint><Time>2026-08-12T14:16:58.000Z</Time><Position><LatitudeDegrees>58.624378418871636</LatitudeDegrees><LongitudeDegrees>59.79277653818492</LongitudeDegrees></Position></Trackpoint><Trackpoint><Time>2026-08-12T14:16:59.000Z</Time><Position><LatitudeDegrees>58.62437603766239</LatitudeDegrees><LongitudeDegrees>59.792801034770775</LongitudeDegrees></Position></Trackpoint><Trackpoint><Time>2026-08-12T14:16:59.000Z</Time><Position><LatitudeDegrees>58.624373866259674</LatitudeDegrees><LongitudeDegrees>59.792824815507586</LongitudeDegrees></Position></Trackpoint><Trackpoint><Time>2026-08-12T14:17:01.000Z</Time><Position><LatitudeDegrees>58.624372059958546</LatitudeDegrees><LongitudeDegrees>59.79284818687603</LongitudeDegrees></Position></Trackpoint><Trackpoint><Time>2026-08-12T14:17:01.000Z</Time><Position><LatitudeDegrees>58.62437014624382</LatitudeDegrees><LongitudeDegrees>59.79287181724751</LongitudeDegrees></Position></Trackpoint><Trackpoint><Time>2026-08-12T14:17:03.000Z</Time><Position><LatitudeDegrees>58.62436794430436</LatitudeDegrees><LongitudeDegrees>59.79289643824762</LongitudeDegrees></Position></Trackpoint><Trackpoint><Time>2026-08-12T14:17:04.000Z</Time><Position><LatitudeDegrees>58.62436590627994</LatitudeDegrees><LongitudeDegrees>59.79292124481726</LongitudeDegrees></Position></Trackpoint><Trackpoint><Time>2026-08-12T14:17:04.000Z</Time><Position><LatitudeDegrees>58.62436370772793</LatitudeDegrees><LongitudeDegrees>59.79294588158867</LongitudeDegrees></Position></Trackpoint><Trackpoint><Time>2026-08-12T14:17:06.000Z</Time><Position><LatitudeDegrees>58.62436123563551</LatitudeDegrees><LongitudeDegrees>59.792970713613535</LongitudeDegrees></Position></Trackpoint><Trackpoint><Time>2026-08-12T14:17:07.000Z</Time><Position><LatitudeDegrees>58.624358968179344</LatitudeDegrees><LongitudeDegrees>59.792996355782435</LongitudeDegrees></Position></Trackpoint><Trackpoint><Time>2026-08-12T14:17:08.000Z</Time><Position><LatitudeDegrees>58.62435658641316</LatitudeDegrees><LongitudeDegrees>59.793022957347056</LongitudeDegrees></Position></Trackpoint><Trackpoint><Time>2026-08-12T14:17:09.000Z</Time><Position><LatitudeDegrees>58.62435397365576</LatitudeDegrees><LongitudeDegrees>59.79304947741599</LongitudeDegrees></Position></Trackpoint><Trackpoint><Time>2026-08-12T14:17:09.000Z</Time><Position><LatitudeDegrees>58.62435111150132</LatitudeDegrees><LongitudeDegrees>59.793075497775305</LongitudeDegrees></Position></Trackpoint><Trackpoint><Time>2026-08-12T14:17:11.000Z</Time><Position><LatitudeDegrees>58.62434802437943</LatitudeDegrees><LongitudeDegrees>59.79310091032752</LongitudeDegrees></Position></Trackpoint><Trackpoint><Time>2026-08-12T14:17:11.000Z</Time><Position><LatitudeDegrees>58.62434524083586</LatitudeDegrees><LongitudeDegrees>59.79312574856561</LongitudeDegrees></Position></Trackpoint><Trackpoint><Time>2026-08-12T14:17:12.000Z</Time><Position><LatitudeDegrees>58.62434244996895</LatitudeDegrees><LongitudeDegrees>59.79314961038483</LongitudeDegrees></Position></Trackpoint><Trackpoint><Time>2026-08-12T14:17:14.000Z</Time><Position><LatitudeDegrees>58.624340014289594</LatitudeDegrees><LongitudeDegrees>59.79317294511755</LongitudeDegrees></Position></Trackpoint><Trackpoint><Time>2026-08-12T14:17:15.000Z</Time><Position><LatitudeDegrees>58.62433754789345</LatitudeDegrees><LongitudeDegrees>59.79319698468579</LongitudeDegrees></Position></Trackpoint><Trackpoint><Time>2026-08-12T14:17:16.000Z</Time><Position><LatitudeDegrees>58.624334895794696</LatitudeDegrees><LongitudeDegrees>59.793222145971576</LongitudeDegrees></Position></Trackpoint><Trackpoint><Time>2026-08-12T14:17:17.000Z</Time><Position><LatitudeDegrees>58.62433250761028</LatitudeDegrees><LongitudeDegrees>59.79324796707944</LongitudeDegrees></Position></Trackpoint><Trackpoint><Time>2026-08-12T14:17:17.000Z</Time><Position><LatitudeDegrees>58.62433004502383</LatitudeDegrees><LongitudeDegrees>59.79327417309827</LongitudeDegrees></Position></Trackpoint><Trackpoint><Time>2026-08-12T14:17:18.000Z</Time><Position><LatitudeDegrees>58.62432786786538</LatitudeDegrees><LongitudeDegrees>59.793300601407765</LongitudeDegrees></Position></Trackpoint><Trackpoint><Time>2026-08-12T14:17:20.000Z</Time><Position><LatitudeDegrees>58.62432559808007</LatitudeDegrees><LongitudeDegrees>59.79332666689416</LongitudeDegrees></Position></Trackpoint><Trackpoint><Time>2026-08-12T14:17:21.000Z</Time><Position><LatitudeDegrees>58.624323091860816</LatitudeDegrees><LongitudeDegrees>59.7933521751559</LongitudeDegrees></Position></Trackpoint><Trackpoint><Time>2026-08-12T14:17:21.000Z</Time><Position><LatitudeDegrees>58.62432080993963</LatitudeDegrees><LongitudeDegrees>59.79337760726151</LongitudeDegrees></Position></Trackpoint><Trackpoint><Time>2026-08-12T14:17:23.000Z</Time><Position><LatitudeDegrees>58.62431842366238</LatitudeDegrees><LongitudeDegrees>59.79340317110556</LongitudeDegrees></Position></Trackpoint><Trackpoint><Time>2026-08-12T14:17:23.000Z</Time><Position><LatitudeDegrees>58.6243163006829</LatitudeDegrees><LongitudeDegrees>59.79342893539754</LongitudeDegrees></Position></Trackpoint><Trackpoint><Time>2026-08-12T14:17:25.000Z</Time><Position><LatitudeDegrees>58.6243140690088</LatitudeDegrees><LongitudeDegrees>59.79345441309651</LongitudeDegrees></Position></Trackpoint><Trackpoint><Time>2026-08-12T14:17:26.000Z</Time><Position><LatitudeDegrees>58.624311589392</LatitudeDegrees><LongitudeDegrees>59.793479930017156</LongitudeDegrees></Position></Trackpoint><Trackpoint><Time>2026-08-12T14:17:27.000Z</Time><Position><LatitudeDegrees>58.62430883630857</LatitudeDegrees><LongitudeDegrees>59.7935056153068</LongitudeDegrees></Position></Trackpoint><Trackpoint><Time>2026-08-12T14:17:28.000Z</Time><Position><LatitudeDegrees>58.62430632395656</LatitudeDegrees><LongitudeDegrees>59.7935315005427</LongitudeDegrees></Position></Trackpoint><Trackpoint><Time>2026-08-12T14:17:29.000Z</Time><Position><LatitudeDegrees>58.62430423320235</LatitudeDegrees><LongitudeDegrees>59.79355708345601</LongitudeDegrees></Position></Trackpoint><Trackpoint><Time>2026-08-12T14:17:30.000Z</Time><Position><LatitudeDegrees>58.624302094810695</LatitudeDegrees><LongitudeDegrees>59.79358268560894</LongitudeDegrees></Position></Trackpoint><Trackpoint><Time>2026-08-12T14:17:30.000Z</Time><Position><LatitudeDegrees>58.62430021125968</LatitudeDegrees><LongitudeDegrees>59.793608436962145</LongitudeDegrees></Position></Trackpoint><Trackpoint><Time>2026-08-12T14:17:32.000Z</Time><Position><LatitudeDegrees>58.62429818480084</LatitudeDegrees><LongitudeDegrees>59.79363388227752</LongitudeDegrees></Position></Trackpoint><Trackpoint><Time>2026-08-12T14:17:32.000Z</Time><Position><LatitudeDegrees>58.624295869970105</LatitudeDegrees><LongitudeDegrees>59.79366034218417</LongitudeDegrees></Position></Trackpoint><Trackpoint><Time>2026-08-12T14:17:34.000Z</Time><Position><LatitudeDegrees>58.6242932438726</LatitudeDegrees><LongitudeDegrees>59.79368725111871</LongitudeDegrees></Position></Trackpoint><Trackpoint><Time>2026-08-12T14:17:35.000Z</Time><Position><LatitudeDegrees>58.6242908266407</LatitudeDegrees><LongitudeDegrees>59.793713828920616</LongitudeDegrees></Position></Trackpoint><Trackpoint><Time>2026-08-12T14:17:36.000Z</Time><Position><LatitudeDegrees>58.62428831606406</LatitudeDegrees><LongitudeDegrees>59.793739307183515</LongitudeDegrees></Position></Trackpoint><Trackpoint><Time>2026-08-12T14:17:36.000Z</Time><Position><LatitudeDegrees>58.62428608927365</LatitudeDegrees><LongitudeDegrees>59.79376448979745</LongitudeDegrees></Position></Trackpoint><Trackpoint><Time>2026-08-12T14:17:38.000Z</Time><Position><LatitudeDegrees>58.62428426516106</LatitudeDegrees><LongitudeDegrees>59.79378925616661</LongitudeDegrees></Position></Trackpoint><Trackpoint><Time>2026-08-12T14:17:38.000Z</Time><Position><LatitudeDegrees>58.6242828410067</LatitudeDegrees><LongitudeDegrees>59.79381409966065</LongitudeDegrees></Position></Trackpoint><Trackpoint><Time>2026-08-12T14:17:40.000Z</Time><Position><LatitudeDegrees>58.624281764356546</LatitudeDegrees><LongitudeDegrees>59.79383872395615</LongitudeDegrees></Position></Trackpoint><Trackpoint><Time>2026-08-12T14:17:41.000Z</Time><Position><LatitudeDegrees>58.62428145861724</LatitudeDegrees><LongitudeDegrees>59.79386303515104</LongitudeDegrees></Position></Trackpoint><Trackpoint><Time>2026-08-12T14:17:42.000Z</Time><Position><LatitudeDegrees>58.624281019995294</LatitudeDegrees><LongitudeDegrees>59.793888013980556</LongitudeDegrees></Position></Trackpoint><Trackpoint><Time>2026-08-12T14:17:42.000Z</Time><Position><LatitudeDegrees>58.62428009333368</LatitudeDegrees><LongitudeDegrees>59.79391348904365</LongitudeDegrees></Position></Trackpoint><Trackpoint><Time>2026-08-12T14:17:44.000Z</Time><Position><LatitudeDegrees>58.62427859500606</LatitudeDegrees><LongitudeDegrees>59.793938346839596</LongitudeDegrees></Position></Trackpoint><Trackpoint><Time>2026-08-12T14:17:45.000Z</Time><Position><LatitudeDegrees>58.624276074334155</LatitudeDegrees><LongitudeDegrees>59.793962697627585</LongitudeDegrees></Position></Trackpoint><Trackpoint><Time>2026-08-12T14:17:45.000Z</Time><Position><LatitudeDegrees>58.62427296654059</LatitudeDegrees><LongitudeDegrees>59.793987631110966</LongitudeDegrees></Position></Trackpoint><Trackpoint><Time>2026-08-12T14:17:47.000Z</Time><Position><LatitudeDegrees>58.6242690366101</LatitudeDegrees><LongitudeDegrees>59.79401303166723</LongitudeDegrees></Position></Trackpoint><Trackpoint><Time>2026-08-12T14:17:48.000Z</Time><Position><LatitudeDegrees>58.62426478288623</LatitudeDegrees><LongitudeDegrees>59.79403928134168</LongitudeDegrees></Position></Trackpoint><Trackpoint><Time>2026-08-12T14:17:48.000Z</Time><Position><LatitudeDegrees>58.624260941772455</LatitudeDegrees><LongitudeDegrees>59.79406593887969</LongitudeDegrees></Position></Trackpoint><Trackpoint><Time>2026-08-12T14:17:49.000Z</Time><Position><LatitudeDegrees>58.62425776358642</LatitudeDegrees><LongitudeDegrees>59.79409228059857</LongitudeDegrees></Position></Trackpoint><Trackpoint><Time>2026-08-12T14:17:51.000Z</Time><Position><LatitudeDegrees>58.6242552663315</LatitudeDegrees><LongitudeDegrees>59.79411804899658</LongitudeDegrees></Position></Trackpoint><Trackpoint><Time>2026-08-12T14:17:52.000Z</Time><Position><LatitudeDegrees>58.62425288041499</LatitudeDegrees><LongitudeDegrees>59.794143701221394</LongitudeDegrees></Position></Trackpoint><Trackpoint><Time>2026-08-12T14:17:53.000Z</Time><Position><LatitudeDegrees>58.624250356969505</LatitudeDegrees><LongitudeDegrees>59.79416895084171</LongitudeDegrees></Position></Trackpoint><Trackpoint><Time>2026-08-12T14:17:54.000Z</Time><Position><LatitudeDegrees>58.624248100765406</LatitudeDegrees><LongitudeDegrees>59.79419422117985</LongitudeDegrees></Position></Trackpoint><Trackpoint><Time>2026-08-12T14:17:55.000Z</Time><Position><LatitudeDegrees>58.624246244200606</LatitudeDegrees><LongitudeDegrees>59.79421919430436</LongitudeDegrees></Position></Trackpoint><Trackpoint><Time>2026-08-12T14:17:56.000Z</Time><Position><LatitudeDegrees>58.62424479050787</LatitudeDegrees><LongitudeDegrees>59.79424328781675</LongitudeDegrees></Position></Trackpoint><Trackpoint><Time>2026-08-12T14:17:57.000Z</Time><Position><LatitudeDegrees>58.62424368931056</LatitudeDegrees><LongitudeDegrees>59.79426735398403</LongitudeDegrees></Position></Trackpoint><Trackpoint><Time>2026-08-12T14:17:57.000Z</Time><Position><LatitudeDegrees>58.624242385009</LatitudeDegrees><LongitudeDegrees>59.79429174730788</LongitudeDegrees></Position></Trackpoint><Trackpoint><Time>2026-08-12T14:17:58.000Z</Time><Position><LatitudeDegrees>58.62424067485685</LatitudeDegrees><LongitudeDegrees>59.794316571793864</LongitudeDegrees></Position></Trackpoint><Trackpoint><Time>2026-08-12T14:18:00.000Z</Time><Position><LatitudeDegrees>58.624238527446714</LatitudeDegrees><LongitudeDegrees>59.79434230454655</LongitudeDegrees></Position></Trackpoint><Trackpoint><Time>2026-08-12T14:18:01.000Z</Time><Position><LatitudeDegrees>58.62423598596538</LatitudeDegrees><LongitudeDegrees>59.794369025478844</LongitudeDegrees></Position></Trackpoint><Trackpoint><Time>2026-08-12T14:18:01.000Z</Time><Position><LatitudeDegrees>58.62423360838766</LatitudeDegrees><LongitudeDegrees>59.79439566144897</LongitudeDegrees></Position></Trackpoint><Trackpoint><Time>2026-08-12T14:18:02.000Z</Time><Position><LatitudeDegrees>58.624231603469426</LatitudeDegrees><LongitudeDegrees>59.79442178140611</LongitudeDegrees></Position></Trackpoint><Trackpoint><Time>2026-08-12T14:18:04.000Z</Time><Position><LatitudeDegrees>58.62422903013177</LatitudeDegrees><LongitudeDegrees>59.79444776366927</LongitudeDegrees></Position></Trackpoint><Trackpoint><Time>2026-08-12T14:18:04.000Z</Time><Position><LatitudeDegrees>58.62422655298404</LatitudeDegrees><LongitudeDegrees>59.79447329210503</LongitudeDegrees></Position></Trackpoint><Trackpoint><Time>2026-08-12T14:18:06.000Z</Time><Position><LatitudeDegrees>58.62422443338869</LatitudeDegrees><LongitudeDegrees>59.794498294767166</LongitudeDegrees></Position></Trackpoint><Trackpoint><Time>2026-08-12T14:18:06.000Z</Time><Position><LatitudeDegrees>58.62422273309218</LatitudeDegrees><LongitudeDegrees>59.794522809508074</LongitudeDegrees></Position></Trackpoint><Trackpoint><Time>2026-08-12T14:18:07.000Z</Time><Position><LatitudeDegrees>58.62422093409678</LatitudeDegrees><LongitudeDegrees>59.794547404151196</LongitudeDegrees></Position></Trackpoint><Trackpoint><Time>2026-08-12T14:18:09.000Z</Time><Position><LatitudeDegrees>58.62421883574161</LatitudeDegrees><LongitudeDegrees>59.794571812679216</LongitudeDegrees></Position></Trackpoint><Trackpoint><Time>2026-08-12T14:18:10.000Z</Time><Position><LatitudeDegrees>58.62421639381019</LatitudeDegrees><LongitudeDegrees>59.794596928646165</LongitudeDegrees></Position></Trackpoint><Trackpoint><Time>2026-08-12T14:18:11.000Z</Time><Position><LatitudeDegrees>58.62421363419019</LatitudeDegrees><LongitudeDegrees>59.794622539638056</LongitudeDegrees></Position></Trackpoint><Trackpoint><Time>2026-08-12T14:18:11.000Z</Time><Position><LatitudeDegrees>58.62421060831788</LatitudeDegrees><LongitudeDegrees>59.794648494640015</LongitudeDegrees></Position></Trackpoint><Trackpoint><Time>2026-08-12T14:18:13.000Z</Time><Position><LatitudeDegrees>58.624207861160116</LatitudeDegrees><LongitudeDegrees>59.79467517691654</LongitudeDegrees></Position></Trackpoint><Trackpoint><Time>2026-08-12T14:18:13.000Z</Time><Position><LatitudeDegrees>58.62420509176921</LatitudeDegrees><LongitudeDegrees>59.79470265096414</LongitudeDegrees></Position></Trackpoint><Trackpoint><Time>2026-08-12T14:18:15.000Z</Time><Position><LatitudeDegrees>58.62420266866909</LatitudeDegrees><LongitudeDegrees>59.79473035211139</LongitudeDegrees></Position></Trackpoint><Trackpoint><Time>2026-08-12T14:18:16.000Z</Time><Position><LatitudeDegrees>58.62419971996306</LatitudeDegrees><LongitudeDegrees>59.79475703943862</LongitudeDegrees></Position></Trackpoint><Trackpoint><Time>2026-08-12T14:18:17.000Z</Time><Position><LatitudeDegrees>58.624196443646326</LatitudeDegrees><LongitudeDegrees>59.79478282162663</LongitudeDegrees></Position></Trackpoint><Trackpoint><Time>2026-08-12T14:18:18.000Z</Time><Position><LatitudeDegrees>58.624192963308246</LatitudeDegrees><LongitudeDegrees>59.79480785960705</LongitudeDegrees></Position></Trackpoint><Trackpoint><Time>2026-08-12T14:18:19.000Z</Time><Position><LatitudeDegrees>58.62419033525412</LatitudeDegrees><LongitudeDegrees>59.7948328047854</LongitudeDegrees></Position></Trackpoint><Trackpoint><Time>2026-08-12T14:18:20.000Z</Time><Position><LatitudeDegrees>58.6241879058951</LatitudeDegrees><LongitudeDegrees>59.79485744773261</LongitudeDegrees></Position></Trackpoint><Trackpoint><Time>2026-08-12T14:18:21.000Z</Time><Position><LatitudeDegrees>58.624185870169896</LatitudeDegrees><LongitudeDegrees>59.79488272021094</LongitudeDegrees></Position></Trackpoint><Trackpoint><Time>2026-08-12T14:18:22.000Z</Time><Position><LatitudeDegrees>58.62418425783848</LatitudeDegrees><LongitudeDegrees>59.79490794593056</LongitudeDegrees></Position></Trackpoint><Trackpoint><Time>2026-08-12T14:18:23.000Z</Time><Position><LatitudeDegrees>58.62418253720441</LatitudeDegrees><LongitudeDegrees>59.794933341984795</LongitudeDegrees></Position></Trackpoint><Trackpoint><Time>2026-08-12T14:18:24.000Z</Time><Position><LatitudeDegrees>58.62418050319786</LatitudeDegrees><LongitudeDegrees>59.79495897591772</LongitudeDegrees></Position></Trackpoint><Trackpoint><Time>2026-08-12T14:18:25.000Z</Time><Position><LatitudeDegrees>58.624178111585124</LatitudeDegrees><LongitudeDegrees>59.79498484501487</LongitudeDegrees></Position></Trackpoint><Trackpoint><Time>2026-08-12T14:18:26.000Z</Time><Position><LatitudeDegrees>58.62417539004748</LatitudeDegrees><LongitudeDegrees>59.79501140758599</LongitudeDegrees></Position></Trackpoint><Trackpoint><Time>2026-08-12T14:18:27.000Z</Time><Position><LatitudeDegrees>58.62417190271976</LatitudeDegrees><LongitudeDegrees>59.795037784150736</LongitudeDegrees></Position></Trackpoint><Trackpoint><Time>2026-08-12T14:18:28.000Z</Time><Position><LatitudeDegrees>58.62416854760738</LatitudeDegrees><LongitudeDegrees>59.79506363638342</LongitudeDegrees></Position></Trackpoint><Trackpoint><Time>2026-08-12T14:18:29.000Z</Time><Position><LatitudeDegrees>58.62416518795867</LatitudeDegrees><LongitudeDegrees>59.79508938185808</LongitudeDegrees></Position></Trackpoint><Trackpoint><Time>2026-08-12T14:18:29.000Z</Time><Position><LatitudeDegrees>58.62416176803694</LatitudeDegrees><LongitudeDegrees>59.79511471663724</LongitudeDegrees></Position></Trackpoint><Trackpoint><Time>2026-08-12T14:18:31.000Z</Time><Position><LatitudeDegrees>58.62415827262394</LatitudeDegrees><LongitudeDegrees>59.795140057872075</LongitudeDegrees></Position></Trackpoint><Trackpoint><Time>2026-08-12T14:18:32.000Z</Time><Position><LatitudeDegrees>58.624154705141464</LatitudeDegrees><LongitudeDegrees>59.795166066141405</LongitudeDegrees></Position></Trackpoint><Trackpoint><Time>2026-08-12T14:18:33.000Z</Time><Position><LatitudeDegrees>58.62415107624873</LatitudeDegrees><LongitudeDegrees>59.7951919486595</LongitudeDegrees></Position></Trackpoint><Trackpoint><Time>2026-08-12T14:18:34.000Z</Time><Position><LatitudeDegrees>58.62414739821747</LatitudeDegrees><LongitudeDegrees>59.795217884681364</LongitudeDegrees></Position></Trackpoint><Trackpoint><Time>2026-08-12T14:18:35.000Z</Time><Position><LatitudeDegrees>58.624144661629686</LatitudeDegrees><LongitudeDegrees>59.79524345155243</LongitudeDegrees></Position></Trackpoint><Trackpoint><Time>2026-08-12T14:18:36.000Z</Time><Position><LatitudeDegrees>58.62414266399663</LatitudeDegrees><LongitudeDegrees>59.79526852258941</LongitudeDegrees></Position></Trackpoint><Trackpoint><Time>2026-08-12T14:18:37.000Z</Time><Position><LatitudeDegrees>58.624140737472324</LatitudeDegrees><LongitudeDegrees>59.79529408848069</LongitudeDegrees></Position></Trackpoint><Trackpoint><Time>2026-08-12T14:18:37.000Z</Time><Position><LatitudeDegrees>58.62413859788884</LatitudeDegrees><LongitudeDegrees>59.79531951448974</LongitudeDegrees></Position></Trackpoint><Trackpoint><Time>2026-08-12T14:18:38.000Z</Time><Position><LatitudeDegrees>58.62413664517277</LatitudeDegrees><LongitudeDegrees>59.79534553638582</LongitudeDegrees></Position></Trackpoint><Trackpoint><Time>2026-08-12T14:18:40.000Z</Time><Position><LatitudeDegrees>58.62413502004309</LatitudeDegrees><LongitudeDegrees>59.79537091187016</LongitudeDegrees></Position></Trackpoint><Trackpoint><Time>2026-08-12T14:18:41.000Z</Time><Position><LatitudeDegrees>58.62413324879673</LatitudeDegrees><LongitudeDegrees>59.79539570189932</LongitudeDegrees></Position></Trackpoint><Trackpoint><Time>2026-08-12T14:18:42.000Z</Time><Position><LatitudeDegrees>58.62413164471143</LatitudeDegrees><LongitudeDegrees>59.79542098594074</LongitudeDegrees></Position></Trackpoint><Trackpoint><Time>2026-08-12T14:18:43.000Z</Time><Position><LatitudeDegrees>58.624129825739935</LatitudeDegrees><LongitudeDegrees>59.79544616592816</LongitudeDegrees></Position></Trackpoint><Trackpoint><Time>2026-08-12T14:18:44.000Z</Time><Position><LatitudeDegrees>58.62412815173337</LatitudeDegrees><LongitudeDegrees>59.795471008913125</LongitudeDegrees></Position></Trackpoint><Trackpoint><Time>2026-08-12T14:18:45.000Z</Time><Position><LatitudeDegrees>58.6241262626738</LatitudeDegrees><LongitudeDegrees>59.79549595182406</LongitudeDegrees></Position></Trackpoint><Trackpoint><Time>2026-08-12T14:18:46.000Z</Time><Position><LatitudeDegrees>58.624124527506154</LatitudeDegrees><LongitudeDegrees>59.795521161777316</LongitudeDegrees></Position></Trackpoint><Trackpoint><Time>2026-08-12T14:18:47.000Z</Time><Position><LatitudeDegrees>58.6241235680331</LatitudeDegrees><LongitudeDegrees>59.795547162933126</LongitudeDegrees></Position></Trackpoint><Trackpoint><Time>2026-08-12T14:18:48.000Z</Time><Position><LatitudeDegrees>58.624123051163856</LatitudeDegrees><LongitudeDegrees>59.79557309038726</LongitudeDegrees></Position></Trackpoint><Trackpoint><Time>2026-08-12T14:18:49.000Z</Time><Position><LatitudeDegrees>58.624122782913005</LatitudeDegrees><LongitudeDegrees>59.79559859740281</LongitudeDegrees></Position></Trackpoint><Trackpoint><Time>2026-08-12T14:18:50.000Z</Time><Position><LatitudeDegrees>58.624122161870474</LatitudeDegrees><LongitudeDegrees>59.79562408475523</LongitudeDegrees></Position></Trackpoint><Trackpoint><Time>2026-08-12T14:18:50.000Z</Time><Position><LatitudeDegrees>58.62412098563581</LatitudeDegrees><LongitudeDegrees>59.79565020963158</LongitudeDegrees></Position></Trackpoint><Trackpoint><Time>2026-08-12T14:18:52.000Z</Time><Position><LatitudeDegrees>58.62411973172246</LatitudeDegrees><LongitudeDegrees>59.79567716085816</LongitudeDegrees></Position></Trackpoint><Trackpoint><Time>2026-08-12T14:18:53.000Z</Time><Position><LatitudeDegrees>58.62411811714569</LatitudeDegrees><LongitudeDegrees>59.79570344130729</LongitudeDegrees></Position></Trackpoint><Trackpoint><Time>2026-08-12T14:18:54.000Z</Time><Position><LatitudeDegrees>58.62411607165356</LatitudeDegrees><LongitudeDegrees>59.79572901011575</LongitudeDegrees></Position></Trackpoint><Trackpoint><Time>2026-08-12T14:18:55.000Z</Time><Position><LatitudeDegrees>58.62411362162132</LatitudeDegrees><LongitudeDegrees>59.795754431403324</LongitudeDegrees></Position></Trackpoint><Trackpoint><Time>2026-08-12T14:18:56.000Z</Time><Position><LatitudeDegrees>58.6241113194439</LatitudeDegrees><LongitudeDegrees>59.79577946681682</LongitudeDegrees></Position></Trackpoint><Trackpoint><Time>2026-08-12T14:18:57.000Z</Time><Position><LatitudeDegrees>58.62410937363901</LatitudeDegrees><LongitudeDegrees>59.795804557331415</LongitudeDegrees></Position></Trackpoint><Trackpoint><Time>2026-08-12T14:18:58.000Z</Time><Position><LatitudeDegrees>58.6241073347307</LatitudeDegrees><LongitudeDegrees>59.79582938787263</LongitudeDegrees></Position></Trackpoint><Trackpoint><Time>2026-08-12T14:18:59.000Z</Time><Position><LatitudeDegrees>58.62410502955948</LatitudeDegrees><LongitudeDegrees>59.79585484127071</LongitudeDegrees></Position></Trackpoint><Trackpoint><Time>2026-08-12T14:18:59.000Z</Time><Position><LatitudeDegrees>58.62410193137631</LatitudeDegrees><LongitudeDegrees>59.79588120116187</LongitudeDegrees></Position></Trackpoint><Trackpoint><Time>2026-08-12T14:19:01.000Z</Time><Position><LatitudeDegrees>58.624097925030256</LatitudeDegrees><LongitudeDegrees>59.795907978399306</LongitudeDegrees></Position></Trackpoint><Trackpoint><Time>2026-08-12T14:19:01.000Z</Time><Position><LatitudeDegrees>58.62409307965966</LatitudeDegrees><LongitudeDegrees>59.79593442835969</LongitudeDegrees></Position></Trackpoint><Trackpoint><Time>2026-08-12T14:19:03.000Z</Time><Position><LatitudeDegrees>58.62408802103614</LatitudeDegrees><LongitudeDegrees>59.79596077599843</LongitudeDegrees></Position></Trackpoint><Trackpoint><Time>2026-08-12T14:19:04.000Z</Time><Position><LatitudeDegrees>58.624083034243995</LatitudeDegrees><LongitudeDegrees>59.79598761670311</LongitudeDegrees></Position></Trackpoint><Trackpoint><Time>2026-08-12T14:19:05.000Z</Time><Position><LatitudeDegrees>58.62407871708164</LatitudeDegrees><LongitudeDegrees>59.796014642779305</LongitudeDegrees></Position></Trackpoint><Trackpoint><Time>2026-08-12T14:19:06.000Z</Time><Position><LatitudeDegrees>58.624075229796404</LatitudeDegrees><LongitudeDegrees>59.79604170371605</LongitudeDegrees></Position></Trackpoint><Trackpoint><Time>2026-08-12T14:19:07.000Z</Time><Position><LatitudeDegrees>58.62407253187003</LatitudeDegrees><LongitudeDegrees>59.796068243442974</LongitudeDegrees></Position></Trackpoint><Trackpoint><Time>2026-08-12T14:19:08.000Z</Time><Position><LatitudeDegrees>58.6240700156921</LatitudeDegrees><LongitudeDegrees>59.796094099848254</LongitudeDegrees></Position></Trackpoint><Trackpoint><Time>2026-08-12T14:19:09.000Z</Time><Position><LatitudeDegrees>58.62406740770125</LatitudeDegrees><LongitudeDegrees>59.79611929387214</LongitudeDegrees></Position></Trackpoint><Trackpoint><Time>2026-08-12T14:19:10.000Z</Time><Position><LatitudeDegrees>58.62406509663045</LatitudeDegrees><LongitudeDegrees>59.79614391915416</LongitudeDegrees></Position></Trackpoint><Trackpoint><Time>2026-08-12T14:19:11.000Z</Time><Position><LatitudeDegrees>58.62406320446368</LatitudeDegrees><LongitudeDegrees>59.79616808725537</LongitudeDegrees></Position></Trackpoint><Trackpoint><Time>2026-08-12T14:19:12.000Z</Time><Position><LatitudeDegrees>58.62406074845105</LatitudeDegrees><LongitudeDegrees>59.796192392409395</LongitudeDegrees></Position></Trackpoint><Trackpoint><Time>2026-08-12T14:19:13.000Z</Time><Position><LatitudeDegrees>58.62405788584278</LatitudeDegrees><LongitudeDegrees>59.79621706175096</LongitudeDegrees></Position></Trackpoint><Trackpoint><Time>2026-08-12T14:19:13.000Z</Time><Position><LatitudeDegrees>58.62405522319631</LatitudeDegrees><LongitudeDegrees>59.79624214207878</LongitudeDegrees></Position></Trackpoint><Trackpoint><Time>2026-08-12T14:19:15.000Z</Time><Position><LatitudeDegrees>58.62405298464741</LatitudeDegrees><LongitudeDegrees>59.79626759991668</LongitudeDegrees></Position></Trackpoint><Trackpoint><Time>2026-08-12T14:19:16.000Z</Time><Position><LatitudeDegrees>58.624050718459785</LatitudeDegrees><LongitudeDegrees>59.79629337302519</LongitudeDegrees></Position></Trackpoint><Trackpoint><Time>2026-08-12T14:19:17.000Z</Time><Position><LatitudeDegrees>58.62404824214074</LatitudeDegrees><LongitudeDegrees>59.796319395307535</LongitudeDegrees></Position></Trackpoint><Trackpoint><Time>2026-08-12T14:19:17.000Z</Time><Position><LatitudeDegrees>58.624045507503745</LatitudeDegrees><LongitudeDegrees>59.796346097172375</LongitudeDegrees></Position></Trackpoint><Trackpoint><Time>2026-08-12T14:19:18.000Z</Time><Position><LatitudeDegrees>58.624042527858705</LatitudeDegrees><LongitudeDegrees>59.796374058263595</LongitudeDegrees></Position></Trackpoint><Trackpoint><Time>2026-08-12T14:19:20.000Z</Time><Position><LatitudeDegrees>58.6240393401335</LatitudeDegrees><LongitudeDegrees>59.79640286606745</LongitudeDegrees></Position></Trackpoint><Trackpoint><Time>2026-08-12T14:19:21.000Z</Time><Position><LatitudeDegrees>58.62403598624302</LatitudeDegrees><LongitudeDegrees>59.796431752412126</LongitudeDegrees></Position></Trackpoint><Trackpoint><Time>2026-08-12T14:19:22.000Z</Time><Position><LatitudeDegrees>58.624032504776295</LatitudeDegrees><LongitudeDegrees>59.79645990124764</LongitudeDegrees></Position></Trackpoint><Trackpoint><Time>2026-08-12T14:19:23.000Z</Time><Position><LatitudeDegrees>58.62402843838915</LatitudeDegrees><LongitudeDegrees>59.79648707115557</LongitudeDegrees></Position></Trackpoint><Trackpoint><Time>2026-08-12T14:19:24.000Z</Time><Position><LatitudeDegrees>58.624024653026915</LatitudeDegrees><LongitudeDegrees>59.79651328835564</LongitudeDegrees></Position></Trackpoint><Trackpoint><Time>2026-08-12T14:19:25.000Z</Time><Position><LatitudeDegrees>58.624020979635</LatitudeDegrees><LongitudeDegrees>59.796539665145865</LongitudeDegrees></Position></Trackpoint><Trackpoint><Time>2026-08-12T14:19:26.000Z</Time><Position><LatitudeDegrees>58.62401733421987</LatitudeDegrees><LongitudeDegrees>59.79656614951387</LongitudeDegrees></Position></Trackpoint><Trackpoint><Time>2026-08-12T14:19:27.000Z</Time><Position><LatitudeDegrees>58.62401367859941</LatitudeDegrees><LongitudeDegrees>59.79659270623179</LongitudeDegrees></Position></Trackpoint><Trackpoint><Time>2026-08-12T14:19:27.000Z</Time><Position><LatitudeDegrees>58.6240104879694</LatitudeDegrees><LongitudeDegrees>59.79661882189499</LongitudeDegrees></Position></Trackpoint><Trackpoint><Time>2026-08-12T14:19:28.000Z</Time><Position><LatitudeDegrees>58.6240078983505</LatitudeDegrees><LongitudeDegrees>59.79664434167503</LongitudeDegrees></Position></Trackpoint><Trackpoint><Time>2026-08-12T14:19:30.000Z</Time><Position><LatitudeDegrees>58.62400588862168</LatitudeDegrees><LongitudeDegrees>59.79667025751032</LongitudeDegrees></Position></Trackpoint><Trackpoint><Time>2026-08-12T14:19:31.000Z</Time><Position><LatitudeDegrees>58.62400437565658</LatitudeDegrees><LongitudeDegrees>59.79669594785987</LongitudeDegrees></Position></Trackpoint><Trackpoint><Time>2026-08-12T14:19:32.000Z</Time><Position><LatitudeDegrees>58.624002771851515</LatitudeDegrees><LongitudeDegrees>59.79672167530372</LongitudeDegrees></Position></Trackpoint><Trackpoint><Time>2026-08-12T14:19:33.000Z</Time><Position><LatitudeDegrees>58.62400133648147</LatitudeDegrees><LongitudeDegrees>59.796747543220114</LongitudeDegrees></Position></Trackpoint><Trackpoint><Time>2026-08-12T14:19:34.000Z</Time><Position><LatitudeDegrees>58.62400064431677</LatitudeDegrees><LongitudeDegrees>59.79677308654359</LongitudeDegrees></Position></Trackpoint><Trackpoint><Time>2026-08-12T14:19:34.000Z</Time><Position><LatitudeDegrees>58.62399936784588</LatitudeDegrees><LongitudeDegrees>59.79679864501631</LongitudeDegrees></Position></Trackpoint><Trackpoint><Time>2026-08-12T14:19:36.000Z</Time><Position><LatitudeDegrees>58.6239975249607</LatitudeDegrees><LongitudeDegrees>59.79682533583229</LongitudeDegrees></Position></Trackpoint><Trackpoint><Time>2026-08-12T14:19:37.000Z</Time><Position><LatitudeDegrees>58.62399519572813</LatitudeDegrees><LongitudeDegrees>59.79685249453349</LongitudeDegrees></Position></Trackpoint><Trackpoint><Time>2026-08-12T14:19:38.000Z</Time><Position><LatitudeDegrees>58.623992965154955</LatitudeDegrees><LongitudeDegrees>59.796879787421574</LongitudeDegrees></Position></Trackpoint><Trackpoint><Time>2026-08-12T14:19:39.000Z</Time><Position><LatitudeDegrees>58.62399057189308</LatitudeDegrees><LongitudeDegrees>59.79690754945638</LongitudeDegrees></Position></Trackpoint><Trackpoint><Time>2026-08-12T14:19:39.000Z</Time><Position><LatitudeDegrees>58.6239879291915</LatitudeDegrees><LongitudeDegrees>59.79693487915002</LongitudeDegrees></Position></Trackpoint><Trackpoint><Time>2026-08-12T14:19:41.000Z</Time><Position><LatitudeDegrees>58.623984543727836</LatitudeDegrees><LongitudeDegrees>59.79696195034069</LongitudeDegrees></Position></Trackpoint><Trackpoint><Time>2026-08-12T14:19:42.000Z</Time><Position><LatitudeDegrees>58.62398128688912</LatitudeDegrees><LongitudeDegrees>59.7969888677992</LongitudeDegrees></Position></Trackpoint><Trackpoint><Time>2026-08-12T14:19:43.000Z</Time><Position><LatitudeDegrees>58.62397801142214</LatitudeDegrees><LongitudeDegrees>59.79701520479435</LongitudeDegrees></Position></Trackpoint><Trackpoint><Time>2026-08-12T14:19:44.000Z</Time><Position><LatitudeDegrees>58.62397465907403</LatitudeDegrees><LongitudeDegrees>59.79704086008559</LongitudeDegrees></Position></Trackpoint><Trackpoint><Time>2026-08-12T14:19:45.000Z</Time><Position><LatitudeDegrees>58.623971215721895</LatitudeDegrees><LongitudeDegrees>59.797066369084966</LongitudeDegrees></Position></Trackpoint><Trackpoint><Time>2026-08-12T14:19:46.000Z</Time><Position><LatitudeDegrees>58.62396817684029</LatitudeDegrees><LongitudeDegrees>59.797091481458736</LongitudeDegrees></Position></Trackpoint><Trackpoint><Time>2026-08-12T14:19:47.000Z</Time><Position><LatitudeDegrees>58.62396520495839</LatitudeDegrees><LongitudeDegrees>59.79711663462803</LongitudeDegrees></Position></Trackpoint><Trackpoint><Time>2026-08-12T14:19:48.000Z</Time><Position><LatitudeDegrees>58.62396264210573</LatitudeDegrees><LongitudeDegrees>59.7971415138908</LongitudeDegrees></Position></Trackpoint><Trackpoint><Time>2026-08-12T14:19:48.000Z</Time><Position><LatitudeDegrees>58.6239600870326</LatitudeDegrees><LongitudeDegrees>59.797166514408346</LongitudeDegrees></Position></Trackpoint><Trackpoint><Time>2026-08-12T14:19:49.000Z</Time><Position><LatitudeDegrees>58.62395688388187</LatitudeDegrees><LongitudeDegrees>59.79719178335841</LongitudeDegrees></Position></Trackpoint><Trackpoint><Time>2026-08-12T14:19:51.000Z</Time><Position><LatitudeDegrees>58.62395284572947</LatitudeDegrees><LongitudeDegrees>59.79721685729016</LongitudeDegrees></Position></Trackpoint><Trackpoint><Time>2026-08-12T14:19:52.000Z</Time><Position><LatitudeDegrees>58.62394751315444</LatitudeDegrees><LongitudeDegrees>59.7972415703694</LongitudeDegrees></Position></Trackpoint><Trackpoint><Time>2026-08-12T14:19:52.000Z</Time><Position><LatitudeDegrees>58.623941352699696</LatitudeDegrees><LongitudeDegrees>59.79726590061495</LongitudeDegrees></Position></Trackpoint><Trackpoint><Time>2026-08-12T14:19:54.000Z</Time><Position><LatitudeDegrees>58.6239351523709</LatitudeDegrees><LongitudeDegrees>59.797289398499736</LongitudeDegrees></Position></Trackpoint><Trackpoint><Time>2026-08-12T14:19:55.000Z</Time><Position><LatitudeDegrees>58.62392973142345</LatitudeDegrees><LongitudeDegrees>59.797312475336376</LongitudeDegrees></Position></Trackpoint><Trackpoint><Time>2026-08-12T14:19:56.000Z</Time><Position><LatitudeDegrees>58.623924837611014</LatitudeDegrees><LongitudeDegrees>59.79733633377925</LongitudeDegrees></Position></Trackpoint><Trackpoint><Time>2026-08-12T14:19:57.000Z</Time><Position><LatitudeDegrees>58.62392029939315</LatitudeDegrees><LongitudeDegrees>59.797360879192944</LongitudeDegrees></Position></Trackpoint><Trackpoint><Time>2026-08-12T14:19:57.000Z</Time><Position><LatitudeDegrees>58.62391551087315</LatitudeDegrees><LongitudeDegrees>59.79738598443178</LongitudeDegrees></Position></Trackpoint><Trackpoint><Time>2026-08-12T14:19:58.000Z</Time><Position><LatitudeDegrees>58.62391074425905</LatitudeDegrees><LongitudeDegrees>59.79741152528021</LongitudeDegrees></Position></Trackpoint><Trackpoint><Time>2026-08-12T14:20:00.000Z</Time><Position><LatitudeDegrees>58.62390610884361</LatitudeDegrees><LongitudeDegrees>59.79743641545107</LongitudeDegrees></Position></Trackpoint><Trackpoint><Time>2026-08-12T14:20:02.000Z</Time><Position><LatitudeDegrees>58.62390212240872</LatitudeDegrees><LongitudeDegrees>59.79745980147792</LongitudeDegrees></Position></Trackpoint><Trackpoint><Time>2026-08-12T14:20:03.000Z</Time><Position><LatitudeDegrees>58.62389891489854</LatitudeDegrees><LongitudeDegrees>59.79748201454007</LongitudeDegrees></Position></Trackpoint><Trackpoint><Time>2026-08-12T14:20:04.000Z</Time><Position><LatitudeDegrees>58.623896929465225</LatitudeDegrees><LongitudeDegrees>59.79750432079768</LongitudeDegrees></Position></Trackpoint><Trackpoint><Time>2026-08-12T14:20:04.000Z</Time><Position><LatitudeDegrees>58.62389570215127</LatitudeDegrees><LongitudeDegrees>59.79752722973622</LongitudeDegrees></Position></Trackpoint><Trackpoint><Time>2026-08-12T14:20:06.000Z</Time><Position><LatitudeDegrees>58.623894454969424</LatitudeDegrees><LongitudeDegrees>59.79754940499376</LongitudeDegrees></Position></Trackpoint><Trackpoint><Time>2026-08-12T14:20:06.000Z</Time><Position><LatitudeDegrees>58.62389238045798</LatitudeDegrees><LongitudeDegrees>59.79757087998936</LongitudeDegrees></Position></Trackpoint><Trackpoint><Time>2026-08-12T14:20:07.000Z</Time><Position><LatitudeDegrees>58.62388974187441</LatitudeDegrees><LongitudeDegrees>59.79759322719552</LongitudeDegrees></Position></Trackpoint><Trackpoint><Time>2026-08-12T14:20:09.000Z</Time><Position><LatitudeDegrees>58.62388769925594</LatitudeDegrees><LongitudeDegrees>59.79761747187256</LongitudeDegrees></Position></Trackpoint><Trackpoint><Time>2026-08-12T14:20:10.000Z</Time><Position><LatitudeDegrees>58.62388616424277</LatitudeDegrees><LongitudeDegrees>59.79764379271937</LongitudeDegrees></Position></Trackpoint><Trackpoint><Time>2026-08-12T14:20:11.000Z</Time><Position><LatitudeDegrees>58.62388454568438</LatitudeDegrees><LongitudeDegrees>59.79767150724623</LongitudeDegrees></Position></Trackpoint><Trackpoint><Time>2026-08-12T14:20:12.000Z</Time><Position><LatitudeDegrees>58.62388212123757</LatitudeDegrees><LongitudeDegrees>59.79769966589378</LongitudeDegrees></Position></Trackpoint><Trackpoint><Time>2026-08-12T14:20:13.000Z</Time><Position><LatitudeDegrees>58.623879186462496</LatitudeDegrees><LongitudeDegrees>59.79772831021021</LongitudeDegrees></Position></Trackpoint><Trackpoint><Time>2026-08-12T14:20:13.000Z</Time><Position><LatitudeDegrees>58.62387592858054</LatitudeDegrees><LongitudeDegrees>59.79775641575034</LongitudeDegrees></Position></Trackpoint><Trackpoint><Time>2026-08-12T14:20:14.000Z</Time><Position><LatitudeDegrees>58.62387295577661</LatitudeDegrees><LongitudeDegrees>59.79778411937524</LongitudeDegrees></Position></Trackpoint><Trackpoint><Time>2026-08-12T14:20:16.000Z</Time><Position><LatitudeDegrees>58.62387097154282</LatitudeDegrees><LongitudeDegrees>59.79781152903405</LongitudeDegrees></Position></Trackpoint><Trackpoint><Time>2026-08-12T14:20:17.000Z</Time><Position><LatitudeDegrees>58.623870138719205</LatitudeDegrees><LongitudeDegrees>59.797838237303324</LongitudeDegrees></Position></Trackpoint><Trackpoint><Time>2026-08-12T14:20:18.000Z</Time><Position><LatitudeDegrees>58.623870376586964</LatitudeDegrees><LongitudeDegrees>59.79786465602541</LongitudeDegrees></Position></Trackpoint><Trackpoint><Time>2026-08-12T14:20:19.000Z</Time><Position><LatitudeDegrees>58.62387102487117</LatitudeDegrees><LongitudeDegrees>59.79789099197365</LongitudeDegrees></Position></Trackpoint><Trackpoint><Time>2026-08-12T14:20:20.000Z</Time><Position><LatitudeDegrees>58.62387224858288</LatitudeDegrees><LongitudeDegrees>59.797917340928116</LongitudeDegrees></Position></Trackpoint><Trackpoint><Time>2026-08-12T14:20:21.000Z</Time><Position><LatitudeDegrees>58.623873062602655</LatitudeDegrees><LongitudeDegrees>59.797943740664884</LongitudeDegrees></Position></Trackpoint><Trackpoint><Time>2026-08-12T14:20:22.000Z</Time><Position><LatitudeDegrees>58.623873603419426</LatitudeDegrees><LongitudeDegrees>59.79797020022359</LongitudeDegrees></Position></Trackpoint><Trackpoint><Time>2026-08-12T14:20:23.000Z</Time><Position><LatitudeDegrees>58.623873472698456</LatitudeDegrees><LongitudeDegrees>59.79799671564899</LongitudeDegrees></Position></Trackpoint><Trackpoint><Time>2026-08-12T14:20:24.000Z</Time><Position><LatitudeDegrees>58.62387259258307</LatitudeDegrees><LongitudeDegrees>59.79802278853117</LongitudeDegrees></Position></Trackpoint><Trackpoint><Time>2026-08-12T14:20:24.000Z</Time><Position><LatitudeDegrees>58.623871027192926</LatitudeDegrees><LongitudeDegrees>59.798048760018666</LongitudeDegrees></Position></Trackpoint><Trackpoint><Time>2026-08-12T14:20:26.000Z</Time><Position><LatitudeDegrees>58.62386938049925</LatitudeDegrees><LongitudeDegrees>59.798074783621686</LongitudeDegrees></Position></Trackpoint><Trackpoint><Time>2026-08-12T14:20:26.000Z</Time><Position><LatitudeDegrees>58.623867422062084</LatitudeDegrees><LongitudeDegrees>59.79810091587189</LongitudeDegrees></Position></Trackpoint><Trackpoint><Time>2026-08-12T14:20:28.000Z</Time><Position><LatitudeDegrees>58.623865586601</LatitudeDegrees><LongitudeDegrees>59.79812716610621</LongitudeDegrees></Position></Trackpoint><Trackpoint><Time>2026-08-12T14:20:28.000Z</Time><Position><LatitudeDegrees>58.62386305814298</LatitudeDegrees><LongitudeDegrees>59.79815352302683</LongitudeDegrees></Position></Trackpoint><Trackpoint><Time>2026-08-12T14:20:30.000Z</Time><Position><LatitudeDegrees>58.623860079198856</LatitudeDegrees><LongitudeDegrees>59.7981799682879</LongitudeDegrees></Position></Trackpoint><Trackpoint><Time>2026-08-12T14:20:31.000Z</Time><Position><LatitudeDegrees>58.62385680746188</LatitudeDegrees><LongitudeDegrees>59.79820648299561</LongitudeDegrees></Position></Trackpoint><Trackpoint><Time>2026-08-12T14:20:32.000Z</Time><Position><LatitudeDegrees>58.623853835065525</LatitudeDegrees><LongitudeDegrees>59.798232560844895</LongitudeDegrees></Position></Trackpoint><Trackpoint><Time>2026-08-12T14:20:32.000Z</Time><Position><LatitudeDegrees>58.6238513674502</LatitudeDegrees><LongitudeDegrees>59.798258539003164</LongitudeDegrees></Position></Trackpoint><Trackpoint><Time>2026-08-12T14:20:33.000Z</Time><Position><LatitudeDegrees>58.62384844521399</LatitudeDegrees><LongitudeDegrees>59.798284569122394</LongitudeDegrees></Position></Trackpoint><Trackpoint><Time>2026-08-12T14:20:35.000Z</Time><Position><LatitudeDegrees>58.62384620042494</LatitudeDegrees><LongitudeDegrees>59.7983102173782</LongitudeDegrees></Position></Trackpoint><Trackpoint><Time>2026-08-12T14:20:36.000Z</Time><Position><LatitudeDegrees>58.62384452274651</LatitudeDegrees><LongitudeDegrees>59.79833535411882</LongitudeDegrees></Position></Trackpoint><Trackpoint><Time>2026-08-12T14:20:36.000Z</Time><Position><LatitudeDegrees>58.62384280434001</LatitudeDegrees><LongitudeDegrees>59.79836048121216</LongitudeDegrees></Position></Trackpoint><Trackpoint><Time>2026-08-12T14:20:38.000Z</Time><Position><LatitudeDegrees>58.6238412897152</LatitudeDegrees><LongitudeDegrees>59.798385806582374</LongitudeDegrees></Position></Trackpoint><Trackpoint><Time>2026-08-12T14:20:39.000Z</Time><Position><LatitudeDegrees>58.62384005341429</LatitudeDegrees><LongitudeDegrees>59.7984109008004</LongitudeDegrees></Position></Trackpoint><Trackpoint><Time>2026-08-12T14:20:39.000Z</Time><Position><LatitudeDegrees>58.623838600803175</LatitudeDegrees><LongitudeDegrees>59.79843610629168</LongitudeDegrees></Position></Trackpoint><Trackpoint><Time>2026-08-12T14:20:41.000Z</Time><Position><LatitudeDegrees>58.62383675593812</LatitudeDegrees><LongitudeDegrees>59.79846154979669</LongitudeDegrees></Position></Trackpoint><Trackpoint><Time>2026-08-12T14:20:42.000Z</Time><Position><LatitudeDegrees>58.62383449670484</LatitudeDegrees><LongitudeDegrees>59.79848725296268</LongitudeDegrees></Position></Trackpoint><Trackpoint><Time>2026-08-12T14:20:43.000Z</Time><Position><LatitudeDegrees>58.62383137756883</LatitudeDegrees><LongitudeDegrees>59.79851368098822</LongitudeDegrees></Position></Trackpoint><Trackpoint><Time>2026-08-12T14:20:44.000Z</Time><Position><LatitudeDegrees>58.62382781502197</LatitudeDegrees><LongitudeDegrees>59.798539463591126</LongitudeDegrees></Position></Trackpoint><Trackpoint><Time>2026-08-12T14:20:45.000Z</Time><Position><LatitudeDegrees>58.62382452711123</LatitudeDegrees><LongitudeDegrees>59.79856509850375</LongitudeDegrees></Position></Trackpoint><Trackpoint><Time>2026-08-12T14:20:46.000Z</Time><Position><LatitudeDegrees>58.62382128469255</LatitudeDegrees><LongitudeDegrees>59.798590320054075</LongitudeDegrees></Position></Trackpoint><Trackpoint><Time>2026-08-12T14:20:46.000Z</Time><Position><LatitudeDegrees>58.62381798755793</LatitudeDegrees><LongitudeDegrees>59.79861507188394</LongitudeDegrees></Position></Trackpoint><Trackpoint><Time>2026-08-12T14:20:48.000Z</Time><Position><LatitudeDegrees>58.62381460146108</LatitudeDegrees><LongitudeDegrees>59.798639880681684</LongitudeDegrees></Position></Trackpoint><Trackpoint><Time>2026-08-12T14:20:48.000Z</Time><Position><LatitudeDegrees>58.62381112371639</LatitudeDegrees><LongitudeDegrees>59.79866495604341</LongitudeDegrees></Position></Trackpoint><Trackpoint><Time>2026-08-12T14:20:50.000Z</Time><Position><LatitudeDegrees>58.62380805459134</LatitudeDegrees><LongitudeDegrees>59.79868986046407</LongitudeDegrees></Position></Trackpoint><Trackpoint><Time>2026-08-12T14:20:50.000Z</Time><Position><LatitudeDegrees>58.623805058056426</LatitudeDegrees><LongitudeDegrees>59.798714925315146</LongitudeDegrees></Position></Trackpoint><Trackpoint><Time>2026-08-12T14:20:51.000Z</Time><Position><LatitudeDegrees>58.623802965627874</LatitudeDegrees><LongitudeDegrees>59.798739776864835</LongitudeDegrees></Position></Trackpoint><Trackpoint><Time>2026-08-12T14:20:53.000Z</Time><Position><LatitudeDegrees>58.62380151410052</LatitudeDegrees><LongitudeDegrees>59.79876428857484</LongitudeDegrees></Position></Trackpoint><Trackpoint><Time>2026-08-12T14:20:54.000Z</Time><Position><LatitudeDegrees>58.62380051281899</LatitudeDegrees><LongitudeDegrees>59.798788941560986</LongitudeDegrees></Position></Trackpoint><Trackpoint><Time>2026-08-12T14:20:55.000Z</Time><Position><LatitudeDegrees>58.62379982547667</LatitudeDegrees><LongitudeDegrees>59.798813915830245</LongitudeDegrees></Position></Trackpoint><Trackpoint><Time>2026-08-12T14:20:56.000Z</Time><Position><LatitudeDegrees>58.62379935564432</LatitudeDegrees><LongitudeDegrees>59.798838265058045</LongitudeDegrees></Position></Trackpoint><Trackpoint><Time>2026-08-12T14:20:56.000Z</Time><Position><LatitudeDegrees>58.62380001491336</LatitudeDegrees><LongitudeDegrees>59.79886216935012</LongitudeDegrees></Position></Trackpoint><Trackpoint><Time>2026-08-12T14:20:57.000Z</Time><Position><LatitudeDegrees>58.62380154417842</LatitudeDegrees><LongitudeDegrees>59.798884291154984</LongitudeDegrees></Position></Trackpoint><Trackpoint><Time>2026-08-12T14:20:59.000Z</Time><Position><LatitudeDegrees>58.62380323545801</LatitudeDegrees><LongitudeDegrees>59.798905287625104</LongitudeDegrees></Position></Trackpoint><Trackpoint><Time>2026-08-12T14:21:00.000Z</Time><Position><LatitudeDegrees>58.62380477638741</LatitudeDegrees><LongitudeDegrees>59.79892606344341</LongitudeDegrees></Position></Trackpoint><Trackpoint><Time>2026-08-12T14:21:01.000Z</Time><Position><LatitudeDegrees>58.62380605762163</LatitudeDegrees><LongitudeDegrees>59.798947509119444</LongitudeDegrees></Position></Trackpoint><Trackpoint><Time>2026-08-12T14:21:01.000Z</Time><Position><LatitudeDegrees>58.623808046681475</LatitudeDegrees><LongitudeDegrees>59.79896892619827</LongitudeDegrees></Position></Trackpoint><Trackpoint><Time>2026-08-12T14:21:03.000Z</Time><Position><LatitudeDegrees>58.62381007195471</LatitudeDegrees><LongitudeDegrees>59.79899149953513</LongitudeDegrees></Position></Trackpoint><Trackpoint><Time>2026-08-12T14:21:04.000Z</Time><Position><LatitudeDegrees>58.6238128314223</LatitudeDegrees><LongitudeDegrees>59.799014099857075</LongitudeDegrees></Position></Trackpoint><Trackpoint><Time>2026-08-12T14:21:04.000Z</Time><Position><LatitudeDegrees>58.62381553908212</LatitudeDegrees><LongitudeDegrees>59.79903723784961</LongitudeDegrees></Position></Trackpoint><Trackpoint><Time>2026-08-12T14:21:06.000Z</Time><Position><LatitudeDegrees>58.62381885710298</LatitudeDegrees><LongitudeDegrees>59.799060075599606</LongitudeDegrees></Position></Trackpoint><Trackpoint><Time>2026-08-12T14:21:07.000Z</Time><Position><LatitudeDegrees>58.62382200062791</LatitudeDegrees><LongitudeDegrees>59.799083285783404</LongitudeDegrees></Position></Trackpoint><Trackpoint><Time>2026-08-12T14:21:07.000Z</Time><Position><LatitudeDegrees>58.62382417921231</LatitudeDegrees><LongitudeDegrees>59.79910660801963</LongitudeDegrees></Position></Trackpoint><Trackpoint><Time>2026-08-12T14:21:09.000Z</Time><Position><LatitudeDegrees>58.62382568078402</LatitudeDegrees><LongitudeDegrees>59.7991304103034</LongitudeDegrees></Position></Trackpoint><Trackpoint><Time>2026-08-12T14:21:09.000Z</Time><Position><LatitudeDegrees>58.62382671081487</LatitudeDegrees><LongitudeDegrees>59.79915429296338</LongitudeDegrees></Position></Trackpoint><Trackpoint><Time>2026-08-12T14:21:11.000Z</Time><Position><LatitudeDegrees>58.623826924835946</LatitudeDegrees><LongitudeDegrees>59.79917906030666</LongitudeDegrees></Position></Trackpoint><Trackpoint><Time>2026-08-12T14:21:12.000Z</Time><Position><LatitudeDegrees>58.62382628571709</LatitudeDegrees><LongitudeDegrees>59.79920444041535</LongitudeDegrees></Position></Trackpoint><Trackpoint><Time>2026-08-12T14:21:13.000Z</Time><Position><LatitudeDegrees>58.62382537727669</LatitudeDegrees><LongitudeDegrees>59.799229753046454</LongitudeDegrees></Position></Trackpoint><Trackpoint><Time>2026-08-12T14:21:14.000Z</Time><Position><LatitudeDegrees>58.623824474517654</LatitudeDegrees><LongitudeDegrees>59.79925521632449</LongitudeDegrees></Position></Trackpoint><Trackpoint><Time>2026-08-12T14:21:15.000Z</Time><Position><LatitudeDegrees>58.62382320035553</LatitudeDegrees><LongitudeDegrees>59.799280900745096</LongitudeDegrees></Position></Trackpoint><Trackpoint><Time>2026-08-12T14:21:16.000Z</Time><Position><LatitudeDegrees>58.623820957552766</LatitudeDegrees><LongitudeDegrees>59.799306806957425</LongitudeDegrees></Position></Trackpoint><Trackpoint><Time>2026-08-12T14:21:17.000Z</Time><Position><LatitudeDegrees>58.62381811408121</LatitudeDegrees><LongitudeDegrees>59.79933290676218</LongitudeDegrees></Position></Trackpoint><Trackpoint><Time>2026-08-12T14:21:17.000Z</Time><Position><LatitudeDegrees>58.623815388189485</LatitudeDegrees><LongitudeDegrees>59.79935867408804</LongitudeDegrees></Position></Trackpoint><Trackpoint><Time>2026-08-12T14:21:18.000Z</Time><Position><LatitudeDegrees>58.62381306058513</LatitudeDegrees><LongitudeDegrees>59.79938491417568</LongitudeDegrees></Position></Trackpoint><Trackpoint><Time>2026-08-12T14:21:19.000Z</Time><Position><LatitudeDegrees>58.623811195753284</LatitudeDegrees><LongitudeDegrees>59.79941091875059</LongitudeDegrees></Position></Trackpoint><Trackpoint><Time>2026-08-12T14:21:20.000Z</Time><Position><LatitudeDegrees>58.62380976085494</LatitudeDegrees><LongitudeDegrees>59.79943691596001</LongitudeDegrees></Position></Trackpoint><Trackpoint><Time>2026-08-12T14:21:21.000Z</Time><Position><LatitudeDegrees>58.623808197573965</LatitudeDegrees><LongitudeDegrees>59.79946300070793</LongitudeDegrees></Position></Trackpoint><Trackpoint><Time>2026-08-12T14:21:22.000Z</Time><Position><LatitudeDegrees>58.62380678206548</LatitudeDegrees><LongitudeDegrees>59.799487732011706</LongitudeDegrees></Position></Trackpoint><Trackpoint><Time>2026-08-12T14:21:24.000Z</Time><Position><LatitudeDegrees>58.62380511948239</LatitudeDegrees><LongitudeDegrees>59.7995126485816</LongitudeDegrees></Position></Trackpoint><Trackpoint><Time>2026-08-12T14:21:24.000Z</Time><Position><LatitudeDegrees>58.62380307892514</LatitudeDegrees><LongitudeDegrees>59.799537870720556</LongitudeDegrees></Position></Trackpoint><Trackpoint><Time>2026-08-12T14:21:25.000Z</Time><Position><LatitudeDegrees>58.62380114460796</LatitudeDegrees><LongitudeDegrees>59.7995624295328</LongitudeDegrees></Position></Trackpoint><Trackpoint><Time>2026-08-12T14:21:26.000Z</Time><Position><LatitudeDegrees>58.62379950231067</LatitudeDegrees><LongitudeDegrees>59.799586500742315</LongitudeDegrees></Position></Trackpoint><Trackpoint><Time>2026-08-12T14:21:27.000Z</Time><Position><LatitudeDegrees>58.62379868067389</LatitudeDegrees><LongitudeDegrees>59.79961021930119</LongitudeDegrees></Position></Trackpoint><Trackpoint><Time>2026-08-12T14:21:29.000Z</Time><Position><LatitudeDegrees>58.6237978128577</LatitudeDegrees><LongitudeDegrees>59.799634175659975</LongitudeDegrees></Position></Trackpoint><Trackpoint><Time>2026-08-12T14:21:30.000Z</Time><Position><LatitudeDegrees>58.623796547795564</LatitudeDegrees><LongitudeDegrees>59.799658582464644</LongitudeDegrees></Position></Trackpoint><Trackpoint><Time>2026-08-12T14:21:31.000Z</Time><Position><LatitudeDegrees>58.62379528150311</LatitudeDegrees><LongitudeDegrees>59.79968249025461</LongitudeDegrees></Position></Trackpoint><Trackpoint><Time>2026-08-12T14:21:32.000Z</Time><Position><LatitudeDegrees>58.623793687620065</LatitudeDegrees><LongitudeDegrees>59.799704592836896</LongitudeDegrees></Position></Trackpoint><Trackpoint><Time>2026-08-12T14:21:33.000Z</Time><Position><LatitudeDegrees>58.62379216339677</LatitudeDegrees><LongitudeDegrees>59.7997260528052</LongitudeDegrees></Position></Trackpoint><Trackpoint><Time>2026-08-12T14:21:34.000Z</Time><Position><LatitudeDegrees>58.62379037388282</LatitudeDegrees><LongitudeDegrees>59.7997474314329</LongitudeDegrees></Position></Trackpoint><Trackpoint><Time>2026-08-12T14:21:35.000Z</Time><Position><LatitudeDegrees>58.623788704794734</LatitudeDegrees><LongitudeDegrees>59.7997704391429</LongitudeDegrees></Position></Trackpoint><Trackpoint><Time>2026-08-12T14:21:36.000Z</Time><Position><LatitudeDegrees>58.62378729952697</LatitudeDegrees><LongitudeDegrees>59.79979410242228</LongitudeDegrees></Position></Trackpoint><Trackpoint><Time>2026-08-12T14:21:37.000Z</Time><Position><LatitudeDegrees>58.62378618327319</LatitudeDegrees><LongitudeDegrees>59.799818425815246</LongitudeDegrees></Position></Trackpoint><Trackpoint><Time>2026-08-12T14:21:38.000Z</Time><Position><LatitudeDegrees>58.6237853293145</LatitudeDegrees><LongitudeDegrees>59.79984381607929</LongitudeDegrees></Position></Trackpoint><Trackpoint><Time>2026-08-12T14:21:39.000Z</Time><Position><LatitudeDegrees>58.62378420337136</LatitudeDegrees><LongitudeDegrees>59.799869814188796</LongitudeDegrees></Position></Trackpoint><Trackpoint><Time>2026-08-12T14:21:40.000Z</Time><Position><LatitudeDegrees>58.62378213070781</LatitudeDegrees><LongitudeDegrees>59.79989664269629</LongitudeDegrees></Position></Trackpoint><Trackpoint><Time>2026-08-12T14:21:41.000Z</Time><Position><LatitudeDegrees>58.623779444565834</LatitudeDegrees><LongitudeDegrees>59.799924286675996</LongitudeDegrees></Position></Trackpoint><Trackpoint><Time>2026-08-12T14:21:42.000Z</Time><Position><LatitudeDegrees>58.623775871314</LatitudeDegrees><LongitudeDegrees>59.79995214570574</LongitudeDegrees></Position></Trackpoint><Trackpoint><Time>2026-08-12T14:21:43.000Z</Time><Position><LatitudeDegrees>58.623772391342214</LatitudeDegrees><LongitudeDegrees>59.799979944910305</LongitudeDegrees></Position></Trackpoint><Trackpoint><Time>2026-08-12T14:21:44.000Z</Time><Position><LatitudeDegrees>58.62376890682475</LatitudeDegrees><LongitudeDegrees>59.800007089154754</LongitudeDegrees></Position></Trackpoint><Trackpoint><Time>2026-08-12T14:21:45.000Z</Time><Position><LatitudeDegrees>58.62376537805715</LatitudeDegrees><LongitudeDegrees>59.80003390701644</LongitudeDegrees></Position></Trackpoint><Trackpoint><Time>2026-08-12T14:21:46.000Z</Time><Position><LatitudeDegrees>58.623761304756606</LatitudeDegrees><LongitudeDegrees>59.80006057570521</LongitudeDegrees></Position></Trackpoint><Trackpoint><Time>2026-08-12T14:21:47.000Z</Time><Position><LatitudeDegrees>58.62375704039058</LatitudeDegrees><LongitudeDegrees>59.8000871873481</LongitudeDegrees></Position></Trackpoint><Trackpoint><Time>2026-08-12T14:21:48.000Z</Time><Position><LatitudeDegrees>58.62375324466233</LatitudeDegrees><LongitudeDegrees>59.80011329759723</LongitudeDegrees></Position></Trackpoint><Trackpoint><Time>2026-08-12T14:21:49.000Z</Time><Position><LatitudeDegrees>58.62374963950011</LatitudeDegrees><LongitudeDegrees>59.80013878780845</LongitudeDegrees></Position></Trackpoint><Trackpoint><Time>2026-08-12T14:21:50.000Z</Time><Position><LatitudeDegrees>58.623747065147064</LatitudeDegrees><LongitudeDegrees>59.800164178311704</LongitudeDegrees></Position></Trackpoint><Trackpoint><Time>2026-08-12T14:21:51.000Z</Time><Position><LatitudeDegrees>58.62374524572993</LatitudeDegrees><LongitudeDegrees>59.80018920658294</LongitudeDegrees></Position></Trackpoint><Trackpoint><Time>2026-08-12T14:21:51.000Z</Time><Position><LatitudeDegrees>58.62374397074001</LatitudeDegrees><LongitudeDegrees>59.80021430060857</LongitudeDegrees></Position></Trackpoint><Trackpoint><Time>2026-08-12T14:21:52.000Z</Time><Position><LatitudeDegrees>58.623742593995786</LatitudeDegrees><LongitudeDegrees>59.80023913859757</LongitudeDegrees></Position></Trackpoint><Trackpoint><Time>2026-08-12T14:21:54.000Z</Time><Position><LatitudeDegrees>58.623740862438154</LatitudeDegrees><LongitudeDegrees>59.800264600108804</LongitudeDegrees></Position></Trackpoint><Trackpoint><Time>2026-08-12T14:21:55.000Z</Time><Position><LatitudeDegrees>58.62373920699934</LatitudeDegrees><LongitudeDegrees>59.8002904777352</LongitudeDegrees></Position></Trackpoint><Trackpoint><Time>2026-08-12T14:21:56.000Z</Time><Position><LatitudeDegrees>58.623736816160616</LatitudeDegrees><LongitudeDegrees>59.800316632651864</LongitudeDegrees></Position></Trackpoint><Trackpoint><Time>2026-08-12T14:21:57.000Z</Time><Position><LatitudeDegrees>58.623733939709595</LatitudeDegrees><LongitudeDegrees>59.80034248248566</LongitudeDegrees></Position></Trackpoint><Trackpoint><Time>2026-08-12T14:21:58.000Z</Time><Position><LatitudeDegrees>58.62373074284476</LatitudeDegrees><LongitudeDegrees>59.80036831616346</LongitudeDegrees></Position></Trackpoint><Trackpoint><Time>2026-08-12T14:21:59.000Z</Time><Position><LatitudeDegrees>58.62372782433558</LatitudeDegrees><LongitudeDegrees>59.800394254748575</LongitudeDegrees></Position></Trackpoint><Trackpoint><Time>2026-08-12T14:22:00.000Z</Time><Position><LatitudeDegrees>58.623724905438166</LatitudeDegrees><LongitudeDegrees>59.800419845023605</LongitudeDegrees></Position></Trackpoint><Trackpoint><Time>2026-08-12T14:22:01.000Z</Time><Position><LatitudeDegrees>58.62372187140631</LatitudeDegrees><LongitudeDegrees>59.80044494504358</LongitudeDegrees></Position></Trackpoint><Trackpoint><Time>2026-08-12T14:22:02.000Z</Time><Position><LatitudeDegrees>58.62371917937164</LatitudeDegrees><LongitudeDegrees>59.80047004888495</LongitudeDegrees></Position></Trackpoint><Trackpoint><Time>2026-08-12T14:22:03.000Z</Time><Position><LatitudeDegrees>58.62371648409078</LatitudeDegrees><LongitudeDegrees>59.80049535953438</LongitudeDegrees></Position></Trackpoint><Trackpoint><Time>2026-08-12T14:22:04.000Z</Time><Position><LatitudeDegrees>58.62371413340824</LatitudeDegrees><LongitudeDegrees>59.800520444434454</LongitudeDegrees></Position></Trackpoint><Trackpoint><Time>2026-08-12T14:22:05.000Z</Time><Position><LatitudeDegrees>58.62371173673871</LatitudeDegrees><LongitudeDegrees>59.8005456440288</LongitudeDegrees></Position></Trackpoint><Trackpoint><Time>2026-08-12T14:22:06.000Z</Time><Position><LatitudeDegrees>58.62370913912849</LatitudeDegrees><LongitudeDegrees>59.800571083802616</LongitudeDegrees></Position></Trackpoint><Trackpoint><Time>2026-08-12T14:22:06.000Z</Time><Position><LatitudeDegrees>58.62370630255292</LatitudeDegrees><LongitudeDegrees>59.800596784608224</LongitudeDegrees></Position></Trackpoint><Trackpoint><Time>2026-08-12T14:22:07.000Z</Time><Position><LatitudeDegrees>58.623703242023</LatitudeDegrees><LongitudeDegrees>59.80062272153027</LongitudeDegrees></Position></Trackpoint><Trackpoint><Time>2026-08-12T14:22:09.000Z</Time><Position><LatitudeDegrees>58.6237004820756</LatitudeDegrees><LongitudeDegrees>59.800648854002596</LongitudeDegrees></Position></Trackpoint><Trackpoint><Time>2026-08-12T14:22:09.000Z</Time><Position><LatitudeDegrees>58.62369771054255</LatitudeDegrees><LongitudeDegrees>59.800674650609494</LongitudeDegrees></Position></Trackpoint><Trackpoint><Time>2026-08-12T14:22:11.000Z</Time><Position><LatitudeDegrees>58.623694800349604</LatitudeDegrees><LongitudeDegrees>59.80069993560409</LongitudeDegrees></Position></Trackpoint><Trackpoint><Time>2026-08-12T14:22:12.000Z</Time><Position><LatitudeDegrees>58.623691716960124</LatitudeDegrees><LongitudeDegrees>59.800725191883224</LongitudeDegrees></Position></Trackpoint><Trackpoint><Time>2026-08-12T14:22:13.000Z</Time><Position><LatitudeDegrees>58.62368895799091</LatitudeDegrees><LongitudeDegrees>59.80075062200552</LongitudeDegrees></Position></Trackpoint><Trackpoint><Time>2026-08-12T14:22:13.000Z</Time><Position><LatitudeDegrees>58.623686197127675</LatitudeDegrees><LongitudeDegrees>59.80077628707887</LongitudeDegrees></Position></Trackpoint><Trackpoint><Time>2026-08-12T14:22:15.000Z</Time><Position><LatitudeDegrees>58.623683789837045</LatitudeDegrees><LongitudeDegrees>59.80080169250329</LongitudeDegrees></Position></Trackpoint><Trackpoint><Time>2026-08-12T14:22:16.000Z</Time><Position><LatitudeDegrees>58.62368183713151</LatitudeDegrees><LongitudeDegrees>59.80082764713282</LongitudeDegrees></Position></Trackpoint><Trackpoint><Time>2026-08-12T14:22:16.000Z</Time><Position><LatitudeDegrees>58.623679832655455</LatitudeDegrees><LongitudeDegrees>59.80085392398025</LongitudeDegrees></Position></Trackpoint><Trackpoint><Time>2026-08-12T14:22:18.000Z</Time><Position><LatitudeDegrees>58.62367806413004</LatitudeDegrees><LongitudeDegrees>59.80088087781912</LongitudeDegrees></Position></Trackpoint><Trackpoint><Time>2026-08-12T14:22:19.000Z</Time><Position><LatitudeDegrees>58.62367613015391</LatitudeDegrees><LongitudeDegrees>59.80090758864494</LongitudeDegrees></Position></Trackpoint><Trackpoint><Time>2026-08-12T14:22:20.000Z</Time><Position><LatitudeDegrees>58.62367388665194</LatitudeDegrees><LongitudeDegrees>59.800934198370165</LongitudeDegrees></Position></Trackpoint><Trackpoint><Time>2026-08-12T14:22:21.000Z</Time><Position><LatitudeDegrees>58.623671803627</LatitudeDegrees><LongitudeDegrees>59.800960778415174</LongitudeDegrees></Position></Trackpoint><Trackpoint><Time>2026-08-12T14:22:22.000Z</Time><Position><LatitudeDegrees>58.62366956443432</LatitudeDegrees><LongitudeDegrees>59.80098736200267</LongitudeDegrees></Position></Trackpoint><Trackpoint><Time>2026-08-12T14:22:23.000Z</Time><Position><LatitudeDegrees>58.62366754832355</LatitudeDegrees><LongitudeDegrees>59.801012983138975</LongitudeDegrees></Position></Trackpoint><Trackpoint><Time>2026-08-12T14:22:24.000Z</Time><Position><LatitudeDegrees>58.62366637246074</LatitudeDegrees><LongitudeDegrees>59.8010368779142</LongitudeDegrees></Position></Trackpoint><Trackpoint><Time>2026-08-12T14:22:25.000Z</Time><Position><LatitudeDegrees>58.62366520394965</LatitudeDegrees><LongitudeDegrees>59.80105944291123</LongitudeDegrees></Position></Trackpoint><Trackpoint><Time>2026-08-12T14:22:26.000Z</Time><Position><LatitudeDegrees>58.62366418844287</LatitudeDegrees><LongitudeDegrees>59.80108199135238</LongitudeDegrees></Position></Trackpoint><Trackpoint><Time>2026-08-12T14:22:27.000Z</Time><Position><LatitudeDegrees>58.623663366287126</LatitudeDegrees><LongitudeDegrees>59.80110506619132</LongitudeDegrees></Position></Trackpoint><Trackpoint><Time>2026-08-12T14:22:28.000Z</Time><Position><LatitudeDegrees>58.62366321889285</LatitudeDegrees><LongitudeDegrees>59.801128823472105</LongitudeDegrees></Position></Trackpoint><Trackpoint><Time>2026-08-12T14:22:29.000Z</Time><Position><LatitudeDegrees>58.623663857916306</LatitudeDegrees><LongitudeDegrees>59.80115323986851</LongitudeDegrees></Position></Trackpoint><Trackpoint><Time>2026-08-12T14:22:29.000Z</Time><Position><LatitudeDegrees>58.62366522840573</LatitudeDegrees><LongitudeDegrees>59.80117871078815</LongitudeDegrees></Position></Trackpoint><Trackpoint><Time>2026-08-12T14:22:30.000Z</Time><Position><LatitudeDegrees>58.623667213847604</LatitudeDegrees><LongitudeDegrees>59.80120428450535</LongitudeDegrees></Position></Trackpoint><Trackpoint><Time>2026-08-12T14:22:31.000Z</Time><Position><LatitudeDegrees>58.62366968732957</LatitudeDegrees><LongitudeDegrees>59.80122955587385</LongitudeDegrees></Position></Trackpoint><Trackpoint><Time>2026-08-12T14:22:32.000Z</Time><Position><LatitudeDegrees>58.623672044335045</LatitudeDegrees><LongitudeDegrees>59.8012543968469</LongitudeDegrees></Position></Trackpoint><Trackpoint><Time>2026-08-12T14:22:34.000Z</Time><Position><LatitudeDegrees>58.62367454046416</LatitudeDegrees><LongitudeDegrees>59.801278809931176</LongitudeDegrees></Position></Trackpoint><Trackpoint><Time>2026-08-12T14:22:34.000Z</Time><Position><LatitudeDegrees>58.62367775273587</LatitudeDegrees><LongitudeDegrees>59.80130236146727</LongitudeDegrees></Position></Trackpoint><Trackpoint><Time>2026-08-12T14:22:35.000Z</Time><Position><LatitudeDegrees>58.62368084764878</LatitudeDegrees><LongitudeDegrees>59.80132645227005</LongitudeDegrees></Position></Trackpoint><Trackpoint><Time>2026-08-12T14:22:36.000Z</Time><Position><LatitudeDegrees>58.62368447622326</LatitudeDegrees><LongitudeDegrees>59.80135061080647</LongitudeDegrees></Position></Trackpoint><Trackpoint><Time>2026-08-12T14:22:37.000Z</Time><Position><LatitudeDegrees>58.623688838076575</LatitudeDegrees><LongitudeDegrees>59.80137365496878</LongitudeDegrees></Position></Trackpoint><Trackpoint><Time>2026-08-12T14:22:38.000Z</Time><Position><LatitudeDegrees>58.62369441091315</LatitudeDegrees><LongitudeDegrees>59.80139426173255</LongitudeDegrees></Position></Trackpoint><Trackpoint><Time>2026-08-12T14:22:39.000Z</Time><Position><LatitudeDegrees>58.62369976720789</LatitudeDegrees><LongitudeDegrees>59.80141268867924</LongitudeDegrees></Position></Trackpoint><Trackpoint><Time>2026-08-12T14:22:41.000Z</Time><Position><LatitudeDegrees>58.62370532607238</LatitudeDegrees><LongitudeDegrees>59.80142981127634</LongitudeDegrees></Position></Trackpoint><Trackpoint><Time>2026-08-12T14:22:42.000Z</Time><Position><LatitudeDegrees>58.623711234111255</LatitudeDegrees><LongitudeDegrees>59.80144566787122</LongitudeDegrees></Position></Trackpoint><Trackpoint><Time>2026-08-12T14:22:43.000Z</Time><Position><LatitudeDegrees>58.6237179964958</LatitudeDegrees><LongitudeDegrees>59.80146141596732</LongitudeDegrees></Position></Trackpoint><Trackpoint><Time>2026-08-12T14:22:43.000Z</Time><Position><LatitudeDegrees>58.62372473239717</LatitudeDegrees><LongitudeDegrees>59.80147852541004</LongitudeDegrees></Position></Trackpoint><Trackpoint><Time>2026-08-12T14:22:45.000Z</Time><Position><LatitudeDegrees>58.62373108245977</LatitudeDegrees><LongitudeDegrees>59.801497426803955</LongitudeDegrees></Position></Trackpoint><Trackpoint><Time>2026-08-12T14:22:46.000Z</Time><Position><LatitudeDegrees>58.62373743782141</LatitudeDegrees><LongitudeDegrees>59.80151757788155</LongitudeDegrees></Position></Trackpoint><Trackpoint><Time>2026-08-12T14:22:47.000Z</Time><Position><LatitudeDegrees>58.62374395888557</LatitudeDegrees><LongitudeDegrees>59.80153859492397</LongitudeDegrees></Position></Trackpoint><Trackpoint><Time>2026-08-12T14:22:48.000Z</Time><Position><LatitudeDegrees>58.62375166966531</LatitudeDegrees><LongitudeDegrees>59.801560698368334</LongitudeDegrees></Position></Trackpoint><Trackpoint><Time>2026-08-12T14:22:49.000Z</Time><Position><LatitudeDegrees>58.62375937035332</LatitudeDegrees><LongitudeDegrees>59.801582370728106</LongitudeDegrees></Position></Trackpoint><Trackpoint><Time>2026-08-12T14:22:50.000Z</Time><Position><LatitudeDegrees>58.6237670577348</LatitudeDegrees><LongitudeDegrees>59.80160451121263</LongitudeDegrees></Position></Trackpoint><Trackpoint><Time>2026-08-12T14:22:51.000Z</Time><Position><LatitudeDegrees>58.62377473219368</LatitudeDegrees><LongitudeDegrees>59.801626450841965</LongitudeDegrees></Position></Trackpoint><Trackpoint><Time>2026-08-12T14:22:51.000Z</Time><Position><LatitudeDegrees>58.623781416325414</LatitudeDegrees><LongitudeDegrees>59.80164842949794</LongitudeDegrees></Position></Trackpoint><Trackpoint><Time>2026-08-12T14:22:53.000Z</Time><Position><LatitudeDegrees>58.62378732431984</LatitudeDegrees><LongitudeDegrees>59.801670540962874</LongitudeDegrees></Position></Trackpoint><Trackpoint><Time>2026-08-12T14:22:54.000Z</Time><Position><LatitudeDegrees>58.62379362322476</LatitudeDegrees><LongitudeDegrees>59.801692806813634</LongitudeDegrees></Position></Trackpoint><Trackpoint><Time>2026-08-12T14:22:54.000Z</Time><Position><LatitudeDegrees>58.6238007434966</LatitudeDegrees><LongitudeDegrees>59.80171472651048</LongitudeDegrees></Position></Trackpoint><Trackpoint><Time>2026-08-12T14:22:56.000Z</Time><Position><LatitudeDegrees>58.62380826737986</LatitudeDegrees><LongitudeDegrees>59.80173662795342</LongitudeDegrees></Position></Trackpoint><Trackpoint><Time>2026-08-12T14:22:56.000Z</Time><Position><LatitudeDegrees>58.62381597102596</LatitudeDegrees><LongitudeDegrees>59.801759627746684</LongitudeDegrees></Position></Trackpoint><Trackpoint><Time>2026-08-12T14:22:58.000Z</Time><Position><LatitudeDegrees>58.623823249563706</LatitudeDegrees><LongitudeDegrees>59.801782575941694</LongitudeDegrees></Position></Trackpoint><Trackpoint><Time>2026-08-12T14:22:58.000Z</Time><Position><LatitudeDegrees>58.623830887670216</LatitudeDegrees><LongitudeDegrees>59.80180500557383</LongitudeDegrees></Position></Trackpoint><Trackpoint><Time>2026-08-12T14:23:00.000Z</Time><Position><LatitudeDegrees>58.62383867274096</LatitudeDegrees><LongitudeDegrees>59.80182630127763</LongitudeDegrees></Position></Trackpoint><Trackpoint><Time>2026-08-12T14:23:01.000Z</Time><Position><LatitudeDegrees>58.62384649835567</LatitudeDegrees><LongitudeDegrees>59.8018473343843</LongitudeDegrees></Position></Trackpoint><Trackpoint><Time>2026-08-12T14:23:02.000Z</Time><Position><LatitudeDegrees>58.62385382587255</LatitudeDegrees><LongitudeDegrees>59.8018680078304</LongitudeDegrees></Position></Trackpoint><Trackpoint><Time>2026-08-12T14:23:03.000Z</Time><Position><LatitudeDegrees>58.62386196622292</LatitudeDegrees><LongitudeDegrees>59.80188783819326</LongitudeDegrees></Position></Trackpoint><Trackpoint><Time>2026-08-12T14:23:04.000Z</Time><Position><LatitudeDegrees>58.623869886134194</LatitudeDegrees><LongitudeDegrees>59.80190673459175</LongitudeDegrees></Position></Trackpoint><Trackpoint><Time>2026-08-12T14:23:05.000Z</Time><Position><LatitudeDegrees>58.623876209142054</LatitudeDegrees><LongitudeDegrees>59.801926737913384</LongitudeDegrees></Position></Trackpoint><Trackpoint><Time>2026-08-12T14:23:06.000Z</Time><Position><LatitudeDegrees>58.62388253177521</LatitudeDegrees><LongitudeDegrees>59.80194707775992</LongitudeDegrees></Position></Trackpoint><Trackpoint><Time>2026-08-12T14:23:07.000Z</Time><Position><LatitudeDegrees>58.623888042753656</LatitudeDegrees><LongitudeDegrees>59.80196837288446</LongitudeDegrees></Position></Trackpoint><Trackpoint><Time>2026-08-12T14:23:08.000Z</Time><Position><LatitudeDegrees>58.62389251213989</LatitudeDegrees><LongitudeDegrees>59.80199075550167</LongitudeDegrees></Position></Trackpoint><Trackpoint><Time>2026-08-12T14:23:09.000Z</Time><Position><LatitudeDegrees>58.62389597892476</LatitudeDegrees><LongitudeDegrees>59.80201414048393</LongitudeDegrees></Position></Trackpoint><Trackpoint><Time>2026-08-12T14:23:10.000Z</Time><Position><LatitudeDegrees>58.62389907745898</LatitudeDegrees><LongitudeDegrees>59.802037874510184</LongitudeDegrees></Position></Trackpoint><Trackpoint><Time>2026-08-12T14:23:11.000Z</Time><Position><LatitudeDegrees>58.623902605864366</LatitudeDegrees><LongitudeDegrees>59.80206115411115</LongitudeDegrees></Position></Trackpoint><Trackpoint><Time>2026-08-12T14:23:12.000Z</Time><Position><LatitudeDegrees>58.6239073272714</LatitudeDegrees><LongitudeDegrees>59.8020841963268</LongitudeDegrees></Position></Trackpoint><Trackpoint><Time>2026-08-12T14:23:13.000Z</Time><Position><LatitudeDegrees>58.62391389245332</LatitudeDegrees><LongitudeDegrees>59.80210614178825</LongitudeDegrees></Position></Trackpoint><Trackpoint><Time>2026-08-12T14:23:14.000Z</Time><Position><LatitudeDegrees>58.623920863942686</LatitudeDegrees><LongitudeDegrees>59.80212579812422</LongitudeDegrees></Position></Trackpoint><Trackpoint><Time>2026-08-12T14:23:15.000Z</Time><Position><LatitudeDegrees>58.6239271079829</LatitudeDegrees><LongitudeDegrees>59.802144436914126</LongitudeDegrees></Position></Trackpoint><Trackpoint><Time>2026-08-12T14:23:16.000Z</Time><Position><LatitudeDegrees>58.62393323024343</LatitudeDegrees><LongitudeDegrees>59.80216271243725</LongitudeDegrees></Position></Trackpoint><Trackpoint><Time>2026-08-12T14:23:17.000Z</Time><Position><LatitudeDegrees>58.623939006178766</LatitudeDegrees><LongitudeDegrees>59.80218240960423</LongitudeDegrees></Position></Trackpoint><Trackpoint><Time>2026-08-12T14:23:18.000Z</Time><Position><LatitudeDegrees>58.62394487737452</LatitudeDegrees><LongitudeDegrees>59.80220212259246</LongitudeDegrees></Position></Trackpoint><Trackpoint><Time>2026-08-12T14:23:19.000Z</Time><Position><LatitudeDegrees>58.623951013463845</LatitudeDegrees><LongitudeDegrees>59.80221980157484</LongitudeDegrees></Position></Trackpoint><Trackpoint><Time>2026-08-12T14:23:20.000Z</Time><Position><LatitudeDegrees>58.623957450308644</LatitudeDegrees><LongitudeDegrees>59.802236821868256</LongitudeDegrees></Position></Trackpoint><Trackpoint><Time>2026-08-12T14:23:21.000Z</Time><Position><LatitudeDegrees>58.623964653687146</LatitudeDegrees><LongitudeDegrees>59.802253344805166</LongitudeDegrees></Position></Trackpoint><Trackpoint><Time>2026-08-12T14:23:22.000Z</Time><Position><LatitudeDegrees>58.6239722274283</LatitudeDegrees><LongitudeDegrees>59.80227047988386</LongitudeDegrees></Position></Trackpoint><Trackpoint><Time>2026-08-12T14:23:23.000Z</Time><Position><LatitudeDegrees>58.623979471229546</LatitudeDegrees><LongitudeDegrees>59.80228909507588</LongitudeDegrees></Position></Trackpoint><Trackpoint><Time>2026-08-12T14:23:24.000Z</Time><Position><LatitudeDegrees>58.62398613903024</LatitudeDegrees><LongitudeDegrees>59.80230886825992</LongitudeDegrees></Position></Trackpoint><Trackpoint><Time>2026-08-12T14:23:25.000Z</Time><Position><LatitudeDegrees>58.623992693033806</LatitudeDegrees><LongitudeDegrees>59.80232902853855</LongitudeDegrees></Position></Trackpoint><Trackpoint><Time>2026-08-12T14:23:26.000Z</Time><Position><LatitudeDegrees>58.623999338196725</LatitudeDegrees><LongitudeDegrees>59.80234871913687</LongitudeDegrees></Position></Trackpoint><Trackpoint><Time>2026-08-12T14:23:27.000Z</Time><Position><LatitudeDegrees>58.62400614722674</LatitudeDegrees><LongitudeDegrees>59.8023681370998</LongitudeDegrees></Position></Trackpoint><Trackpoint><Time>2026-08-12T14:23:28.000Z</Time><Position><LatitudeDegrees>58.624013129035234</LatitudeDegrees><LongitudeDegrees>59.8023869089587</LongitudeDegrees></Position></Trackpoint><Trackpoint><Time>2026-08-12T14:23:29.000Z</Time><Position><LatitudeDegrees>58.62402026511636</LatitudeDegrees><LongitudeDegrees>59.80240643266509</LongitudeDegrees></Position></Trackpoint><Trackpoint><Time>2026-08-12T14:23:30.000Z</Time><Position><LatitudeDegrees>58.624027528048124</LatitudeDegrees><LongitudeDegrees>59.80242669783289</LongitudeDegrees></Position></Trackpoint><Trackpoint><Time>2026-08-12T14:23:31.000Z</Time><Position><LatitudeDegrees>58.624034890256155</LatitudeDegrees><LongitudeDegrees>59.80244760501934</LongitudeDegrees></Position></Trackpoint><Trackpoint><Time>2026-08-12T14:23:32.000Z</Time><Position><LatitudeDegrees>58.62404281725306</LatitudeDegrees><LongitudeDegrees>59.80246903086846</LongitudeDegrees></Position></Trackpoint><Trackpoint><Time>2026-08-12T14:23:33.000Z</Time><Position><LatitudeDegrees>58.62405093865205</LatitudeDegrees><LongitudeDegrees>59.80248938917672</LongitudeDegrees></Position></Trackpoint><Trackpoint><Time>2026-08-12T14:23:34.000Z</Time><Position><LatitudeDegrees>58.624059076964265</LatitudeDegrees><LongitudeDegrees>59.80250963254173</LongitudeDegrees></Position></Trackpoint><Trackpoint><Time>2026-08-12T14:23:35.000Z</Time><Position><LatitudeDegrees>58.624067646533724</LatitudeDegrees><LongitudeDegrees>59.802528209585255</LongitudeDegrees></Position></Trackpoint><Trackpoint><Time>2026-08-12T14:23:36.000Z</Time><Position><LatitudeDegrees>58.624076273039265</LatitudeDegrees><LongitudeDegrees>59.80254665371034</LongitudeDegrees></Position></Trackpoint><Trackpoint><Time>2026-08-12T14:23:36.000Z</Time><Position><LatitudeDegrees>58.624085774236526</LatitudeDegrees><LongitudeDegrees>59.802565123872725</LongitudeDegrees></Position></Trackpoint><Trackpoint><Time>2026-08-12T14:23:37.000Z</Time><Position><LatitudeDegrees>58.62409539541797</LatitudeDegrees><LongitudeDegrees>59.80258319258324</LongitudeDegrees></Position></Trackpoint><Trackpoint><Time>2026-08-12T14:23:39.000Z</Time><Position><LatitudeDegrees>58.62410529998068</LatitudeDegrees><LongitudeDegrees>59.80260171453457</LongitudeDegrees></Position></Trackpoint><Trackpoint><Time>2026-08-12T14:23:40.000Z</Time><Position><LatitudeDegrees>58.62411502923485</LatitudeDegrees><LongitudeDegrees>59.80262000432363</LongitudeDegrees></Position></Trackpoint><Trackpoint><Time>2026-08-12T14:23:41.000Z</Time><Position><LatitudeDegrees>58.62412539599856</LatitudeDegrees><LongitudeDegrees>59.80263780947627</LongitudeDegrees></Position></Trackpoint><Trackpoint><Time>2026-08-12T14:23:42.000Z</Time><Position><LatitudeDegrees>58.62413616358338</LatitudeDegrees><LongitudeDegrees>59.802656067438804</LongitudeDegrees></Position></Trackpoint><Trackpoint><Time>2026-08-12T14:23:42.000Z</Time><Position><LatitudeDegrees>58.62414620384711</LatitudeDegrees><LongitudeDegrees>59.80267559577603</LongitudeDegrees></Position></Trackpoint><Trackpoint><Time>2026-08-12T14:23:44.000Z</Time><Position><LatitudeDegrees>58.62415612475497</LatitudeDegrees><LongitudeDegrees>59.80269509930588</LongitudeDegrees></Position></Trackpoint><Trackpoint><Time>2026-08-12T14:23:45.000Z</Time><Position><LatitudeDegrees>58.62416668161707</LatitudeDegrees><LongitudeDegrees>59.80271404781316</LongitudeDegrees></Position></Trackpoint><Trackpoint><Time>2026-08-12T14:23:45.000Z</Time><Position><LatitudeDegrees>58.6241771246503</LatitudeDegrees><LongitudeDegrees>59.8027322941739</LongitudeDegrees></Position></Trackpoint><Trackpoint><Time>2026-08-12T14:23:46.000Z</Time><Position><LatitudeDegrees>58.62418715967875</LatitudeDegrees><LongitudeDegrees>59.80275035752759</LongitudeDegrees></Position></Trackpoint><Trackpoint><Time>2026-08-12T14:23:48.000Z</Time><Position><LatitudeDegrees>58.62419671791774</LatitudeDegrees><LongitudeDegrees>59.8027689647725</LongitudeDegrees></Position></Trackpoint><Trackpoint><Time>2026-08-12T14:23:49.000Z</Time><Position><LatitudeDegrees>58.62420534262405</LatitudeDegrees><LongitudeDegrees>59.802788835072555</LongitudeDegrees></Position></Trackpoint><Trackpoint><Time>2026-08-12T14:23:49.000Z</Time><Position><LatitudeDegrees>58.624213455123716</LatitudeDegrees><LongitudeDegrees>59.802810102492245</LongitudeDegrees></Position></Trackpoint><Trackpoint><Time>2026-08-12T14:23:50.000Z</Time><Position><LatitudeDegrees>58.62422080506317</LatitudeDegrees><LongitudeDegrees>59.80283166370437</LongitudeDegrees></Position></Trackpoint><Trackpoint><Time>2026-08-12T14:23:51.000Z</Time><Position><LatitudeDegrees>58.62422787682254</LatitudeDegrees><LongitudeDegrees>59.80285302661417</LongitudeDegrees></Position></Trackpoint><Trackpoint><Time>2026-08-12T14:23:53.000Z</Time><Position><LatitudeDegrees>58.624234905589695</LatitudeDegrees><LongitudeDegrees>59.80287450362305</LongitudeDegrees></Position></Trackpoint><Trackpoint><Time>2026-08-12T14:23:54.000Z</Time><Position><LatitudeDegrees>58.624242483351466</LatitudeDegrees><LongitudeDegrees>59.802896208743874</LongitudeDegrees></Position></Trackpoint><Trackpoint><Time>2026-08-12T14:23:55.000Z</Time><Position><LatitudeDegrees>58.62424833539203</LatitudeDegrees><LongitudeDegrees>59.80291962848497</LongitudeDegrees></Position></Trackpoint><Trackpoint><Time>2026-08-12T14:23:56.000Z</Time><Position><LatitudeDegrees>58.62425272562251</LatitudeDegrees><LongitudeDegrees>59.80294319652866</LongitudeDegrees></Position></Trackpoint><Trackpoint><Time>2026-08-12T14:23:57.000Z</Time><Position><LatitudeDegrees>58.62425692957265</LatitudeDegrees><LongitudeDegrees>59.80296624877866</LongitudeDegrees></Position></Trackpoint><Trackpoint><Time>2026-08-12T14:23:58.000Z</Time><Position><LatitudeDegrees>58.62426149645694</LatitudeDegrees><LongitudeDegrees>59.80298857793933</LongitudeDegrees></Position></Trackpoint><Trackpoint><Time>2026-08-12T14:23:59.000Z</Time><Position><LatitudeDegrees>58.62426660587816</LatitudeDegrees><LongitudeDegrees>59.80301019144683</LongitudeDegrees></Position></Trackpoint><Trackpoint><Time>2026-08-12T14:23:59.000Z</Time><Position><LatitudeDegrees>58.62427226216895</LatitudeDegrees><LongitudeDegrees>59.803031673827235</LongitudeDegrees></Position></Trackpoint><Trackpoint><Time>2026-08-12T14:24:01.000Z</Time><Position><LatitudeDegrees>58.62427790731312</LatitudeDegrees><LongitudeDegrees>59.803053772248454</LongitudeDegrees></Position></Trackpoint><Trackpoint><Time>2026-08-12T14:24:02.000Z</Time><Position><LatitudeDegrees>58.62428380254227</LatitudeDegrees><LongitudeDegrees>59.80307573613002</LongitudeDegrees></Position></Trackpoint><Trackpoint><Time>2026-08-12T14:24:03.000Z</Time><Position><LatitudeDegrees>58.62429002334226</LatitudeDegrees><LongitudeDegrees>59.80309776323642</LongitudeDegrees></Position></Trackpoint><Trackpoint><Time>2026-08-12T14:24:04.000Z</Time><Position><LatitudeDegrees>58.62429802784601</LatitudeDegrees><LongitudeDegrees>59.803117968456405</LongitudeDegrees></Position></Trackpoint><Trackpoint><Time>2026-08-12T14:24:04.000Z</Time><Position><LatitudeDegrees>58.62430720840436</LatitudeDegrees><LongitudeDegrees>59.803138257327745</LongitudeDegrees></Position></Trackpoint><Trackpoint><Time>2026-08-12T14:24:06.000Z</Time><Position><LatitudeDegrees>58.62431814304355</LatitudeDegrees><LongitudeDegrees>59.80315744543544</LongitudeDegrees></Position></Trackpoint><Trackpoint><Time>2026-08-12T14:24:06.000Z</Time><Position><LatitudeDegrees>58.624330355069816</LatitudeDegrees><LongitudeDegrees>59.803175675889854</LongitudeDegrees></Position></Trackpoint><Trackpoint><Time>2026-08-12T14:24:08.000Z</Time><Position><LatitudeDegrees>58.624342504992825</LatitudeDegrees><LongitudeDegrees>59.80319362015259</LongitudeDegrees></Position></Trackpoint><Trackpoint><Time>2026-08-12T14:24:09.000Z</Time><Position><LatitudeDegrees>58.624354049136656</LatitudeDegrees><LongitudeDegrees>59.8032120810968</LongitudeDegrees></Position></Trackpoint><Trackpoint><Time>2026-08-12T14:24:10.000Z</Time><Position><LatitudeDegrees>58.624364841348275</LatitudeDegrees><LongitudeDegrees>59.803230833446534</LongitudeDegrees></Position></Trackpoint><Trackpoint><Time>2026-08-12T14:24:10.000Z</Time><Position><LatitudeDegrees>58.624374428335734</LatitudeDegrees><LongitudeDegrees>59.80325023663479</LongitudeDegrees></Position></Trackpoint><Trackpoint><Time>2026-08-12T14:24:12.000Z</Time><Position><LatitudeDegrees>58.624382778106984</LatitudeDegrees><LongitudeDegrees>59.80327133437516</LongitudeDegrees></Position></Trackpoint><Trackpoint><Time>2026-08-12T14:24:13.000Z</Time><Position><LatitudeDegrees>58.62439003628146</LatitudeDegrees><LongitudeDegrees>59.8032938493999</LongitudeDegrees></Position></Trackpoint><Trackpoint><Time>2026-08-12T14:24:13.000Z</Time><Position><LatitudeDegrees>58.62439689254551</LatitudeDegrees><LongitudeDegrees>59.803316506393365</LongitudeDegrees></Position></Trackpoint><Trackpoint><Time>2026-08-12T14:24:15.000Z</Time><Position><LatitudeDegrees>58.62440368251958</LatitudeDegrees><LongitudeDegrees>59.803339251527184</LongitudeDegrees></Position></Trackpoint><Trackpoint><Time>2026-08-12T14:24:16.000Z</Time><Position><LatitudeDegrees>58.624411532152806</LatitudeDegrees><LongitudeDegrees>59.80336009287789</LongitudeDegrees></Position></Trackpoint><Trackpoint><Time>2026-08-12T14:24:17.000Z</Time><Position><LatitudeDegrees>58.62442027953232</LatitudeDegrees><LongitudeDegrees>59.80338090250574</LongitudeDegrees></Position></Trackpoint><Trackpoint><Time>2026-08-12T14:24:17.000Z</Time><Position><LatitudeDegrees>58.62442974275264</LatitudeDegrees><LongitudeDegrees>59.80340196584854</LongitudeDegrees></Position></Trackpoint><Trackpoint><Time>2026-08-12T14:24:19.000Z</Time><Position><LatitudeDegrees>58.624439265411304</LatitudeDegrees><LongitudeDegrees>59.803422878284564</LongitudeDegrees></Position></Trackpoint><Trackpoint><Time>2026-08-12T14:24:20.000Z</Time><Position><LatitudeDegrees>58.62444856955108</LatitudeDegrees><LongitudeDegrees>59.80344300293511</LongitudeDegrees></Position></Trackpoint><Trackpoint><Time>2026-08-12T14:24:21.000Z</Time><Position><LatitudeDegrees>58.62445707913585</LatitudeDegrees><LongitudeDegrees>59.80346266823399</LongitudeDegrees></Position></Trackpoint><Trackpoint><Time>2026-08-12T14:24:22.000Z</Time><Position><LatitudeDegrees>58.62446514852529</LatitudeDegrees><LongitudeDegrees>59.80348206839829</LongitudeDegrees></Position></Trackpoint><Trackpoint><Time>2026-08-12T14:24:22.000Z</Time><Position><LatitudeDegrees>58.62447249054431</LatitudeDegrees><LongitudeDegrees>59.80350180705332</LongitudeDegrees></Position></Trackpoint><Trackpoint><Time>2026-08-12T14:24:24.000Z</Time><Position><LatitudeDegrees>58.62447956989216</LatitudeDegrees><LongitudeDegrees>59.803522578957974</LongitudeDegrees></Position></Trackpoint><Trackpoint><Time>2026-08-12T14:24:24.000Z</Time><Position><LatitudeDegrees>58.62448612205029</LatitudeDegrees><LongitudeDegrees>59.803544537621086</LongitudeDegrees></Position></Trackpoint><Trackpoint><Time>2026-08-12T14:24:26.000Z</Time><Position><LatitudeDegrees>58.62449259535578</LatitudeDegrees><LongitudeDegrees>59.80356612511222</LongitudeDegrees></Position></Trackpoint><Trackpoint><Time>2026-08-12T14:24:27.000Z</Time><Position><LatitudeDegrees>58.6244991845694</LatitudeDegrees><LongitudeDegrees>59.80358674746302</LongitudeDegrees></Position></Trackpoint><Trackpoint><Time>2026-08-12T14:24:28.000Z</Time><Position><LatitudeDegrees>58.62450644463412</LatitudeDegrees><LongitudeDegrees>59.80360677354244</LongitudeDegrees></Position></Trackpoint><Trackpoint><Time>2026-08-12T14:24:28.000Z</Time><Position><LatitudeDegrees>58.624513538769996</LatitudeDegrees><LongitudeDegrees>59.80362692140416</LongitudeDegrees></Position></Trackpoint><Trackpoint><Time>2026-08-12T14:24:30.000Z</Time><Position><LatitudeDegrees>58.6245211228811</LatitudeDegrees><LongitudeDegrees>59.80364698152543</LongitudeDegrees></Position></Trackpoint><Trackpoint><Time>2026-08-12T14:24:31.000Z</Time><Position><LatitudeDegrees>58.62452940420302</LatitudeDegrees><LongitudeDegrees>59.80366638926855</LongitudeDegrees></Position></Trackpoint><Trackpoint><Time>2026-08-12T14:24:32.000Z</Time><Position><LatitudeDegrees>58.6245378889857</LatitudeDegrees><LongitudeDegrees>59.80368597504985</LongitudeDegrees></Position></Trackpoint><Trackpoint><Time>2026-08-12T14:24:33.000Z</Time><Position><LatitudeDegrees>58.624546347772544</LatitudeDegrees><LongitudeDegrees>59.80370507879031</LongitudeDegrees></Position></Trackpoint><Trackpoint><Time>2026-08-12T14:24:34.000Z</Time><Position><LatitudeDegrees>58.6245551790128</LatitudeDegrees><LongitudeDegrees>59.8037239801272</LongitudeDegrees></Position></Trackpoint><Trackpoint><Time>2026-08-12T14:24:34.000Z</Time><Position><LatitudeDegrees>58.62456449899734</LatitudeDegrees><LongitudeDegrees>59.80374233059206</LongitudeDegrees></Position></Trackpoint><Trackpoint><Time>2026-08-12T14:24:36.000Z</Time><Position><LatitudeDegrees>58.624573313667774</LatitudeDegrees><LongitudeDegrees>59.80376054698815</LongitudeDegrees></Position></Trackpoint><Trackpoint><Time>2026-08-12T14:24:37.000Z</Time><Position><LatitudeDegrees>58.624581768104655</LatitudeDegrees><LongitudeDegrees>59.80377832856587</LongitudeDegrees></Position></Trackpoint><Trackpoint><Time>2026-08-12T14:24:38.000Z</Time><Position><LatitudeDegrees>58.624589968292405</LatitudeDegrees><LongitudeDegrees>59.80379658649602</LongitudeDegrees></Position></Trackpoint><Trackpoint><Time>2026-08-12T14:24:39.000Z</Time><Position><LatitudeDegrees>58.62459848012205</LatitudeDegrees><LongitudeDegrees>59.80381612450062</LongitudeDegrees></Position></Trackpoint><Trackpoint><Time>2026-08-12T14:24:40.000Z</Time><Position><LatitudeDegrees>58.62460749664764</LatitudeDegrees><LongitudeDegrees>59.80383613006235</LongitudeDegrees></Position></Trackpoint><Trackpoint><Time>2026-08-12T14:24:41.000Z</Time><Position><LatitudeDegrees>58.624616542987674</LatitudeDegrees><LongitudeDegrees>59.80385718777047</LongitudeDegrees></Position></Trackpoint><Trackpoint><Time>2026-08-12T14:24:42.000Z</Time><Position><LatitudeDegrees>58.62462493013285</LatitudeDegrees><LongitudeDegrees>59.803878913726315</LongitudeDegrees></Position></Trackpoint><Trackpoint><Time>2026-08-12T14:24:43.000Z</Time><Position><LatitudeDegrees>58.62463294854347</LatitudeDegrees><LongitudeDegrees>59.80390008483779</LongitudeDegrees></Position></Trackpoint><Trackpoint><Time>2026-08-12T14:24:44.000Z</Time><Position><LatitudeDegrees>58.62464027555665</LatitudeDegrees><LongitudeDegrees>59.80392124782946</LongitudeDegrees></Position></Trackpoint><Trackpoint><Time>2026-08-12T14:24:45.000Z</Time><Position><LatitudeDegrees>58.62464686702888</LatitudeDegrees><LongitudeDegrees>59.80394262890289</LongitudeDegrees></Position></Trackpoint><Trackpoint><Time>2026-08-12T14:24:45.000Z</Time><Position><LatitudeDegrees>58.62465328879657</LatitudeDegrees><LongitudeDegrees>59.80396331400373</LongitudeDegrees></Position></Trackpoint><Trackpoint><Time>2026-08-12T14:24:47.000Z</Time><Position><LatitudeDegrees>58.624659795671356</LatitudeDegrees><LongitudeDegrees>59.80398448485281</LongitudeDegrees></Position></Trackpoint><Trackpoint><Time>2026-08-12T14:24:48.000Z</Time><Position><LatitudeDegrees>58.624666481669784</LatitudeDegrees><LongitudeDegrees>59.80400509694526</LongitudeDegrees></Position></Trackpoint><Trackpoint><Time>2026-08-12T14:24:48.000Z</Time><Position><LatitudeDegrees>58.62467385213139</LatitudeDegrees><LongitudeDegrees>59.80402479183471</LongitudeDegrees></Position></Trackpoint><Trackpoint><Time>2026-08-12T14:24:49.000Z</Time><Position><LatitudeDegrees>58.624681537711396</LatitudeDegrees><LongitudeDegrees>59.80404451884385</LongitudeDegrees></Position></Trackpoint><Trackpoint><Time>2026-08-12T14:24:51.000Z</Time><Position><LatitudeDegrees>58.624689835466974</LatitudeDegrees><LongitudeDegrees>59.804064175202285</LongitudeDegrees></Position></Trackpoint><Trackpoint><Time>2026-08-12T14:24:51.000Z</Time><Position><LatitudeDegrees>58.6246973203325</LatitudeDegrees><LongitudeDegrees>59.80408519648551</LongitudeDegrees></Position></Trackpoint><Trackpoint><Time>2026-08-12T14:24:52.000Z</Time><Position><LatitudeDegrees>58.62470350975163</LatitudeDegrees><LongitudeDegrees>59.80410701950411</LongitudeDegrees></Position></Trackpoint><Trackpoint><Time>2026-08-12T14:24:54.000Z</Time><Position><LatitudeDegrees>58.624709840092024</LatitudeDegrees><LongitudeDegrees>59.804127350973914</LongitudeDegrees></Position></Trackpoint><Trackpoint><Time>2026-08-12T14:24:54.000Z</Time><Position><LatitudeDegrees>58.62471639520012</LatitudeDegrees><LongitudeDegrees>59.80414690671391</LongitudeDegrees></Position></Trackpoint><Trackpoint><Time>2026-08-12T14:24:56.000Z</Time><Position><LatitudeDegrees>58.62472318075809</LatitudeDegrees><LongitudeDegrees>59.804166081085974</LongitudeDegrees></Position></Trackpoint><Trackpoint><Time>2026-08-12T14:24:56.000Z</Time><Position><LatitudeDegrees>58.62472919030691</LatitudeDegrees><LongitudeDegrees>59.804186064670716</LongitudeDegrees></Position></Trackpoint><Trackpoint><Time>2026-08-12T14:24:58.000Z</Time><Position><LatitudeDegrees>58.624734108952794</LatitudeDegrees><LongitudeDegrees>59.804206754317086</LongitudeDegrees></Position></Trackpoint><Trackpoint><Time>2026-08-12T14:24:58.000Z</Time><Position><LatitudeDegrees>58.62473843663833</LatitudeDegrees><LongitudeDegrees>59.8042280169221</LongitudeDegrees></Position></Trackpoint><Trackpoint><Time>2026-08-12T14:25:00.000Z</Time><Position><LatitudeDegrees>58.62474245510543</LatitudeDegrees><LongitudeDegrees>59.80425021374177</LongitudeDegrees></Position></Trackpoint><Trackpoint><Time>2026-08-12T14:25:01.000Z</Time><Position><LatitudeDegrees>58.62474680968313</LatitudeDegrees><LongitudeDegrees>59.804273373648314</LongitudeDegrees></Position></Trackpoint><Trackpoint><Time>2026-08-12T14:25:02.000Z</Time><Position><LatitudeDegrees>58.62475123338955</LatitudeDegrees><LongitudeDegrees>59.80429787453216</LongitudeDegrees></Position></Trackpoint><Trackpoint><Time>2026-08-12T14:25:03.000Z</Time><Position><LatitudeDegrees>58.62475658662132</LatitudeDegrees><LongitudeDegrees>59.80432223107692</LongitudeDegrees></Position></Trackpoint><Trackpoint><Time>2026-08-12T14:25:04.000Z</Time><Position><LatitudeDegrees>58.62476310441528</LatitudeDegrees><LongitudeDegrees>59.80434682932671</LongitudeDegrees></Position></Trackpoint><Trackpoint><Time>2026-08-12T14:25:05.000Z</Time><Position><LatitudeDegrees>58.62477024448704</LatitudeDegrees><LongitudeDegrees>59.80437081802368</LongitudeDegrees></Position></Trackpoint><Trackpoint><Time>2026-08-12T14:25:06.000Z</Time><Position><LatitudeDegrees>58.62477868285862</LatitudeDegrees><LongitudeDegrees>59.80439294560538</LongitudeDegrees></Position></Trackpoint><Trackpoint><Time>2026-08-12T14:25:07.000Z</Time><Position><LatitudeDegrees>58.62478706247177</LatitudeDegrees><LongitudeDegrees>59.804414893950465</LongitudeDegrees></Position></Trackpoint><Trackpoint><Time>2026-08-12T14:25:08.000Z</Time><Position><LatitudeDegrees>58.62479581120743</LatitudeDegrees><LongitudeDegrees>59.804436399496176</LongitudeDegrees></Position></Trackpoint><Trackpoint><Time>2026-08-12T14:25:09.000Z</Time><Position><LatitudeDegrees>58.62480505790492</LatitudeDegrees><LongitudeDegrees>59.80445643130996</LongitudeDegrees></Position></Trackpoint><Trackpoint><Time>2026-08-12T14:25:09.000Z</Time><Position><LatitudeDegrees>58.62481479171194</LatitudeDegrees><LongitudeDegrees>59.80447524358129</LongitudeDegrees></Position></Trackpoint><Trackpoint><Time>2026-08-12T14:25:11.000Z</Time><Position><LatitudeDegrees>58.62482543524999</LatitudeDegrees><LongitudeDegrees>59.80449211829906</LongitudeDegrees></Position></Trackpoint><Trackpoint><Time>2026-08-12T14:25:12.000Z</Time><Position><LatitudeDegrees>58.62483655619547</LatitudeDegrees><LongitudeDegrees>59.804507987665666</LongitudeDegrees></Position></Trackpoint><Trackpoint><Time>2026-08-12T14:25:13.000Z</Time><Position><LatitudeDegrees>58.62484791522859</LatitudeDegrees><LongitudeDegrees>59.80452336462843</LongitudeDegrees></Position></Trackpoint><Trackpoint><Time>2026-08-12T14:25:14.000Z</Time><Position><LatitudeDegrees>58.62485889362068</LatitudeDegrees><LongitudeDegrees>59.80453999246731</LongitudeDegrees></Position></Trackpoint><Trackpoint><Time>2026-08-12T14:25:15.000Z</Time><Position><LatitudeDegrees>58.62486977502395</LatitudeDegrees><LongitudeDegrees>59.80455793896446</LongitudeDegrees></Position></Trackpoint><Trackpoint><Time>2026-08-12T14:25:16.000Z</Time><Position><LatitudeDegrees>58.624880199093596</LatitudeDegrees><LongitudeDegrees>59.804577062787025</LongitudeDegrees></Position></Trackpoint><Trackpoint><Time>2026-08-12T14:25:17.000Z</Time><Position><LatitudeDegrees>58.624890565736294</LatitudeDegrees><LongitudeDegrees>59.804597154621504</LongitudeDegrees></Position></Trackpoint><Trackpoint><Time>2026-08-12T14:25:18.000Z</Time><Position><LatitudeDegrees>58.62490055740701</LatitudeDegrees><LongitudeDegrees>59.80461800402274</LongitudeDegrees></Position></Trackpoint><Trackpoint><Time>2026-08-12T14:25:19.000Z</Time><Position><LatitudeDegrees>58.62491009145718</LatitudeDegrees><LongitudeDegrees>59.80463942708986</LongitudeDegrees></Position></Trackpoint><Trackpoint><Time>2026-08-12T14:25:20.000Z</Time><Position><LatitudeDegrees>58.624918702973666</LatitudeDegrees><LongitudeDegrees>59.8046612744572</LongitudeDegrees></Position></Trackpoint><Trackpoint><Time>2026-08-12T14:25:21.000Z</Time><Position><LatitudeDegrees>58.62492778772739</LatitudeDegrees><LongitudeDegrees>59.804683919763335</LongitudeDegrees></Position></Trackpoint><Trackpoint><Time>2026-08-12T14:25:22.000Z</Time><Position><LatitudeDegrees>58.62493688058284</LatitudeDegrees><LongitudeDegrees>59.80470692486022</LongitudeDegrees></Position></Trackpoint><Trackpoint><Time>2026-08-12T14:25:23.000Z</Time><Position><LatitudeDegrees>58.62494627855247</LatitudeDegrees><LongitudeDegrees>59.80473055273592</LongitudeDegrees></Position></Trackpoint><Trackpoint><Time>2026-08-12T14:25:24.000Z</Time><Position><LatitudeDegrees>58.624955575184366</LatitudeDegrees><LongitudeDegrees>59.80475434215433</LongitudeDegrees></Position></Trackpoint><Trackpoint><Time>2026-08-12T14:25:24.000Z</Time><Position><LatitudeDegrees>58.62496461609461</LatitudeDegrees><LongitudeDegrees>59.80477661359744</LongitudeDegrees></Position></Trackpoint><Trackpoint><Time>2026-08-12T14:25:26.000Z</Time><Position><LatitudeDegrees>58.624972880913624</LatitudeDegrees><LongitudeDegrees>59.80479735982417</LongitudeDegrees></Position></Trackpoint><Trackpoint><Time>2026-08-12T14:25:27.000Z</Time><Position><LatitudeDegrees>58.624981234167244</LatitudeDegrees><LongitudeDegrees>59.80481677361162</LongitudeDegrees></Position></Trackpoint><Trackpoint><Time>2026-08-12T14:25:27.000Z</Time><Position><LatitudeDegrees>58.62498904132434</LatitudeDegrees><LongitudeDegrees>59.804836574200245</LongitudeDegrees></Position></Trackpoint><Trackpoint><Time>2026-08-12T14:25:28.000Z</Time><Position><LatitudeDegrees>58.62499660076512</LatitudeDegrees><LongitudeDegrees>59.804856440764006</LongitudeDegrees></Position></Trackpoint><Trackpoint><Time>2026-08-12T14:25:30.000Z</Time><Position><LatitudeDegrees>58.62500357755591</LatitudeDegrees><LongitudeDegrees>59.804876722318866</LongitudeDegrees></Position></Trackpoint><Trackpoint><Time>2026-08-12T14:25:30.000Z</Time><Position><LatitudeDegrees>58.625010398152696</LatitudeDegrees><LongitudeDegrees>59.80489750933775</LongitudeDegrees></Position></Trackpoint><Trackpoint><Time>2026-08-12T14:25:31.000Z</Time><Position><LatitudeDegrees>58.62501725823155</LatitudeDegrees><LongitudeDegrees>59.80491877420488</LongitudeDegrees></Position></Trackpoint><Trackpoint><Time>2026-08-12T14:25:32.000Z</Time><Position><LatitudeDegrees>58.62502472292156</LatitudeDegrees><LongitudeDegrees>59.804939954605445</LongitudeDegrees></Position></Trackpoint><Trackpoint><Time>2026-08-12T14:25:33.000Z</Time><Position><LatitudeDegrees>58.62503196813956</LatitudeDegrees><LongitudeDegrees>59.80496082980061</LongitudeDegrees></Position></Trackpoint><Trackpoint><Time>2026-08-12T14:25:34.000Z</Time><Position><LatitudeDegrees>58.62503917228015</LatitudeDegrees><LongitudeDegrees>59.8049808584448</LongitudeDegrees></Position></Trackpoint><Trackpoint><Time>2026-08-12T14:25:35.000Z</Time><Position><LatitudeDegrees>58.625046903695</LatitudeDegrees><LongitudeDegrees>59.804999926247376</LongitudeDegrees></Position></Trackpoint><Trackpoint><Time>2026-08-12T14:25:36.000Z</Time><Position><LatitudeDegrees>58.62505483916483</LatitudeDegrees><LongitudeDegrees>59.80501810946222</LongitudeDegrees></Position></Trackpoint><Trackpoint><Time>2026-08-12T14:25:37.000Z</Time><Position><LatitudeDegrees>58.625062819387004</LatitudeDegrees><LongitudeDegrees>59.80503604263933</LongitudeDegrees></Position></Trackpoint><Trackpoint><Time>2026-08-12T14:25:38.000Z</Time><Position><LatitudeDegrees>58.625070283400866</LatitudeDegrees><LongitudeDegrees>59.80505450881015</LongitudeDegrees></Position></Trackpoint><Trackpoint><Time>2026-08-12T14:25:39.000Z</Time><Position><LatitudeDegrees>58.62507706643867</LatitudeDegrees><LongitudeDegrees>59.805073272433575</LongitudeDegrees></Position></Trackpoint><Trackpoint><Time>2026-08-12T14:25:40.000Z</Time><Position><LatitudeDegrees>58.625083677656434</LatitudeDegrees><LongitudeDegrees>59.80509170871772</LongitudeDegrees></Position></Trackpoint><Trackpoint><Time>2026-08-12T14:25:42.000Z</Time><Position><LatitudeDegrees>58.625090838405036</LatitudeDegrees><LongitudeDegrees>59.80511107119781</LongitudeDegrees></Position></Trackpoint><Trackpoint><Time>2026-08-12T14:25:43.000Z</Time><Position><LatitudeDegrees>58.62509779600814</LatitudeDegrees><LongitudeDegrees>59.805130778024356</LongitudeDegrees></Position></Trackpoint><Trackpoint><Time>2026-08-12T14:25:43.000Z</Time><Position><LatitudeDegrees>58.62510524578319</LatitudeDegrees><LongitudeDegrees>59.805150545376</LongitudeDegrees></Position></Trackpoint><Trackpoint><Time>2026-08-12T14:25:44.000Z</Time><Position><LatitudeDegrees>58.62511292130495</LatitudeDegrees><LongitudeDegrees>59.80516975898672</LongitudeDegrees></Position></Trackpoint><Trackpoint><Time>2026-08-12T14:25:45.000Z</Time><Position><LatitudeDegrees>58.62512019426575</LatitudeDegrees><LongitudeDegrees>59.805188726563706</LongitudeDegrees></Position></Trackpoint><Trackpoint><Time>2026-08-12T14:25:46.000Z</Time><Position><LatitudeDegrees>58.62512734718625</LatitudeDegrees><LongitudeDegrees>59.8052076064091</LongitudeDegrees></Position></Trackpoint><Trackpoint><Time>2026-08-12T14:25:47.000Z</Time><Position><LatitudeDegrees>58.625134511824875</LatitudeDegrees><LongitudeDegrees>59.8052259853666</LongitudeDegrees></Position></Trackpoint><Trackpoint><Time>2026-08-12T14:25:49.000Z</Time><Position><LatitudeDegrees>58.62514223055075</LatitudeDegrees><LongitudeDegrees>59.80524571601534</LongitudeDegrees></Position></Trackpoint><Trackpoint><Time>2026-08-12T14:25:49.000Z</Time><Position><LatitudeDegrees>58.62515016600269</LatitudeDegrees><LongitudeDegrees>59.80526542937919</LongitudeDegrees></Position></Trackpoint><Trackpoint><Time>2026-08-12T14:25:50.000Z</Time><Position><LatitudeDegrees>58.62515766181703</LatitudeDegrees><LongitudeDegrees>59.805285053497236</LongitudeDegrees></Position></Trackpoint><Trackpoint><Time>2026-08-12T14:25:51.000Z</Time><Position><LatitudeDegrees>58.62516499371875</LatitudeDegrees><LongitudeDegrees>59.805305059798755</LongitudeDegrees></Position></Trackpoint><Trackpoint><Time>2026-08-12T14:25:53.000Z</Time><Position><LatitudeDegrees>58.625172785909164</LatitudeDegrees><LongitudeDegrees>59.805324124549514</LongitudeDegrees></Position></Trackpoint><Trackpoint><Time>2026-08-12T14:25:53.000Z</Time><Position><LatitudeDegrees>58.62518172598845</LatitudeDegrees><LongitudeDegrees>59.805342802659474</LongitudeDegrees></Position></Trackpoint><Trackpoint><Time>2026-08-12T14:25:55.000Z</Time><Position><LatitudeDegrees>58.62519097058224</LatitudeDegrees><LongitudeDegrees>59.80536039306258</LongitudeDegrees></Position></Trackpoint><Trackpoint><Time>2026-08-12T14:25:56.000Z</Time><Position><LatitudeDegrees>58.62519866444502</LatitudeDegrees><LongitudeDegrees>59.80537919469507</LongitudeDegrees></Position></Trackpoint><Trackpoint><Time>2026-08-12T14:25:57.000Z</Time><Position><LatitudeDegrees>58.62520522178004</LatitudeDegrees><LongitudeDegrees>59.805399509265484</LongitudeDegrees></Position></Trackpoint><Trackpoint><Time>2026-08-12T14:25:58.000Z</Time><Position><LatitudeDegrees>58.625212427873485</LatitudeDegrees><LongitudeDegrees>59.8054197980123</LongitudeDegrees></Position></Trackpoint><Trackpoint><Time>2026-08-12T14:25:58.000Z</Time><Position><LatitudeDegrees>58.625219955477334</LatitudeDegrees><LongitudeDegrees>59.8054408993685</LongitudeDegrees></Position></Trackpoint><Trackpoint><Time>2026-08-12T14:25:59.000Z</Time><Position><LatitudeDegrees>58.62522713894395</LatitudeDegrees><LongitudeDegrees>59.8054645231634</LongitudeDegrees></Position></Trackpoint><Trackpoint><Time>2026-08-12T14:26:01.000Z</Time><Position><LatitudeDegrees>58.625234727528166</LatitudeDegrees><LongitudeDegrees>59.80548909136808</LongitudeDegrees></Position></Trackpoint><Trackpoint><Time>2026-08-12T14:26:02.000Z</Time><Position><LatitudeDegrees>58.62524248819127</LatitudeDegrees><LongitudeDegrees>59.80551383288403</LongitudeDegrees></Position></Trackpoint><Trackpoint><Time>2026-08-12T14:26:03.000Z</Time><Position><LatitudeDegrees>58.62524932365283</LatitudeDegrees><LongitudeDegrees>59.805538897513564</LongitudeDegrees></Position></Trackpoint><Trackpoint><Time>2026-08-12T14:26:04.000Z</Time><Position><LatitudeDegrees>58.62525636959626</LatitudeDegrees><LongitudeDegrees>59.80556283664727</LongitudeDegrees></Position></Trackpoint><Trackpoint><Time>2026-08-12T14:26:05.000Z</Time><Position><LatitudeDegrees>58.625262597886966</LatitudeDegrees><LongitudeDegrees>59.80558666698702</LongitudeDegrees></Position></Trackpoint><Trackpoint><Time>2026-08-12T14:26:06.000Z</Time><Position><LatitudeDegrees>58.62526866927057</LatitudeDegrees><LongitudeDegrees>59.80561033159747</LongitudeDegrees></Position></Trackpoint><Trackpoint><Time>2026-08-12T14:26:07.000Z</Time><Position><LatitudeDegrees>58.62527487600294</LatitudeDegrees><LongitudeDegrees>59.805634317912485</LongitudeDegrees></Position></Trackpoint><Trackpoint><Time>2026-08-12T14:26:08.000Z</Time><Position><LatitudeDegrees>58.62528083146236</LatitudeDegrees><LongitudeDegrees>59.80565976460451</LongitudeDegrees></Position></Trackpoint><Trackpoint><Time>2026-08-12T14:26:09.000Z</Time><Position><LatitudeDegrees>58.62528640867563</LatitudeDegrees><LongitudeDegrees>59.80568548434781</LongitudeDegrees></Position></Trackpoint><Trackpoint><Time>2026-08-12T14:26:10.000Z</Time><Position><LatitudeDegrees>58.62529258311948</LatitudeDegrees><LongitudeDegrees>59.80570997389509</LongitudeDegrees></Position></Trackpoint><Trackpoint><Time>2026-08-12T14:26:11.000Z</Time><Position><LatitudeDegrees>58.62529870065291</LatitudeDegrees><LongitudeDegrees>59.8057332616634</LongitudeDegrees></Position></Trackpoint><Trackpoint><Time>2026-08-12T14:26:11.000Z</Time><Position><LatitudeDegrees>58.625305478404435</LatitudeDegrees><LongitudeDegrees>59.80575551360234</LongitudeDegrees></Position></Trackpoint><Trackpoint><Time>2026-08-12T14:26:13.000Z</Time><Position><LatitudeDegrees>58.625313126973495</LatitudeDegrees><LongitudeDegrees>59.805777420613246</LongitudeDegrees></Position></Trackpoint><Trackpoint><Time>2026-08-12T14:26:14.000Z</Time><Position><LatitudeDegrees>58.62532113171323</LatitudeDegrees><LongitudeDegrees>59.805799801113935</LongitudeDegrees></Position></Trackpoint><Trackpoint><Time>2026-08-12T14:26:14.000Z</Time><Position><LatitudeDegrees>58.62533021418218</LatitudeDegrees><LongitudeDegrees>59.805822931384455</LongitudeDegrees></Position></Trackpoint><Trackpoint><Time>2026-08-12T14:26:16.000Z</Time><Position><LatitudeDegrees>58.62534004360667</LatitudeDegrees><LongitudeDegrees>59.805846339363704</LongitudeDegrees></Position></Trackpoint><Trackpoint><Time>2026-08-12T14:26:17.000Z</Time><Position><LatitudeDegrees>58.62534891906061</LatitudeDegrees><LongitudeDegrees>59.80586881577644</LongitudeDegrees></Position></Trackpoint><Trackpoint><Time>2026-08-12T14:26:18.000Z</Time><Position><LatitudeDegrees>58.62535675209721</LatitudeDegrees><LongitudeDegrees>59.805890961389196</LongitudeDegrees></Position></Trackpoint><Trackpoint><Time>2026-08-12T14:26:19.000Z</Time><Position><LatitudeDegrees>58.62536412969444</LatitudeDegrees><LongitudeDegrees>59.805912576464706</LongitudeDegrees></Position></Trackpoint><Trackpoint><Time>2026-08-12T14:26:20.000Z</Time><Position><LatitudeDegrees>58.62537135204435</LatitudeDegrees><LongitudeDegrees>59.80593364683816</LongitudeDegrees></Position></Trackpoint><Trackpoint><Time>2026-08-12T14:26:21.000Z</Time><Position><LatitudeDegrees>58.62537856270179</LatitudeDegrees><LongitudeDegrees>59.80595521580895</LongitudeDegrees></Position></Trackpoint><Trackpoint><Time>2026-08-12T14:26:22.000Z</Time><Position><LatitudeDegrees>58.62538582228816</LatitudeDegrees><LongitudeDegrees>59.80597666982709</LongitudeDegrees></Position></Trackpoint><Trackpoint><Time>2026-08-12T14:26:23.000Z</Time><Position><LatitudeDegrees>58.62539314948941</LatitudeDegrees><LongitudeDegrees>59.80599728135562</LongitudeDegrees></Position></Trackpoint><Trackpoint><Time>2026-08-12T14:26:24.000Z</Time><Position><LatitudeDegrees>58.625400543322776</LatitudeDegrees><LongitudeDegrees>59.80601685890284</LongitudeDegrees></Position></Trackpoint><Trackpoint><Time>2026-08-12T14:26:25.000Z</Time><Position><LatitudeDegrees>58.625408484442005</LatitudeDegrees><LongitudeDegrees>59.80603594592661</LongitudeDegrees></Position></Trackpoint><Trackpoint><Time>2026-08-12T14:26:26.000Z</Time><Position><LatitudeDegrees>58.62541710055303</LatitudeDegrees><LongitudeDegrees>59.80605482919896</LongitudeDegrees></Position></Trackpoint><Trackpoint><Time>2026-08-12T14:26:27.000Z</Time><Position><LatitudeDegrees>58.625425378394</LatitudeDegrees><LongitudeDegrees>59.8060746321946</LongitudeDegrees></Position></Trackpoint><Trackpoint><Time>2026-08-12T14:26:28.000Z</Time><Position><LatitudeDegrees>58.625432944086334</LatitudeDegrees><LongitudeDegrees>59.8060961891634</LongitudeDegrees></Position></Trackpoint><Trackpoint><Time>2026-08-12T14:26:29.000Z</Time><Position><LatitudeDegrees>58.6254402246682</LatitudeDegrees><LongitudeDegrees>59.806119128946854</LongitudeDegrees></Position></Trackpoint><Trackpoint><Time>2026-08-12T14:26:30.000Z</Time><Position><LatitudeDegrees>58.625446942991026</LatitudeDegrees><LongitudeDegrees>59.806142141986115</LongitudeDegrees></Position></Trackpoint><Trackpoint><Time>2026-08-12T14:26:31.000Z</Time><Position><LatitudeDegrees>58.62545452591274</LatitudeDegrees><LongitudeDegrees>59.806165658780145</LongitudeDegrees></Position></Trackpoint><Trackpoint><Time>2026-08-12T14:26:31.000Z</Time><Position><LatitudeDegrees>58.62546247086982</LatitudeDegrees><LongitudeDegrees>59.806187833524135</LongitudeDegrees></Position></Trackpoint><Trackpoint><Time>2026-08-12T14:26:33.000Z</Time><Position><LatitudeDegrees>58.62547003481255</LatitudeDegrees><LongitudeDegrees>59.806209547136056</LongitudeDegrees></Position></Trackpoint><Trackpoint><Time>2026-08-12T14:26:34.000Z</Time><Position><LatitudeDegrees>58.625477450241505</LatitudeDegrees><LongitudeDegrees>59.80623171120353</LongitudeDegrees></Position></Trackpoint><Trackpoint><Time>2026-08-12T14:26:35.000Z</Time><Position><LatitudeDegrees>58.625484831969686</LatitudeDegrees><LongitudeDegrees>59.806254643333446</LongitudeDegrees></Position></Trackpoint><Trackpoint><Time>2026-08-12T14:26:36.000Z</Time><Position><LatitudeDegrees>58.62549174199575</LatitudeDegrees><LongitudeDegrees>59.80627788613665</LongitudeDegrees></Position></Trackpoint><Trackpoint><Time>2026-08-12T14:26:36.000Z</Time><Position><LatitudeDegrees>58.62549708125715</LatitudeDegrees><LongitudeDegrees>59.806302680202435</LongitudeDegrees></Position></Trackpoint><Trackpoint><Time>2026-08-12T14:26:38.000Z</Time><Position><LatitudeDegrees>58.625501577949784</LatitudeDegrees><LongitudeDegrees>59.80632688929155</LongitudeDegrees></Position></Trackpoint><Trackpoint><Time>2026-08-12T14:26:39.000Z</Time><Position><LatitudeDegrees>58.62550612972205</LatitudeDegrees><LongitudeDegrees>59.80635019832092</LongitudeDegrees></Position></Trackpoint><Trackpoint><Time>2026-08-12T14:26:40.000Z</Time><Position><LatitudeDegrees>58.62551158879671</LatitudeDegrees><LongitudeDegrees>59.80637210343952</LongitudeDegrees></Position></Trackpoint><Trackpoint><Time>2026-08-12T14:26:41.000Z</Time><Position><LatitudeDegrees>58.625518189696656</LatitudeDegrees><LongitudeDegrees>59.806393556555754</LongitudeDegrees></Position></Trackpoint><Trackpoint><Time>2026-08-12T14:26:42.000Z</Time><Position><LatitudeDegrees>58.62552539284405</LatitudeDegrees><LongitudeDegrees>59.80641549732167</LongitudeDegrees></Position></Trackpoint><Trackpoint><Time>2026-08-12T14:26:43.000Z</Time><Position><LatitudeDegrees>58.62553338833581</LatitudeDegrees><LongitudeDegrees>59.80643727090701</LongitudeDegrees></Position></Trackpoint><Trackpoint><Time>2026-08-12T14:26:44.000Z</Time><Position><LatitudeDegrees>58.625542152764005</LatitudeDegrees><LongitudeDegrees>59.806459118698804</LongitudeDegrees></Position></Trackpoint><Trackpoint><Time>2026-08-12T14:26:45.000Z</Time><Position><LatitudeDegrees>58.625551577796635</LatitudeDegrees><LongitudeDegrees>59.80648064097338</LongitudeDegrees></Position></Trackpoint><Trackpoint><Time>2026-08-12T14:26:46.000Z</Time><Position><LatitudeDegrees>58.625561534031384</LatitudeDegrees><LongitudeDegrees>59.80650171489086</LongitudeDegrees></Position></Trackpoint><Trackpoint><Time>2026-08-12T14:26:47.000Z</Time><Position><LatitudeDegrees>58.625571410386456</LatitudeDegrees><LongitudeDegrees>59.80652332662885</LongitudeDegrees></Position></Trackpoint><Trackpoint><Time>2026-08-12T14:26:48.000Z</Time><Position><LatitudeDegrees>58.62558096545044</LatitudeDegrees><LongitudeDegrees>59.80654630291036</LongitudeDegrees></Position></Trackpoint><Trackpoint><Time>2026-08-12T14:26:49.000Z</Time><Position><LatitudeDegrees>58.625589651428655</LatitudeDegrees><LongitudeDegrees>59.806569829849174</LongitudeDegrees></Position></Trackpoint><Trackpoint><Time>2026-08-12T14:26:50.000Z</Time><Position><LatitudeDegrees>58.62559882309869</LatitudeDegrees><LongitudeDegrees>59.806593011973135</LongitudeDegrees></Position></Trackpoint><Trackpoint><Time>2026-08-12T14:26:51.000Z</Time><Position><LatitudeDegrees>58.625607017622855</LatitudeDegrees><LongitudeDegrees>59.80661650397466</LongitudeDegrees></Position></Trackpoint><Trackpoint><Time>2026-08-12T14:26:51.000Z</Time><Position><LatitudeDegrees>58.62561473719222</LatitudeDegrees><LongitudeDegrees>59.80663906687374</LongitudeDegrees></Position></Trackpoint><Trackpoint><Time>2026-08-12T14:26:53.000Z</Time><Position><LatitudeDegrees>58.62562224958557</LatitudeDegrees><LongitudeDegrees>59.80666177849785</LongitudeDegrees></Position></Trackpoint><Trackpoint><Time>2026-08-12T14:26:54.000Z</Time><Position><LatitudeDegrees>58.6256287124526</LatitudeDegrees><LongitudeDegrees>59.80668457403302</LongitudeDegrees></Position></Trackpoint><Trackpoint><Time>2026-08-12T14:26:55.000Z</Time><Position><LatitudeDegrees>58.625634892811746</LatitudeDegrees><LongitudeDegrees>59.806706926406235</LongitudeDegrees></Position></Trackpoint><Trackpoint><Time>2026-08-12T14:26:56.000Z</Time><Position><LatitudeDegrees>58.62564114280622</LatitudeDegrees><LongitudeDegrees>59.806729654651654</LongitudeDegrees></Position></Trackpoint><Trackpoint><Time>2026-08-12T14:26:57.000Z</Time><Position><LatitudeDegrees>58.62564759852275</LatitudeDegrees><LongitudeDegrees>59.806752558221596</LongitudeDegrees></Position></Trackpoint><Trackpoint><Time>2026-08-12T14:26:58.000Z</Time><Position><LatitudeDegrees>58.62565379999165</LatitudeDegrees><LongitudeDegrees>59.80677651124245</LongitudeDegrees></Position></Trackpoint><Trackpoint><Time>2026-08-12T14:26:59.000Z</Time><Position><LatitudeDegrees>58.62566056963563</LatitudeDegrees><LongitudeDegrees>59.80680027018131</LongitudeDegrees></Position></Trackpoint><Trackpoint><Time>2026-08-12T14:27:00.000Z</Time><Position><LatitudeDegrees>58.62566817323134</LatitudeDegrees><LongitudeDegrees>59.80682383743062</LongitudeDegrees></Position></Trackpoint><Trackpoint><Time>2026-08-12T14:27:01.000Z</Time><Position><LatitudeDegrees>58.625676123587425</LatitudeDegrees><LongitudeDegrees>59.806847238578726</LongitudeDegrees></Position></Trackpoint><Trackpoint><Time>2026-08-12T14:27:02.000Z</Time><Position><LatitudeDegrees>58.62568319633483</LatitudeDegrees><LongitudeDegrees>59.80687099509321</LongitudeDegrees></Position></Trackpoint><Trackpoint><Time>2026-08-12T14:27:03.000Z</Time><Position><LatitudeDegrees>58.62568997909853</LatitudeDegrees><LongitudeDegrees>59.80689527612109</LongitudeDegrees></Position></Trackpoint><Trackpoint><Time>2026-08-12T14:27:04.000Z</Time><Position><LatitudeDegrees>58.62569724071167</LatitudeDegrees><LongitudeDegrees>59.806919104781</LongitudeDegrees></Position></Trackpoint><Trackpoint><Time>2026-08-12T14:27:05.000Z</Time><Position><LatitudeDegrees>58.625704746735174</LatitudeDegrees><LongitudeDegrees>59.80694213682137</LongitudeDegrees></Position></Trackpoint><Trackpoint><Time>2026-08-12T14:27:06.000Z</Time><Position><LatitudeDegrees>58.62571236924949</LatitudeDegrees><LongitudeDegrees>59.8069662911553</LongitudeDegrees></Position></Trackpoint><Trackpoint><Time>2026-08-12T14:27:07.000Z</Time><Position><LatitudeDegrees>58.625719061400446</LatitudeDegrees><LongitudeDegrees>59.80699123478928</LongitudeDegrees></Position></Trackpoint><Trackpoint><Time>2026-08-12T14:27:08.000Z</Time><Position><LatitudeDegrees>58.62572549069053</LatitudeDegrees><LongitudeDegrees>59.807016729280015</LongitudeDegrees></Position></Trackpoint><Trackpoint><Time>2026-08-12T14:27:09.000Z</Time><Position><LatitudeDegrees>58.62573147614671</LatitudeDegrees><LongitudeDegrees>59.80704456416946</LongitudeDegrees></Position></Trackpoint><Trackpoint><Time>2026-08-12T14:27:10.000Z</Time><Position><LatitudeDegrees>58.62573700020367</LatitudeDegrees><LongitudeDegrees>59.8070722384003</LongitudeDegrees></Position></Trackpoint><Trackpoint><Time>2026-08-12T14:27:11.000Z</Time><Position><LatitudeDegrees>58.625744073289795</LatitudeDegrees><LongitudeDegrees>59.80709776335281</LongitudeDegrees></Position></Trackpoint><Trackpoint><Time>2026-08-12T14:27:12.000Z</Time><Position><LatitudeDegrees>58.625752345329744</LatitudeDegrees><LongitudeDegrees>59.807122064735516</LongitudeDegrees></Position></Trackpoint><Trackpoint><Time>2026-08-12T14:27:13.000Z</Time><Position><LatitudeDegrees>58.62576151826691</LatitudeDegrees><LongitudeDegrees>59.807146170440035</LongitudeDegrees></Position></Trackpoint><Trackpoint><Time>2026-08-12T14:27:14.000Z</Time><Position><LatitudeDegrees>58.625771843333474</LatitudeDegrees><LongitudeDegrees>59.80716906006955</LongitudeDegrees></Position></Trackpoint><Trackpoint><Time>2026-08-12T14:27:15.000Z</Time><Position><LatitudeDegrees>58.6257818072893</LatitudeDegrees><LongitudeDegrees>59.80719095908262</LongitudeDegrees></Position></Trackpoint><Trackpoint><Time>2026-08-12T14:27:16.000Z</Time><Position><LatitudeDegrees>58.62579132289027</LatitudeDegrees><LongitudeDegrees>59.807212087474724</LongitudeDegrees></Position></Trackpoint><Trackpoint><Time>2026-08-12T14:27:17.000Z</Time><Position><LatitudeDegrees>58.625800411752024</LatitudeDegrees><LongitudeDegrees>59.80723361397661</LongitudeDegrees></Position></Trackpoint><Trackpoint><Time>2026-08-12T14:27:18.000Z</Time><Position><LatitudeDegrees>58.625808647937305</LatitudeDegrees><LongitudeDegrees>59.807255479203164</LongitudeDegrees></Position></Trackpoint><Trackpoint><Time>2026-08-12T14:27:19.000Z</Time><Position><LatitudeDegrees>58.62581694469193</LatitudeDegrees><LongitudeDegrees>59.8072771256122</LongitudeDegrees></Position></Trackpoint><Trackpoint><Time>2026-08-12T14:27:20.000Z</Time><Position><LatitudeDegrees>58.62582469112575</LatitudeDegrees><LongitudeDegrees>59.807298841284776</LongitudeDegrees></Position></Trackpoint><Trackpoint><Time>2026-08-12T14:27:21.000Z</Time><Position><LatitudeDegrees>58.625832685507916</LatitudeDegrees><LongitudeDegrees>59.8073207359724</LongitudeDegrees></Position></Trackpoint><Trackpoint><Time>2026-08-12T14:27:21.000Z</Time><Position><LatitudeDegrees>58.625841224768486</LatitudeDegrees><LongitudeDegrees>59.80734234228746</LongitudeDegrees></Position></Trackpoint><Trackpoint><Time>2026-08-12T14:27:23.000Z</Time><Position><LatitudeDegrees>58.62584938203761</LatitudeDegrees><LongitudeDegrees>59.8073644839776</LongitudeDegrees></Position></Trackpoint><Trackpoint><Time>2026-08-12T14:27:24.000Z</Time><Position><LatitudeDegrees>58.62585682462739</LatitudeDegrees><LongitudeDegrees>59.80738743157497</LongitudeDegrees></Position></Trackpoint><Trackpoint><Time>2026-08-12T14:27:25.000Z</Time><Position><LatitudeDegrees>58.625863507253875</LatitudeDegrees><LongitudeDegrees>59.807411193056765</LongitudeDegrees></Position></Trackpoint><Trackpoint><Time>2026-08-12T14:27:26.000Z</Time><Position><LatitudeDegrees>58.62586950880775</LatitudeDegrees><LongitudeDegrees>59.807435667247425</LongitudeDegrees></Position></Trackpoint><Trackpoint><Time>2026-08-12T14:27:27.000Z</Time><Position><LatitudeDegrees>58.62587543880411</LatitudeDegrees><LongitudeDegrees>59.807460231393755</LongitudeDegrees></Position></Trackpoint><Trackpoint><Time>2026-08-12T14:27:27.000Z</Time><Position><LatitudeDegrees>58.62588204705649</LatitudeDegrees><LongitudeDegrees>59.80748461747955</LongitudeDegrees></Position></Trackpoint><Trackpoint><Time>2026-08-12T14:27:29.000Z</Time><Position><LatitudeDegrees>58.625889065699376</LatitudeDegrees><LongitudeDegrees>59.807507758759364</LongitudeDegrees></Position></Trackpoint><Trackpoint><Time>2026-08-12T14:27:29.000Z</Time><Position><LatitudeDegrees>58.625896331743796</LatitudeDegrees><LongitudeDegrees>59.80752986529143</LongitudeDegrees></Position></Trackpoint><Trackpoint><Time>2026-08-12T14:27:31.000Z</Time><Position><LatitudeDegrees>58.625904235922484</LatitudeDegrees><LongitudeDegrees>59.807552135614266</LongitudeDegrees></Position></Trackpoint><Trackpoint><Time>2026-08-12T14:27:32.000Z</Time><Position><LatitudeDegrees>58.625912367638</LatitudeDegrees><LongitudeDegrees>59.807575042303725</LongitudeDegrees></Position></Trackpoint><Trackpoint><Time>2026-08-12T14:27:33.000Z</Time><Position><LatitudeDegrees>58.625920528588644</LatitudeDegrees><LongitudeDegrees>59.8075986983056</LongitudeDegrees></Position></Trackpoint><Trackpoint><Time>2026-08-12T14:27:34.000Z</Time><Position><LatitudeDegrees>58.62592863335486</LatitudeDegrees><LongitudeDegrees>59.80762305396161</LongitudeDegrees></Position></Trackpoint><Trackpoint><Time>2026-08-12T14:27:35.000Z</Time><Position><LatitudeDegrees>58.62593665396922</LatitudeDegrees><LongitudeDegrees>59.80764750941067</LongitudeDegrees></Position></Trackpoint><Trackpoint><Time>2026-08-12T14:27:36.000Z</Time><Position><LatitudeDegrees>58.625945079325184</LatitudeDegrees><LongitudeDegrees>59.807671315191065</LongitudeDegrees></Position></Trackpoint><Trackpoint><Time>2026-08-12T14:27:37.000Z</Time><Position><LatitudeDegrees>58.62595405881741</LatitudeDegrees><LongitudeDegrees>59.80769375642284</LongitudeDegrees></Position></Trackpoint><Trackpoint><Time>2026-08-12T14:27:38.000Z</Time><Position><LatitudeDegrees>58.62596260362782</LatitudeDegrees><LongitudeDegrees>59.80771569305358</LongitudeDegrees></Position></Trackpoint><Trackpoint><Time>2026-08-12T14:27:39.000Z</Time><Position><LatitudeDegrees>58.625970851929516</LatitudeDegrees><LongitudeDegrees>59.80773705439254</LongitudeDegrees></Position></Trackpoint><Trackpoint><Time>2026-08-12T14:27:40.000Z</Time><Position><LatitudeDegrees>58.62597889868324</LatitudeDegrees><LongitudeDegrees>59.80775886438597</LongitudeDegrees></Position></Trackpoint><Trackpoint><Time>2026-08-12T14:27:41.000Z</Time><Position><LatitudeDegrees>58.62598729847599</LatitudeDegrees><LongitudeDegrees>59.80777952870249</LongitudeDegrees></Position></Trackpoint><Trackpoint><Time>2026-08-12T14:27:42.000Z</Time><Position><LatitudeDegrees>58.625995744782536</LatitudeDegrees><LongitudeDegrees>59.80780049623165</LongitudeDegrees></Position></Trackpoint><Trackpoint><Time>2026-08-12T14:27:43.000Z</Time><Position><LatitudeDegrees>58.62600410539559</LatitudeDegrees><LongitudeDegrees>59.80782232475759</LongitudeDegrees></Position></Trackpoint><Trackpoint><Time>2026-08-12T14:27:44.000Z</Time><Position><LatitudeDegrees>58.62601233686642</LatitudeDegrees><LongitudeDegrees>59.80784415426555</LongitudeDegrees></Position></Trackpoint><Trackpoint><Time>2026-08-12T14:27:45.000Z</Time><Position><LatitudeDegrees>58.62602043787659</LatitudeDegrees><LongitudeDegrees>59.80786563044674</LongitudeDegrees></Position></Trackpoint><Trackpoint><Time>2026-08-12T14:27:46.000Z</Time><Position><LatitudeDegrees>58.62602891423818</LatitudeDegrees><LongitudeDegrees>59.807887142344555</LongitudeDegrees></Position></Trackpoint><Trackpoint><Time>2026-08-12T14:27:47.000Z</Time><Position><LatitudeDegrees>58.62603743647506</LatitudeDegrees><LongitudeDegrees>59.80790933520648</LongitudeDegrees></Position></Trackpoint><Trackpoint><Time>2026-08-12T14:27:48.000Z</Time><Position><LatitudeDegrees>58.62604586300995</LatitudeDegrees><LongitudeDegrees>59.807931408145</LongitudeDegrees></Position></Trackpoint><Trackpoint><Time>2026-08-12T14:27:49.000Z</Time><Position><LatitudeDegrees>58.626053658209194</LatitudeDegrees><LongitudeDegrees>59.80795451555177</LongitudeDegrees></Position></Trackpoint><Trackpoint><Time>2026-08-12T14:27:50.000Z</Time><Position><LatitudeDegrees>58.62606068251196</LatitudeDegrees><LongitudeDegrees>59.8079780208501</LongitudeDegrees></Position></Trackpoint><Trackpoint><Time>2026-08-12T14:27:51.000Z</Time><Position><LatitudeDegrees>58.62606795660708</LatitudeDegrees><LongitudeDegrees>59.80800112119708</LongitudeDegrees></Position></Trackpoint><Trackpoint><Time>2026-08-12T14:27:51.000Z</Time><Position><LatitudeDegrees>58.626074889566546</LatitudeDegrees><LongitudeDegrees>59.80802402754074</LongitudeDegrees></Position></Trackpoint><Trackpoint><Time>2026-08-12T14:27:52.000Z</Time><Position><LatitudeDegrees>58.62608226103198</LatitudeDegrees><LongitudeDegrees>59.80804685165655</LongitudeDegrees></Position></Trackpoint><Trackpoint><Time>2026-08-12T14:27:54.000Z</Time><Position><LatitudeDegrees>58.62609033580422</LatitudeDegrees><LongitudeDegrees>59.80807013974181</LongitudeDegrees></Position></Trackpoint><Trackpoint><Time>2026-08-12T14:27:55.000Z</Time><Position><LatitudeDegrees>58.62609962227934</LatitudeDegrees><LongitudeDegrees>59.80809258835715</LongitudeDegrees></Position></Trackpoint><Trackpoint><Time>2026-08-12T14:27:56.000Z</Time><Position><LatitudeDegrees>58.62610870547971</LatitudeDegrees><LongitudeDegrees>59.80811425805808</LongitudeDegrees></Position></Trackpoint><Trackpoint><Time>2026-08-12T14:27:56.000Z</Time><Position><LatitudeDegrees>58.62611751837098</LatitudeDegrees><LongitudeDegrees>59.80813527375587</LongitudeDegrees></Position></Trackpoint><Trackpoint><Time>2026-08-12T14:27:58.000Z</Time><Position><LatitudeDegrees>58.626125088818696</LatitudeDegrees><LongitudeDegrees>59.80815723966532</LongitudeDegrees></Position></Trackpoint><Trackpoint><Time>2026-08-12T14:27:59.000Z</Time><Position><LatitudeDegrees>58.62613117593122</LatitudeDegrees><LongitudeDegrees>59.80818069449734</LongitudeDegrees></Position></Trackpoint><Trackpoint><Time>2026-08-12T14:28:00.000Z</Time><Position><LatitudeDegrees>58.62613685010641</LatitudeDegrees><LongitudeDegrees>59.80820468978886</LongitudeDegrees></Position></Trackpoint><Trackpoint><Time>2026-08-12T14:28:01.000Z</Time><Position><LatitudeDegrees>58.626142605169676</LatitudeDegrees><LongitudeDegrees>59.80822778634276</LongitudeDegrees></Position></Trackpoint><Trackpoint><Time>2026-08-12T14:28:02.000Z</Time><Position><LatitudeDegrees>58.62614912372355</LatitudeDegrees><LongitudeDegrees>59.80824950680129</LongitudeDegrees></Position></Trackpoint><Trackpoint><Time>2026-08-12T14:28:03.000Z</Time><Position><LatitudeDegrees>58.62615609928303</LatitudeDegrees><LongitudeDegrees>59.808270320802976</LongitudeDegrees></Position></Trackpoint><Trackpoint><Time>2026-08-12T14:28:04.000Z</Time><Position><LatitudeDegrees>58.6261633469714</LatitudeDegrees><LongitudeDegrees>59.808291027713615</LongitudeDegrees></Position></Trackpoint><Trackpoint><Time>2026-08-12T14:28:05.000Z</Time><Position><LatitudeDegrees>58.62617075572293</LatitudeDegrees><LongitudeDegrees>59.80831197048367</LongitudeDegrees></Position></Trackpoint><Trackpoint><Time>2026-08-12T14:28:06.000Z</Time><Position><LatitudeDegrees>58.626178259124835</LatitudeDegrees><LongitudeDegrees>59.80833374969001</LongitudeDegrees></Position></Trackpoint><Trackpoint><Time>2026-08-12T14:28:07.000Z</Time><Position><LatitudeDegrees>58.626185817677886</LatitudeDegrees><LongitudeDegrees>59.80835650531486</LongitudeDegrees></Position></Trackpoint><Trackpoint><Time>2026-08-12T14:28:08.000Z</Time><Position><LatitudeDegrees>58.62619340803641</LatitudeDegrees><LongitudeDegrees>59.80837919046452</LongitudeDegrees></Position></Trackpoint><Trackpoint><Time>2026-08-12T14:28:09.000Z</Time><Position><LatitudeDegrees>58.6262010165037</LatitudeDegrees><LongitudeDegrees>59.80840138303862</LongitudeDegrees></Position></Trackpoint><Trackpoint><Time>2026-08-12T14:28:09.000Z</Time><Position><LatitudeDegrees>58.62620863511477</LatitudeDegrees><LongitudeDegrees>59.808422972423486</LongitudeDegrees></Position></Trackpoint><Trackpoint><Time>2026-08-12T14:28:11.000Z</Time><Position><LatitudeDegrees>58.626215280066184</LatitudeDegrees><LongitudeDegrees>59.80844496970438</LongitudeDegrees></Position></Trackpoint><Trackpoint><Time>2026-08-12T14:28:12.000Z</Time><Position><LatitudeDegrees>58.626220181552014</LatitudeDegrees><LongitudeDegrees>59.80846871814833</LongitudeDegrees></Position></Trackpoint><Trackpoint><Time>2026-08-12T14:28:13.000Z</Time><Position><LatitudeDegrees>58.626222267090434</LatitudeDegrees><LongitudeDegrees>59.808494056587755</LongitudeDegrees></Position></Trackpoint><Trackpoint><Time>2026-08-12T14:28:14.000Z</Time><Position><LatitudeDegrees>58.62622243564149</LatitudeDegrees><LongitudeDegrees>59.80852022496432</LongitudeDegrees></Position></Trackpoint><Trackpoint><Time>2026-08-12T14:28:15.000Z</Time><Position><LatitudeDegrees>58.62622130346932</LatitudeDegrees><LongitudeDegrees>59.808546803739496</LongitudeDegrees></Position></Trackpoint><Trackpoint><Time>2026-08-12T14:28:16.000Z</Time><Position><LatitudeDegrees>58.62621929131793</LatitudeDegrees><LongitudeDegrees>59.80857307784866</LongitudeDegrees></Position></Trackpoint><Trackpoint><Time>2026-08-12T14:28:17.000Z</Time><Position><LatitudeDegrees>58.62621668540771</LatitudeDegrees><LongitudeDegrees>59.80859830229717</LongitudeDegrees></Position></Trackpoint><Trackpoint><Time>2026-08-12T14:28:18.000Z</Time><Position><LatitudeDegrees>58.626213679821824</LatitudeDegrees><LongitudeDegrees>59.80862279460435</LongitudeDegrees></Position></Trackpoint><Trackpoint><Time>2026-08-12T14:28:19.000Z</Time><Position><LatitudeDegrees>58.626210895398565</LatitudeDegrees><LongitudeDegrees>59.8086472691151</LongitudeDegrees></Position></Trackpoint><Trackpoint><Time>2026-08-12T14:28:20.000Z</Time><Position><LatitudeDegrees>58.626208559433955</LatitudeDegrees><LongitudeDegrees>59.80867202230461</LongitudeDegrees></Position></Trackpoint><Trackpoint><Time>2026-08-12T14:28:21.000Z</Time><Position><LatitudeDegrees>58.62620719758772</LatitudeDegrees><LongitudeDegrees>59.80869714050327</LongitudeDegrees></Position></Trackpoint><Trackpoint><Time>2026-08-12T14:28:22.000Z</Time><Position><LatitudeDegrees>58.62620739092805</LatitudeDegrees><LongitudeDegrees>59.808721633195184</LongitudeDegrees></Position></Trackpoint><Trackpoint><Time>2026-08-12T14:28:23.000Z</Time><Position><LatitudeDegrees>58.626208199931135</LatitudeDegrees><LongitudeDegrees>59.80874517273573</LongitudeDegrees></Position></Trackpoint><Trackpoint><Time>2026-08-12T14:28:24.000Z</Time><Position><LatitudeDegrees>58.62621013787158</LatitudeDegrees><LongitudeDegrees>59.80876823613609</LongitudeDegrees></Position></Trackpoint><Trackpoint><Time>2026-08-12T14:28:25.000Z</Time><Position><LatitudeDegrees>58.626213271235606</LatitudeDegrees><LongitudeDegrees>59.80879059134661</LongitudeDegrees></Position></Trackpoint><Trackpoint><Time>2026-08-12T14:28:26.000Z</Time><Position><LatitudeDegrees>58.62621698436301</LatitudeDegrees><LongitudeDegrees>59.80881321291784</LongitudeDegrees></Position></Trackpoint><Trackpoint><Time>2026-08-12T14:28:26.000Z</Time><Position><LatitudeDegrees>58.626221438903265</LatitudeDegrees><LongitudeDegrees>59.808835488793974</LongitudeDegrees></Position></Trackpoint><Trackpoint><Time>2026-08-12T14:28:27.000Z</Time><Position><LatitudeDegrees>58.62622660626979</LatitudeDegrees><LongitudeDegrees>59.80885721127945</LongitudeDegrees></Position></Trackpoint><Trackpoint><Time>2026-08-12T14:28:29.000Z</Time><Position><LatitudeDegrees>58.626232383199515</LatitudeDegrees><LongitudeDegrees>59.808877876254556</LongitudeDegrees></Position></Trackpoint><Trackpoint><Time>2026-08-12T14:28:30.000Z</Time><Position><LatitudeDegrees>58.62623815931813</LatitudeDegrees><LongitudeDegrees>59.80889790144644</LongitudeDegrees></Position></Trackpoint><Trackpoint><Time>2026-08-12T14:28:31.000Z</Time><Position><LatitudeDegrees>58.62624417296786</LatitudeDegrees><LongitudeDegrees>59.808917541004305</LongitudeDegrees></Position></Trackpoint><Trackpoint><Time>2026-08-12T14:28:32.000Z</Time><Position><LatitudeDegrees>58.62625098142984</LatitudeDegrees><LongitudeDegrees>59.808936459480165</LongitudeDegrees></Position></Trackpoint><Trackpoint><Time>2026-08-12T14:28:33.000Z</Time><Position><LatitudeDegrees>58.62625773297684</LatitudeDegrees><LongitudeDegrees>59.808955590496396</LongitudeDegrees></Position></Trackpoint><Trackpoint><Time>2026-08-12T14:28:33.000Z</Time><Position><LatitudeDegrees>58.62626457375475</LatitudeDegrees><LongitudeDegrees>59.80897529127058</LongitudeDegrees></Position></Trackpoint><Trackpoint><Time>2026-08-12T14:28:35.000Z</Time><Position><LatitudeDegrees>58.626271552498686</LatitudeDegrees><LongitudeDegrees>59.80899563578926</LongitudeDegrees></Position></Trackpoint><Trackpoint><Time>2026-08-12T14:28:36.000Z</Time><Position><LatitudeDegrees>58.62627818196103</LatitudeDegrees><LongitudeDegrees>59.809015592677696</LongitudeDegrees></Position></Trackpoint><Trackpoint><Time>2026-08-12T14:28:37.000Z</Time><Position><LatitudeDegrees>58.62628479591734</LatitudeDegrees><LongitudeDegrees>59.809035276543746</LongitudeDegrees></Position></Trackpoint><Trackpoint><Time>2026-08-12T14:28:38.000Z</Time><Position><LatitudeDegrees>58.626292023428334</LatitudeDegrees><LongitudeDegrees>59.80905525923938</LongitudeDegrees></Position></Trackpoint><Trackpoint><Time>2026-08-12T14:28:39.000Z</Time><Position><LatitudeDegrees>58.62629955520275</LatitudeDegrees><LongitudeDegrees>59.80907573791798</LongitudeDegrees></Position></Trackpoint><Trackpoint><Time>2026-08-12T14:28:40.000Z</Time><Position><LatitudeDegrees>58.62630722481238</LatitudeDegrees><LongitudeDegrees>59.8090962405046</LongitudeDegrees></Position></Trackpoint><Trackpoint><Time>2026-08-12T14:28:41.000Z</Time><Position><LatitudeDegrees>58.6263149460256</LatitudeDegrees><LongitudeDegrees>59.80911607990387</LongitudeDegrees></Position></Trackpoint><Trackpoint><Time>2026-08-12T14:28:42.000Z</Time><Position><LatitudeDegrees>58.6263221870955</LatitudeDegrees><LongitudeDegrees>59.80913505826609</LongitudeDegrees></Position></Trackpoint><Trackpoint><Time>2026-08-12T14:28:43.000Z</Time><Position><LatitudeDegrees>58.626329280267235</LatitudeDegrees><LongitudeDegrees>59.809153694233565</LongitudeDegrees></Position></Trackpoint><Trackpoint><Time>2026-08-12T14:28:44.000Z</Time><Position><LatitudeDegrees>58.626336381352964</LatitudeDegrees><LongitudeDegrees>59.809172734956974</LongitudeDegrees></Position></Trackpoint><Trackpoint><Time>2026-08-12T14:28:45.000Z</Time><Position><LatitudeDegrees>58.62634355350557</LatitudeDegrees><LongitudeDegrees>59.80919292579868</LongitudeDegrees></Position></Trackpoint><Trackpoint><Time>2026-08-12T14:28:46.000Z</Time><Position><LatitudeDegrees>58.6263508136122</LatitudeDegrees><LongitudeDegrees>59.80921442610783</LongitudeDegrees></Position></Trackpoint><Trackpoint><Time>2026-08-12T14:28:47.000Z</Time><Position><LatitudeDegrees>58.62635864694939</LatitudeDegrees><LongitudeDegrees>59.809237133441535</LongitudeDegrees></Position></Trackpoint><Trackpoint><Time>2026-08-12T14:28:48.000Z</Time><Position><LatitudeDegrees>58.626365710965075</LatitudeDegrees><LongitudeDegrees>59.80926085069063</LongitudeDegrees></Position></Trackpoint><Trackpoint><Time>2026-08-12T14:28:49.000Z</Time><Position><LatitudeDegrees>58.62637253071402</LatitudeDegrees><LongitudeDegrees>59.80928389822602</LongitudeDegrees></Position></Trackpoint><Trackpoint><Time>2026-08-12T14:28:50.000Z</Time><Position><LatitudeDegrees>58.62637935378257</LatitudeDegrees><LongitudeDegrees>59.8093061598878</LongitudeDegrees></Position></Trackpoint><Trackpoint><Time>2026-08-12T14:28:51.000Z</Time><Position><LatitudeDegrees>58.62638579209834</LatitudeDegrees><LongitudeDegrees>59.80932768870312</LongitudeDegrees></Position></Trackpoint><Trackpoint><Time>2026-08-12T14:28:51.000Z</Time><Position><LatitudeDegrees>58.62639271444386</LatitudeDegrees><LongitudeDegrees>59.80934957979131</LongitudeDegrees></Position></Trackpoint><Trackpoint><Time>2026-08-12T14:28:53.000Z</Time><Position><LatitudeDegrees>58.62640041648826</LatitudeDegrees><LongitudeDegrees>59.80937076883</LongitudeDegrees></Position></Trackpoint><Trackpoint><Time>2026-08-12T14:28:54.000Z</Time><Position><LatitudeDegrees>58.626408430314164</LatitudeDegrees><LongitudeDegrees>59.80939090760273</LongitudeDegrees></Position></Trackpoint><Trackpoint><Time>2026-08-12T14:28:55.000Z</Time><Position><LatitudeDegrees>58.6264165232009</LatitudeDegrees><LongitudeDegrees>59.80941096672364</LongitudeDegrees></Position></Trackpoint><Trackpoint><Time>2026-08-12T14:28:56.000Z</Time><Position><LatitudeDegrees>58.626424589159</LatitudeDegrees><LongitudeDegrees>59.809430866536566</LongitudeDegrees></Position></Trackpoint><Trackpoint><Time>2026-08-12T14:28:56.000Z</Time><Position><LatitudeDegrees>58.626433077605334</LatitudeDegrees><LongitudeDegrees>59.80945059468338</LongitudeDegrees></Position></Trackpoint><Trackpoint><Time>2026-08-12T14:28:57.000Z</Time><Position><LatitudeDegrees>58.62644211939904</LatitudeDegrees><LongitudeDegrees>59.80946967849707</LongitudeDegrees></Position></Trackpoint><Trackpoint><Time>2026-08-12T14:28:59.000Z</Time><Position><LatitudeDegrees>58.626451207800336</LatitudeDegrees><LongitudeDegrees>59.80948751640614</LongitudeDegrees></Position></Trackpoint><Trackpoint><Time>2026-08-12T14:29:00.000Z</Time><Position><LatitudeDegrees>58.626460128134894</LatitudeDegrees><LongitudeDegrees>59.809504999794626</LongitudeDegrees></Position></Trackpoint><Trackpoint><Time>2026-08-12T14:29:01.000Z</Time><Position><LatitudeDegrees>58.62646832395314</LatitudeDegrees><LongitudeDegrees>59.809523520487595</LongitudeDegrees></Position></Trackpoint><Trackpoint><Time>2026-08-12T14:29:02.000Z</Time><Position><LatitudeDegrees>58.62647565908117</LatitudeDegrees><LongitudeDegrees>59.80954547699105</LongitudeDegrees></Position></Trackpoint><Trackpoint><Time>2026-08-12T14:29:03.000Z</Time><Position><LatitudeDegrees>58.626482677516925</LatitudeDegrees><LongitudeDegrees>59.80956798883433</LongitudeDegrees></Position></Trackpoint><Trackpoint><Time>2026-08-12T14:29:04.000Z</Time><Position><LatitudeDegrees>58.62648915433325</LatitudeDegrees><LongitudeDegrees>59.80959175690902</LongitudeDegrees></Position></Trackpoint><Trackpoint><Time>2026-08-12T14:29:05.000Z</Time><Position><LatitudeDegrees>58.62649555602431</LatitudeDegrees><LongitudeDegrees>59.80961543979839</LongitudeDegrees></Position></Trackpoint><Trackpoint><Time>2026-08-12T14:29:06.000Z</Time><Position><LatitudeDegrees>58.62650159473954</LatitudeDegrees><LongitudeDegrees>59.8096384959957</LongitudeDegrees></Position></Trackpoint><Trackpoint><Time>2026-08-12T14:29:07.000Z</Time><Position><LatitudeDegrees>58.626508177741115</LatitudeDegrees><LongitudeDegrees>59.80966127253601</LongitudeDegrees></Position></Trackpoint><Trackpoint><Time>2026-08-12T14:29:08.000Z</Time><Position><LatitudeDegrees>58.62651462959029</LatitudeDegrees><LongitudeDegrees>59.80968345862288</LongitudeDegrees></Position></Trackpoint><Trackpoint><Time>2026-08-12T14:29:09.000Z</Time><Position><LatitudeDegrees>58.6265211785627</LatitudeDegrees><LongitudeDegrees>59.80970549165437</LongitudeDegrees></Position></Trackpoint><Trackpoint><Time>2026-08-12T14:29:10.000Z</Time><Position><LatitudeDegrees>58.62652839581486</LatitudeDegrees><LongitudeDegrees>59.80972806102066</LongitudeDegrees></Position></Trackpoint><Trackpoint><Time>2026-08-12T14:29:11.000Z</Time><Position><LatitudeDegrees>58.626535451574135</LatitudeDegrees><LongitudeDegrees>59.80975138179783</LongitudeDegrees></Position></Trackpoint><Trackpoint><Time>2026-08-12T14:29:12.000Z</Time><Position><LatitudeDegrees>58.62654251445047</LatitudeDegrees><LongitudeDegrees>59.8097739772871</LongitudeDegrees></Position></Trackpoint><Trackpoint><Time>2026-08-12T14:29:13.000Z</Time><Position><LatitudeDegrees>58.62655014258022</LatitudeDegrees><LongitudeDegrees>59.80979582203488</LongitudeDegrees></Position></Trackpoint><Trackpoint><Time>2026-08-12T14:29:14.000Z</Time><Position><LatitudeDegrees>58.62655800366251</LatitudeDegrees><LongitudeDegrees>59.8098179811363</LongitudeDegrees></Position></Trackpoint><Trackpoint><Time>2026-08-12T14:29:15.000Z</Time><Position><LatitudeDegrees>58.62656544133503</LatitudeDegrees><LongitudeDegrees>59.809840852886246</LongitudeDegrees></Position></Trackpoint><Trackpoint><Time>2026-08-12T14:29:16.000Z</Time><Position><LatitudeDegrees>58.62657272924052</LatitudeDegrees><LongitudeDegrees>59.80986353062724</LongitudeDegrees></Position></Trackpoint><Trackpoint><Time>2026-08-12T14:29:17.000Z</Time><Position><LatitudeDegrees>58.62657902007532</LatitudeDegrees><LongitudeDegrees>59.8098871347001</LongitudeDegrees></Position></Trackpoint><Trackpoint><Time>2026-08-12T14:29:18.000Z</Time><Position><LatitudeDegrees>58.62658556169588</LatitudeDegrees><LongitudeDegrees>59.80991053877339</LongitudeDegrees></Position></Trackpoint><Trackpoint><Time>2026-08-12T14:29:19.000Z</Time><Position><LatitudeDegrees>58.62659185660192</LatitudeDegrees><LongitudeDegrees>59.80993379426653</LongitudeDegrees></Position></Trackpoint><Trackpoint><Time>2026-08-12T14:29:20.000Z</Time><Position><LatitudeDegrees>58.62659773157164</LatitudeDegrees><LongitudeDegrees>59.80995694142578</LongitudeDegrees></Position></Trackpoint><Trackpoint><Time>2026-08-12T14:29:21.000Z</Time><Position><LatitudeDegrees>58.62660365877535</LatitudeDegrees><LongitudeDegrees>59.80997952111977</LongitudeDegrees></Position></Trackpoint><Trackpoint><Time>2026-08-12T14:29:22.000Z</Time><Position><LatitudeDegrees>58.62660982596438</LatitudeDegrees><LongitudeDegrees>59.81000190670682</LongitudeDegrees></Position></Trackpoint><Trackpoint><Time>2026-08-12T14:29:23.000Z</Time><Position><LatitudeDegrees>58.626616279659224</LatitudeDegrees><LongitudeDegrees>59.81002329764043</LongitudeDegrees></Position></Trackpoint><Trackpoint><Time>2026-08-12T14:29:24.000Z</Time><Position><LatitudeDegrees>58.62662300224599</LatitudeDegrees><LongitudeDegrees>59.81004398150172</LongitudeDegrees></Position></Trackpoint><Trackpoint><Time>2026-08-12T14:29:25.000Z</Time><Position><LatitudeDegrees>58.626630441569446</LatitudeDegrees><LongitudeDegrees>59.810064657088496</LongitudeDegrees></Position></Trackpoint><Trackpoint><Time>2026-08-12T14:29:26.000Z</Time><Position><LatitudeDegrees>58.626637710853686</LatitudeDegrees><LongitudeDegrees>59.81008512364038</LongitudeDegrees></Position></Trackpoint><Trackpoint><Time>2026-08-12T14:29:27.000Z</Time><Position><LatitudeDegrees>58.62664446671909</LatitudeDegrees><LongitudeDegrees>59.81010679413872</LongitudeDegrees></Position></Trackpoint><Trackpoint><Time>2026-08-12T14:29:28.000Z</Time><Position><LatitudeDegrees>58.62665112325765</LatitudeDegrees><LongitudeDegrees>59.810128627139804</LongitudeDegrees></Position></Trackpoint><Trackpoint><Time>2026-08-12T14:29:28.000Z</Time><Position><LatitudeDegrees>58.62665737414407</LatitudeDegrees><LongitudeDegrees>59.810151152106634</LongitudeDegrees></Position></Trackpoint><Trackpoint><Time>2026-08-12T14:29:30.000Z</Time><Position><LatitudeDegrees>58.62666412450945</LatitudeDegrees><LongitudeDegrees>59.81017400866635</LongitudeDegrees></Position></Trackpoint><Trackpoint><Time>2026-08-12T14:29:31.000Z</Time><Position><LatitudeDegrees>58.62667168300962</LatitudeDegrees><LongitudeDegrees>59.810196026624716</LongitudeDegrees></Position></Trackpoint><Trackpoint><Time>2026-08-12T14:29:32.000Z</Time><Position><LatitudeDegrees>58.62668056264705</LatitudeDegrees><LongitudeDegrees>59.81021634207932</LongitudeDegrees></Position></Trackpoint><Trackpoint><Time>2026-08-12T14:29:33.000Z</Time><Position><LatitudeDegrees>58.62668982590609</LatitudeDegrees><LongitudeDegrees>59.81023579698135</LongitudeDegrees></Position></Trackpoint><Trackpoint><Time>2026-08-12T14:29:34.000Z</Time><Position><LatitudeDegrees>58.62669903744926</LatitudeDegrees><LongitudeDegrees>59.810254358914385</LongitudeDegrees></Position></Trackpoint><Trackpoint><Time>2026-08-12T14:29:34.000Z</Time><Position><LatitudeDegrees>58.626708024627725</LatitudeDegrees><LongitudeDegrees>59.8102726187501</LongitudeDegrees></Position></Trackpoint><Trackpoint><Time>2026-08-12T14:29:36.000Z</Time><Position><LatitudeDegrees>58.626716255525196</LatitudeDegrees><LongitudeDegrees>59.810292817045365</LongitudeDegrees></Position></Trackpoint><Trackpoint><Time>2026-08-12T14:29:37.000Z</Time><Position><LatitudeDegrees>58.62672360814832</LatitudeDegrees><LongitudeDegrees>59.81031464851663</LongitudeDegrees></Position></Trackpoint><Trackpoint><Time>2026-08-12T14:29:38.000Z</Time><Position><LatitudeDegrees>58.62673063459197</LatitudeDegrees><LongitudeDegrees>59.810337288211656</LongitudeDegrees></Position></Trackpoint><Trackpoint><Time>2026-08-12T14:29:39.000Z</Time><Position><LatitudeDegrees>58.62673662487064</LatitudeDegrees><LongitudeDegrees>59.810359803042694</LongitudeDegrees></Position></Trackpoint><Trackpoint><Time>2026-08-12T14:29:40.000Z</Time><Position><LatitudeDegrees>58.62674288841066</LatitudeDegrees><LongitudeDegrees>59.8103818247592</LongitudeDegrees></Position></Trackpoint><Trackpoint><Time>2026-08-12T14:29:41.000Z</Time><Position><LatitudeDegrees>58.62674846057295</LatitudeDegrees><LongitudeDegrees>59.81040424421505</LongitudeDegrees></Position></Trackpoint><Trackpoint><Time>2026-08-12T14:29:42.000Z</Time><Position><LatitudeDegrees>58.62675352243485</LatitudeDegrees><LongitudeDegrees>59.810426398023104</LongitudeDegrees></Position></Trackpoint><Trackpoint><Time>2026-08-12T14:29:43.000Z</Time><Position><LatitudeDegrees>58.62675919328759</LatitudeDegrees><LongitudeDegrees>59.810449026295146</LongitudeDegrees></Position></Trackpoint><Trackpoint><Time>2026-08-12T14:29:44.000Z</Time><Position><LatitudeDegrees>58.62676536631893</LatitudeDegrees><LongitudeDegrees>59.81047237293715</LongitudeDegrees></Position></Trackpoint><Trackpoint><Time>2026-08-12T14:29:45.000Z</Time><Position><LatitudeDegrees>58.626771933086175</LatitudeDegrees><LongitudeDegrees>59.81049595658542</LongitudeDegrees></Position></Trackpoint><Trackpoint><Time>2026-08-12T14:29:46.000Z</Time><Position><LatitudeDegrees>58.62677928800422</LatitudeDegrees><LongitudeDegrees>59.81052003818955</LongitudeDegrees></Position></Trackpoint><Trackpoint><Time>2026-08-12T14:29:47.000Z</Time><Position><LatitudeDegrees>58.62678749234831</LatitudeDegrees><LongitudeDegrees>59.81054368208418</LongitudeDegrees></Position></Trackpoint><Trackpoint><Time>2026-08-12T14:29:48.000Z</Time><Position><LatitudeDegrees>58.626796462331086</LatitudeDegrees><LongitudeDegrees>59.81056606949983</LongitudeDegrees></Position></Trackpoint><Trackpoint><Time>2026-08-12T14:29:49.000Z</Time><Position><LatitudeDegrees>58.62680508595631</LatitudeDegrees><LongitudeDegrees>59.81058751411772</LongitudeDegrees></Position></Trackpoint><Trackpoint><Time>2026-08-12T14:29:50.000Z</Time><Position><LatitudeDegrees>58.62681392894256</LatitudeDegrees><LongitudeDegrees>59.81060826612892</LongitudeDegrees></Position></Trackpoint><Trackpoint><Time>2026-08-12T14:29:51.000Z</Time><Position><LatitudeDegrees>58.62682270650634</LatitudeDegrees><LongitudeDegrees>59.810628517465446</LongitudeDegrees></Position></Trackpoint><Trackpoint><Time>2026-08-12T14:29:51.000Z</Time><Position><LatitudeDegrees>58.62683130976117</LatitudeDegrees><LongitudeDegrees>59.81064792182155</LongitudeDegrees></Position></Trackpoint><Trackpoint><Time>2026-08-12T14:29:53.000Z</Time><Position><LatitudeDegrees>58.626839226625655</LatitudeDegrees><LongitudeDegrees>59.8106688933387</LongitudeDegrees></Position></Trackpoint><Trackpoint><Time>2026-08-12T14:29:54.000Z</Time><Position><LatitudeDegrees>58.62684682391537</LatitudeDegrees><LongitudeDegrees>59.810690266655655</LongitudeDegrees></Position></Trackpoint><Trackpoint><Time>2026-08-12T14:29:55.000Z</Time><Position><LatitudeDegrees>58.626854293714146</LatitudeDegrees><LongitudeDegrees>59.81071151026739</LongitudeDegrees></Position></Trackpoint><Trackpoint><Time>2026-08-12T14:29:56.000Z</Time><Position><LatitudeDegrees>58.62686173149177</LatitudeDegrees><LongitudeDegrees>59.81073242192988</LongitudeDegrees></Position></Trackpoint><Trackpoint><Time>2026-08-12T14:29:57.000Z</Time><Position><LatitudeDegrees>58.62686869106515</LatitudeDegrees><LongitudeDegrees>59.81075296095747</LongitudeDegrees></Position></Trackpoint><Trackpoint><Time>2026-08-12T14:29:58.000Z</Time><Position><LatitudeDegrees>58.626875050057976</LatitudeDegrees><LongitudeDegrees>59.8107736480322</LongitudeDegrees></Position></Trackpoint><Trackpoint><Time>2026-08-12T14:29:58.000Z</Time><Position><LatitudeDegrees>58.62688181437646</LatitudeDegrees><LongitudeDegrees>59.81079369936543</LongitudeDegrees></Position></Trackpoint><Trackpoint><Time>2026-08-12T14:30:00.000Z</Time><Position><LatitudeDegrees>58.62688836704215</LatitudeDegrees><LongitudeDegrees>59.81081434259519</LongitudeDegrees></Position></Trackpoint><Trackpoint><Time>2026-08-12T14:30:01.000Z</Time><Position><LatitudeDegrees>58.626894481128055</LatitudeDegrees><LongitudeDegrees>59.81083551772409</LongitudeDegrees></Position></Trackpoint><Trackpoint><Time>2026-08-12T14:30:01.000Z</Time><Position><LatitudeDegrees>58.626900119469134</LatitudeDegrees><LongitudeDegrees>59.810857131774775</LongitudeDegrees></Position></Trackpoint><Trackpoint><Time>2026-08-12T14:30:02.000Z</Time><Position><LatitudeDegrees>58.6269053278207</LatitudeDegrees><LongitudeDegrees>59.81087909012112</LongitudeDegrees></Position></Trackpoint><Trackpoint><Time>2026-08-12T14:30:04.000Z</Time><Position><LatitudeDegrees>58.62691066982545</LatitudeDegrees><LongitudeDegrees>59.81090179921372</LongitudeDegrees></Position></Trackpoint><Trackpoint><Time>2026-08-12T14:30:05.000Z</Time><Position><LatitudeDegrees>58.62691685006667</LatitudeDegrees><LongitudeDegrees>59.81092484047472</LongitudeDegrees></Position></Trackpoint><Trackpoint><Time>2026-08-12T14:30:05.000Z</Time><Position><LatitudeDegrees>58.626923561518254</LatitudeDegrees><LongitudeDegrees>59.81094848849711</LongitudeDegrees></Position></Trackpoint><Trackpoint><Time>2026-08-12T14:30:06.000Z</Time><Position><LatitudeDegrees>58.62693060955657</LatitudeDegrees><LongitudeDegrees>59.810971309658676</LongitudeDegrees></Position></Trackpoint><Trackpoint><Time>2026-08-12T14:30:08.000Z</Time><Position><LatitudeDegrees>58.62693836043933</LatitudeDegrees><LongitudeDegrees>59.810993798893556</LongitudeDegrees></Position></Trackpoint><Trackpoint><Time>2026-08-12T14:30:08.000Z</Time><Position><LatitudeDegrees>58.62694638518405</LatitudeDegrees><LongitudeDegrees>59.81101620263442</LongitudeDegrees></Position></Trackpoint><Trackpoint><Time>2026-08-12T14:30:10.000Z</Time><Position><LatitudeDegrees>58.62695398236103</LatitudeDegrees><LongitudeDegrees>59.81103814373287</LongitudeDegrees></Position></Trackpoint><Trackpoint><Time>2026-08-12T14:30:11.000Z</Time><Position><LatitudeDegrees>58.626961407586435</LatitudeDegrees><LongitudeDegrees>59.81106050546732</LongitudeDegrees></Position></Trackpoint><Trackpoint><Time>2026-08-12T14:30:11.000Z</Time><Position><LatitudeDegrees>58.62696927781187</LatitudeDegrees><LongitudeDegrees>59.8110821287814</LongitudeDegrees></Position></Trackpoint><Trackpoint><Time>2026-08-12T14:30:12.000Z</Time><Position><LatitudeDegrees>58.626977300392866</LatitudeDegrees><LongitudeDegrees>59.81110361033345</LongitudeDegrees></Position></Trackpoint><Trackpoint><Time>2026-08-12T14:30:14.000Z</Time><Position><LatitudeDegrees>58.626985335254076</LatitudeDegrees><LongitudeDegrees>59.8111257036528</LongitudeDegrees></Position></Trackpoint><Trackpoint><Time>2026-08-12T14:30:14.000Z</Time><Position><LatitudeDegrees>58.62699283352104</LatitudeDegrees><LongitudeDegrees>59.81114864054857</LongitudeDegrees></Position></Trackpoint><Trackpoint><Time>2026-08-12T14:30:16.000Z</Time><Position><LatitudeDegrees>58.627000127630616</LatitudeDegrees><LongitudeDegrees>59.81117093938388</LongitudeDegrees></Position></Trackpoint><Trackpoint><Time>2026-08-12T14:30:16.000Z</Time><Position><LatitudeDegrees>58.62700787030531</LatitudeDegrees><LongitudeDegrees>59.81119207186533</LongitudeDegrees></Position></Trackpoint><Trackpoint><Time>2026-08-12T14:30:17.000Z</Time><Position><LatitudeDegrees>58.62701578317475</LatitudeDegrees><LongitudeDegrees>59.811212459734456</LongitudeDegrees></Position></Trackpoint><Trackpoint><Time>2026-08-12T14:30:19.000Z</Time><Position><LatitudeDegrees>58.62702324014186</LatitudeDegrees><LongitudeDegrees>59.811232861858976</LongitudeDegrees></Position></Trackpoint><Trackpoint><Time>2026-08-12T14:30:20.000Z</Time><Position><LatitudeDegrees>58.62703053148398</LatitudeDegrees><LongitudeDegrees>59.81125407854688</LongitudeDegrees></Position></Trackpoint><Trackpoint><Time>2026-08-12T14:30:21.000Z</Time><Position><LatitudeDegrees>58.62703779800473</LatitudeDegrees><LongitudeDegrees>59.81127682445433</LongitudeDegrees></Position></Trackpoint><Trackpoint><Time>2026-08-12T14:30:21.000Z</Time><Position><LatitudeDegrees>58.62704559048813</LatitudeDegrees><LongitudeDegrees>59.81130021840631</LongitudeDegrees></Position></Trackpoint><Trackpoint><Time>2026-08-12T14:30:23.000Z</Time><Position><LatitudeDegrees>58.62705357864828</LatitudeDegrees><LongitudeDegrees>59.81132332471941</LongitudeDegrees></Position></Trackpoint><Trackpoint><Time>2026-08-12T14:30:24.000Z</Time><Position><LatitudeDegrees>58.62706160134761</LatitudeDegrees><LongitudeDegrees>59.811346284576636</LongitudeDegrees></Position></Trackpoint><Trackpoint><Time>2026-08-12T14:30:24.000Z</Time><Position><LatitudeDegrees>58.62706958779126</LatitudeDegrees><LongitudeDegrees>59.81136917491925</LongitudeDegrees></Position></Trackpoint><Trackpoint><Time>2026-08-12T14:30:26.000Z</Time><Position><LatitudeDegrees>58.6270775134769</LatitudeDegrees><LongitudeDegrees>59.81139252596694</LongitudeDegrees></Position></Trackpoint><Trackpoint><Time>2026-08-12T14:30:27.000Z</Time><Position><LatitudeDegrees>58.62708488650122</LatitudeDegrees><LongitudeDegrees>59.81141600734043</LongitudeDegrees></Position></Trackpoint><Trackpoint><Time>2026-08-12T14:30:28.000Z</Time><Position><LatitudeDegrees>58.627091575215296</LatitudeDegrees><LongitudeDegrees>59.811439955862035</LongitudeDegrees></Position></Trackpoint><Trackpoint><Time>2026-08-12T14:30:28.000Z</Time><Position><LatitudeDegrees>58.6270981028425</LatitudeDegrees><LongitudeDegrees>59.811463960678026</LongitudeDegrees></Position></Trackpoint><Trackpoint><Time>2026-08-12T14:30:29.000Z</Time><Position><LatitudeDegrees>58.627105195149554</LatitudeDegrees><LongitudeDegrees>59.81148686613861</LongitudeDegrees></Position></Trackpoint><Trackpoint><Time>2026-08-12T14:30:30.000Z</Time><Position><LatitudeDegrees>58.62711258894496</LatitudeDegrees><LongitudeDegrees>59.811507847798644</LongitudeDegrees></Position></Trackpoint><Trackpoint><Time>2026-08-12T14:30:32.000Z</Time><Position><LatitudeDegrees>58.627120626752735</LatitudeDegrees><LongitudeDegrees>59.81152730265163</LongitudeDegrees></Position></Trackpoint><Trackpoint><Time>2026-08-12T14:30:33.000Z</Time><Position><LatitudeDegrees>58.627128387756436</LatitudeDegrees><LongitudeDegrees>59.81154705898797</LongitudeDegrees></Position></Trackpoint><Trackpoint><Time>2026-08-12T14:30:34.000Z</Time><Position><LatitudeDegrees>58.62713503864991</LatitudeDegrees><LongitudeDegrees>59.8115683206743</LongitudeDegrees></Position></Trackpoint><Trackpoint><Time>2026-08-12T14:30:35.000Z</Time><Position><LatitudeDegrees>58.62714135795211</LatitudeDegrees><LongitudeDegrees>59.81159041107241</LongitudeDegrees></Position></Trackpoint><Trackpoint><Time>2026-08-12T14:30:35.000Z</Time><Position><LatitudeDegrees>58.62714770884233</LatitudeDegrees><LongitudeDegrees>59.81161294515623</LongitudeDegrees></Position></Trackpoint><Trackpoint><Time>2026-08-12T14:30:37.000Z</Time><Position><LatitudeDegrees>58.62715374722502</LatitudeDegrees><LongitudeDegrees>59.811636197023404</LongitudeDegrees></Position></Trackpoint><Trackpoint><Time>2026-08-12T14:30:38.000Z</Time><Position><LatitudeDegrees>58.62715986111066</LatitudeDegrees><LongitudeDegrees>59.811659697819465</LongitudeDegrees></Position></Trackpoint><Trackpoint><Time>2026-08-12T14:30:38.000Z</Time><Position><LatitudeDegrees>58.6271662006042</LatitudeDegrees><LongitudeDegrees>59.81168322250487</LongitudeDegrees></Position></Trackpoint><Trackpoint><Time>2026-08-12T14:30:40.000Z</Time><Position><LatitudeDegrees>58.627172308956816</LatitudeDegrees><LongitudeDegrees>59.81170716494527</LongitudeDegrees></Position></Trackpoint><Trackpoint><Time>2026-08-12T14:30:41.000Z</Time><Position><LatitudeDegrees>58.627178517341314</LatitudeDegrees><LongitudeDegrees>59.81173212334008</LongitudeDegrees></Position></Trackpoint><Trackpoint><Time>2026-08-12T14:30:41.000Z</Time><Position><LatitudeDegrees>58.627184459696146</LatitudeDegrees><LongitudeDegrees>59.81175821365156</LongitudeDegrees></Position></Trackpoint><Trackpoint><Time>2026-08-12T14:30:42.000Z</Time><Position><LatitudeDegrees>58.62718952979885</LatitudeDegrees><LongitudeDegrees>59.81178484874642</LongitudeDegrees></Position></Trackpoint><Trackpoint><Time>2026-08-12T14:30:43.000Z</Time><Position><LatitudeDegrees>58.627193589939026</LatitudeDegrees><LongitudeDegrees>59.81181122729086</LongitudeDegrees></Position></Trackpoint><Trackpoint><Time>2026-08-12T14:30:45.000Z</Time><Position><LatitudeDegrees>58.62719720264073</LatitudeDegrees><LongitudeDegrees>59.81183705219674</LongitudeDegrees></Position></Trackpoint><Trackpoint><Time>2026-08-12T14:30:46.000Z</Time><Position><LatitudeDegrees>58.62720016738756</LatitudeDegrees><LongitudeDegrees>59.81186227217195</LongitudeDegrees></Position></Trackpoint><Trackpoint><Time>2026-08-12T14:30:46.000Z</Time><Position><LatitudeDegrees>58.62720199515358</LatitudeDegrees><LongitudeDegrees>59.81188792295585</LongitudeDegrees></Position></Trackpoint><Trackpoint><Time>2026-08-12T14:30:47.000Z</Time><Position><LatitudeDegrees>58.62720312008198</LatitudeDegrees><LongitudeDegrees>59.811912906974946</LongitudeDegrees></Position></Trackpoint><Trackpoint><Time>2026-08-12T14:30:48.000Z</Time><Position><LatitudeDegrees>58.627204300786175</LatitudeDegrees><LongitudeDegrees>59.811938326621984</LongitudeDegrees></Position></Trackpoint><Trackpoint><Time>2026-08-12T14:30:50.000Z</Time><Position><LatitudeDegrees>58.627205842529726</LatitudeDegrees><LongitudeDegrees>59.81196409037626</LongitudeDegrees></Position></Trackpoint><Trackpoint><Time>2026-08-12T14:30:51.000Z</Time><Position><LatitudeDegrees>58.62720831430211</LatitudeDegrees><LongitudeDegrees>59.8119891371596</LongitudeDegrees></Position></Trackpoint><Trackpoint><Time>2026-08-12T14:30:51.000Z</Time><Position><LatitudeDegrees>58.62721134145376</LatitudeDegrees><LongitudeDegrees>59.812014101228016</LongitudeDegrees></Position></Trackpoint><Trackpoint><Time>2026-08-12T14:30:52.000Z</Time><Position><LatitudeDegrees>58.62721469840939</LatitudeDegrees><LongitudeDegrees>59.81203925440561</LongitudeDegrees></Position></Trackpoint><Trackpoint><Time>2026-08-12T14:30:54.000Z</Time><Position><LatitudeDegrees>58.62721776032913</LatitudeDegrees><LongitudeDegrees>59.812063705145505</LongitudeDegrees></Position></Trackpoint><Trackpoint><Time>2026-08-12T14:30:55.000Z</Time><Position><LatitudeDegrees>58.62722079736111</LatitudeDegrees><LongitudeDegrees>59.81208815565701</LongitudeDegrees></Position></Trackpoint><Trackpoint><Time>2026-08-12T14:30:56.000Z</Time><Position><LatitudeDegrees>58.62722392395564</LatitudeDegrees><LongitudeDegrees>59.812112405552035</LongitudeDegrees></Position></Trackpoint><Trackpoint><Time>2026-08-12T14:30:56.000Z</Time><Position><LatitudeDegrees>58.627227665362575</LatitudeDegrees><LongitudeDegrees>59.8121363980529</LongitudeDegrees></Position></Trackpoint><Trackpoint><Time>2026-08-12T14:30:57.000Z</Time><Position><LatitudeDegrees>58.62723166937647</LatitudeDegrees><LongitudeDegrees>59.8121596532022</LongitudeDegrees></Position></Trackpoint><Trackpoint><Time>2026-08-12T14:30:59.000Z</Time><Position><LatitudeDegrees>58.62723526763154</LatitudeDegrees><LongitudeDegrees>59.81218255758605</LongitudeDegrees></Position></Trackpoint><Trackpoint><Time>2026-08-12T14:30:59.000Z</Time><Position><LatitudeDegrees>58.62723872656163</LatitudeDegrees><LongitudeDegrees>59.81220580504432</LongitudeDegrees></Position></Trackpoint><Trackpoint><Time>2026-08-12T14:31:01.000Z</Time><Position><LatitudeDegrees>58.62724266338584</LatitudeDegrees><LongitudeDegrees>59.81222963729034</LongitudeDegrees></Position></Trackpoint><Trackpoint><Time>2026-08-12T14:31:02.000Z</Time><Position><LatitudeDegrees>58.627246291737364</LatitudeDegrees><LongitudeDegrees>59.8122540788131</LongitudeDegrees></Position></Trackpoint><Trackpoint><Time>2026-08-12T14:31:03.000Z</Time><Position><LatitudeDegrees>58.62724981696674</LatitudeDegrees><LongitudeDegrees>59.812278571887596</LongitudeDegrees></Position></Trackpoint><Trackpoint><Time>2026-08-12T14:31:03.000Z</Time><Position><LatitudeDegrees>58.62725333687973</LatitudeDegrees><LongitudeDegrees>59.812303369818125</LongitudeDegrees></Position></Trackpoint><Trackpoint><Time>2026-08-12T14:31:04.000Z</Time><Position><LatitudeDegrees>58.62725689243838</LatitudeDegrees><LongitudeDegrees>59.81232853779602</LongitudeDegrees></Position></Trackpoint><Trackpoint><Time>2026-08-12T14:31:06.000Z</Time><Position><LatitudeDegrees>58.62726049593716</LatitudeDegrees><LongitudeDegrees>59.81235356556362</LongitudeDegrees></Position></Trackpoint><Trackpoint><Time>2026-08-12T14:31:07.000Z</Time><Position><LatitudeDegrees>58.62726414628627</LatitudeDegrees><LongitudeDegrees>59.81237875058619</LongitudeDegrees></Position></Trackpoint><Trackpoint><Time>2026-08-12T14:31:08.000Z</Time><Position><LatitudeDegrees>58.62726783702376</LatitudeDegrees><LongitudeDegrees>59.81240468479704</LongitudeDegrees></Position></Trackpoint><Trackpoint><Time>2026-08-12T14:31:09.000Z</Time><Position><LatitudeDegrees>58.62727107069396</LatitudeDegrees><LongitudeDegrees>59.81243200542747</LongitudeDegrees></Position></Trackpoint><Trackpoint><Time>2026-08-12T14:31:09.000Z</Time><Position><LatitudeDegrees>58.62727419070255</LatitudeDegrees><LongitudeDegrees>59.81246030735511</LongitudeDegrees></Position></Trackpoint><Trackpoint><Time>2026-08-12T14:31:11.000Z</Time><Position><LatitudeDegrees>58.62727735306374</LatitudeDegrees><LongitudeDegrees>59.812488808178436</LongitudeDegrees></Position></Trackpoint><Trackpoint><Time>2026-08-12T14:31:12.000Z</Time><Position><LatitudeDegrees>58.62728110620411</LatitudeDegrees><LongitudeDegrees>59.81251569131859</LongitudeDegrees></Position></Trackpoint><Trackpoint><Time>2026-08-12T14:31:13.000Z</Time><Position><LatitudeDegrees>58.62728462093716</LatitudeDegrees><LongitudeDegrees>59.81254090588562</LongitudeDegrees></Position></Trackpoint><Trackpoint><Time>2026-08-12T14:31:13.000Z</Time><Position><LatitudeDegrees>58.62728807598608</LatitudeDegrees><LongitudeDegrees>59.81256464508019</LongitudeDegrees></Position></Trackpoint><Trackpoint><Time>2026-08-12T14:31:14.000Z</Time><Position><LatitudeDegrees>58.627291552615404</LatitudeDegrees><LongitudeDegrees>59.81258717783058</LongitudeDegrees></Position></Trackpoint><Trackpoint><Time>2026-08-12T14:31:16.000Z</Time><Position><LatitudeDegrees>58.62729557113339</LatitudeDegrees><LongitudeDegrees>59.812609259346345</LongitudeDegrees></Position></Trackpoint><Trackpoint><Time>2026-08-12T14:31:16.000Z</Time><Position><LatitudeDegrees>58.62729978665911</LatitudeDegrees><LongitudeDegrees>59.81263125856324</LongitudeDegrees></Position></Trackpoint><Trackpoint><Time>2026-08-12T14:31:18.000Z</Time><Position><LatitudeDegrees>58.627304521484085</LatitudeDegrees><LongitudeDegrees>59.812653827594865</LongitudeDegrees></Position></Trackpoint><Trackpoint><Time>2026-08-12T14:31:19.000Z</Time><Position><LatitudeDegrees>58.62730935207681</LatitudeDegrees><LongitudeDegrees>59.812677161868486</LongitudeDegrees></Position></Trackpoint><Trackpoint><Time>2026-08-12T14:31:20.000Z</Time><Position><LatitudeDegrees>58.62731458133186</LatitudeDegrees><LongitudeDegrees>59.812699774818064</LongitudeDegrees></Position></Trackpoint><Trackpoint><Time>2026-08-12T14:31:21.000Z</Time><Position><LatitudeDegrees>58.627319793213</LatitudeDegrees><LongitudeDegrees>59.812723105249454</LongitudeDegrees></Position></Trackpoint><Trackpoint><Time>2026-08-12T14:31:22.000Z</Time><Position><LatitudeDegrees>58.62732432900193</LatitudeDegrees><LongitudeDegrees>59.812748632844425</LongitudeDegrees></Position></Trackpoint><Trackpoint><Time>2026-08-12T14:31:23.000Z</Time><Position><LatitudeDegrees>58.62732849380252</LatitudeDegrees><LongitudeDegrees>59.812776195372024</LongitudeDegrees></Position></Trackpoint><Trackpoint><Time>2026-08-12T14:31:23.000Z</Time><Position><LatitudeDegrees>58.62733148166127</LatitudeDegrees><LongitudeDegrees>59.81280595445024</LongitudeDegrees></Position></Trackpoint><Trackpoint><Time>2026-08-12T14:31:24.000Z</Time><Position><LatitudeDegrees>58.62733311171836</LatitudeDegrees><LongitudeDegrees>59.81283671549357</LongitudeDegrees></Position></Trackpoint><Trackpoint><Time>2026-08-12T14:31:26.000Z</Time><Position><LatitudeDegrees>58.62733495259332</LatitudeDegrees><LongitudeDegrees>59.81286589948867</LongitudeDegrees></Position></Trackpoint><Trackpoint><Time>2026-08-12T14:31:27.000Z</Time><Position><LatitudeDegrees>58.62733713362722</LatitudeDegrees><LongitudeDegrees>59.81289264672361</LongitudeDegrees></Position></Trackpoint><Trackpoint><Time>2026-08-12T14:31:28.000Z</Time><Position><LatitudeDegrees>58.62734064364937</LatitudeDegrees><LongitudeDegrees>59.812916426284204</LongitudeDegrees></Position></Trackpoint><Trackpoint><Time>2026-08-12T14:31:29.000Z</Time><Position><LatitudeDegrees>58.6273452297084</LatitudeDegrees><LongitudeDegrees>59.81293740041879</LongitudeDegrees></Position></Trackpoint><Trackpoint><Time>2026-08-12T14:31:29.000Z</Time><Position><LatitudeDegrees>58.62735113913344</LatitudeDegrees><LongitudeDegrees>59.81295599601883</LongitudeDegrees></Position></Trackpoint><Trackpoint><Time>2026-08-12T14:31:30.000Z</Time><Position><LatitudeDegrees>58.6273578143202</LatitudeDegrees><LongitudeDegrees>59.812972694173766</LongitudeDegrees></Position></Trackpoint><Trackpoint><Time>2026-08-12T14:31:31.000Z</Time><Position><LatitudeDegrees>58.62736590656554</LatitudeDegrees><LongitudeDegrees>59.81299038459959</LongitudeDegrees></Position></Trackpoint><Trackpoint><Time>2026-08-12T14:31:32.000Z</Time><Position><LatitudeDegrees>58.627374522996654</LatitudeDegrees><LongitudeDegrees>59.813009150799985</LongitudeDegrees></Position></Trackpoint><Trackpoint><Time>2026-08-12T14:31:33.000Z</Time><Position><LatitudeDegrees>58.62738420784154</LatitudeDegrees><LongitudeDegrees>59.81302790986929</LongitudeDegrees></Position></Trackpoint><Trackpoint><Time>2026-08-12T14:31:34.000Z</Time><Position><LatitudeDegrees>58.62739504810214</LatitudeDegrees><LongitudeDegrees>59.81304621674611</LongitudeDegrees></Position></Trackpoint><Trackpoint><Time>2026-08-12T14:31:35.000Z</Time><Position><LatitudeDegrees>58.6274069313129</LatitudeDegrees><LongitudeDegrees>59.81306492539876</LongitudeDegrees></Position></Trackpoint><Trackpoint><Time>2026-08-12T14:31:36.000Z</Time><Position><LatitudeDegrees>58.627418698074436</LatitudeDegrees><LongitudeDegrees>59.81308384634196</LongitudeDegrees></Position></Trackpoint><Trackpoint><Time>2026-08-12T14:31:37.000Z</Time><Position><LatitudeDegrees>58.627429885853516</LatitudeDegrees><LongitudeDegrees>59.81310189507092</LongitudeDegrees></Position></Trackpoint><Trackpoint><Time>2026-08-12T14:31:38.000Z</Time><Position><LatitudeDegrees>58.62744135769628</LatitudeDegrees><LongitudeDegrees>59.81311971611903</LongitudeDegrees></Position></Trackpoint><Trackpoint><Time>2026-08-12T14:31:39.000Z</Time><Position><LatitudeDegrees>58.62745245335352</LatitudeDegrees><LongitudeDegrees>59.81313662492789</LongitudeDegrees></Position></Trackpoint><Trackpoint><Time>2026-08-12T14:31:40.000Z</Time><Position><LatitudeDegrees>58.627462949195454</LatitudeDegrees><LongitudeDegrees>59.8131539254899</LongitudeDegrees></Position></Trackpoint><Trackpoint><Time>2026-08-12T14:31:41.000Z</Time><Position><LatitudeDegrees>58.627472830109255</LatitudeDegrees><LongitudeDegrees>59.81317210455169</LongitudeDegrees></Position></Trackpoint><Trackpoint><Time>2026-08-12T14:31:42.000Z</Time><Position><LatitudeDegrees>58.62748216879606</LatitudeDegrees><LongitudeDegrees>59.813191739428255</LongitudeDegrees></Position></Trackpoint><Trackpoint><Time>2026-08-12T14:31:43.000Z</Time><Position><LatitudeDegrees>58.627491064790625</LatitudeDegrees><LongitudeDegrees>59.81321190180431</LongitudeDegrees></Position></Trackpoint><Trackpoint><Time>2026-08-12T14:31:44.000Z</Time><Position><LatitudeDegrees>58.62750010551419</LatitudeDegrees><LongitudeDegrees>59.81323214166489</LongitudeDegrees></Position></Trackpoint><Trackpoint><Time>2026-08-12T14:31:45.000Z</Time><Position><LatitudeDegrees>58.62750853508941</LatitudeDegrees><LongitudeDegrees>59.81325471178691</LongitudeDegrees></Position></Trackpoint><Trackpoint><Time>2026-08-12T14:31:46.000Z</Time><Position><LatitudeDegrees>58.62751661027139</LatitudeDegrees><LongitudeDegrees>59.81327877202165</LongitudeDegrees></Position></Trackpoint><Trackpoint><Time>2026-08-12T14:31:47.000Z</Time><Position><LatitudeDegrees>58.627523013454415</LatitudeDegrees><LongitudeDegrees>59.813303295503495</LongitudeDegrees></Position></Trackpoint><Trackpoint><Time>2026-08-12T14:31:49.000Z</Time><Position><LatitudeDegrees>58.6275288854349</LatitudeDegrees><LongitudeDegrees>59.813326820656656</LongitudeDegrees></Position></Trackpoint><Trackpoint><Time>2026-08-12T14:31:50.000Z</Time><Position><LatitudeDegrees>58.62753427459928</LatitudeDegrees><LongitudeDegrees>59.81335034252131</LongitudeDegrees></Position></Trackpoint><Trackpoint><Time>2026-08-12T14:31:50.000Z</Time><Position><LatitudeDegrees>58.627539752454034</LatitudeDegrees><LongitudeDegrees>59.81337329208903</LongitudeDegrees></Position></Trackpoint><Trackpoint><Time>2026-08-12T14:31:51.000Z</Time><Position><LatitudeDegrees>58.6275450533707</LatitudeDegrees><LongitudeDegrees>59.81339599808723</LongitudeDegrees></Position></Trackpoint><Trackpoint><Time>2026-08-12T14:31:53.000Z</Time><Position><LatitudeDegrees>58.62755058027497</LatitudeDegrees><LongitudeDegrees>59.81341813754797</LongitudeDegrees></Position></Trackpoint><Trackpoint><Time>2026-08-12T14:31:54.000Z</Time><Position><LatitudeDegrees>58.62755647009991</LatitudeDegrees><LongitudeDegrees>59.81343965017653</LongitudeDegrees></Position></Trackpoint><Trackpoint><Time>2026-08-12T14:31:54.000Z</Time><Position><LatitudeDegrees>58.62756224304819</LatitudeDegrees><LongitudeDegrees>59.81346010198385</LongitudeDegrees></Position></Trackpoint><Trackpoint><Time>2026-08-12T14:31:56.000Z</Time><Position><LatitudeDegrees>58.627568695745445</LatitudeDegrees><LongitudeDegrees>59.813478471172346</LongitudeDegrees></Position></Trackpoint><Trackpoint><Time>2026-08-12T14:31:56.000Z</Time><Position><LatitudeDegrees>58.62757557941332</LatitudeDegrees><LongitudeDegrees>59.81349607306452</LongitudeDegrees></Position></Trackpoint><Trackpoint><Time>2026-08-12T14:31:58.000Z</Time><Position><LatitudeDegrees>58.62758273628214</LatitudeDegrees><LongitudeDegrees>59.81351354783536</LongitudeDegrees></Position></Trackpoint><Trackpoint><Time>2026-08-12T14:31:58.000Z</Time><Position><LatitudeDegrees>58.627590066312194</LatitudeDegrees><LongitudeDegrees>59.813531175446116</LongitudeDegrees></Position></Trackpoint><Trackpoint><Time>2026-08-12T14:31:59.000Z</Time><Position><LatitudeDegrees>58.62759701646817</LatitudeDegrees><LongitudeDegrees>59.81354856196676</LongitudeDegrees></Position></Trackpoint><Trackpoint><Time>2026-08-12T14:32:01.000Z</Time><Position><LatitudeDegrees>58.627603897358576</LatitudeDegrees><LongitudeDegrees>59.813565086496716</LongitudeDegrees></Position></Trackpoint><Trackpoint><Time>2026-08-12T14:32:02.000Z</Time><Position><LatitudeDegrees>58.627611335403095</LatitudeDegrees><LongitudeDegrees>59.81358109357423</LongitudeDegrees></Position></Trackpoint><Trackpoint><Time>2026-08-12T14:32:02.000Z</Time><Position><LatitudeDegrees>58.62762000668299</LatitudeDegrees><LongitudeDegrees>59.81359679150589</LongitudeDegrees></Position></Trackpoint><Trackpoint><Time>2026-08-12T14:32:03.000Z</Time><Position><LatitudeDegrees>58.62762905212592</LatitudeDegrees><LongitudeDegrees>59.813611326536446</LongitudeDegrees></Position></Trackpoint><Trackpoint><Time>2026-08-12T14:32:04.000Z</Time><Position><LatitudeDegrees>58.62763855952462</LatitudeDegrees><LongitudeDegrees>59.813624006707</LongitudeDegrees></Position></Trackpoint><Trackpoint><Time>2026-08-12T14:32:06.000Z</Time><Position><LatitudeDegrees>58.627648995354356</LatitudeDegrees><LongitudeDegrees>59.81363478511428</LongitudeDegrees></Position></Trackpoint><Trackpoint><Time>2026-08-12T14:32:07.000Z</Time><Position><LatitudeDegrees>58.62765945334124</LatitudeDegrees><LongitudeDegrees>59.81364486575162</LongitudeDegrees></Position></Trackpoint><Trackpoint><Time>2026-08-12T14:32:07.000Z</Time><Position><LatitudeDegrees>58.62767004701825</LatitudeDegrees><LongitudeDegrees>59.81365336518949</LongitudeDegrees></Position></Trackpoint><Trackpoint><Time>2026-08-12T14:32:09.000Z</Time><Position><LatitudeDegrees>58.62768080572643</LatitudeDegrees><LongitudeDegrees>59.81366061215733</LongitudeDegrees></Position></Trackpoint><Trackpoint><Time>2026-08-12T14:32:09.000Z</Time><Position><LatitudeDegrees>58.6276917203679</LatitudeDegrees><LongitudeDegrees>59.81366543395765</LongitudeDegrees></Position></Trackpoint><Trackpoint><Time>2026-08-12T14:32:11.000Z</Time><Position><LatitudeDegrees>58.627703256792664</LatitudeDegrees><LongitudeDegrees>59.81366814851173</LongitudeDegrees></Position></Trackpoint><Trackpoint><Time>2026-08-12T14:32:12.000Z</Time><Position><LatitudeDegrees>58.62771405821649</LatitudeDegrees><LongitudeDegrees>59.813668667601384</LongitudeDegrees></Position></Trackpoint><Trackpoint><Time>2026-08-12T14:32:13.000Z</Time><Position><LatitudeDegrees>58.62772463942788</LatitudeDegrees><LongitudeDegrees>59.81366821590121</LongitudeDegrees></Position></Trackpoint><Trackpoint><Time>2026-08-12T14:32:13.000Z</Time><Position><LatitudeDegrees>58.62773573030846</LatitudeDegrees><LongitudeDegrees>59.813666443151206</LongitudeDegrees></Position></Trackpoint><Trackpoint><Time>2026-08-12T14:32:15.000Z</Time><Position><LatitudeDegrees>58.62774805564317</LatitudeDegrees><LongitudeDegrees>59.81366484348923</LongitudeDegrees></Position></Trackpoint><Trackpoint><Time>2026-08-12T14:32:16.000Z</Time><Position><LatitudeDegrees>58.62776077626106</LatitudeDegrees><LongitudeDegrees>59.81366303081424</LongitudeDegrees></Position></Trackpoint><Trackpoint><Time>2026-08-12T14:32:16.000Z</Time><Position><LatitudeDegrees>58.62777398544018</LatitudeDegrees><LongitudeDegrees>59.81366087345687</LongitudeDegrees></Position></Trackpoint><Trackpoint><Time>2026-08-12T14:32:17.000Z</Time><Position><LatitudeDegrees>58.62778619005758</LatitudeDegrees><LongitudeDegrees>59.81366031987321</LongitudeDegrees></Position></Trackpoint><Trackpoint><Time>2026-08-12T14:32:19.000Z</Time><Position><LatitudeDegrees>58.62779739374003</LatitudeDegrees><LongitudeDegrees>59.81366196666052</LongitudeDegrees></Position></Trackpoint><Trackpoint><Time>2026-08-12T14:32:19.000Z</Time><Position><LatitudeDegrees>58.62780723683903</LatitudeDegrees><LongitudeDegrees>59.813665287492555</LongitudeDegrees></Position></Trackpoint><Trackpoint><Time>2026-08-12T14:32:21.000Z</Time><Position><LatitudeDegrees>58.6278167250894</LatitudeDegrees><LongitudeDegrees>59.813669361138885</LongitudeDegrees></Position></Trackpoint><Trackpoint><Time>2026-08-12T14:32:21.000Z</Time><Position><LatitudeDegrees>58.627826318230554</LatitudeDegrees><LongitudeDegrees>59.81367420119415</LongitudeDegrees></Position></Trackpoint><Trackpoint><Time>2026-08-12T14:32:23.000Z</Time><Position><LatitudeDegrees>58.62783717135718</LatitudeDegrees><LongitudeDegrees>59.81368167333211</LongitudeDegrees></Position></Trackpoint><Trackpoint><Time>2026-08-12T14:32:24.000Z</Time><Position><LatitudeDegrees>58.62784861923733</LatitudeDegrees><LongitudeDegrees>59.81369073924377</LongitudeDegrees></Position></Trackpoint><Trackpoint><Time>2026-08-12T14:32:24.000Z</Time><Position><LatitudeDegrees>58.62786080118119</LatitudeDegrees><LongitudeDegrees>59.81370125637102</LongitudeDegrees></Position></Trackpoint><Trackpoint><Time>2026-08-12T14:32:26.000Z</Time><Position><LatitudeDegrees>58.62787368034541</LatitudeDegrees><LongitudeDegrees>59.813712979742355</LongitudeDegrees></Position></Trackpoint><Trackpoint><Time>2026-08-12T14:32:27.000Z</Time><Position><LatitudeDegrees>58.627887152069455</LatitudeDegrees><LongitudeDegrees>59.813727122482604</LongitudeDegrees></Position></Trackpoint><Trackpoint><Time>2026-08-12T14:32:27.000Z</Time><Position><LatitudeDegrees>58.62790109719649</LatitudeDegrees><LongitudeDegrees>59.81374289445345</LongitudeDegrees></Position></Trackpoint><Trackpoint><Time>2026-08-12T14:32:29.000Z</Time><Position><LatitudeDegrees>58.62791442667196</LatitudeDegrees><LongitudeDegrees>59.81375976114029</LongitudeDegrees></Position></Trackpoint><Trackpoint><Time>2026-08-12T14:32:30.000Z</Time><Position><LatitudeDegrees>58.62792579178358</LatitudeDegrees><LongitudeDegrees>59.813777851517685</LongitudeDegrees></Position></Trackpoint><Trackpoint><Time>2026-08-12T14:32:31.000Z</Time><Position><LatitudeDegrees>58.6279348892098</LatitudeDegrees><LongitudeDegrees>59.813796082421575</LongitudeDegrees></Position></Trackpoint><Trackpoint><Time>2026-08-12T14:32:31.000Z</Time><Position><LatitudeDegrees>58.627941885086656</LatitudeDegrees><LongitudeDegrees>59.8138135001219</LongitudeDegrees></Position></Trackpoint><Trackpoint><Time>2026-08-12T14:32:33.000Z</Time><Position><LatitudeDegrees>58.627947607175834</LatitudeDegrees><LongitudeDegrees>59.813831774656755</LongitudeDegrees></Position></Trackpoint><Trackpoint><Time>2026-08-12T14:32:34.000Z</Time><Position><LatitudeDegrees>58.627952070255276</LatitudeDegrees><LongitudeDegrees>59.813851483830085</LongitudeDegrees></Position></Trackpoint><Trackpoint><Time>2026-08-12T14:32:34.000Z</Time><Position><LatitudeDegrees>58.627955931613656</LatitudeDegrees><LongitudeDegrees>59.81387268146715</LongitudeDegrees></Position></Trackpoint><Trackpoint><Time>2026-08-12T14:32:36.000Z</Time><Position><LatitudeDegrees>58.627959539174356</LatitudeDegrees><LongitudeDegrees>59.81389470908231</LongitudeDegrees></Position></Trackpoint><Trackpoint><Time>2026-08-12T14:32:36.000Z</Time><Position><LatitudeDegrees>58.627963558408986</LatitudeDegrees><LongitudeDegrees>59.81391669935217</LongitudeDegrees></Position></Trackpoint><Trackpoint><Time>2026-08-12T14:32:37.000Z</Time><Position><LatitudeDegrees>58.62796870015385</LatitudeDegrees><LongitudeDegrees>59.81393781026661</LongitudeDegrees></Position></Trackpoint><Trackpoint><Time>2026-08-12T14:32:39.000Z</Time><Position><LatitudeDegrees>58.62797609230379</LatitudeDegrees><LongitudeDegrees>59.81395829753235</LongitudeDegrees></Position></Trackpoint><Trackpoint><Time>2026-08-12T14:32:39.000Z</Time><Position><LatitudeDegrees>58.62798493130618</LatitudeDegrees><LongitudeDegrees>59.81397932572356</LongitudeDegrees></Position></Trackpoint><Trackpoint><Time>2026-08-12T14:32:41.000Z</Time><Position><LatitudeDegrees>58.62799519014056</LatitudeDegrees><LongitudeDegrees>59.813998367360014</LongitudeDegrees></Position></Trackpoint><Trackpoint><Time>2026-08-12T14:32:42.000Z</Time><Position><LatitudeDegrees>58.6280061858351</LatitudeDegrees><LongitudeDegrees>59.81401610534425</LongitudeDegrees></Position></Trackpoint><Trackpoint><Time>2026-08-12T14:32:43.000Z</Time><Position><LatitudeDegrees>58.628016563323094</LatitudeDegrees><LongitudeDegrees>59.8140334778507</LongitudeDegrees></Position></Trackpoint><Trackpoint><Time>2026-08-12T14:32:43.000Z</Time><Position><LatitudeDegrees>58.62802633349938</LatitudeDegrees><LongitudeDegrees>59.814051407770016</LongitudeDegrees></Position></Trackpoint><Trackpoint><Time>2026-08-12T14:32:44.000Z</Time><Position><LatitudeDegrees>58.628036068408974</LatitudeDegrees><LongitudeDegrees>59.814069714025635</LongitudeDegrees></Position></Trackpoint><Trackpoint><Time>2026-08-12T14:32:46.000Z</Time><Position><LatitudeDegrees>58.628045518554906</LatitudeDegrees><LongitudeDegrees>59.814088763352615</LongitudeDegrees></Position></Trackpoint><Trackpoint><Time>2026-08-12T14:32:47.000Z</Time><Position><LatitudeDegrees>58.62805510734559</LatitudeDegrees><LongitudeDegrees>59.81410812180197</LongitudeDegrees></Position></Trackpoint><Trackpoint><Time>2026-08-12T14:32:48.000Z</Time><Position><LatitudeDegrees>58.62806499135989</LatitudeDegrees><LongitudeDegrees>59.814127570983665</LongitudeDegrees></Position></Trackpoint><Trackpoint><Time>2026-08-12T14:32:48.000Z</Time><Position><LatitudeDegrees>58.62807421796948</LatitudeDegrees><LongitudeDegrees>59.81414700931202</LongitudeDegrees></Position></Trackpoint><Trackpoint><Time>2026-08-12T14:32:49.000Z</Time><Position><LatitudeDegrees>58.628082968837745</LatitudeDegrees><LongitudeDegrees>59.814166885954315</LongitudeDegrees></Position></Trackpoint><Trackpoint><Time>2026-08-12T14:32:50.000Z</Time><Position><LatitudeDegrees>58.62809137984041</LatitudeDegrees><LongitudeDegrees>59.814188308856906</LongitudeDegrees></Position></Trackpoint><Trackpoint><Time>2026-08-12T14:32:51.000Z</Time><Position><LatitudeDegrees>58.628099060946255</LatitudeDegrees><LongitudeDegrees>59.814212025459504</LongitudeDegrees></Position></Trackpoint><Trackpoint><Time>2026-08-12T14:32:52.000Z</Time><Position><LatitudeDegrees>58.62810643481918</LatitudeDegrees><LongitudeDegrees>59.81423706996855</LongitudeDegrees></Position></Trackpoint><Trackpoint><Time>2026-08-12T14:32:53.000Z</Time><Position><LatitudeDegrees>58.62811371495915</LatitudeDegrees><LongitudeDegrees>59.814261405371404</LongitudeDegrees></Position></Trackpoint><Trackpoint><Time>2026-08-12T14:32:55.000Z</Time><Position><LatitudeDegrees>58.62812002210182</LatitudeDegrees><LongitudeDegrees>59.814284283771045</LongitudeDegrees></Position></Trackpoint><Trackpoint><Time>2026-08-12T14:32:56.000Z</Time><Position><LatitudeDegrees>58.628125608630164</LatitudeDegrees><LongitudeDegrees>59.81430607377332</LongitudeDegrees></Position></Trackpoint><Trackpoint><Time>2026-08-12T14:32:56.000Z</Time><Position><LatitudeDegrees>58.62813067097366</LatitudeDegrees><LongitudeDegrees>59.814327066876544</LongitudeDegrees></Position></Trackpoint><Trackpoint><Time>2026-08-12T14:32:57.000Z</Time><Position><LatitudeDegrees>58.62813584691747</LatitudeDegrees><LongitudeDegrees>59.814346995799625</LongitudeDegrees></Position></Trackpoint><Trackpoint><Time>2026-08-12T14:32:58.000Z</Time><Position><LatitudeDegrees>58.62814089493175</LatitudeDegrees><LongitudeDegrees>59.81436588705321</LongitudeDegrees></Position></Trackpoint><Trackpoint><Time>2026-08-12T14:32:59.000Z</Time><Position><LatitudeDegrees>58.62814671118724</LatitudeDegrees><LongitudeDegrees>59.8143848639598</LongitudeDegrees></Position></Trackpoint><Trackpoint><Time>2026-08-12T14:33:00.000Z</Time><Position><LatitudeDegrees>58.62815307654373</LatitudeDegrees><LongitudeDegrees>59.81440486775826</LongitudeDegrees></Position></Trackpoint><Trackpoint><Time>2026-08-12T14:33:01.000Z</Time><Position><LatitudeDegrees>58.62815934066508</LatitudeDegrees><LongitudeDegrees>59.814427133503365</LongitudeDegrees></Position></Trackpoint><Trackpoint><Time>2026-08-12T14:33:02.000Z</Time><Position><LatitudeDegrees>58.628166227935786</LatitudeDegrees><LongitudeDegrees>59.81445041068256</LongitudeDegrees></Position></Trackpoint><Trackpoint><Time>2026-08-12T14:33:04.000Z</Time><Position><LatitudeDegrees>58.62817395670126</LatitudeDegrees><LongitudeDegrees>59.814473564866425</LongitudeDegrees></Position></Trackpoint><Trackpoint><Time>2026-08-12T14:33:04.000Z</Time><Position><LatitudeDegrees>58.62818152965762</LatitudeDegrees><LongitudeDegrees>59.81449516542413</LongitudeDegrees></Position></Trackpoint><Trackpoint><Time>2026-08-12T14:33:06.000Z</Time><Position><LatitudeDegrees>58.62818904569034</LatitudeDegrees><LongitudeDegrees>59.81451531219036</LongitudeDegrees></Position></Trackpoint><Trackpoint><Time>2026-08-12T14:33:07.000Z</Time><Position><LatitudeDegrees>58.62819655282983</LatitudeDegrees><LongitudeDegrees>59.81453472248293</LongitudeDegrees></Position></Trackpoint><Trackpoint><Time>2026-08-12T14:33:07.000Z</Time><Position><LatitudeDegrees>58.628203582387414</LatitudeDegrees><LongitudeDegrees>59.81455427585314</LongitudeDegrees></Position></Trackpoint><Trackpoint><Time>2026-08-12T14:33:09.000Z</Time><Position><LatitudeDegrees>58.62821098185963</LatitudeDegrees><LongitudeDegrees>59.8145733369445</LongitudeDegrees></Position></Trackpoint><Trackpoint><Time>2026-08-12T14:33:10.000Z</Time><Position><LatitudeDegrees>58.62821856318521</LatitudeDegrees><LongitudeDegrees>59.81459219688989</LongitudeDegrees></Position></Trackpoint><Trackpoint><Time>2026-08-12T14:33:11.000Z</Time><Position><LatitudeDegrees>58.62822671518426</LatitudeDegrees><LongitudeDegrees>59.81461100140432</LongitudeDegrees></Position></Trackpoint><Trackpoint><Time>2026-08-12T14:33:12.000Z</Time><Position><LatitudeDegrees>58.62823454551956</LatitudeDegrees><LongitudeDegrees>59.814630796833804</LongitudeDegrees></Position></Trackpoint><Trackpoint><Time>2026-08-12T14:33:12.000Z</Time><Position><LatitudeDegrees>58.62824270720318</LatitudeDegrees><LongitudeDegrees>59.81465188691608</LongitudeDegrees></Position></Trackpoint><Trackpoint><Time>2026-08-12T14:33:13.000Z</Time><Position><LatitudeDegrees>58.62825093702858</LatitudeDegrees><LongitudeDegrees>59.81467423057375</LongitudeDegrees></Position></Trackpoint><Trackpoint><Time>2026-08-12T14:33:15.000Z</Time><Position><LatitudeDegrees>58.62825911785266</LatitudeDegrees><LongitudeDegrees>59.81469813960588</LongitudeDegrees></Position></Trackpoint><Trackpoint><Time>2026-08-12T14:33:16.000Z</Time><Position><LatitudeDegrees>58.62826769733182</LatitudeDegrees><LongitudeDegrees>59.81472305189768</LongitudeDegrees></Position></Trackpoint><Trackpoint><Time>2026-08-12T14:33:17.000Z</Time><Position><LatitudeDegrees>58.62827631904852</LatitudeDegrees><LongitudeDegrees>59.81474762796341</LongitudeDegrees></Position></Trackpoint><Trackpoint><Time>2026-08-12T14:33:18.000Z</Time><Position><LatitudeDegrees>58.62828483079699</LatitudeDegrees><LongitudeDegrees>59.814769890480456</LongitudeDegrees></Position></Trackpoint><Trackpoint><Time>2026-08-12T14:33:19.000Z</Time><Position><LatitudeDegrees>58.62829269439747</LatitudeDegrees><LongitudeDegrees>59.81478981167249</LongitudeDegrees></Position></Trackpoint><Trackpoint><Time>2026-08-12T14:33:20.000Z</Time><Position><LatitudeDegrees>58.62829928178778</LatitudeDegrees><LongitudeDegrees>59.81480817021645</LongitudeDegrees></Position></Trackpoint><Trackpoint><Time>2026-08-12T14:33:21.000Z</Time><Position><LatitudeDegrees>58.62830547733185</LatitudeDegrees><LongitudeDegrees>59.81482597697159</LongitudeDegrees></Position></Trackpoint><Trackpoint><Time>2026-08-12T14:33:21.000Z</Time><Position><LatitudeDegrees>58.6283116955331</LatitudeDegrees><LongitudeDegrees>59.814843229454105</LongitudeDegrees></Position></Trackpoint><Trackpoint><Time>2026-08-12T14:33:23.000Z</Time><Position><LatitudeDegrees>58.62831810418986</LatitudeDegrees><LongitudeDegrees>59.814859508170514</LongitudeDegrees></Position></Trackpoint><Trackpoint><Time>2026-08-12T14:33:24.000Z</Time><Position><LatitudeDegrees>58.62832425835177</LatitudeDegrees><LongitudeDegrees>59.81487721339391</LongitudeDegrees></Position></Trackpoint><Trackpoint><Time>2026-08-12T14:33:25.000Z</Time><Position><LatitudeDegrees>58.62833049704809</LatitudeDegrees><LongitudeDegrees>59.81489764015742</LongitudeDegrees></Position></Trackpoint><Trackpoint><Time>2026-08-12T14:33:26.000Z</Time><Position><LatitudeDegrees>58.62833694905251</LatitudeDegrees><LongitudeDegrees>59.81492048288267</LongitudeDegrees></Position></Trackpoint><Trackpoint><Time>2026-08-12T14:33:26.000Z</Time><Position><LatitudeDegrees>58.628344129631174</LatitudeDegrees><LongitudeDegrees>59.81494481602666</LongitudeDegrees></Position></Trackpoint><Trackpoint><Time>2026-08-12T14:33:27.000Z</Time><Position><LatitudeDegrees>58.62835166786585</LatitudeDegrees><LongitudeDegrees>59.814969577516315</LongitudeDegrees></Position></Trackpoint><Trackpoint><Time>2026-08-12T14:33:28.000Z</Time><Position><LatitudeDegrees>58.62836034431666</LatitudeDegrees><LongitudeDegrees>59.81499329575576</LongitudeDegrees></Position></Trackpoint><Trackpoint><Time>2026-08-12T14:33:29.000Z</Time><Position><LatitudeDegrees>58.62836837591351</LatitudeDegrees><LongitudeDegrees>59.815016967424185</LongitudeDegrees></Position></Trackpoint><Trackpoint><Time>2026-08-12T14:33:31.000Z</Time><Position><LatitudeDegrees>58.62837609031593</LatitudeDegrees><LongitudeDegrees>59.8150400297434</LongitudeDegrees></Position></Trackpoint><Trackpoint><Time>2026-08-12T14:33:32.000Z</Time><Position><LatitudeDegrees>58.62838317356586</LatitudeDegrees><LongitudeDegrees>59.81506232915163</LongitudeDegrees></Position></Trackpoint><Trackpoint><Time>2026-08-12T14:33:33.000Z</Time><Position><LatitudeDegrees>58.62838957737235</LatitudeDegrees><LongitudeDegrees>59.81508390032548</LongitudeDegrees></Position></Trackpoint><Trackpoint><Time>2026-08-12T14:33:34.000Z</Time><Position><LatitudeDegrees>58.62839585866376</LatitudeDegrees><LongitudeDegrees>59.8151043614031</LongitudeDegrees></Position></Trackpoint><Trackpoint><Time>2026-08-12T14:33:35.000Z</Time><Position><LatitudeDegrees>58.62840177291574</LatitudeDegrees><LongitudeDegrees>59.815123697600214</LongitudeDegrees></Position></Trackpoint><Trackpoint><Time>2026-08-12T14:33:35.000Z</Time><Position><LatitudeDegrees>58.62840775614459</LatitudeDegrees><LongitudeDegrees>59.81514253681549</LongitudeDegrees></Position></Trackpoint><Trackpoint><Time>2026-08-12T14:33:36.000Z</Time><Position><LatitudeDegrees>58.628413489452676</LatitudeDegrees><LongitudeDegrees>59.81516071181479</LongitudeDegrees></Position></Trackpoint><Trackpoint><Time>2026-08-12T14:33:37.000Z</Time><Position><LatitudeDegrees>58.62841936319488</LatitudeDegrees><LongitudeDegrees>59.81517970780849</LongitudeDegrees></Position></Trackpoint><Trackpoint><Time>2026-08-12T14:33:39.000Z</Time><Position><LatitudeDegrees>58.628425520107854</LatitudeDegrees><LongitudeDegrees>59.815200520692976</LongitudeDegrees></Position></Trackpoint><Trackpoint><Time>2026-08-12T14:33:39.000Z</Time><Position><LatitudeDegrees>58.62843149302015</LatitudeDegrees><LongitudeDegrees>59.81522332741641</LongitudeDegrees></Position></Trackpoint><Trackpoint><Time>2026-08-12T14:33:41.000Z</Time><Position><LatitudeDegrees>58.62843711315121</LatitudeDegrees><LongitudeDegrees>59.815248434556366</LongitudeDegrees></Position></Trackpoint><Trackpoint><Time>2026-08-12T14:33:41.000Z</Time><Position><LatitudeDegrees>58.6284428458811</LatitudeDegrees><LongitudeDegrees>59.81527420428486</LongitudeDegrees></Position></Trackpoint><Trackpoint><Time>2026-08-12T14:33:42.000Z</Time><Position><LatitudeDegrees>58.628448378806375</LatitudeDegrees><LongitudeDegrees>59.81529938743687</LongitudeDegrees></Position></Trackpoint><Trackpoint><Time>2026-08-12T14:33:44.000Z</Time><Position><LatitudeDegrees>58.6284540985241</LatitudeDegrees><LongitudeDegrees>59.815323544850784</LongitudeDegrees></Position></Trackpoint><Trackpoint><Time>2026-08-12T14:33:45.000Z</Time><Position><LatitudeDegrees>58.62846014027331</LatitudeDegrees><LongitudeDegrees>59.81534613770651</LongitudeDegrees></Position></Trackpoint><Trackpoint><Time>2026-08-12T14:33:46.000Z</Time><Position><LatitudeDegrees>58.628467008028316</LatitudeDegrees><LongitudeDegrees>59.815367144908656</LongitudeDegrees></Position></Trackpoint><Trackpoint><Time>2026-08-12T14:33:46.000Z</Time><Position><LatitudeDegrees>58.62847431371533</LatitudeDegrees><LongitudeDegrees>59.81538725089627</LongitudeDegrees></Position></Trackpoint><Trackpoint><Time>2026-08-12T14:33:47.000Z</Time><Position><LatitudeDegrees>58.62848233091535</LatitudeDegrees><LongitudeDegrees>59.8154063636031</LongitudeDegrees></Position></Trackpoint><Trackpoint><Time>2026-08-12T14:33:48.000Z</Time><Position><LatitudeDegrees>58.62849059136589</LatitudeDegrees><LongitudeDegrees>59.81542457259927</LongitudeDegrees></Position></Trackpoint><Trackpoint><Time>2026-08-12T14:33:49.000Z</Time><Position><LatitudeDegrees>58.628498871000026</LatitudeDegrees><LongitudeDegrees>59.81544300998387</LongitudeDegrees></Position></Trackpoint><Trackpoint><Time>2026-08-12T14:33:51.000Z</Time><Position><LatitudeDegrees>58.628507075077344</LatitudeDegrees><LongitudeDegrees>59.81546113345852</LongitudeDegrees></Position></Trackpoint><Trackpoint><Time>2026-08-12T14:33:51.000Z</Time><Position><LatitudeDegrees>58.62851566388879</LatitudeDegrees><LongitudeDegrees>59.81548022880838</LongitudeDegrees></Position></Trackpoint><Trackpoint><Time>2026-08-12T14:33:52.000Z</Time><Position><LatitudeDegrees>58.62852526722812</LatitudeDegrees><LongitudeDegrees>59.81549972160272</LongitudeDegrees></Position></Trackpoint><Trackpoint><Time>2026-08-12T14:33:53.000Z</Time><Position><LatitudeDegrees>58.62853503503103</LatitudeDegrees><LongitudeDegrees>59.81552030348163</LongitudeDegrees></Position></Trackpoint><Trackpoint><Time>2026-08-12T14:33:55.000Z</Time><Position><LatitudeDegrees>58.62854410649343</LatitudeDegrees><LongitudeDegrees>59.81554211950322</LongitudeDegrees></Position></Trackpoint><Trackpoint><Time>2026-08-12T14:33:56.000Z</Time><Position><LatitudeDegrees>58.62855221648174</LatitudeDegrees><LongitudeDegrees>59.815564091785674</LongitudeDegrees></Position></Trackpoint><Trackpoint><Time>2026-08-12T14:33:56.000Z</Time><Position><LatitudeDegrees>58.62855937920885</LatitudeDegrees><LongitudeDegrees>59.815585756365465</LongitudeDegrees></Position></Trackpoint><Trackpoint><Time>2026-08-12T14:33:57.000Z</Time><Position><LatitudeDegrees>58.62856621171828</LatitudeDegrees><LongitudeDegrees>59.815606961660116</LongitudeDegrees></Position></Trackpoint><Trackpoint><Time>2026-08-12T14:33:58.000Z</Time><Position><LatitudeDegrees>58.62857301051204</LatitudeDegrees><LongitudeDegrees>59.81562721458084</LongitudeDegrees></Position></Trackpoint><Trackpoint><Time>2026-08-12T14:33:59.000Z</Time><Position><LatitudeDegrees>58.62857990202692</LatitudeDegrees><LongitudeDegrees>59.81564741351423</LongitudeDegrees></Position></Trackpoint><Trackpoint><Time>2026-08-12T14:34:01.000Z</Time><Position><LatitudeDegrees>58.62858692643319</LatitudeDegrees><LongitudeDegrees>59.81566891459625</LongitudeDegrees></Position></Trackpoint><Trackpoint><Time>2026-08-12T14:34:02.000Z</Time><Position><LatitudeDegrees>58.628594083217884</LatitudeDegrees><LongitudeDegrees>59.81568966114704</LongitudeDegrees></Position></Trackpoint><Trackpoint><Time>2026-08-12T14:34:03.000Z</Time><Position><LatitudeDegrees>58.62860135517919</LatitudeDegrees><LongitudeDegrees>59.81570988222141</LongitudeDegrees></Position></Trackpoint><Trackpoint><Time>2026-08-12T14:34:03.000Z</Time><Position><LatitudeDegrees>58.62860823083946</LatitudeDegrees><LongitudeDegrees>59.81573022920651</LongitudeDegrees></Position></Trackpoint><Trackpoint><Time>2026-08-12T14:34:04.000Z</Time><Position><LatitudeDegrees>58.62861552964102</LatitudeDegrees><LongitudeDegrees>59.81575193342606</LongitudeDegrees></Position></Trackpoint><Trackpoint><Time>2026-08-12T14:34:06.000Z</Time><Position><LatitudeDegrees>58.62862255552675</LatitudeDegrees><LongitudeDegrees>59.81577581739186</LongitudeDegrees></Position></Trackpoint><Trackpoint><Time>2026-08-12T14:34:06.000Z</Time><Position><LatitudeDegrees>58.6286295464761</LatitudeDegrees><LongitudeDegrees>59.81580096085334</LongitudeDegrees></Position></Trackpoint><Trackpoint><Time>2026-08-12T14:34:08.000Z</Time><Position><LatitudeDegrees>58.62863611537033</LatitudeDegrees><LongitudeDegrees>59.815826333555634</LongitudeDegrees></Position></Trackpoint><Trackpoint><Time>2026-08-12T14:34:08.000Z</Time><Position><LatitudeDegrees>58.62864264656179</LatitudeDegrees><LongitudeDegrees>59.815850502561496</LongitudeDegrees></Position></Trackpoint><Trackpoint><Time>2026-08-12T14:34:10.000Z</Time><Position><LatitudeDegrees>58.6286493031787</LatitudeDegrees><LongitudeDegrees>59.81587254262156</LongitudeDegrees></Position></Trackpoint><Trackpoint><Time>2026-08-12T14:34:11.000Z</Time><Position><LatitudeDegrees>58.6286556466939</LatitudeDegrees><LongitudeDegrees>59.81589185632365</LongitudeDegrees></Position></Trackpoint><Trackpoint><Time>2026-08-12T14:34:12.000Z</Time><Position><LatitudeDegrees>58.62866202630405</LatitudeDegrees><LongitudeDegrees>59.81590903716805</LongitudeDegrees></Position></Trackpoint><Trackpoint><Time>2026-08-12T14:34:13.000Z</Time><Position><LatitudeDegrees>58.628669070797855</LatitudeDegrees><LongitudeDegrees>59.815925582548246</LongitudeDegrees></Position></Trackpoint><Trackpoint><Time>2026-08-12T14:34:13.000Z</Time><Position><LatitudeDegrees>58.62867695379466</LatitudeDegrees><LongitudeDegrees>59.81594170109108</LongitudeDegrees></Position></Trackpoint><Trackpoint><Time>2026-08-12T14:34:14.000Z</Time><Position><LatitudeDegrees>58.62868563917611</LatitudeDegrees><LongitudeDegrees>59.815956554278706</LongitudeDegrees></Position></Trackpoint><Trackpoint><Time>2026-08-12T14:34:16.000Z</Time><Position><LatitudeDegrees>58.628694519472</LatitudeDegrees><LongitudeDegrees>59.8159709384092</LongitudeDegrees></Position></Trackpoint><Trackpoint><Time>2026-08-12T14:34:17.000Z</Time><Position><LatitudeDegrees>58.62870429871009</LatitudeDegrees><LongitudeDegrees>59.81598377279557</LongitudeDegrees></Position></Trackpoint><Trackpoint><Time>2026-08-12T14:34:18.000Z</Time><Position><LatitudeDegrees>58.628714661844015</LatitudeDegrees><LongitudeDegrees>59.81599579050343</LongitudeDegrees></Position></Trackpoint><Trackpoint><Time>2026-08-12T14:34:19.000Z</Time><Position><LatitudeDegrees>58.62872540418502</LatitudeDegrees><LongitudeDegrees>59.81600739825309</LongitudeDegrees></Position></Trackpoint><Trackpoint><Time>2026-08-12T14:34:19.000Z</Time><Position><LatitudeDegrees>58.62873590315417</LatitudeDegrees><LongitudeDegrees>59.81601881616305</LongitudeDegrees></Position></Trackpoint><Trackpoint><Time>2026-08-12T14:34:20.000Z</Time><Position><LatitudeDegrees>58.62874642319975</LatitudeDegrees><LongitudeDegrees>59.81602966964047</LongitudeDegrees></Position></Trackpoint><Trackpoint><Time>2026-08-12T14:34:22.000Z</Time><Position><LatitudeDegrees>58.62875707052523</LatitudeDegrees><LongitudeDegrees>59.81603938724898</LongitudeDegrees></Position></Trackpoint><Trackpoint><Time>2026-08-12T14:34:22.000Z</Time><Position><LatitudeDegrees>58.62876885175381</LatitudeDegrees><LongitudeDegrees>59.81604836904968</LongitudeDegrees></Position></Trackpoint><Trackpoint><Time>2026-08-12T14:34:23.000Z</Time><Position><LatitudeDegrees>58.62878154630112</LatitudeDegrees><LongitudeDegrees>59.81605638463029</LongitudeDegrees></Position></Trackpoint><Trackpoint><Time>2026-08-12T14:34:25.000Z</Time><Position><LatitudeDegrees>58.62879543571071</LatitudeDegrees><LongitudeDegrees>59.816062483890995</LongitudeDegrees></Position></Trackpoint><Trackpoint><Time>2026-08-12T14:34:26.000Z</Time><Position><LatitudeDegrees>58.62880999296221</LatitudeDegrees><LongitudeDegrees>59.81606701111638</LongitudeDegrees></Position></Trackpoint><Trackpoint><Time>2026-08-12T14:34:27.000Z</Time><Position><LatitudeDegrees>58.628824425683945</LatitudeDegrees><LongitudeDegrees>59.81606786180957</LongitudeDegrees></Position></Trackpoint><Trackpoint><Time>2026-08-12T14:34:28.000Z</Time><Position><LatitudeDegrees>58.62883891314466</LatitudeDegrees><LongitudeDegrees>59.81606610997779</LongitudeDegrees></Position></Trackpoint><Trackpoint><Time>2026-08-12T14:34:29.000Z</Time><Position><LatitudeDegrees>58.628853522147544</LatitudeDegrees><LongitudeDegrees>59.81606302157377</LongitudeDegrees></Position></Trackpoint><Trackpoint><Time>2026-08-12T14:34:30.000Z</Time><Position><LatitudeDegrees>58.62886826460461</LatitudeDegrees><LongitudeDegrees>59.81605782067424</LongitudeDegrees></Position></Trackpoint><Trackpoint><Time>2026-08-12T14:34:31.000Z</Time><Position><LatitudeDegrees>58.62888361790361</LatitudeDegrees><LongitudeDegrees>59.816050948474334</LongitudeDegrees></Position></Trackpoint><Trackpoint><Time>2026-08-12T14:34:32.000Z</Time><Position><LatitudeDegrees>58.628898721026864</LatitudeDegrees><LongitudeDegrees>59.81604329079242</LongitudeDegrees></Position></Trackpoint><Trackpoint><Time>2026-08-12T14:34:33.000Z</Time><Position><LatitudeDegrees>58.628912761877636</LatitudeDegrees><LongitudeDegrees>59.816034823642845</LongitudeDegrees></Position></Trackpoint><Trackpoint><Time>2026-08-12T14:34:34.000Z</Time><Position><LatitudeDegrees>58.628925542348476</LatitudeDegrees><LongitudeDegrees>59.816026130652084</LongitudeDegrees></Position></Trackpoint><Trackpoint><Time>2026-08-12T14:34:34.000Z</Time><Position><LatitudeDegrees>58.62893861145184</LatitudeDegrees><LongitudeDegrees>59.81601894999521</LongitudeDegrees></Position></Trackpoint><Trackpoint><Time>2026-08-12T14:34:36.000Z</Time><Position><LatitudeDegrees>58.62895159085592</LatitudeDegrees><LongitudeDegrees>59.81601478262617</LongitudeDegrees></Position></Trackpoint><Trackpoint><Time>2026-08-12T14:34:37.000Z</Time><Position><LatitudeDegrees>58.62896482587446</LatitudeDegrees><LongitudeDegrees>59.81601337032628</LongitudeDegrees></Position></Trackpoint><Trackpoint><Time>2026-08-12T14:34:38.000Z</Time><Position><LatitudeDegrees>58.62897744669021</LatitudeDegrees><LongitudeDegrees>59.8160132739223</LongitudeDegrees></Position></Trackpoint><Trackpoint><Time>2026-08-12T14:34:39.000Z</Time><Position><LatitudeDegrees>58.62898966352602</LatitudeDegrees><LongitudeDegrees>59.816014711042676</LongitudeDegrees></Position></Trackpoint><Trackpoint><Time>2026-08-12T14:34:40.000Z</Time><Position><LatitudeDegrees>58.62900210441953</LatitudeDegrees><LongitudeDegrees>59.81601659526729</LongitudeDegrees></Position></Trackpoint><Trackpoint><Time>2026-08-12T14:34:41.000Z</Time><Position><LatitudeDegrees>58.629014999260086</LatitudeDegrees><LongitudeDegrees>59.81601940100821</LongitudeDegrees></Position></Trackpoint><Trackpoint><Time>2026-08-12T14:34:41.000Z</Time><Position><LatitudeDegrees>58.62902887407101</LatitudeDegrees><LongitudeDegrees>59.81602369497953</LongitudeDegrees></Position></Trackpoint><Trackpoint><Time>2026-08-12T14:34:42.000Z</Time><Position><LatitudeDegrees>58.62904333009791</LatitudeDegrees><LongitudeDegrees>59.81602805072903</LongitudeDegrees></Position></Trackpoint><Trackpoint><Time>2026-08-12T14:34:43.000Z</Time><Position><LatitudeDegrees>58.62905763891162</LatitudeDegrees><LongitudeDegrees>59.81603089364576</LongitudeDegrees></Position></Trackpoint><Trackpoint><Time>2026-08-12T14:34:45.000Z</Time><Position><LatitudeDegrees>58.629071029804685</LatitudeDegrees><LongitudeDegrees>59.81603176942221</LongitudeDegrees></Position></Trackpoint><Trackpoint><Time>2026-08-12T14:34:46.000Z</Time><Position><LatitudeDegrees>58.629083792798426</LatitudeDegrees><LongitudeDegrees>59.81603123304949</LongitudeDegrees></Position></Trackpoint><Trackpoint><Time>2026-08-12T14:34:46.000Z</Time><Position><LatitudeDegrees>58.62909710714446</LatitudeDegrees><LongitudeDegrees>59.81603018394928</LongitudeDegrees></Position></Trackpoint><Trackpoint><Time>2026-08-12T14:34:47.000Z</Time><Position><LatitudeDegrees>58.629111387732685</LatitudeDegrees><LongitudeDegrees>59.816028079119974</LongitudeDegrees></Position></Trackpoint><Trackpoint><Time>2026-08-12T14:34:49.000Z</Time><Position><LatitudeDegrees>58.62912570219165</LatitudeDegrees><LongitudeDegrees>59.81602532004726</LongitudeDegrees></Position></Trackpoint><Trackpoint><Time>2026-08-12T14:34:49.000Z</Time><Position><LatitudeDegrees>58.62913966219243</LatitudeDegrees><LongitudeDegrees>59.8160226456581</LongitudeDegrees></Position></Trackpoint><Trackpoint><Time>2026-08-12T14:34:51.000Z</Time><Position><LatitudeDegrees>58.629153642913025</LatitudeDegrees><LongitudeDegrees>59.81601985978764</LongitudeDegrees></Position></Trackpoint><Trackpoint><Time>2026-08-12T14:34:51.000Z</Time><Position><LatitudeDegrees>58.629167796204875</LatitudeDegrees><LongitudeDegrees>59.81601591673585</LongitudeDegrees></Position></Trackpoint><Trackpoint><Time>2026-08-12T14:34:52.000Z</Time><Position><LatitudeDegrees>58.629181672845604</LatitudeDegrees><LongitudeDegrees>59.816011023981694</LongitudeDegrees></Position></Trackpoint><Trackpoint><Time>2026-08-12T14:34:54.000Z</Time><Position><LatitudeDegrees>58.6291951233382</LatitudeDegrees><LongitudeDegrees>59.81600538886479</LongitudeDegrees></Position></Trackpoint><Trackpoint><Time>2026-08-12T14:34:54.000Z</Time><Position><LatitudeDegrees>58.6292086304209</LatitudeDegrees><LongitudeDegrees>59.81599919205563</LongitudeDegrees></Position></Trackpoint><Trackpoint><Time>2026-08-12T14:34:56.000Z</Time><Position><LatitudeDegrees>58.62922140641691</LatitudeDegrees><LongitudeDegrees>59.815990131999605</LongitudeDegrees></Position></Trackpoint><Trackpoint><Time>2026-08-12T14:34:56.000Z</Time><Position><LatitudeDegrees>58.62923322076853</LatitudeDegrees><LongitudeDegrees>59.81597909716505</LongitudeDegrees></Position></Trackpoint><Trackpoint><Time>2026-08-12T14:34:57.000Z</Time><Position><LatitudeDegrees>58.62924508117126</LatitudeDegrees><LongitudeDegrees>59.81596866535514</LongitudeDegrees></Position></Trackpoint><Trackpoint><Time>2026-08-12T14:34:58.000Z</Time><Position><LatitudeDegrees>58.6292569071065</LatitudeDegrees><LongitudeDegrees>59.81595835196605</LongitudeDegrees></Position></Trackpoint><Trackpoint><Time>2026-08-12T14:34:59.000Z</Time><Position><LatitudeDegrees>58.62926915944846</LatitudeDegrees><LongitudeDegrees>59.815947452612</LongitudeDegrees></Position></Trackpoint><Trackpoint><Time>2026-08-12T14:35:01.000Z</Time><Position><LatitudeDegrees>58.629281483661245</LatitudeDegrees><LongitudeDegrees>59.81593624202178</LongitudeDegrees></Position></Trackpoint><Trackpoint><Time>2026-08-12T14:35:01.000Z</Time><Position><LatitudeDegrees>58.62929372451064</LatitudeDegrees><LongitudeDegrees>59.815924383673924</LongitudeDegrees></Position></Trackpoint><Trackpoint><Time>2026-08-12T14:35:02.000Z</Time><Position><LatitudeDegrees>58.62930533915495</LatitudeDegrees><LongitudeDegrees>59.81591231172702</LongitudeDegrees></Position></Trackpoint><Trackpoint><Time>2026-08-12T14:35:03.000Z</Time><Position><LatitudeDegrees>58.6293171636276</LatitudeDegrees><LongitudeDegrees>59.81589974278653</LongitudeDegrees></Position></Trackpoint><Trackpoint><Time>2026-08-12T14:35:04.000Z</Time><Position><LatitudeDegrees>58.629328046472004</LatitudeDegrees><LongitudeDegrees>59.8158861343189</LongitudeDegrees></Position></Trackpoint><Trackpoint><Time>2026-08-12T14:35:06.000Z</Time><Position><LatitudeDegrees>58.62933910316837</LatitudeDegrees><LongitudeDegrees>59.815872375533694</LongitudeDegrees></Position></Trackpoint><Trackpoint><Time>2026-08-12T14:35:07.000Z</Time><Position><LatitudeDegrees>58.629349791573766</LatitudeDegrees><LongitudeDegrees>59.81585836231947</LongitudeDegrees></Position></Trackpoint><Trackpoint><Time>2026-08-12T14:35:07.000Z</Time><Position><LatitudeDegrees>58.62935944607463</LatitudeDegrees><LongitudeDegrees>59.81584506367648</LongitudeDegrees></Position></Trackpoint><Trackpoint><Time>2026-08-12T14:35:09.000Z</Time><Position><LatitudeDegrees>58.62936890447042</LatitudeDegrees><LongitudeDegrees>59.815831318125355</LongitudeDegrees></Position></Trackpoint><Trackpoint><Time>2026-08-12T14:35:09.000Z</Time><Position><LatitudeDegrees>58.62937853696467</LatitudeDegrees><LongitudeDegrees>59.815818173522004</LongitudeDegrees></Position></Trackpoint><Trackpoint><Time>2026-08-12T14:35:11.000Z</Time><Position><LatitudeDegrees>58.6293889632849</LatitudeDegrees><LongitudeDegrees>59.815804025835206</LongitudeDegrees></Position></Trackpoint><Trackpoint><Time>2026-08-12T14:35:12.000Z</Time><Position><LatitudeDegrees>58.62939935754796</LatitudeDegrees><LongitudeDegrees>59.815789322436906</LongitudeDegrees></Position></Trackpoint><Trackpoint><Time>2026-08-12T14:35:12.000Z</Time><Position><LatitudeDegrees>58.629409873352735</LatitudeDegrees><LongitudeDegrees>59.81577431889451</LongitudeDegrees></Position></Trackpoint><Trackpoint><Time>2026-08-12T14:35:13.000Z</Time><Position><LatitudeDegrees>58.62942055835668</LatitudeDegrees><LongitudeDegrees>59.815759158982246</LongitudeDegrees></Position></Trackpoint><Trackpoint><Time>2026-08-12T14:35:14.000Z</Time><Position><LatitudeDegrees>58.629431410470254</LatitudeDegrees><LongitudeDegrees>59.81574441159159</LongitudeDegrees></Position></Trackpoint><Trackpoint><Time>2026-08-12T14:35:15.000Z</Time><Position><LatitudeDegrees>58.62944240738466</LatitudeDegrees><LongitudeDegrees>59.81573025806449</LongitudeDegrees></Position></Trackpoint><Trackpoint><Time>2026-08-12T14:35:16.000Z</Time><Position><LatitudeDegrees>58.62945401093803</LatitudeDegrees><LongitudeDegrees>59.81571620725151</LongitudeDegrees></Position></Trackpoint><Trackpoint><Time>2026-08-12T14:35:17.000Z</Time><Position><LatitudeDegrees>58.62946633346954</LatitudeDegrees><LongitudeDegrees>59.81570253330835</LongitudeDegrees></Position></Trackpoint><Trackpoint><Time>2026-08-12T14:35:18.000Z</Time><Position><LatitudeDegrees>58.629479328964415</LatitudeDegrees><LongitudeDegrees>59.815688811160165</LongitudeDegrees></Position></Trackpoint><Trackpoint><Time>2026-08-12T14:35:20.000Z</Time><Position><LatitudeDegrees>58.6294919128772</LatitudeDegrees><LongitudeDegrees>59.8156743823234</LongitudeDegrees></Position></Trackpoint><Trackpoint><Time>2026-08-12T14:35:20.000Z</Time><Position><LatitudeDegrees>58.629503691381835</LatitudeDegrees><LongitudeDegrees>59.8156595559256</LongitudeDegrees></Position></Trackpoint><Trackpoint><Time>2026-08-12T14:35:21.000Z</Time><Position><LatitudeDegrees>58.62951509527116</LatitudeDegrees><LongitudeDegrees>59.815644999912756</LongitudeDegrees></Position></Trackpoint><Trackpoint><Time>2026-08-12T14:35:23.000Z</Time><Position><LatitudeDegrees>58.62952586043071</LatitudeDegrees><LongitudeDegrees>59.8156309546638</LongitudeDegrees></Position></Trackpoint><Trackpoint><Time>2026-08-12T14:35:24.000Z</Time><Position><LatitudeDegrees>58.62953596006935</LatitudeDegrees><LongitudeDegrees>59.81561696400842</LongitudeDegrees></Position></Trackpoint><Trackpoint><Time>2026-08-12T14:35:24.000Z</Time><Position><LatitudeDegrees>58.62954644779342</LatitudeDegrees><LongitudeDegrees>59.815602833073456</LongitudeDegrees></Position></Trackpoint><Trackpoint><Time>2026-08-12T14:35:25.000Z</Time><Position><LatitudeDegrees>58.62955721809238</LatitudeDegrees><LongitudeDegrees>59.81558849960832</LongitudeDegrees></Position></Trackpoint><Trackpoint><Time>2026-08-12T14:35:26.000Z</Time><Position><LatitudeDegrees>58.62956770163476</LatitudeDegrees><LongitudeDegrees>59.81557396397057</LongitudeDegrees></Position></Trackpoint><Trackpoint><Time>2026-08-12T14:35:27.000Z</Time><Position><LatitudeDegrees>58.629578190366296</LatitudeDegrees><LongitudeDegrees>59.81555974186665</LongitudeDegrees></Position></Trackpoint><Trackpoint><Time>2026-08-12T14:35:29.000Z</Time><Position><LatitudeDegrees>58.62958831424331</LatitudeDegrees><LongitudeDegrees>59.81554551582944</LongitudeDegrees></Position></Trackpoint><Trackpoint><Time>2026-08-12T14:35:30.000Z</Time><Position><LatitudeDegrees>58.62959894691926</LatitudeDegrees><LongitudeDegrees>59.815531645230855</LongitudeDegrees></Position></Trackpoint><Trackpoint><Time>2026-08-12T14:35:31.000Z</Time><Position><LatitudeDegrees>58.62960989327957</LatitudeDegrees><LongitudeDegrees>59.81551823245222</LongitudeDegrees></Position></Trackpoint><Trackpoint><Time>2026-08-12T14:35:32.000Z</Time><Position><LatitudeDegrees>58.62962103270865</LatitudeDegrees><LongitudeDegrees>59.81550379206523</LongitudeDegrees></Position></Trackpoint><Trackpoint><Time>2026-08-12T14:35:33.000Z</Time><Position><LatitudeDegrees>58.62963229075288</LatitudeDegrees><LongitudeDegrees>59.81548833382356</LongitudeDegrees></Position></Trackpoint><Trackpoint><Time>2026-08-12T14:35:34.000Z</Time><Position><LatitudeDegrees>58.62964313191509</LatitudeDegrees><LongitudeDegrees>59.81547297160545</LongitudeDegrees></Position></Trackpoint><Trackpoint><Time>2026-08-12T14:35:34.000Z</Time><Position><LatitudeDegrees>58.62965338916586</LatitudeDegrees><LongitudeDegrees>59.815458151818625</LongitudeDegrees></Position></Trackpoint><Trackpoint><Time>2026-08-12T14:35:36.000Z</Time><Position><LatitudeDegrees>58.62966257905044</LatitudeDegrees><LongitudeDegrees>59.815443988688436</LongitudeDegrees></Position></Trackpoint><Trackpoint><Time>2026-08-12T14:35:37.000Z</Time><Position><LatitudeDegrees>58.62967161868212</LatitudeDegrees><LongitudeDegrees>59.81543093458643</LongitudeDegrees></Position></Trackpoint><Trackpoint><Time>2026-08-12T14:35:37.000Z</Time><Position><LatitudeDegrees>58.62968090504345</LatitudeDegrees><LongitudeDegrees>59.815417075029735</LongitudeDegrees></Position></Trackpoint><Trackpoint><Time>2026-08-12T14:35:39.000Z</Time><Position><LatitudeDegrees>58.629691059568344</LatitudeDegrees><LongitudeDegrees>59.815403193781194</LongitudeDegrees></Position></Trackpoint><Trackpoint><Time>2026-08-12T14:35:39.000Z</Time><Position><LatitudeDegrees>58.62970222675652</LatitudeDegrees><LongitudeDegrees>59.81538961640461</LongitudeDegrees></Position></Trackpoint><Trackpoint><Time>2026-08-12T14:35:40.000Z</Time><Position><LatitudeDegrees>58.62971384653336</LatitudeDegrees><LongitudeDegrees>59.81537496914464</LongitudeDegrees></Position></Trackpoint><Trackpoint><Time>2026-08-12T14:35:41.000Z</Time><Position><LatitudeDegrees>58.629724161320546</LatitudeDegrees><LongitudeDegrees>59.815358333950336</LongitudeDegrees></Position></Trackpoint><Trackpoint><Time>2026-08-12T14:35:43.000Z</Time><Position><LatitudeDegrees>58.62973310439277</LatitudeDegrees><LongitudeDegrees>59.815340077496664</LongitudeDegrees></Position></Trackpoint><Trackpoint><Time>2026-08-12T14:35:43.000Z</Time><Position><LatitudeDegrees>58.62974131393849</LatitudeDegrees><LongitudeDegrees>59.81532202771066</LongitudeDegrees></Position></Trackpoint><Trackpoint><Time>2026-08-12T14:35:44.000Z</Time><Position><LatitudeDegrees>58.62974963654263</LatitudeDegrees><LongitudeDegrees>59.815304910868136</LongitudeDegrees></Position></Trackpoint><Trackpoint><Time>2026-08-12T14:35:45.000Z</Time><Position><LatitudeDegrees>58.62975889595682</LatitudeDegrees><LongitudeDegrees>59.8152884167212</LongitudeDegrees></Position></Trackpoint><Trackpoint><Time>2026-08-12T14:35:46.000Z</Time><Position><LatitudeDegrees>58.6297688215807</LatitudeDegrees><LongitudeDegrees>59.81527233757739</LongitudeDegrees></Position></Trackpoint><Trackpoint><Time>2026-08-12T14:35:47.000Z</Time><Position><LatitudeDegrees>58.62977823724376</LatitudeDegrees><LongitudeDegrees>59.81525555541575</LongitudeDegrees></Position></Trackpoint><Trackpoint><Time>2026-08-12T14:35:48.000Z</Time><Position><LatitudeDegrees>58.629787213623096</LatitudeDegrees><LongitudeDegrees>59.8152386792505</LongitudeDegrees></Position></Trackpoint><Trackpoint><Time>2026-08-12T14:35:49.000Z</Time><Position><LatitudeDegrees>58.62979681542852</LatitudeDegrees><LongitudeDegrees>59.81522099273796</LongitudeDegrees></Position></Trackpoint><Trackpoint><Time>2026-08-12T14:35:51.000Z</Time><Position><LatitudeDegrees>58.62980642164931</LatitudeDegrees><LongitudeDegrees>59.81520279448141</LongitudeDegrees></Position></Trackpoint><Trackpoint><Time>2026-08-12T14:35:51.000Z</Time><Position><LatitudeDegrees>58.62981626557646</LatitudeDegrees><LongitudeDegrees>59.815184273137184</LongitudeDegrees></Position></Trackpoint><Trackpoint><Time>2026-08-12T14:35:52.000Z</Time><Position><LatitudeDegrees>58.62982739199896</LatitudeDegrees><LongitudeDegrees>59.815167016699945</LongitudeDegrees></Position></Trackpoint><Trackpoint><Time>2026-08-12T14:35:53.000Z</Time><Position><LatitudeDegrees>58.62983810814695</LatitudeDegrees><LongitudeDegrees>59.815151516809934</LongitudeDegrees></Position></Trackpoint><Trackpoint><Time>2026-08-12T14:35:54.000Z</Time><Position><LatitudeDegrees>58.62984776953946</LatitudeDegrees><LongitudeDegrees>59.81513824010145</LongitudeDegrees></Position></Trackpoint><Trackpoint><Time>2026-08-12T14:35:56.000Z</Time><Position><LatitudeDegrees>58.62985673574463</LatitudeDegrees><LongitudeDegrees>59.815125624576204</LongitudeDegrees></Position></Trackpoint><Trackpoint><Time>2026-08-12T14:35:56.000Z</Time><Position><LatitudeDegrees>58.62986573368147</LatitudeDegrees><LongitudeDegrees>59.815113921310605</LongitudeDegrees></Position></Trackpoint><Trackpoint><Time>2026-08-12T14:35:57.000Z</Time><Position><LatitudeDegrees>58.62987456903613</LatitudeDegrees><LongitudeDegrees>59.81510311661913</LongitudeDegrees></Position></Trackpoint><Trackpoint><Time>2026-08-12T14:35:58.000Z</Time><Position><LatitudeDegrees>58.62988318265087</LatitudeDegrees><LongitudeDegrees>59.81509406875623</LongitudeDegrees></Position></Trackpoint><Trackpoint><Time>2026-08-12T14:35:59.000Z</Time><Position><LatitudeDegrees>58.62989108901193</LatitudeDegrees><LongitudeDegrees>59.81508641608282</LongitudeDegrees></Position></Trackpoint><Trackpoint><Time>2026-08-12T14:36:00.000Z</Time><Position><LatitudeDegrees>58.6298986685541</LatitudeDegrees><LongitudeDegrees>59.81507934098277</LongitudeDegrees></Position></Trackpoint><Trackpoint><Time>2026-08-12T14:36:01.000Z</Time><Position><LatitudeDegrees>58.62990611989983</LatitudeDegrees><LongitudeDegrees>59.815072432603834</LongitudeDegrees></Position></Trackpoint><Trackpoint><Time>2026-08-12T14:36:02.000Z</Time><Position><LatitudeDegrees>58.62991354130228</LatitudeDegrees><LongitudeDegrees>59.81506550034496</LongitudeDegrees></Position></Trackpoint><Trackpoint><Time>2026-08-12T14:36:03.000Z</Time><Position><LatitudeDegrees>58.62992146667918</LatitudeDegrees><LongitudeDegrees>59.81505895838583</LongitudeDegrees></Position></Trackpoint><Trackpoint><Time>2026-08-12T14:36:04.000Z</Time><Position><LatitudeDegrees>58.62993054084191</LatitudeDegrees><LongitudeDegrees>59.815053416815715</LongitudeDegrees></Position></Trackpoint><Trackpoint><Time>2026-08-12T14:36:05.000Z</Time><Position><LatitudeDegrees>58.62993990267915</LatitudeDegrees><LongitudeDegrees>59.8150470400488</LongitudeDegrees></Position></Trackpoint><Trackpoint><Time>2026-08-12T14:36:06.000Z</Time><Position><LatitudeDegrees>58.62994916063394</LatitudeDegrees><LongitudeDegrees>59.81503966893653</LongitudeDegrees></Position></Trackpoint><Trackpoint><Time>2026-08-12T14:36:07.000Z</Time><Position><LatitudeDegrees>58.62995865639385</LatitudeDegrees><LongitudeDegrees>59.815030875948295</LongitudeDegrees></Position></Trackpoint><Trackpoint><Time>2026-08-12T14:36:08.000Z</Time><Position><LatitudeDegrees>58.62996801054467</LatitudeDegrees><LongitudeDegrees>59.815019688287144</LongitudeDegrees></Position></Trackpoint><Trackpoint><Time>2026-08-12T14:36:09.000Z</Time><Position><LatitudeDegrees>58.62997708500629</LatitudeDegrees><LongitudeDegrees>59.81500699189672</LongitudeDegrees></Position></Trackpoint><Trackpoint><Time>2026-08-12T14:36:11.000Z</Time><Position><LatitudeDegrees>58.629986348421006</LatitudeDegrees><LongitudeDegrees>59.814992855670674</LongitudeDegrees></Position></Trackpoint><Trackpoint><Time>2026-08-12T14:36:11.000Z</Time><Position><LatitudeDegrees>58.62999596953952</LatitudeDegrees><LongitudeDegrees>59.81497847200365</LongitudeDegrees></Position></Trackpoint><Trackpoint><Time>2026-08-12T14:36:12.000Z</Time><Position><LatitudeDegrees>58.630006461558864</LatitudeDegrees><LongitudeDegrees>59.81496436372222</LongitudeDegrees></Position></Trackpoint><Trackpoint><Time>2026-08-12T14:36:13.000Z</Time><Position><LatitudeDegrees>58.63001694483065</LatitudeDegrees><LongitudeDegrees>59.81494973157722</LongitudeDegrees></Position></Trackpoint><Trackpoint><Time>2026-08-12T14:36:15.000Z</Time><Position><LatitudeDegrees>58.63002705820907</LatitudeDegrees><LongitudeDegrees>59.81493431364831</LongitudeDegrees></Position></Trackpoint><Trackpoint><Time>2026-08-12T14:36:16.000Z</Time><Position><LatitudeDegrees>58.63003719004812</LatitudeDegrees><LongitudeDegrees>59.81492006136458</LongitudeDegrees></Position></Trackpoint><Trackpoint><Time>2026-08-12T14:36:16.000Z</Time><Position><LatitudeDegrees>58.63004749791553</LatitudeDegrees><LongitudeDegrees>59.814907139170224</LongitudeDegrees></Position></Trackpoint><Trackpoint><Time>2026-08-12T14:36:17.000Z</Time><Position><LatitudeDegrees>58.63005802410996</LatitudeDegrees><LongitudeDegrees>59.81489446485263</LongitudeDegrees></Position></Trackpoint><Trackpoint><Time>2026-08-12T14:36:18.000Z</Time><Position><LatitudeDegrees>58.63006875802947</LatitudeDegrees><LongitudeDegrees>59.814882050516566</LongitudeDegrees></Position></Trackpoint><Trackpoint><Time>2026-08-12T14:36:19.000Z</Time><Position><LatitudeDegrees>58.63007966864665</LatitudeDegrees><LongitudeDegrees>59.81486888855771</LongitudeDegrees></Position></Trackpoint><Trackpoint><Time>2026-08-12T14:36:20.000Z</Time><Position><LatitudeDegrees>58.630089741283236</LatitudeDegrees><LongitudeDegrees>59.81485465996726</LongitudeDegrees></Position></Trackpoint><Trackpoint><Time>2026-08-12T14:36:21.000Z</Time><Position><LatitudeDegrees>58.630098665614426</LatitudeDegrees><LongitudeDegrees>59.814839859877914</LongitudeDegrees></Position></Trackpoint><Trackpoint><Time>2026-08-12T14:36:22.000Z</Time><Position><LatitudeDegrees>58.63010744044263</LatitudeDegrees><LongitudeDegrees>59.81482525516348</LongitudeDegrees></Position></Trackpoint><Trackpoint><Time>2026-08-12T14:36:23.000Z</Time><Position><LatitudeDegrees>58.63011600668583</LatitudeDegrees><LongitudeDegrees>59.81481064696145</LongitudeDegrees></Position></Trackpoint><Trackpoint><Time>2026-08-12T14:36:24.000Z</Time><Position><LatitudeDegrees>58.630124366783676</LatitudeDegrees><LongitudeDegrees>59.81479546421063</LongitudeDegrees></Position></Trackpoint><Trackpoint><Time>2026-08-12T14:36:25.000Z</Time><Position><LatitudeDegrees>58.630133037809934</LatitudeDegrees><LongitudeDegrees>59.81478003508208</LongitudeDegrees></Position></Trackpoint><Trackpoint><Time>2026-08-12T14:36:26.000Z</Time><Position><LatitudeDegrees>58.63014170319503</LatitudeDegrees><LongitudeDegrees>59.81476501596039</LongitudeDegrees></Position></Trackpoint><Trackpoint><Time>2026-08-12T14:36:27.000Z</Time><Position><LatitudeDegrees>58.63015072289971</LatitudeDegrees><LongitudeDegrees>59.81475111415349</LongitudeDegrees></Position></Trackpoint><Trackpoint><Time>2026-08-12T14:36:28.000Z</Time><Position><LatitudeDegrees>58.6301597100808</LatitudeDegrees><LongitudeDegrees>59.814737008716854</LongitudeDegrees></Position></Trackpoint><Trackpoint><Time>2026-08-12T14:36:29.000Z</Time><Position><LatitudeDegrees>58.63016899920836</LatitudeDegrees><LongitudeDegrees>59.814724140219525</LongitudeDegrees></Position></Trackpoint><Trackpoint><Time>2026-08-12T14:36:30.000Z</Time><Position><LatitudeDegrees>58.63017868927395</LatitudeDegrees><LongitudeDegrees>59.81471245356596</LongitudeDegrees></Position></Trackpoint><Trackpoint><Time>2026-08-12T14:36:31.000Z</Time><Position><LatitudeDegrees>58.63018827997517</LatitudeDegrees><LongitudeDegrees>59.81470079515689</LongitudeDegrees></Position></Trackpoint><Trackpoint><Time>2026-08-12T14:36:32.000Z</Time><Position><LatitudeDegrees>58.630197578024095</LatitudeDegrees><LongitudeDegrees>59.81468966549775</LongitudeDegrees></Position></Trackpoint><Trackpoint><Time>2026-08-12T14:36:33.000Z</Time><Position><LatitudeDegrees>58.63020703099039</LatitudeDegrees><LongitudeDegrees>59.81467871323852</LongitudeDegrees></Position></Trackpoint><Trackpoint><Time>2026-08-12T14:36:34.000Z</Time><Position><LatitudeDegrees>58.63021582409354</LatitudeDegrees><LongitudeDegrees>59.8146672813019</LongitudeDegrees></Position></Trackpoint><Trackpoint><Time>2026-08-12T14:36:35.000Z</Time><Position><LatitudeDegrees>58.63022468569341</LatitudeDegrees><LongitudeDegrees>59.81465613986866</LongitudeDegrees></Position></Trackpoint><Trackpoint><Time>2026-08-12T14:36:36.000Z</Time><Position><LatitudeDegrees>58.63023292774022</LatitudeDegrees><LongitudeDegrees>59.81464605844987</LongitudeDegrees></Position></Trackpoint><Trackpoint><Time>2026-08-12T14:36:37.000Z</Time><Position><LatitudeDegrees>58.63024034639079</LatitudeDegrees><LongitudeDegrees>59.81463623868335</LongitudeDegrees></Position></Trackpoint><Trackpoint><Time>2026-08-12T14:36:38.000Z</Time><Position><LatitudeDegrees>58.630246963377395</LatitudeDegrees><LongitudeDegrees>59.814628766247374</LongitudeDegrees></Position></Trackpoint><Trackpoint><Time>2026-08-12T14:36:39.000Z</Time><Position><LatitudeDegrees>58.63025240093182</LatitudeDegrees><LongitudeDegrees>59.814622729985615</LongitudeDegrees></Position></Trackpoint><Trackpoint><Time>2026-08-12T14:36:40.000Z</Time><Position><LatitudeDegrees>58.630257144465496</LatitudeDegrees><LongitudeDegrees>59.81461757032273</LongitudeDegrees></Position></Trackpoint><Trackpoint><Time>2026-08-12T14:36:43.000Z</Time><Position><LatitudeDegrees>58.630271911621094</LatitudeDegrees><LongitudeDegrees>59.814598083496094</LongitudeDegrees></Position></Trackpoint><Trackpoint><Time>2026-08-12T14:36:53.000Z</Time><Position><LatitudeDegrees>58.63026099335291</LatitudeDegrees><LongitudeDegrees>59.814612454686184</LongitudeDegrees></Position></Trackpoint><Trackpoint><Time>2026-08-12T14:36:54.000Z</Time><Position><LatitudeDegrees>58.63026446940691</LatitudeDegrees><LongitudeDegrees>59.81460752415473</LongitudeDegrees></Position></Trackpoint><Trackpoint><Time>2026-08-12T14:36:55.000Z</Time><Position><LatitudeDegrees>58.630268324990645</LatitudeDegrees><LongitudeDegrees>59.81460281307136</LongitudeDegrees></Position></Trackpoint><Trackpoint><Time>2026-08-12T14:36:56.000Z</Time><Position><LatitudeDegrees>58.63027282124028</LatitudeDegrees><LongitudeDegrees>59.814597817803204</LongitudeDegrees></Position></Trackpoint><Trackpoint><Time>2026-08-12T14:36:57.000Z</Time><Position><LatitudeDegrees>58.63027847308253</LatitudeDegrees><LongitudeDegrees>59.81459138819091</LongitudeDegrees></Position></Trackpoint><Trackpoint><Time>2026-08-12T14:36:58.000Z</Time><Position><LatitudeDegrees>58.63028485465218</LatitudeDegrees><LongitudeDegrees>59.81458372426702</LongitudeDegrees></Position></Trackpoint><Trackpoint><Time>2026-08-12T14:36:59.000Z</Time><Position><LatitudeDegrees>58.63029218651497</LatitudeDegrees><LongitudeDegrees>59.81457408761238</LongitudeDegrees></Position></Trackpoint><Trackpoint><Time>2026-08-12T14:36:59.000Z</Time><Position><LatitudeDegrees>58.630299458317296</LatitudeDegrees><LongitudeDegrees>59.81456340653961</LongitudeDegrees></Position></Trackpoint><Trackpoint><Time>2026-08-12T14:37:00.000Z</Time><Position><LatitudeDegrees>58.63030724089175</LatitudeDegrees><LongitudeDegrees>59.81455317662953</LongitudeDegrees></Position></Trackpoint><Trackpoint><Time>2026-08-12T14:37:01.000Z</Time><Position><LatitudeDegrees>58.63031570376942</LatitudeDegrees><LongitudeDegrees>59.814542976684905</LongitudeDegrees></Position></Trackpoint><Trackpoint><Time>2026-08-12T14:37:02.000Z</Time><Position><LatitudeDegrees>58.63032433984233</LatitudeDegrees><LongitudeDegrees>59.814532629396645</LongitudeDegrees></Position></Trackpoint><Trackpoint><Time>2026-08-12T14:37:03.000Z</Time><Position><LatitudeDegrees>58.630332918037176</LatitudeDegrees><LongitudeDegrees>59.81452257026491</LongitudeDegrees></Position></Trackpoint><Trackpoint><Time>2026-08-12T14:37:04.000Z</Time><Position><LatitudeDegrees>58.630341840229434</LatitudeDegrees><LongitudeDegrees>59.8145119624375</LongitudeDegrees></Position></Trackpoint><Trackpoint><Time>2026-08-12T14:37:06.000Z</Time><Position><LatitudeDegrees>58.63035171738391</LatitudeDegrees><LongitudeDegrees>59.81450053169502</LongitudeDegrees></Position></Trackpoint><Trackpoint><Time>2026-08-12T14:37:06.000Z</Time><Position><LatitudeDegrees>58.63036169932708</LatitudeDegrees><LongitudeDegrees>59.81448876033531</LongitudeDegrees></Position></Trackpoint><Trackpoint><Time>2026-08-12T14:37:07.000Z</Time><Position><LatitudeDegrees>58.63037142247968</LatitudeDegrees><LongitudeDegrees>59.8144768907024</LongitudeDegrees></Position></Trackpoint><Trackpoint><Time>2026-08-12T14:37:08.000Z</Time><Position><LatitudeDegrees>58.630381259933635</LatitudeDegrees><LongitudeDegrees>59.81446503521488</LongitudeDegrees></Position></Trackpoint><Trackpoint><Time>2026-08-12T14:37:09.000Z</Time><Position><LatitudeDegrees>58.63039135067023</LatitudeDegrees><LongitudeDegrees>59.814453727965535</LongitudeDegrees></Position></Trackpoint><Trackpoint><Time>2026-08-12T14:37:10.000Z</Time><Position><LatitudeDegrees>58.63040171941815</LatitudeDegrees><LongitudeDegrees>59.81444311854605</LongitudeDegrees></Position></Trackpoint><Trackpoint><Time>2026-08-12T14:37:11.000Z</Time><Position><LatitudeDegrees>58.63041185106855</LatitudeDegrees><LongitudeDegrees>59.814432199776626</LongitudeDegrees></Position></Trackpoint><Trackpoint><Time>2026-08-12T14:37:12.000Z</Time><Position><LatitudeDegrees>58.63042205352415</LatitudeDegrees><LongitudeDegrees>59.81442108618225</LongitudeDegrees></Position></Trackpoint><Trackpoint><Time>2026-08-12T14:37:13.000Z</Time><Position><LatitudeDegrees>58.6304319548912</LatitudeDegrees><LongitudeDegrees>59.81440984993362</LongitudeDegrees></Position></Trackpoint><Trackpoint><Time>2026-08-12T14:37:15.000Z</Time><Position><LatitudeDegrees>58.63044144065571</LatitudeDegrees><LongitudeDegrees>59.81439853649552</LongitudeDegrees></Position></Trackpoint><Trackpoint><Time>2026-08-12T14:37:16.000Z</Time><Position><LatitudeDegrees>58.630450516998955</LatitudeDegrees><LongitudeDegrees>59.81438619527778</LongitudeDegrees></Position></Trackpoint><Trackpoint><Time>2026-08-12T14:37:16.000Z</Time><Position><LatitudeDegrees>58.6304592390152</LatitudeDegrees><LongitudeDegrees>59.81437403554148</LongitudeDegrees></Position></Trackpoint><Trackpoint><Time>2026-08-12T14:37:18.000Z</Time><Position><LatitudeDegrees>58.630468164482046</LatitudeDegrees><LongitudeDegrees>59.814362042397185</LongitudeDegrees></Position></Trackpoint><Trackpoint><Time>2026-08-12T14:37:18.000Z</Time><Position><LatitudeDegrees>58.63047749699833</LatitudeDegrees><LongitudeDegrees>59.814350677941704</LongitudeDegrees></Position></Trackpoint><Trackpoint><Time>2026-08-12T14:37:19.000Z</Time><Position><LatitudeDegrees>58.63048726816867</LatitudeDegrees><LongitudeDegrees>59.814339562180045</LongitudeDegrees></Position></Trackpoint><Trackpoint><Time>2026-08-12T14:37:20.000Z</Time><Position><LatitudeDegrees>58.6304969450977</LatitudeDegrees><LongitudeDegrees>59.814327527476884</LongitudeDegrees></Position></Trackpoint><Trackpoint><Time>2026-08-12T14:37:21.000Z</Time><Position><LatitudeDegrees>58.63050632041705</LatitudeDegrees><LongitudeDegrees>59.81431519012704</LongitudeDegrees></Position></Trackpoint><Trackpoint><Time>2026-08-12T14:37:22.000Z</Time><Position><LatitudeDegrees>58.63051534743668</LatitudeDegrees><LongitudeDegrees>59.814302353174895</LongitudeDegrees></Position></Trackpoint><Trackpoint><Time>2026-08-12T14:37:23.000Z</Time><Position><LatitudeDegrees>58.630523562021175</LatitudeDegrees><LongitudeDegrees>59.81428948924138</LongitudeDegrees></Position></Trackpoint><Trackpoint><Time>2026-08-12T14:37:24.000Z</Time><Position><LatitudeDegrees>58.63053136690955</LatitudeDegrees><LongitudeDegrees>59.8142772860412</LongitudeDegrees></Position></Trackpoint><Trackpoint><Time>2026-08-12T14:37:25.000Z</Time><Position><LatitudeDegrees>58.63053849093641</LatitudeDegrees><LongitudeDegrees>59.81426594199406</LongitudeDegrees></Position></Trackpoint><Trackpoint><Time>2026-08-12T14:37:26.000Z</Time><Position><LatitudeDegrees>58.63054588903559</LatitudeDegrees><LongitudeDegrees>59.81425493893422</LongitudeDegrees></Position></Trackpoint><Trackpoint><Time>2026-08-12T14:37:27.000Z</Time><Position><LatitudeDegrees>58.63055342969329</LatitudeDegrees><LongitudeDegrees>59.81424450930915</LongitudeDegrees></Position></Trackpoint><Trackpoint><Time>2026-08-12T14:37:28.000Z</Time><Position><LatitudeDegrees>58.630561040450594</LatitudeDegrees><LongitudeDegrees>59.81423418563838</LongitudeDegrees></Position></Trackpoint><Trackpoint><Time>2026-08-12T14:37:29.000Z</Time><Position><LatitudeDegrees>58.63056917207992</LatitudeDegrees><LongitudeDegrees>59.81422376179877</LongitudeDegrees></Position></Trackpoint><Trackpoint><Time>2026-08-12T14:37:30.000Z</Time><Position><LatitudeDegrees>58.63057794337127</LatitudeDegrees><LongitudeDegrees>59.81421267614786</LongitudeDegrees></Position></Trackpoint><Trackpoint><Time>2026-08-12T14:37:31.000Z</Time><Position><LatitudeDegrees>58.630587321146656</LatitudeDegrees><LongitudeDegrees>59.81420127193563</LongitudeDegrees></Position></Trackpoint><Trackpoint><Time>2026-08-12T14:37:32.000Z</Time><Position><LatitudeDegrees>58.630596724290356</LatitudeDegrees><LongitudeDegrees>59.81419022102137</LongitudeDegrees></Position></Trackpoint><Trackpoint><Time>2026-08-12T14:37:33.000Z</Time><Position><LatitudeDegrees>58.63060639983417</LatitudeDegrees><LongitudeDegrees>59.81417877553263</LongitudeDegrees></Position></Trackpoint><Trackpoint><Time>2026-08-12T14:37:34.000Z</Time><Position><LatitudeDegrees>58.63061592494128</LatitudeDegrees><LongitudeDegrees>59.814166678113644</LongitudeDegrees></Position></Trackpoint><Trackpoint><Time>2026-08-12T14:37:35.000Z</Time><Position><LatitudeDegrees>58.63062563439232</LatitudeDegrees><LongitudeDegrees>59.814154396061596</LongitudeDegrees></Position></Trackpoint><Trackpoint><Time>2026-08-12T14:37:36.000Z</Time><Position><LatitudeDegrees>58.63063515279022</LatitudeDegrees><LongitudeDegrees>59.814142145522425</LongitudeDegrees></Position></Trackpoint><Trackpoint><Time>2026-08-12T14:37:37.000Z</Time><Position><LatitudeDegrees>58.63064435005535</LatitudeDegrees><LongitudeDegrees>59.81413001146761</LongitudeDegrees></Position></Trackpoint><Trackpoint><Time>2026-08-12T14:37:38.000Z</Time><Position><LatitudeDegrees>58.630653703444096</LatitudeDegrees><LongitudeDegrees>59.8141194827725</LongitudeDegrees></Position></Trackpoint><Trackpoint><Time>2026-08-12T14:37:39.000Z</Time><Position><LatitudeDegrees>58.63066338946833</LatitudeDegrees><LongitudeDegrees>59.81410998733889</LongitudeDegrees></Position></Trackpoint><Trackpoint><Time>2026-08-12T14:37:40.000Z</Time><Position><LatitudeDegrees>58.63067294851764</LatitudeDegrees><LongitudeDegrees>59.81410066732949</LongitudeDegrees></Position></Trackpoint><Trackpoint><Time>2026-08-12T14:37:41.000Z</Time><Position><LatitudeDegrees>58.63068269721679</LatitudeDegrees><LongitudeDegrees>59.81409114694288</LongitudeDegrees></Position></Trackpoint><Trackpoint><Time>2026-08-12T14:37:43.000Z</Time><Position><LatitudeDegrees>58.63069323123177</LatitudeDegrees><LongitudeDegrees>59.81408178674022</LongitudeDegrees></Position></Trackpoint><Trackpoint><Time>2026-08-12T14:37:44.000Z</Time><Position><LatitudeDegrees>58.63070420547297</LatitudeDegrees><LongitudeDegrees>59.81407222504263</LongitudeDegrees></Position></Trackpoint><Trackpoint><Time>2026-08-12T14:37:45.000Z</Time><Position><LatitudeDegrees>58.63071591092925</LatitudeDegrees><LongitudeDegrees>59.814062338760266</LongitudeDegrees></Position></Trackpoint><Trackpoint><Time>2026-08-12T14:37:45.000Z</Time><Position><LatitudeDegrees>58.630727883978544</LatitudeDegrees><LongitudeDegrees>59.81405113963935</LongitudeDegrees></Position></Trackpoint><Trackpoint><Time>2026-08-12T14:37:46.000Z</Time><Position><LatitudeDegrees>58.63073989934067</LatitudeDegrees><LongitudeDegrees>59.81403887879548</LongitudeDegrees></Position></Trackpoint><Trackpoint><Time>2026-08-12T14:37:47.000Z</Time><Position><LatitudeDegrees>58.630751858806946</LatitudeDegrees><LongitudeDegrees>59.814026285527575</LongitudeDegrees></Position></Trackpoint><Trackpoint><Time>2026-08-12T14:37:48.000Z</Time><Position><LatitudeDegrees>58.630763729105915</LatitudeDegrees><LongitudeDegrees>59.81401321324077</LongitudeDegrees></Position></Trackpoint><Trackpoint><Time>2026-08-12T14:37:49.000Z</Time><Position><LatitudeDegrees>58.630774528758536</LatitudeDegrees><LongitudeDegrees>59.81399966304375</LongitudeDegrees></Position></Trackpoint><Trackpoint><Time>2026-08-12T14:37:51.000Z</Time><Position><LatitudeDegrees>58.630784970196075</LatitudeDegrees><LongitudeDegrees>59.81398569673217</LongitudeDegrees></Position></Trackpoint><Trackpoint><Time>2026-08-12T14:37:51.000Z</Time><Position><LatitudeDegrees>58.63079539279785</LatitudeDegrees><LongitudeDegrees>59.813970413941966</LongitudeDegrees></Position></Trackpoint><Trackpoint><Time>2026-08-12T14:37:52.000Z</Time><Position><LatitudeDegrees>58.630805938749134</LatitudeDegrees><LongitudeDegrees>59.81395459206247</LongitudeDegrees></Position></Trackpoint><Trackpoint><Time>2026-08-12T14:37:54.000Z</Time><Position><LatitudeDegrees>58.63081616116421</LatitudeDegrees><LongitudeDegrees>59.81393911005046</LongitudeDegrees></Position></Trackpoint><Trackpoint><Time>2026-08-12T14:37:54.000Z</Time><Position><LatitudeDegrees>58.63082591752603</LatitudeDegrees><LongitudeDegrees>59.81392379665754</LongitudeDegrees></Position></Trackpoint><Trackpoint><Time>2026-08-12T14:37:55.000Z</Time><Position><LatitudeDegrees>58.630835208958544</LatitudeDegrees><LongitudeDegrees>59.81391002854776</LongitudeDegrees></Position></Trackpoint><Trackpoint><Time>2026-08-12T14:37:56.000Z</Time><Position><LatitudeDegrees>58.63084458520823</LatitudeDegrees><LongitudeDegrees>59.813898663953154</LongitudeDegrees></Position></Trackpoint><Trackpoint><Time>2026-08-12T14:37:57.000Z</Time><Position><LatitudeDegrees>58.63085524101409</LatitudeDegrees><LongitudeDegrees>59.8138882790029</LongitudeDegrees></Position></Trackpoint><Trackpoint><Time>2026-08-12T14:37:58.000Z</Time><Position><LatitudeDegrees>58.63086652495916</LatitudeDegrees><LongitudeDegrees>59.81387865117427</LongitudeDegrees></Position></Trackpoint><Trackpoint><Time>2026-08-12T14:37:59.000Z</Time><Position><LatitudeDegrees>58.63087759853688</LatitudeDegrees><LongitudeDegrees>59.81386910203894</LongitudeDegrees></Position></Trackpoint><Trackpoint><Time>2026-08-12T14:38:00.000Z</Time><Position><LatitudeDegrees>58.63088863303322</LatitudeDegrees><LongitudeDegrees>59.81386130053982</LongitudeDegrees></Position></Trackpoint><Trackpoint><Time>2026-08-12T14:38:01.000Z</Time><Position><LatitudeDegrees>58.6308992143949</LatitudeDegrees><LongitudeDegrees>59.813853751254314</LongitudeDegrees></Position></Trackpoint><Trackpoint><Time>2026-08-12T14:38:02.000Z</Time><Position><LatitudeDegrees>58.63090971987071</LatitudeDegrees><LongitudeDegrees>59.81384580594629</LongitudeDegrees></Position></Trackpoint><Trackpoint><Time>2026-08-12T14:38:04.000Z</Time><Position><LatitudeDegrees>58.63092080417475</LatitudeDegrees><LongitudeDegrees>59.813837738090015</LongitudeDegrees></Position></Trackpoint><Trackpoint><Time>2026-08-12T14:38:05.000Z</Time><Position><LatitudeDegrees>58.630932662648384</LatitudeDegrees><LongitudeDegrees>59.81382967604018</LongitudeDegrees></Position></Trackpoint><Trackpoint><Time>2026-08-12T14:38:05.000Z</Time><Position><LatitudeDegrees>58.630944786765596</LatitudeDegrees><LongitudeDegrees>59.813820203080425</LongitudeDegrees></Position></Trackpoint><Trackpoint><Time>2026-08-12T14:38:07.000Z</Time><Position><LatitudeDegrees>58.63095742261408</LatitudeDegrees><LongitudeDegrees>59.81380940645848</LongitudeDegrees></Position></Trackpoint><Trackpoint><Time>2026-08-12T14:38:08.000Z</Time><Position><LatitudeDegrees>58.63097109547164</LatitudeDegrees><LongitudeDegrees>59.813797981606534</LongitudeDegrees></Position></Trackpoint><Trackpoint><Time>2026-08-12T14:38:09.000Z</Time><Position><LatitudeDegrees>58.63098637817726</LatitudeDegrees><LongitudeDegrees>59.81378629555912</LongitudeDegrees></Position></Trackpoint><Trackpoint><Time>2026-08-12T14:38:09.000Z</Time><Position><LatitudeDegrees>58.631002320802345</LatitudeDegrees><LongitudeDegrees>59.813775022607956</LongitudeDegrees></Position></Trackpoint><Trackpoint><Time>2026-08-12T14:38:11.000Z</Time><Position><LatitudeDegrees>58.631018447434954</LatitudeDegrees><LongitudeDegrees>59.8137648770392</LongitudeDegrees></Position></Trackpoint><Trackpoint><Time>2026-08-12T14:38:12.000Z</Time><Position><LatitudeDegrees>58.631035028072205</LatitudeDegrees><LongitudeDegrees>59.81375600832188</LongitudeDegrees></Position></Trackpoint><Trackpoint><Time>2026-08-12T14:38:13.000Z</Time><Position><LatitudeDegrees>58.63105064680526</LatitudeDegrees><LongitudeDegrees>59.81374684529854</LongitudeDegrees></Position></Trackpoint><Trackpoint><Time>2026-08-12T14:38:14.000Z</Time><Position><LatitudeDegrees>58.631064354363964</LatitudeDegrees><LongitudeDegrees>59.813735309856</LongitudeDegrees></Position></Trackpoint><Trackpoint><Time>2026-08-12T14:38:14.000Z</Time><Position><LatitudeDegrees>58.63107600510355</LatitudeDegrees><LongitudeDegrees>59.81372182987561</LongitudeDegrees></Position></Trackpoint><Trackpoint><Time>2026-08-12T14:38:15.000Z</Time><Position><LatitudeDegrees>58.63108580303227</LatitudeDegrees><LongitudeDegrees>59.81370829998353</LongitudeDegrees></Position></Trackpoint><Trackpoint><Time>2026-08-12T14:38:17.000Z</Time><Position><LatitudeDegrees>58.63109504919422</LatitudeDegrees><LongitudeDegrees>59.81369501724546</LongitudeDegrees></Position></Trackpoint><Trackpoint><Time>2026-08-12T14:38:18.000Z</Time><Position><LatitudeDegrees>58.63110386061057</LatitudeDegrees><LongitudeDegrees>59.81368207228112</LongitudeDegrees></Position></Trackpoint><Trackpoint><Time>2026-08-12T14:38:19.000Z</Time><Position><LatitudeDegrees>58.63111283088409</LatitudeDegrees><LongitudeDegrees>59.81366896944736</LongitudeDegrees></Position></Trackpoint><Trackpoint><Time>2026-08-12T14:38:20.000Z</Time><Position><LatitudeDegrees>58.63112071525927</LatitudeDegrees><LongitudeDegrees>59.81365405605226</LongitudeDegrees></Position></Trackpoint><Trackpoint><Time>2026-08-12T14:38:21.000Z</Time><Position><LatitudeDegrees>58.6311276300883</LatitudeDegrees><LongitudeDegrees>59.81363933189806</LongitudeDegrees></Position></Trackpoint><Trackpoint><Time>2026-08-12T14:38:22.000Z</Time><Position><LatitudeDegrees>58.63113423733929</LatitudeDegrees><LongitudeDegrees>59.81362461706001</LongitudeDegrees></Position></Trackpoint><Trackpoint><Time>2026-08-12T14:38:22.000Z</Time><Position><LatitudeDegrees>58.63114133872058</LatitudeDegrees><LongitudeDegrees>59.81360983624336</LongitudeDegrees></Position></Trackpoint><Trackpoint><Time>2026-08-12T14:38:23.000Z</Time><Position><LatitudeDegrees>58.63114920098153</LatitudeDegrees><LongitudeDegrees>59.81359545651811</LongitudeDegrees></Position></Trackpoint><Trackpoint><Time>2026-08-12T14:38:24.000Z</Time><Position><LatitudeDegrees>58.63115783632067</LatitudeDegrees><LongitudeDegrees>59.81358014992792</LongitudeDegrees></Position></Trackpoint><Trackpoint><Time>2026-08-12T14:38:26.000Z</Time><Position><LatitudeDegrees>58.631166660927704</LatitudeDegrees><LongitudeDegrees>59.81356446775906</LongitudeDegrees></Position></Trackpoint><Trackpoint><Time>2026-08-12T14:38:27.000Z</Time><Position><LatitudeDegrees>58.631175899688486</LatitudeDegrees><LongitudeDegrees>59.81354868525452</LongitudeDegrees></Position></Trackpoint><Trackpoint><Time>2026-08-12T14:38:28.000Z</Time><Position><LatitudeDegrees>58.63118559206248</LatitudeDegrees><LongitudeDegrees>59.813531949425254</LongitudeDegrees></Position></Trackpoint><Trackpoint><Time>2026-08-12T14:38:29.000Z</Time><Position><LatitudeDegrees>58.63119618569047</LatitudeDegrees><LongitudeDegrees>59.813514520950335</LongitudeDegrees></Position></Trackpoint><Trackpoint><Time>2026-08-12T14:38:29.000Z</Time><Position><LatitudeDegrees>58.631207259640654</LatitudeDegrees><LongitudeDegrees>59.81349708569673</LongitudeDegrees></Position></Trackpoint><Trackpoint><Time>2026-08-12T14:38:31.000Z</Time><Position><LatitudeDegrees>58.631218089300035</LatitudeDegrees><LongitudeDegrees>59.813479437386746</LongitudeDegrees></Position></Trackpoint><Trackpoint><Time>2026-08-12T14:38:32.000Z</Time><Position><LatitudeDegrees>58.63122840760316</LatitudeDegrees><LongitudeDegrees>59.81346200802444</LongitudeDegrees></Position></Trackpoint><Trackpoint><Time>2026-08-12T14:38:33.000Z</Time><Position><LatitudeDegrees>58.63123817019539</LatitudeDegrees><LongitudeDegrees>59.813444947421864</LongitudeDegrees></Position></Trackpoint><Trackpoint><Time>2026-08-12T14:38:34.000Z</Time><Position><LatitudeDegrees>58.631247919745256</LatitudeDegrees><LongitudeDegrees>59.81342875955751</LongitudeDegrees></Position></Trackpoint><Trackpoint><Time>2026-08-12T14:38:35.000Z</Time><Position><LatitudeDegrees>58.63125739180512</LatitudeDegrees><LongitudeDegrees>59.8134115815294</LongitudeDegrees></Position></Trackpoint><Trackpoint><Time>2026-08-12T14:38:36.000Z</Time><Position><LatitudeDegrees>58.63126700269266</LatitudeDegrees><LongitudeDegrees>59.81339424205027</LongitudeDegrees></Position></Trackpoint><Trackpoint><Time>2026-08-12T14:38:37.000Z</Time><Position><LatitudeDegrees>58.631276906043055</LatitudeDegrees><LongitudeDegrees>59.813376613523026</LongitudeDegrees></Position></Trackpoint><Trackpoint><Time>2026-08-12T14:38:38.000Z</Time><Position><LatitudeDegrees>58.631287617201856</LatitudeDegrees><LongitudeDegrees>59.813359659719055</LongitudeDegrees></Position></Trackpoint><Trackpoint><Time>2026-08-12T14:38:39.000Z</Time><Position><LatitudeDegrees>58.63129875511393</LatitudeDegrees><LongitudeDegrees>59.813342222119985</LongitudeDegrees></Position></Trackpoint><Trackpoint><Time>2026-08-12T14:38:39.000Z</Time><Position><LatitudeDegrees>58.63130961846433</LatitudeDegrees><LongitudeDegrees>59.81332584414617</LongitudeDegrees></Position></Trackpoint><Trackpoint><Time>2026-08-12T14:38:41.000Z</Time><Position><LatitudeDegrees>58.63131946405711</LatitudeDegrees><LongitudeDegrees>59.813310046207036</LongitudeDegrees></Position></Trackpoint><Trackpoint><Time>2026-08-12T14:38:41.000Z</Time><Position><LatitudeDegrees>58.63132860605767</LatitudeDegrees><LongitudeDegrees>59.81329504595524</LongitudeDegrees></Position></Trackpoint><Trackpoint><Time>2026-08-12T14:38:43.000Z</Time><Position><LatitudeDegrees>58.6313372641548</LatitudeDegrees><LongitudeDegrees>59.813280830645446</LongitudeDegrees></Position></Trackpoint><Trackpoint><Time>2026-08-12T14:38:44.000Z</Time><Position><LatitudeDegrees>58.63134608054256</LatitudeDegrees><LongitudeDegrees>59.813266315061334</LongitudeDegrees></Position></Trackpoint><Trackpoint><Time>2026-08-12T14:38:45.000Z</Time><Position><LatitudeDegrees>58.63135529938152</LatitudeDegrees><LongitudeDegrees>59.81325255964626</LongitudeDegrees></Position></Trackpoint><Trackpoint><Time>2026-08-12T14:38:45.000Z</Time><Position><LatitudeDegrees>58.631365948792364</LatitudeDegrees><LongitudeDegrees>59.81324088278084</LongitudeDegrees></Position></Trackpoint><Trackpoint><Time>2026-08-12T14:38:47.000Z</Time><Position><LatitudeDegrees>58.631378268577755</LatitudeDegrees><LongitudeDegrees>59.813230091807625</LongitudeDegrees></Position></Trackpoint><Trackpoint><Time>2026-08-12T14:38:48.000Z</Time><Position><LatitudeDegrees>58.63139018466391</LatitudeDegrees><LongitudeDegrees>59.81321909223696</LongitudeDegrees></Position></Trackpoint><Trackpoint><Time>2026-08-12T14:38:48.000Z</Time><Position><LatitudeDegrees>58.63140040508163</LatitudeDegrees><LongitudeDegrees>59.813205991262826</LongitudeDegrees></Position></Trackpoint><Trackpoint><Time>2026-08-12T14:38:49.000Z</Time><Position><LatitudeDegrees>58.631410084223255</LatitudeDegrees><LongitudeDegrees>59.81319174790838</LongitudeDegrees></Position></Trackpoint><Trackpoint><Time>2026-08-12T14:38:50.000Z</Time><Position><LatitudeDegrees>58.63141976697802</LatitudeDegrees><LongitudeDegrees>59.81317690375413</LongitudeDegrees></Position></Trackpoint><Trackpoint><Time>2026-08-12T14:38:51.000Z</Time><Position><LatitudeDegrees>58.63142967728574</LatitudeDegrees><LongitudeDegrees>59.81316224856336</LongitudeDegrees></Position></Trackpoint><Trackpoint><Time>2026-08-12T14:38:52.000Z</Time><Position><LatitudeDegrees>58.6314393885556</LatitudeDegrees><LongitudeDegrees>59.81314857294436</LongitudeDegrees></Position></Trackpoint><Trackpoint><Time>2026-08-12T14:38:53.000Z</Time><Position><LatitudeDegrees>58.6314492402601</LatitudeDegrees><LongitudeDegrees>59.81313460793758</LongitudeDegrees></Position></Trackpoint><Trackpoint><Time>2026-08-12T14:38:54.000Z</Time><Position><LatitudeDegrees>58.63145935418078</LatitudeDegrees><LongitudeDegrees>59.81312035769626</LongitudeDegrees></Position></Trackpoint><Trackpoint><Time>2026-08-12T14:38:56.000Z</Time><Position><LatitudeDegrees>58.631469257205644</LatitudeDegrees><LongitudeDegrees>59.8131063501509</LongitudeDegrees></Position></Trackpoint><Trackpoint><Time>2026-08-12T14:38:56.000Z</Time><Position><LatitudeDegrees>58.63147927117019</LatitudeDegrees><LongitudeDegrees>59.81309228196059</LongitudeDegrees></Position></Trackpoint><Trackpoint><Time>2026-08-12T14:38:58.000Z</Time><Position><LatitudeDegrees>58.63148902476745</LatitudeDegrees><LongitudeDegrees>59.81307803598312</LongitudeDegrees></Position></Trackpoint><Trackpoint><Time>2026-08-12T14:38:59.000Z</Time><Position><LatitudeDegrees>58.6314993777198</LatitudeDegrees><LongitudeDegrees>59.813062607572896</LongitudeDegrees></Position></Trackpoint><Trackpoint><Time>2026-08-12T14:38:59.000Z</Time><Position><LatitudeDegrees>58.631510117552665</LatitudeDegrees><LongitudeDegrees>59.81304818279991</LongitudeDegrees></Position></Trackpoint><Trackpoint><Time>2026-08-12T14:39:00.000Z</Time><Position><LatitudeDegrees>58.63152012788516</LatitudeDegrees><LongitudeDegrees>59.813034064313506</LongitudeDegrees></Position></Trackpoint><Trackpoint><Time>2026-08-12T14:39:02.000Z</Time><Position><LatitudeDegrees>58.631529532195295</LatitudeDegrees><LongitudeDegrees>59.81301992561001</LongitudeDegrees></Position></Trackpoint><Trackpoint><Time>2026-08-12T14:39:02.000Z</Time><Position><LatitudeDegrees>58.63153894872809</LatitudeDegrees><LongitudeDegrees>59.81300612442977</LongitudeDegrees></Position></Trackpoint><Trackpoint><Time>2026-08-12T14:39:03.000Z</Time><Position><LatitudeDegrees>58.63154863052873</LatitudeDegrees><LongitudeDegrees>59.8129927647816</LongitudeDegrees></Position></Trackpoint><Trackpoint><Time>2026-08-12T14:39:05.000Z</Time><Position><LatitudeDegrees>58.63155913737352</LatitudeDegrees><LongitudeDegrees>59.81297885360858</LongitudeDegrees></Position></Trackpoint><Trackpoint><Time>2026-08-12T14:39:06.000Z</Time><Position><LatitudeDegrees>58.631570104293246</LatitudeDegrees><LongitudeDegrees>59.81296405272413</LongitudeDegrees></Position></Trackpoint><Trackpoint><Time>2026-08-12T14:39:06.000Z</Time><Position><LatitudeDegrees>58.631580832320864</LatitudeDegrees><LongitudeDegrees>59.81294882665549</LongitudeDegrees></Position></Trackpoint><Trackpoint><Time>2026-08-12T14:39:08.000Z</Time><Position><LatitudeDegrees>58.6315915538705</LatitudeDegrees><LongitudeDegrees>59.8129334212822</LongitudeDegrees></Position></Trackpoint><Trackpoint><Time>2026-08-12T14:39:08.000Z</Time><Position><LatitudeDegrees>58.63160236548948</LatitudeDegrees><LongitudeDegrees>59.81291747126853</LongitudeDegrees></Position></Trackpoint><Trackpoint><Time>2026-08-12T14:39:09.000Z</Time><Position><LatitudeDegrees>58.63161280576833</LatitudeDegrees><LongitudeDegrees>59.81290089606079</LongitudeDegrees></Position></Trackpoint><Trackpoint><Time>2026-08-12T14:39:11.000Z</Time><Position><LatitudeDegrees>58.6316232219548</LatitudeDegrees><LongitudeDegrees>59.8128832531164</LongitudeDegrees></Position></Trackpoint><Trackpoint><Time>2026-08-12T14:39:11.000Z</Time><Position><LatitudeDegrees>58.63163376014932</LatitudeDegrees><LongitudeDegrees>59.812865476445175</LongitudeDegrees></Position></Trackpoint><Trackpoint><Time>2026-08-12T14:39:13.000Z</Time><Position><LatitudeDegrees>58.63164446486137</LatitudeDegrees><LongitudeDegrees>59.81284845747776</LongitudeDegrees></Position></Trackpoint><Trackpoint><Time>2026-08-12T14:39:14.000Z</Time><Position><LatitudeDegrees>58.63165533304915</LatitudeDegrees><LongitudeDegrees>59.81283197647427</LongitudeDegrees></Position></Trackpoint><Trackpoint><Time>2026-08-12T14:39:15.000Z</Time><Position><LatitudeDegrees>58.63166585286749</LatitudeDegrees><LongitudeDegrees>59.81281636350226</LongitudeDegrees></Position></Trackpoint><Trackpoint><Time>2026-08-12T14:39:16.000Z</Time><Position><LatitudeDegrees>58.631676837455394</LatitudeDegrees><LongitudeDegrees>59.812801153473394</LongitudeDegrees></Position></Trackpoint><Trackpoint><Time>2026-08-12T14:39:17.000Z</Time><Position><LatitudeDegrees>58.63168758281691</LatitudeDegrees><LongitudeDegrees>59.812786103131664</LongitudeDegrees></Position></Trackpoint><Trackpoint><Time>2026-08-12T14:39:18.000Z</Time><Position><LatitudeDegrees>58.63169831933799</LatitudeDegrees><LongitudeDegrees>59.81277109180051</LongitudeDegrees></Position></Trackpoint><Trackpoint><Time>2026-08-12T14:39:19.000Z</Time><Position><LatitudeDegrees>58.631709632644544</LatitudeDegrees><LongitudeDegrees>59.812756064774376</LongitudeDegrees></Position></Trackpoint><Trackpoint><Time>2026-08-12T14:39:19.000Z</Time><Position><LatitudeDegrees>58.63172168988729</LatitudeDegrees><LongitudeDegrees>59.812742470369955</LongitudeDegrees></Position></Trackpoint><Trackpoint><Time>2026-08-12T14:39:21.000Z</Time><Position><LatitudeDegrees>58.63173495403202</LatitudeDegrees><LongitudeDegrees>59.8127297419563</LongitudeDegrees></Position></Trackpoint><Trackpoint><Time>2026-08-12T14:39:22.000Z</Time><Position><LatitudeDegrees>58.6317489712288</LatitudeDegrees><LongitudeDegrees>59.812717045416676</LongitudeDegrees></Position></Trackpoint><Trackpoint><Time>2026-08-12T14:39:23.000Z</Time><Position><LatitudeDegrees>58.631763457914026</LatitudeDegrees><LongitudeDegrees>59.812705991585474</LongitudeDegrees></Position></Trackpoint><Trackpoint><Time>2026-08-12T14:39:24.000Z</Time><Position><LatitudeDegrees>58.63177823704861</LatitudeDegrees><LongitudeDegrees>59.812695564187024</LongitudeDegrees></Position></Trackpoint><Trackpoint><Time>2026-08-12T14:39:25.000Z</Time><Position><LatitudeDegrees>58.63179270857589</LatitudeDegrees><LongitudeDegrees>59.81268575389404</LongitudeDegrees></Position></Trackpoint><Trackpoint><Time>2026-08-12T14:39:25.000Z</Time><Position><LatitudeDegrees>58.631806664853464</LatitudeDegrees><LongitudeDegrees>59.81267647766067</LongitudeDegrees></Position></Trackpoint><Trackpoint><Time>2026-08-12T14:39:26.000Z</Time><Position><LatitudeDegrees>58.63182008649879</LatitudeDegrees><LongitudeDegrees>59.812667143129524</LongitudeDegrees></Position></Trackpoint><Trackpoint><Time>2026-08-12T14:39:28.000Z</Time><Position><LatitudeDegrees>58.631832544538106</LatitudeDegrees><LongitudeDegrees>59.81265653460925</LongitudeDegrees></Position></Trackpoint><Trackpoint><Time>2026-08-12T14:39:28.000Z</Time><Position><LatitudeDegrees>58.63184447559371</LatitudeDegrees><LongitudeDegrees>59.812644314952195</LongitudeDegrees></Position></Trackpoint><Trackpoint><Time>2026-08-12T14:39:29.000Z</Time><Position><LatitudeDegrees>58.63185612711877</LatitudeDegrees><LongitudeDegrees>59.81263153131791</LongitudeDegrees></Position></Trackpoint><Trackpoint><Time>2026-08-12T14:39:31.000Z</Time><Position><LatitudeDegrees>58.6318676369001</LatitudeDegrees><LongitudeDegrees>59.812618197736626</LongitudeDegrees></Position></Trackpoint><Trackpoint><Time>2026-08-12T14:39:32.000Z</Time><Position><LatitudeDegrees>58.63188005909671</LatitudeDegrees><LongitudeDegrees>59.812604880181944</LongitudeDegrees></Position></Trackpoint><Trackpoint><Time>2026-08-12T14:39:33.000Z</Time><Position><LatitudeDegrees>58.631892731518086</LatitudeDegrees><LongitudeDegrees>59.81259083046244</LongitudeDegrees></Position></Trackpoint><Trackpoint><Time>2026-08-12T14:39:33.000Z</Time><Position><LatitudeDegrees>58.63190534933613</LatitudeDegrees><LongitudeDegrees>59.8125763240308</LongitudeDegrees></Position></Trackpoint><Trackpoint><Time>2026-08-12T14:39:35.000Z</Time><Position><LatitudeDegrees>58.63191877324194</LatitudeDegrees><LongitudeDegrees>59.812565449830885</LongitudeDegrees></Position></Trackpoint><Trackpoint><Time>2026-08-12T14:39:36.000Z</Time><Position><LatitudeDegrees>58.63193325423669</LatitudeDegrees><LongitudeDegrees>59.81255746719222</LongitudeDegrees></Position></Trackpoint><Trackpoint><Time>2026-08-12T14:39:37.000Z</Time><Position><LatitudeDegrees>58.63194778079402</LatitudeDegrees><LongitudeDegrees>59.812548762290774</LongitudeDegrees></Position></Trackpoint><Trackpoint><Time>2026-08-12T14:39:38.000Z</Time><Position><LatitudeDegrees>58.63196242009637</LatitudeDegrees><LongitudeDegrees>59.8125394083665</LongitudeDegrees></Position></Trackpoint><Trackpoint><Time>2026-08-12T14:39:38.000Z</Time><Position><LatitudeDegrees>58.63197620611982</LatitudeDegrees><LongitudeDegrees>59.81252951888313</LongitudeDegrees></Position></Trackpoint><Trackpoint><Time>2026-08-12T14:39:40.000Z</Time><Position><LatitudeDegrees>58.63198836092995</LatitudeDegrees><LongitudeDegrees>59.812516761253946</LongitudeDegrees></Position></Trackpoint><Trackpoint><Time>2026-08-12T14:39:41.000Z</Time><Position><LatitudeDegrees>58.6319992631218</LatitudeDegrees><LongitudeDegrees>59.812502011795964</LongitudeDegrees></Position></Trackpoint><Trackpoint><Time>2026-08-12T14:39:42.000Z</Time><Position><LatitudeDegrees>58.63200922938508</LatitudeDegrees><LongitudeDegrees>59.812485397443346</LongitudeDegrees></Position></Trackpoint><Trackpoint><Time>2026-08-12T14:39:43.000Z</Time><Position><LatitudeDegrees>58.63201899987883</LatitudeDegrees><LongitudeDegrees>59.81246769943885</LongitudeDegrees></Position></Trackpoint><Trackpoint><Time>2026-08-12T14:39:43.000Z</Time><Position><LatitudeDegrees>58.6320284149413</LatitudeDegrees><LongitudeDegrees>59.81244888899873</LongitudeDegrees></Position></Trackpoint><Trackpoint><Time>2026-08-12T14:39:45.000Z</Time><Position><LatitudeDegrees>58.63203794404817</LatitudeDegrees><LongitudeDegrees>59.81243007626957</LongitudeDegrees></Position></Trackpoint><Trackpoint><Time>2026-08-12T14:39:46.000Z</Time><Position><LatitudeDegrees>58.63204727629712</LatitudeDegrees><LongitudeDegrees>59.812412208351155</LongitudeDegrees></Position></Trackpoint><Trackpoint><Time>2026-08-12T14:39:46.000Z</Time><Position><LatitudeDegrees>58.632055819304014</LatitudeDegrees><LongitudeDegrees>59.812395064415114</LongitudeDegrees></Position></Trackpoint><Trackpoint><Time>2026-08-12T14:39:48.000Z</Time><Position><LatitudeDegrees>58.63206392001394</LatitudeDegrees><LongitudeDegrees>59.812378460594914</LongitudeDegrees></Position></Trackpoint><Trackpoint><Time>2026-08-12T14:39:48.000Z</Time><Position><LatitudeDegrees>58.63207128846799</LatitudeDegrees><LongitudeDegrees>59.812361762234524</LongitudeDegrees></Position></Trackpoint><Trackpoint><Time>2026-08-12T14:39:50.000Z</Time><Position><LatitudeDegrees>58.63207936806721</LatitudeDegrees><LongitudeDegrees>59.81234569931675</LongitudeDegrees></Position></Trackpoint><Trackpoint><Time>2026-08-12T14:39:51.000Z</Time><Position><LatitudeDegrees>58.63208817236725</LatitudeDegrees><LongitudeDegrees>59.81233049091476</LongitudeDegrees></Position></Trackpoint><Trackpoint><Time>2026-08-12T14:39:51.000Z</Time><Position><LatitudeDegrees>58.63209810354715</LatitudeDegrees><LongitudeDegrees>59.812316117574376</LongitudeDegrees></Position></Trackpoint><Trackpoint><Time>2026-08-12T14:39:53.000Z</Time><Position><LatitudeDegrees>58.632108692993704</LatitudeDegrees><LongitudeDegrees>59.81230197449421</LongitudeDegrees></Position></Trackpoint><Trackpoint><Time>2026-08-12T14:39:54.000Z</Time><Position><LatitudeDegrees>58.63212015283946</LatitudeDegrees><LongitudeDegrees>59.81228778304334</LongitudeDegrees></Position></Trackpoint><Trackpoint><Time>2026-08-12T14:39:55.000Z</Time><Position><LatitudeDegrees>58.63213196912264</LatitudeDegrees><LongitudeDegrees>59.812272945069935</LongitudeDegrees></Position></Trackpoint><Trackpoint><Time>2026-08-12T14:39:56.000Z</Time><Position><LatitudeDegrees>58.63214388442844</LatitudeDegrees><LongitudeDegrees>59.81225778682594</LongitudeDegrees></Position></Trackpoint><Trackpoint><Time>2026-08-12T14:39:57.000Z</Time><Position><LatitudeDegrees>58.632155290424826</LatitudeDegrees><LongitudeDegrees>59.81224248377902</LongitudeDegrees></Position></Trackpoint><Trackpoint><Time>2026-08-12T14:39:58.000Z</Time><Position><LatitudeDegrees>58.632166001949486</LatitudeDegrees><LongitudeDegrees>59.81222712677787</LongitudeDegrees></Position></Trackpoint><Trackpoint><Time>2026-08-12T14:39:59.000Z</Time><Position><LatitudeDegrees>58.63217701110203</LatitudeDegrees><LongitudeDegrees>59.812211270551316</LongitudeDegrees></Position></Trackpoint><Trackpoint><Time>2026-08-12T14:39:59.000Z</Time><Position><LatitudeDegrees>58.632187709040835</LatitudeDegrees><LongitudeDegrees>59.812196754239146</LongitudeDegrees></Position></Trackpoint><Trackpoint><Time>2026-08-12T14:40:01.000Z</Time><Position><LatitudeDegrees>58.632197884968434</LatitudeDegrees><LongitudeDegrees>59.81218318406324</LongitudeDegrees></Position></Trackpoint><Trackpoint><Time>2026-08-12T14:40:01.000Z</Time><Position><LatitudeDegrees>58.63220751907075</LatitudeDegrees><LongitudeDegrees>59.81217027641747</LongitudeDegrees></Position></Trackpoint><Trackpoint><Time>2026-08-12T14:40:03.000Z</Time><Position><LatitudeDegrees>58.63221667273013</LatitudeDegrees><LongitudeDegrees>59.812156360636784</LongitudeDegrees></Position></Trackpoint><Trackpoint><Time>2026-08-12T14:40:04.000Z</Time><Position><LatitudeDegrees>58.63222592250062</LatitudeDegrees><LongitudeDegrees>59.81214234691005</LongitudeDegrees></Position></Trackpoint><Trackpoint><Time>2026-08-12T14:40:05.000Z</Time><Position><LatitudeDegrees>58.632235003880076</LatitudeDegrees><LongitudeDegrees>59.812127643433385</LongitudeDegrees></Position></Trackpoint><Trackpoint><Time>2026-08-12T14:40:05.000Z</Time><Position><LatitudeDegrees>58.63224431916104</LatitudeDegrees><LongitudeDegrees>59.81211307423181</LongitudeDegrees></Position></Trackpoint><Trackpoint><Time>2026-08-12T14:40:06.000Z</Time><Position><LatitudeDegrees>58.63225351438947</LatitudeDegrees><LongitudeDegrees>59.8120989614323</LongitudeDegrees></Position></Trackpoint><Trackpoint><Time>2026-08-12T14:40:08.000Z</Time><Position><LatitudeDegrees>58.63226343842509</LatitudeDegrees><LongitudeDegrees>59.812085379118976</LongitudeDegrees></Position></Trackpoint><Trackpoint><Time>2026-08-12T14:40:09.000Z</Time><Position><LatitudeDegrees>58.63227336809411</LatitudeDegrees><LongitudeDegrees>59.812071800104434</LongitudeDegrees></Position></Trackpoint><Trackpoint><Time>2026-08-12T14:40:10.000Z</Time><Position><LatitudeDegrees>58.6322830048464</LatitudeDegrees><LongitudeDegrees>59.812058496462534</LongitudeDegrees></Position></Trackpoint><Trackpoint><Time>2026-08-12T14:40:11.000Z</Time><Position><LatitudeDegrees>58.63229324254572</LatitudeDegrees><LongitudeDegrees>59.81204554489872</LongitudeDegrees></Position></Trackpoint><Trackpoint><Time>2026-08-12T14:40:11.000Z</Time><Position><LatitudeDegrees>58.63230388257372</LatitudeDegrees><LongitudeDegrees>59.81203293181415</LongitudeDegrees></Position></Trackpoint><Trackpoint><Time>2026-08-12T14:40:13.000Z</Time><Position><LatitudeDegrees>58.63231528110508</LatitudeDegrees><LongitudeDegrees>59.81201962894384</LongitudeDegrees></Position></Trackpoint><Trackpoint><Time>2026-08-12T14:40:13.000Z</Time><Position><LatitudeDegrees>58.63232699786102</LatitudeDegrees><LongitudeDegrees>59.81200579095754</LongitudeDegrees></Position></Trackpoint><Trackpoint><Time>2026-08-12T14:40:15.000Z</Time><Position><LatitudeDegrees>58.63233881067643</LatitudeDegrees><LongitudeDegrees>59.81199155023476</LongitudeDegrees></Position></Trackpoint><Trackpoint><Time>2026-08-12T14:40:16.000Z</Time><Position><LatitudeDegrees>58.63235061572721</LatitudeDegrees><LongitudeDegrees>59.81197652337377</LongitudeDegrees></Position></Trackpoint><Trackpoint><Time>2026-08-12T14:40:16.000Z</Time><Position><LatitudeDegrees>58.632362860862344</LatitudeDegrees><LongitudeDegrees>59.811960163766</LongitudeDegrees></Position></Trackpoint><Trackpoint><Time>2026-08-12T14:40:17.000Z</Time><Position><LatitudeDegrees>58.63237567403681</LatitudeDegrees><LongitudeDegrees>59.81194290696646</LongitudeDegrees></Position></Trackpoint><Trackpoint><Time>2026-08-12T14:40:18.000Z</Time><Position><LatitudeDegrees>58.63238854542912</LatitudeDegrees><LongitudeDegrees>59.811925047504424</LongitudeDegrees></Position></Trackpoint><Trackpoint><Time>2026-08-12T14:40:19.000Z</Time><Position><LatitudeDegrees>58.63240125760563</LatitudeDegrees><LongitudeDegrees>59.81190776324894</LongitudeDegrees></Position></Trackpoint><Trackpoint><Time>2026-08-12T14:40:20.000Z</Time><Position><LatitudeDegrees>58.632413741455</LatitudeDegrees><LongitudeDegrees>59.811891465458864</LongitudeDegrees></Position></Trackpoint><Trackpoint><Time>2026-08-12T14:40:21.000Z</Time><Position><LatitudeDegrees>58.632425508209714</LatitudeDegrees><LongitudeDegrees>59.81187570728234</LongitudeDegrees></Position></Trackpoint><Trackpoint><Time>2026-08-12T14:40:23.000Z</Time><Position><LatitudeDegrees>58.63243693822764</LatitudeDegrees><LongitudeDegrees>59.81186072504292</LongitudeDegrees></Position></Trackpoint><Trackpoint><Time>2026-08-12T14:40:24.000Z</Time><Position><LatitudeDegrees>58.632448231372486</LatitudeDegrees><LongitudeDegrees>59.8118474956974</LongitudeDegrees></Position></Trackpoint><Trackpoint><Time>2026-08-12T14:40:24.000Z</Time><Position><LatitudeDegrees>58.63245997713287</LatitudeDegrees><LongitudeDegrees>59.81183668621851</LongitudeDegrees></Position></Trackpoint><Trackpoint><Time>2026-08-12T14:40:26.000Z</Time><Position><LatitudeDegrees>58.63247187057671</LatitudeDegrees><LongitudeDegrees>59.8118267918698</LongitudeDegrees></Position></Trackpoint><Trackpoint><Time>2026-08-12T14:40:26.000Z</Time><Position><LatitudeDegrees>58.632483277557256</LatitudeDegrees><LongitudeDegrees>59.81181658588441</LongitudeDegrees></Position></Trackpoint><Trackpoint><Time>2026-08-12T14:40:27.000Z</Time><Position><LatitudeDegrees>58.63249448895917</LatitudeDegrees><LongitudeDegrees>59.81180560303694</LongitudeDegrees></Position></Trackpoint><Trackpoint><Time>2026-08-12T14:40:28.000Z</Time><Position><LatitudeDegrees>58.632505160070046</LatitudeDegrees><LongitudeDegrees>59.81179277221989</LongitudeDegrees></Position></Trackpoint><Trackpoint><Time>2026-08-12T14:40:29.000Z</Time><Position><LatitudeDegrees>58.63251619749261</LatitudeDegrees><LongitudeDegrees>59.81177739988895</LongitudeDegrees></Position></Trackpoint><Trackpoint><Time>2026-08-12T14:40:31.000Z</Time><Position><LatitudeDegrees>58.632527437969934</LatitudeDegrees><LongitudeDegrees>59.811761485061396</LongitudeDegrees></Position></Trackpoint><Trackpoint><Time>2026-08-12T14:40:31.000Z</Time><Position><LatitudeDegrees>58.63253878820558</LatitudeDegrees><LongitudeDegrees>59.81174543101718</LongitudeDegrees></Position></Trackpoint><Trackpoint><Time>2026-08-12T14:40:33.000Z</Time><Position><LatitudeDegrees>58.63254921646842</LatitudeDegrees><LongitudeDegrees>59.811728932098084</LongitudeDegrees></Position></Trackpoint><Trackpoint><Time>2026-08-12T14:40:33.000Z</Time><Position><LatitudeDegrees>58.632559395412216</LatitudeDegrees><LongitudeDegrees>59.81171142991225</LongitudeDegrees></Position></Trackpoint><Trackpoint><Time>2026-08-12T14:40:34.000Z</Time><Position><LatitudeDegrees>58.63256865483672</LatitudeDegrees><LongitudeDegrees>59.81169331287368</LongitudeDegrees></Position></Trackpoint><Trackpoint><Time>2026-08-12T14:40:35.000Z</Time><Position><LatitudeDegrees>58.632577326360625</LatitudeDegrees><LongitudeDegrees>59.81167579908086</LongitudeDegrees></Position></Trackpoint><Trackpoint><Time>2026-08-12T14:40:36.000Z</Time><Position><LatitudeDegrees>58.63258611162236</LatitudeDegrees><LongitudeDegrees>59.8116593127617</LongitudeDegrees></Position></Trackpoint><Trackpoint><Time>2026-08-12T14:40:38.000Z</Time><Position><LatitudeDegrees>58.63259479537131</LatitudeDegrees><LongitudeDegrees>59.81164340714208</LongitudeDegrees></Position></Trackpoint><Trackpoint><Time>2026-08-12T14:40:39.000Z</Time><Position><LatitudeDegrees>58.63260379159975</LatitudeDegrees><LongitudeDegrees>59.81162831330424</LongitudeDegrees></Position></Trackpoint><Trackpoint><Time>2026-08-12T14:40:39.000Z</Time><Position><LatitudeDegrees>58.63261274108659</LatitudeDegrees><LongitudeDegrees>59.811612553392735</LongitudeDegrees></Position></Trackpoint><Trackpoint><Time>2026-08-12T14:40:41.000Z</Time><Position><LatitudeDegrees>58.63262101228121</LatitudeDegrees><LongitudeDegrees>59.81159511465633</LongitudeDegrees></Position></Trackpoint><Trackpoint><Time>2026-08-12T14:40:42.000Z</Time><Position><LatitudeDegrees>58.63262696331594</LatitudeDegrees><LongitudeDegrees>59.81157677470616</LongitudeDegrees></Position></Trackpoint><Trackpoint><Time>2026-08-12T14:40:42.000Z</Time><Position><LatitudeDegrees>58.632630705414535</LatitudeDegrees><LongitudeDegrees>59.811557969457866</LongitudeDegrees></Position></Trackpoint><Trackpoint><Time>2026-08-12T14:40:43.000Z</Time><Position><LatitudeDegrees>58.63263207828564</LatitudeDegrees><LongitudeDegrees>59.81153893815634</LongitudeDegrees></Position></Trackpoint><Trackpoint><Time>2026-08-12T14:40:45.000Z</Time><Position><LatitudeDegrees>58.63263132000269</LatitudeDegrees><LongitudeDegrees>59.81151882912296</LongitudeDegrees></Position></Trackpoint><Trackpoint><Time>2026-08-12T14:40:46.000Z</Time><Position><LatitudeDegrees>58.63262880214266</LatitudeDegrees><LongitudeDegrees>59.81149840915456</LongitudeDegrees></Position></Trackpoint><Trackpoint><Time>2026-08-12T14:40:47.000Z</Time><Position><LatitudeDegrees>58.63262539318303</LatitudeDegrees><LongitudeDegrees>59.811477054730446</LongitudeDegrees></Position></Trackpoint><Trackpoint><Time>2026-08-12T14:40:48.000Z</Time><Position><LatitudeDegrees>58.632622544384276</LatitudeDegrees><LongitudeDegrees>59.81145462899998</LongitudeDegrees></Position></Trackpoint><Trackpoint><Time>2026-08-12T14:40:48.000Z</Time><Position><LatitudeDegrees>58.63262029191747</LatitudeDegrees><LongitudeDegrees>59.81143121310406</LongitudeDegrees></Position></Trackpoint><Trackpoint><Time>2026-08-12T14:40:49.000Z</Time><Position><LatitudeDegrees>58.63261906375137</LatitudeDegrees><LongitudeDegrees>59.81140794676668</LongitudeDegrees></Position></Trackpoint><Trackpoint><Time>2026-08-12T14:40:51.000Z</Time><Position><LatitudeDegrees>58.63261890467033</LatitudeDegrees><LongitudeDegrees>59.8113857697792</LongitudeDegrees></Position></Trackpoint><Trackpoint><Time>2026-08-12T14:40:51.000Z</Time><Position><LatitudeDegrees>58.632619695902605</LatitudeDegrees><LongitudeDegrees>59.811365418973246</LongitudeDegrees></Position></Trackpoint><Trackpoint><Time>2026-08-12T14:40:52.000Z</Time><Position><LatitudeDegrees>58.6326227353946</LatitudeDegrees><LongitudeDegrees>59.81134696341302</LongitudeDegrees></Position></Trackpoint><Trackpoint><Time>2026-08-12T14:40:54.000Z</Time><Position><LatitudeDegrees>58.6326282691232</LatitudeDegrees><LongitudeDegrees>59.81133116751079</LongitudeDegrees></Position></Trackpoint><Trackpoint><Time>2026-08-12T14:40:54.000Z</Time><Position><LatitudeDegrees>58.63263558864779</LatitudeDegrees><LongitudeDegrees>59.811317515103305</LongitudeDegrees></Position></Trackpoint><Trackpoint><Time>2026-08-12T14:40:56.000Z</Time><Position><LatitudeDegrees>58.63264417300466</LatitudeDegrees><LongitudeDegrees>59.81130453928179</LongitudeDegrees></Position></Trackpoint><Trackpoint><Time>2026-08-12T14:40:56.000Z</Time><Position><LatitudeDegrees>58.632654134914915</LatitudeDegrees><LongitudeDegrees>59.81129301791738</LongitudeDegrees></Position></Trackpoint><Trackpoint><Time>2026-08-12T14:40:57.000Z</Time><Position><LatitudeDegrees>58.63266534399397</LatitudeDegrees><LongitudeDegrees>59.81128210546472</LongitudeDegrees></Position></Trackpoint><Trackpoint><Time>2026-08-12T14:40:58.000Z</Time><Position><LatitudeDegrees>58.63267660725163</LatitudeDegrees><LongitudeDegrees>59.81127137554715</LongitudeDegrees></Position></Trackpoint><Trackpoint><Time>2026-08-12T14:41:00.000Z</Time><Position><LatitudeDegrees>58.63268742642102</LatitudeDegrees><LongitudeDegrees>59.811260139529814</LongitudeDegrees></Position></Trackpoint><Trackpoint><Time>2026-08-12T14:41:00.000Z</Time><Position><LatitudeDegrees>58.6326981429079</LatitudeDegrees><LongitudeDegrees>59.811247199545825</LongitudeDegrees></Position></Trackpoint><Trackpoint><Time>2026-08-12T14:41:01.000Z</Time><Position><LatitudeDegrees>58.63270842088306</LatitudeDegrees><LongitudeDegrees>59.811232770585804</LongitudeDegrees></Position></Trackpoint><Trackpoint><Time>2026-08-12T14:41:03.000Z</Time><Position><LatitudeDegrees>58.63271866793379</LatitudeDegrees><LongitudeDegrees>59.81121811151911</LongitudeDegrees></Position></Trackpoint><Trackpoint><Time>2026-08-12T14:41:04.000Z</Time><Position><LatitudeDegrees>58.632729055887204</LatitudeDegrees><LongitudeDegrees>59.811203280713364</LongitudeDegrees></Position></Trackpoint><Trackpoint><Time>2026-08-12T14:41:04.000Z</Time><Position><LatitudeDegrees>58.63273914781219</LatitudeDegrees><LongitudeDegrees>59.81118783463812</LongitudeDegrees></Position></Trackpoint><Trackpoint><Time>2026-08-12T14:41:05.000Z</Time><Position><LatitudeDegrees>58.63274929137136</LatitudeDegrees><LongitudeDegrees>59.811171179991035</LongitudeDegrees></Position></Trackpoint><Trackpoint><Time>2026-08-12T14:41:06.000Z</Time><Position><LatitudeDegrees>58.632759623116605</LatitudeDegrees><LongitudeDegrees>59.811153717159414</LongitudeDegrees></Position></Trackpoint><Trackpoint><Time>2026-08-12T14:41:08.000Z</Time><Position><LatitudeDegrees>58.63276968552053</LatitudeDegrees><LongitudeDegrees>59.81113620437597</LongitudeDegrees></Position></Trackpoint><Trackpoint><Time>2026-08-12T14:41:08.000Z</Time><Position><LatitudeDegrees>58.632779324727636</LatitudeDegrees><LongitudeDegrees>59.81111896031747</LongitudeDegrees></Position></Trackpoint><Trackpoint><Time>2026-08-12T14:41:09.000Z</Time><Position><LatitudeDegrees>58.63278804208117</LatitudeDegrees><LongitudeDegrees>59.81110159212457</LongitudeDegrees></Position></Trackpoint><Trackpoint><Time>2026-08-12T14:41:11.000Z</Time><Position><LatitudeDegrees>58.63279672975738</LatitudeDegrees><LongitudeDegrees>59.811083464326536</LongitudeDegrees></Position></Trackpoint><Trackpoint><Time>2026-08-12T14:41:11.000Z</Time><Position><LatitudeDegrees>58.63280575899325</LatitudeDegrees><LongitudeDegrees>59.81106490232012</LongitudeDegrees></Position></Trackpoint><Trackpoint><Time>2026-08-12T14:41:12.000Z</Time><Position><LatitudeDegrees>58.632814749227265</LatitudeDegrees><LongitudeDegrees>59.81104658545515</LongitudeDegrees></Position></Trackpoint><Trackpoint><Time>2026-08-12T14:41:14.000Z</Time><Position><LatitudeDegrees>58.63282354873732</LatitudeDegrees><LongitudeDegrees>59.81102876204702</LongitudeDegrees></Position></Trackpoint><Trackpoint><Time>2026-08-12T14:41:14.000Z</Time><Position><LatitudeDegrees>58.63283211951834</LatitudeDegrees><LongitudeDegrees>59.811010491804616</LongitudeDegrees></Position></Trackpoint><Trackpoint><Time>2026-08-12T14:41:16.000Z</Time><Position><LatitudeDegrees>58.632839985664965</LatitudeDegrees><LongitudeDegrees>59.81099193444581</LongitudeDegrees></Position></Trackpoint><Trackpoint><Time>2026-08-12T14:41:16.000Z</Time><Position><LatitudeDegrees>58.632847531232876</LatitudeDegrees><LongitudeDegrees>59.81097466143056</LongitudeDegrees></Position></Trackpoint><Trackpoint><Time>2026-08-12T14:41:18.000Z</Time><Position><LatitudeDegrees>58.63285544514542</LatitudeDegrees><LongitudeDegrees>59.81095817587371</LongitudeDegrees></Position></Trackpoint><Trackpoint><Time>2026-08-12T14:41:19.000Z</Time><Position><LatitudeDegrees>58.632863963847726</LatitudeDegrees><LongitudeDegrees>59.810941682461646</LongitudeDegrees></Position></Trackpoint><Trackpoint><Time>2026-08-12T14:41:19.000Z</Time><Position><LatitudeDegrees>58.63287310709194</LatitudeDegrees><LongitudeDegrees>59.81092534427654</LongitudeDegrees></Position></Trackpoint><Trackpoint><Time>2026-08-12T14:41:20.000Z</Time><Position><LatitudeDegrees>58.63288231324302</LatitudeDegrees><LongitudeDegrees>59.8109087189473</LongitudeDegrees></Position></Trackpoint><Trackpoint><Time>2026-08-12T14:41:21.000Z</Time><Position><LatitudeDegrees>58.63289183253755</LatitudeDegrees><LongitudeDegrees>59.81089117153466</LongitudeDegrees></Position></Trackpoint><Trackpoint><Time>2026-08-12T14:41:23.000Z</Time><Position><LatitudeDegrees>58.632901238229195</LatitudeDegrees><LongitudeDegrees>59.81087353811869</LongitudeDegrees></Position></Trackpoint><Trackpoint><Time>2026-08-12T14:41:24.000Z</Time><Position><LatitudeDegrees>58.63291085876095</LatitudeDegrees><LongitudeDegrees>59.81085568445284</LongitudeDegrees></Position></Trackpoint><Trackpoint><Time>2026-08-12T14:41:25.000Z</Time><Position><LatitudeDegrees>58.63291933299035</LatitudeDegrees><LongitudeDegrees>59.810837093908006</LongitudeDegrees></Position></Trackpoint><Trackpoint><Time>2026-08-12T14:41:26.000Z</Time><Position><LatitudeDegrees>58.63292722670093</LatitudeDegrees><LongitudeDegrees>59.81081764829641</LongitudeDegrees></Position></Trackpoint><Trackpoint><Time>2026-08-12T14:41:26.000Z</Time><Position><LatitudeDegrees>58.632935826631176</LatitudeDegrees><LongitudeDegrees>59.81079887752276</LongitudeDegrees></Position></Trackpoint><Trackpoint><Time>2026-08-12T14:41:28.000Z</Time><Position><LatitudeDegrees>58.63294459283944</LatitudeDegrees><LongitudeDegrees>59.81078181464902</LongitudeDegrees></Position></Trackpoint><Trackpoint><Time>2026-08-12T14:41:28.000Z</Time><Position><LatitudeDegrees>58.6329527920076</LatitudeDegrees><LongitudeDegrees>59.81076568669695</LongitudeDegrees></Position></Trackpoint><Trackpoint><Time>2026-08-12T14:41:29.000Z</Time><Position><LatitudeDegrees>58.63296117413077</LatitudeDegrees><LongitudeDegrees>59.81074956572195</LongitudeDegrees></Position></Trackpoint><Trackpoint><Time>2026-08-12T14:41:30.000Z</Time><Position><LatitudeDegrees>58.632970024599956</LatitudeDegrees><LongitudeDegrees>59.81073404789121</LongitudeDegrees></Position></Trackpoint><Trackpoint><Time>2026-08-12T14:41:32.000Z</Time><Position><LatitudeDegrees>58.6329798904478</LatitudeDegrees><LongitudeDegrees>59.810718811703</LongitudeDegrees></Position></Trackpoint><Trackpoint><Time>2026-08-12T14:41:33.000Z</Time><Position><LatitudeDegrees>58.63299037702766</LatitudeDegrees><LongitudeDegrees>59.81070368860379</LongitudeDegrees></Position></Trackpoint><Trackpoint><Time>2026-08-12T14:41:34.000Z</Time><Position><LatitudeDegrees>58.63300124214087</LatitudeDegrees><LongitudeDegrees>59.81069006349467</LongitudeDegrees></Position></Trackpoint><Trackpoint><Time>2026-08-12T14:41:34.000Z</Time><Position><LatitudeDegrees>58.63301135823652</LatitudeDegrees><LongitudeDegrees>59.81067782484871</LongitudeDegrees></Position></Trackpoint><Trackpoint><Time>2026-08-12T14:41:35.000Z</Time><Position><LatitudeDegrees>58.63302035708683</LatitudeDegrees><LongitudeDegrees>59.81066625917434</LongitudeDegrees></Position></Trackpoint><Trackpoint><Time>2026-08-12T14:41:37.000Z</Time><Position><LatitudeDegrees>58.63302823044005</LatitudeDegrees><LongitudeDegrees>59.810654496646436</LongitudeDegrees></Position></Trackpoint><Trackpoint><Time>2026-08-12T14:41:37.000Z</Time><Position><LatitudeDegrees>58.63303658818554</LatitudeDegrees><LongitudeDegrees>59.810642204307854</LongitudeDegrees></Position></Trackpoint><Trackpoint><Time>2026-08-12T14:41:38.000Z</Time><Position><LatitudeDegrees>58.6330455415478</LatitudeDegrees><LongitudeDegrees>59.8106283338149</LongitudeDegrees></Position></Trackpoint><Trackpoint><Time>2026-08-12T14:41:39.000Z</Time><Position><LatitudeDegrees>58.633055549496895</LatitudeDegrees><LongitudeDegrees>59.810613635199644</LongitudeDegrees></Position></Trackpoint><Trackpoint><Time>2026-08-12T14:41:40.000Z</Time><Position><LatitudeDegrees>58.63306617608676</LatitudeDegrees><LongitudeDegrees>59.810598523638554</LongitudeDegrees></Position></Trackpoint><Trackpoint><Time>2026-08-12T14:41:42.000Z</Time><Position><LatitudeDegrees>58.63307716237865</LatitudeDegrees><LongitudeDegrees>59.810582733505484</LongitudeDegrees></Position></Trackpoint><Trackpoint><Time>2026-08-12T14:41:43.000Z</Time><Position><LatitudeDegrees>58.63308786595514</LatitudeDegrees><LongitudeDegrees>59.810565752889815</LongitudeDegrees></Position></Trackpoint><Trackpoint><Time>2026-08-12T14:41:43.000Z</Time><Position><LatitudeDegrees>58.6330980585334</LatitudeDegrees><LongitudeDegrees>59.810548502987544</LongitudeDegrees></Position></Trackpoint><Trackpoint><Time>2026-08-12T14:41:44.000Z</Time><Position><LatitudeDegrees>58.633108201295414</LatitudeDegrees><LongitudeDegrees>59.81053090812982</LongitudeDegrees></Position></Trackpoint><Trackpoint><Time>2026-08-12T14:41:46.000Z</Time><Position><LatitudeDegrees>58.63311800095453</LatitudeDegrees><LongitudeDegrees>59.81051298142819</LongitudeDegrees></Position></Trackpoint><Trackpoint><Time>2026-08-12T14:41:47.000Z</Time><Position><LatitudeDegrees>58.63312640154102</LatitudeDegrees><LongitudeDegrees>59.8104947708741</LongitudeDegrees></Position></Trackpoint><Trackpoint><Time>2026-08-12T14:41:48.000Z</Time><Position><LatitudeDegrees>58.63313314774019</LatitudeDegrees><LongitudeDegrees>59.81047584305343</LongitudeDegrees></Position></Trackpoint><Trackpoint><Time>2026-08-12T14:41:49.000Z</Time><Position><LatitudeDegrees>58.63313932596427</LatitudeDegrees><LongitudeDegrees>59.81045709075312</LongitudeDegrees></Position></Trackpoint><Trackpoint><Time>2026-08-12T14:41:49.000Z</Time><Position><LatitudeDegrees>58.63314447731157</LatitudeDegrees><LongitudeDegrees>59.81043934873544</LongitudeDegrees></Position></Trackpoint><Trackpoint><Time>2026-08-12T14:41:50.000Z</Time><Position><LatitudeDegrees>58.633149034199754</LatitudeDegrees><LongitudeDegrees>59.8104228311151</LongitudeDegrees></Position></Trackpoint><Trackpoint><Time>2026-08-12T14:41:52.000Z</Time><Position><LatitudeDegrees>58.633153740621395</LatitudeDegrees><LongitudeDegrees>59.810407468922115</LongitudeDegrees></Position></Trackpoint><Trackpoint><Time>2026-08-12T14:41:53.000Z</Time><Position><LatitudeDegrees>58.63315839417442</LatitudeDegrees><LongitudeDegrees>59.810394064676245</LongitudeDegrees></Position></Trackpoint><Trackpoint><Time>2026-08-12T14:41:54.000Z</Time><Position><LatitudeDegrees>58.63316340789914</LatitudeDegrees><LongitudeDegrees>59.81038269758233</LongitudeDegrees></Position></Trackpoint><Trackpoint><Time>2026-08-12T14:41:54.000Z</Time><Position><LatitudeDegrees>58.63316841606122</LatitudeDegrees><LongitudeDegrees>59.81037215957296</LongitudeDegrees></Position></Trackpoint><Trackpoint><Time>2026-08-12T14:41:55.000Z</Time><Position><LatitudeDegrees>58.633174247974246</LatitudeDegrees><LongitudeDegrees>59.81036282593519</LongitudeDegrees></Position></Trackpoint><Trackpoint><Time>2026-08-12T14:41:57.000Z</Time><Position><LatitudeDegrees>58.63318064983942</LatitudeDegrees><LongitudeDegrees>59.81035371742422</LongitudeDegrees></Position></Trackpoint><Trackpoint><Time>2026-08-12T14:41:57.000Z</Time><Position><LatitudeDegrees>58.63318842320266</LatitudeDegrees><LongitudeDegrees>59.810344401859716</LongitudeDegrees></Position></Trackpoint><Trackpoint><Time>2026-08-12T14:41:58.000Z</Time><Position><LatitudeDegrees>58.63319674291638</LatitudeDegrees><LongitudeDegrees>59.8103347278304</LongitudeDegrees></Position></Trackpoint><Trackpoint><Time>2026-08-12T14:41:59.000Z</Time><Position><LatitudeDegrees>58.633206178255264</LatitudeDegrees><LongitudeDegrees>59.81032369976725</LongitudeDegrees></Position></Trackpoint><Trackpoint><Time>2026-08-12T14:42:00.000Z</Time><Position><LatitudeDegrees>58.633216820476804</LatitudeDegrees><LongitudeDegrees>59.810312550281786</LongitudeDegrees></Position></Trackpoint><Trackpoint><Time>2026-08-12T14:42:01.000Z</Time><Position><LatitudeDegrees>58.6332280626517</LatitudeDegrees><LongitudeDegrees>59.8103018025889</LongitudeDegrees></Position></Trackpoint><Trackpoint><Time>2026-08-12T14:42:03.000Z</Time><Position><LatitudeDegrees>58.633239088212505</LatitudeDegrees><LongitudeDegrees>59.81029113098586</LongitudeDegrees></Position></Trackpoint><Trackpoint><Time>2026-08-12T14:42:03.000Z</Time><Position><LatitudeDegrees>58.633250078282224</LatitudeDegrees><LongitudeDegrees>59.81028039157138</LongitudeDegrees></Position></Trackpoint><Trackpoint><Time>2026-08-12T14:42:04.000Z</Time><Position><LatitudeDegrees>58.633260132787335</LatitudeDegrees><LongitudeDegrees>59.810269044175016</LongitudeDegrees></Position></Trackpoint><Trackpoint><Time>2026-08-12T14:42:05.000Z</Time><Position><LatitudeDegrees>58.63326802190462</LatitudeDegrees><LongitudeDegrees>59.810257433980716</LongitudeDegrees></Position></Trackpoint><Trackpoint><Time>2026-08-12T14:42:06.000Z</Time><Position><LatitudeDegrees>58.633274006686726</LatitudeDegrees><LongitudeDegrees>59.810244757655234</LongitudeDegrees></Position></Trackpoint><Trackpoint><Time>2026-08-12T14:42:08.000Z</Time><Position><LatitudeDegrees>58.63327892867299</LatitudeDegrees><LongitudeDegrees>59.81023033158485</LongitudeDegrees></Position></Trackpoint><Trackpoint><Time>2026-08-12T14:42:08.000Z</Time><Position><LatitudeDegrees>58.63328229162439</LatitudeDegrees><LongitudeDegrees>59.810215567643596</LongitudeDegrees></Position></Trackpoint><Trackpoint><Time>2026-08-12T14:42:09.000Z</Time><Position><LatitudeDegrees>58.63328507049414</LatitudeDegrees><LongitudeDegrees>59.81020060104289</LongitudeDegrees></Position></Trackpoint><Trackpoint><Time>2026-08-12T14:42:10.000Z</Time><Position><LatitudeDegrees>58.63328774176648</LatitudeDegrees><LongitudeDegrees>59.81018796153142</LongitudeDegrees></Position></Trackpoint><Trackpoint><Time>2026-08-12T14:42:11.000Z</Time><Position><LatitudeDegrees>58.633289046651626</LatitudeDegrees><LongitudeDegrees>59.81018084031878</LongitudeDegrees></Position></Trackpoint><Trackpoint><Time>2026-08-12T14:42:12.000Z</Time><Position><LatitudeDegrees>58.63328864211169</LatitudeDegrees><LongitudeDegrees>59.810179353775574</LongitudeDegrees></Position></Trackpoint><Trackpoint><Time>2026-08-12T14:42:13.000Z</Time><Position><LatitudeDegrees>58.63328758549558</LatitudeDegrees><LongitudeDegrees>59.81018086818333</LongitudeDegrees></Position></Trackpoint><Trackpoint><Time>2026-08-12T14:42:14.000Z</Time><Position><LatitudeDegrees>58.6332854167266</LatitudeDegrees><LongitudeDegrees>59.81018391372144</LongitudeDegrees></Position></Trackpoint><Trackpoint><Time>2026-08-12T14:42:15.000Z</Time><Position><LatitudeDegrees>58.63328502673667</LatitudeDegrees><LongitudeDegrees>59.810185730108024</LongitudeDegrees></Position></Trackpoint><Trackpoint><Time>2026-08-12T14:42:16.000Z</Time><Position><LatitudeDegrees>58.63328688819375</LatitudeDegrees><LongitudeDegrees>59.8101853383267</LongitudeDegrees></Position></Trackpoint><Trackpoint><Time>2026-08-12T14:42:17.000Z</Time><Position><LatitudeDegrees>58.63329188600968</LatitudeDegrees><LongitudeDegrees>59.810181639379635</LongitudeDegrees></Position></Trackpoint><Trackpoint><Time>2026-08-12T14:42:18.000Z</Time><Position><LatitudeDegrees>58.633298513241904</LatitudeDegrees><LongitudeDegrees>59.810176073964456</LongitudeDegrees></Position></Trackpoint><Trackpoint><Time>2026-08-12T14:42:19.000Z</Time><Position><LatitudeDegrees>58.633306919369346</LatitudeDegrees><LongitudeDegrees>59.81016408925003</LongitudeDegrees></Position></Trackpoint><Trackpoint><Time>2026-08-12T14:42:20.000Z</Time><Position><LatitudeDegrees>58.63331644802329</LatitudeDegrees><LongitudeDegrees>59.81014855102097</LongitudeDegrees></Position></Trackpoint><Trackpoint><Time>2026-08-12T14:42:21.000Z</Time><Position><LatitudeDegrees>58.63332717442524</LatitudeDegrees><LongitudeDegrees>59.81013158520179</LongitudeDegrees></Position></Trackpoint><Trackpoint><Time>2026-08-12T14:42:22.000Z</Time><Position><LatitudeDegrees>58.63333799660355</LatitudeDegrees><LongitudeDegrees>59.81011327132688</LongitudeDegrees></Position></Trackpoint><Trackpoint><Time>2026-08-12T14:42:23.000Z</Time><Position><LatitudeDegrees>58.633346979604944</LatitudeDegrees><LongitudeDegrees>59.810093325561446</LongitudeDegrees></Position></Trackpoint><Trackpoint><Time>2026-08-12T14:42:24.000Z</Time><Position><LatitudeDegrees>58.633354541827934</LatitudeDegrees><LongitudeDegrees>59.810073309295404</LongitudeDegrees></Position></Trackpoint><Trackpoint><Time>2026-08-12T14:42:25.000Z</Time><Position><LatitudeDegrees>58.633361037937746</LatitudeDegrees><LongitudeDegrees>59.81005436422045</LongitudeDegrees></Position></Trackpoint><Trackpoint><Time>2026-08-12T14:42:26.000Z</Time><Position><LatitudeDegrees>58.633366750831364</LatitudeDegrees><LongitudeDegrees>59.810035354205674</LongitudeDegrees></Position></Trackpoint><Trackpoint><Time>2026-08-12T14:42:27.000Z</Time><Position><LatitudeDegrees>58.6333718975398</LatitudeDegrees><LongitudeDegrees>59.81001679891067</LongitudeDegrees></Position></Trackpoint><Trackpoint><Time>2026-08-12T14:42:28.000Z</Time><Position><LatitudeDegrees>58.633376150502066</LatitudeDegrees><LongitudeDegrees>59.8099998332072</LongitudeDegrees></Position></Trackpoint><Trackpoint><Time>2026-08-12T14:42:29.000Z</Time><Position><LatitudeDegrees>58.63338046874983</LatitudeDegrees><LongitudeDegrees>59.809983251619805</LongitudeDegrees></Position></Trackpoint><Trackpoint><Time>2026-08-12T14:42:30.000Z</Time><Position><LatitudeDegrees>58.63338866613933</LatitudeDegrees><LongitudeDegrees>59.80997483177328</LongitudeDegrees></Position></Trackpoint><Trackpoint><Time>2026-08-12T14:42:31.000Z</Time><Position><LatitudeDegrees>58.63339838818748</LatitudeDegrees><LongitudeDegrees>59.80996742660404</LongitudeDegrees></Position></Trackpoint><Trackpoint><Time>2026-08-12T14:42:32.000Z</Time><Position><LatitudeDegrees>58.63340993838383</LatitudeDegrees><LongitudeDegrees>59.80995698325943</LongitudeDegrees></Position></Trackpoint><Trackpoint><Time>2026-08-12T14:42:33.000Z</Time><Position><LatitudeDegrees>58.63342222785421</LatitudeDegrees><LongitudeDegrees>59.80994271219541</LongitudeDegrees></Position></Trackpoint><Trackpoint><Time>2026-08-12T14:42:34.000Z</Time><Position><LatitudeDegrees>58.633433734057995</LatitudeDegrees><LongitudeDegrees>59.80992428992278</LongitudeDegrees></Position></Trackpoint><Trackpoint><Time>2026-08-12T14:42:35.000Z</Time><Position><LatitudeDegrees>58.63344539932511</LatitudeDegrees><LongitudeDegrees>59.80990309524049</LongitudeDegrees></Position></Trackpoint><Trackpoint><Time>2026-08-12T14:42:37.000Z</Time><Position><LatitudeDegrees>58.63345612249106</LatitudeDegrees><LongitudeDegrees>59.8098824998716</LongitudeDegrees></Position></Trackpoint><Trackpoint><Time>2026-08-12T14:42:38.000Z</Time><Position><LatitudeDegrees>58.63346655019807</LatitudeDegrees><LongitudeDegrees>59.80986087781941</LongitudeDegrees></Position></Trackpoint><Trackpoint><Time>2026-08-12T14:42:38.000Z</Time><Position><LatitudeDegrees>58.63347600745545</LatitudeDegrees><LongitudeDegrees>59.80983916004938</LongitudeDegrees></Position></Trackpoint><Trackpoint><Time>2026-08-12T14:42:39.000Z</Time><Position><LatitudeDegrees>58.633485320056494</LatitudeDegrees><LongitudeDegrees>59.80981921108121</LongitudeDegrees></Position></Trackpoint><Trackpoint><Time>2026-08-12T14:42:40.000Z</Time><Position><LatitudeDegrees>58.63349435704623</LatitudeDegrees><LongitudeDegrees>59.80980157176326</LongitudeDegrees></Position></Trackpoint><Trackpoint><Time>2026-08-12T14:42:41.000Z</Time><Position><LatitudeDegrees>58.63350261025671</LatitudeDegrees><LongitudeDegrees>59.80978665800542</LongitudeDegrees></Position></Trackpoint><Trackpoint><Time>2026-08-12T14:42:42.000Z</Time><Position><LatitudeDegrees>58.6335099710043</LatitudeDegrees><LongitudeDegrees>59.80977429127175</LongitudeDegrees></Position></Trackpoint><Trackpoint><Time>2026-08-12T14:42:43.000Z</Time><Position><LatitudeDegrees>58.633519759129946</LatitudeDegrees><LongitudeDegrees>59.80976134667627</LongitudeDegrees></Position></Trackpoint><Trackpoint><Time>2026-08-12T14:42:44.000Z</Time><Position><LatitudeDegrees>58.63352328014189</LatitudeDegrees><LongitudeDegrees>59.80975625364295</LongitudeDegrees></Position></Trackpoint><Trackpoint><Time>2026-08-12T14:42:45.000Z</Time><Position><LatitudeDegrees>58.63352848711694</LatitudeDegrees><LongitudeDegrees>59.80975232337564</LongitudeDegrees></Position></Trackpoint><Trackpoint><Time>2026-08-12T14:42:47.000Z</Time><Position><LatitudeDegrees>58.633535678562936</LatitudeDegrees><LongitudeDegrees>59.80974839719678</LongitudeDegrees></Position></Trackpoint><Trackpoint><Time>2026-08-12T14:42:47.000Z</Time><Position><LatitudeDegrees>58.63354423310089</LatitudeDegrees><LongitudeDegrees>59.8097430181783</LongitudeDegrees></Position></Trackpoint><Trackpoint><Time>2026-08-12T14:42:49.000Z</Time><Position><LatitudeDegrees>58.63355420948605</LatitudeDegrees><LongitudeDegrees>59.80973626238905</LongitudeDegrees></Position></Trackpoint><Trackpoint><Time>2026-08-12T14:42:49.000Z</Time><Position><LatitudeDegrees>58.63356544942385</LatitudeDegrees><LongitudeDegrees>59.80972882747377</LongitudeDegrees></Position></Trackpoint><Trackpoint><Time>2026-08-12T14:42:50.000Z</Time><Position><LatitudeDegrees>58.633576746326995</LatitudeDegrees><LongitudeDegrees>59.809721087910624</LongitudeDegrees></Position></Trackpoint><Trackpoint><Time>2026-08-12T14:42:51.000Z</Time><Position><LatitudeDegrees>58.63358759597119</LatitudeDegrees><LongitudeDegrees>59.80971274741268</LongitudeDegrees></Position></Trackpoint><Trackpoint><Time>2026-08-12T14:42:52.000Z</Time><Position><LatitudeDegrees>58.633597358494455</LatitudeDegrees><LongitudeDegrees>59.80970327147756</LongitudeDegrees></Position></Trackpoint><Trackpoint><Time>2026-08-12T14:42:53.000Z</Time><Position><LatitudeDegrees>58.63360639952122</LatitudeDegrees><LongitudeDegrees>59.809692585711</LongitudeDegrees></Position></Trackpoint><Trackpoint><Time>2026-08-12T14:42:54.000Z</Time><Position><LatitudeDegrees>58.63361545184142</LatitudeDegrees><LongitudeDegrees>59.809681793976225</LongitudeDegrees></Position></Trackpoint><Trackpoint><Time>2026-08-12T14:42:55.000Z</Time><Position><LatitudeDegrees>58.633623836571665</LatitudeDegrees><LongitudeDegrees>59.80967087487117</LongitudeDegrees></Position></Trackpoint><Trackpoint><Time>2026-08-12T14:42:56.000Z</Time><Position><LatitudeDegrees>58.63363233903053</LatitudeDegrees><LongitudeDegrees>59.809659835929544</LongitudeDegrees></Position></Trackpoint><Trackpoint><Time>2026-08-12T14:42:57.000Z</Time><Position><LatitudeDegrees>58.63364175713871</LatitudeDegrees><LongitudeDegrees>59.80964820602418</LongitudeDegrees></Position></Trackpoint><Trackpoint><Time>2026-08-12T14:42:58.000Z</Time><Position><LatitudeDegrees>58.63365132276313</LatitudeDegrees><LongitudeDegrees>59.80963586697852</LongitudeDegrees></Position></Trackpoint><Trackpoint><Time>2026-08-12T14:42:59.000Z</Time><Position><LatitudeDegrees>58.6336611902381</LatitudeDegrees><LongitudeDegrees>59.80962237152997</LongitudeDegrees></Position></Trackpoint><Trackpoint><Time>2026-08-12T14:43:01.000Z</Time><Position><LatitudeDegrees>58.63367138438158</LatitudeDegrees><LongitudeDegrees>59.80960964234592</LongitudeDegrees></Position></Trackpoint><Trackpoint><Time>2026-08-12T14:43:01.000Z</Time><Position><LatitudeDegrees>58.63368138387639</LatitudeDegrees><LongitudeDegrees>59.80959641445355</LongitudeDegrees></Position></Trackpoint><Trackpoint><Time>2026-08-12T14:43:03.000Z</Time><Position><LatitudeDegrees>58.63369148862024</LatitudeDegrees><LongitudeDegrees>59.809583699735185</LongitudeDegrees></Position></Trackpoint><Trackpoint><Time>2026-08-12T14:43:03.000Z</Time><Position><LatitudeDegrees>58.633701808612415</LatitudeDegrees><LongitudeDegrees>59.80957135944199</LongitudeDegrees></Position></Trackpoint><Trackpoint><Time>2026-08-12T14:43:05.000Z</Time><Position><LatitudeDegrees>58.63371187191691</LatitudeDegrees><LongitudeDegrees>59.80955879876503</LongitudeDegrees></Position></Trackpoint><Trackpoint><Time>2026-08-12T14:43:05.000Z</Time><Position><LatitudeDegrees>58.63372249634143</LatitudeDegrees><LongitudeDegrees>59.80954678024933</LongitudeDegrees></Position></Trackpoint><Trackpoint><Time>2026-08-12T14:43:06.000Z</Time><Position><LatitudeDegrees>58.63373345705694</LatitudeDegrees><LongitudeDegrees>59.809535058740146</LongitudeDegrees></Position></Trackpoint><Trackpoint><Time>2026-08-12T14:43:07.000Z</Time><Position><LatitudeDegrees>58.6337441286983</LatitudeDegrees><LongitudeDegrees>59.80952300554364</LongitudeDegrees></Position></Trackpoint><Trackpoint><Time>2026-08-12T14:43:09.000Z</Time><Position><LatitudeDegrees>58.63375429082149</LatitudeDegrees><LongitudeDegrees>59.80951040431428</LongitudeDegrees></Position></Trackpoint><Trackpoint><Time>2026-08-12T14:43:09.000Z</Time><Position><LatitudeDegrees>58.63376391803624</LatitudeDegrees><LongitudeDegrees>59.809496746682335</LongitudeDegrees></Position></Trackpoint><Trackpoint><Time>2026-08-12T14:43:11.000Z</Time><Position><LatitudeDegrees>58.63377355815126</LatitudeDegrees><LongitudeDegrees>59.80948049004</LongitudeDegrees></Position></Trackpoint><Trackpoint><Time>2026-08-12T14:43:11.000Z</Time><Position><LatitudeDegrees>58.63378294550612</LatitudeDegrees><LongitudeDegrees>59.80946231189024</LongitudeDegrees></Position></Trackpoint><Trackpoint><Time>2026-08-12T14:43:13.000Z</Time><Position><LatitudeDegrees>58.63379249274499</LatitudeDegrees><LongitudeDegrees>59.80944371709518</LongitudeDegrees></Position></Trackpoint><Trackpoint><Time>2026-08-12T14:43:14.000Z</Time><Position><LatitudeDegrees>58.633801859677</LatitudeDegrees><LongitudeDegrees>59.80942586849362</LongitudeDegrees></Position></Trackpoint><Trackpoint><Time>2026-08-12T14:43:15.000Z</Time><Position><LatitudeDegrees>58.63381092934234</LatitudeDegrees><LongitudeDegrees>59.80940816998732</LongitudeDegrees></Position></Trackpoint><Trackpoint><Time>2026-08-12T14:43:15.000Z</Time><Position><LatitudeDegrees>58.63381920211614</LatitudeDegrees><LongitudeDegrees>59.80939035681865</LongitudeDegrees></Position></Trackpoint><Trackpoint><Time>2026-08-12T14:43:16.000Z</Time><Position><LatitudeDegrees>58.633827553737305</LatitudeDegrees><LongitudeDegrees>59.8093713554471</LongitudeDegrees></Position></Trackpoint><Trackpoint><Time>2026-08-12T14:43:18.000Z</Time><Position><LatitudeDegrees>58.633835845133746</LatitudeDegrees><LongitudeDegrees>59.80935136586753</LongitudeDegrees></Position></Trackpoint><Trackpoint><Time>2026-08-12T14:43:19.000Z</Time><Position><LatitudeDegrees>58.63384451637131</LatitudeDegrees><LongitudeDegrees>59.809330597279505</LongitudeDegrees></Position></Trackpoint><Trackpoint><Time>2026-08-12T14:43:19.000Z</Time><Position><LatitudeDegrees>58.63385223109991</LatitudeDegrees><LongitudeDegrees>59.809308746212324</LongitudeDegrees></Position></Trackpoint><Trackpoint><Time>2026-08-12T14:43:20.000Z</Time><Position><LatitudeDegrees>58.63385856173248</LatitudeDegrees><LongitudeDegrees>59.809286316231805</LongitudeDegrees></Position></Trackpoint><Trackpoint><Time>2026-08-12T14:43:21.000Z</Time><Position><LatitudeDegrees>58.63386399943166</LatitudeDegrees><LongitudeDegrees>59.80926309941518</LongitudeDegrees></Position></Trackpoint><Trackpoint><Time>2026-08-12T14:43:22.000Z</Time><Position><LatitudeDegrees>58.63386837147064</LatitudeDegrees><LongitudeDegrees>59.80924009034338</LongitudeDegrees></Position></Trackpoint><Trackpoint><Time>2026-08-12T14:43:23.000Z</Time><Position><LatitudeDegrees>58.63387174349063</LatitudeDegrees><LongitudeDegrees>59.8092186511755</LongitudeDegrees></Position></Trackpoint><Trackpoint><Time>2026-08-12T14:43:24.000Z</Time><Position><LatitudeDegrees>58.633873781265166</LatitudeDegrees><LongitudeDegrees>59.8091996310099</LongitudeDegrees></Position></Trackpoint><Trackpoint><Time>2026-08-12T14:43:25.000Z</Time><Position><LatitudeDegrees>58.63387549761828</LatitudeDegrees><LongitudeDegrees>59.80918355866896</LongitudeDegrees></Position></Trackpoint><Trackpoint><Time>2026-08-12T14:43:26.000Z</Time><Position><LatitudeDegrees>58.63387637169738</LatitudeDegrees><LongitudeDegrees>59.80917076320114</LongitudeDegrees></Position></Trackpoint><Trackpoint><Time>2026-08-12T14:43:28.000Z</Time><Position><LatitudeDegrees>58.63387515868829</LatitudeDegrees><LongitudeDegrees>59.809156740682205</LongitudeDegrees></Position></Trackpoint><Trackpoint><Time>2026-08-12T14:43:28.000Z</Time><Position><LatitudeDegrees>58.633874539441976</LatitudeDegrees><LongitudeDegrees>59.80915098147125</LongitudeDegrees></Position></Trackpoint><Trackpoint><Time>2026-08-12T14:43:30.000Z</Time><Position><LatitudeDegrees>58.63387261618135</LatitudeDegrees><LongitudeDegrees>59.80914514569642</LongitudeDegrees></Position></Trackpoint><Trackpoint><Time>2026-08-12T14:43:31.000Z</Time><Position><LatitudeDegrees>58.633869423510504</LatitudeDegrees><LongitudeDegrees>59.80913806896042</LongitudeDegrees></Position></Trackpoint><Trackpoint><Time>2026-08-12T14:43:32.000Z</Time><Position><LatitudeDegrees>58.633865138607426</LatitudeDegrees><LongitudeDegrees>59.80912894139049</LongitudeDegrees></Position></Trackpoint><Trackpoint><Time>2026-08-12T14:43:33.000Z</Time><Position><LatitudeDegrees>58.633860464236896</LatitudeDegrees><LongitudeDegrees>59.809118671896684</LongitudeDegrees></Position></Trackpoint><Trackpoint><Time>2026-08-12T14:43:33.000Z</Time><Position><LatitudeDegrees>58.63385622941907</LatitudeDegrees><LongitudeDegrees>59.80910827097328</LongitudeDegrees></Position></Trackpoint><Trackpoint><Time>2026-08-12T14:43:34.000Z</Time><Position><LatitudeDegrees>58.63385173993491</LatitudeDegrees><LongitudeDegrees>59.80909915086557</LongitudeDegrees></Position></Trackpoint><Trackpoint><Time>2026-08-12T14:43:36.000Z</Time><Position><LatitudeDegrees>58.63384723217855</LatitudeDegrees><LongitudeDegrees>59.80909319762434</LongitudeDegrees></Position></Trackpoint><Trackpoint><Time>2026-08-12T14:43:36.000Z</Time><Position><LatitudeDegrees>58.63384378507141</LatitudeDegrees><LongitudeDegrees>59.80909322957879</LongitudeDegrees></Position></Trackpoint><Trackpoint><Time>2026-08-12T14:43:37.000Z</Time><Position><LatitudeDegrees>58.633840237984735</LatitudeDegrees><LongitudeDegrees>59.80909914960944</LongitudeDegrees></Position></Trackpoint><Trackpoint><Time>2026-08-12T14:43:39.000Z</Time><Position><LatitudeDegrees>58.63383808420759</LatitudeDegrees><LongitudeDegrees>59.80910967238295</LongitudeDegrees></Position></Trackpoint><Trackpoint><Time>2026-08-12T14:43:40.000Z</Time><Position><LatitudeDegrees>58.633837270286435</LatitudeDegrees><LongitudeDegrees>59.80912416741175</LongitudeDegrees></Position></Trackpoint><Trackpoint><Time>2026-08-12T14:43:40.000Z</Time><Position><LatitudeDegrees>58.63383809184944</LatitudeDegrees><LongitudeDegrees>59.809141865207074</LongitudeDegrees></Position></Trackpoint><Trackpoint><Time>2026-08-12T14:43:42.000Z</Time><Position><LatitudeDegrees>58.63383997112361</LatitudeDegrees><LongitudeDegrees>59.809160568965694</LongitudeDegrees></Position></Trackpoint><Trackpoint><Time>2026-08-12T14:43:43.000Z</Time><Position><LatitudeDegrees>58.633842044796516</LatitudeDegrees><LongitudeDegrees>59.809179734467534</LongitudeDegrees></Position></Trackpoint><Trackpoint><Time>2026-08-12T14:43:43.000Z</Time><Position><LatitudeDegrees>58.63384393237653</LatitudeDegrees><LongitudeDegrees>59.809199567931195</LongitudeDegrees></Position></Trackpoint><Trackpoint><Time>2026-08-12T14:43:44.000Z</Time><Position><LatitudeDegrees>58.633845501049244</LatitudeDegrees><LongitudeDegrees>59.80921957894187</LongitudeDegrees></Position></Trackpoint><Trackpoint><Time>2026-08-12T14:43:46.000Z</Time><Position><LatitudeDegrees>58.63384673704853</LatitudeDegrees><LongitudeDegrees>59.80924052196374</LongitudeDegrees></Position></Trackpoint><Trackpoint><Time>2026-08-12T14:43:46.000Z</Time><Position><LatitudeDegrees>58.63384816701378</LatitudeDegrees><LongitudeDegrees>59.809261608866834</LongitudeDegrees></Position></Trackpoint><Trackpoint><Time>2026-08-12T14:43:47.000Z</Time><Position><LatitudeDegrees>58.633849982937434</LatitudeDegrees><LongitudeDegrees>59.80928249660602</LongitudeDegrees></Position></Trackpoint><Trackpoint><Time>2026-08-12T14:43:49.000Z</Time><Position><LatitudeDegrees>58.63385074551934</LatitudeDegrees><LongitudeDegrees>59.80930355907689</LongitudeDegrees></Position></Trackpoint><Trackpoint><Time>2026-08-12T14:43:49.000Z</Time><Position><LatitudeDegrees>58.63385097642375</LatitudeDegrees><LongitudeDegrees>59.809323948614306</LongitudeDegrees></Position></Trackpoint><Trackpoint><Time>2026-08-12T14:43:50.000Z</Time><Position><LatitudeDegrees>58.633851448340025</LatitudeDegrees><LongitudeDegrees>59.80934291288089</LongitudeDegrees></Position></Trackpoint><Trackpoint><Time>2026-08-12T14:43:52.000Z</Time><Position><LatitudeDegrees>58.63385146933267</LatitudeDegrees><LongitudeDegrees>59.80935983535975</LongitudeDegrees></Position></Trackpoint><Trackpoint><Time>2026-08-12T14:43:52.000Z</Time><Position><LatitudeDegrees>58.633851301925546</LatitudeDegrees><LongitudeDegrees>59.80937423459841</LongitudeDegrees></Position></Trackpoint><Trackpoint><Time>2026-08-12T14:43:54.000Z</Time><Position><LatitudeDegrees>58.63385156802619</LatitudeDegrees><LongitudeDegrees>59.80938574656213</LongitudeDegrees></Position></Trackpoint><Trackpoint><Time>2026-08-12T14:43:55.000Z</Time><Position><LatitudeDegrees>58.633853912353516</LatitudeDegrees><LongitudeDegrees>59.80941390991211</LongitudeDegrees></Position></Trackpoint><Trackpoint><Time>2026-08-12T14:43:56.000Z</Time><Position><LatitudeDegrees>58.633852468116785</LatitudeDegrees><LongitudeDegrees>59.80939410229602</LongitudeDegrees></Position></Trackpoint><Trackpoint><Time>2026-08-12T14:43:57.000Z</Time><Position><LatitudeDegrees>58.633854003390944</LatitudeDegrees><LongitudeDegrees>59.809400575354026</LongitudeDegrees></Position></Trackpoint><Trackpoint><Time>2026-08-12T14:43:59.000Z</Time><Position><LatitudeDegrees>58.633858070708605</LatitudeDegrees><LongitudeDegrees>59.80940671920457</LongitudeDegrees></Position></Trackpoint><Trackpoint><Time>2026-08-12T14:44:00.000Z</Time><Position><LatitudeDegrees>58.633859192596326</LatitudeDegrees><LongitudeDegrees>59.809408895415096</LongitudeDegrees></Position></Trackpoint><Trackpoint><Time>2026-08-12T14:44:54.000Z</Time><Position><LatitudeDegrees>58.63385897691593</LatitudeDegrees><LongitudeDegrees>59.80940309109498</LongitudeDegrees></Position></Trackpoint><Trackpoint><Time>2026-08-12T14:44:55.000Z</Time><Position><LatitudeDegrees>58.633857748452016</LatitudeDegrees><LongitudeDegrees>59.80939229704882</LongitudeDegrees></Position></Trackpoint><Trackpoint><Time>2026-08-12T14:44:56.000Z</Time><Position><LatitudeDegrees>58.63385577095093</LatitudeDegrees><LongitudeDegrees>59.80937789580285</LongitudeDegrees></Position></Trackpoint><Trackpoint><Time>2026-08-12T14:44:57.000Z</Time><Position><LatitudeDegrees>58.63385373878064</LatitudeDegrees><LongitudeDegrees>59.80936140931673</LongitudeDegrees></Position></Trackpoint><Trackpoint><Time>2026-08-12T14:44:58.000Z</Time><Position><LatitudeDegrees>58.63385194492172</LatitudeDegrees><LongitudeDegrees>59.809343732021624</LongitudeDegrees></Position></Trackpoint><Trackpoint><Time>2026-08-12T14:44:58.000Z</Time><Position><LatitudeDegrees>58.63385096905708</LatitudeDegrees><LongitudeDegrees>59.80932587472326</LongitudeDegrees></Position></Trackpoint><Trackpoint><Time>2026-08-12T14:44:59.000Z</Time><Position><LatitudeDegrees>58.6338504553205</LatitudeDegrees><LongitudeDegrees>59.8093063183658</LongitudeDegrees></Position></Trackpoint><Trackpoint><Time>2026-08-12T14:45:00.000Z</Time><Position><LatitudeDegrees>58.63385019784098</LatitudeDegrees><LongitudeDegrees>59.80928563464431</LongitudeDegrees></Position></Trackpoint><Trackpoint><Time>2026-08-12T14:45:01.000Z</Time><Position><LatitudeDegrees>58.63385154777563</LatitudeDegrees><LongitudeDegrees>59.80926371408673</LongitudeDegrees></Position></Trackpoint><Trackpoint><Time>2026-08-12T14:45:02.000Z</Time><Position><LatitudeDegrees>58.633853876045585</LatitudeDegrees><LongitudeDegrees>59.809240670354846</LongitudeDegrees></Position></Trackpoint><Trackpoint><Time>2026-08-12T14:45:03.000Z</Time><Position><LatitudeDegrees>58.633855818786095</LatitudeDegrees><LongitudeDegrees>59.80921620480548</LongitudeDegrees></Position></Trackpoint><Trackpoint><Time>2026-08-12T14:45:04.000Z</Time><Position><LatitudeDegrees>58.63385882223678</LatitudeDegrees><LongitudeDegrees>59.80919184576739</LongitudeDegrees></Position></Trackpoint><Trackpoint><Time>2026-08-12T14:45:05.000Z</Time><Position><LatitudeDegrees>58.633861877034946</LatitudeDegrees><LongitudeDegrees>59.80916771937614</LongitudeDegrees></Position></Trackpoint><Trackpoint><Time>2026-08-12T14:45:07.000Z</Time><Position><LatitudeDegrees>58.63386358167975</LatitudeDegrees><LongitudeDegrees>59.8091438477187</LongitudeDegrees></Position></Trackpoint><Trackpoint><Time>2026-08-12T14:45:07.000Z</Time><Position><LatitudeDegrees>58.63386402188718</LatitudeDegrees><LongitudeDegrees>59.809120696807135</LongitudeDegrees></Position></Trackpoint><Trackpoint><Time>2026-08-12T14:45:08.000Z</Time><Position><LatitudeDegrees>58.63386339524656</LatitudeDegrees><LongitudeDegrees>59.80909934527535</LongitudeDegrees></Position></Trackpoint><Trackpoint><Time>2026-08-12T14:45:09.000Z</Time><Position><LatitudeDegrees>58.633862899281326</LatitudeDegrees><LongitudeDegrees>59.80907902717184</LongitudeDegrees></Position></Trackpoint><Trackpoint><Time>2026-08-12T14:45:11.000Z</Time><Position><LatitudeDegrees>58.63386301039958</LatitudeDegrees><LongitudeDegrees>59.809059784023916</LongitudeDegrees></Position></Trackpoint><Trackpoint><Time>2026-08-12T14:45:11.000Z</Time><Position><LatitudeDegrees>58.63386482610506</LatitudeDegrees><LongitudeDegrees>59.80904247418621</LongitudeDegrees></Position></Trackpoint><Trackpoint><Time>2026-08-12T14:45:12.000Z</Time><Position><LatitudeDegrees>58.633868579605206</LatitudeDegrees><LongitudeDegrees>59.80902573418849</LongitudeDegrees></Position></Trackpoint><Trackpoint><Time>2026-08-12T14:45:13.000Z</Time><Position><LatitudeDegrees>58.63387362861899</LatitudeDegrees><LongitudeDegrees>59.80900843975953</LongitudeDegrees></Position></Trackpoint><Trackpoint><Time>2026-08-12T14:45:14.000Z</Time><Position><LatitudeDegrees>58.63387954235646</LatitudeDegrees><LongitudeDegrees>59.8089911782686</LongitudeDegrees></Position></Trackpoint><Trackpoint><Time>2026-08-12T14:45:15.000Z</Time><Position><LatitudeDegrees>58.63388652202858</LatitudeDegrees><LongitudeDegrees>59.80897320816516</LongitudeDegrees></Position></Trackpoint><Trackpoint><Time>2026-08-12T14:45:17.000Z</Time><Position><LatitudeDegrees>58.63389402407903</LatitudeDegrees><LongitudeDegrees>59.808953825392706</LongitudeDegrees></Position></Trackpoint><Trackpoint><Time>2026-08-12T14:45:17.000Z</Time><Position><LatitudeDegrees>58.63390175760671</LatitudeDegrees><LongitudeDegrees>59.808932921311204</LongitudeDegrees></Position></Trackpoint><Trackpoint><Time>2026-08-12T14:45:18.000Z</Time><Position><LatitudeDegrees>58.63390908348848</LatitudeDegrees><LongitudeDegrees>59.80891211526864</LongitudeDegrees></Position></Trackpoint><Trackpoint><Time>2026-08-12T14:45:19.000Z</Time><Position><LatitudeDegrees>58.63391628044348</LatitudeDegrees><LongitudeDegrees>59.80889157197275</LongitudeDegrees></Position></Trackpoint><Trackpoint><Time>2026-08-12T14:45:20.000Z</Time><Position><LatitudeDegrees>58.63392347980509</LatitudeDegrees><LongitudeDegrees>59.80886985670068</LongitudeDegrees></Position></Trackpoint><Trackpoint><Time>2026-08-12T14:45:22.000Z</Time><Position><LatitudeDegrees>58.63393024574128</LatitudeDegrees><LongitudeDegrees>59.808846039396464</LongitudeDegrees></Position></Trackpoint><Trackpoint><Time>2026-08-12T14:45:22.000Z</Time><Position><LatitudeDegrees>58.63393449594891</LatitudeDegrees><LongitudeDegrees>59.80882000682468</LongitudeDegrees></Position></Trackpoint><Trackpoint><Time>2026-08-12T14:45:23.000Z</Time><Position><LatitudeDegrees>58.633937164587905</LatitudeDegrees><LongitudeDegrees>59.80879150706683</LongitudeDegrees></Position></Trackpoint><Trackpoint><Time>2026-08-12T14:45:24.000Z</Time><Position><LatitudeDegrees>58.633938839368426</LatitudeDegrees><LongitudeDegrees>59.808760753034065</LongitudeDegrees></Position></Trackpoint><Trackpoint><Time>2026-08-12T14:45:25.000Z</Time><Position><LatitudeDegrees>58.63393842105748</LatitudeDegrees><LongitudeDegrees>59.808729100964314</LongitudeDegrees></Position></Trackpoint><Trackpoint><Time>2026-08-12T14:45:26.000Z</Time><Position><LatitudeDegrees>58.63393768404186</LatitudeDegrees><LongitudeDegrees>59.80869722466326</LongitudeDegrees></Position></Trackpoint><Trackpoint><Time>2026-08-12T14:45:27.000Z</Time><Position><LatitudeDegrees>58.63393642075726</LatitudeDegrees><LongitudeDegrees>59.80866592001694</LongitudeDegrees></Position></Trackpoint><Trackpoint><Time>2026-08-12T14:45:28.000Z</Time><Position><LatitudeDegrees>58.6339351028782</LatitudeDegrees><LongitudeDegrees>59.80863495181611</LongitudeDegrees></Position></Trackpoint><Trackpoint><Time>2026-08-12T14:45:30.000Z</Time><Position><LatitudeDegrees>58.63393344205249</LatitudeDegrees><LongitudeDegrees>59.808604669622106</LongitudeDegrees></Position></Trackpoint><Trackpoint><Time>2026-08-12T14:45:30.000Z</Time><Position><LatitudeDegrees>58.63393234276499</LatitudeDegrees><LongitudeDegrees>59.80857610856926</LongitudeDegrees></Position></Trackpoint><Trackpoint><Time>2026-08-12T14:45:31.000Z</Time><Position><LatitudeDegrees>58.633931615829546</LatitudeDegrees><LongitudeDegrees>59.80854996366516</LongitudeDegrees></Position></Trackpoint><Trackpoint><Time>2026-08-12T14:45:33.000Z</Time><Position><LatitudeDegrees>58.633930645931535</LatitudeDegrees><LongitudeDegrees>59.80852572141744</LongitudeDegrees></Position></Trackpoint><Trackpoint><Time>2026-08-12T14:45:33.000Z</Time><Position><LatitudeDegrees>58.63392970045838</LatitudeDegrees><LongitudeDegrees>59.80850194692853</LongitudeDegrees></Position></Trackpoint><Trackpoint><Time>2026-08-12T14:45:34.000Z</Time><Position><LatitudeDegrees>58.63392937600486</LatitudeDegrees><LongitudeDegrees>59.80847847883424</LongitudeDegrees></Position></Trackpoint><Trackpoint><Time>2026-08-12T14:45:35.000Z</Time><Position><LatitudeDegrees>58.633928369729816</LatitudeDegrees><LongitudeDegrees>59.808455211354136</LongitudeDegrees></Position></Trackpoint><Trackpoint><Time>2026-08-12T14:45:36.000Z</Time><Position><LatitudeDegrees>58.63392819103305</LatitudeDegrees><LongitudeDegrees>59.80843158556515</LongitudeDegrees></Position></Trackpoint><Trackpoint><Time>2026-08-12T14:45:37.000Z</Time><Position><LatitudeDegrees>58.63392886570669</LatitudeDegrees><LongitudeDegrees>59.80840790688316</LongitudeDegrees></Position></Trackpoint><Trackpoint><Time>2026-08-12T14:45:38.000Z</Time><Position><LatitudeDegrees>58.63393078445463</LatitudeDegrees><LongitudeDegrees>59.80838430787734</LongitudeDegrees></Position></Trackpoint><Trackpoint><Time>2026-08-12T14:45:39.000Z</Time><Position><LatitudeDegrees>58.633932969285446</LatitudeDegrees><LongitudeDegrees>59.80836083291778</LongitudeDegrees></Position></Trackpoint><Trackpoint><Time>2026-08-12T14:45:40.000Z</Time><Position><LatitudeDegrees>58.633935472888965</LatitudeDegrees><LongitudeDegrees>59.80833601552455</LongitudeDegrees></Position></Trackpoint><Trackpoint><Time>2026-08-12T14:45:41.000Z</Time><Position><LatitudeDegrees>58.63393876566122</LatitudeDegrees><LongitudeDegrees>59.8083104032729</LongitudeDegrees></Position></Trackpoint><Trackpoint><Time>2026-08-12T14:45:42.000Z</Time><Position><LatitudeDegrees>58.63394342964901</LatitudeDegrees><LongitudeDegrees>59.808285302912665</LongitudeDegrees></Position></Trackpoint><Trackpoint><Time>2026-08-12T14:45:43.000Z</Time><Position><LatitudeDegrees>58.63394854934392</LatitudeDegrees><LongitudeDegrees>59.80825971807467</LongitudeDegrees></Position></Trackpoint><Trackpoint><Time>2026-08-12T14:45:44.000Z</Time><Position><LatitudeDegrees>58.63395270999852</LatitudeDegrees><LongitudeDegrees>59.80823427982409</LongitudeDegrees></Position></Trackpoint><Trackpoint><Time>2026-08-12T14:45:45.000Z</Time><Position><LatitudeDegrees>58.63395643128523</LatitudeDegrees><LongitudeDegrees>59.80820825001909</LongitudeDegrees></Position></Trackpoint><Trackpoint><Time>2026-08-12T14:45:46.000Z</Time><Position><LatitudeDegrees>58.633959983614695</LatitudeDegrees><LongitudeDegrees>59.80818237981461</LongitudeDegrees></Position></Trackpoint><Trackpoint><Time>2026-08-12T14:45:47.000Z</Time><Position><LatitudeDegrees>58.63396545847892</LatitudeDegrees><LongitudeDegrees>59.808156958076815</LongitudeDegrees></Position></Trackpoint><Trackpoint><Time>2026-08-12T14:45:48.000Z</Time><Position><LatitudeDegrees>58.63397249124839</LatitudeDegrees><LongitudeDegrees>59.80813253582102</LongitudeDegrees></Position></Trackpoint><Trackpoint><Time>2026-08-12T14:45:49.000Z</Time><Position><LatitudeDegrees>58.6339797525805</LatitudeDegrees><LongitudeDegrees>59.808107253249226</LongitudeDegrees></Position></Trackpoint><Trackpoint><Time>2026-08-12T14:45:50.000Z</Time><Position><LatitudeDegrees>58.63398617606134</LatitudeDegrees><LongitudeDegrees>59.80807947563362</LongitudeDegrees></Position></Trackpoint><Trackpoint><Time>2026-08-12T14:45:51.000Z</Time><Position><LatitudeDegrees>58.63399191965367</LatitudeDegrees><LongitudeDegrees>59.80805031880573</LongitudeDegrees></Position></Trackpoint><Trackpoint><Time>2026-08-12T14:45:53.000Z</Time><Position><LatitudeDegrees>58.63399762528509</LatitudeDegrees><LongitudeDegrees>59.80802139854324</LongitudeDegrees></Position></Trackpoint><Trackpoint><Time>2026-08-12T14:45:53.000Z</Time><Position><LatitudeDegrees>58.63400307258441</LatitudeDegrees><LongitudeDegrees>59.807992860303834</LongitudeDegrees></Position></Trackpoint><Trackpoint><Time>2026-08-12T14:45:54.000Z</Time><Position><LatitudeDegrees>58.63400771434134</LatitudeDegrees><LongitudeDegrees>59.807965204570394</LongitudeDegrees></Position></Trackpoint><Trackpoint><Time>2026-08-12T14:45:55.000Z</Time><Position><LatitudeDegrees>58.6340124078078</LatitudeDegrees><LongitudeDegrees>59.80793852419014</LongitudeDegrees></Position></Trackpoint><Trackpoint><Time>2026-08-12T14:45:57.000Z</Time><Position><LatitudeDegrees>58.63401700978129</LatitudeDegrees><LongitudeDegrees>59.807911752994315</LongitudeDegrees></Position></Trackpoint><Trackpoint><Time>2026-08-12T14:45:57.000Z</Time><Position><LatitudeDegrees>58.6340214730292</LatitudeDegrees><LongitudeDegrees>59.80788495316573</LongitudeDegrees></Position></Trackpoint><Trackpoint><Time>2026-08-12T14:45:58.000Z</Time><Position><LatitudeDegrees>58.634025306294184</LatitudeDegrees><LongitudeDegrees>59.80785864359894</LongitudeDegrees></Position></Trackpoint><Trackpoint><Time>2026-08-12T14:45:59.000Z</Time><Position><LatitudeDegrees>58.63402887772805</LatitudeDegrees><LongitudeDegrees>59.807833464678275</LongitudeDegrees></Position></Trackpoint><Trackpoint><Time>2026-08-12T14:46:00.000Z</Time><Position><LatitudeDegrees>58.63403237255362</LatitudeDegrees><LongitudeDegrees>59.80780953501864</LongitudeDegrees></Position></Trackpoint><Trackpoint><Time>2026-08-12T14:46:02.000Z</Time><Position><LatitudeDegrees>58.63403538727377</LatitudeDegrees><LongitudeDegrees>59.80778674312885</LongitudeDegrees></Position></Trackpoint><Trackpoint><Time>2026-08-12T14:46:02.000Z</Time><Position><LatitudeDegrees>58.63403781733573</LatitudeDegrees><LongitudeDegrees>59.80776489706208</LongitudeDegrees></Position></Trackpoint><Trackpoint><Time>2026-08-12T14:46:03.000Z</Time><Position><LatitudeDegrees>58.634040184331795</LatitudeDegrees><LongitudeDegrees>59.807743796373266</LongitudeDegrees></Position></Trackpoint><Trackpoint><Time>2026-08-12T14:46:05.000Z</Time><Position><LatitudeDegrees>58.63404369038671</LatitudeDegrees><LongitudeDegrees>59.80772326284433</LongitudeDegrees></Position></Trackpoint><Trackpoint><Time>2026-08-12T14:46:05.000Z</Time><Position><LatitudeDegrees>58.63404868437907</LatitudeDegrees><LongitudeDegrees>59.80770315028499</LongitudeDegrees></Position></Trackpoint><Trackpoint><Time>2026-08-12T14:46:06.000Z</Time><Position><LatitudeDegrees>58.634054139792944</LatitudeDegrees><LongitudeDegrees>59.80768285484781</LongitudeDegrees></Position></Trackpoint><Trackpoint><Time>2026-08-12T14:46:07.000Z</Time><Position><LatitudeDegrees>58.63405957465209</LatitudeDegrees><LongitudeDegrees>59.80766215132036</LongitudeDegrees></Position></Trackpoint><Trackpoint><Time>2026-08-12T14:46:08.000Z</Time><Position><LatitudeDegrees>58.63406528271141</LatitudeDegrees><LongitudeDegrees>59.807642468162264</LongitudeDegrees></Position></Trackpoint><Trackpoint><Time>2026-08-12T14:46:10.000Z</Time><Position><LatitudeDegrees>58.63407134988414</LatitudeDegrees><LongitudeDegrees>59.80762279386614</LongitudeDegrees></Position></Trackpoint><Trackpoint><Time>2026-08-12T14:46:10.000Z</Time><Position><LatitudeDegrees>58.63407678623931</LatitudeDegrees><LongitudeDegrees>59.807602221111445</LongitudeDegrees></Position></Trackpoint><Trackpoint><Time>2026-08-12T14:46:11.000Z</Time><Position><LatitudeDegrees>58.63408175466544</LatitudeDegrees><LongitudeDegrees>59.80758098115977</LongitudeDegrees></Position></Trackpoint><Trackpoint><Time>2026-08-12T14:46:12.000Z</Time><Position><LatitudeDegrees>58.63408589269281</LatitudeDegrees><LongitudeDegrees>59.80755827566481</LongitudeDegrees></Position></Trackpoint><Trackpoint><Time>2026-08-12T14:46:13.000Z</Time><Position><LatitudeDegrees>58.63408964723535</LatitudeDegrees><LongitudeDegrees>59.807535432773065</LongitudeDegrees></Position></Trackpoint><Trackpoint><Time>2026-08-12T14:46:14.000Z</Time><Position><LatitudeDegrees>58.63409325156682</LatitudeDegrees><LongitudeDegrees>59.8075125274836</LongitudeDegrees></Position></Trackpoint><Trackpoint><Time>2026-08-12T14:46:15.000Z</Time><Position><LatitudeDegrees>58.63409731064711</LatitudeDegrees><LongitudeDegrees>59.80748959869219</LongitudeDegrees></Position></Trackpoint><Trackpoint><Time>2026-08-12T14:46:17.000Z</Time><Position><LatitudeDegrees>58.63410250486317</LatitudeDegrees><LongitudeDegrees>59.80746715504447</LongitudeDegrees></Position></Trackpoint><Trackpoint><Time>2026-08-12T14:46:17.000Z</Time><Position><LatitudeDegrees>58.63410847911748</LatitudeDegrees><LongitudeDegrees>59.8074453437502</LongitudeDegrees></Position></Trackpoint><Trackpoint><Time>2026-08-12T14:46:18.000Z</Time><Position><LatitudeDegrees>58.634114987052286</LatitudeDegrees><LongitudeDegrees>59.80742365466307</LongitudeDegrees></Position></Trackpoint><Trackpoint><Time>2026-08-12T14:46:19.000Z</Time><Position><LatitudeDegrees>58.63412234832279</LatitudeDegrees><LongitudeDegrees>59.807401862002685</LongitudeDegrees></Position></Trackpoint><Trackpoint><Time>2026-08-12T14:46:20.000Z</Time><Position><LatitudeDegrees>58.63413009543871</LatitudeDegrees><LongitudeDegrees>59.80737988607864</LongitudeDegrees></Position></Trackpoint><Trackpoint><Time>2026-08-12T14:46:21.000Z</Time><Position><LatitudeDegrees>58.63413749673865</LatitudeDegrees><LongitudeDegrees>59.80735673837214</LongitudeDegrees></Position></Trackpoint><Trackpoint><Time>2026-08-12T14:46:22.000Z</Time><Position><LatitudeDegrees>58.634143805674405</LatitudeDegrees><LongitudeDegrees>59.80733216217468</LongitudeDegrees></Position></Trackpoint><Trackpoint><Time>2026-08-12T14:46:23.000Z</Time><Position><LatitudeDegrees>58.63414836538519</LatitudeDegrees><LongitudeDegrees>59.80730574549918</LongitudeDegrees></Position></Trackpoint><Trackpoint><Time>2026-08-12T14:46:24.000Z</Time><Position><LatitudeDegrees>58.63415015064296</LatitudeDegrees><LongitudeDegrees>59.80727755489818</LongitudeDegrees></Position></Trackpoint><Trackpoint><Time>2026-08-12T14:46:25.000Z</Time><Position><LatitudeDegrees>58.63415007454271</LatitudeDegrees><LongitudeDegrees>59.807248824682134</LongitudeDegrees></Position></Trackpoint><Trackpoint><Time>2026-08-12T14:46:27.000Z</Time><Position><LatitudeDegrees>58.63414875202989</LatitudeDegrees><LongitudeDegrees>59.8072196428294</LongitudeDegrees></Position></Trackpoint><Trackpoint><Time>2026-08-12T14:46:28.000Z</Time><Position><LatitudeDegrees>58.63414708594532</LatitudeDegrees><LongitudeDegrees>59.80719010353929</LongitudeDegrees></Position></Trackpoint><Trackpoint><Time>2026-08-12T14:46:28.000Z</Time><Position><LatitudeDegrees>58.63414549220589</LatitudeDegrees><LongitudeDegrees>59.80716078109338</LongitudeDegrees></Position></Trackpoint><Trackpoint><Time>2026-08-12T14:46:29.000Z</Time><Position><LatitudeDegrees>58.63414413281464</LatitudeDegrees><LongitudeDegrees>59.80713188416835</LongitudeDegrees></Position></Trackpoint><Trackpoint><Time>2026-08-12T14:46:30.000Z</Time><Position><LatitudeDegrees>58.634143044411594</LatitudeDegrees><LongitudeDegrees>59.80710393369987</LongitudeDegrees></Position></Trackpoint><Trackpoint><Time>2026-08-12T14:46:32.000Z</Time><Position><LatitudeDegrees>58.63414269691603</LatitudeDegrees><LongitudeDegrees>59.80707653313975</LongitudeDegrees></Position></Trackpoint><Trackpoint><Time>2026-08-12T14:46:33.000Z</Time><Position><LatitudeDegrees>58.634142699151404</LatitudeDegrees><LongitudeDegrees>59.80704993820692</LongitudeDegrees></Position></Trackpoint><Trackpoint><Time>2026-08-12T14:46:33.000Z</Time><Position><LatitudeDegrees>58.63414284513073</LatitudeDegrees><LongitudeDegrees>59.80702366120331</LongitudeDegrees></Position></Trackpoint><Trackpoint><Time>2026-08-12T14:46:34.000Z</Time><Position><LatitudeDegrees>58.634143521183006</LatitudeDegrees><LongitudeDegrees>59.80699795008347</LongitudeDegrees></Position></Trackpoint><Trackpoint><Time>2026-08-12T14:46:35.000Z</Time><Position><LatitudeDegrees>58.63414481837733</LatitudeDegrees><LongitudeDegrees>59.8069718551118</LongitudeDegrees></Position></Trackpoint><Trackpoint><Time>2026-08-12T14:46:36.000Z</Time><Position><LatitudeDegrees>58.63414571527512</LatitudeDegrees><LongitudeDegrees>59.80694552403291</LongitudeDegrees></Position></Trackpoint><Trackpoint><Time>2026-08-12T14:46:37.000Z</Time><Position><LatitudeDegrees>58.63414535298073</LatitudeDegrees><LongitudeDegrees>59.806920027218226</LongitudeDegrees></Position></Trackpoint><Trackpoint><Time>2026-08-12T14:46:38.000Z</Time><Position><LatitudeDegrees>58.634144518608956</LatitudeDegrees><LongitudeDegrees>59.806895208795204</LongitudeDegrees></Position></Trackpoint><Trackpoint><Time>2026-08-12T14:46:39.000Z</Time><Position><LatitudeDegrees>58.63414359691032</LatitudeDegrees><LongitudeDegrees>59.80687140711042</LongitudeDegrees></Position></Trackpoint><Trackpoint><Time>2026-08-12T14:46:41.000Z</Time><Position><LatitudeDegrees>58.634143736767435</LatitudeDegrees><LongitudeDegrees>59.806848141398845</LongitudeDegrees></Position></Trackpoint><Trackpoint><Time>2026-08-12T14:46:42.000Z</Time><Position><LatitudeDegrees>58.6341452750794</LatitudeDegrees><LongitudeDegrees>59.80682416565281</LongitudeDegrees></Position></Trackpoint><Trackpoint><Time>2026-08-12T14:46:43.000Z</Time><Position><LatitudeDegrees>58.63414866071354</LatitudeDegrees><LongitudeDegrees>59.80679954746729</LongitudeDegrees></Position></Trackpoint><Trackpoint><Time>2026-08-12T14:46:44.000Z</Time><Position><LatitudeDegrees>58.63415335181679</LatitudeDegrees><LongitudeDegrees>59.80677439713627</LongitudeDegrees></Position></Trackpoint><Trackpoint><Time>2026-08-12T14:46:45.000Z</Time><Position><LatitudeDegrees>58.63415895768099</LatitudeDegrees><LongitudeDegrees>59.80674833877195</LongitudeDegrees></Position></Trackpoint><Trackpoint><Time>2026-08-12T14:46:45.000Z</Time><Position><LatitudeDegrees>58.63416471038068</LatitudeDegrees><LongitudeDegrees>59.8067213341159</LongitudeDegrees></Position></Trackpoint><Trackpoint><Time>2026-08-12T14:46:46.000Z</Time><Position><LatitudeDegrees>58.63417027481245</LatitudeDegrees><LongitudeDegrees>59.80669446808836</LongitudeDegrees></Position></Trackpoint><Trackpoint><Time>2026-08-12T14:46:47.000Z</Time><Position><LatitudeDegrees>58.63417602674405</LatitudeDegrees><LongitudeDegrees>59.80666914892415</LongitudeDegrees></Position></Trackpoint><Trackpoint><Time>2026-08-12T14:46:48.000Z</Time><Position><LatitudeDegrees>58.63418209686387</LatitudeDegrees><LongitudeDegrees>59.806645758043764</LongitudeDegrees></Position></Trackpoint><Trackpoint><Time>2026-08-12T14:46:49.000Z</Time><Position><LatitudeDegrees>58.63418849815475</LatitudeDegrees><LongitudeDegrees>59.80662469464719</LongitudeDegrees></Position></Trackpoint><Trackpoint><Time>2026-08-12T14:46:50.000Z</Time><Position><LatitudeDegrees>58.634196172679395</LatitudeDegrees><LongitudeDegrees>59.806605334798654</LongitudeDegrees></Position></Trackpoint><Trackpoint><Time>2026-08-12T14:46:51.000Z</Time><Position><LatitudeDegrees>58.63420485538241</LatitudeDegrees><LongitudeDegrees>59.80658622367154</LongitudeDegrees></Position></Trackpoint><Trackpoint><Time>2026-08-12T14:46:52.000Z</Time><Position><LatitudeDegrees>58.63421430770696</LatitudeDegrees><LongitudeDegrees>59.806567709417955</LongitudeDegrees></Position></Trackpoint><Trackpoint><Time>2026-08-12T14:46:53.000Z</Time><Position><LatitudeDegrees>58.6342233534064</LatitudeDegrees><LongitudeDegrees>59.80655083803198</LongitudeDegrees></Position></Trackpoint><Trackpoint><Time>2026-08-12T14:46:54.000Z</Time><Position><LatitudeDegrees>58.63423156025284</LatitudeDegrees><LongitudeDegrees>59.806535829429286</LongitudeDegrees></Position></Trackpoint><Trackpoint><Time>2026-08-12T14:46:55.000Z</Time><Position><LatitudeDegrees>58.634239347516576</LatitudeDegrees><LongitudeDegrees>59.80652155587182</LongitudeDegrees></Position></Trackpoint><Trackpoint><Time>2026-08-12T14:46:56.000Z</Time><Position><LatitudeDegrees>58.6342474313305</LatitudeDegrees><LongitudeDegrees>59.806506968966886</LongitudeDegrees></Position></Trackpoint><Trackpoint><Time>2026-08-12T14:46:57.000Z</Time><Position><LatitudeDegrees>58.63425606856026</LatitudeDegrees><LongitudeDegrees>59.806492166779705</LongitudeDegrees></Position></Trackpoint><Trackpoint><Time>2026-08-12T14:46:58.000Z</Time><Position><LatitudeDegrees>58.63426529396161</LatitudeDegrees><LongitudeDegrees>59.80647672771734</LongitudeDegrees></Position></Trackpoint><Trackpoint><Time>2026-08-12T14:46:59.000Z</Time><Position><LatitudeDegrees>58.634275046357196</LatitudeDegrees><LongitudeDegrees>59.80646153911695</LongitudeDegrees></Position></Trackpoint><Trackpoint><Time>2026-08-12T14:47:00.000Z</Time><Position><LatitudeDegrees>58.63428621213447</LatitudeDegrees><LongitudeDegrees>59.80644644465656</LongitudeDegrees></Position></Trackpoint><Trackpoint><Time>2026-08-12T14:47:02.000Z</Time><Position><LatitudeDegrees>58.634297995710696</LatitudeDegrees><LongitudeDegrees>59.80642940943234</LongitudeDegrees></Position></Trackpoint><Trackpoint><Time>2026-08-12T14:47:02.000Z</Time><Position><LatitudeDegrees>58.6343095005342</LatitudeDegrees><LongitudeDegrees>59.80641082371838</LongitudeDegrees></Position></Trackpoint><Trackpoint><Time>2026-08-12T14:47:03.000Z</Time><Position><LatitudeDegrees>58.63432088276322</LatitudeDegrees><LongitudeDegrees>59.80639202646682</LongitudeDegrees></Position></Trackpoint><Trackpoint><Time>2026-08-12T14:47:04.000Z</Time><Position><LatitudeDegrees>58.6343312432225</LatitudeDegrees><LongitudeDegrees>59.806373596253316</LongitudeDegrees></Position></Trackpoint><Trackpoint><Time>2026-08-12T14:47:05.000Z</Time><Position><LatitudeDegrees>58.6343408323549</LatitudeDegrees><LongitudeDegrees>59.806356213856475</LongitudeDegrees></Position></Trackpoint><Trackpoint><Time>2026-08-12T14:47:07.000Z</Time><Position><LatitudeDegrees>58.634349852299785</LatitudeDegrees><LongitudeDegrees>59.80633953554732</LongitudeDegrees></Position></Trackpoint><Trackpoint><Time>2026-08-12T14:47:07.000Z</Time><Position><LatitudeDegrees>58.63435894896985</LatitudeDegrees><LongitudeDegrees>59.80632479823007</LongitudeDegrees></Position></Trackpoint><Trackpoint><Time>2026-08-12T14:47:08.000Z</Time><Position><LatitudeDegrees>58.63436837852593</LatitudeDegrees><LongitudeDegrees>59.80631128295851</LongitudeDegrees></Position></Trackpoint><Trackpoint><Time>2026-08-12T14:47:10.000Z</Time><Position><LatitudeDegrees>58.63437820373818</LatitudeDegrees><LongitudeDegrees>59.806299026409526</LongitudeDegrees></Position></Trackpoint><Trackpoint><Time>2026-08-12T14:47:11.000Z</Time><Position><LatitudeDegrees>58.63438839967558</LatitudeDegrees><LongitudeDegrees>59.8062869029115</LongitudeDegrees></Position></Trackpoint><Trackpoint><Time>2026-08-12T14:47:12.000Z</Time><Position><LatitudeDegrees>58.634398418878064</LatitudeDegrees><LongitudeDegrees>59.8062734525772</LongitudeDegrees></Position></Trackpoint><Trackpoint><Time>2026-08-12T14:47:13.000Z</Time><Position><LatitudeDegrees>58.6344085481776</LatitudeDegrees><LongitudeDegrees>59.806257265252576</LongitudeDegrees></Position></Trackpoint><Trackpoint><Time>2026-08-12T14:47:14.000Z</Time><Position><LatitudeDegrees>58.63441889157038</LatitudeDegrees><LongitudeDegrees>59.80623909069895</LongitudeDegrees></Position></Trackpoint><Trackpoint><Time>2026-08-12T14:47:15.000Z</Time><Position><LatitudeDegrees>58.6344284851857</LatitudeDegrees><LongitudeDegrees>59.806220471972125</LongitudeDegrees></Position></Trackpoint><Trackpoint><Time>2026-08-12T14:47:15.000Z</Time><Position><LatitudeDegrees>58.6344375179129</LatitudeDegrees><LongitudeDegrees>59.80620259117351</LongitudeDegrees></Position></Trackpoint><Trackpoint><Time>2026-08-12T14:47:16.000Z</Time><Position><LatitudeDegrees>58.63444662914266</LatitudeDegrees><LongitudeDegrees>59.806186330030535</LongitudeDegrees></Position></Trackpoint><Trackpoint><Time>2026-08-12T14:47:17.000Z</Time><Position><LatitudeDegrees>58.63445558251109</LatitudeDegrees><LongitudeDegrees>59.80617086456637</LongitudeDegrees></Position></Trackpoint><Trackpoint><Time>2026-08-12T14:47:18.000Z</Time><Position><LatitudeDegrees>58.634464790547526</LatitudeDegrees><LongitudeDegrees>59.806154774094466</LongitudeDegrees></Position></Trackpoint><Trackpoint><Time>2026-08-12T14:47:19.000Z</Time><Position><LatitudeDegrees>58.63447390084844</LatitudeDegrees><LongitudeDegrees>59.80613706413692</LongitudeDegrees></Position></Trackpoint><Trackpoint><Time>2026-08-12T14:47:20.000Z</Time><Position><LatitudeDegrees>58.6344822912159</LatitudeDegrees><LongitudeDegrees>59.80611606416122</LongitudeDegrees></Position></Trackpoint><Trackpoint><Time>2026-08-12T14:47:22.000Z</Time><Position><LatitudeDegrees>58.634488328978556</LatitudeDegrees><LongitudeDegrees>59.806091018844626</LongitudeDegrees></Position></Trackpoint><Trackpoint><Time>2026-08-12T14:47:23.000Z</Time><Position><LatitudeDegrees>58.63449213331178</LatitudeDegrees><LongitudeDegrees>59.80606262594402</LongitudeDegrees></Position></Trackpoint><Trackpoint><Time>2026-08-12T14:47:24.000Z</Time><Position><LatitudeDegrees>58.63449403995327</LatitudeDegrees><LongitudeDegrees>59.80603111286569</LongitudeDegrees></Position></Trackpoint><Trackpoint><Time>2026-08-12T14:47:25.000Z</Time><Position><LatitudeDegrees>58.63449394112622</LatitudeDegrees><LongitudeDegrees>59.80599795295445</LongitudeDegrees></Position></Trackpoint><Trackpoint><Time>2026-08-12T14:47:25.000Z</Time><Position><LatitudeDegrees>58.634493518675285</LatitudeDegrees><LongitudeDegrees>59.80596445396195</LongitudeDegrees></Position></Trackpoint><Trackpoint><Time>2026-08-12T14:47:26.000Z</Time><Position><LatitudeDegrees>58.634493506776785</LatitudeDegrees><LongitudeDegrees>59.805930708373886</LongitudeDegrees></Position></Trackpoint><Trackpoint><Time>2026-08-12T14:47:27.000Z</Time><Position><LatitudeDegrees>58.63449317587401</LatitudeDegrees><LongitudeDegrees>59.80589825476097</LongitudeDegrees></Position></Trackpoint><Trackpoint><Time>2026-08-12T14:47:28.000Z</Time><Position><LatitudeDegrees>58.634493245676126</LatitudeDegrees><LongitudeDegrees>59.8058680505455</LongitudeDegrees></Position></Trackpoint><Trackpoint><Time>2026-08-12T14:47:29.000Z</Time><Position><LatitudeDegrees>58.63449347154288</LatitudeDegrees><LongitudeDegrees>59.80583873248728</LongitudeDegrees></Position></Trackpoint><Trackpoint><Time>2026-08-12T14:47:31.000Z</Time><Position><LatitudeDegrees>58.634493732692604</LatitudeDegrees><LongitudeDegrees>59.80581060464285</LongitudeDegrees></Position></Trackpoint><Trackpoint><Time>2026-08-12T14:47:31.000Z</Time><Position><LatitudeDegrees>58.634494464465476</LatitudeDegrees><LongitudeDegrees>59.805783639470675</LongitudeDegrees></Position></Trackpoint><Trackpoint><Time>2026-08-12T14:47:33.000Z</Time><Position><LatitudeDegrees>58.63449627535596</LatitudeDegrees><LongitudeDegrees>59.8057571867904</LongitudeDegrees></Position></Trackpoint><Trackpoint><Time>2026-08-12T14:47:34.000Z</Time><Position><LatitudeDegrees>58.63449780862738</LatitudeDegrees><LongitudeDegrees>59.80573091305852</LongitudeDegrees></Position></Trackpoint><Trackpoint><Time>2026-08-12T14:47:35.000Z</Time><Position><LatitudeDegrees>58.63449854116233</LatitudeDegrees><LongitudeDegrees>59.805705147553546</LongitudeDegrees></Position></Trackpoint><Trackpoint><Time>2026-08-12T14:47:36.000Z</Time><Position><LatitudeDegrees>58.63449836029693</LatitudeDegrees><LongitudeDegrees>59.80567996065321</LongitudeDegrees></Position></Trackpoint><Trackpoint><Time>2026-08-12T14:47:37.000Z</Time><Position><LatitudeDegrees>58.63449635764475</LatitudeDegrees><LongitudeDegrees>59.80565530707837</LongitudeDegrees></Position></Trackpoint><Trackpoint><Time>2026-08-12T14:47:37.000Z</Time><Position><LatitudeDegrees>58.63449288253616</LatitudeDegrees><LongitudeDegrees>59.80563109973005</LongitudeDegrees></Position></Trackpoint><Trackpoint><Time>2026-08-12T14:47:39.000Z</Time><Position><LatitudeDegrees>58.63448875743523</LatitudeDegrees><LongitudeDegrees>59.80560675585487</LongitudeDegrees></Position></Trackpoint><Trackpoint><Time>2026-08-12T14:47:39.000Z</Time><Position><LatitudeDegrees>58.63448440448561</LatitudeDegrees><LongitudeDegrees>59.80558205297856</LongitudeDegrees></Position></Trackpoint><Trackpoint><Time>2026-08-12T14:47:40.000Z</Time><Position><LatitudeDegrees>58.63448100600542</LatitudeDegrees><LongitudeDegrees>59.80555743516668</LongitudeDegrees></Position></Trackpoint><Trackpoint><Time>2026-08-12T14:47:41.000Z</Time><Position><LatitudeDegrees>58.6344794160186</LatitudeDegrees><LongitudeDegrees>59.805533074382346</LongitudeDegrees></Position></Trackpoint><Trackpoint><Time>2026-08-12T14:47:42.000Z</Time><Position><LatitudeDegrees>58.63448073334453</LatitudeDegrees><LongitudeDegrees>59.805508518845976</LongitudeDegrees></Position></Trackpoint><Trackpoint><Time>2026-08-12T14:47:43.000Z</Time><Position><LatitudeDegrees>58.634485037364485</LatitudeDegrees><LongitudeDegrees>59.805482628274575</LongitudeDegrees></Position></Trackpoint><Trackpoint><Time>2026-08-12T14:47:45.000Z</Time><Position><LatitudeDegrees>58.63449001899019</LatitudeDegrees><LongitudeDegrees>59.80545608363254</LongitudeDegrees></Position></Trackpoint><Trackpoint><Time>2026-08-12T14:47:46.000Z</Time><Position><LatitudeDegrees>58.63449464029243</LatitudeDegrees><LongitudeDegrees>59.80542973892331</LongitudeDegrees></Position></Trackpoint><Trackpoint><Time>2026-08-12T14:47:46.000Z</Time><Position><LatitudeDegrees>58.634497540843064</LatitudeDegrees><LongitudeDegrees>59.80540392019291</LongitudeDegrees></Position></Trackpoint><Trackpoint><Time>2026-08-12T14:47:47.000Z</Time><Position><LatitudeDegrees>58.63449985006014</LatitudeDegrees><LongitudeDegrees>59.80538065265185</LongitudeDegrees></Position></Trackpoint><Trackpoint><Time>2026-08-12T14:47:48.000Z</Time><Position><LatitudeDegrees>58.63450210897244</LatitudeDegrees><LongitudeDegrees>59.805359953297454</LongitudeDegrees></Position></Trackpoint><Trackpoint><Time>2026-08-12T14:47:49.000Z</Time><Position><LatitudeDegrees>58.6345045468502</LatitudeDegrees><LongitudeDegrees>59.80534052028567</LongitudeDegrees></Position></Trackpoint><Trackpoint><Time>2026-08-12T14:47:51.000Z</Time><Position><LatitudeDegrees>58.63450674553399</LatitudeDegrees><LongitudeDegrees>59.80532165494055</LongitudeDegrees></Position></Trackpoint><Trackpoint><Time>2026-08-12T14:47:52.000Z</Time><Position><LatitudeDegrees>58.634508073901365</LatitudeDegrees><LongitudeDegrees>59.80530152783303</LongitudeDegrees></Position></Trackpoint><Trackpoint><Time>2026-08-12T14:47:52.000Z</Time><Position><LatitudeDegrees>58.63450838373886</LatitudeDegrees><LongitudeDegrees>59.80528052670974</LongitudeDegrees></Position></Trackpoint><Trackpoint><Time>2026-08-12T14:47:53.000Z</Time><Position><LatitudeDegrees>58.634507744733995</LatitudeDegrees><LongitudeDegrees>59.80525892343628</LongitudeDegrees></Position></Trackpoint><Trackpoint><Time>2026-08-12T14:47:54.000Z</Time><Position><LatitudeDegrees>58.63450679697951</LatitudeDegrees><LongitudeDegrees>59.805236907261026</LongitudeDegrees></Position></Trackpoint><Trackpoint><Time>2026-08-12T14:47:56.000Z</Time><Position><LatitudeDegrees>58.63450535410387</LatitudeDegrees><LongitudeDegrees>59.805214609118096</LongitudeDegrees></Position></Trackpoint><Trackpoint><Time>2026-08-12T14:47:56.000Z</Time><Position><LatitudeDegrees>58.6345029132905</LatitudeDegrees><LongitudeDegrees>59.80519113989941</LongitudeDegrees></Position></Trackpoint><Trackpoint><Time>2026-08-12T14:47:57.000Z</Time><Position><LatitudeDegrees>58.63449939554655</LatitudeDegrees><LongitudeDegrees>59.80516677335703</LongitudeDegrees></Position></Trackpoint><Trackpoint><Time>2026-08-12T14:47:58.000Z</Time><Position><LatitudeDegrees>58.634494906562544</LatitudeDegrees><LongitudeDegrees>59.80514222701194</LongitudeDegrees></Position></Trackpoint><Trackpoint><Time>2026-08-12T14:48:00.000Z</Time><Position><LatitudeDegrees>58.634489614522565</LatitudeDegrees><LongitudeDegrees>59.805117819440625</LongitudeDegrees></Position></Trackpoint><Trackpoint><Time>2026-08-12T14:48:00.000Z</Time><Position><LatitudeDegrees>58.63448369176144</LatitudeDegrees><LongitudeDegrees>59.8050941536427</LongitudeDegrees></Position></Trackpoint><Trackpoint><Time>2026-08-12T14:48:01.000Z</Time><Position><LatitudeDegrees>58.634477290204494</LatitudeDegrees><LongitudeDegrees>59.8050704035268</LongitudeDegrees></Position></Trackpoint><Trackpoint><Time>2026-08-12T14:48:03.000Z</Time><Position><LatitudeDegrees>58.63447053387237</LatitudeDegrees><LongitudeDegrees>59.80504721892427</LongitudeDegrees></Position></Trackpoint><Trackpoint><Time>2026-08-12T14:48:04.000Z</Time><Position><LatitudeDegrees>58.634463029765136</LatitudeDegrees><LongitudeDegrees>59.80502479487455</LongitudeDegrees></Position></Trackpoint><Trackpoint><Time>2026-08-12T14:48:05.000Z</Time><Position><LatitudeDegrees>58.63445569122936</LatitudeDegrees><LongitudeDegrees>59.80500360369619</LongitudeDegrees></Position></Trackpoint><Trackpoint><Time>2026-08-12T14:48:05.000Z</Time><Position><LatitudeDegrees>58.63444838355016</LatitudeDegrees><LongitudeDegrees>59.80498417127918</LongitudeDegrees></Position></Trackpoint><Trackpoint><Time>2026-08-12T14:48:06.000Z</Time><Position><LatitudeDegrees>58.63444153689766</LatitudeDegrees><LongitudeDegrees>59.804964530025714</LongitudeDegrees></Position></Trackpoint><Trackpoint><Time>2026-08-12T14:48:08.000Z</Time><Position><LatitudeDegrees>58.6344352692582</LatitudeDegrees><LongitudeDegrees>59.80494438602786</LongitudeDegrees></Position></Trackpoint><Trackpoint><Time>2026-08-12T14:48:08.000Z</Time><Position><LatitudeDegrees>58.63442906529641</LatitudeDegrees><LongitudeDegrees>59.804923193160406</LongitudeDegrees></Position></Trackpoint><Trackpoint><Time>2026-08-12T14:48:09.000Z</Time><Position><LatitudeDegrees>58.634423194217696</LatitudeDegrees><LongitudeDegrees>59.80490184035283</LongitudeDegrees></Position></Trackpoint><Trackpoint><Time>2026-08-12T14:48:10.000Z</Time><Position><LatitudeDegrees>58.634417234554164</LatitudeDegrees><LongitudeDegrees>59.80488169344524</LongitudeDegrees></Position></Trackpoint><Trackpoint><Time>2026-08-12T14:48:11.000Z</Time><Position><LatitudeDegrees>58.63441151371162</LatitudeDegrees><LongitudeDegrees>59.8048626705501</LongitudeDegrees></Position></Trackpoint><Trackpoint><Time>2026-08-12T14:48:12.000Z</Time><Position><LatitudeDegrees>58.634405156653145</LatitudeDegrees><LongitudeDegrees>59.804845083288704</LongitudeDegrees></Position></Trackpoint><Trackpoint><Time>2026-08-12T14:48:13.000Z</Time><Position><LatitudeDegrees>58.634398863887945</LatitudeDegrees><LongitudeDegrees>59.80482593807196</LongitudeDegrees></Position></Trackpoint><Trackpoint><Time>2026-08-12T14:48:14.000Z</Time><Position><LatitudeDegrees>58.63439242604651</LatitudeDegrees><LongitudeDegrees>59.80480469161188</LongitudeDegrees></Position></Trackpoint><Trackpoint><Time>2026-08-12T14:48:15.000Z</Time><Position><LatitudeDegrees>58.63438528591319</LatitudeDegrees><LongitudeDegrees>59.804782369076996</LongitudeDegrees></Position></Trackpoint><Trackpoint><Time>2026-08-12T14:48:17.000Z</Time><Position><LatitudeDegrees>58.63437828336733</LatitudeDegrees><LongitudeDegrees>59.8047600203891</LongitudeDegrees></Position></Trackpoint><Trackpoint><Time>2026-08-12T14:48:17.000Z</Time><Position><LatitudeDegrees>58.634370767418886</LatitudeDegrees><LongitudeDegrees>59.80473612285519</LongitudeDegrees></Position></Trackpoint><Trackpoint><Time>2026-08-12T14:48:18.000Z</Time><Position><LatitudeDegrees>58.6343630254735</LatitudeDegrees><LongitudeDegrees>59.80471122739282</LongitudeDegrees></Position></Trackpoint><Trackpoint><Time>2026-08-12T14:48:19.000Z</Time><Position><LatitudeDegrees>58.634355204900764</LatitudeDegrees><LongitudeDegrees>59.80468568897081</LongitudeDegrees></Position></Trackpoint><Trackpoint><Time>2026-08-12T14:48:20.000Z</Time><Position><LatitudeDegrees>58.63434835570534</LatitudeDegrees><LongitudeDegrees>59.80466071552127</LongitudeDegrees></Position></Trackpoint><Trackpoint><Time>2026-08-12T14:48:21.000Z</Time><Position><LatitudeDegrees>58.634341806418114</LatitudeDegrees><LongitudeDegrees>59.80463722160821</LongitudeDegrees></Position></Trackpoint><Trackpoint><Time>2026-08-12T14:48:22.000Z</Time><Position><LatitudeDegrees>58.63433573162356</LatitudeDegrees><LongitudeDegrees>59.80461490437269</LongitudeDegrees></Position></Trackpoint><Trackpoint><Time>2026-08-12T14:48:24.000Z</Time><Position><LatitudeDegrees>58.63433112154221</LatitudeDegrees><LongitudeDegrees>59.804593977673136</LongitudeDegrees></Position></Trackpoint><Trackpoint><Time>2026-08-12T14:48:24.000Z</Time><Position><LatitudeDegrees>58.63432721676496</LatitudeDegrees><LongitudeDegrees>59.804573371889155</LongitudeDegrees></Position></Trackpoint><Trackpoint><Time>2026-08-12T14:48:25.000Z</Time><Position><LatitudeDegrees>58.63432557245955</LatitudeDegrees><LongitudeDegrees>59.80455309493699</LongitudeDegrees></Position></Trackpoint><Trackpoint><Time>2026-08-12T14:48:26.000Z</Time><Position><LatitudeDegrees>58.63432555974656</LatitudeDegrees><LongitudeDegrees>59.804534087092996</LongitudeDegrees></Position></Trackpoint><Trackpoint><Time>2026-08-12T14:48:27.000Z</Time><Position><LatitudeDegrees>58.634326710220044</LatitudeDegrees><LongitudeDegrees>59.80451510387435</LongitudeDegrees></Position></Trackpoint><Trackpoint><Time>2026-08-12T14:48:28.000Z</Time><Position><LatitudeDegrees>58.634329660902836</LatitudeDegrees><LongitudeDegrees>59.80449758804338</LongitudeDegrees></Position></Trackpoint><Trackpoint><Time>2026-08-12T14:48:29.000Z</Time><Position><LatitudeDegrees>58.634334932698664</LatitudeDegrees><LongitudeDegrees>59.80448145583012</LongitudeDegrees></Position></Trackpoint><Trackpoint><Time>2026-08-12T14:48:31.000Z</Time><Position><LatitudeDegrees>58.6343424422217</LatitudeDegrees><LongitudeDegrees>59.80446649515006</LongitudeDegrees></Position></Trackpoint><Trackpoint><Time>2026-08-12T14:48:31.000Z</Time><Position><LatitudeDegrees>58.634351378311365</LatitudeDegrees><LongitudeDegrees>59.80445099946336</LongitudeDegrees></Position></Trackpoint><Trackpoint><Time>2026-08-12T14:48:32.000Z</Time><Position><LatitudeDegrees>58.63436220302826</LatitudeDegrees><LongitudeDegrees>59.804436782680405</LongitudeDegrees></Position></Trackpoint><Trackpoint><Time>2026-08-12T14:48:33.000Z</Time><Position><LatitudeDegrees>58.63437486426189</LatitudeDegrees><LongitudeDegrees>59.80442442768461</LongitudeDegrees></Position></Trackpoint><Trackpoint><Time>2026-08-12T14:48:35.000Z</Time><Position><LatitudeDegrees>58.63438763600543</LatitudeDegrees><LongitudeDegrees>59.804411977126755</LongitudeDegrees></Position></Trackpoint><Trackpoint><Time>2026-08-12T14:48:35.000Z</Time><Position><LatitudeDegrees>58.6343993036373</LatitudeDegrees><LongitudeDegrees>59.80439618911733</LongitudeDegrees></Position></Trackpoint><Trackpoint><Time>2026-08-12T14:48:36.000Z</Time><Position><LatitudeDegrees>58.634409508646904</LatitudeDegrees><LongitudeDegrees>59.80437615689496</LongitudeDegrees></Position></Trackpoint><Trackpoint><Time>2026-08-12T14:48:38.000Z</Time><Position><LatitudeDegrees>58.63441633267049</LatitudeDegrees><LongitudeDegrees>59.8043520517634</LongitudeDegrees></Position></Trackpoint><Trackpoint><Time>2026-08-12T14:48:39.000Z</Time><Position><LatitudeDegrees>58.63441941960634</LatitudeDegrees><LongitudeDegrees>59.804325446244206</LongitudeDegrees></Position></Trackpoint><Trackpoint><Time>2026-08-12T14:48:40.000Z</Time><Position><LatitudeDegrees>58.634418612838815</LatitudeDegrees><LongitudeDegrees>59.80429632965392</LongitudeDegrees></Position></Trackpoint><Trackpoint><Time>2026-08-12T14:48:40.000Z</Time><Position><LatitudeDegrees>58.63441434761931</LatitudeDegrees><LongitudeDegrees>59.80426550949554</LongitudeDegrees></Position></Trackpoint><Trackpoint><Time>2026-08-12T14:48:42.000Z</Time><Position><LatitudeDegrees>58.634407736696566</LatitudeDegrees><LongitudeDegrees>59.80423451619735</LongitudeDegrees></Position></Trackpoint><Trackpoint><Time>2026-08-12T14:48:42.000Z</Time><Position><LatitudeDegrees>58.634399539405074</LatitudeDegrees><LongitudeDegrees>59.80420449187359</LongitudeDegrees></Position></Trackpoint><Trackpoint><Time>2026-08-12T14:48:43.000Z</Time><Position><LatitudeDegrees>58.634389292850884</LatitudeDegrees><LongitudeDegrees>59.804175292907985</LongitudeDegrees></Position></Trackpoint><Trackpoint><Time>2026-08-12T14:48:44.000Z</Time><Position><LatitudeDegrees>58.6343770694186</LatitudeDegrees><LongitudeDegrees>59.80414675422109</LongitudeDegrees></Position></Trackpoint><Trackpoint><Time>2026-08-12T14:48:45.000Z</Time><Position><LatitudeDegrees>58.63436364225855</LatitudeDegrees><LongitudeDegrees>59.80411921269253</LongitudeDegrees></Position></Trackpoint><Trackpoint><Time>2026-08-12T14:48:46.000Z</Time><Position><LatitudeDegrees>58.634349973887076</LatitudeDegrees><LongitudeDegrees>59.80409169985557</LongitudeDegrees></Position></Trackpoint><Trackpoint><Time>2026-08-12T14:48:47.000Z</Time><Position><LatitudeDegrees>58.63433649165962</LatitudeDegrees><LongitudeDegrees>59.80406332357017</LongitudeDegrees></Position></Trackpoint><Trackpoint><Time>2026-08-12T14:48:49.000Z</Time><Position><LatitudeDegrees>58.6343233476841</LatitudeDegrees><LongitudeDegrees>59.804034806466845</LongitudeDegrees></Position></Trackpoint><Trackpoint><Time>2026-08-12T14:48:49.000Z</Time><Position><LatitudeDegrees>58.634311050800136</LatitudeDegrees><LongitudeDegrees>59.80400597461209</LongitudeDegrees></Position></Trackpoint><Trackpoint><Time>2026-08-12T14:48:50.000Z</Time><Position><LatitudeDegrees>58.63429970184192</LatitudeDegrees><LongitudeDegrees>59.80397728638278</LongitudeDegrees></Position></Trackpoint><Trackpoint><Time>2026-08-12T14:48:52.000Z</Time><Position><LatitudeDegrees>58.634289220671505</LatitudeDegrees><LongitudeDegrees>59.80395087056216</LongitudeDegrees></Position></Trackpoint><Trackpoint><Time>2026-08-12T14:48:52.000Z</Time><Position><LatitudeDegrees>58.634279462906164</LatitudeDegrees><LongitudeDegrees>59.80392731219395</LongitudeDegrees></Position></Trackpoint><Trackpoint><Time>2026-08-12T14:48:54.000Z</Time><Position><LatitudeDegrees>58.634269297015095</LatitudeDegrees><LongitudeDegrees>59.80390648546896</LongitudeDegrees></Position></Trackpoint><Trackpoint><Time>2026-08-12T14:48:55.000Z</Time><Position><LatitudeDegrees>58.63425928859972</LatitudeDegrees><LongitudeDegrees>59.80388798797251</LongitudeDegrees></Position></Trackpoint><Trackpoint><Time>2026-08-12T14:48:55.000Z</Time><Position><LatitudeDegrees>58.63424965038182</LatitudeDegrees><LongitudeDegrees>59.80387135502385</LongitudeDegrees></Position></Trackpoint><Trackpoint><Time>2026-08-12T14:48:57.000Z</Time><Position><LatitudeDegrees>58.63424091206364</LatitudeDegrees><LongitudeDegrees>59.80385566632946</LongitudeDegrees></Position></Trackpoint><Trackpoint><Time>2026-08-12T14:48:57.000Z</Time><Position><LatitudeDegrees>58.63423268668284</LatitudeDegrees><LongitudeDegrees>59.803839932077544</LongitudeDegrees></Position></Trackpoint><Trackpoint><Time>2026-08-12T14:48:59.000Z</Time><Position><LatitudeDegrees>58.634224259430084</LatitudeDegrees><LongitudeDegrees>59.80382326086721</LongitudeDegrees></Position></Trackpoint><Trackpoint><Time>2026-08-12T14:49:00.000Z</Time><Position><LatitudeDegrees>58.63421536183299</LatitudeDegrees><LongitudeDegrees>59.80380540584706</LongitudeDegrees></Position></Trackpoint><Trackpoint><Time>2026-08-12T14:49:00.000Z</Time><Position><LatitudeDegrees>58.634205943693686</LatitudeDegrees><LongitudeDegrees>59.803786906906254</LongitudeDegrees></Position></Trackpoint><Trackpoint><Time>2026-08-12T14:49:01.000Z</Time><Position><LatitudeDegrees>58.6341960511498</LatitudeDegrees><LongitudeDegrees>59.803767089814166</LongitudeDegrees></Position></Trackpoint><Trackpoint><Time>2026-08-12T14:49:02.000Z</Time><Position><LatitudeDegrees>58.63418527448084</LatitudeDegrees><LongitudeDegrees>59.80374584608286</LongitudeDegrees></Position></Trackpoint><Trackpoint><Time>2026-08-12T14:49:04.000Z</Time><Position><LatitudeDegrees>58.63417404803699</LatitudeDegrees><LongitudeDegrees>59.80372282452975</LongitudeDegrees></Position></Trackpoint><Trackpoint><Time>2026-08-12T14:49:04.000Z</Time><Position><LatitudeDegrees>58.634163587647286</LatitudeDegrees><LongitudeDegrees>59.803698598317496</LongitudeDegrees></Position></Trackpoint><Trackpoint><Time>2026-08-12T14:49:05.000Z</Time><Position><LatitudeDegrees>58.63415478531941</LatitudeDegrees><LongitudeDegrees>59.803674047720385</LongitudeDegrees></Position></Trackpoint><Trackpoint><Time>2026-08-12T14:49:06.000Z</Time><Position><LatitudeDegrees>58.634147795602146</LatitudeDegrees><LongitudeDegrees>59.80365006650965</LongitudeDegrees></Position></Trackpoint><Trackpoint><Time>2026-08-12T14:49:07.000Z</Time><Position><LatitudeDegrees>58.634142449498</LatitudeDegrees><LongitudeDegrees>59.803626949690205</LongitudeDegrees></Position></Trackpoint><Trackpoint><Time>2026-08-12T14:49:09.000Z</Time><Position><LatitudeDegrees>58.634138466452924</LatitudeDegrees><LongitudeDegrees>59.80360519742222</LongitudeDegrees></Position></Trackpoint><Trackpoint><Time>2026-08-12T14:49:09.000Z</Time><Position><LatitudeDegrees>58.63413604558945</LatitudeDegrees><LongitudeDegrees>59.803583371718375</LongitudeDegrees></Position></Trackpoint><Trackpoint><Time>2026-08-12T14:49:10.000Z</Time><Position><LatitudeDegrees>58.63413555801986</LatitudeDegrees><LongitudeDegrees>59.80356137940351</LongitudeDegrees></Position></Trackpoint><Trackpoint><Time>2026-08-12T14:49:12.000Z</Time><Position><LatitudeDegrees>58.63413592922397</LatitudeDegrees><LongitudeDegrees>59.80353969309991</LongitudeDegrees></Position></Trackpoint><Trackpoint><Time>2026-08-12T14:49:12.000Z</Time><Position><LatitudeDegrees>58.63413660645625</LatitudeDegrees><LongitudeDegrees>59.80351748895185</LongitudeDegrees></Position></Trackpoint><Trackpoint><Time>2026-08-12T14:49:13.000Z</Time><Position><LatitudeDegrees>58.6341373227994</LatitudeDegrees><LongitudeDegrees>59.80349449413263</LongitudeDegrees></Position></Trackpoint><Trackpoint><Time>2026-08-12T14:49:14.000Z</Time><Position><LatitudeDegrees>58.63413747369752</LatitudeDegrees><LongitudeDegrees>59.80347118737518</LongitudeDegrees></Position></Trackpoint><Trackpoint><Time>2026-08-12T14:49:15.000Z</Time><Position><LatitudeDegrees>58.634136882748365</LatitudeDegrees><LongitudeDegrees>59.803448785095725</LongitudeDegrees></Position></Trackpoint><Trackpoint><Time>2026-08-12T14:49:16.000Z</Time><Position><LatitudeDegrees>58.634135572518574</LatitudeDegrees><LongitudeDegrees>59.80342816177726</LongitudeDegrees></Position></Trackpoint><Trackpoint><Time>2026-08-12T14:49:18.000Z</Time><Position><LatitudeDegrees>58.63413364462042</LatitudeDegrees><LongitudeDegrees>59.803410428455344</LongitudeDegrees></Position></Trackpoint><Trackpoint><Time>2026-08-12T14:49:19.000Z</Time><Position><LatitudeDegrees>58.634129093510325</LatitudeDegrees><LongitudeDegrees>59.80338962354325</LongitudeDegrees></Position></Trackpoint><Trackpoint><Time>2026-08-12T14:49:20.000Z</Time><Position><LatitudeDegrees>58.63412780992696</LatitudeDegrees><LongitudeDegrees>59.80338280998055</LongitudeDegrees></Position></Trackpoint><Trackpoint><Time>2026-08-12T14:49:21.000Z</Time><Position><LatitudeDegrees>58.63412542048771</LatitudeDegrees><LongitudeDegrees>59.8033760952004</LongitudeDegrees></Position></Trackpoint><Trackpoint><Time>2026-08-12T14:49:22.000Z</Time><Position><LatitudeDegrees>58.634121413469195</LatitudeDegrees><LongitudeDegrees>59.80337028293407</LongitudeDegrees></Position></Trackpoint><Trackpoint><Time>2026-08-12T14:49:23.000Z</Time><Position><LatitudeDegrees>58.63411676496174</LatitudeDegrees><LongitudeDegrees>59.803366077959225</LongitudeDegrees></Position></Trackpoint><Trackpoint><Time>2026-08-12T14:49:25.000Z</Time><Position><LatitudeDegrees>58.634110980064776</LatitudeDegrees><LongitudeDegrees>59.80336307462277</LongitudeDegrees></Position></Trackpoint><Trackpoint><Time>2026-08-12T14:49:26.000Z</Time><Position><LatitudeDegrees>58.63410449042625</LatitudeDegrees><LongitudeDegrees>59.803360462024145</LongitudeDegrees></Position></Trackpoint><Trackpoint><Time>2026-08-12T14:49:26.000Z</Time><Position><LatitudeDegrees>58.634097564265694</LatitudeDegrees><LongitudeDegrees>59.80335785605685</LongitudeDegrees></Position></Trackpoint><Trackpoint><Time>2026-08-12T14:49:27.000Z</Time><Position><LatitudeDegrees>58.63409183690364</LatitudeDegrees><LongitudeDegrees>59.80335460807127</LongitudeDegrees></Position></Trackpoint><Trackpoint><Time>2026-08-12T14:49:29.000Z</Time><Position><LatitudeDegrees>58.63408782795567</LatitudeDegrees><LongitudeDegrees>59.80335053333395</LongitudeDegrees></Position></Trackpoint><Trackpoint><Time>2026-08-12T14:49:30.000Z</Time><Position><LatitudeDegrees>58.63408651008217</LatitudeDegrees><LongitudeDegrees>59.80334566187782</LongitudeDegrees></Position></Trackpoint><Trackpoint><Time>2026-08-12T14:49:30.000Z</Time><Position><LatitudeDegrees>58.63408646962995</LatitudeDegrees><LongitudeDegrees>59.80334206677158</LongitudeDegrees></Position></Trackpoint><Trackpoint><Time>2026-08-12T14:49:31.000Z</Time><Position><LatitudeDegrees>58.63408783966224</LatitudeDegrees><LongitudeDegrees>59.80333615363556</LongitudeDegrees></Position></Trackpoint><Trackpoint><Time>2026-08-12T14:49:33.000Z</Time><Position><LatitudeDegrees>58.634086802486216</LatitudeDegrees><LongitudeDegrees>59.80334104866803</LongitudeDegrees></Position></Trackpoint><Trackpoint><Time>2026-08-12T14:49:33.000Z</Time><Position><LatitudeDegrees>58.63408691471932</LatitudeDegrees><LongitudeDegrees>59.80334012220999</LongitudeDegrees></Position></Trackpoint><Trackpoint><Time>2026-08-12T14:49:37.000Z</Time><Position><LatitudeDegrees>58.63407897949219</LatitudeDegrees><LongitudeDegrees>59.803348541259766</LongitudeDegrees></Position></Trackpoint><Trackpoint><Time>2026-08-12T14:49:38.000Z</Time><Position><LatitudeDegrees>58.63408349441317</LatitudeDegrees><LongitudeDegrees>59.803342290067825</LongitudeDegrees></Position></Trackpoint><Trackpoint><Time>2026-08-12T14:49:39.000Z</Time><Position><LatitudeDegrees>58.63407661022758</LatitudeDegrees><LongitudeDegrees>59.80334741246933</LongitudeDegrees></Position></Trackpoint><Trackpoint><Time>2026-08-12T14:49:40.000Z</Time><Position><LatitudeDegrees>58.63406673502263</LatitudeDegrees><LongitudeDegrees>59.80335456302982</LongitudeDegrees></Position></Trackpoint><Trackpoint><Time>2026-08-12T14:49:41.000Z</Time><Position><LatitudeDegrees>58.634055916262525</LatitudeDegrees><LongitudeDegrees>59.80335085965658</LongitudeDegrees></Position></Trackpoint><Trackpoint><Time>2026-08-12T14:49:42.000Z</Time><Position><LatitudeDegrees>58.63404560787581</LatitudeDegrees><LongitudeDegrees>59.80333875509827</LongitudeDegrees></Position></Trackpoint><Trackpoint><Time>2026-08-12T14:49:43.000Z</Time><Position><LatitudeDegrees>58.63403634313309</LatitudeDegrees><LongitudeDegrees>59.80332327542166</LongitudeDegrees></Position></Trackpoint><Trackpoint><Time>2026-08-12T14:49:44.000Z</Time><Position><LatitudeDegrees>58.63403408303027</LatitudeDegrees><LongitudeDegrees>59.80331133021556</LongitudeDegrees></Position></Trackpoint><Trackpoint><Time>2026-08-12T14:49:45.000Z</Time><Position><LatitudeDegrees>58.63403548736315</LatitudeDegrees><LongitudeDegrees>59.803301394550154</LongitudeDegrees></Position></Trackpoint><Trackpoint><Time>2026-08-12T14:49:46.000Z</Time><Position><LatitudeDegrees>58.63403919981008</LatitudeDegrees><LongitudeDegrees>59.80329307209762</LongitudeDegrees></Position></Trackpoint><Trackpoint><Time>2026-08-12T14:49:47.000Z</Time><Position><LatitudeDegrees>58.634043386328415</LatitudeDegrees><LongitudeDegrees>59.80328746141536</LongitudeDegrees></Position></Trackpoint><Trackpoint><Time>2026-08-12T14:49:48.000Z</Time><Position><LatitudeDegrees>58.6340482099731</LatitudeDegrees><LongitudeDegrees>59.80328466687435</LongitudeDegrees></Position></Trackpoint><Trackpoint><Time>2026-08-12T14:49:49.000Z</Time><Position><LatitudeDegrees>58.63405414573203</LatitudeDegrees><LongitudeDegrees>59.803285838842406</LongitudeDegrees></Position></Trackpoint><Trackpoint><Time>2026-08-12T14:49:50.000Z</Time><Position><LatitudeDegrees>58.63406075687225</LatitudeDegrees><LongitudeDegrees>59.8032924108158</LongitudeDegrees></Position></Trackpoint><Trackpoint><Time>2026-08-12T14:49:51.000Z</Time><Position><LatitudeDegrees>58.6340672872378</LatitudeDegrees><LongitudeDegrees>59.80330183202049</LongitudeDegrees></Position></Trackpoint><Trackpoint><Time>2026-08-12T14:49:52.000Z</Time><Position><LatitudeDegrees>58.63407196695387</LatitudeDegrees><LongitudeDegrees>59.80331366548938</LongitudeDegrees></Position></Trackpoint><Trackpoint><Time>2026-08-12T14:49:53.000Z</Time><Position><LatitudeDegrees>58.634072835823204</LatitudeDegrees><LongitudeDegrees>59.803327911265</LongitudeDegrees></Position></Trackpoint><Trackpoint><Time>2026-08-12T14:49:54.000Z</Time><Position><LatitudeDegrees>58.63406957568761</LatitudeDegrees><LongitudeDegrees>59.803344259748954</LongitudeDegrees></Position></Trackpoint><Trackpoint><Time>2026-08-12T14:49:55.000Z</Time><Position><LatitudeDegrees>58.63406160624924</LatitudeDegrees><LongitudeDegrees>59.80336476161197</LongitudeDegrees></Position></Trackpoint><Trackpoint><Time>2026-08-12T14:49:56.000Z</Time><Position><LatitudeDegrees>58.63405076178581</LatitudeDegrees><LongitudeDegrees>59.80338874908747</LongitudeDegrees></Position></Trackpoint><Trackpoint><Time>2026-08-12T14:49:57.000Z</Time><Position><LatitudeDegrees>58.63403816671918</LatitudeDegrees><LongitudeDegrees>59.803417947846924</LongitudeDegrees></Position></Trackpoint><Trackpoint><Time>2026-08-12T14:49:58.000Z</Time><Position><LatitudeDegrees>58.63402352958979</LatitudeDegrees><LongitudeDegrees>59.80345484777209</LongitudeDegrees></Position></Trackpoint><Trackpoint><Time>2026-08-12T14:49:59.000Z</Time><Position><LatitudeDegrees>58.6340084612924</LatitudeDegrees><LongitudeDegrees>59.80349703779323</LongitudeDegrees></Position></Trackpoint><Trackpoint><Time>2026-08-12T14:50:00.000Z</Time><Position><LatitudeDegrees>58.633990253312625</LatitudeDegrees><LongitudeDegrees>59.80353892909068</LongitudeDegrees></Position></Trackpoint><Trackpoint><Time>2026-08-12T14:50:01.000Z</Time><Position><LatitudeDegrees>58.633969661999245</LatitudeDegrees><LongitudeDegrees>59.80357825834285</LongitudeDegrees></Position></Trackpoint><Trackpoint><Time>2026-08-12T14:50:02.000Z</Time><Position><LatitudeDegrees>58.63394730473917</LatitudeDegrees><LongitudeDegrees>59.80361393266247</LongitudeDegrees></Position></Trackpoint><Trackpoint><Time>2026-08-12T14:50:03.000Z</Time><Position><LatitudeDegrees>58.63392513128138</LatitudeDegrees><LongitudeDegrees>59.80364743989901</LongitudeDegrees></Position></Trackpoint><Trackpoint><Time>2026-08-12T14:50:04.000Z</Time><Position><LatitudeDegrees>58.63390392100675</LatitudeDegrees><LongitudeDegrees>59.803682118993436</LongitudeDegrees></Position></Trackpoint><Trackpoint><Time>2026-08-12T14:50:05.000Z</Time><Position><LatitudeDegrees>58.633885340099084</LatitudeDegrees><LongitudeDegrees>59.803720173848035</LongitudeDegrees></Position></Trackpoint><Trackpoint><Time>2026-08-12T14:50:06.000Z</Time><Position><LatitudeDegrees>58.63386924766255</LatitudeDegrees><LongitudeDegrees>59.80376256844017</LongitudeDegrees></Position></Trackpoint><Trackpoint><Time>2026-08-12T14:50:08.000Z</Time><Position><LatitudeDegrees>58.63385379744819</LatitudeDegrees><LongitudeDegrees>59.803809142769126</LongitudeDegrees></Position></Trackpoint></Track></Lap></Activity></Activities></TrainingCenterDatabase>