<?xml version='1.0' encoding='UTF-8' standalone='yes' ?><TrainingCenterDatabase creator="Mi Fitness" version="1.0" xmlns="http://www.garmin.com/xmlschemas/TrainingCenterDatabase/v2" xmlns:xsi="http://www.w3.org/2001/XMLSchema-instance" xsi:schemaLocation="http://www.garmin.com/xmlschemas/TrainingCenterDatabase/v2 http://www.garmin.com/xmlschemas/TrainingCenterDatabasev2.xsd"><Activities><Activity Sport=""><Id>2026-07-13T19:58:36.000Z</Id><Calories>129</Calories><Lap><TotalTimeSeconds>914</TotalTimeSeconds><DistanceMeters>1265</DistanceMeters><Calories>80</Calories><HeartRateBpm>105</HeartRateBpm><AverageSpeed>4.9824944</AverageSpeed><Steps>1529</Steps><Track><Trackpoint><Time>2026-07-13T19:58:35.000Z</Time><Position><LatitudeDegrees>58.63569259643555</LatitudeDegrees><LongitudeDegrees>59.7840461730957</LongitudeDegrees></Position></Trackpoint><Trackpoint><Time>2026-07-13T19:58:36.000Z</Time><Position><LatitudeDegrees>58.63570841599484</LatitudeDegrees><LongitudeDegrees>59.7840240257127</LongitudeDegrees></Position></Trackpoint><Trackpoint><Time>2026-07-13T19:58:37.000Z</Time><Position><LatitudeDegrees>58.63570759103161</LatitudeDegrees><LongitudeDegrees>59.78402327923972</LongitudeDegrees></Position></Trackpoint><Trackpoint><Time>2026-07-13T19:58:38.000Z</Time><Position><LatitudeDegrees>58.63570543128846</LatitudeDegrees><LongitudeDegrees>59.7840237916167</LongitudeDegrees></Position></Trackpoint><Trackpoint><Time>2026-07-13T19:58:39.000Z</Time><Position><LatitudeDegrees>58.635703965011956</LatitudeDegrees><LongitudeDegrees>59.78402388401764</LongitudeDegrees></Position></Trackpoint><Trackpoint><Time>2026-07-13T19:58:40.000Z</Time><Position><LatitudeDegrees>58.63570342566738</LatitudeDegrees><LongitudeDegrees>59.7840233200018</LongitudeDegrees></Position></Trackpoint><Trackpoint><Time>2026-07-13T19:58:41.000Z</Time><Position><LatitudeDegrees>58.635704040527344</LatitudeDegrees><LongitudeDegrees>59.78401565551758</LongitudeDegrees></Position></Trackpoint><Trackpoint><Time>2026-07-13T19:58:42.000Z</Time><Position><LatitudeDegrees>58.63570429441377</LatitudeDegrees><LongitudeDegrees>59.784020086540046</LongitudeDegrees></Position></Trackpoint><Trackpoint><Time>2026-07-13T19:58:43.000Z</Time><Position><LatitudeDegrees>58.63570659062043</LatitudeDegrees><LongitudeDegrees>59.78401573047069</LongitudeDegrees></Position></Trackpoint><Trackpoint><Time>2026-07-13T19:58:44.000Z</Time><Position><LatitudeDegrees>58.63570965914414</LatitudeDegrees><LongitudeDegrees>59.78401000635</LongitudeDegrees></Position></Trackpoint><Trackpoint><Time>2026-07-13T19:58:45.000Z</Time><Position><LatitudeDegrees>58.63571264916881</LatitudeDegrees><LongitudeDegrees>59.78400494871526</LongitudeDegrees></Position></Trackpoint><Trackpoint><Time>2026-07-13T19:58:46.000Z</Time><Position><LatitudeDegrees>58.63571571317164</LatitudeDegrees><LongitudeDegrees>59.784001303606814</LongitudeDegrees></Position></Trackpoint><Trackpoint><Time>2026-07-13T19:58:47.000Z</Time><Position><LatitudeDegrees>58.635719731766095</LatitudeDegrees><LongitudeDegrees>59.7839996118382</LongitudeDegrees></Position></Trackpoint><Trackpoint><Time>2026-07-13T19:58:48.000Z</Time><Position><LatitudeDegrees>58.63572197236304</LatitudeDegrees><LongitudeDegrees>59.78399713204957</LongitudeDegrees></Position></Trackpoint><Trackpoint><Time>2026-07-13T19:58:49.000Z</Time><Position><LatitudeDegrees>58.635730423636254</LatitudeDegrees><LongitudeDegrees>59.783992717976076</LongitudeDegrees></Position></Trackpoint><Trackpoint><Time>2026-07-13T19:58:50.000Z</Time><Position><LatitudeDegrees>58.63572921475474</LatitudeDegrees><LongitudeDegrees>59.78399693499683</LongitudeDegrees></Position></Trackpoint><Trackpoint><Time>2026-07-13T19:58:51.000Z</Time><Position><LatitudeDegrees>58.63573066814625</LatitudeDegrees><LongitudeDegrees>59.783996899417545</LongitudeDegrees></Position></Trackpoint><Trackpoint><Time>2026-07-13T19:58:52.000Z</Time><Position><LatitudeDegrees>58.635732255585886</LatitudeDegrees><LongitudeDegrees>59.783999292114146</LongitudeDegrees></Position></Trackpoint><Trackpoint><Time>2026-07-13T19:58:53.000Z</Time><Position><LatitudeDegrees>58.635731736028745</LatitudeDegrees><LongitudeDegrees>59.784005805022574</LongitudeDegrees></Position></Trackpoint><Trackpoint><Time>2026-07-13T19:58:54.000Z</Time><Position><LatitudeDegrees>58.635730415433294</LatitudeDegrees><LongitudeDegrees>59.784014158052635</LongitudeDegrees></Position></Trackpoint><Trackpoint><Time>2026-07-13T19:58:55.000Z</Time><Position><LatitudeDegrees>58.63572795521948</LatitudeDegrees><LongitudeDegrees>59.784020727969086</LongitudeDegrees></Position></Trackpoint><Trackpoint><Time>2026-07-13T19:58:56.000Z</Time><Position><LatitudeDegrees>58.63572436221696</LatitudeDegrees><LongitudeDegrees>59.78402229302599</LongitudeDegrees></Position></Trackpoint><Trackpoint><Time>2026-07-13T19:58:57.000Z</Time><Position><LatitudeDegrees>58.635720763851175</LatitudeDegrees><LongitudeDegrees>59.784016210325845</LongitudeDegrees></Position></Trackpoint><Trackpoint><Time>2026-07-13T19:58:58.000Z</Time><Position><LatitudeDegrees>58.635721052396036</LatitudeDegrees><LongitudeDegrees>59.784005310677415</LongitudeDegrees></Position></Trackpoint><Trackpoint><Time>2026-07-13T19:58:59.000Z</Time><Position><LatitudeDegrees>58.63572682155089</LatitudeDegrees><LongitudeDegrees>59.78399676386652</LongitudeDegrees></Position></Trackpoint><Trackpoint><Time>2026-07-13T19:59:00.000Z</Time><Position><LatitudeDegrees>58.635734107341285</LatitudeDegrees><LongitudeDegrees>59.78399273105592</LongitudeDegrees></Position></Trackpoint><Trackpoint><Time>2026-07-13T19:59:01.000Z</Time><Position><LatitudeDegrees>58.63573961378072</LatitudeDegrees><LongitudeDegrees>59.78399450214062</LongitudeDegrees></Position></Trackpoint><Trackpoint><Time>2026-07-13T19:59:02.000Z</Time><Position><LatitudeDegrees>58.63574319107031</LatitudeDegrees><LongitudeDegrees>59.783998436146895</LongitudeDegrees></Position></Trackpoint><Trackpoint><Time>2026-07-13T19:59:08.000Z</Time><Position><LatitudeDegrees>58.63573866018329</LatitudeDegrees><LongitudeDegrees>59.78401010015194</LongitudeDegrees></Position></Trackpoint><Trackpoint><Time>2026-07-13T19:59:09.000Z</Time><Position><LatitudeDegrees>58.63572892355816</LatitudeDegrees><LongitudeDegrees>59.78402394018147</LongitudeDegrees></Position></Trackpoint><Trackpoint><Time>2026-07-13T19:59:10.000Z</Time><Position><LatitudeDegrees>58.635712907000766</LatitudeDegrees><LongitudeDegrees>59.78404130651918</LongitudeDegrees></Position></Trackpoint><Trackpoint><Time>2026-07-13T19:59:11.000Z</Time><Position><LatitudeDegrees>58.63569489102689</LatitudeDegrees><LongitudeDegrees>59.78406034421813</LongitudeDegrees></Position></Trackpoint><Trackpoint><Time>2026-07-13T19:59:12.000Z</Time><Position><LatitudeDegrees>58.635673957454024</LatitudeDegrees><LongitudeDegrees>59.78408252288573</LongitudeDegrees></Position></Trackpoint><Trackpoint><Time>2026-07-13T19:59:13.000Z</Time><Position><LatitudeDegrees>58.6356520610559</LatitudeDegrees><LongitudeDegrees>59.78410510695302</LongitudeDegrees></Position></Trackpoint><Trackpoint><Time>2026-07-13T19:59:14.000Z</Time><Position><LatitudeDegrees>58.63563110967192</LatitudeDegrees><LongitudeDegrees>59.78412789701029</LongitudeDegrees></Position></Trackpoint><Trackpoint><Time>2026-07-13T19:59:15.000Z</Time><Position><LatitudeDegrees>58.63561176772283</LatitudeDegrees><LongitudeDegrees>59.78415078449547</LongitudeDegrees></Position></Trackpoint><Trackpoint><Time>2026-07-13T19:59:16.000Z</Time><Position><LatitudeDegrees>58.635595081491964</LatitudeDegrees><LongitudeDegrees>59.78417420180498</LongitudeDegrees></Position></Trackpoint><Trackpoint><Time>2026-07-13T19:59:17.000Z</Time><Position><LatitudeDegrees>58.63558114101628</LatitudeDegrees><LongitudeDegrees>59.784198259011916</LongitudeDegrees></Position></Trackpoint><Trackpoint><Time>2026-07-13T19:59:18.000Z</Time><Position><LatitudeDegrees>58.63557012057309</LatitudeDegrees><LongitudeDegrees>59.784221940096955</LongitudeDegrees></Position></Trackpoint><Trackpoint><Time>2026-07-13T19:59:19.000Z</Time><Position><LatitudeDegrees>58.635562206764476</LatitudeDegrees><LongitudeDegrees>59.78424487490414</LongitudeDegrees></Position></Trackpoint><Trackpoint><Time>2026-07-13T19:59:20.000Z</Time><Position><LatitudeDegrees>58.63555707770755</LatitudeDegrees><LongitudeDegrees>59.78426651716391</LongitudeDegrees></Position></Trackpoint><Trackpoint><Time>2026-07-13T19:59:21.000Z</Time><Position><LatitudeDegrees>58.635554243421545</LatitudeDegrees><LongitudeDegrees>59.78428680780075</LongitudeDegrees></Position></Trackpoint><Trackpoint><Time>2026-07-13T19:59:22.000Z</Time><Position><LatitudeDegrees>58.635552717975045</LatitudeDegrees><LongitudeDegrees>59.78430638557477</LongitudeDegrees></Position></Trackpoint><Trackpoint><Time>2026-07-13T19:59:23.000Z</Time><Position><LatitudeDegrees>58.63555192734105</LatitudeDegrees><LongitudeDegrees>59.784324625822315</LongitudeDegrees></Position></Trackpoint><Trackpoint><Time>2026-07-13T19:59:24.000Z</Time><Position><LatitudeDegrees>58.6355510511934</LatitudeDegrees><LongitudeDegrees>59.784341442955544</LongitudeDegrees></Position></Trackpoint><Trackpoint><Time>2026-07-13T19:59:25.000Z</Time><Position><LatitudeDegrees>58.63554976266999</LatitudeDegrees><LongitudeDegrees>59.78435698438111</LongitudeDegrees></Position></Trackpoint><Trackpoint><Time>2026-07-13T19:59:26.000Z</Time><Position><LatitudeDegrees>58.63554846969651</LatitudeDegrees><LongitudeDegrees>59.78437294337299</LongitudeDegrees></Position></Trackpoint><Trackpoint><Time>2026-07-13T19:59:27.000Z</Time><Position><LatitudeDegrees>58.635547830452154</LatitudeDegrees><LongitudeDegrees>59.78439045329449</LongitudeDegrees></Position></Trackpoint><Trackpoint><Time>2026-07-13T19:59:28.000Z</Time><Position><LatitudeDegrees>58.6355475424813</LatitudeDegrees><LongitudeDegrees>59.784408802621705</LongitudeDegrees></Position></Trackpoint><Trackpoint><Time>2026-07-13T19:59:29.000Z</Time><Position><LatitudeDegrees>58.63554792574782</LatitudeDegrees><LongitudeDegrees>59.78442808019953</LongitudeDegrees></Position></Trackpoint><Trackpoint><Time>2026-07-13T19:59:30.000Z</Time><Position><LatitudeDegrees>58.63554853626061</LatitudeDegrees><LongitudeDegrees>59.78444771386708</LongitudeDegrees></Position></Trackpoint><Trackpoint><Time>2026-07-13T19:59:31.000Z</Time><Position><LatitudeDegrees>58.63554965161321</LatitudeDegrees><LongitudeDegrees>59.784467422285836</LongitudeDegrees></Position></Trackpoint><Trackpoint><Time>2026-07-13T19:59:32.000Z</Time><Position><LatitudeDegrees>58.635550831721865</LatitudeDegrees><LongitudeDegrees>59.78448854882887</LongitudeDegrees></Position></Trackpoint><Trackpoint><Time>2026-07-13T19:59:33.000Z</Time><Position><LatitudeDegrees>58.63555237664468</LatitudeDegrees><LongitudeDegrees>59.78451146472791</LongitudeDegrees></Position></Trackpoint><Trackpoint><Time>2026-07-13T19:59:34.000Z</Time><Position><LatitudeDegrees>58.63555436313225</LatitudeDegrees><LongitudeDegrees>59.784535603596815</LongitudeDegrees></Position></Trackpoint><Trackpoint><Time>2026-07-13T19:59:35.000Z</Time><Position><LatitudeDegrees>58.63555627650824</LatitudeDegrees><LongitudeDegrees>59.7845595959913</LongitudeDegrees></Position></Trackpoint><Trackpoint><Time>2026-07-13T19:59:36.000Z</Time><Position><LatitudeDegrees>58.635558403806144</LatitudeDegrees><LongitudeDegrees>59.78458289672832</LongitudeDegrees></Position></Trackpoint><Trackpoint><Time>2026-07-13T19:59:37.000Z</Time><Position><LatitudeDegrees>58.635560346168766</LatitudeDegrees><LongitudeDegrees>59.78460390122464</LongitudeDegrees></Position></Trackpoint><Trackpoint><Time>2026-07-13T19:59:38.000Z</Time><Position><LatitudeDegrees>58.63556196306957</LatitudeDegrees><LongitudeDegrees>59.784622243378415</LongitudeDegrees></Position></Trackpoint><Trackpoint><Time>2026-07-13T19:59:39.000Z</Time><Position><LatitudeDegrees>58.63556323840757</LatitudeDegrees><LongitudeDegrees>59.78463909334555</LongitudeDegrees></Position></Trackpoint><Trackpoint><Time>2026-07-13T19:59:40.000Z</Time><Position><LatitudeDegrees>58.635565678222775</LatitudeDegrees><LongitudeDegrees>59.784655124555165</LongitudeDegrees></Position></Trackpoint><Trackpoint><Time>2026-07-13T19:59:41.000Z</Time><Position><LatitudeDegrees>58.63556877407255</LatitudeDegrees><LongitudeDegrees>59.784670719434125</LongitudeDegrees></Position></Trackpoint><Trackpoint><Time>2026-07-13T19:59:42.000Z</Time><Position><LatitudeDegrees>58.635572232362236</LatitudeDegrees><LongitudeDegrees>59.78468560187032</LongitudeDegrees></Position></Trackpoint><Trackpoint><Time>2026-07-13T19:59:43.000Z</Time><Position><LatitudeDegrees>58.635575885661126</LatitudeDegrees><LongitudeDegrees>59.784701708035016</LongitudeDegrees></Position></Trackpoint><Trackpoint><Time>2026-07-13T19:59:44.000Z</Time><Position><LatitudeDegrees>58.63558012959717</LatitudeDegrees><LongitudeDegrees>59.78472114707624</LongitudeDegrees></Position></Trackpoint><Trackpoint><Time>2026-07-13T19:59:45.000Z</Time><Position><LatitudeDegrees>58.63558456168514</LatitudeDegrees><LongitudeDegrees>59.784743380620604</LongitudeDegrees></Position></Trackpoint><Trackpoint><Time>2026-07-13T19:59:46.000Z</Time><Position><LatitudeDegrees>58.635588502408574</LatitudeDegrees><LongitudeDegrees>59.78476635944588</LongitudeDegrees></Position></Trackpoint><Trackpoint><Time>2026-07-13T19:59:47.000Z</Time><Position><LatitudeDegrees>58.635591734985816</LatitudeDegrees><LongitudeDegrees>59.78478963356897</LongitudeDegrees></Position></Trackpoint><Trackpoint><Time>2026-07-13T19:59:48.000Z</Time><Position><LatitudeDegrees>58.635594261028444</LatitudeDegrees><LongitudeDegrees>59.78481297977079</LongitudeDegrees></Position></Trackpoint><Trackpoint><Time>2026-07-13T19:59:49.000Z</Time><Position><LatitudeDegrees>58.63559666149343</LatitudeDegrees><LongitudeDegrees>59.78483776570295</LongitudeDegrees></Position></Trackpoint><Trackpoint><Time>2026-07-13T19:59:50.000Z</Time><Position><LatitudeDegrees>58.63559919175593</LatitudeDegrees><LongitudeDegrees>59.784863390601544</LongitudeDegrees></Position></Trackpoint><Trackpoint><Time>2026-07-13T19:59:51.000Z</Time><Position><LatitudeDegrees>58.63560242993925</LatitudeDegrees><LongitudeDegrees>59.78488852015064</LongitudeDegrees></Position></Trackpoint><Trackpoint><Time>2026-07-13T19:59:52.000Z</Time><Position><LatitudeDegrees>58.635606523273275</LatitudeDegrees><LongitudeDegrees>59.784912668411806</LongitudeDegrees></Position></Trackpoint><Trackpoint><Time>2026-07-13T19:59:53.000Z</Time><Position><LatitudeDegrees>58.635611422634895</LatitudeDegrees><LongitudeDegrees>59.784937230038075</LongitudeDegrees></Position></Trackpoint><Trackpoint><Time>2026-07-13T19:59:54.000Z</Time><Position><LatitudeDegrees>58.63561700434115</LatitudeDegrees><LongitudeDegrees>59.78496174711804</LongitudeDegrees></Position></Trackpoint><Trackpoint><Time>2026-07-13T19:59:55.000Z</Time><Position><LatitudeDegrees>58.63562264026675</LatitudeDegrees><LongitudeDegrees>59.78498652639659</LongitudeDegrees></Position></Trackpoint><Trackpoint><Time>2026-07-13T19:59:56.000Z</Time><Position><LatitudeDegrees>58.63562855438041</LatitudeDegrees><LongitudeDegrees>59.7850116605487</LongitudeDegrees></Position></Trackpoint><Trackpoint><Time>2026-07-13T19:59:57.000Z</Time><Position><LatitudeDegrees>58.635634313604264</LatitudeDegrees><LongitudeDegrees>59.78503665258292</LongitudeDegrees></Position></Trackpoint><Trackpoint><Time>2026-07-13T19:59:58.000Z</Time><Position><LatitudeDegrees>58.63563975946229</LatitudeDegrees><LongitudeDegrees>59.785060826451584</LongitudeDegrees></Position></Trackpoint><Trackpoint><Time>2026-07-13T19:59:59.000Z</Time><Position><LatitudeDegrees>58.635644377298185</LatitudeDegrees><LongitudeDegrees>59.785083519135426</LongitudeDegrees></Position></Trackpoint><Trackpoint><Time>2026-07-13T20:00:00.000Z</Time><Position><LatitudeDegrees>58.63564855104533</LatitudeDegrees><LongitudeDegrees>59.785104647688826</LongitudeDegrees></Position></Trackpoint><Trackpoint><Time>2026-07-13T20:00:01.000Z</Time><Position><LatitudeDegrees>58.635652495818405</LatitudeDegrees><LongitudeDegrees>59.7851248683164</LongitudeDegrees></Position></Trackpoint><Trackpoint><Time>2026-07-13T20:00:02.000Z</Time><Position><LatitudeDegrees>58.63565632959729</LatitudeDegrees><LongitudeDegrees>59.785144567796</LongitudeDegrees></Position></Trackpoint><Trackpoint><Time>2026-07-13T20:00:03.000Z</Time><Position><LatitudeDegrees>58.63566011521597</LatitudeDegrees><LongitudeDegrees>59.785163482693584</LongitudeDegrees></Position></Trackpoint><Trackpoint><Time>2026-07-13T20:00:04.000Z</Time><Position><LatitudeDegrees>58.63566339512224</LatitudeDegrees><LongitudeDegrees>59.78518258443937</LongitudeDegrees></Position></Trackpoint><Trackpoint><Time>2026-07-13T20:00:05.000Z</Time><Position><LatitudeDegrees>58.635667025009525</LatitudeDegrees><LongitudeDegrees>59.78520273872965</LongitudeDegrees></Position></Trackpoint><Trackpoint><Time>2026-07-13T20:00:06.000Z</Time><Position><LatitudeDegrees>58.63567082275073</LatitudeDegrees><LongitudeDegrees>59.785223677383925</LongitudeDegrees></Position></Trackpoint><Trackpoint><Time>2026-07-13T20:00:07.000Z</Time><Position><LatitudeDegrees>58.63567567101731</LatitudeDegrees><LongitudeDegrees>59.78524274123149</LongitudeDegrees></Position></Trackpoint><Trackpoint><Time>2026-07-13T20:00:08.000Z</Time><Position><LatitudeDegrees>58.63568032965759</LatitudeDegrees><LongitudeDegrees>59.785260544597634</LongitudeDegrees></Position></Trackpoint><Trackpoint><Time>2026-07-13T20:00:09.000Z</Time><Position><LatitudeDegrees>58.63568480188462</LatitudeDegrees><LongitudeDegrees>59.785276033431025</LongitudeDegrees></Position></Trackpoint><Trackpoint><Time>2026-07-13T20:00:10.000Z</Time><Position><LatitudeDegrees>58.63568911294752</LatitudeDegrees><LongitudeDegrees>59.78528956031556</LongitudeDegrees></Position></Trackpoint><Trackpoint><Time>2026-07-13T20:00:12.000Z</Time><Position><LatitudeDegrees>58.635692804319255</LatitudeDegrees><LongitudeDegrees>59.78529956382775</LongitudeDegrees></Position></Trackpoint><Trackpoint><Time>2026-07-13T20:00:13.000Z</Time><Position><LatitudeDegrees>58.63569527708891</LatitudeDegrees><LongitudeDegrees>59.78530634275144</LongitudeDegrees></Position></Trackpoint><Trackpoint><Time>2026-07-13T20:00:14.000Z</Time><Position><LatitudeDegrees>58.63570022583008</LatitudeDegrees><LongitudeDegrees>59.785316467285156</LongitudeDegrees></Position></Trackpoint><Trackpoint><Time>2026-07-13T20:00:15.000Z</Time><Position><LatitudeDegrees>58.63569693062135</LatitudeDegrees><LongitudeDegrees>59.785310923617466</LongitudeDegrees></Position></Trackpoint><Trackpoint><Time>2026-07-13T20:00:16.000Z</Time><Position><LatitudeDegrees>58.635698034536205</LatitudeDegrees><LongitudeDegrees>59.78531450091345</LongitudeDegrees></Position></Trackpoint><Trackpoint><Time>2026-07-13T20:00:18.000Z</Time><Position><LatitudeDegrees>58.63569641113281</LatitudeDegrees><LongitudeDegrees>59.78532409667969</LongitudeDegrees></Position></Trackpoint><Trackpoint><Time>2026-07-13T20:00:26.000Z</Time><Position><LatitudeDegrees>58.635696322361305</LatitudeDegrees><LongitudeDegrees>59.785317695375916</LongitudeDegrees></Position></Trackpoint><Trackpoint><Time>2026-07-13T20:00:27.000Z</Time><Position><LatitudeDegrees>58.63569318057118</LatitudeDegrees><LongitudeDegrees>59.78532228061283</LongitudeDegrees></Position></Trackpoint><Trackpoint><Time>2026-07-13T20:00:28.000Z</Time><Position><LatitudeDegrees>58.63568985326184</LatitudeDegrees><LongitudeDegrees>59.7853288085513</LongitudeDegrees></Position></Trackpoint><Trackpoint><Time>2026-07-13T20:00:29.000Z</Time><Position><LatitudeDegrees>58.635685897383375</LatitudeDegrees><LongitudeDegrees>59.78533774676113</LongitudeDegrees></Position></Trackpoint><Trackpoint><Time>2026-07-13T20:00:30.000Z</Time><Position><LatitudeDegrees>58.635680721538336</LatitudeDegrees><LongitudeDegrees>59.785347999227234</LongitudeDegrees></Position></Trackpoint><Trackpoint><Time>2026-07-13T20:00:31.000Z</Time><Position><LatitudeDegrees>58.635674238750404</LatitudeDegrees><LongitudeDegrees>59.78536090433373</LongitudeDegrees></Position></Trackpoint><Trackpoint><Time>2026-07-13T20:00:32.000Z</Time><Position><LatitudeDegrees>58.63566658094396</LatitudeDegrees><LongitudeDegrees>59.78537618319883</LongitudeDegrees></Position></Trackpoint><Trackpoint><Time>2026-07-13T20:00:33.000Z</Time><Position><LatitudeDegrees>58.63565697404049</LatitudeDegrees><LongitudeDegrees>59.785395374743864</LongitudeDegrees></Position></Trackpoint><Trackpoint><Time>2026-07-13T20:00:34.000Z</Time><Position><LatitudeDegrees>58.63564681824413</LatitudeDegrees><LongitudeDegrees>59.785418120950794</LongitudeDegrees></Position></Trackpoint><Trackpoint><Time>2026-07-13T20:00:35.000Z</Time><Position><LatitudeDegrees>58.63563725026585</LatitudeDegrees><LongitudeDegrees>59.78543990125542</LongitudeDegrees></Position></Trackpoint><Trackpoint><Time>2026-07-13T20:00:36.000Z</Time><Position><LatitudeDegrees>58.63562866279557</LatitudeDegrees><LongitudeDegrees>59.785459957132005</LongitudeDegrees></Position></Trackpoint><Trackpoint><Time>2026-07-13T20:00:37.000Z</Time><Position><LatitudeDegrees>58.63562060209875</LatitudeDegrees><LongitudeDegrees>59.785478687132695</LongitudeDegrees></Position></Trackpoint><Trackpoint><Time>2026-07-13T20:00:38.000Z</Time><Position><LatitudeDegrees>58.635612324091184</LatitudeDegrees><LongitudeDegrees>59.78549691517934</LongitudeDegrees></Position></Trackpoint><Trackpoint><Time>2026-07-13T20:00:39.000Z</Time><Position><LatitudeDegrees>58.63560452944692</LatitudeDegrees><LongitudeDegrees>59.785515534626086</LongitudeDegrees></Position></Trackpoint><Trackpoint><Time>2026-07-13T20:00:40.000Z</Time><Position><LatitudeDegrees>58.63559695507735</LatitudeDegrees><LongitudeDegrees>59.78553486315036</LongitudeDegrees></Position></Trackpoint><Trackpoint><Time>2026-07-13T20:00:41.000Z</Time><Position><LatitudeDegrees>58.63558897475124</LatitudeDegrees><LongitudeDegrees>59.7855549405733</LongitudeDegrees></Position></Trackpoint><Trackpoint><Time>2026-07-13T20:00:42.000Z</Time><Position><LatitudeDegrees>58.63558038266962</LatitudeDegrees><LongitudeDegrees>59.785577645617025</LongitudeDegrees></Position></Trackpoint><Trackpoint><Time>2026-07-13T20:00:43.000Z</Time><Position><LatitudeDegrees>58.63557117259548</LatitudeDegrees><LongitudeDegrees>59.78560145630834</LongitudeDegrees></Position></Trackpoint><Trackpoint><Time>2026-07-13T20:00:44.000Z</Time><Position><LatitudeDegrees>58.63556240049988</LatitudeDegrees><LongitudeDegrees>59.785626093550356</LongitudeDegrees></Position></Trackpoint><Trackpoint><Time>2026-07-13T20:00:45.000Z</Time><Position><LatitudeDegrees>58.635555424274244</LatitudeDegrees><LongitudeDegrees>59.78565035709389</LongitudeDegrees></Position></Trackpoint><Trackpoint><Time>2026-07-13T20:00:46.000Z</Time><Position><LatitudeDegrees>58.63555008303575</LatitudeDegrees><LongitudeDegrees>59.785674779821186</LongitudeDegrees></Position></Trackpoint><Trackpoint><Time>2026-07-13T20:00:47.000Z</Time><Position><LatitudeDegrees>58.63554610067936</LatitudeDegrees><LongitudeDegrees>59.785699071149295</LongitudeDegrees></Position></Trackpoint><Trackpoint><Time>2026-07-13T20:00:48.000Z</Time><Position><LatitudeDegrees>58.63554416830659</LatitudeDegrees><LongitudeDegrees>59.785723128271364</LongitudeDegrees></Position></Trackpoint><Trackpoint><Time>2026-07-13T20:00:49.000Z</Time><Position><LatitudeDegrees>58.635544307423785</LatitudeDegrees><LongitudeDegrees>59.7857469389081</LongitudeDegrees></Position></Trackpoint><Trackpoint><Time>2026-07-13T20:00:50.000Z</Time><Position><LatitudeDegrees>58.635545771404765</LatitudeDegrees><LongitudeDegrees>59.78577004002786</LongitudeDegrees></Position></Trackpoint><Trackpoint><Time>2026-07-13T20:00:51.000Z</Time><Position><LatitudeDegrees>58.63554906194095</LatitudeDegrees><LongitudeDegrees>59.78579380083608</LongitudeDegrees></Position></Trackpoint><Trackpoint><Time>2026-07-13T20:00:52.000Z</Time><Position><LatitudeDegrees>58.63555268237814</LatitudeDegrees><LongitudeDegrees>59.785818210936576</LongitudeDegrees></Position></Trackpoint><Trackpoint><Time>2026-07-13T20:00:53.000Z</Time><Position><LatitudeDegrees>58.63555499478069</LatitudeDegrees><LongitudeDegrees>59.78584269310155</LongitudeDegrees></Position></Trackpoint><Trackpoint><Time>2026-07-13T20:00:54.000Z</Time><Position><LatitudeDegrees>58.63555549247636</LatitudeDegrees><LongitudeDegrees>59.785867000359985</LongitudeDegrees></Position></Trackpoint><Trackpoint><Time>2026-07-13T20:00:55.000Z</Time><Position><LatitudeDegrees>58.63555371010487</LatitudeDegrees><LongitudeDegrees>59.785889584618104</LongitudeDegrees></Position></Trackpoint><Trackpoint><Time>2026-07-13T20:00:56.000Z</Time><Position><LatitudeDegrees>58.635549259047906</LatitudeDegrees><LongitudeDegrees>59.78591051907438</LongitudeDegrees></Position></Trackpoint><Trackpoint><Time>2026-07-13T20:00:57.000Z</Time><Position><LatitudeDegrees>58.63554428022369</LatitudeDegrees><LongitudeDegrees>59.78593200406642</LongitudeDegrees></Position></Trackpoint><Trackpoint><Time>2026-07-13T20:00:58.000Z</Time><Position><LatitudeDegrees>58.63553923346125</LatitudeDegrees><LongitudeDegrees>59.78595389588496</LongitudeDegrees></Position></Trackpoint><Trackpoint><Time>2026-07-13T20:00:59.000Z</Time><Position><LatitudeDegrees>58.6355348064639</LatitudeDegrees><LongitudeDegrees>59.78597608313016</LongitudeDegrees></Position></Trackpoint><Trackpoint><Time>2026-07-13T20:01:00.000Z</Time><Position><LatitudeDegrees>58.63553071329428</LatitudeDegrees><LongitudeDegrees>59.78599750278506</LongitudeDegrees></Position></Trackpoint><Trackpoint><Time>2026-07-13T20:01:01.000Z</Time><Position><LatitudeDegrees>58.63552630373693</LatitudeDegrees><LongitudeDegrees>59.78601732597225</LongitudeDegrees></Position></Trackpoint><Trackpoint><Time>2026-07-13T20:01:02.000Z</Time><Position><LatitudeDegrees>58.635520861008715</LatitudeDegrees><LongitudeDegrees>59.786036885068455</LongitudeDegrees></Position></Trackpoint><Trackpoint><Time>2026-07-13T20:01:03.000Z</Time><Position><LatitudeDegrees>58.63551422252036</LatitudeDegrees><LongitudeDegrees>59.786056273075886</LongitudeDegrees></Position></Trackpoint><Trackpoint><Time>2026-07-13T20:01:04.000Z</Time><Position><LatitudeDegrees>58.635509412449885</LatitudeDegrees><LongitudeDegrees>59.78607652947619</LongitudeDegrees></Position></Trackpoint><Trackpoint><Time>2026-07-13T20:01:05.000Z</Time><Position><LatitudeDegrees>58.63550695196937</LatitudeDegrees><LongitudeDegrees>59.78609797090565</LongitudeDegrees></Position></Trackpoint><Trackpoint><Time>2026-07-13T20:01:06.000Z</Time><Position><LatitudeDegrees>58.63550724375916</LatitudeDegrees><LongitudeDegrees>59.7861215548902</LongitudeDegrees></Position></Trackpoint><Trackpoint><Time>2026-07-13T20:01:07.000Z</Time><Position><LatitudeDegrees>58.63551010040672</LatitudeDegrees><LongitudeDegrees>59.78614691116662</LongitudeDegrees></Position></Trackpoint><Trackpoint><Time>2026-07-13T20:01:08.000Z</Time><Position><LatitudeDegrees>58.635514136312466</LatitudeDegrees><LongitudeDegrees>59.78617365977719</LongitudeDegrees></Position></Trackpoint><Trackpoint><Time>2026-07-13T20:01:09.000Z</Time><Position><LatitudeDegrees>58.63551911909491</LatitudeDegrees><LongitudeDegrees>59.78620097592806</LongitudeDegrees></Position></Trackpoint><Trackpoint><Time>2026-07-13T20:01:10.000Z</Time><Position><LatitudeDegrees>58.63552385230016</LatitudeDegrees><LongitudeDegrees>59.78622942631991</LongitudeDegrees></Position></Trackpoint><Trackpoint><Time>2026-07-13T20:01:11.000Z</Time><Position><LatitudeDegrees>58.63552934405334</LatitudeDegrees><LongitudeDegrees>59.78625665070778</LongitudeDegrees></Position></Trackpoint><Trackpoint><Time>2026-07-13T20:01:12.000Z</Time><Position><LatitudeDegrees>58.63553493295426</LatitudeDegrees><LongitudeDegrees>59.786281834419825</LongitudeDegrees></Position></Trackpoint><Trackpoint><Time>2026-07-13T20:01:13.000Z</Time><Position><LatitudeDegrees>58.6355403341475</LatitudeDegrees><LongitudeDegrees>59.78630343503282</LongitudeDegrees></Position></Trackpoint><Trackpoint><Time>2026-07-13T20:01:14.000Z</Time><Position><LatitudeDegrees>58.63554496480149</LatitudeDegrees><LongitudeDegrees>59.786322746042636</LongitudeDegrees></Position></Trackpoint><Trackpoint><Time>2026-07-13T20:01:15.000Z</Time><Position><LatitudeDegrees>58.63554770456305</LatitudeDegrees><LongitudeDegrees>59.78634059402111</LongitudeDegrees></Position></Trackpoint><Trackpoint><Time>2026-07-13T20:01:16.000Z</Time><Position><LatitudeDegrees>58.635548824337185</LatitudeDegrees><LongitudeDegrees>59.78635897598782</LongitudeDegrees></Position></Trackpoint><Trackpoint><Time>2026-07-13T20:01:17.000Z</Time><Position><LatitudeDegrees>58.63554815400393</LatitudeDegrees><LongitudeDegrees>59.78638011467727</LongitudeDegrees></Position></Trackpoint><Trackpoint><Time>2026-07-13T20:01:18.000Z</Time><Position><LatitudeDegrees>58.635546832481005</LatitudeDegrees><LongitudeDegrees>59.78640212361138</LongitudeDegrees></Position></Trackpoint><Trackpoint><Time>2026-07-13T20:01:19.000Z</Time><Position><LatitudeDegrees>58.63554541239193</LatitudeDegrees><LongitudeDegrees>59.78642509340223</LongitudeDegrees></Position></Trackpoint><Trackpoint><Time>2026-07-13T20:01:20.000Z</Time><Position><LatitudeDegrees>58.63554413397631</LatitudeDegrees><LongitudeDegrees>59.78644942765299</LongitudeDegrees></Position></Trackpoint><Trackpoint><Time>2026-07-13T20:01:21.000Z</Time><Position><LatitudeDegrees>58.635543567599875</LatitudeDegrees><LongitudeDegrees>59.78647413823331</LongitudeDegrees></Position></Trackpoint><Trackpoint><Time>2026-07-13T20:01:22.000Z</Time><Position><LatitudeDegrees>58.6355438567691</LatitudeDegrees><LongitudeDegrees>59.78649876989683</LongitudeDegrees></Position></Trackpoint><Trackpoint><Time>2026-07-13T20:01:23.000Z</Time><Position><LatitudeDegrees>58.63554446116611</LatitudeDegrees><LongitudeDegrees>59.78652412450801</LongitudeDegrees></Position></Trackpoint><Trackpoint><Time>2026-07-13T20:01:24.000Z</Time><Position><LatitudeDegrees>58.635545607421626</LatitudeDegrees><LongitudeDegrees>59.78654994990152</LongitudeDegrees></Position></Trackpoint><Trackpoint><Time>2026-07-13T20:01:25.000Z</Time><Position><LatitudeDegrees>58.635547808933616</LatitudeDegrees><LongitudeDegrees>59.78657608180306</LongitudeDegrees></Position></Trackpoint><Trackpoint><Time>2026-07-13T20:01:26.000Z</Time><Position><LatitudeDegrees>58.6355506520853</LatitudeDegrees><LongitudeDegrees>59.78660241321917</LongitudeDegrees></Position></Trackpoint><Trackpoint><Time>2026-07-13T20:01:27.000Z</Time><Position><LatitudeDegrees>58.635553884182016</LatitudeDegrees><LongitudeDegrees>59.7866298537002</LongitudeDegrees></Position></Trackpoint><Trackpoint><Time>2026-07-13T20:01:28.000Z</Time><Position><LatitudeDegrees>58.63555686162454</LatitudeDegrees><LongitudeDegrees>59.78665765626128</LongitudeDegrees></Position></Trackpoint><Trackpoint><Time>2026-07-13T20:01:29.000Z</Time><Position><LatitudeDegrees>58.635559352041746</LatitudeDegrees><LongitudeDegrees>59.786683997964865</LongitudeDegrees></Position></Trackpoint><Trackpoint><Time>2026-07-13T20:01:30.000Z</Time><Position><LatitudeDegrees>58.63556181185501</LatitudeDegrees><LongitudeDegrees>59.7867083155633</LongitudeDegrees></Position></Trackpoint><Trackpoint><Time>2026-07-13T20:01:31.000Z</Time><Position><LatitudeDegrees>58.63556296413002</LatitudeDegrees><LongitudeDegrees>59.78672965766204</LongitudeDegrees></Position></Trackpoint><Trackpoint><Time>2026-07-13T20:01:32.000Z</Time><Position><LatitudeDegrees>58.63556245080317</LatitudeDegrees><LongitudeDegrees>59.786748503956574</LongitudeDegrees></Position></Trackpoint><Trackpoint><Time>2026-07-13T20:01:33.000Z</Time><Position><LatitudeDegrees>58.63556131741066</LatitudeDegrees><LongitudeDegrees>59.78676733077667</LongitudeDegrees></Position></Trackpoint><Trackpoint><Time>2026-07-13T20:01:34.000Z</Time><Position><LatitudeDegrees>58.63555958451303</LatitudeDegrees><LongitudeDegrees>59.786785691625155</LongitudeDegrees></Position></Trackpoint><Trackpoint><Time>2026-07-13T20:01:35.000Z</Time><Position><LatitudeDegrees>58.635556847912746</LatitudeDegrees><LongitudeDegrees>59.786808848143174</LongitudeDegrees></Position></Trackpoint><Trackpoint><Time>2026-07-13T20:01:36.000Z</Time><Position><LatitudeDegrees>58.63555306997151</LatitudeDegrees><LongitudeDegrees>59.78683492445875</LongitudeDegrees></Position></Trackpoint><Trackpoint><Time>2026-07-13T20:01:37.000Z</Time><Position><LatitudeDegrees>58.63554836884313</LatitudeDegrees><LongitudeDegrees>59.78686081483118</LongitudeDegrees></Position></Trackpoint><Trackpoint><Time>2026-07-13T20:01:38.000Z</Time><Position><LatitudeDegrees>58.63554389089823</LatitudeDegrees><LongitudeDegrees>59.786885264078386</LongitudeDegrees></Position></Trackpoint><Trackpoint><Time>2026-07-13T20:01:39.000Z</Time><Position><LatitudeDegrees>58.63553958999454</LatitudeDegrees><LongitudeDegrees>59.786908429851394</LongitudeDegrees></Position></Trackpoint><Trackpoint><Time>2026-07-13T20:01:40.000Z</Time><Position><LatitudeDegrees>58.635536403627434</LatitudeDegrees><LongitudeDegrees>59.78693201063999</LongitudeDegrees></Position></Trackpoint><Trackpoint><Time>2026-07-13T20:01:41.000Z</Time><Position><LatitudeDegrees>58.63553506445029</LatitudeDegrees><LongitudeDegrees>59.78695518384042</LongitudeDegrees></Position></Trackpoint><Trackpoint><Time>2026-07-13T20:01:42.000Z</Time><Position><LatitudeDegrees>58.63553514749954</LatitudeDegrees><LongitudeDegrees>59.78697766299035</LongitudeDegrees></Position></Trackpoint><Trackpoint><Time>2026-07-13T20:01:43.000Z</Time><Position><LatitudeDegrees>58.635535805609805</LatitudeDegrees><LongitudeDegrees>59.78700137763786</LongitudeDegrees></Position></Trackpoint><Trackpoint><Time>2026-07-13T20:01:44.000Z</Time><Position><LatitudeDegrees>58.635538084913776</LatitudeDegrees><LongitudeDegrees>59.787031370356495</LongitudeDegrees></Position></Trackpoint><Trackpoint><Time>2026-07-13T20:01:46.000Z</Time><Position><LatitudeDegrees>58.635543187387256</LatitudeDegrees><LongitudeDegrees>59.78706597440158</LongitudeDegrees></Position></Trackpoint><Trackpoint><Time>2026-07-13T20:01:47.000Z</Time><Position><LatitudeDegrees>58.635549776862575</LatitudeDegrees><LongitudeDegrees>59.78710097383158</LongitudeDegrees></Position></Trackpoint><Trackpoint><Time>2026-07-13T20:01:48.000Z</Time><Position><LatitudeDegrees>58.63555564337504</LatitudeDegrees><LongitudeDegrees>59.787133602412894</LongitudeDegrees></Position></Trackpoint><Trackpoint><Time>2026-07-13T20:01:51.000Z</Time><Position><LatitudeDegrees>58.63555703191497</LatitudeDegrees><LongitudeDegrees>59.787165473266214</LongitudeDegrees></Position></Trackpoint><Trackpoint><Time>2026-07-13T20:01:52.000Z</Time><Position><LatitudeDegrees>58.63555639805948</LatitudeDegrees><LongitudeDegrees>59.78719685837106</LongitudeDegrees></Position></Trackpoint><Trackpoint><Time>2026-07-13T20:01:53.000Z</Time><Position><LatitudeDegrees>58.635554523057884</LatitudeDegrees><LongitudeDegrees>59.787232828188934</LongitudeDegrees></Position></Trackpoint><Trackpoint><Time>2026-07-13T20:01:55.000Z</Time><Position><LatitudeDegrees>58.63555188795394</LatitudeDegrees><LongitudeDegrees>59.787268517525945</LongitudeDegrees></Position></Trackpoint><Trackpoint><Time>2026-07-13T20:01:56.000Z</Time><Position><LatitudeDegrees>58.63554976763672</LatitudeDegrees><LongitudeDegrees>59.787303917174775</LongitudeDegrees></Position></Trackpoint><Trackpoint><Time>2026-07-13T20:01:57.000Z</Time><Position><LatitudeDegrees>58.63554813146534</LatitudeDegrees><LongitudeDegrees>59.78733710208211</LongitudeDegrees></Position></Trackpoint><Trackpoint><Time>2026-07-13T20:01:58.000Z</Time><Position><LatitudeDegrees>58.63554641507087</LatitudeDegrees><LongitudeDegrees>59.78736805331614</LongitudeDegrees></Position></Trackpoint><Trackpoint><Time>2026-07-13T20:01:59.000Z</Time><Position><LatitudeDegrees>58.6355453755451</LatitudeDegrees><LongitudeDegrees>59.78739704976871</LongitudeDegrees></Position></Trackpoint><Trackpoint><Time>2026-07-13T20:02:00.000Z</Time><Position><LatitudeDegrees>58.635544748197994</LatitudeDegrees><LongitudeDegrees>59.78742347796876</LongitudeDegrees></Position></Trackpoint><Trackpoint><Time>2026-07-13T20:02:01.000Z</Time><Position><LatitudeDegrees>58.63554388150824</LatitudeDegrees><LongitudeDegrees>59.787447414899795</LongitudeDegrees></Position></Trackpoint><Trackpoint><Time>2026-07-13T20:02:02.000Z</Time><Position><LatitudeDegrees>58.635543027487515</LatitudeDegrees><LongitudeDegrees>59.78746921201679</LongitudeDegrees></Position></Trackpoint><Trackpoint><Time>2026-07-13T20:02:03.000Z</Time><Position><LatitudeDegrees>58.63554277790721</LatitudeDegrees><LongitudeDegrees>59.78749222636622</LongitudeDegrees></Position></Trackpoint><Trackpoint><Time>2026-07-13T20:02:04.000Z</Time><Position><LatitudeDegrees>58.63554378851012</LatitudeDegrees><LongitudeDegrees>59.78751572581937</LongitudeDegrees></Position></Trackpoint><Trackpoint><Time>2026-07-13T20:02:05.000Z</Time><Position><LatitudeDegrees>58.635545677999765</LatitudeDegrees><LongitudeDegrees>59.787539346598884</LongitudeDegrees></Position></Trackpoint><Trackpoint><Time>2026-07-13T20:02:06.000Z</Time><Position><LatitudeDegrees>58.63554768693114</LatitudeDegrees><LongitudeDegrees>59.78756439214892</LongitudeDegrees></Position></Trackpoint><Trackpoint><Time>2026-07-13T20:02:07.000Z</Time><Position><LatitudeDegrees>58.63554899759868</LatitudeDegrees><LongitudeDegrees>59.787590237182876</LongitudeDegrees></Position></Trackpoint><Trackpoint><Time>2026-07-13T20:02:08.000Z</Time><Position><LatitudeDegrees>58.6355498524757</LatitudeDegrees><LongitudeDegrees>59.78761652157432</LongitudeDegrees></Position></Trackpoint><Trackpoint><Time>2026-07-13T20:02:09.000Z</Time><Position><LatitudeDegrees>58.63554992031019</LatitudeDegrees><LongitudeDegrees>59.787641571788456</LongitudeDegrees></Position></Trackpoint><Trackpoint><Time>2026-07-13T20:02:10.000Z</Time><Position><LatitudeDegrees>58.63555014491848</LatitudeDegrees><LongitudeDegrees>59.78766534662325</LongitudeDegrees></Position></Trackpoint><Trackpoint><Time>2026-07-13T20:02:11.000Z</Time><Position><LatitudeDegrees>58.6355499156527</LatitudeDegrees><LongitudeDegrees>59.78768897202458</LongitudeDegrees></Position></Trackpoint><Trackpoint><Time>2026-07-13T20:02:12.000Z</Time><Position><LatitudeDegrees>58.63554903928175</LatitudeDegrees><LongitudeDegrees>59.78771244126345</LongitudeDegrees></Position></Trackpoint><Trackpoint><Time>2026-07-13T20:02:13.000Z</Time><Position><LatitudeDegrees>58.63554800889218</LatitudeDegrees><LongitudeDegrees>59.78773577161185</LongitudeDegrees></Position></Trackpoint><Trackpoint><Time>2026-07-13T20:02:14.000Z</Time><Position><LatitudeDegrees>58.63554704732156</LatitudeDegrees><LongitudeDegrees>59.78775898800933</LongitudeDegrees></Position></Trackpoint><Trackpoint><Time>2026-07-13T20:02:15.000Z</Time><Position><LatitudeDegrees>58.635546727119625</LatitudeDegrees><LongitudeDegrees>59.78778211535227</LongitudeDegrees></Position></Trackpoint><Trackpoint><Time>2026-07-13T20:02:16.000Z</Time><Position><LatitudeDegrees>58.635546712152134</LatitudeDegrees><LongitudeDegrees>59.78780713376632</LongitudeDegrees></Position></Trackpoint><Trackpoint><Time>2026-07-13T20:02:17.000Z</Time><Position><LatitudeDegrees>58.6355487832539</LatitudeDegrees><LongitudeDegrees>59.7878311887428</LongitudeDegrees></Position></Trackpoint><Trackpoint><Time>2026-07-13T20:02:18.000Z</Time><Position><LatitudeDegrees>58.63554997881392</LatitudeDegrees><LongitudeDegrees>59.787855186798076</LongitudeDegrees></Position></Trackpoint><Trackpoint><Time>2026-07-13T20:02:19.000Z</Time><Position><LatitudeDegrees>58.63555066034833</LatitudeDegrees><LongitudeDegrees>59.78787999818219</LongitudeDegrees></Position></Trackpoint><Trackpoint><Time>2026-07-13T20:02:20.000Z</Time><Position><LatitudeDegrees>58.63555104271594</LatitudeDegrees><LongitudeDegrees>59.787905387292994</LongitudeDegrees></Position></Trackpoint><Trackpoint><Time>2026-07-13T20:02:21.000Z</Time><Position><LatitudeDegrees>58.635552232021624</LatitudeDegrees><LongitudeDegrees>59.78793118295131</LongitudeDegrees></Position></Trackpoint><Trackpoint><Time>2026-07-13T20:02:22.000Z</Time><Position><LatitudeDegrees>58.63555555944821</LatitudeDegrees><LongitudeDegrees>59.78795628325885</LongitudeDegrees></Position></Trackpoint><Trackpoint><Time>2026-07-13T20:02:23.000Z</Time><Position><LatitudeDegrees>58.63555885074349</LatitudeDegrees><LongitudeDegrees>59.78798081327499</LongitudeDegrees></Position></Trackpoint><Trackpoint><Time>2026-07-13T20:02:24.000Z</Time><Position><LatitudeDegrees>58.63556121511532</LatitudeDegrees><LongitudeDegrees>59.788005387310015</LongitudeDegrees></Position></Trackpoint><Trackpoint><Time>2026-07-13T20:02:25.000Z</Time><Position><LatitudeDegrees>58.63556093584313</LatitudeDegrees><LongitudeDegrees>59.78803025270762</LongitudeDegrees></Position></Trackpoint><Trackpoint><Time>2026-07-13T20:02:26.000Z</Time><Position><LatitudeDegrees>58.635559603674345</LatitudeDegrees><LongitudeDegrees>59.78805547393625</LongitudeDegrees></Position></Trackpoint><Trackpoint><Time>2026-07-13T20:02:27.000Z</Time><Position><LatitudeDegrees>58.63555751925885</LatitudeDegrees><LongitudeDegrees>59.7880815214864</LongitudeDegrees></Position></Trackpoint><Trackpoint><Time>2026-07-13T20:02:28.000Z</Time><Position><LatitudeDegrees>58.63555490296404</LatitudeDegrees><LongitudeDegrees>59.788108483064626</LongitudeDegrees></Position></Trackpoint><Trackpoint><Time>2026-07-13T20:02:29.000Z</Time><Position><LatitudeDegrees>58.635552403421066</LatitudeDegrees><LongitudeDegrees>59.788135787866686</LongitudeDegrees></Position></Trackpoint><Trackpoint><Time>2026-07-13T20:02:30.000Z</Time><Position><LatitudeDegrees>58.635550272772946</LatitudeDegrees><LongitudeDegrees>59.788162667153465</LongitudeDegrees></Position></Trackpoint><Trackpoint><Time>2026-07-13T20:02:31.000Z</Time><Position><LatitudeDegrees>58.63554905712411</LatitudeDegrees><LongitudeDegrees>59.7881883693362</LongitudeDegrees></Position></Trackpoint><Trackpoint><Time>2026-07-13T20:02:32.000Z</Time><Position><LatitudeDegrees>58.635548863939796</LatitudeDegrees><LongitudeDegrees>59.788213225575696</LongitudeDegrees></Position></Trackpoint><Trackpoint><Time>2026-07-13T20:02:33.000Z</Time><Position><LatitudeDegrees>58.63554911663539</LatitudeDegrees><LongitudeDegrees>59.78823748083057</LongitudeDegrees></Position></Trackpoint><Trackpoint><Time>2026-07-13T20:02:34.000Z</Time><Position><LatitudeDegrees>58.63554854130486</LatitudeDegrees><LongitudeDegrees>59.7882613131184</LongitudeDegrees></Position></Trackpoint><Trackpoint><Time>2026-07-13T20:02:35.000Z</Time><Position><LatitudeDegrees>58.63554720919774</LatitudeDegrees><LongitudeDegrees>59.78828533965057</LongitudeDegrees></Position></Trackpoint><Trackpoint><Time>2026-07-13T20:02:36.000Z</Time><Position><LatitudeDegrees>58.63554622600933</LatitudeDegrees><LongitudeDegrees>59.78830930007372</LongitudeDegrees></Position></Trackpoint><Trackpoint><Time>2026-07-13T20:02:37.000Z</Time><Position><LatitudeDegrees>58.635545512708035</LatitudeDegrees><LongitudeDegrees>59.78833358526126</LongitudeDegrees></Position></Trackpoint><Trackpoint><Time>2026-07-13T20:02:38.000Z</Time><Position><LatitudeDegrees>58.63554451249577</LatitudeDegrees><LongitudeDegrees>59.78835782489428</LongitudeDegrees></Position></Trackpoint><Trackpoint><Time>2026-07-13T20:02:39.000Z</Time><Position><LatitudeDegrees>58.63554352249974</LatitudeDegrees><LongitudeDegrees>59.788380893088686</LongitudeDegrees></Position></Trackpoint><Trackpoint><Time>2026-07-13T20:02:40.000Z</Time><Position><LatitudeDegrees>58.63554168455434</LatitudeDegrees><LongitudeDegrees>59.78840247652026</LongitudeDegrees></Position></Trackpoint><Trackpoint><Time>2026-07-13T20:02:41.000Z</Time><Position><LatitudeDegrees>58.635539243682004</LatitudeDegrees><LongitudeDegrees>59.788423615939934</LongitudeDegrees></Position></Trackpoint><Trackpoint><Time>2026-07-13T20:02:42.000Z</Time><Position><LatitudeDegrees>58.63553784700776</LatitudeDegrees><LongitudeDegrees>59.78844577617314</LongitudeDegrees></Position></Trackpoint><Trackpoint><Time>2026-07-13T20:02:43.000Z</Time><Position><LatitudeDegrees>58.63553705963014</LatitudeDegrees><LongitudeDegrees>59.78846796063211</LongitudeDegrees></Position></Trackpoint><Trackpoint><Time>2026-07-13T20:02:44.000Z</Time><Position><LatitudeDegrees>58.635537113850525</LatitudeDegrees><LongitudeDegrees>59.78849024539005</LongitudeDegrees></Position></Trackpoint><Trackpoint><Time>2026-07-13T20:02:45.000Z</Time><Position><LatitudeDegrees>58.63553799732055</LatitudeDegrees><LongitudeDegrees>59.78851362812446</LongitudeDegrees></Position></Trackpoint><Trackpoint><Time>2026-07-13T20:02:46.000Z</Time><Position><LatitudeDegrees>58.63553910891119</LatitudeDegrees><LongitudeDegrees>59.788536909956726</LongitudeDegrees></Position></Trackpoint><Trackpoint><Time>2026-07-13T20:02:47.000Z</Time><Position><LatitudeDegrees>58.63554017177853</LatitudeDegrees><LongitudeDegrees>59.78855863087805</LongitudeDegrees></Position></Trackpoint><Trackpoint><Time>2026-07-13T20:02:48.000Z</Time><Position><LatitudeDegrees>58.635541567773195</LatitudeDegrees><LongitudeDegrees>59.78857887955931</LongitudeDegrees></Position></Trackpoint><Trackpoint><Time>2026-07-13T20:02:49.000Z</Time><Position><LatitudeDegrees>58.63554341139762</LatitudeDegrees><LongitudeDegrees>59.78859886069914</LongitudeDegrees></Position></Trackpoint><Trackpoint><Time>2026-07-13T20:02:50.000Z</Time><Position><LatitudeDegrees>58.6355452027445</LatitudeDegrees><LongitudeDegrees>59.78861861516054</LongitudeDegrees></Position></Trackpoint><Trackpoint><Time>2026-07-13T20:02:51.000Z</Time><Position><LatitudeDegrees>58.63554723225571</LatitudeDegrees><LongitudeDegrees>59.78863769925546</LongitudeDegrees></Position></Trackpoint><Trackpoint><Time>2026-07-13T20:02:52.000Z</Time><Position><LatitudeDegrees>58.63554909936624</LatitudeDegrees><LongitudeDegrees>59.788656505909515</LongitudeDegrees></Position></Trackpoint><Trackpoint><Time>2026-07-13T20:02:53.000Z</Time><Position><LatitudeDegrees>58.635550659953935</LatitudeDegrees><LongitudeDegrees>59.78867572216231</LongitudeDegrees></Position></Trackpoint><Trackpoint><Time>2026-07-13T20:02:54.000Z</Time><Position><LatitudeDegrees>58.63555238361686</LatitudeDegrees><LongitudeDegrees>59.78869508877766</LongitudeDegrees></Position></Trackpoint><Trackpoint><Time>2026-07-13T20:02:55.000Z</Time><Position><LatitudeDegrees>58.63555395321008</LatitudeDegrees><LongitudeDegrees>59.78871399008404</LongitudeDegrees></Position></Trackpoint><Trackpoint><Time>2026-07-13T20:02:56.000Z</Time><Position><LatitudeDegrees>58.63555525789734</LatitudeDegrees><LongitudeDegrees>59.78873272185971</LongitudeDegrees></Position></Trackpoint><Trackpoint><Time>2026-07-13T20:02:57.000Z</Time><Position><LatitudeDegrees>58.63555579642224</LatitudeDegrees><LongitudeDegrees>59.7887509380644</LongitudeDegrees></Position></Trackpoint><Trackpoint><Time>2026-07-13T20:02:58.000Z</Time><Position><LatitudeDegrees>58.635555460686454</LatitudeDegrees><LongitudeDegrees>59.788769051970576</LongitudeDegrees></Position></Trackpoint><Trackpoint><Time>2026-07-13T20:02:59.000Z</Time><Position><LatitudeDegrees>58.63555480799215</LatitudeDegrees><LongitudeDegrees>59.78878773651809</LongitudeDegrees></Position></Trackpoint><Trackpoint><Time>2026-07-13T20:03:00.000Z</Time><Position><LatitudeDegrees>58.63555410853608</LatitudeDegrees><LongitudeDegrees>59.78880768521567</LongitudeDegrees></Position></Trackpoint><Trackpoint><Time>2026-07-13T20:03:01.000Z</Time><Position><LatitudeDegrees>58.63555152115361</LatitudeDegrees><LongitudeDegrees>59.78882902142162</LongitudeDegrees></Position></Trackpoint><Trackpoint><Time>2026-07-13T20:03:02.000Z</Time><Position><LatitudeDegrees>58.63554750912547</LatitudeDegrees><LongitudeDegrees>59.788851128243756</LongitudeDegrees></Position></Trackpoint><Trackpoint><Time>2026-07-13T20:03:03.000Z</Time><Position><LatitudeDegrees>58.63554293570786</LatitudeDegrees><LongitudeDegrees>59.788873163107276</LongitudeDegrees></Position></Trackpoint><Trackpoint><Time>2026-07-13T20:03:04.000Z</Time><Position><LatitudeDegrees>58.63553871808257</LatitudeDegrees><LongitudeDegrees>59.78889478824756</LongitudeDegrees></Position></Trackpoint><Trackpoint><Time>2026-07-13T20:03:05.000Z</Time><Position><LatitudeDegrees>58.63553469869962</LatitudeDegrees><LongitudeDegrees>59.78891591714923</LongitudeDegrees></Position></Trackpoint><Trackpoint><Time>2026-07-13T20:03:06.000Z</Time><Position><LatitudeDegrees>58.635530787230586</LatitudeDegrees><LongitudeDegrees>59.78893755709509</LongitudeDegrees></Position></Trackpoint><Trackpoint><Time>2026-07-13T20:03:07.000Z</Time><Position><LatitudeDegrees>58.6355269326246</LatitudeDegrees><LongitudeDegrees>59.7889595677154</LongitudeDegrees></Position></Trackpoint><Trackpoint><Time>2026-07-13T20:03:08.000Z</Time><Position><LatitudeDegrees>58.63552359616956</LatitudeDegrees><LongitudeDegrees>59.788981843625734</LongitudeDegrees></Position></Trackpoint><Trackpoint><Time>2026-07-13T20:03:09.000Z</Time><Position><LatitudeDegrees>58.63552090133531</LatitudeDegrees><LongitudeDegrees>59.78900332815446</LongitudeDegrees></Position></Trackpoint><Trackpoint><Time>2026-07-13T20:03:10.000Z</Time><Position><LatitudeDegrees>58.6355188166198</LatitudeDegrees><LongitudeDegrees>59.78902466692281</LongitudeDegrees></Position></Trackpoint><Trackpoint><Time>2026-07-13T20:03:11.000Z</Time><Position><LatitudeDegrees>58.63551676113099</LatitudeDegrees><LongitudeDegrees>59.7890461445273</LongitudeDegrees></Position></Trackpoint><Trackpoint><Time>2026-07-13T20:03:12.000Z</Time><Position><LatitudeDegrees>58.635514491886966</LatitudeDegrees><LongitudeDegrees>59.78906786035482</LongitudeDegrees></Position></Trackpoint><Trackpoint><Time>2026-07-13T20:03:13.000Z</Time><Position><LatitudeDegrees>58.63551242586545</LatitudeDegrees><LongitudeDegrees>59.78909031437128</LongitudeDegrees></Position></Trackpoint><Trackpoint><Time>2026-07-13T20:03:14.000Z</Time><Position><LatitudeDegrees>58.63551070870847</LatitudeDegrees><LongitudeDegrees>59.78911410734449</LongitudeDegrees></Position></Trackpoint><Trackpoint><Time>2026-07-13T20:03:15.000Z</Time><Position><LatitudeDegrees>58.63550935562005</LatitudeDegrees><LongitudeDegrees>59.789138335616364</LongitudeDegrees></Position></Trackpoint><Trackpoint><Time>2026-07-13T20:03:16.000Z</Time><Position><LatitudeDegrees>58.63550783652343</LatitudeDegrees><LongitudeDegrees>59.789161591939205</LongitudeDegrees></Position></Trackpoint><Trackpoint><Time>2026-07-13T20:03:17.000Z</Time><Position><LatitudeDegrees>58.63550644403285</LatitudeDegrees><LongitudeDegrees>59.789184890341524</LongitudeDegrees></Position></Trackpoint><Trackpoint><Time>2026-07-13T20:03:18.000Z</Time><Position><LatitudeDegrees>58.63550577201753</LatitudeDegrees><LongitudeDegrees>59.78920815342262</LongitudeDegrees></Position></Trackpoint><Trackpoint><Time>2026-07-13T20:03:19.000Z</Time><Position><LatitudeDegrees>58.635505972580724</LatitudeDegrees><LongitudeDegrees>59.78923184345036</LongitudeDegrees></Position></Trackpoint><Trackpoint><Time>2026-07-13T20:03:20.000Z</Time><Position><LatitudeDegrees>58.63550601714824</LatitudeDegrees><LongitudeDegrees>59.789255606393475</LongitudeDegrees></Position></Trackpoint><Trackpoint><Time>2026-07-13T20:03:21.000Z</Time><Position><LatitudeDegrees>58.63550599175136</LatitudeDegrees><LongitudeDegrees>59.78927928709152</LongitudeDegrees></Position></Trackpoint><Trackpoint><Time>2026-07-13T20:03:22.000Z</Time><Position><LatitudeDegrees>58.63550594080046</LatitudeDegrees><LongitudeDegrees>59.78930234258964</LongitudeDegrees></Position></Trackpoint><Trackpoint><Time>2026-07-13T20:03:23.000Z</Time><Position><LatitudeDegrees>58.635505885865044</LatitudeDegrees><LongitudeDegrees>59.78932560874565</LongitudeDegrees></Position></Trackpoint><Trackpoint><Time>2026-07-13T20:03:24.000Z</Time><Position><LatitudeDegrees>58.63550583633953</LatitudeDegrees><LongitudeDegrees>59.78934940275603</LongitudeDegrees></Position></Trackpoint><Trackpoint><Time>2026-07-13T20:03:25.000Z</Time><Position><LatitudeDegrees>58.63550628500916</LatitudeDegrees><LongitudeDegrees>59.78937280828232</LongitudeDegrees></Position></Trackpoint><Trackpoint><Time>2026-07-13T20:03:26.000Z</Time><Position><LatitudeDegrees>58.635507370876695</LatitudeDegrees><LongitudeDegrees>59.78939500819653</LongitudeDegrees></Position></Trackpoint><Trackpoint><Time>2026-07-13T20:03:27.000Z</Time><Position><LatitudeDegrees>58.635509069404755</LatitudeDegrees><LongitudeDegrees>59.78941973760152</LongitudeDegrees></Position></Trackpoint><Trackpoint><Time>2026-07-13T20:03:28.000Z</Time><Position><LatitudeDegrees>58.63551080224334</LatitudeDegrees><LongitudeDegrees>59.789446741249044</LongitudeDegrees></Position></Trackpoint><Trackpoint><Time>2026-07-13T20:03:29.000Z</Time><Position><LatitudeDegrees>58.63551232680493</LatitudeDegrees><LongitudeDegrees>59.78947415329192</LongitudeDegrees></Position></Trackpoint><Trackpoint><Time>2026-07-13T20:03:30.000Z</Time><Position><LatitudeDegrees>58.63551405952656</LatitudeDegrees><LongitudeDegrees>59.78950262172698</LongitudeDegrees></Position></Trackpoint><Trackpoint><Time>2026-07-13T20:03:31.000Z</Time><Position><LatitudeDegrees>58.635515655583234</LatitudeDegrees><LongitudeDegrees>59.78953080900275</LongitudeDegrees></Position></Trackpoint><Trackpoint><Time>2026-07-13T20:03:32.000Z</Time><Position><LatitudeDegrees>58.63551748011589</LatitudeDegrees><LongitudeDegrees>59.789558689967905</LongitudeDegrees></Position></Trackpoint><Trackpoint><Time>2026-07-13T20:03:33.000Z</Time><Position><LatitudeDegrees>58.63551965417718</LatitudeDegrees><LongitudeDegrees>59.78958482474694</LongitudeDegrees></Position></Trackpoint><Trackpoint><Time>2026-07-13T20:03:34.000Z</Time><Position><LatitudeDegrees>58.63552267236978</LatitudeDegrees><LongitudeDegrees>59.78960933408207</LongitudeDegrees></Position></Trackpoint><Trackpoint><Time>2026-07-13T20:03:35.000Z</Time><Position><LatitudeDegrees>58.635526140433974</LatitudeDegrees><LongitudeDegrees>59.78963296593286</LongitudeDegrees></Position></Trackpoint><Trackpoint><Time>2026-07-13T20:03:36.000Z</Time><Position><LatitudeDegrees>58.635529348649506</LatitudeDegrees><LongitudeDegrees>59.789655651347154</LongitudeDegrees></Position></Trackpoint><Trackpoint><Time>2026-07-13T20:03:37.000Z</Time><Position><LatitudeDegrees>58.63553203808108</LatitudeDegrees><LongitudeDegrees>59.78967846262309</LongitudeDegrees></Position></Trackpoint><Trackpoint><Time>2026-07-13T20:03:38.000Z</Time><Position><LatitudeDegrees>58.63553367906504</LatitudeDegrees><LongitudeDegrees>59.78970133560403</LongitudeDegrees></Position></Trackpoint><Trackpoint><Time>2026-07-13T20:03:39.000Z</Time><Position><LatitudeDegrees>58.635535167256116</LatitudeDegrees><LongitudeDegrees>59.789724725559005</LongitudeDegrees></Position></Trackpoint><Trackpoint><Time>2026-07-13T20:03:40.000Z</Time><Position><LatitudeDegrees>58.63553640151492</LatitudeDegrees><LongitudeDegrees>59.78974777440891</LongitudeDegrees></Position></Trackpoint><Trackpoint><Time>2026-07-13T20:03:41.000Z</Time><Position><LatitudeDegrees>58.635537372780696</LatitudeDegrees><LongitudeDegrees>59.78977066215909</LongitudeDegrees></Position></Trackpoint><Trackpoint><Time>2026-07-13T20:03:42.000Z</Time><Position><LatitudeDegrees>58.6355386006873</LatitudeDegrees><LongitudeDegrees>59.78979446283991</LongitudeDegrees></Position></Trackpoint><Trackpoint><Time>2026-07-13T20:03:43.000Z</Time><Position><LatitudeDegrees>58.635539776687196</LatitudeDegrees><LongitudeDegrees>59.78981852237836</LongitudeDegrees></Position></Trackpoint><Trackpoint><Time>2026-07-13T20:03:44.000Z</Time><Position><LatitudeDegrees>58.635540780372374</LatitudeDegrees><LongitudeDegrees>59.7898425381814</LongitudeDegrees></Position></Trackpoint><Trackpoint><Time>2026-07-13T20:03:45.000Z</Time><Position><LatitudeDegrees>58.63554158427114</LatitudeDegrees><LongitudeDegrees>59.7898668808551</LongitudeDegrees></Position></Trackpoint><Trackpoint><Time>2026-07-13T20:03:46.000Z</Time><Position><LatitudeDegrees>58.63554171310138</LatitudeDegrees><LongitudeDegrees>59.789892150684686</LongitudeDegrees></Position></Trackpoint><Trackpoint><Time>2026-07-13T20:03:47.000Z</Time><Position><LatitudeDegrees>58.63554105777011</LatitudeDegrees><LongitudeDegrees>59.789918965499176</LongitudeDegrees></Position></Trackpoint><Trackpoint><Time>2026-07-13T20:03:48.000Z</Time><Position><LatitudeDegrees>58.635540163605754</LatitudeDegrees><LongitudeDegrees>59.789945912612836</LongitudeDegrees></Position></Trackpoint><Trackpoint><Time>2026-07-13T20:03:49.000Z</Time><Position><LatitudeDegrees>58.63553830662537</LatitudeDegrees><LongitudeDegrees>59.78997239325418</LongitudeDegrees></Position></Trackpoint><Trackpoint><Time>2026-07-13T20:03:50.000Z</Time><Position><LatitudeDegrees>58.6355372706871</LatitudeDegrees><LongitudeDegrees>59.78999968953202</LongitudeDegrees></Position></Trackpoint><Trackpoint><Time>2026-07-13T20:03:51.000Z</Time><Position><LatitudeDegrees>58.63553621623185</LatitudeDegrees><LongitudeDegrees>59.79002773516517</LongitudeDegrees></Position></Trackpoint><Trackpoint><Time>2026-07-13T20:03:52.000Z</Time><Position><LatitudeDegrees>58.635535289488416</LatitudeDegrees><LongitudeDegrees>59.790056896288846</LongitudeDegrees></Position></Trackpoint><Trackpoint><Time>2026-07-13T20:03:53.000Z</Time><Position><LatitudeDegrees>58.635532575844614</LatitudeDegrees><LongitudeDegrees>59.79008620129697</LongitudeDegrees></Position></Trackpoint><Trackpoint><Time>2026-07-13T20:03:54.000Z</Time><Position><LatitudeDegrees>58.63552849536648</LatitudeDegrees><LongitudeDegrees>59.790114252361185</LongitudeDegrees></Position></Trackpoint><Trackpoint><Time>2026-07-13T20:03:55.000Z</Time><Position><LatitudeDegrees>58.63552339648235</LatitudeDegrees><LongitudeDegrees>59.79014063475095</LongitudeDegrees></Position></Trackpoint><Trackpoint><Time>2026-07-13T20:03:56.000Z</Time><Position><LatitudeDegrees>58.635518043008105</LatitudeDegrees><LongitudeDegrees>59.79016588144885</LongitudeDegrees></Position></Trackpoint><Trackpoint><Time>2026-07-13T20:03:57.000Z</Time><Position><LatitudeDegrees>58.635512292574234</LatitudeDegrees><LongitudeDegrees>59.79019084732985</LongitudeDegrees></Position></Trackpoint><Trackpoint><Time>2026-07-13T20:03:58.000Z</Time><Position><LatitudeDegrees>58.63550662710802</LatitudeDegrees><LongitudeDegrees>59.79021592050239</LongitudeDegrees></Position></Trackpoint><Trackpoint><Time>2026-07-13T20:03:59.000Z</Time><Position><LatitudeDegrees>58.63550172378833</LatitudeDegrees><LongitudeDegrees>59.79024124703176</LongitudeDegrees></Position></Trackpoint><Trackpoint><Time>2026-07-13T20:04:00.000Z</Time><Position><LatitudeDegrees>58.63549776367965</LatitudeDegrees><LongitudeDegrees>59.790267344165166</LongitudeDegrees></Position></Trackpoint><Trackpoint><Time>2026-07-13T20:04:01.000Z</Time><Position><LatitudeDegrees>58.63549470029068</LatitudeDegrees><LongitudeDegrees>59.79029481562702</LongitudeDegrees></Position></Trackpoint><Trackpoint><Time>2026-07-13T20:04:02.000Z</Time><Position><LatitudeDegrees>58.63549239938212</LatitudeDegrees><LongitudeDegrees>59.79032373365819</LongitudeDegrees></Position></Trackpoint><Trackpoint><Time>2026-07-13T20:04:03.000Z</Time><Position><LatitudeDegrees>58.635491197417174</LatitudeDegrees><LongitudeDegrees>59.790354431955514</LongitudeDegrees></Position></Trackpoint><Trackpoint><Time>2026-07-13T20:04:04.000Z</Time><Position><LatitudeDegrees>58.63549109191485</LatitudeDegrees><LongitudeDegrees>59.79038584023077</LongitudeDegrees></Position></Trackpoint><Trackpoint><Time>2026-07-13T20:04:05.000Z</Time><Position><LatitudeDegrees>58.63549194112408</LatitudeDegrees><LongitudeDegrees>59.79041644735775</LongitudeDegrees></Position></Trackpoint><Trackpoint><Time>2026-07-13T20:04:06.000Z</Time><Position><LatitudeDegrees>58.63549160568879</LatitudeDegrees><LongitudeDegrees>59.79044524421983</LongitudeDegrees></Position></Trackpoint><Trackpoint><Time>2026-07-13T20:04:07.000Z</Time><Position><LatitudeDegrees>58.63549131504062</LatitudeDegrees><LongitudeDegrees>59.79047302679515</LongitudeDegrees></Position></Trackpoint><Trackpoint><Time>2026-07-13T20:04:08.000Z</Time><Position><LatitudeDegrees>58.63549156975213</LatitudeDegrees><LongitudeDegrees>59.79049878424434</LongitudeDegrees></Position></Trackpoint><Trackpoint><Time>2026-07-13T20:04:09.000Z</Time><Position><LatitudeDegrees>58.63549201636913</LatitudeDegrees><LongitudeDegrees>59.79052333941317</LongitudeDegrees></Position></Trackpoint><Trackpoint><Time>2026-07-13T20:04:10.000Z</Time><Position><LatitudeDegrees>58.63549199508596</LatitudeDegrees><LongitudeDegrees>59.79054620626658</LongitudeDegrees></Position></Trackpoint><Trackpoint><Time>2026-07-13T20:04:11.000Z</Time><Position><LatitudeDegrees>58.635491294226945</LatitudeDegrees><LongitudeDegrees>59.79056593250001</LongitudeDegrees></Position></Trackpoint><Trackpoint><Time>2026-07-13T20:04:12.000Z</Time><Position><LatitudeDegrees>58.635490403450135</LatitudeDegrees><LongitudeDegrees>59.790583791931674</LongitudeDegrees></Position></Trackpoint><Trackpoint><Time>2026-07-13T20:04:13.000Z</Time><Position><LatitudeDegrees>58.63548856956745</LatitudeDegrees><LongitudeDegrees>59.79060005915296</LongitudeDegrees></Position></Trackpoint><Trackpoint><Time>2026-07-13T20:04:14.000Z</Time><Position><LatitudeDegrees>58.63548658265839</LatitudeDegrees><LongitudeDegrees>59.79061554121816</LongitudeDegrees></Position></Trackpoint><Trackpoint><Time>2026-07-13T20:04:15.000Z</Time><Position><LatitudeDegrees>58.635484298134116</LatitudeDegrees><LongitudeDegrees>59.79062969205152</LongitudeDegrees></Position></Trackpoint><Trackpoint><Time>2026-07-13T20:04:16.000Z</Time><Position><LatitudeDegrees>58.63547973620411</LatitudeDegrees><LongitudeDegrees>59.79064049917993</LongitudeDegrees></Position></Trackpoint><Trackpoint><Time>2026-07-13T20:04:17.000Z</Time><Position><LatitudeDegrees>58.63547286343681</LatitudeDegrees><LongitudeDegrees>59.790648052569956</LongitudeDegrees></Position></Trackpoint><Trackpoint><Time>2026-07-13T20:04:18.000Z</Time><Position><LatitudeDegrees>58.63546445226707</LatitudeDegrees><LongitudeDegrees>59.79065329649583</LongitudeDegrees></Position></Trackpoint><Trackpoint><Time>2026-07-13T20:04:19.000Z</Time><Position><LatitudeDegrees>58.635455018260956</LatitudeDegrees><LongitudeDegrees>59.79065691625741</LongitudeDegrees></Position></Trackpoint><Trackpoint><Time>2026-07-13T20:04:20.000Z</Time><Position><LatitudeDegrees>58.63544441541464</LatitudeDegrees><LongitudeDegrees>59.790658423321815</LongitudeDegrees></Position></Trackpoint><Trackpoint><Time>2026-07-13T20:04:21.000Z</Time><Position><LatitudeDegrees>58.63543322322836</LatitudeDegrees><LongitudeDegrees>59.79065886687764</LongitudeDegrees></Position></Trackpoint><Trackpoint><Time>2026-07-13T20:04:22.000Z</Time><Position><LatitudeDegrees>58.635421266389926</LatitudeDegrees><LongitudeDegrees>59.790660284347304</LongitudeDegrees></Position></Trackpoint><Trackpoint><Time>2026-07-13T20:04:23.000Z</Time><Position><LatitudeDegrees>58.635408570841875</LatitudeDegrees><LongitudeDegrees>59.79066241058769</LongitudeDegrees></Position></Trackpoint><Trackpoint><Time>2026-07-13T20:04:24.000Z</Time><Position><LatitudeDegrees>58.63539475246984</LatitudeDegrees><LongitudeDegrees>59.79066602465563</LongitudeDegrees></Position></Trackpoint><Trackpoint><Time>2026-07-13T20:04:25.000Z</Time><Position><LatitudeDegrees>58.63537930758487</LatitudeDegrees><LongitudeDegrees>59.790673214874744</LongitudeDegrees></Position></Trackpoint><Trackpoint><Time>2026-07-13T20:04:26.000Z</Time><Position><LatitudeDegrees>58.635362727122136</LatitudeDegrees><LongitudeDegrees>59.79068389268215</LongitudeDegrees></Position></Trackpoint><Trackpoint><Time>2026-07-13T20:04:27.000Z</Time><Position><LatitudeDegrees>58.63534486940419</LatitudeDegrees><LongitudeDegrees>59.79069757397801</LongitudeDegrees></Position></Trackpoint><Trackpoint><Time>2026-07-13T20:04:28.000Z</Time><Position><LatitudeDegrees>58.635328777681025</LatitudeDegrees><LongitudeDegrees>59.79071465312191</LongitudeDegrees></Position></Trackpoint><Trackpoint><Time>2026-07-13T20:04:29.000Z</Time><Position><LatitudeDegrees>58.6353154786017</LatitudeDegrees><LongitudeDegrees>59.7907338771944</LongitudeDegrees></Position></Trackpoint><Trackpoint><Time>2026-07-13T20:04:30.000Z</Time><Position><LatitudeDegrees>58.63530650537479</LatitudeDegrees><LongitudeDegrees>59.79075690295621</LongitudeDegrees></Position></Trackpoint><Trackpoint><Time>2026-07-13T20:04:31.000Z</Time><Position><LatitudeDegrees>58.63530144459949</LatitudeDegrees><LongitudeDegrees>59.79078196633313</LongitudeDegrees></Position></Trackpoint><Trackpoint><Time>2026-07-13T20:04:32.000Z</Time><Position><LatitudeDegrees>58.635299134255696</LatitudeDegrees><LongitudeDegrees>59.79080856890636</LongitudeDegrees></Position></Trackpoint><Trackpoint><Time>2026-07-13T20:04:33.000Z</Time><Position><LatitudeDegrees>58.63529825316044</LatitudeDegrees><LongitudeDegrees>59.79083581824629</LongitudeDegrees></Position></Trackpoint><Trackpoint><Time>2026-07-13T20:04:34.000Z</Time><Position><LatitudeDegrees>58.635298563375265</LatitudeDegrees><LongitudeDegrees>59.79086375341975</LongitudeDegrees></Position></Trackpoint><Trackpoint><Time>2026-07-13T20:04:35.000Z</Time><Position><LatitudeDegrees>58.635299324395696</LatitudeDegrees><LongitudeDegrees>59.79089181287943</LongitudeDegrees></Position></Trackpoint><Trackpoint><Time>2026-07-13T20:04:36.000Z</Time><Position><LatitudeDegrees>58.63530017339709</LatitudeDegrees><LongitudeDegrees>59.79092121824134</LongitudeDegrees></Position></Trackpoint><Trackpoint><Time>2026-07-13T20:04:37.000Z</Time><Position><LatitudeDegrees>58.63530094966394</LatitudeDegrees><LongitudeDegrees>59.79095278947379</LongitudeDegrees></Position></Trackpoint><Trackpoint><Time>2026-07-13T20:04:38.000Z</Time><Position><LatitudeDegrees>58.63530208595422</LatitudeDegrees><LongitudeDegrees>59.790985117449026</LongitudeDegrees></Position></Trackpoint><Trackpoint><Time>2026-07-13T20:04:39.000Z</Time><Position><LatitudeDegrees>58.63530420389426</LatitudeDegrees><LongitudeDegrees>59.79101703510382</LongitudeDegrees></Position></Trackpoint><Trackpoint><Time>2026-07-13T20:04:40.000Z</Time><Position><LatitudeDegrees>58.635305475054764</LatitudeDegrees><LongitudeDegrees>59.79104811446664</LongitudeDegrees></Position></Trackpoint><Trackpoint><Time>2026-07-13T20:04:41.000Z</Time><Position><LatitudeDegrees>58.63530574472107</LatitudeDegrees><LongitudeDegrees>59.79107828687803</LongitudeDegrees></Position></Trackpoint><Trackpoint><Time>2026-07-13T20:04:42.000Z</Time><Position><LatitudeDegrees>58.63530458810618</LatitudeDegrees><LongitudeDegrees>59.79110715085697</LongitudeDegrees></Position></Trackpoint><Trackpoint><Time>2026-07-13T20:04:43.000Z</Time><Position><LatitudeDegrees>58.63530250294027</LatitudeDegrees><LongitudeDegrees>59.791134219384894</LongitudeDegrees></Position></Trackpoint><Trackpoint><Time>2026-07-13T20:04:44.000Z</Time><Position><LatitudeDegrees>58.63529981338336</LatitudeDegrees><LongitudeDegrees>59.791160011945344</LongitudeDegrees></Position></Trackpoint><Trackpoint><Time>2026-07-13T20:04:45.000Z</Time><Position><LatitudeDegrees>58.63529722011864</LatitudeDegrees><LongitudeDegrees>59.791184906247466</LongitudeDegrees></Position></Trackpoint><Trackpoint><Time>2026-07-13T20:04:46.000Z</Time><Position><LatitudeDegrees>58.63529499935185</LatitudeDegrees><LongitudeDegrees>59.79120917313458</LongitudeDegrees></Position></Trackpoint><Trackpoint><Time>2026-07-13T20:04:47.000Z</Time><Position><LatitudeDegrees>58.63529321702419</LatitudeDegrees><LongitudeDegrees>59.79123251506615</LongitudeDegrees></Position></Trackpoint><Trackpoint><Time>2026-07-13T20:04:48.000Z</Time><Position><LatitudeDegrees>58.63529184401944</LatitudeDegrees><LongitudeDegrees>59.7912554178323</LongitudeDegrees></Position></Trackpoint><Trackpoint><Time>2026-07-13T20:04:49.000Z</Time><Position><LatitudeDegrees>58.63529179503183</LatitudeDegrees><LongitudeDegrees>59.79127813786385</LongitudeDegrees></Position></Trackpoint><Trackpoint><Time>2026-07-13T20:04:50.000Z</Time><Position><LatitudeDegrees>58.63529229760612</LatitudeDegrees><LongitudeDegrees>59.79130178344249</LongitudeDegrees></Position></Trackpoint><Trackpoint><Time>2026-07-13T20:04:51.000Z</Time><Position><LatitudeDegrees>58.63529345243796</LatitudeDegrees><LongitudeDegrees>59.79132669220302</LongitudeDegrees></Position></Trackpoint><Trackpoint><Time>2026-07-13T20:04:52.000Z</Time><Position><LatitudeDegrees>58.63529521728092</LatitudeDegrees><LongitudeDegrees>59.79135284106722</LongitudeDegrees></Position></Trackpoint><Trackpoint><Time>2026-07-13T20:04:53.000Z</Time><Position><LatitudeDegrees>58.63529749644249</LatitudeDegrees><LongitudeDegrees>59.79138055097591</LongitudeDegrees></Position></Trackpoint><Trackpoint><Time>2026-07-13T20:04:54.000Z</Time><Position><LatitudeDegrees>58.635299694890676</LatitudeDegrees><LongitudeDegrees>59.79140828491365</LongitudeDegrees></Position></Trackpoint><Trackpoint><Time>2026-07-13T20:04:55.000Z</Time><Position><LatitudeDegrees>58.63530108832029</LatitudeDegrees><LongitudeDegrees>59.79143491719153</LongitudeDegrees></Position></Trackpoint><Trackpoint><Time>2026-07-13T20:04:56.000Z</Time><Position><LatitudeDegrees>58.635301971371824</LatitudeDegrees><LongitudeDegrees>59.791460125609696</LongitudeDegrees></Position></Trackpoint><Trackpoint><Time>2026-07-13T20:04:57.000Z</Time><Position><LatitudeDegrees>58.6353020412837</LatitudeDegrees><LongitudeDegrees>59.79148444983635</LongitudeDegrees></Position></Trackpoint><Trackpoint><Time>2026-07-13T20:04:58.000Z</Time><Position><LatitudeDegrees>58.635301767344465</LatitudeDegrees><LongitudeDegrees>59.79150871522012</LongitudeDegrees></Position></Trackpoint><Trackpoint><Time>2026-07-13T20:04:59.000Z</Time><Position><LatitudeDegrees>58.63530138695556</LatitudeDegrees><LongitudeDegrees>59.79153326921949</LongitudeDegrees></Position></Trackpoint><Trackpoint><Time>2026-07-13T20:05:00.000Z</Time><Position><LatitudeDegrees>58.63530101154948</LatitudeDegrees><LongitudeDegrees>59.79155821788608</LongitudeDegrees></Position></Trackpoint><Trackpoint><Time>2026-07-13T20:05:01.000Z</Time><Position><LatitudeDegrees>58.63530068637829</LatitudeDegrees><LongitudeDegrees>59.79158355424053</LongitudeDegrees></Position></Trackpoint><Trackpoint><Time>2026-07-13T20:05:02.000Z</Time><Position><LatitudeDegrees>58.63529895479887</LatitudeDegrees><LongitudeDegrees>59.79161069448123</LongitudeDegrees></Position></Trackpoint><Trackpoint><Time>2026-07-13T20:05:03.000Z</Time><Position><LatitudeDegrees>58.635296866259246</LatitudeDegrees><LongitudeDegrees>59.79163803187734</LongitudeDegrees></Position></Trackpoint><Trackpoint><Time>2026-07-13T20:05:04.000Z</Time><Position><LatitudeDegrees>58.6352948987724</LatitudeDegrees><LongitudeDegrees>59.79166438980832</LongitudeDegrees></Position></Trackpoint><Trackpoint><Time>2026-07-13T20:05:05.000Z</Time><Position><LatitudeDegrees>58.635293723273705</LatitudeDegrees><LongitudeDegrees>59.79168989902607</LongitudeDegrees></Position></Trackpoint><Trackpoint><Time>2026-07-13T20:05:06.000Z</Time><Position><LatitudeDegrees>58.63529400403686</LatitudeDegrees><LongitudeDegrees>59.7917137430884</LongitudeDegrees></Position></Trackpoint><Trackpoint><Time>2026-07-13T20:05:07.000Z</Time><Position><LatitudeDegrees>58.63529533811229</LatitudeDegrees><LongitudeDegrees>59.79173579947739</LongitudeDegrees></Position></Trackpoint><Trackpoint><Time>2026-07-13T20:05:08.000Z</Time><Position><LatitudeDegrees>58.63529742436091</LatitudeDegrees><LongitudeDegrees>59.791756736791825</LongitudeDegrees></Position></Trackpoint><Trackpoint><Time>2026-07-13T20:05:09.000Z</Time><Position><LatitudeDegrees>58.63530004222329</LatitudeDegrees><LongitudeDegrees>59.79177844284639</LongitudeDegrees></Position></Trackpoint><Trackpoint><Time>2026-07-13T20:05:10.000Z</Time><Position><LatitudeDegrees>58.63530303263389</LatitudeDegrees><LongitudeDegrees>59.79180061721825</LongitudeDegrees></Position></Trackpoint><Trackpoint><Time>2026-07-13T20:05:11.000Z</Time><Position><LatitudeDegrees>58.635305792657604</LatitudeDegrees><LongitudeDegrees>59.79182356568606</LongitudeDegrees></Position></Trackpoint><Trackpoint><Time>2026-07-13T20:05:12.000Z</Time><Position><LatitudeDegrees>58.635308593166066</LatitudeDegrees><LongitudeDegrees>59.79184633560439</LongitudeDegrees></Position></Trackpoint><Trackpoint><Time>2026-07-13T20:05:13.000Z</Time><Position><LatitudeDegrees>58.63531056129586</LatitudeDegrees><LongitudeDegrees>59.79186904716926</LongitudeDegrees></Position></Trackpoint><Trackpoint><Time>2026-07-13T20:05:14.000Z</Time><Position><LatitudeDegrees>58.63531340284973</LatitudeDegrees><LongitudeDegrees>59.79189077814973</LongitudeDegrees></Position></Trackpoint><Trackpoint><Time>2026-07-13T20:05:15.000Z</Time><Position><LatitudeDegrees>58.635316239399636</LatitudeDegrees><LongitudeDegrees>59.79191323303935</LongitudeDegrees></Position></Trackpoint><Trackpoint><Time>2026-07-13T20:05:16.000Z</Time><Position><LatitudeDegrees>58.635317730600605</LatitudeDegrees><LongitudeDegrees>59.791937020892775</LongitudeDegrees></Position></Trackpoint><Trackpoint><Time>2026-07-13T20:05:17.000Z</Time><Position><LatitudeDegrees>58.63531847634864</LatitudeDegrees><LongitudeDegrees>59.79196320067635</LongitudeDegrees></Position></Trackpoint><Trackpoint><Time>2026-07-13T20:05:18.000Z</Time><Position><LatitudeDegrees>58.63531881937866</LatitudeDegrees><LongitudeDegrees>59.791988474232795</LongitudeDegrees></Position></Trackpoint><Trackpoint><Time>2026-07-13T20:05:19.000Z</Time><Position><LatitudeDegrees>58.63531944213921</LatitudeDegrees><LongitudeDegrees>59.79201159958384</LongitudeDegrees></Position></Trackpoint><Trackpoint><Time>2026-07-13T20:05:20.000Z</Time><Position><LatitudeDegrees>58.635320589782374</LatitudeDegrees><LongitudeDegrees>59.79203234096032</LongitudeDegrees></Position></Trackpoint><Trackpoint><Time>2026-07-13T20:05:21.000Z</Time><Position><LatitudeDegrees>58.63532180629143</LatitudeDegrees><LongitudeDegrees>59.7920518864654</LongitudeDegrees></Position></Trackpoint><Trackpoint><Time>2026-07-13T20:05:22.000Z</Time><Position><LatitudeDegrees>58.63532338463528</LatitudeDegrees><LongitudeDegrees>59.79207087888787</LongitudeDegrees></Position></Trackpoint><Trackpoint><Time>2026-07-13T20:05:23.000Z</Time><Position><LatitudeDegrees>58.63532588863796</LatitudeDegrees><LongitudeDegrees>59.79208916432628</LongitudeDegrees></Position></Trackpoint><Trackpoint><Time>2026-07-13T20:05:24.000Z</Time><Position><LatitudeDegrees>58.63532894208348</LatitudeDegrees><LongitudeDegrees>59.792107259749834</LongitudeDegrees></Position></Trackpoint><Trackpoint><Time>2026-07-13T20:05:25.000Z</Time><Position><LatitudeDegrees>58.63533182990278</LatitudeDegrees><LongitudeDegrees>59.792125402451816</LongitudeDegrees></Position></Trackpoint><Trackpoint><Time>2026-07-13T20:05:26.000Z</Time><Position><LatitudeDegrees>58.63533378925382</LatitudeDegrees><LongitudeDegrees>59.79214368408939</LongitudeDegrees></Position></Trackpoint><Trackpoint><Time>2026-07-13T20:05:27.000Z</Time><Position><LatitudeDegrees>58.63533511475093</LatitudeDegrees><LongitudeDegrees>59.79216359340972</LongitudeDegrees></Position></Trackpoint><Trackpoint><Time>2026-07-13T20:05:28.000Z</Time><Position><LatitudeDegrees>58.635335519469685</LatitudeDegrees><LongitudeDegrees>59.792185045007294</LongitudeDegrees></Position></Trackpoint><Trackpoint><Time>2026-07-13T20:05:29.000Z</Time><Position><LatitudeDegrees>58.63533549303617</LatitudeDegrees><LongitudeDegrees>59.79220780576033</LongitudeDegrees></Position></Trackpoint><Trackpoint><Time>2026-07-13T20:05:30.000Z</Time><Position><LatitudeDegrees>58.63533529243248</LatitudeDegrees><LongitudeDegrees>59.79223063241214</LongitudeDegrees></Position></Trackpoint><Trackpoint><Time>2026-07-13T20:05:31.000Z</Time><Position><LatitudeDegrees>58.63533455623626</LatitudeDegrees><LongitudeDegrees>59.792252514879536</LongitudeDegrees></Position></Trackpoint><Trackpoint><Time>2026-07-13T20:05:32.000Z</Time><Position><LatitudeDegrees>58.63533369395484</LatitudeDegrees><LongitudeDegrees>59.79227364797184</LongitudeDegrees></Position></Trackpoint><Trackpoint><Time>2026-07-13T20:05:33.000Z</Time><Position><LatitudeDegrees>58.635333380030474</LatitudeDegrees><LongitudeDegrees>59.79229420809918</LongitudeDegrees></Position></Trackpoint><Trackpoint><Time>2026-07-13T20:05:34.000Z</Time><Position><LatitudeDegrees>58.63533382184016</LatitudeDegrees><LongitudeDegrees>59.79231483106294</LongitudeDegrees></Position></Trackpoint><Trackpoint><Time>2026-07-13T20:05:35.000Z</Time><Position><LatitudeDegrees>58.63533451818073</LatitudeDegrees><LongitudeDegrees>59.79233528103175</LongitudeDegrees></Position></Trackpoint><Trackpoint><Time>2026-07-13T20:05:36.000Z</Time><Position><LatitudeDegrees>58.63533522997134</LatitudeDegrees><LongitudeDegrees>59.79235597269664</LongitudeDegrees></Position></Trackpoint><Trackpoint><Time>2026-07-13T20:05:37.000Z</Time><Position><LatitudeDegrees>58.63533585676755</LatitudeDegrees><LongitudeDegrees>59.79237704581989</LongitudeDegrees></Position></Trackpoint><Trackpoint><Time>2026-07-13T20:05:38.000Z</Time><Position><LatitudeDegrees>58.635336368111886</LatitudeDegrees><LongitudeDegrees>59.79239752977942</LongitudeDegrees></Position></Trackpoint><Trackpoint><Time>2026-07-13T20:05:39.000Z</Time><Position><LatitudeDegrees>58.6353362766684</LatitudeDegrees><LongitudeDegrees>59.79241807968021</LongitudeDegrees></Position></Trackpoint><Trackpoint><Time>2026-07-13T20:05:40.000Z</Time><Position><LatitudeDegrees>58.63533594871342</LatitudeDegrees><LongitudeDegrees>59.792439936074096</LongitudeDegrees></Position></Trackpoint><Trackpoint><Time>2026-07-13T20:05:41.000Z</Time><Position><LatitudeDegrees>58.63533556544764</LatitudeDegrees><LongitudeDegrees>59.7924634421753</LongitudeDegrees></Position></Trackpoint><Trackpoint><Time>2026-07-13T20:05:42.000Z</Time><Position><LatitudeDegrees>58.635334718984</LatitudeDegrees><LongitudeDegrees>59.79248950681467</LongitudeDegrees></Position></Trackpoint><Trackpoint><Time>2026-07-13T20:05:43.000Z</Time><Position><LatitudeDegrees>58.63533330079174</LatitudeDegrees><LongitudeDegrees>59.79251719667333</LongitudeDegrees></Position></Trackpoint><Trackpoint><Time>2026-07-13T20:05:44.000Z</Time><Position><LatitudeDegrees>58.63533036033354</LatitudeDegrees><LongitudeDegrees>59.79254542917438</LongitudeDegrees></Position></Trackpoint><Trackpoint><Time>2026-07-13T20:05:45.000Z</Time><Position><LatitudeDegrees>58.635325701526966</LatitudeDegrees><LongitudeDegrees>59.79257319921861</LongitudeDegrees></Position></Trackpoint><Trackpoint><Time>2026-07-13T20:05:46.000Z</Time><Position><LatitudeDegrees>58.635319953776765</LatitudeDegrees><LongitudeDegrees>59.792599662617654</LongitudeDegrees></Position></Trackpoint><Trackpoint><Time>2026-07-13T20:05:47.000Z</Time><Position><LatitudeDegrees>58.6353144952783</LatitudeDegrees><LongitudeDegrees>59.792623660191296</LongitudeDegrees></Position></Trackpoint><Trackpoint><Time>2026-07-13T20:05:48.000Z</Time><Position><LatitudeDegrees>58.6353108357146</LatitudeDegrees><LongitudeDegrees>59.79264503103541</LongitudeDegrees></Position></Trackpoint><Trackpoint><Time>2026-07-13T20:05:49.000Z</Time><Position><LatitudeDegrees>58.6353088763223</LatitudeDegrees><LongitudeDegrees>59.79266453563171</LongitudeDegrees></Position></Trackpoint><Trackpoint><Time>2026-07-13T20:05:50.000Z</Time><Position><LatitudeDegrees>58.63530835821293</LatitudeDegrees><LongitudeDegrees>59.792683705923224</LongitudeDegrees></Position></Trackpoint><Trackpoint><Time>2026-07-13T20:05:51.000Z</Time><Position><LatitudeDegrees>58.635308500170495</LatitudeDegrees><LongitudeDegrees>59.7927032157227</LongitudeDegrees></Position></Trackpoint><Trackpoint><Time>2026-07-13T20:05:52.000Z</Time><Position><LatitudeDegrees>58.635308406134975</LatitudeDegrees><LongitudeDegrees>59.79272329895337</LongitudeDegrees></Position></Trackpoint><Trackpoint><Time>2026-07-13T20:05:53.000Z</Time><Position><LatitudeDegrees>58.63530822697895</LatitudeDegrees><LongitudeDegrees>59.792742999132344</LongitudeDegrees></Position></Trackpoint><Trackpoint><Time>2026-07-13T20:05:54.000Z</Time><Position><LatitudeDegrees>58.63530852537249</LatitudeDegrees><LongitudeDegrees>59.792762950733426</LongitudeDegrees></Position></Trackpoint><Trackpoint><Time>2026-07-13T20:05:55.000Z</Time><Position><LatitudeDegrees>58.63530947174911</LatitudeDegrees><LongitudeDegrees>59.792783382784435</LongitudeDegrees></Position></Trackpoint><Trackpoint><Time>2026-07-13T20:05:56.000Z</Time><Position><LatitudeDegrees>58.63531056352078</LatitudeDegrees><LongitudeDegrees>59.792803348720405</LongitudeDegrees></Position></Trackpoint><Trackpoint><Time>2026-07-13T20:05:57.000Z</Time><Position><LatitudeDegrees>58.63531157504374</LatitudeDegrees><LongitudeDegrees>59.7928230081501</LongitudeDegrees></Position></Trackpoint><Trackpoint><Time>2026-07-13T20:05:58.000Z</Time><Position><LatitudeDegrees>58.63531242369015</LatitudeDegrees><LongitudeDegrees>59.792842955755965</LongitudeDegrees></Position></Trackpoint><Trackpoint><Time>2026-07-13T20:05:59.000Z</Time><Position><LatitudeDegrees>58.63531358594671</LatitudeDegrees><LongitudeDegrees>59.792863889071704</LongitudeDegrees></Position></Trackpoint><Trackpoint><Time>2026-07-13T20:06:00.000Z</Time><Position><LatitudeDegrees>58.63531521779514</LatitudeDegrees><LongitudeDegrees>59.79288547923997</LongitudeDegrees></Position></Trackpoint><Trackpoint><Time>2026-07-13T20:06:01.000Z</Time><Position><LatitudeDegrees>58.63531683359188</LatitudeDegrees><LongitudeDegrees>59.792907996130936</LongitudeDegrees></Position></Trackpoint><Trackpoint><Time>2026-07-13T20:06:02.000Z</Time><Position><LatitudeDegrees>58.63531872500356</LatitudeDegrees><LongitudeDegrees>59.792930942332056</LongitudeDegrees></Position></Trackpoint><Trackpoint><Time>2026-07-13T20:06:03.000Z</Time><Position><LatitudeDegrees>58.635319507941595</LatitudeDegrees><LongitudeDegrees>59.79295405789095</LongitudeDegrees></Position></Trackpoint><Trackpoint><Time>2026-07-13T20:06:04.000Z</Time><Position><LatitudeDegrees>58.63531875466307</LatitudeDegrees><LongitudeDegrees>59.79297672440313</LongitudeDegrees></Position></Trackpoint><Trackpoint><Time>2026-07-13T20:06:05.000Z</Time><Position><LatitudeDegrees>58.63531648618025</LatitudeDegrees><LongitudeDegrees>59.79299776560224</LongitudeDegrees></Position></Trackpoint><Trackpoint><Time>2026-07-13T20:06:06.000Z</Time><Position><LatitudeDegrees>58.635312905620886</LatitudeDegrees><LongitudeDegrees>59.793019843332736</LongitudeDegrees></Position></Trackpoint><Trackpoint><Time>2026-07-13T20:06:07.000Z</Time><Position><LatitudeDegrees>58.635308265042774</LatitudeDegrees><LongitudeDegrees>59.79304245196185</LongitudeDegrees></Position></Trackpoint><Trackpoint><Time>2026-07-13T20:06:08.000Z</Time><Position><LatitudeDegrees>58.635302314692915</LatitudeDegrees><LongitudeDegrees>59.793064335891884</LongitudeDegrees></Position></Trackpoint><Trackpoint><Time>2026-07-13T20:06:09.000Z</Time><Position><LatitudeDegrees>58.63529463021129</LatitudeDegrees><LongitudeDegrees>59.79308605026109</LongitudeDegrees></Position></Trackpoint><Trackpoint><Time>2026-07-13T20:06:10.000Z</Time><Position><LatitudeDegrees>58.63528721784796</LatitudeDegrees><LongitudeDegrees>59.79310735584617</LongitudeDegrees></Position></Trackpoint><Trackpoint><Time>2026-07-13T20:06:11.000Z</Time><Position><LatitudeDegrees>58.635280379307005</LatitudeDegrees><LongitudeDegrees>59.7931277169832</LongitudeDegrees></Position></Trackpoint><Trackpoint><Time>2026-07-13T20:06:12.000Z</Time><Position><LatitudeDegrees>58.63527514441225</LatitudeDegrees><LongitudeDegrees>59.7931470342864</LongitudeDegrees></Position></Trackpoint><Trackpoint><Time>2026-07-13T20:06:13.000Z</Time><Position><LatitudeDegrees>58.635271241843284</LatitudeDegrees><LongitudeDegrees>59.79316491118925</LongitudeDegrees></Position></Trackpoint><Trackpoint><Time>2026-07-13T20:06:14.000Z</Time><Position><LatitudeDegrees>58.63526838885933</LatitudeDegrees><LongitudeDegrees>59.793180879635024</LongitudeDegrees></Position></Trackpoint><Trackpoint><Time>2026-07-13T20:06:15.000Z</Time><Position><LatitudeDegrees>58.635266334305655</LatitudeDegrees><LongitudeDegrees>59.79319548142055</LongitudeDegrees></Position></Trackpoint><Trackpoint><Time>2026-07-13T20:06:16.000Z</Time><Position><LatitudeDegrees>58.63526438266043</LatitudeDegrees><LongitudeDegrees>59.79320960469522</LongitudeDegrees></Position></Trackpoint><Trackpoint><Time>2026-07-13T20:06:17.000Z</Time><Position><LatitudeDegrees>58.63526321349766</LatitudeDegrees><LongitudeDegrees>59.793224655865956</LongitudeDegrees></Position></Trackpoint><Trackpoint><Time>2026-07-13T20:06:18.000Z</Time><Position><LatitudeDegrees>58.635262516647536</LatitudeDegrees><LongitudeDegrees>59.79324158465459</LongitudeDegrees></Position></Trackpoint><Trackpoint><Time>2026-07-13T20:06:19.000Z</Time><Position><LatitudeDegrees>58.635261614140546</LatitudeDegrees><LongitudeDegrees>59.793258582756344</LongitudeDegrees></Position></Trackpoint><Trackpoint><Time>2026-07-13T20:06:20.000Z</Time><Position><LatitudeDegrees>58.63526025316199</LatitudeDegrees><LongitudeDegrees>59.79327734460788</LongitudeDegrees></Position></Trackpoint><Trackpoint><Time>2026-07-13T20:06:21.000Z</Time><Position><LatitudeDegrees>58.63525887804909</LatitudeDegrees><LongitudeDegrees>59.79329540399639</LongitudeDegrees></Position></Trackpoint><Trackpoint><Time>2026-07-13T20:06:22.000Z</Time><Position><LatitudeDegrees>58.63525718399824</LatitudeDegrees><LongitudeDegrees>59.793313793855745</LongitudeDegrees></Position></Trackpoint><Trackpoint><Time>2026-07-13T20:06:23.000Z</Time><Position><LatitudeDegrees>58.63525459680572</LatitudeDegrees><LongitudeDegrees>59.79333289716711</LongitudeDegrees></Position></Trackpoint><Trackpoint><Time>2026-07-13T20:06:24.000Z</Time><Position><LatitudeDegrees>58.63525197384993</LatitudeDegrees><LongitudeDegrees>59.793354248916295</LongitudeDegrees></Position></Trackpoint><Trackpoint><Time>2026-07-13T20:06:25.000Z</Time><Position><LatitudeDegrees>58.6352486935968</LatitudeDegrees><LongitudeDegrees>59.793377703067414</LongitudeDegrees></Position></Trackpoint><Trackpoint><Time>2026-07-13T20:06:26.000Z</Time><Position><LatitudeDegrees>58.635245563662224</LatitudeDegrees><LongitudeDegrees>59.793400971195446</LongitudeDegrees></Position></Trackpoint><Trackpoint><Time>2026-07-13T20:06:27.000Z</Time><Position><LatitudeDegrees>58.63524289735621</LatitudeDegrees><LongitudeDegrees>59.79342313472644</LongitudeDegrees></Position></Trackpoint><Trackpoint><Time>2026-07-13T20:06:28.000Z</Time><Position><LatitudeDegrees>58.63524223303609</LatitudeDegrees><LongitudeDegrees>59.79344493635559</LongitudeDegrees></Position></Trackpoint><Trackpoint><Time>2026-07-13T20:06:29.000Z</Time><Position><LatitudeDegrees>58.635243457686244</LatitudeDegrees><LongitudeDegrees>59.793466728399125</LongitudeDegrees></Position></Trackpoint><Trackpoint><Time>2026-07-13T20:06:30.000Z</Time><Position><LatitudeDegrees>58.635246282316594</LatitudeDegrees><LongitudeDegrees>59.793485719519175</LongitudeDegrees></Position></Trackpoint><Trackpoint><Time>2026-07-13T20:06:31.000Z</Time><Position><LatitudeDegrees>58.63525136177759</LatitudeDegrees><LongitudeDegrees>59.79350307808651</LongitudeDegrees></Position></Trackpoint><Trackpoint><Time>2026-07-13T20:06:32.000Z</Time><Position><LatitudeDegrees>58.63525720752253</LatitudeDegrees><LongitudeDegrees>59.79351900520021</LongitudeDegrees></Position></Trackpoint><Trackpoint><Time>2026-07-13T20:06:33.000Z</Time><Position><LatitudeDegrees>58.635263597777474</LatitudeDegrees><LongitudeDegrees>59.79353474662573</LongitudeDegrees></Position></Trackpoint><Trackpoint><Time>2026-07-13T20:06:34.000Z</Time><Position><LatitudeDegrees>58.63527037132149</LatitudeDegrees><LongitudeDegrees>59.79355132885425</LongitudeDegrees></Position></Trackpoint><Trackpoint><Time>2026-07-13T20:06:35.000Z</Time><Position><LatitudeDegrees>58.63527594373198</LatitudeDegrees><LongitudeDegrees>59.79356808749203</LongitudeDegrees></Position></Trackpoint><Trackpoint><Time>2026-07-13T20:06:36.000Z</Time><Position><LatitudeDegrees>58.63527883743333</LatitudeDegrees><LongitudeDegrees>59.79358423666709</LongitudeDegrees></Position></Trackpoint><Trackpoint><Time>2026-07-13T20:06:37.000Z</Time><Position><LatitudeDegrees>58.63527829810826</LatitudeDegrees><LongitudeDegrees>59.793595614069815</LongitudeDegrees></Position></Trackpoint><Trackpoint><Time>2026-07-13T20:06:38.000Z</Time><Position><LatitudeDegrees>58.63527445572751</LatitudeDegrees><LongitudeDegrees>59.793600628361446</LongitudeDegrees></Position></Trackpoint><Trackpoint><Time>2026-07-13T20:06:39.000Z</Time><Position><LatitudeDegrees>58.635266808538326</LatitudeDegrees><LongitudeDegrees>59.79360139931375</LongitudeDegrees></Position></Trackpoint><Trackpoint><Time>2026-07-13T20:06:40.000Z</Time><Position><LatitudeDegrees>58.63525710707545</LatitudeDegrees><LongitudeDegrees>59.793598854935006</LongitudeDegrees></Position></Trackpoint><Trackpoint><Time>2026-07-13T20:06:41.000Z</Time><Position><LatitudeDegrees>58.63524829437284</LatitudeDegrees><LongitudeDegrees>59.79359282370644</LongitudeDegrees></Position></Trackpoint><Trackpoint><Time>2026-07-13T20:06:42.000Z</Time><Position><LatitudeDegrees>58.635240978788396</LatitudeDegrees><LongitudeDegrees>59.79358417213342</LongitudeDegrees></Position></Trackpoint><Trackpoint><Time>2026-07-13T20:06:43.000Z</Time><Position><LatitudeDegrees>58.63523374987947</LatitudeDegrees><LongitudeDegrees>59.79357408299962</LongitudeDegrees></Position></Trackpoint><Trackpoint><Time>2026-07-13T20:06:44.000Z</Time><Position><LatitudeDegrees>58.6352269948753</LatitudeDegrees><LongitudeDegrees>59.793563227923535</LongitudeDegrees></Position></Trackpoint><Trackpoint><Time>2026-07-13T20:06:45.000Z</Time><Position><LatitudeDegrees>58.63522032281425</LatitudeDegrees><LongitudeDegrees>59.793554429860706</LongitudeDegrees></Position></Trackpoint><Trackpoint><Time>2026-07-13T20:06:46.000Z</Time><Position><LatitudeDegrees>58.635213072429</LatitudeDegrees><LongitudeDegrees>59.79354760816257</LongitudeDegrees></Position></Trackpoint><Trackpoint><Time>2026-07-13T20:06:47.000Z</Time><Position><LatitudeDegrees>58.63520357678283</LatitudeDegrees><LongitudeDegrees>59.79354149673071</LongitudeDegrees></Position></Trackpoint><Trackpoint><Time>2026-07-13T20:06:48.000Z</Time><Position><LatitudeDegrees>58.635191437551434</LatitudeDegrees><LongitudeDegrees>59.79353499337137</LongitudeDegrees></Position></Trackpoint><Trackpoint><Time>2026-07-13T20:06:49.000Z</Time><Position><LatitudeDegrees>58.63517731960236</LatitudeDegrees><LongitudeDegrees>59.79352916329953</LongitudeDegrees></Position></Trackpoint><Trackpoint><Time>2026-07-13T20:06:50.000Z</Time><Position><LatitudeDegrees>58.63516224032628</LatitudeDegrees><LongitudeDegrees>59.79352386918023</LongitudeDegrees></Position></Trackpoint><Trackpoint><Time>2026-07-13T20:06:51.000Z</Time><Position><LatitudeDegrees>58.63514723171408</LatitudeDegrees><LongitudeDegrees>59.79351800644439</LongitudeDegrees></Position></Trackpoint><Trackpoint><Time>2026-07-13T20:06:52.000Z</Time><Position><LatitudeDegrees>58.63513270970442</LatitudeDegrees><LongitudeDegrees>59.7935111931747</LongitudeDegrees></Position></Trackpoint><Trackpoint><Time>2026-07-13T20:06:53.000Z</Time><Position><LatitudeDegrees>58.635118783140015</LatitudeDegrees><LongitudeDegrees>59.7935038836951</LongitudeDegrees></Position></Trackpoint><Trackpoint><Time>2026-07-13T20:06:54.000Z</Time><Position><LatitudeDegrees>58.63510591003204</LatitudeDegrees><LongitudeDegrees>59.79349632879911</LongitudeDegrees></Position></Trackpoint><Trackpoint><Time>2026-07-13T20:06:55.000Z</Time><Position><LatitudeDegrees>58.63509414379523</LatitudeDegrees><LongitudeDegrees>59.793488663270686</LongitudeDegrees></Position></Trackpoint><Trackpoint><Time>2026-07-13T20:06:56.000Z</Time><Position><LatitudeDegrees>58.6350828747517</LatitudeDegrees><LongitudeDegrees>59.79348242564973</LongitudeDegrees></Position></Trackpoint><Trackpoint><Time>2026-07-13T20:06:57.000Z</Time><Position><LatitudeDegrees>58.63507178800177</LatitudeDegrees><LongitudeDegrees>59.79347904550975</LongitudeDegrees></Position></Trackpoint><Trackpoint><Time>2026-07-13T20:06:58.000Z</Time><Position><LatitudeDegrees>58.63505975124089</LatitudeDegrees><LongitudeDegrees>59.79347972406466</LongitudeDegrees></Position></Trackpoint><Trackpoint><Time>2026-07-13T20:06:59.000Z</Time><Position><LatitudeDegrees>58.63504642008076</LatitudeDegrees><LongitudeDegrees>59.793482476644606</LongitudeDegrees></Position></Trackpoint><Trackpoint><Time>2026-07-13T20:07:00.000Z</Time><Position><LatitudeDegrees>58.63503132921437</LatitudeDegrees><LongitudeDegrees>59.793486219698366</LongitudeDegrees></Position></Trackpoint><Trackpoint><Time>2026-07-13T20:07:01.000Z</Time><Position><LatitudeDegrees>58.63501549208964</LatitudeDegrees><LongitudeDegrees>59.793488911025754</LongitudeDegrees></Position></Trackpoint><Trackpoint><Time>2026-07-13T20:07:02.000Z</Time><Position><LatitudeDegrees>58.63499991146997</LatitudeDegrees><LongitudeDegrees>59.79348886534688</LongitudeDegrees></Position></Trackpoint><Trackpoint><Time>2026-07-13T20:07:03.000Z</Time><Position><LatitudeDegrees>58.63498496740472</LatitudeDegrees><LongitudeDegrees>59.79348622950852</LongitudeDegrees></Position></Trackpoint><Trackpoint><Time>2026-07-13T20:07:04.000Z</Time><Position><LatitudeDegrees>58.6349707347101</LatitudeDegrees><LongitudeDegrees>59.79348237565134</LongitudeDegrees></Position></Trackpoint><Trackpoint><Time>2026-07-13T20:07:05.000Z</Time><Position><LatitudeDegrees>58.634957152894586</LatitudeDegrees><LongitudeDegrees>59.79347802519951</LongitudeDegrees></Position></Trackpoint><Trackpoint><Time>2026-07-13T20:07:06.000Z</Time><Position><LatitudeDegrees>58.634944113506386</LatitudeDegrees><LongitudeDegrees>59.793474028607356</LongitudeDegrees></Position></Trackpoint><Trackpoint><Time>2026-07-13T20:07:07.000Z</Time><Position><LatitudeDegrees>58.63493150226173</LatitudeDegrees><LongitudeDegrees>59.79347118031359</LongitudeDegrees></Position></Trackpoint><Trackpoint><Time>2026-07-13T20:07:08.000Z</Time><Position><LatitudeDegrees>58.634918727532536</LatitudeDegrees><LongitudeDegrees>59.79346819128034</LongitudeDegrees></Position></Trackpoint><Trackpoint><Time>2026-07-13T20:07:09.000Z</Time><Position><LatitudeDegrees>58.63490507703902</LatitudeDegrees><LongitudeDegrees>59.79346552792377</LongitudeDegrees></Position></Trackpoint><Trackpoint><Time>2026-07-13T20:07:10.000Z</Time><Position><LatitudeDegrees>58.63489085945426</LatitudeDegrees><LongitudeDegrees>59.793463340529506</LongitudeDegrees></Position></Trackpoint><Trackpoint><Time>2026-07-13T20:07:11.000Z</Time><Position><LatitudeDegrees>58.63487627468541</LatitudeDegrees><LongitudeDegrees>59.79346505717546</LongitudeDegrees></Position></Trackpoint><Trackpoint><Time>2026-07-13T20:07:12.000Z</Time><Position><LatitudeDegrees>58.63486194179905</LatitudeDegrees><LongitudeDegrees>59.7934691405277</LongitudeDegrees></Position></Trackpoint><Trackpoint><Time>2026-07-13T20:07:13.000Z</Time><Position><LatitudeDegrees>58.6348475938081</LatitudeDegrees><LongitudeDegrees>59.79347269525519</LongitudeDegrees></Position></Trackpoint><Trackpoint><Time>2026-07-13T20:07:14.000Z</Time><Position><LatitudeDegrees>58.63483312269701</LatitudeDegrees><LongitudeDegrees>59.79347508642287</LongitudeDegrees></Position></Trackpoint><Trackpoint><Time>2026-07-13T20:07:15.000Z</Time><Position><LatitudeDegrees>58.6348194790049</LatitudeDegrees><LongitudeDegrees>59.79347522266322</LongitudeDegrees></Position></Trackpoint><Trackpoint><Time>2026-07-13T20:07:16.000Z</Time><Position><LatitudeDegrees>58.6348064583869</LatitudeDegrees><LongitudeDegrees>59.793472943931185</LongitudeDegrees></Position></Trackpoint><Trackpoint><Time>2026-07-13T20:07:17.000Z</Time><Position><LatitudeDegrees>58.63479438632695</LatitudeDegrees><LongitudeDegrees>59.79346751505171</LongitudeDegrees></Position></Trackpoint><Trackpoint><Time>2026-07-13T20:07:18.000Z</Time><Position><LatitudeDegrees>58.634783275124235</LatitudeDegrees><LongitudeDegrees>59.793459527182456</LongitudeDegrees></Position></Trackpoint><Trackpoint><Time>2026-07-13T20:07:19.000Z</Time><Position><LatitudeDegrees>58.634772516908754</LatitudeDegrees><LongitudeDegrees>59.79345200027742</LongitudeDegrees></Position></Trackpoint><Trackpoint><Time>2026-07-13T20:07:20.000Z</Time><Position><LatitudeDegrees>58.634761816034</LatitudeDegrees><LongitudeDegrees>59.79344660850093</LongitudeDegrees></Position></Trackpoint><Trackpoint><Time>2026-07-13T20:07:21.000Z</Time><Position><LatitudeDegrees>58.63474957455143</LatitudeDegrees><LongitudeDegrees>59.793444746510396</LongitudeDegrees></Position></Trackpoint><Trackpoint><Time>2026-07-13T20:07:22.000Z</Time><Position><LatitudeDegrees>58.63473680093908</LatitudeDegrees><LongitudeDegrees>59.79344555640834</LongitudeDegrees></Position></Trackpoint><Trackpoint><Time>2026-07-13T20:07:23.000Z</Time><Position><LatitudeDegrees>58.63472446843052</LatitudeDegrees><LongitudeDegrees>59.79344736272987</LongitudeDegrees></Position></Trackpoint><Trackpoint><Time>2026-07-13T20:07:24.000Z</Time><Position><LatitudeDegrees>58.634712431610154</LatitudeDegrees><LongitudeDegrees>59.793448368351996</LongitudeDegrees></Position></Trackpoint><Trackpoint><Time>2026-07-13T20:07:25.000Z</Time><Position><LatitudeDegrees>58.63470108225048</LatitudeDegrees><LongitudeDegrees>59.79344793592809</LongitudeDegrees></Position></Trackpoint><Trackpoint><Time>2026-07-13T20:07:26.000Z</Time><Position><LatitudeDegrees>58.6346895142407</LatitudeDegrees><LongitudeDegrees>59.793446477159215</LongitudeDegrees></Position></Trackpoint><Trackpoint><Time>2026-07-13T20:07:27.000Z</Time><Position><LatitudeDegrees>58.634676892866956</LatitudeDegrees><LongitudeDegrees>59.79344576215926</LongitudeDegrees></Position></Trackpoint><Trackpoint><Time>2026-07-13T20:07:28.000Z</Time><Position><LatitudeDegrees>58.63466251995331</LatitudeDegrees><LongitudeDegrees>59.7934449556267</LongitudeDegrees></Position></Trackpoint><Trackpoint><Time>2026-07-13T20:07:29.000Z</Time><Position><LatitudeDegrees>58.63464731199635</LatitudeDegrees><LongitudeDegrees>59.79344372530456</LongitudeDegrees></Position></Trackpoint><Trackpoint><Time>2026-07-13T20:07:30.000Z</Time><Position><LatitudeDegrees>58.63463273283773</LatitudeDegrees><LongitudeDegrees>59.793441009529886</LongitudeDegrees></Position></Trackpoint><Trackpoint><Time>2026-07-13T20:07:31.000Z</Time><Position><LatitudeDegrees>58.63461930463093</LatitudeDegrees><LongitudeDegrees>59.79343705134064</LongitudeDegrees></Position></Trackpoint><Trackpoint><Time>2026-07-13T20:07:32.000Z</Time><Position><LatitudeDegrees>58.634607584303865</LatitudeDegrees><LongitudeDegrees>59.793431131068765</LongitudeDegrees></Position></Trackpoint><Trackpoint><Time>2026-07-13T20:07:33.000Z</Time><Position><LatitudeDegrees>58.63459660279301</LatitudeDegrees><LongitudeDegrees>59.79342271455067</LongitudeDegrees></Position></Trackpoint><Trackpoint><Time>2026-07-13T20:07:34.000Z</Time><Position><LatitudeDegrees>58.63458635579036</LatitudeDegrees><LongitudeDegrees>59.793412881410646</LongitudeDegrees></Position></Trackpoint><Trackpoint><Time>2026-07-13T20:07:35.000Z</Time><Position><LatitudeDegrees>58.63457674724872</LatitudeDegrees><LongitudeDegrees>59.79340176848463</LongitudeDegrees></Position></Trackpoint><Trackpoint><Time>2026-07-13T20:07:36.000Z</Time><Position><LatitudeDegrees>58.634567655667155</LatitudeDegrees><LongitudeDegrees>59.79338861716358</LongitudeDegrees></Position></Trackpoint><Trackpoint><Time>2026-07-13T20:07:37.000Z</Time><Position><LatitudeDegrees>58.63455847504586</LatitudeDegrees><LongitudeDegrees>59.79337337665191</LongitudeDegrees></Position></Trackpoint><Trackpoint><Time>2026-07-13T20:07:38.000Z</Time><Position><LatitudeDegrees>58.63454945685264</LatitudeDegrees><LongitudeDegrees>59.79335678378538</LongitudeDegrees></Position></Trackpoint><Trackpoint><Time>2026-07-13T20:07:39.000Z</Time><Position><LatitudeDegrees>58.634540683802925</LatitudeDegrees><LongitudeDegrees>59.79334176364332</LongitudeDegrees></Position></Trackpoint><Trackpoint><Time>2026-07-13T20:07:40.000Z</Time><Position><LatitudeDegrees>58.63453117927666</LatitudeDegrees><LongitudeDegrees>59.79332980862476</LongitudeDegrees></Position></Trackpoint><Trackpoint><Time>2026-07-13T20:07:41.000Z</Time><Position><LatitudeDegrees>58.634520145342414</LatitudeDegrees><LongitudeDegrees>59.79332113994542</LongitudeDegrees></Position></Trackpoint><Trackpoint><Time>2026-07-13T20:07:42.000Z</Time><Position><LatitudeDegrees>58.634508428903864</LatitudeDegrees><LongitudeDegrees>59.79331591652327</LongitudeDegrees></Position></Trackpoint><Trackpoint><Time>2026-07-13T20:07:43.000Z</Time><Position><LatitudeDegrees>58.634495976731955</LatitudeDegrees><LongitudeDegrees>59.793316209665576</LongitudeDegrees></Position></Trackpoint><Trackpoint><Time>2026-07-13T20:07:44.000Z</Time><Position><LatitudeDegrees>58.63448237172483</LatitudeDegrees><LongitudeDegrees>59.793321674752434</LongitudeDegrees></Position></Trackpoint><Trackpoint><Time>2026-07-13T20:07:45.000Z</Time><Position><LatitudeDegrees>58.63446759007069</LatitudeDegrees><LongitudeDegrees>59.79333150604661</LongitudeDegrees></Position></Trackpoint><Trackpoint><Time>2026-07-13T20:07:46.000Z</Time><Position><LatitudeDegrees>58.63445079376268</LatitudeDegrees><LongitudeDegrees>59.793344811322555</LongitudeDegrees></Position></Trackpoint><Trackpoint><Time>2026-07-13T20:07:47.000Z</Time><Position><LatitudeDegrees>58.63443238587001</LatitudeDegrees><LongitudeDegrees>59.79335979803049</LongitudeDegrees></Position></Trackpoint><Trackpoint><Time>2026-07-13T20:07:48.000Z</Time><Position><LatitudeDegrees>58.63441371845571</LatitudeDegrees><LongitudeDegrees>59.79337649135062</LongitudeDegrees></Position></Trackpoint><Trackpoint><Time>2026-07-13T20:07:49.000Z</Time><Position><LatitudeDegrees>58.63439538165365</LatitudeDegrees><LongitudeDegrees>59.793394682611925</LongitudeDegrees></Position></Trackpoint><Trackpoint><Time>2026-07-13T20:07:50.000Z</Time><Position><LatitudeDegrees>58.63437757606703</LatitudeDegrees><LongitudeDegrees>59.79341458322883</LongitudeDegrees></Position></Trackpoint><Trackpoint><Time>2026-07-13T20:07:51.000Z</Time><Position><LatitudeDegrees>58.63436031613026</LatitudeDegrees><LongitudeDegrees>59.79343410243318</LongitudeDegrees></Position></Trackpoint><Trackpoint><Time>2026-07-13T20:07:52.000Z</Time><Position><LatitudeDegrees>58.634343537754575</LatitudeDegrees><LongitudeDegrees>59.79345242813066</LongitudeDegrees></Position></Trackpoint><Trackpoint><Time>2026-07-13T20:07:53.000Z</Time><Position><LatitudeDegrees>58.634327642349064</LatitudeDegrees><LongitudeDegrees>59.793467420616054</LongitudeDegrees></Position></Trackpoint><Trackpoint><Time>2026-07-13T20:07:54.000Z</Time><Position><LatitudeDegrees>58.63431366112073</LatitudeDegrees><LongitudeDegrees>59.79347911611075</LongitudeDegrees></Position></Trackpoint><Trackpoint><Time>2026-07-13T20:07:55.000Z</Time><Position><LatitudeDegrees>58.634302262683875</LatitudeDegrees><LongitudeDegrees>59.79348942152756</LongitudeDegrees></Position></Trackpoint><Trackpoint><Time>2026-07-13T20:07:56.000Z</Time><Position><LatitudeDegrees>58.63429388050942</LatitudeDegrees><LongitudeDegrees>59.79350027983239</LongitudeDegrees></Position></Trackpoint><Trackpoint><Time>2026-07-13T20:07:57.000Z</Time><Position><LatitudeDegrees>58.63428928520366</LatitudeDegrees><LongitudeDegrees>59.79351193063043</LongitudeDegrees></Position></Trackpoint><Trackpoint><Time>2026-07-13T20:07:58.000Z</Time><Position><LatitudeDegrees>58.63428683925724</LatitudeDegrees><LongitudeDegrees>59.79352535010502</LongitudeDegrees></Position></Trackpoint><Trackpoint><Time>2026-07-13T20:07:59.000Z</Time><Position><LatitudeDegrees>58.6342855924222</LatitudeDegrees><LongitudeDegrees>59.79353924444221</LongitudeDegrees></Position></Trackpoint><Trackpoint><Time>2026-07-13T20:08:00.000Z</Time><Position><LatitudeDegrees>58.634284020229366</LatitudeDegrees><LongitudeDegrees>59.793552040637124</LongitudeDegrees></Position></Trackpoint><Trackpoint><Time>2026-07-13T20:08:01.000Z</Time><Position><LatitudeDegrees>58.63428104700005</LatitudeDegrees><LongitudeDegrees>59.79356323181881</LongitudeDegrees></Position></Trackpoint><Trackpoint><Time>2026-07-13T20:08:02.000Z</Time><Position><LatitudeDegrees>58.634277388776056</LatitudeDegrees><LongitudeDegrees>59.793574773684384</LongitudeDegrees></Position></Trackpoint><Trackpoint><Time>2026-07-13T20:08:03.000Z</Time><Position><LatitudeDegrees>58.63427440758654</LatitudeDegrees><LongitudeDegrees>59.793588895477264</LongitudeDegrees></Position></Trackpoint><Trackpoint><Time>2026-07-13T20:08:04.000Z</Time><Position><LatitudeDegrees>58.63427208785356</LatitudeDegrees><LongitudeDegrees>59.79360716336569</LongitudeDegrees></Position></Trackpoint><Trackpoint><Time>2026-07-13T20:08:05.000Z</Time><Position><LatitudeDegrees>58.63426984865404</LatitudeDegrees><LongitudeDegrees>59.793628221373034</LongitudeDegrees></Position></Trackpoint><Trackpoint><Time>2026-07-13T20:08:06.000Z</Time><Position><LatitudeDegrees>58.63426744040813</LatitudeDegrees><LongitudeDegrees>59.79365017373412</LongitudeDegrees></Position></Trackpoint><Trackpoint><Time>2026-07-13T20:08:07.000Z</Time><Position><LatitudeDegrees>58.63426429241676</LatitudeDegrees><LongitudeDegrees>59.79367212492068</LongitudeDegrees></Position></Trackpoint><Trackpoint><Time>2026-07-13T20:08:08.000Z</Time><Position><LatitudeDegrees>58.63426124381347</LatitudeDegrees><LongitudeDegrees>59.79369321666445</LongitudeDegrees></Position></Trackpoint><Trackpoint><Time>2026-07-13T20:08:09.000Z</Time><Position><LatitudeDegrees>58.6342581378145</LatitudeDegrees><LongitudeDegrees>59.79371222658887</LongitudeDegrees></Position></Trackpoint><Trackpoint><Time>2026-07-13T20:08:10.000Z</Time><Position><LatitudeDegrees>58.634254917217724</LatitudeDegrees><LongitudeDegrees>59.79372940808751</LongitudeDegrees></Position></Trackpoint><Trackpoint><Time>2026-07-13T20:08:11.000Z</Time><Position><LatitudeDegrees>58.63425157317385</LatitudeDegrees><LongitudeDegrees>59.79374558980256</LongitudeDegrees></Position></Trackpoint><Trackpoint><Time>2026-07-13T20:08:12.000Z</Time><Position><LatitudeDegrees>58.63424762827207</LatitudeDegrees><LongitudeDegrees>59.79376124131724</LongitudeDegrees></Position></Trackpoint><Trackpoint><Time>2026-07-13T20:08:13.000Z</Time><Position><LatitudeDegrees>58.634244431849766</LatitudeDegrees><LongitudeDegrees>59.79377858251447</LongitudeDegrees></Position></Trackpoint><Trackpoint><Time>2026-07-13T20:08:14.000Z</Time><Position><LatitudeDegrees>58.63424195393223</LatitudeDegrees><LongitudeDegrees>59.79379831074785</LongitudeDegrees></Position></Trackpoint><Trackpoint><Time>2026-07-13T20:08:15.000Z</Time><Position><LatitudeDegrees>58.63424155878774</LatitudeDegrees><LongitudeDegrees>59.79382040683839</LongitudeDegrees></Position></Trackpoint><Trackpoint><Time>2026-07-13T20:08:16.000Z</Time><Position><LatitudeDegrees>58.63424011367237</LatitudeDegrees><LongitudeDegrees>59.79384553819789</LongitudeDegrees></Position></Trackpoint><Trackpoint><Time>2026-07-13T20:08:17.000Z</Time><Position><LatitudeDegrees>58.6342374424011</LatitudeDegrees><LongitudeDegrees>59.79387261089537</LongitudeDegrees></Position></Trackpoint><Trackpoint><Time>2026-07-13T20:08:18.000Z</Time><Position><LatitudeDegrees>58.63423314017972</LatitudeDegrees><LongitudeDegrees>59.7939014148564</LongitudeDegrees></Position></Trackpoint><Trackpoint><Time>2026-07-13T20:08:19.000Z</Time><Position><LatitudeDegrees>58.63422724963043</LatitudeDegrees><LongitudeDegrees>59.79393066213904</LongitudeDegrees></Position></Trackpoint><Trackpoint><Time>2026-07-13T20:08:20.000Z</Time><Position><LatitudeDegrees>58.634220481776595</LatitudeDegrees><LongitudeDegrees>59.79395878620494</LongitudeDegrees></Position></Trackpoint><Trackpoint><Time>2026-07-13T20:08:21.000Z</Time><Position><LatitudeDegrees>58.634214221263285</LatitudeDegrees><LongitudeDegrees>59.79398528606455</LongitudeDegrees></Position></Trackpoint><Trackpoint><Time>2026-07-13T20:08:22.000Z</Time><Position><LatitudeDegrees>58.634207504385266</LatitudeDegrees><LongitudeDegrees>59.794010653468696</LongitudeDegrees></Position></Trackpoint><Trackpoint><Time>2026-07-13T20:08:23.000Z</Time><Position><LatitudeDegrees>58.63420048244093</LatitudeDegrees><LongitudeDegrees>59.794035236285715</LongitudeDegrees></Position></Trackpoint><Trackpoint><Time>2026-07-13T20:08:24.000Z</Time><Position><LatitudeDegrees>58.63419276728418</LatitudeDegrees><LongitudeDegrees>59.79405976809057</LongitudeDegrees></Position></Trackpoint><Trackpoint><Time>2026-07-13T20:08:25.000Z</Time><Position><LatitudeDegrees>58.634186246478755</LatitudeDegrees><LongitudeDegrees>59.79408553676247</LongitudeDegrees></Position></Trackpoint><Trackpoint><Time>2026-07-13T20:08:26.000Z</Time><Position><LatitudeDegrees>58.63418154409315</LatitudeDegrees><LongitudeDegrees>59.79411193472178</LongitudeDegrees></Position></Trackpoint><Trackpoint><Time>2026-07-13T20:08:27.000Z</Time><Position><LatitudeDegrees>58.634176235695065</LatitudeDegrees><LongitudeDegrees>59.79413716214699</LongitudeDegrees></Position></Trackpoint><Trackpoint><Time>2026-07-13T20:08:28.000Z</Time><Position><LatitudeDegrees>58.634170869435074</LatitudeDegrees><LongitudeDegrees>59.79416013843724</LongitudeDegrees></Position></Trackpoint><Trackpoint><Time>2026-07-13T20:08:29.000Z</Time><Position><LatitudeDegrees>58.63416616809696</LatitudeDegrees><LongitudeDegrees>59.79418119710546</LongitudeDegrees></Position></Trackpoint><Trackpoint><Time>2026-07-13T20:08:30.000Z</Time><Position><LatitudeDegrees>58.63416234400548</LatitudeDegrees><LongitudeDegrees>59.79420121123788</LongitudeDegrees></Position></Trackpoint><Trackpoint><Time>2026-07-13T20:08:31.000Z</Time><Position><LatitudeDegrees>58.634159372009776</LatitudeDegrees><LongitudeDegrees>59.79422018485452</LongitudeDegrees></Position></Trackpoint><Trackpoint><Time>2026-07-13T20:08:32.000Z</Time><Position><LatitudeDegrees>58.63415664277605</LatitudeDegrees><LongitudeDegrees>59.7942392323808</LongitudeDegrees></Position></Trackpoint><Trackpoint><Time>2026-07-13T20:08:33.000Z</Time><Position><LatitudeDegrees>58.6341538742022</LatitudeDegrees><LongitudeDegrees>59.79425831367746</LongitudeDegrees></Position></Trackpoint><Trackpoint><Time>2026-07-13T20:08:34.000Z</Time><Position><LatitudeDegrees>58.63415095515842</LatitudeDegrees><LongitudeDegrees>59.7942813247644</LongitudeDegrees></Position></Trackpoint><Trackpoint><Time>2026-07-13T20:08:35.000Z</Time><Position><LatitudeDegrees>58.634147859190335</LatitudeDegrees><LongitudeDegrees>59.7943069177168</LongitudeDegrees></Position></Trackpoint><Trackpoint><Time>2026-07-13T20:08:36.000Z</Time><Position><LatitudeDegrees>58.63414410850051</LatitudeDegrees><LongitudeDegrees>59.79433322681452</LongitudeDegrees></Position></Trackpoint><Trackpoint><Time>2026-07-13T20:08:37.000Z</Time><Position><LatitudeDegrees>58.63413959034855</LatitudeDegrees><LongitudeDegrees>59.794359881386235</LongitudeDegrees></Position></Trackpoint><Trackpoint><Time>2026-07-13T20:08:38.000Z</Time><Position><LatitudeDegrees>58.63413533602806</LatitudeDegrees><LongitudeDegrees>59.79438668443606</LongitudeDegrees></Position></Trackpoint><Trackpoint><Time>2026-07-13T20:08:39.000Z</Time><Position><LatitudeDegrees>58.6341302675659</LatitudeDegrees><LongitudeDegrees>59.79441353577759</LongitudeDegrees></Position></Trackpoint><Trackpoint><Time>2026-07-13T20:08:40.000Z</Time><Position><LatitudeDegrees>58.634123066289405</LatitudeDegrees><LongitudeDegrees>59.794439408731314</LongitudeDegrees></Position></Trackpoint><Trackpoint><Time>2026-07-13T20:08:41.000Z</Time><Position><LatitudeDegrees>58.634114442089924</LatitudeDegrees><LongitudeDegrees>59.794464006050966</LongitudeDegrees></Position></Trackpoint><Trackpoint><Time>2026-07-13T20:08:42.000Z</Time><Position><LatitudeDegrees>58.63410731800749</LatitudeDegrees><LongitudeDegrees>59.79448736904632</LongitudeDegrees></Position></Trackpoint><Trackpoint><Time>2026-07-13T20:08:43.000Z</Time><Position><LatitudeDegrees>58.634102215699095</LatitudeDegrees><LongitudeDegrees>59.794510162764404</LongitudeDegrees></Position></Trackpoint><Trackpoint><Time>2026-07-13T20:08:44.000Z</Time><Position><LatitudeDegrees>58.63409909050885</LatitudeDegrees><LongitudeDegrees>59.79453126532777</LongitudeDegrees></Position></Trackpoint><Trackpoint><Time>2026-07-13T20:08:45.000Z</Time><Position><LatitudeDegrees>58.63409815989646</LatitudeDegrees><LongitudeDegrees>59.79455190059888</LongitudeDegrees></Position></Trackpoint><Trackpoint><Time>2026-07-13T20:08:46.000Z</Time><Position><LatitudeDegrees>58.63409678369525</LatitudeDegrees><LongitudeDegrees>59.79457214297074</LongitudeDegrees></Position></Trackpoint><Trackpoint><Time>2026-07-13T20:08:47.000Z</Time><Position><LatitudeDegrees>58.634095890229666</LatitudeDegrees><LongitudeDegrees>59.79459256311952</LongitudeDegrees></Position></Trackpoint><Trackpoint><Time>2026-07-13T20:08:48.000Z</Time><Position><LatitudeDegrees>58.63409482063505</LatitudeDegrees><LongitudeDegrees>59.79461386286192</LongitudeDegrees></Position></Trackpoint><Trackpoint><Time>2026-07-13T20:08:49.000Z</Time><Position><LatitudeDegrees>58.63409332617485</LatitudeDegrees><LongitudeDegrees>59.794636707945564</LongitudeDegrees></Position></Trackpoint><Trackpoint><Time>2026-07-13T20:08:50.000Z</Time><Position><LatitudeDegrees>58.63409135894192</LatitudeDegrees><LongitudeDegrees>59.794660684594696</LongitudeDegrees></Position></Trackpoint><Trackpoint><Time>2026-07-13T20:08:51.000Z</Time><Position><LatitudeDegrees>58.634089449496784</LatitudeDegrees><LongitudeDegrees>59.794684987557325</LongitudeDegrees></Position></Trackpoint><Trackpoint><Time>2026-07-13T20:08:52.000Z</Time><Position><LatitudeDegrees>58.63408780892498</LatitudeDegrees><LongitudeDegrees>59.79470924332198</LongitudeDegrees></Position></Trackpoint><Trackpoint><Time>2026-07-13T20:08:53.000Z</Time><Position><LatitudeDegrees>58.63408600003847</LatitudeDegrees><LongitudeDegrees>59.79473330412199</LongitudeDegrees></Position></Trackpoint><Trackpoint><Time>2026-07-13T20:08:54.000Z</Time><Position><LatitudeDegrees>58.6340843540022</LatitudeDegrees><LongitudeDegrees>59.794757623736125</LongitudeDegrees></Position></Trackpoint><Trackpoint><Time>2026-07-13T20:08:55.000Z</Time><Position><LatitudeDegrees>58.63408298629935</LatitudeDegrees><LongitudeDegrees>59.79478186621661</LongitudeDegrees></Position></Trackpoint><Trackpoint><Time>2026-07-13T20:08:56.000Z</Time><Position><LatitudeDegrees>58.63408190876607</LatitudeDegrees><LongitudeDegrees>59.794806882330164</LongitudeDegrees></Position></Trackpoint><Trackpoint><Time>2026-07-13T20:08:57.000Z</Time><Position><LatitudeDegrees>58.63408157864469</LatitudeDegrees><LongitudeDegrees>59.794833412766884</LongitudeDegrees></Position></Trackpoint><Trackpoint><Time>2026-07-13T20:08:58.000Z</Time><Position><LatitudeDegrees>58.63408159870303</LatitudeDegrees><LongitudeDegrees>59.794861568206564</LongitudeDegrees></Position></Trackpoint><Trackpoint><Time>2026-07-13T20:08:59.000Z</Time><Position><LatitudeDegrees>58.63408176040259</LatitudeDegrees><LongitudeDegrees>59.79489167527478</LongitudeDegrees></Position></Trackpoint><Trackpoint><Time>2026-07-13T20:09:00.000Z</Time><Position><LatitudeDegrees>58.63408244929146</LatitudeDegrees><LongitudeDegrees>59.79492312838766</LongitudeDegrees></Position></Trackpoint><Trackpoint><Time>2026-07-13T20:09:01.000Z</Time><Position><LatitudeDegrees>58.63408326687662</LatitudeDegrees><LongitudeDegrees>59.794953546940285</LongitudeDegrees></Position></Trackpoint><Trackpoint><Time>2026-07-13T20:09:02.000Z</Time><Position><LatitudeDegrees>58.6340840325274</LatitudeDegrees><LongitudeDegrees>59.79498208330442</LongitudeDegrees></Position></Trackpoint><Trackpoint><Time>2026-07-13T20:09:03.000Z</Time><Position><LatitudeDegrees>58.634084678519734</LatitudeDegrees><LongitudeDegrees>59.795008140363905</LongitudeDegrees></Position></Trackpoint><Trackpoint><Time>2026-07-13T20:09:04.000Z</Time><Position><LatitudeDegrees>58.634084702709984</LatitudeDegrees><LongitudeDegrees>59.79503130081078</LongitudeDegrees></Position></Trackpoint><Trackpoint><Time>2026-07-13T20:09:05.000Z</Time><Position><LatitudeDegrees>58.63408348849538</LatitudeDegrees><LongitudeDegrees>59.795052743780786</LongitudeDegrees></Position></Trackpoint><Trackpoint><Time>2026-07-13T20:09:06.000Z</Time><Position><LatitudeDegrees>58.63408192010696</LatitudeDegrees><LongitudeDegrees>59.79507415453814</LongitudeDegrees></Position></Trackpoint><Trackpoint><Time>2026-07-13T20:09:07.000Z</Time><Position><LatitudeDegrees>58.63407844871576</LatitudeDegrees><LongitudeDegrees>59.79509329360158</LongitudeDegrees></Position></Trackpoint><Trackpoint><Time>2026-07-13T20:09:08.000Z</Time><Position><LatitudeDegrees>58.634072191099264</LatitudeDegrees><LongitudeDegrees>59.79510953024651</LongitudeDegrees></Position></Trackpoint><Trackpoint><Time>2026-07-13T20:09:09.000Z</Time><Position><LatitudeDegrees>58.634064609956646</LatitudeDegrees><LongitudeDegrees>59.795125425293634</LongitudeDegrees></Position></Trackpoint><Trackpoint><Time>2026-07-13T20:09:10.000Z</Time><Position><LatitudeDegrees>58.63405745677001</LatitudeDegrees><LongitudeDegrees>59.795140118775386</LongitudeDegrees></Position></Trackpoint><Trackpoint><Time>2026-07-13T20:09:11.000Z</Time><Position><LatitudeDegrees>58.63405041870936</LatitudeDegrees><LongitudeDegrees>59.795154389968786</LongitudeDegrees></Position></Trackpoint><Trackpoint><Time>2026-07-13T20:09:12.000Z</Time><Position><LatitudeDegrees>58.634042862554</LatitudeDegrees><LongitudeDegrees>59.79516812439556</LongitudeDegrees></Position></Trackpoint><Trackpoint><Time>2026-07-13T20:09:13.000Z</Time><Position><LatitudeDegrees>58.634033614797964</LatitudeDegrees><LongitudeDegrees>59.795182812634756</LongitudeDegrees></Position></Trackpoint><Trackpoint><Time>2026-07-13T20:09:14.000Z</Time><Position><LatitudeDegrees>58.63402143004552</LatitudeDegrees><LongitudeDegrees>59.79519894613617</LongitudeDegrees></Position></Trackpoint><Trackpoint><Time>2026-07-13T20:09:15.000Z</Time><Position><LatitudeDegrees>58.63400764119207</LatitudeDegrees><LongitudeDegrees>59.795217521019225</LongitudeDegrees></Position></Trackpoint><Trackpoint><Time>2026-07-13T20:09:16.000Z</Time><Position><LatitudeDegrees>58.63399398227356</LatitudeDegrees><LongitudeDegrees>59.79523863417149</LongitudeDegrees></Position></Trackpoint><Trackpoint><Time>2026-07-13T20:09:17.000Z</Time><Position><LatitudeDegrees>58.63398164035748</LatitudeDegrees><LongitudeDegrees>59.795260041269</LongitudeDegrees></Position></Trackpoint><Trackpoint><Time>2026-07-13T20:09:18.000Z</Time><Position><LatitudeDegrees>58.63397044567193</LatitudeDegrees><LongitudeDegrees>59.79528126990751</LongitudeDegrees></Position></Trackpoint><Trackpoint><Time>2026-07-13T20:09:19.000Z</Time><Position><LatitudeDegrees>58.63396067066449</LatitudeDegrees><LongitudeDegrees>59.79530263805075</LongitudeDegrees></Position></Trackpoint><Trackpoint><Time>2026-07-13T20:09:20.000Z</Time><Position><LatitudeDegrees>58.63395273493525</LatitudeDegrees><LongitudeDegrees>59.795324748352186</LongitudeDegrees></Position></Trackpoint><Trackpoint><Time>2026-07-13T20:09:21.000Z</Time><Position><LatitudeDegrees>58.63394755444217</LatitudeDegrees><LongitudeDegrees>59.79534775374973</LongitudeDegrees></Position></Trackpoint><Trackpoint><Time>2026-07-13T20:09:22.000Z</Time><Position><LatitudeDegrees>58.633944173555676</LatitudeDegrees><LongitudeDegrees>59.795372091954704</LongitudeDegrees></Position></Trackpoint><Trackpoint><Time>2026-07-13T20:09:23.000Z</Time><Position><LatitudeDegrees>58.633942457349455</LatitudeDegrees><LongitudeDegrees>59.79539581372494</LongitudeDegrees></Position></Trackpoint><Trackpoint><Time>2026-07-13T20:09:24.000Z</Time><Position><LatitudeDegrees>58.63394213659718</LatitudeDegrees><LongitudeDegrees>59.79541819541597</LongitudeDegrees></Position></Trackpoint><Trackpoint><Time>2026-07-13T20:09:25.000Z</Time><Position><LatitudeDegrees>58.6339414524862</LatitudeDegrees><LongitudeDegrees>59.79543960061463</LongitudeDegrees></Position></Trackpoint><Trackpoint><Time>2026-07-13T20:09:26.000Z</Time><Position><LatitudeDegrees>58.63393972731536</LatitudeDegrees><LongitudeDegrees>59.79545785633633</LongitudeDegrees></Position></Trackpoint><Trackpoint><Time>2026-07-13T20:09:27.000Z</Time><Position><LatitudeDegrees>58.633936815603185</LatitudeDegrees><LongitudeDegrees>59.79547296151476</LongitudeDegrees></Position></Trackpoint><Trackpoint><Time>2026-07-13T20:09:28.000Z</Time><Position><LatitudeDegrees>58.63393280972633</LatitudeDegrees><LongitudeDegrees>59.79548678891011</LongitudeDegrees></Position></Trackpoint><Trackpoint><Time>2026-07-13T20:09:29.000Z</Time><Position><LatitudeDegrees>58.633927398552345</LatitudeDegrees><LongitudeDegrees>59.795502721842084</LongitudeDegrees></Position></Trackpoint><Trackpoint><Time>2026-07-13T20:09:31.000Z</Time><Position><LatitudeDegrees>58.633921613535506</LatitudeDegrees><LongitudeDegrees>59.79552139382151</LongitudeDegrees></Position></Trackpoint><Trackpoint><Time>2026-07-13T20:09:32.000Z</Time><Position><LatitudeDegrees>58.63391494822401</LatitudeDegrees><LongitudeDegrees>59.79554222458606</LongitudeDegrees></Position></Trackpoint><Trackpoint><Time>2026-07-13T20:09:33.000Z</Time><Position><LatitudeDegrees>58.63390730702861</LatitudeDegrees><LongitudeDegrees>59.795564698087546</LongitudeDegrees></Position></Trackpoint><Trackpoint><Time>2026-07-13T20:09:34.000Z</Time><Position><LatitudeDegrees>58.633899265446296</LatitudeDegrees><LongitudeDegrees>59.79558790134671</LongitudeDegrees></Position></Trackpoint><Trackpoint><Time>2026-07-13T20:09:35.000Z</Time><Position><LatitudeDegrees>58.633892580706835</LatitudeDegrees><LongitudeDegrees>59.79561087509432</LongitudeDegrees></Position></Trackpoint><Trackpoint><Time>2026-07-13T20:09:36.000Z</Time><Position><LatitudeDegrees>58.633886333515456</LatitudeDegrees><LongitudeDegrees>59.79563178489693</LongitudeDegrees></Position></Trackpoint><Trackpoint><Time>2026-07-13T20:09:37.000Z</Time><Position><LatitudeDegrees>58.63387959950666</LatitudeDegrees><LongitudeDegrees>59.795650140177905</LongitudeDegrees></Position></Trackpoint><Trackpoint><Time>2026-07-13T20:09:38.000Z</Time><Position><LatitudeDegrees>58.633872550088824</LatitudeDegrees><LongitudeDegrees>59.79566753560224</LongitudeDegrees></Position></Trackpoint><Trackpoint><Time>2026-07-13T20:09:39.000Z</Time><Position><LatitudeDegrees>58.63386480672528</LatitudeDegrees><LongitudeDegrees>59.79568426149171</LongitudeDegrees></Position></Trackpoint><Trackpoint><Time>2026-07-13T20:09:40.000Z</Time><Position><LatitudeDegrees>58.633855812978254</LatitudeDegrees><LongitudeDegrees>59.795701502565514</LongitudeDegrees></Position></Trackpoint><Trackpoint><Time>2026-07-13T20:09:41.000Z</Time><Position><LatitudeDegrees>58.633844520951726</LatitudeDegrees><LongitudeDegrees>59.79571919099678</LongitudeDegrees></Position></Trackpoint><Trackpoint><Time>2026-07-13T20:09:42.000Z</Time><Position><LatitudeDegrees>58.63383177328909</LatitudeDegrees><LongitudeDegrees>59.7957377310451</LongitudeDegrees></Position></Trackpoint><Trackpoint><Time>2026-07-13T20:09:43.000Z</Time><Position><LatitudeDegrees>58.63382202073263</LatitudeDegrees><LongitudeDegrees>59.795760607168646</LongitudeDegrees></Position></Trackpoint><Trackpoint><Time>2026-07-13T20:09:44.000Z</Time><Position><LatitudeDegrees>58.63381573260788</LatitudeDegrees><LongitudeDegrees>59.79578722902292</LongitudeDegrees></Position></Trackpoint><Trackpoint><Time>2026-07-13T20:09:45.000Z</Time><Position><LatitudeDegrees>58.63381216793354</LatitudeDegrees><LongitudeDegrees>59.795815893504276</LongitudeDegrees></Position></Trackpoint><Trackpoint><Time>2026-07-13T20:09:46.000Z</Time><Position><LatitudeDegrees>58.633809692776836</LatitudeDegrees><LongitudeDegrees>59.79584514743913</LongitudeDegrees></Position></Trackpoint><Trackpoint><Time>2026-07-13T20:09:47.000Z</Time><Position><LatitudeDegrees>58.633807984002445</LatitudeDegrees><LongitudeDegrees>59.795875295927914</LongitudeDegrees></Position></Trackpoint><Trackpoint><Time>2026-07-13T20:09:48.000Z</Time><Position><LatitudeDegrees>58.63380632055783</LatitudeDegrees><LongitudeDegrees>59.79590683941713</LongitudeDegrees></Position></Trackpoint><Trackpoint><Time>2026-07-13T20:09:49.000Z</Time><Position><LatitudeDegrees>58.63380439967151</LatitudeDegrees><LongitudeDegrees>59.7959388257399</LongitudeDegrees></Position></Trackpoint><Trackpoint><Time>2026-07-13T20:09:50.000Z</Time><Position><LatitudeDegrees>58.633801150473104</LatitudeDegrees><LongitudeDegrees>59.79597080592516</LongitudeDegrees></Position></Trackpoint><Trackpoint><Time>2026-07-13T20:09:51.000Z</Time><Position><LatitudeDegrees>58.633796302429324</LatitudeDegrees><LongitudeDegrees>59.79600161663812</LongitudeDegrees></Position></Trackpoint><Trackpoint><Time>2026-07-13T20:09:52.000Z</Time><Position><LatitudeDegrees>58.63379092855617</LatitudeDegrees><LongitudeDegrees>59.796029949657516</LongitudeDegrees></Position></Trackpoint><Trackpoint><Time>2026-07-13T20:09:53.000Z</Time><Position><LatitudeDegrees>58.63378406941494</LatitudeDegrees><LongitudeDegrees>59.79605460500116</LongitudeDegrees></Position></Trackpoint><Trackpoint><Time>2026-07-13T20:09:54.000Z</Time><Position><LatitudeDegrees>58.633776010119334</LatitudeDegrees><LongitudeDegrees>59.79607702933236</LongitudeDegrees></Position></Trackpoint><Trackpoint><Time>2026-07-13T20:09:55.000Z</Time><Position><LatitudeDegrees>58.63376751173728</LatitudeDegrees><LongitudeDegrees>59.79609859439299</LongitudeDegrees></Position></Trackpoint><Trackpoint><Time>2026-07-13T20:09:56.000Z</Time><Position><LatitudeDegrees>58.63376188172173</LatitudeDegrees><LongitudeDegrees>59.79612389228312</LongitudeDegrees></Position></Trackpoint><Trackpoint><Time>2026-07-13T20:09:57.000Z</Time><Position><LatitudeDegrees>58.63375913482037</LatitudeDegrees><LongitudeDegrees>59.796150907805355</LongitudeDegrees></Position></Trackpoint><Trackpoint><Time>2026-07-13T20:09:58.000Z</Time><Position><LatitudeDegrees>58.633759886284686</LatitudeDegrees><LongitudeDegrees>59.796180549021194</LongitudeDegrees></Position></Trackpoint><Trackpoint><Time>2026-07-13T20:09:59.000Z</Time><Position><LatitudeDegrees>58.6337634508752</LatitudeDegrees><LongitudeDegrees>59.79620991523314</LongitudeDegrees></Position></Trackpoint><Trackpoint><Time>2026-07-13T20:10:00.000Z</Time><Position><LatitudeDegrees>58.63376771649509</LatitudeDegrees><LongitudeDegrees>59.79623784713356</LongitudeDegrees></Position></Trackpoint><Trackpoint><Time>2026-07-13T20:10:01.000Z</Time><Position><LatitudeDegrees>58.63377074411517</LatitudeDegrees><LongitudeDegrees>59.79626307215138</LongitudeDegrees></Position></Trackpoint><Trackpoint><Time>2026-07-13T20:10:02.000Z</Time><Position><LatitudeDegrees>58.633771404463324</LatitudeDegrees><LongitudeDegrees>59.79628443440246</LongitudeDegrees></Position></Trackpoint><Trackpoint><Time>2026-07-13T20:10:03.000Z</Time><Position><LatitudeDegrees>58.63376953630342</LatitudeDegrees><LongitudeDegrees>59.79630244324603</LongitudeDegrees></Position></Trackpoint><Trackpoint><Time>2026-07-13T20:10:04.000Z</Time><Position><LatitudeDegrees>58.63376441854198</LatitudeDegrees><LongitudeDegrees>59.79631724924737</LongitudeDegrees></Position></Trackpoint><Trackpoint><Time>2026-07-13T20:10:05.000Z</Time><Position><LatitudeDegrees>58.63375519206886</LatitudeDegrees><LongitudeDegrees>59.79633030471548</LongitudeDegrees></Position></Trackpoint><Trackpoint><Time>2026-07-13T20:10:06.000Z</Time><Position><LatitudeDegrees>58.63374300964202</LatitudeDegrees><LongitudeDegrees>59.79634390126977</LongitudeDegrees></Position></Trackpoint><Trackpoint><Time>2026-07-13T20:10:07.000Z</Time><Position><LatitudeDegrees>58.63372823578719</LatitudeDegrees><LongitudeDegrees>59.796357934006714</LongitudeDegrees></Position></Trackpoint><Trackpoint><Time>2026-07-13T20:10:08.000Z</Time><Position><LatitudeDegrees>58.633713311676566</LatitudeDegrees><LongitudeDegrees>59.79637328296139</LongitudeDegrees></Position></Trackpoint><Trackpoint><Time>2026-07-13T20:10:09.000Z</Time><Position><LatitudeDegrees>58.633699261951364</LatitudeDegrees><LongitudeDegrees>59.7963891624058</LongitudeDegrees></Position></Trackpoint><Trackpoint><Time>2026-07-13T20:10:10.000Z</Time><Position><LatitudeDegrees>58.633686885977575</LatitudeDegrees><LongitudeDegrees>59.79640615988464</LongitudeDegrees></Position></Trackpoint><Trackpoint><Time>2026-07-13T20:10:11.000Z</Time><Position><LatitudeDegrees>58.63367531891607</LatitudeDegrees><LongitudeDegrees>59.79642437387037</LongitudeDegrees></Position></Trackpoint><Trackpoint><Time>2026-07-13T20:10:12.000Z</Time><Position><LatitudeDegrees>58.633664590385216</LatitudeDegrees><LongitudeDegrees>59.796444178391056</LongitudeDegrees></Position></Trackpoint><Trackpoint><Time>2026-07-13T20:10:13.000Z</Time><Position><LatitudeDegrees>58.633653625737466</LatitudeDegrees><LongitudeDegrees>59.79646699217301</LongitudeDegrees></Position></Trackpoint><Trackpoint><Time>2026-07-13T20:10:14.000Z</Time><Position><LatitudeDegrees>58.633641523091754</LatitudeDegrees><LongitudeDegrees>59.79649056520782</LongitudeDegrees></Position></Trackpoint><Trackpoint><Time>2026-07-13T20:10:15.000Z</Time><Position><LatitudeDegrees>58.63362805708368</LatitudeDegrees><LongitudeDegrees>59.79651191497557</LongitudeDegrees></Position></Trackpoint><Trackpoint><Time>2026-07-13T20:10:16.000Z</Time><Position><LatitudeDegrees>58.63361477871805</LatitudeDegrees><LongitudeDegrees>59.79653156735991</LongitudeDegrees></Position></Trackpoint><Trackpoint><Time>2026-07-13T20:10:17.000Z</Time><Position><LatitudeDegrees>58.63360230266671</LatitudeDegrees><LongitudeDegrees>59.796549956793854</LongitudeDegrees></Position></Trackpoint><Trackpoint><Time>2026-07-13T20:10:18.000Z</Time><Position><LatitudeDegrees>58.63359126870684</LatitudeDegrees><LongitudeDegrees>59.79656742428918</LongitudeDegrees></Position></Trackpoint><Trackpoint><Time>2026-07-13T20:10:19.000Z</Time><Position><LatitudeDegrees>58.63358126561913</LatitudeDegrees><LongitudeDegrees>59.79658422861533</LongitudeDegrees></Position></Trackpoint><Trackpoint><Time>2026-07-13T20:10:20.000Z</Time><Position><LatitudeDegrees>58.63357150212826</LatitudeDegrees><LongitudeDegrees>59.79660056145896</LongitudeDegrees></Position></Trackpoint><Trackpoint><Time>2026-07-13T20:10:21.000Z</Time><Position><LatitudeDegrees>58.633560642387536</LatitudeDegrees><LongitudeDegrees>59.79661607266647</LongitudeDegrees></Position></Trackpoint><Trackpoint><Time>2026-07-13T20:10:22.000Z</Time><Position><LatitudeDegrees>58.63354925617399</LatitudeDegrees><LongitudeDegrees>59.79663170270991</LongitudeDegrees></Position></Trackpoint><Trackpoint><Time>2026-07-13T20:10:23.000Z</Time><Position><LatitudeDegrees>58.63353813532341</LatitudeDegrees><LongitudeDegrees>59.79664831326526</LongitudeDegrees></Position></Trackpoint><Trackpoint><Time>2026-07-13T20:10:24.000Z</Time><Position><LatitudeDegrees>58.63352855110249</LatitudeDegrees><LongitudeDegrees>59.7966666229628</LongitudeDegrees></Position></Trackpoint><Trackpoint><Time>2026-07-13T20:10:25.000Z</Time><Position><LatitudeDegrees>58.633521319447766</LatitudeDegrees><LongitudeDegrees>59.79668524084428</LongitudeDegrees></Position></Trackpoint><Trackpoint><Time>2026-07-13T20:10:26.000Z</Time><Position><LatitudeDegrees>58.63351549521957</LatitudeDegrees><LongitudeDegrees>59.79670306490114</LongitudeDegrees></Position></Trackpoint><Trackpoint><Time>2026-07-13T20:10:27.000Z</Time><Position><LatitudeDegrees>58.63351099814743</LatitudeDegrees><LongitudeDegrees>59.79672219122878</LongitudeDegrees></Position></Trackpoint><Trackpoint><Time>2026-07-13T20:10:28.000Z</Time><Position><LatitudeDegrees>58.63350860405604</LatitudeDegrees><LongitudeDegrees>59.796746253588424</LongitudeDegrees></Position></Trackpoint><Trackpoint><Time>2026-07-13T20:10:29.000Z</Time><Position><LatitudeDegrees>58.633507872930885</LatitudeDegrees><LongitudeDegrees>59.796773666898794</LongitudeDegrees></Position></Trackpoint><Trackpoint><Time>2026-07-13T20:10:30.000Z</Time><Position><LatitudeDegrees>58.6335084101201</LatitudeDegrees><LongitudeDegrees>59.796802858670475</LongitudeDegrees></Position></Trackpoint><Trackpoint><Time>2026-07-13T20:10:31.000Z</Time><Position><LatitudeDegrees>58.63350891108543</LatitudeDegrees><LongitudeDegrees>59.79683344264771</LongitudeDegrees></Position></Trackpoint><Trackpoint><Time>2026-07-13T20:10:32.000Z</Time><Position><LatitudeDegrees>58.63350933283441</LatitudeDegrees><LongitudeDegrees>59.79686459145938</LongitudeDegrees></Position></Trackpoint><Trackpoint><Time>2026-07-13T20:10:33.000Z</Time><Position><LatitudeDegrees>58.633509178218</LatitudeDegrees><LongitudeDegrees>59.79689638148147</LongitudeDegrees></Position></Trackpoint><Trackpoint><Time>2026-07-13T20:10:34.000Z</Time><Position><LatitudeDegrees>58.633509295690494</LatitudeDegrees><LongitudeDegrees>59.7969277826485</LongitudeDegrees></Position></Trackpoint><Trackpoint><Time>2026-07-13T20:10:35.000Z</Time><Position><LatitudeDegrees>58.63350999975148</LatitudeDegrees><LongitudeDegrees>59.79695744143291</LongitudeDegrees></Position></Trackpoint><Trackpoint><Time>2026-07-13T20:10:36.000Z</Time><Position><LatitudeDegrees>58.63351134463463</LatitudeDegrees><LongitudeDegrees>59.79698453442845</LongitudeDegrees></Position></Trackpoint><Trackpoint><Time>2026-07-13T20:10:37.000Z</Time><Position><LatitudeDegrees>58.63351327042661</LatitudeDegrees><LongitudeDegrees>59.79701003106531</LongitudeDegrees></Position></Trackpoint><Trackpoint><Time>2026-07-13T20:10:38.000Z</Time><Position><LatitudeDegrees>58.63351469867312</LatitudeDegrees><LongitudeDegrees>59.79703600430928</LongitudeDegrees></Position></Trackpoint><Trackpoint><Time>2026-07-13T20:10:39.000Z</Time><Position><LatitudeDegrees>58.63351524908991</LatitudeDegrees><LongitudeDegrees>59.79706471553682</LongitudeDegrees></Position></Trackpoint><Trackpoint><Time>2026-07-13T20:10:40.000Z</Time><Position><LatitudeDegrees>58.63351438812076</LatitudeDegrees><LongitudeDegrees>59.79709478619967</LongitudeDegrees></Position></Trackpoint><Trackpoint><Time>2026-07-13T20:10:41.000Z</Time><Position><LatitudeDegrees>58.63351305639989</LatitudeDegrees><LongitudeDegrees>59.79712449486297</LongitudeDegrees></Position></Trackpoint><Trackpoint><Time>2026-07-13T20:10:42.000Z</Time><Position><LatitudeDegrees>58.63351170173213</LatitudeDegrees><LongitudeDegrees>59.79715366865516</LongitudeDegrees></Position></Trackpoint><Trackpoint><Time>2026-07-13T20:10:43.000Z</Time><Position><LatitudeDegrees>58.6335124699261</LatitudeDegrees><LongitudeDegrees>59.7971832842531</LongitudeDegrees></Position></Trackpoint><Trackpoint><Time>2026-07-13T20:10:44.000Z</Time><Position><LatitudeDegrees>58.63351548262065</LatitudeDegrees><LongitudeDegrees>59.79721270795856</LongitudeDegrees></Position></Trackpoint><Trackpoint><Time>2026-07-13T20:10:45.000Z</Time><Position><LatitudeDegrees>58.63352050183246</LatitudeDegrees><LongitudeDegrees>59.797241703422564</LongitudeDegrees></Position></Trackpoint><Trackpoint><Time>2026-07-13T20:10:46.000Z</Time><Position><LatitudeDegrees>58.63352570318675</LatitudeDegrees><LongitudeDegrees>59.79726924905165</LongitudeDegrees></Position></Trackpoint><Trackpoint><Time>2026-07-13T20:10:47.000Z</Time><Position><LatitudeDegrees>58.633531780799295</LatitudeDegrees><LongitudeDegrees>59.79729462059306</LongitudeDegrees></Position></Trackpoint><Trackpoint><Time>2026-07-13T20:10:48.000Z</Time><Position><LatitudeDegrees>58.63353939767432</LatitudeDegrees><LongitudeDegrees>59.797318778037436</LongitudeDegrees></Position></Trackpoint><Trackpoint><Time>2026-07-13T20:10:49.000Z</Time><Position><LatitudeDegrees>58.63354862929705</LatitudeDegrees><LongitudeDegrees>59.79734374140033</LongitudeDegrees></Position></Trackpoint><Trackpoint><Time>2026-07-13T20:10:50.000Z</Time><Position><LatitudeDegrees>58.633563216389376</LatitudeDegrees><LongitudeDegrees>59.79737513525927</LongitudeDegrees></Position></Trackpoint><Trackpoint><Time>2026-07-13T20:10:51.000Z</Time><Position><LatitudeDegrees>58.633582053696394</LatitudeDegrees><LongitudeDegrees>59.797410533773466</LongitudeDegrees></Position></Trackpoint><Trackpoint><Time>2026-07-13T20:10:52.000Z</Time><Position><LatitudeDegrees>58.633603650918054</LatitudeDegrees><LongitudeDegrees>59.79744597585624</LongitudeDegrees></Position></Trackpoint><Trackpoint><Time>2026-07-13T20:10:53.000Z</Time><Position><LatitudeDegrees>58.63362508162575</LatitudeDegrees><LongitudeDegrees>59.7974783557762</LongitudeDegrees></Position></Trackpoint><Trackpoint><Time>2026-07-13T20:10:54.000Z</Time><Position><LatitudeDegrees>58.633644672379795</LatitudeDegrees><LongitudeDegrees>59.79750629790293</LongitudeDegrees></Position></Trackpoint><Trackpoint><Time>2026-07-13T20:10:55.000Z</Time><Position><LatitudeDegrees>58.63366197015718</LatitudeDegrees><LongitudeDegrees>59.79753078451123</LongitudeDegrees></Position></Trackpoint><Trackpoint><Time>2026-07-13T20:10:56.000Z</Time><Position><LatitudeDegrees>58.63367757229863</LatitudeDegrees><LongitudeDegrees>59.79755266364518</LongitudeDegrees></Position></Trackpoint><Trackpoint><Time>2026-07-13T20:10:57.000Z</Time><Position><LatitudeDegrees>58.6336924320519</LatitudeDegrees><LongitudeDegrees>59.797571640001756</LongitudeDegrees></Position></Trackpoint><Trackpoint><Time>2026-07-13T20:10:58.000Z</Time><Position><LatitudeDegrees>58.6337070372806</LatitudeDegrees><LongitudeDegrees>59.79758845414303</LongitudeDegrees></Position></Trackpoint><Trackpoint><Time>2026-07-13T20:10:59.000Z</Time><Position><LatitudeDegrees>58.6337221111817</LatitudeDegrees><LongitudeDegrees>59.79760319896361</LongitudeDegrees></Position></Trackpoint><Trackpoint><Time>2026-07-13T20:11:00.000Z</Time><Position><LatitudeDegrees>58.63373789143842</LatitudeDegrees><LongitudeDegrees>59.79761617831475</LongitudeDegrees></Position></Trackpoint><Trackpoint><Time>2026-07-13T20:11:01.000Z</Time><Position><LatitudeDegrees>58.633753895666366</LatitudeDegrees><LongitudeDegrees>59.79762725431725</LongitudeDegrees></Position></Trackpoint><Trackpoint><Time>2026-07-13T20:11:02.000Z</Time><Position><LatitudeDegrees>58.63376891723594</LatitudeDegrees><LongitudeDegrees>59.7976371040904</LongitudeDegrees></Position></Trackpoint><Trackpoint><Time>2026-07-13T20:11:03.000Z</Time><Position><LatitudeDegrees>58.63378258533955</LatitudeDegrees><LongitudeDegrees>59.79764665348979</LongitudeDegrees></Position></Trackpoint><Trackpoint><Time>2026-07-13T20:11:04.000Z</Time><Position><LatitudeDegrees>58.6337954105922</LatitudeDegrees><LongitudeDegrees>59.79765583275554</LongitudeDegrees></Position></Trackpoint><Trackpoint><Time>2026-07-13T20:11:05.000Z</Time><Position><LatitudeDegrees>58.633807711460804</LatitudeDegrees><LongitudeDegrees>59.79766466066428</LongitudeDegrees></Position></Trackpoint><Trackpoint><Time>2026-07-13T20:11:06.000Z</Time><Position><LatitudeDegrees>58.633820176015185</LatitudeDegrees><LongitudeDegrees>59.79767367965563</LongitudeDegrees></Position></Trackpoint><Trackpoint><Time>2026-07-13T20:11:07.000Z</Time><Position><LatitudeDegrees>58.633832577006004</LatitudeDegrees><LongitudeDegrees>59.797684557431</LongitudeDegrees></Position></Trackpoint><Trackpoint><Time>2026-07-13T20:11:08.000Z</Time><Position><LatitudeDegrees>58.63384482900268</LatitudeDegrees><LongitudeDegrees>59.797696763012084</LongitudeDegrees></Position></Trackpoint><Trackpoint><Time>2026-07-13T20:11:09.000Z</Time><Position><LatitudeDegrees>58.63385740555586</LatitudeDegrees><LongitudeDegrees>59.79770990730246</LongitudeDegrees></Position></Trackpoint><Trackpoint><Time>2026-07-13T20:11:10.000Z</Time><Position><LatitudeDegrees>58.6338694808119</LatitudeDegrees><LongitudeDegrees>59.79772321996672</LongitudeDegrees></Position></Trackpoint><Trackpoint><Time>2026-07-13T20:11:11.000Z</Time><Position><LatitudeDegrees>58.63388126860809</LatitudeDegrees><LongitudeDegrees>59.797735872533885</LongitudeDegrees></Position></Trackpoint><Trackpoint><Time>2026-07-13T20:11:12.000Z</Time><Position><LatitudeDegrees>58.63389142507293</LatitudeDegrees><LongitudeDegrees>59.79774858775569</LongitudeDegrees></Position></Trackpoint><Trackpoint><Time>2026-07-13T20:11:13.000Z</Time><Position><LatitudeDegrees>58.633900095744856</LatitudeDegrees><LongitudeDegrees>59.797762144854396</LongitudeDegrees></Position></Trackpoint><Trackpoint><Time>2026-07-13T20:11:14.000Z</Time><Position><LatitudeDegrees>58.6339070416501</LatitudeDegrees><LongitudeDegrees>59.79777773590732</LongitudeDegrees></Position></Trackpoint><Trackpoint><Time>2026-07-13T20:11:15.000Z</Time><Position><LatitudeDegrees>58.633911896131856</LatitudeDegrees><LongitudeDegrees>59.79779559079671</LongitudeDegrees></Position></Trackpoint><Trackpoint><Time>2026-07-13T20:11:16.000Z</Time><Position><LatitudeDegrees>58.63391428700906</LatitudeDegrees><LongitudeDegrees>59.79781453441452</LongitudeDegrees></Position></Trackpoint><Trackpoint><Time>2026-07-13T20:11:17.000Z</Time><Position><LatitudeDegrees>58.63391388759443</LatitudeDegrees><LongitudeDegrees>59.79783394307543</LongitudeDegrees></Position></Trackpoint><Trackpoint><Time>2026-07-13T20:11:18.000Z</Time><Position><LatitudeDegrees>58.63391092147698</LatitudeDegrees><LongitudeDegrees>59.797854479458685</LongitudeDegrees></Position></Trackpoint><Trackpoint><Time>2026-07-13T20:11:19.000Z</Time><Position><LatitudeDegrees>58.63390727900241</LatitudeDegrees><LongitudeDegrees>59.79787578212562</LongitudeDegrees></Position></Trackpoint><Trackpoint><Time>2026-07-13T20:11:20.000Z</Time><Position><LatitudeDegrees>58.63390333587689</LatitudeDegrees><LongitudeDegrees>59.79789613504054</LongitudeDegrees></Position></Trackpoint><Trackpoint><Time>2026-07-13T20:11:21.000Z</Time><Position><LatitudeDegrees>58.63389928541685</LatitudeDegrees><LongitudeDegrees>59.797914953381934</LongitudeDegrees></Position></Trackpoint><Trackpoint><Time>2026-07-13T20:11:22.000Z</Time><Position><LatitudeDegrees>58.633895221012686</LatitudeDegrees><LongitudeDegrees>59.79793219326101</LongitudeDegrees></Position></Trackpoint><Trackpoint><Time>2026-07-13T20:11:23.000Z</Time><Position><LatitudeDegrees>58.633891672525976</LatitudeDegrees><LongitudeDegrees>59.797949508028005</LongitudeDegrees></Position></Trackpoint><Trackpoint><Time>2026-07-13T20:11:24.000Z</Time><Position><LatitudeDegrees>58.6338892815648</LatitudeDegrees><LongitudeDegrees>59.79796805858654</LongitudeDegrees></Position></Trackpoint><Trackpoint><Time>2026-07-13T20:11:25.000Z</Time><Position><LatitudeDegrees>58.633888653408725</LatitudeDegrees><LongitudeDegrees>59.797986205981</LongitudeDegrees></Position></Trackpoint><Trackpoint><Time>2026-07-13T20:11:26.000Z</Time><Position><LatitudeDegrees>58.63388932146807</LatitudeDegrees><LongitudeDegrees>59.79800332698029</LongitudeDegrees></Position></Trackpoint><Trackpoint><Time>2026-07-13T20:11:27.000Z</Time><Position><LatitudeDegrees>58.633889947997126</LatitudeDegrees><LongitudeDegrees>59.79801831743211</LongitudeDegrees></Position></Trackpoint><Trackpoint><Time>2026-07-13T20:11:28.000Z</Time><Position><LatitudeDegrees>58.63388998739796</LatitudeDegrees><LongitudeDegrees>59.79803197528349</LongitudeDegrees></Position></Trackpoint><Trackpoint><Time>2026-07-13T20:11:29.000Z</Time><Position><LatitudeDegrees>58.63388977994276</LatitudeDegrees><LongitudeDegrees>59.798045289803504</LongitudeDegrees></Position></Trackpoint><Trackpoint><Time>2026-07-13T20:11:30.000Z</Time><Position><LatitudeDegrees>58.6338899870612</LatitudeDegrees><LongitudeDegrees>59.79805920208281</LongitudeDegrees></Position></Trackpoint><Trackpoint><Time>2026-07-13T20:11:31.000Z</Time><Position><LatitudeDegrees>58.633890338331554</LatitudeDegrees><LongitudeDegrees>59.79807353336182</LongitudeDegrees></Position></Trackpoint><Trackpoint><Time>2026-07-13T20:11:32.000Z</Time><Position><LatitudeDegrees>58.63389070388345</LatitudeDegrees><LongitudeDegrees>59.79808962507525</LongitudeDegrees></Position></Trackpoint><Trackpoint><Time>2026-07-13T20:11:34.000Z</Time><Position><LatitudeDegrees>58.633891518009555</LatitudeDegrees><LongitudeDegrees>59.798106334889695</LongitudeDegrees></Position></Trackpoint><Trackpoint><Time>2026-07-13T20:11:35.000Z</Time><Position><LatitudeDegrees>58.63389290199224</LatitudeDegrees><LongitudeDegrees>59.798123113021845</LongitudeDegrees></Position></Trackpoint><Trackpoint><Time>2026-07-13T20:11:36.000Z</Time><Position><LatitudeDegrees>58.633894832639406</LatitudeDegrees><LongitudeDegrees>59.79814021389473</LongitudeDegrees></Position></Trackpoint><Trackpoint><Time>2026-07-13T20:11:37.000Z</Time><Position><LatitudeDegrees>58.63389723023621</LatitudeDegrees><LongitudeDegrees>59.79815819047559</LongitudeDegrees></Position></Trackpoint><Trackpoint><Time>2026-07-13T20:11:38.000Z</Time><Position><LatitudeDegrees>58.63389755396805</LatitudeDegrees><LongitudeDegrees>59.79817422043525</LongitudeDegrees></Position></Trackpoint><Trackpoint><Time>2026-07-13T20:11:39.000Z</Time><Position><LatitudeDegrees>58.633894044398936</LatitudeDegrees><LongitudeDegrees>59.79818690167971</LongitudeDegrees></Position></Trackpoint><Trackpoint><Time>2026-07-13T20:11:40.000Z</Time><Position><LatitudeDegrees>58.63388695854345</LatitudeDegrees><LongitudeDegrees>59.79820000346739</LongitudeDegrees></Position></Trackpoint><Trackpoint><Time>2026-07-13T20:11:41.000Z</Time><Position><LatitudeDegrees>58.63387784048094</LatitudeDegrees><LongitudeDegrees>59.798217961792226</LongitudeDegrees></Position></Trackpoint><Trackpoint><Time>2026-07-13T20:11:42.000Z</Time><Position><LatitudeDegrees>58.63386954538795</LatitudeDegrees><LongitudeDegrees>59.79824100099402</LongitudeDegrees></Position></Trackpoint><Trackpoint><Time>2026-07-13T20:11:43.000Z</Time><Position><LatitudeDegrees>58.63386363310512</LatitudeDegrees><LongitudeDegrees>59.79826709250865</LongitudeDegrees></Position></Trackpoint><Trackpoint><Time>2026-07-13T20:11:44.000Z</Time><Position><LatitudeDegrees>58.63385995058614</LatitudeDegrees><LongitudeDegrees>59.798294519535425</LongitudeDegrees></Position></Trackpoint><Trackpoint><Time>2026-07-13T20:11:45.000Z</Time><Position><LatitudeDegrees>58.63385765900401</LatitudeDegrees><LongitudeDegrees>59.79832289323822</LongitudeDegrees></Position></Trackpoint><Trackpoint><Time>2026-07-13T20:11:46.000Z</Time><Position><LatitudeDegrees>58.63385574476653</LatitudeDegrees><LongitudeDegrees>59.79835193197693</LongitudeDegrees></Position></Trackpoint><Trackpoint><Time>2026-07-13T20:11:47.000Z</Time><Position><LatitudeDegrees>58.63385423162165</LatitudeDegrees><LongitudeDegrees>59.79838094479578</LongitudeDegrees></Position></Trackpoint><Trackpoint><Time>2026-07-13T20:11:48.000Z</Time><Position><LatitudeDegrees>58.63385307786993</LatitudeDegrees><LongitudeDegrees>59.79841062968417</LongitudeDegrees></Position></Trackpoint><Trackpoint><Time>2026-07-13T20:11:49.000Z</Time><Position><LatitudeDegrees>58.633851730599964</LatitudeDegrees><LongitudeDegrees>59.798441677448906</LongitudeDegrees></Position></Trackpoint><Trackpoint><Time>2026-07-13T20:11:50.000Z</Time><Position><LatitudeDegrees>58.63385096616341</LatitudeDegrees><LongitudeDegrees>59.79847223922168</LongitudeDegrees></Position></Trackpoint><Trackpoint><Time>2026-07-13T20:11:51.000Z</Time><Position><LatitudeDegrees>58.63385053987137</LatitudeDegrees><LongitudeDegrees>59.798502105563834</LongitudeDegrees></Position></Trackpoint><Trackpoint><Time>2026-07-13T20:11:52.000Z</Time><Position><LatitudeDegrees>58.633851286773684</LatitudeDegrees><LongitudeDegrees>59.79852981064713</LongitudeDegrees></Position></Trackpoint><Trackpoint><Time>2026-07-13T20:11:53.000Z</Time><Position><LatitudeDegrees>58.63385388980464</LatitudeDegrees><LongitudeDegrees>59.79855453857832</LongitudeDegrees></Position></Trackpoint><Trackpoint><Time>2026-07-13T20:11:54.000Z</Time><Position><LatitudeDegrees>58.63385790237742</LatitudeDegrees><LongitudeDegrees>59.79857633545832</LongitudeDegrees></Position></Trackpoint><Trackpoint><Time>2026-07-13T20:11:55.000Z</Time><Position><LatitudeDegrees>58.63386344927074</LatitudeDegrees><LongitudeDegrees>59.798595596469006</LongitudeDegrees></Position></Trackpoint><Trackpoint><Time>2026-07-13T20:11:56.000Z</Time><Position><LatitudeDegrees>58.63387038494492</LatitudeDegrees><LongitudeDegrees>59.79861280983444</LongitudeDegrees></Position></Trackpoint><Trackpoint><Time>2026-07-13T20:11:57.000Z</Time><Position><LatitudeDegrees>58.63387798160333</LatitudeDegrees><LongitudeDegrees>59.798627949823114</LongitudeDegrees></Position></Trackpoint><Trackpoint><Time>2026-07-13T20:11:58.000Z</Time><Position><LatitudeDegrees>58.633885365068096</LatitudeDegrees><LongitudeDegrees>59.79864127195271</LongitudeDegrees></Position></Trackpoint><Trackpoint><Time>2026-07-13T20:11:59.000Z</Time><Position><LatitudeDegrees>58.63389220268671</LatitudeDegrees><LongitudeDegrees>59.798653604384015</LongitudeDegrees></Position></Trackpoint><Trackpoint><Time>2026-07-13T20:12:00.000Z</Time><Position><LatitudeDegrees>58.63389842752029</LatitudeDegrees><LongitudeDegrees>59.798665904818144</LongitudeDegrees></Position></Trackpoint><Trackpoint><Time>2026-07-13T20:12:01.000Z</Time><Position><LatitudeDegrees>58.63390409065122</LatitudeDegrees><LongitudeDegrees>59.79867759255391</LongitudeDegrees></Position></Trackpoint><Trackpoint><Time>2026-07-13T20:12:02.000Z</Time><Position><LatitudeDegrees>58.63390879559998</LatitudeDegrees><LongitudeDegrees>59.79868997590996</LongitudeDegrees></Position></Trackpoint><Trackpoint><Time>2026-07-13T20:12:03.000Z</Time><Position><LatitudeDegrees>58.633911522843086</LatitudeDegrees><LongitudeDegrees>59.79870399402435</LongitudeDegrees></Position></Trackpoint><Trackpoint><Time>2026-07-13T20:12:04.000Z</Time><Position><LatitudeDegrees>58.633911616731666</LatitudeDegrees><LongitudeDegrees>59.798719334236075</LongitudeDegrees></Position></Trackpoint><Trackpoint><Time>2026-07-13T20:12:05.000Z</Time><Position><LatitudeDegrees>58.63391159328782</LatitudeDegrees><LongitudeDegrees>59.79873618770233</LongitudeDegrees></Position></Trackpoint><Trackpoint><Time>2026-07-13T20:12:06.000Z</Time><Position><LatitudeDegrees>58.63391348297403</LatitudeDegrees><LongitudeDegrees>59.79875297009225</LongitudeDegrees></Position></Trackpoint><Trackpoint><Time>2026-07-13T20:12:07.000Z</Time><Position><LatitudeDegrees>58.63391542840201</LatitudeDegrees><LongitudeDegrees>59.79877344454365</LongitudeDegrees></Position></Trackpoint><Trackpoint><Time>2026-07-13T20:12:08.000Z</Time><Position><LatitudeDegrees>58.633916167872336</LatitudeDegrees><LongitudeDegrees>59.79879672852919</LongitudeDegrees></Position></Trackpoint><Trackpoint><Time>2026-07-13T20:12:09.000Z</Time><Position><LatitudeDegrees>58.63391631577919</LatitudeDegrees><LongitudeDegrees>59.79882062916339</LongitudeDegrees></Position></Trackpoint><Trackpoint><Time>2026-07-13T20:12:10.000Z</Time><Position><LatitudeDegrees>58.63391571146623</LatitudeDegrees><LongitudeDegrees>59.79884367458632</LongitudeDegrees></Position></Trackpoint><Trackpoint><Time>2026-07-13T20:12:11.000Z</Time><Position><LatitudeDegrees>58.63391438531611</LatitudeDegrees><LongitudeDegrees>59.79886585801269</LongitudeDegrees></Position></Trackpoint><Trackpoint><Time>2026-07-13T20:12:12.000Z</Time><Position><LatitudeDegrees>58.63391244248812</LatitudeDegrees><LongitudeDegrees>59.79888777689465</LongitudeDegrees></Position></Trackpoint><Trackpoint><Time>2026-07-13T20:12:13.000Z</Time><Position><LatitudeDegrees>58.633910495050635</LatitudeDegrees><LongitudeDegrees>59.79890873201556</LongitudeDegrees></Position></Trackpoint><Trackpoint><Time>2026-07-13T20:12:14.000Z</Time><Position><LatitudeDegrees>58.63390879566547</LatitudeDegrees><LongitudeDegrees>59.798929048722584</LongitudeDegrees></Position></Trackpoint><Trackpoint><Time>2026-07-13T20:12:15.000Z</Time><Position><LatitudeDegrees>58.63390692693942</LatitudeDegrees><LongitudeDegrees>59.7989494325546</LongitudeDegrees></Position></Trackpoint><Trackpoint><Time>2026-07-13T20:12:16.000Z</Time><Position><LatitudeDegrees>58.633904738710676</LatitudeDegrees><LongitudeDegrees>59.798969675850046</LongitudeDegrees></Position></Trackpoint><Trackpoint><Time>2026-07-13T20:12:17.000Z</Time><Position><LatitudeDegrees>58.6339022101453</LatitudeDegrees><LongitudeDegrees>59.79898971112461</LongitudeDegrees></Position></Trackpoint><Trackpoint><Time>2026-07-13T20:12:18.000Z</Time><Position><LatitudeDegrees>58.63389937634487</LatitudeDegrees><LongitudeDegrees>59.799011006117034</LongitudeDegrees></Position></Trackpoint><Trackpoint><Time>2026-07-13T20:12:19.000Z</Time><Position><LatitudeDegrees>58.63389678055247</LatitudeDegrees><LongitudeDegrees>59.79903449321881</LongitudeDegrees></Position></Trackpoint><Trackpoint><Time>2026-07-13T20:12:20.000Z</Time><Position><LatitudeDegrees>58.63389510555634</LatitudeDegrees><LongitudeDegrees>59.79905978545532</LongitudeDegrees></Position></Trackpoint><Trackpoint><Time>2026-07-13T20:12:21.000Z</Time><Position><LatitudeDegrees>58.63389500397929</LatitudeDegrees><LongitudeDegrees>59.79908551254995</LongitudeDegrees></Position></Trackpoint><Trackpoint><Time>2026-07-13T20:12:22.000Z</Time><Position><LatitudeDegrees>58.633895563425945</LatitudeDegrees><LongitudeDegrees>59.79911154397435</LongitudeDegrees></Position></Trackpoint><Trackpoint><Time>2026-07-13T20:12:23.000Z</Time><Position><LatitudeDegrees>58.633896812910685</LatitudeDegrees><LongitudeDegrees>59.79913680769107</LongitudeDegrees></Position></Trackpoint><Trackpoint><Time>2026-07-13T20:12:24.000Z</Time><Position><LatitudeDegrees>58.63389818620665</LatitudeDegrees><LongitudeDegrees>59.79916193995471</LongitudeDegrees></Position></Trackpoint><Trackpoint><Time>2026-07-13T20:12:25.000Z</Time><Position><LatitudeDegrees>58.633900413452984</LatitudeDegrees><LongitudeDegrees>59.79918868849978</LongitudeDegrees></Position></Trackpoint><Trackpoint><Time>2026-07-13T20:12:26.000Z</Time><Position><LatitudeDegrees>58.63390417535272</LatitudeDegrees><LongitudeDegrees>59.79921658643314</LongitudeDegrees></Position></Trackpoint><Trackpoint><Time>2026-07-13T20:12:27.000Z</Time><Position><LatitudeDegrees>58.63390906566101</LatitudeDegrees><LongitudeDegrees>59.79924823161407</LongitudeDegrees></Position></Trackpoint><Trackpoint><Time>2026-07-13T20:12:28.000Z</Time><Position><LatitudeDegrees>58.63391428263252</LatitudeDegrees><LongitudeDegrees>59.799281275310406</LongitudeDegrees></Position></Trackpoint><Trackpoint><Time>2026-07-13T20:12:29.000Z</Time><Position><LatitudeDegrees>58.633919454155055</LatitudeDegrees><LongitudeDegrees>59.799314081127946</LongitudeDegrees></Position></Trackpoint><Trackpoint><Time>2026-07-13T20:12:30.000Z</Time><Position><LatitudeDegrees>58.63392394320311</LatitudeDegrees><LongitudeDegrees>59.799346495287004</LongitudeDegrees></Position></Trackpoint><Trackpoint><Time>2026-07-13T20:12:31.000Z</Time><Position><LatitudeDegrees>58.63392757502288</LatitudeDegrees><LongitudeDegrees>59.799376546282275</LongitudeDegrees></Position></Trackpoint><Trackpoint><Time>2026-07-13T20:12:32.000Z</Time><Position><LatitudeDegrees>58.63392989805828</LatitudeDegrees><LongitudeDegrees>59.799404215101234</LongitudeDegrees></Position></Trackpoint><Trackpoint><Time>2026-07-13T20:12:33.000Z</Time><Position><LatitudeDegrees>58.63393040471331</LatitudeDegrees><LongitudeDegrees>59.79942735160952</LongitudeDegrees></Position></Trackpoint><Trackpoint><Time>2026-07-13T20:12:34.000Z</Time><Position><LatitudeDegrees>58.63393009829393</LatitudeDegrees><LongitudeDegrees>59.79944663124657</LongitudeDegrees></Position></Trackpoint><Trackpoint><Time>2026-07-13T20:12:35.000Z</Time><Position><LatitudeDegrees>58.633930475573095</LatitudeDegrees><LongitudeDegrees>59.799466254478766</LongitudeDegrees></Position></Trackpoint><Trackpoint><Time>2026-07-13T20:12:36.000Z</Time><Position><LatitudeDegrees>58.63393059638829</LatitudeDegrees><LongitudeDegrees>59.79948643826647</LongitudeDegrees></Position></Trackpoint><Trackpoint><Time>2026-07-13T20:12:37.000Z</Time><Position><LatitudeDegrees>58.633930596076624</LatitudeDegrees><LongitudeDegrees>59.799506710404124</LongitudeDegrees></Position></Trackpoint><Trackpoint><Time>2026-07-13T20:12:38.000Z</Time><Position><LatitudeDegrees>58.63393054592088</LatitudeDegrees><LongitudeDegrees>59.799528333914004</LongitudeDegrees></Position></Trackpoint><Trackpoint><Time>2026-07-13T20:12:39.000Z</Time><Position><LatitudeDegrees>58.63392950245386</LatitudeDegrees><LongitudeDegrees>59.79955214511485</LongitudeDegrees></Position></Trackpoint><Trackpoint><Time>2026-07-13T20:12:40.000Z</Time><Position><LatitudeDegrees>58.63392818383554</LatitudeDegrees><LongitudeDegrees>59.7995762492013</LongitudeDegrees></Position></Trackpoint><Trackpoint><Time>2026-07-13T20:12:41.000Z</Time><Position><LatitudeDegrees>58.63392594192217</LatitudeDegrees><LongitudeDegrees>59.79960080745914</LongitudeDegrees></Position></Trackpoint><Trackpoint><Time>2026-07-13T20:12:42.000Z</Time><Position><LatitudeDegrees>58.63392409712192</LatitudeDegrees><LongitudeDegrees>59.799625338408404</LongitudeDegrees></Position></Trackpoint><Trackpoint><Time>2026-07-13T20:12:43.000Z</Time><Position><LatitudeDegrees>58.633922163032786</LatitudeDegrees><LongitudeDegrees>59.79965062648583</LongitudeDegrees></Position></Trackpoint><Trackpoint><Time>2026-07-13T20:12:44.000Z</Time><Position><LatitudeDegrees>58.633919461187695</LatitudeDegrees><LongitudeDegrees>59.79967591835114</LongitudeDegrees></Position></Trackpoint><Trackpoint><Time>2026-07-13T20:12:45.000Z</Time><Position><LatitudeDegrees>58.6339163003222</LatitudeDegrees><LongitudeDegrees>59.79970139287815</LongitudeDegrees></Position></Trackpoint><Trackpoint><Time>2026-07-13T20:12:46.000Z</Time><Position><LatitudeDegrees>58.6339133561091</LatitudeDegrees><LongitudeDegrees>59.79972563145683</LongitudeDegrees></Position></Trackpoint><Trackpoint><Time>2026-07-13T20:12:47.000Z</Time><Position><LatitudeDegrees>58.63391234783783</LatitudeDegrees><LongitudeDegrees>59.79974967732022</LongitudeDegrees></Position></Trackpoint><Trackpoint><Time>2026-07-13T20:12:48.000Z</Time><Position><LatitudeDegrees>58.63391177665144</LatitudeDegrees><LongitudeDegrees>59.79977398484121</LongitudeDegrees></Position></Trackpoint><Trackpoint><Time>2026-07-13T20:12:49.000Z</Time><Position><LatitudeDegrees>58.63391145878208</LatitudeDegrees><LongitudeDegrees>59.799799197172945</LongitudeDegrees></Position></Trackpoint><Trackpoint><Time>2026-07-13T20:12:50.000Z</Time><Position><LatitudeDegrees>58.63391079642456</LatitudeDegrees><LongitudeDegrees>59.79982301500317</LongitudeDegrees></Position></Trackpoint><Trackpoint><Time>2026-07-13T20:12:51.000Z</Time><Position><LatitudeDegrees>58.63391056681853</LatitudeDegrees><LongitudeDegrees>59.799846139212434</LongitudeDegrees></Position></Trackpoint><Trackpoint><Time>2026-07-13T20:12:52.000Z</Time><Position><LatitudeDegrees>58.63391054490358</LatitudeDegrees><LongitudeDegrees>59.7998684578613</LongitudeDegrees></Position></Trackpoint><Trackpoint><Time>2026-07-13T20:12:53.000Z</Time><Position><LatitudeDegrees>58.63391061133549</LatitudeDegrees><LongitudeDegrees>59.79989002824183</LongitudeDegrees></Position></Trackpoint><Trackpoint><Time>2026-07-13T20:12:54.000Z</Time><Position><LatitudeDegrees>58.63391021601453</LatitudeDegrees><LongitudeDegrees>59.79991145959854</LongitudeDegrees></Position></Trackpoint><Trackpoint><Time>2026-07-13T20:12:55.000Z</Time><Position><LatitudeDegrees>58.63390968126719</LatitudeDegrees><LongitudeDegrees>59.799933510292746</LongitudeDegrees></Position></Trackpoint><Trackpoint><Time>2026-07-13T20:12:56.000Z</Time><Position><LatitudeDegrees>58.63390915773343</LatitudeDegrees><LongitudeDegrees>59.79995690276252</LongitudeDegrees></Position></Trackpoint><Trackpoint><Time>2026-07-13T20:12:57.000Z</Time><Position><LatitudeDegrees>58.633908706012555</LatitudeDegrees><LongitudeDegrees>59.7999822519277</LongitudeDegrees></Position></Trackpoint><Trackpoint><Time>2026-07-13T20:12:58.000Z</Time><Position><LatitudeDegrees>58.63390932106555</LatitudeDegrees><LongitudeDegrees>59.800007601451426</LongitudeDegrees></Position></Trackpoint><Trackpoint><Time>2026-07-13T20:12:59.000Z</Time><Position><LatitudeDegrees>58.633910786121106</LatitudeDegrees><LongitudeDegrees>59.80003165599229</LongitudeDegrees></Position></Trackpoint><Trackpoint><Time>2026-07-13T20:13:00.000Z</Time><Position><LatitudeDegrees>58.63391290280901</LatitudeDegrees><LongitudeDegrees>59.800054048294605</LongitudeDegrees></Position></Trackpoint><Trackpoint><Time>2026-07-13T20:13:01.000Z</Time><Position><LatitudeDegrees>58.63391501618716</LatitudeDegrees><LongitudeDegrees>59.80007533006664</LongitudeDegrees></Position></Trackpoint><Trackpoint><Time>2026-07-13T20:13:02.000Z</Time><Position><LatitudeDegrees>58.633916856953356</LatitudeDegrees><LongitudeDegrees>59.800095381444535</LongitudeDegrees></Position></Trackpoint><Trackpoint><Time>2026-07-13T20:13:03.000Z</Time><Position><LatitudeDegrees>58.63391785957869</LatitudeDegrees><LongitudeDegrees>59.80011577981542</LongitudeDegrees></Position></Trackpoint><Trackpoint><Time>2026-07-13T20:13:04.000Z</Time><Position><LatitudeDegrees>58.633918877954834</LatitudeDegrees><LongitudeDegrees>59.800137130263906</LongitudeDegrees></Position></Trackpoint><Trackpoint><Time>2026-07-13T20:13:05.000Z</Time><Position><LatitudeDegrees>58.63391928250004</LatitudeDegrees><LongitudeDegrees>59.80016004939691</LongitudeDegrees></Position></Trackpoint><Trackpoint><Time>2026-07-13T20:13:06.000Z</Time><Position><LatitudeDegrees>58.633918892715805</LatitudeDegrees><LongitudeDegrees>59.80018410020481</LongitudeDegrees></Position></Trackpoint><Trackpoint><Time>2026-07-13T20:13:07.000Z</Time><Position><LatitudeDegrees>58.63391822582844</LatitudeDegrees><LongitudeDegrees>59.800208957463724</LongitudeDegrees></Position></Trackpoint><Trackpoint><Time>2026-07-13T20:13:08.000Z</Time><Position><LatitudeDegrees>58.63391753041474</LatitudeDegrees><LongitudeDegrees>59.80023340450761</LongitudeDegrees></Position></Trackpoint><Trackpoint><Time>2026-07-13T20:13:09.000Z</Time><Position><LatitudeDegrees>58.63391593328701</LatitudeDegrees><LongitudeDegrees>59.80025846175514</LongitudeDegrees></Position></Trackpoint><Trackpoint><Time>2026-07-13T20:13:10.000Z</Time><Position><LatitudeDegrees>58.63391368018168</LatitudeDegrees><LongitudeDegrees>59.80028447113005</LongitudeDegrees></Position></Trackpoint><Trackpoint><Time>2026-07-13T20:13:11.000Z</Time><Position><LatitudeDegrees>58.63391095649493</LatitudeDegrees><LongitudeDegrees>59.800311940854435</LongitudeDegrees></Position></Trackpoint><Trackpoint><Time>2026-07-13T20:13:12.000Z</Time><Position><LatitudeDegrees>58.63390691975628</LatitudeDegrees><LongitudeDegrees>59.80033991357623</LongitudeDegrees></Position></Trackpoint><Trackpoint><Time>2026-07-13T20:13:13.000Z</Time><Position><LatitudeDegrees>58.633902860368366</LatitudeDegrees><LongitudeDegrees>59.80036793046697</LongitudeDegrees></Position></Trackpoint><Trackpoint><Time>2026-07-13T20:13:14.000Z</Time><Position><LatitudeDegrees>58.63389686461593</LatitudeDegrees><LongitudeDegrees>59.800398244949875</LongitudeDegrees></Position></Trackpoint><Trackpoint><Time>2026-07-13T20:13:15.000Z</Time><Position><LatitudeDegrees>58.63389035133913</LatitudeDegrees><LongitudeDegrees>59.80042953172481</LongitudeDegrees></Position></Trackpoint><Trackpoint><Time>2026-07-13T20:13:16.000Z</Time><Position><LatitudeDegrees>58.63388446089777</LatitudeDegrees><LongitudeDegrees>59.80046063058616</LongitudeDegrees></Position></Trackpoint><Trackpoint><Time>2026-07-13T20:13:17.000Z</Time><Position><LatitudeDegrees>58.63387958299003</LatitudeDegrees><LongitudeDegrees>59.800490108619755</LongitudeDegrees></Position></Trackpoint><Trackpoint><Time>2026-07-13T20:13:18.000Z</Time><Position><LatitudeDegrees>58.633875748149485</LatitudeDegrees><LongitudeDegrees>59.80051807334516</LongitudeDegrees></Position></Trackpoint><Trackpoint><Time>2026-07-13T20:13:19.000Z</Time><Position><LatitudeDegrees>58.63387381429601</LatitudeDegrees><LongitudeDegrees>59.80054378405209</LongitudeDegrees></Position></Trackpoint><Trackpoint><Time>2026-07-13T20:13:20.000Z</Time><Position><LatitudeDegrees>58.63387340115018</LatitudeDegrees><LongitudeDegrees>59.80056722499121</LongitudeDegrees></Position></Trackpoint><Trackpoint><Time>2026-07-13T20:13:21.000Z</Time><Position><LatitudeDegrees>58.63387366730912</LatitudeDegrees><LongitudeDegrees>59.800589660218925</LongitudeDegrees></Position></Trackpoint><Trackpoint><Time>2026-07-13T20:13:22.000Z</Time><Position><LatitudeDegrees>58.63387417906731</LatitudeDegrees><LongitudeDegrees>59.80061076017611</LongitudeDegrees></Position></Trackpoint><Trackpoint><Time>2026-07-13T20:13:23.000Z</Time><Position><LatitudeDegrees>58.633874726288084</LatitudeDegrees><LongitudeDegrees>59.800631050129894</LongitudeDegrees></Position></Trackpoint><Trackpoint><Time>2026-07-13T20:13:24.000Z</Time><Position><LatitudeDegrees>58.63387325943609</LatitudeDegrees><LongitudeDegrees>59.800650850365514</LongitudeDegrees></Position></Trackpoint><Trackpoint><Time>2026-07-13T20:13:25.000Z</Time><Position><LatitudeDegrees>58.633867724115674</LatitudeDegrees><LongitudeDegrees>59.800674762137255</LongitudeDegrees></Position></Trackpoint><Trackpoint><Time>2026-07-13T20:13:26.000Z</Time><Position><LatitudeDegrees>58.63385975488242</LatitudeDegrees><LongitudeDegrees>59.80070072541132</LongitudeDegrees></Position></Trackpoint><Trackpoint><Time>2026-07-13T20:13:27.000Z</Time><Position><LatitudeDegrees>58.633851316511105</LatitudeDegrees><LongitudeDegrees>59.80072469082614</LongitudeDegrees></Position></Trackpoint><Trackpoint><Time>2026-07-13T20:13:28.000Z</Time><Position><LatitudeDegrees>58.633842788764035</LatitudeDegrees><LongitudeDegrees>59.80074426792057</LongitudeDegrees></Position></Trackpoint><Trackpoint><Time>2026-07-13T20:13:29.000Z</Time><Position><LatitudeDegrees>58.6338358083431</LatitudeDegrees><LongitudeDegrees>59.80075707701481</LongitudeDegrees></Position></Trackpoint><Trackpoint><Time>2026-07-13T20:13:30.000Z</Time><Position><LatitudeDegrees>58.63383085069974</LatitudeDegrees><LongitudeDegrees>59.800763985961154</LongitudeDegrees></Position></Trackpoint><Trackpoint><Time>2026-07-13T20:13:31.000Z</Time><Position><LatitudeDegrees>58.63382111387803</LatitudeDegrees><LongitudeDegrees>59.80077264650468</LongitudeDegrees></Position></Trackpoint><Trackpoint><Time>2026-07-13T20:13:32.000Z</Time><Position><LatitudeDegrees>58.633826186327525</LatitudeDegrees><LongitudeDegrees>59.800765744858936</LongitudeDegrees></Position></Trackpoint><Trackpoint><Time>2026-07-13T20:13:33.000Z</Time><Position><LatitudeDegrees>58.63382145903892</LatitudeDegrees><LongitudeDegrees>59.800765521629366</LongitudeDegrees></Position></Trackpoint><Trackpoint><Time>2026-07-13T20:13:34.000Z</Time><Position><LatitudeDegrees>58.63381731257958</LatitudeDegrees><LongitudeDegrees>59.80076353152359</LongitudeDegrees></Position></Trackpoint><Trackpoint><Time>2026-07-13T20:13:35.000Z</Time><Position><LatitudeDegrees>58.633813937516884</LatitudeDegrees><LongitudeDegrees>59.80075960035448</LongitudeDegrees></Position></Trackpoint><Trackpoint><Time>2026-07-13T20:13:36.000Z</Time><Position><LatitudeDegrees>58.63381131332523</LatitudeDegrees><LongitudeDegrees>59.80075292629727</LongitudeDegrees></Position></Trackpoint><Trackpoint><Time>2026-07-13T20:13:37.000Z</Time><Position><LatitudeDegrees>58.63380884556773</LatitudeDegrees><LongitudeDegrees>59.80074353117932</LongitudeDegrees></Position></Trackpoint><Trackpoint><Time>2026-07-13T20:13:38.000Z</Time><Position><LatitudeDegrees>58.63380724857858</LatitudeDegrees><LongitudeDegrees>59.800732262844505</LongitudeDegrees></Position></Trackpoint><Trackpoint><Time>2026-07-13T20:13:39.000Z</Time><Position><LatitudeDegrees>58.63380719439325</LatitudeDegrees><LongitudeDegrees>59.800720690108996</LongitudeDegrees></Position></Trackpoint><Trackpoint><Time>2026-07-13T20:13:40.000Z</Time><Position><LatitudeDegrees>58.63380876176183</LatitudeDegrees><LongitudeDegrees>59.800710477354215</LongitudeDegrees></Position></Trackpoint><Trackpoint><Time>2026-07-13T20:13:41.000Z</Time><Position><LatitudeDegrees>58.63381128538161</LatitudeDegrees><LongitudeDegrees>59.80069870820213</LongitudeDegrees></Position></Trackpoint><Trackpoint><Time>2026-07-13T20:13:42.000Z</Time><Position><LatitudeDegrees>58.63381387891475</LatitudeDegrees><LongitudeDegrees>59.80068487096287</LongitudeDegrees></Position></Trackpoint><Trackpoint><Time>2026-07-13T20:13:43.000Z</Time><Position><LatitudeDegrees>58.63381665797511</LatitudeDegrees><LongitudeDegrees>59.80066999956259</LongitudeDegrees></Position></Trackpoint><Trackpoint><Time>2026-07-13T20:13:44.000Z</Time><Position><LatitudeDegrees>58.633819646364195</LatitudeDegrees><LongitudeDegrees>59.80065661098202</LongitudeDegrees></Position></Trackpoint><Trackpoint><Time>2026-07-13T20:13:45.000Z</Time><Position><LatitudeDegrees>58.633822827017234</LatitudeDegrees><LongitudeDegrees>59.80064750992258</LongitudeDegrees></Position></Trackpoint><Trackpoint><Time>2026-07-13T20:13:46.000Z</Time><Position><LatitudeDegrees>58.6338261682296</LatitudeDegrees><LongitudeDegrees>59.800645749210084</LongitudeDegrees></Position></Trackpoint><Trackpoint><Time>2026-07-13T20:13:47.000Z</Time><Position><LatitudeDegrees>58.63383061555795</LatitudeDegrees><LongitudeDegrees>59.80065360242007</LongitudeDegrees></Position></Trackpoint><Trackpoint><Time>2026-07-13T20:13:48.000Z</Time><Position><LatitudeDegrees>58.63383494761389</LatitudeDegrees><LongitudeDegrees>59.800666855069416</LongitudeDegrees></Position></Trackpoint><Trackpoint><Time>2026-07-13T20:13:49.000Z</Time><Position><LatitudeDegrees>58.63383769696276</LatitudeDegrees><LongitudeDegrees>59.800682099262325</LongitudeDegrees></Position></Trackpoint><Trackpoint><Time>2026-07-13T20:13:51.000Z</Time><Position><LatitudeDegrees>58.63383993123592</LatitudeDegrees><LongitudeDegrees>59.800696696680816</LongitudeDegrees></Position></Trackpoint></Track></Lap></Activity></Activities></TrainingCenterDatabase>