<?xml version='1.0' encoding='UTF-8' standalone='yes' ?><TrainingCenterDatabase creator="Mi Fitness" version="1.0" xmlns="http://www.garmin.com/xmlschemas/TrainingCenterDatabase/v2" xmlns:xsi="http://www.w3.org/2001/XMLSchema-instance" xsi:schemaLocation="http://www.garmin.com/xmlschemas/TrainingCenterDatabase/v2 http://www.garmin.com/xmlschemas/TrainingCenterDatabasev2.xsd"><Activities><Activity Sport=""><Id>2026-07-09T14:14:26.000Z</Id><Calories>260</Calories><Lap><TotalTimeSeconds>1951</TotalTimeSeconds><DistanceMeters>5735</DistanceMeters><Calories>210</Calories><HeartRateBpm>124</HeartRateBpm><AverageSpeed>10.582265</AverageSpeed><Track><Trackpoint><Time>2026-07-09T14:14:26.000Z</Time><Position><LatitudeDegrees>58.63402557373047</LatitudeDegrees><LongitudeDegrees>59.803375244140625</LongitudeDegrees></Position></Trackpoint><Trackpoint><Time>2026-07-09T14:14:27.000Z</Time><Position><LatitudeDegrees>58.63402557373047</LatitudeDegrees><LongitudeDegrees>59.80338157196434</LongitudeDegrees></Position></Trackpoint><Trackpoint><Time>2026-07-09T14:14:28.000Z</Time><Position><LatitudeDegrees>58.63402451738519</LatitudeDegrees><LongitudeDegrees>59.803383143400545</LongitudeDegrees></Position></Trackpoint><Trackpoint><Time>2026-07-09T14:14:30.000Z</Time><Position><LatitudeDegrees>58.6340217590332</LatitudeDegrees><LongitudeDegrees>59.803401947021484</LongitudeDegrees></Position></Trackpoint><Trackpoint><Time>2026-07-09T14:14:31.000Z</Time><Position><LatitudeDegrees>58.63402582289228</LatitudeDegrees><LongitudeDegrees>59.80338884174688</LongitudeDegrees></Position></Trackpoint><Trackpoint><Time>2026-07-09T14:14:32.000Z</Time><Position><LatitudeDegrees>58.63403124687489</LatitudeDegrees><LongitudeDegrees>59.80339597531878</LongitudeDegrees></Position></Trackpoint><Trackpoint><Time>2026-07-09T14:14:33.000Z</Time><Position><LatitudeDegrees>58.6340428582654</LatitudeDegrees><LongitudeDegrees>59.80340359819499</LongitudeDegrees></Position></Trackpoint><Trackpoint><Time>2026-07-09T14:14:34.000Z</Time><Position><LatitudeDegrees>58.63406422437172</LatitudeDegrees><LongitudeDegrees>59.803409407896474</LongitudeDegrees></Position></Trackpoint><Trackpoint><Time>2026-07-09T14:14:35.000Z</Time><Position><LatitudeDegrees>58.63409555545347</LatitudeDegrees><LongitudeDegrees>59.803414750368056</LongitudeDegrees></Position></Trackpoint><Trackpoint><Time>2026-07-09T14:14:36.000Z</Time><Position><LatitudeDegrees>58.634134747106124</LatitudeDegrees><LongitudeDegrees>59.803418235776874</LongitudeDegrees></Position></Trackpoint><Trackpoint><Time>2026-07-09T14:14:37.000Z</Time><Position><LatitudeDegrees>58.6341770221057</LatitudeDegrees><LongitudeDegrees>59.80342051574473</LongitudeDegrees></Position></Trackpoint><Trackpoint><Time>2026-07-09T14:14:38.000Z</Time><Position><LatitudeDegrees>58.63422052602468</LatitudeDegrees><LongitudeDegrees>59.803422008442844</LongitudeDegrees></Position></Trackpoint><Trackpoint><Time>2026-07-09T14:14:39.000Z</Time><Position><LatitudeDegrees>58.6342648287155</LatitudeDegrees><LongitudeDegrees>59.803422985816965</LongitudeDegrees></Position></Trackpoint><Trackpoint><Time>2026-07-09T14:14:40.000Z</Time><Position><LatitudeDegrees>58.63430965003358</LatitudeDegrees><LongitudeDegrees>59.803424604980144</LongitudeDegrees></Position></Trackpoint><Trackpoint><Time>2026-07-09T14:14:41.000Z</Time><Position><LatitudeDegrees>58.6343548077636</LatitudeDegrees><LongitudeDegrees>59.80342628057097</LongitudeDegrees></Position></Trackpoint><Trackpoint><Time>2026-07-09T14:14:42.000Z</Time><Position><LatitudeDegrees>58.63440067316905</LatitudeDegrees><LongitudeDegrees>59.80343021243835</LongitudeDegrees></Position></Trackpoint><Trackpoint><Time>2026-07-09T14:14:43.000Z</Time><Position><LatitudeDegrees>58.63444681862928</LatitudeDegrees><LongitudeDegrees>59.80343848574267</LongitudeDegrees></Position></Trackpoint><Trackpoint><Time>2026-07-09T14:14:44.000Z</Time><Position><LatitudeDegrees>58.63449107362304</LatitudeDegrees><LongitudeDegrees>59.80345385005681</LongitudeDegrees></Position></Trackpoint><Trackpoint><Time>2026-07-09T14:14:45.000Z</Time><Position><LatitudeDegrees>58.634532297283535</LatitudeDegrees><LongitudeDegrees>59.80347799645822</LongitudeDegrees></Position></Trackpoint><Trackpoint><Time>2026-07-09T14:14:46.000Z</Time><Position><LatitudeDegrees>58.63456991921484</LatitudeDegrees><LongitudeDegrees>59.80351098383642</LongitudeDegrees></Position></Trackpoint><Trackpoint><Time>2026-07-09T14:14:47.000Z</Time><Position><LatitudeDegrees>58.634604656393066</LatitudeDegrees><LongitudeDegrees>59.80355268094311</LongitudeDegrees></Position></Trackpoint><Trackpoint><Time>2026-07-09T14:14:48.000Z</Time><Position><LatitudeDegrees>58.63463717434484</LatitudeDegrees><LongitudeDegrees>59.80360289506811</LongitudeDegrees></Position></Trackpoint><Trackpoint><Time>2026-07-09T14:14:49.000Z</Time><Position><LatitudeDegrees>58.63466803198994</LatitudeDegrees><LongitudeDegrees>59.80366045370103</LongitudeDegrees></Position></Trackpoint><Trackpoint><Time>2026-07-09T14:14:50.000Z</Time><Position><LatitudeDegrees>58.63469914143968</LatitudeDegrees><LongitudeDegrees>59.80372295208549</LongitudeDegrees></Position></Trackpoint><Trackpoint><Time>2026-07-09T14:14:51.000Z</Time><Position><LatitudeDegrees>58.63472978901455</LatitudeDegrees><LongitudeDegrees>59.803790234684946</LongitudeDegrees></Position></Trackpoint><Trackpoint><Time>2026-07-09T14:14:52.000Z</Time><Position><LatitudeDegrees>58.63476071929969</LatitudeDegrees><LongitudeDegrees>59.80386162339753</LongitudeDegrees></Position></Trackpoint><Trackpoint><Time>2026-07-09T14:14:53.000Z</Time><Position><LatitudeDegrees>58.63479171304404</LatitudeDegrees><LongitudeDegrees>59.80393680155547</LongitudeDegrees></Position></Trackpoint><Trackpoint><Time>2026-07-09T14:14:54.000Z</Time><Position><LatitudeDegrees>58.63482267180779</LatitudeDegrees><LongitudeDegrees>59.804014662764246</LongitudeDegrees></Position></Trackpoint><Trackpoint><Time>2026-07-09T14:14:55.000Z</Time><Position><LatitudeDegrees>58.634854049150476</LatitudeDegrees><LongitudeDegrees>59.804093427786924</LongitudeDegrees></Position></Trackpoint><Trackpoint><Time>2026-07-09T14:14:56.000Z</Time><Position><LatitudeDegrees>58.634884998917826</LatitudeDegrees><LongitudeDegrees>59.80417077903942</LongitudeDegrees></Position></Trackpoint><Trackpoint><Time>2026-07-09T14:14:57.000Z</Time><Position><LatitudeDegrees>58.63491473790332</LatitudeDegrees><LongitudeDegrees>59.80424447468671</LongitudeDegrees></Position></Trackpoint><Trackpoint><Time>2026-07-09T14:14:58.000Z</Time><Position><LatitudeDegrees>58.634944078179664</LatitudeDegrees><LongitudeDegrees>59.80431161260469</LongitudeDegrees></Position></Trackpoint><Trackpoint><Time>2026-07-09T14:14:59.000Z</Time><Position><LatitudeDegrees>58.63497193652732</LatitudeDegrees><LongitudeDegrees>59.804369880834024</LongitudeDegrees></Position></Trackpoint><Trackpoint><Time>2026-07-09T14:15:00.000Z</Time><Position><LatitudeDegrees>58.63499707782244</LatitudeDegrees><LongitudeDegrees>59.804416527980145</LongitudeDegrees></Position></Trackpoint><Trackpoint><Time>2026-07-09T14:15:01.000Z</Time><Position><LatitudeDegrees>58.635020810961265</LatitudeDegrees><LongitudeDegrees>59.80444995403299</LongitudeDegrees></Position></Trackpoint><Trackpoint><Time>2026-07-09T14:15:02.000Z</Time><Position><LatitudeDegrees>58.63504385572565</LatitudeDegrees><LongitudeDegrees>59.80447168657299</LongitudeDegrees></Position></Trackpoint><Trackpoint><Time>2026-07-09T14:15:03.000Z</Time><Position><LatitudeDegrees>58.635066596897566</LatitudeDegrees><LongitudeDegrees>59.804483855553364</LongitudeDegrees></Position></Trackpoint><Trackpoint><Time>2026-07-09T14:15:04.000Z</Time><Position><LatitudeDegrees>58.635089721519336</LatitudeDegrees><LongitudeDegrees>59.8044890552389</LongitudeDegrees></Position></Trackpoint><Trackpoint><Time>2026-07-09T14:15:05.000Z</Time><Position><LatitudeDegrees>58.635113952933295</LatitudeDegrees><LongitudeDegrees>59.80448875892218</LongitudeDegrees></Position></Trackpoint><Trackpoint><Time>2026-07-09T14:15:06.000Z</Time><Position><LatitudeDegrees>58.63513895737022</LatitudeDegrees><LongitudeDegrees>59.80448232031531</LongitudeDegrees></Position></Trackpoint><Trackpoint><Time>2026-07-09T14:15:07.000Z</Time><Position><LatitudeDegrees>58.63516498776711</LatitudeDegrees><LongitudeDegrees>59.80446928238777</LongitudeDegrees></Position></Trackpoint><Trackpoint><Time>2026-07-09T14:15:08.000Z</Time><Position><LatitudeDegrees>58.63519103739021</LatitudeDegrees><LongitudeDegrees>59.804450793542614</LongitudeDegrees></Position></Trackpoint><Trackpoint><Time>2026-07-09T14:15:09.000Z</Time><Position><LatitudeDegrees>58.63521766838656</LatitudeDegrees><LongitudeDegrees>59.804428515958136</LongitudeDegrees></Position></Trackpoint><Trackpoint><Time>2026-07-09T14:15:10.000Z</Time><Position><LatitudeDegrees>58.635245037648694</LatitudeDegrees><LongitudeDegrees>59.804403130843134</LongitudeDegrees></Position></Trackpoint><Trackpoint><Time>2026-07-09T14:15:11.000Z</Time><Position><LatitudeDegrees>58.635272625424264</LatitudeDegrees><LongitudeDegrees>59.80437580719957</LongitudeDegrees></Position></Trackpoint><Trackpoint><Time>2026-07-09T14:15:12.000Z</Time><Position><LatitudeDegrees>58.63530018961606</LatitudeDegrees><LongitudeDegrees>59.80434629604739</LongitudeDegrees></Position></Trackpoint><Trackpoint><Time>2026-07-09T14:15:13.000Z</Time><Position><LatitudeDegrees>58.63532763354731</LatitudeDegrees><LongitudeDegrees>59.80431575483297</LongitudeDegrees></Position></Trackpoint><Trackpoint><Time>2026-07-09T14:15:14.000Z</Time><Position><LatitudeDegrees>58.63535444322795</LatitudeDegrees><LongitudeDegrees>59.80428528204887</LongitudeDegrees></Position></Trackpoint><Trackpoint><Time>2026-07-09T14:15:15.000Z</Time><Position><LatitudeDegrees>58.63538097799545</LatitudeDegrees><LongitudeDegrees>59.804255810918654</LongitudeDegrees></Position></Trackpoint><Trackpoint><Time>2026-07-09T14:15:16.000Z</Time><Position><LatitudeDegrees>58.63540693151102</LatitudeDegrees><LongitudeDegrees>59.80422612838228</LongitudeDegrees></Position></Trackpoint><Trackpoint><Time>2026-07-09T14:15:17.000Z</Time><Position><LatitudeDegrees>58.635433231438185</LatitudeDegrees><LongitudeDegrees>59.80419086588866</LongitudeDegrees></Position></Trackpoint><Trackpoint><Time>2026-07-09T14:15:18.000Z</Time><Position><LatitudeDegrees>58.63545874652646</LatitudeDegrees><LongitudeDegrees>59.804153424774654</LongitudeDegrees></Position></Trackpoint><Trackpoint><Time>2026-07-09T14:15:19.000Z</Time><Position><LatitudeDegrees>58.635483111622044</LatitudeDegrees><LongitudeDegrees>59.80411401661501</LongitudeDegrees></Position></Trackpoint><Trackpoint><Time>2026-07-09T14:15:20.000Z</Time><Position><LatitudeDegrees>58.6355048551104</LatitudeDegrees><LongitudeDegrees>59.804074939453045</LongitudeDegrees></Position></Trackpoint><Trackpoint><Time>2026-07-09T14:15:21.000Z</Time><Position><LatitudeDegrees>58.635522728189656</LatitudeDegrees><LongitudeDegrees>59.804038076437834</LongitudeDegrees></Position></Trackpoint><Trackpoint><Time>2026-07-09T14:15:22.000Z</Time><Position><LatitudeDegrees>58.635537202933335</LatitudeDegrees><LongitudeDegrees>59.80400489815181</LongitudeDegrees></Position></Trackpoint><Trackpoint><Time>2026-07-09T14:15:23.000Z</Time><Position><LatitudeDegrees>58.63554890992828</LatitudeDegrees><LongitudeDegrees>59.803976026911066</LongitudeDegrees></Position></Trackpoint><Trackpoint><Time>2026-07-09T14:15:24.000Z</Time><Position><LatitudeDegrees>58.63555846410755</LatitudeDegrees><LongitudeDegrees>59.803951166203376</LongitudeDegrees></Position></Trackpoint><Trackpoint><Time>2026-07-09T14:15:25.000Z</Time><Position><LatitudeDegrees>58.63556961863676</LatitudeDegrees><LongitudeDegrees>59.80392250150715</LongitudeDegrees></Position></Trackpoint><Trackpoint><Time>2026-07-09T14:15:26.000Z</Time><Position><LatitudeDegrees>58.635574042977</LatitudeDegrees><LongitudeDegrees>59.80391275264931</LongitudeDegrees></Position></Trackpoint><Trackpoint><Time>2026-07-09T14:15:27.000Z</Time><Position><LatitudeDegrees>58.635578840959305</LatitudeDegrees><LongitudeDegrees>59.80390241950043</LongitudeDegrees></Position></Trackpoint><Trackpoint><Time>2026-07-09T14:15:28.000Z</Time><Position><LatitudeDegrees>58.63558679525964</LatitudeDegrees><LongitudeDegrees>59.803887118747014</LongitudeDegrees></Position></Trackpoint><Trackpoint><Time>2026-07-09T14:15:29.000Z</Time><Position><LatitudeDegrees>58.63558926083937</LatitudeDegrees><LongitudeDegrees>59.803882373601105</LongitudeDegrees></Position></Trackpoint><Trackpoint><Time>2026-07-09T14:15:30.000Z</Time><Position><LatitudeDegrees>58.635592278170414</LatitudeDegrees><LongitudeDegrees>59.80387604181003</LongitudeDegrees></Position></Trackpoint><Trackpoint><Time>2026-07-09T14:15:31.000Z</Time><Position><LatitudeDegrees>58.63559678513233</LatitudeDegrees><LongitudeDegrees>59.80386472448718</LongitudeDegrees></Position></Trackpoint><Trackpoint><Time>2026-07-09T14:15:32.000Z</Time><Position><LatitudeDegrees>58.635598517380494</LatitudeDegrees><LongitudeDegrees>59.803862606455084</LongitudeDegrees></Position></Trackpoint><Trackpoint><Time>2026-07-09T14:15:35.000Z</Time><Position><LatitudeDegrees>58.635601513469965</LatitudeDegrees><LongitudeDegrees>59.80385646640601</LongitudeDegrees></Position></Trackpoint><Trackpoint><Time>2026-07-09T14:15:36.000Z</Time><Position><LatitudeDegrees>58.635605624729116</LatitudeDegrees><LongitudeDegrees>59.80384798919037</LongitudeDegrees></Position></Trackpoint><Trackpoint><Time>2026-07-09T14:15:37.000Z</Time><Position><LatitudeDegrees>58.635611136410304</LatitudeDegrees><LongitudeDegrees>59.80383865826816</LongitudeDegrees></Position></Trackpoint><Trackpoint><Time>2026-07-09T14:15:38.000Z</Time><Position><LatitudeDegrees>58.63561847585852</LatitudeDegrees><LongitudeDegrees>59.803829194149614</LongitudeDegrees></Position></Trackpoint><Trackpoint><Time>2026-07-09T14:15:39.000Z</Time><Position><LatitudeDegrees>58.63562807408818</LatitudeDegrees><LongitudeDegrees>59.80381942104981</LongitudeDegrees></Position></Trackpoint><Trackpoint><Time>2026-07-09T14:15:40.000Z</Time><Position><LatitudeDegrees>58.635639818694216</LatitudeDegrees><LongitudeDegrees>59.80380979584254</LongitudeDegrees></Position></Trackpoint><Trackpoint><Time>2026-07-09T14:15:41.000Z</Time><Position><LatitudeDegrees>58.635653877510926</LatitudeDegrees><LongitudeDegrees>59.80380195653375</LongitudeDegrees></Position></Trackpoint><Trackpoint><Time>2026-07-09T14:15:42.000Z</Time><Position><LatitudeDegrees>58.63567002263264</LatitudeDegrees><LongitudeDegrees>59.803796838102166</LongitudeDegrees></Position></Trackpoint><Trackpoint><Time>2026-07-09T14:15:43.000Z</Time><Position><LatitudeDegrees>58.635686913204864</LatitudeDegrees><LongitudeDegrees>59.80379496599335</LongitudeDegrees></Position></Trackpoint><Trackpoint><Time>2026-07-09T14:15:44.000Z</Time><Position><LatitudeDegrees>58.63570488056281</LatitudeDegrees><LongitudeDegrees>59.803797119163924</LongitudeDegrees></Position></Trackpoint><Trackpoint><Time>2026-07-09T14:15:45.000Z</Time><Position><LatitudeDegrees>58.63572392295755</LatitudeDegrees><LongitudeDegrees>59.80380457060756</LongitudeDegrees></Position></Trackpoint><Trackpoint><Time>2026-07-09T14:15:46.000Z</Time><Position><LatitudeDegrees>58.6357448809107</LatitudeDegrees><LongitudeDegrees>59.803816185338924</LongitudeDegrees></Position></Trackpoint><Trackpoint><Time>2026-07-09T14:15:47.000Z</Time><Position><LatitudeDegrees>58.635768344328696</LatitudeDegrees><LongitudeDegrees>59.803828513528444</LongitudeDegrees></Position></Trackpoint><Trackpoint><Time>2026-07-09T14:15:48.000Z</Time><Position><LatitudeDegrees>58.63579423458206</LatitudeDegrees><LongitudeDegrees>59.8038380844075</LongitudeDegrees></Position></Trackpoint><Trackpoint><Time>2026-07-09T14:15:49.000Z</Time><Position><LatitudeDegrees>58.6358222078079</LatitudeDegrees><LongitudeDegrees>59.80384333288385</LongitudeDegrees></Position></Trackpoint><Trackpoint><Time>2026-07-09T14:15:50.000Z</Time><Position><LatitudeDegrees>58.63585185504565</LatitudeDegrees><LongitudeDegrees>59.803843679563535</LongitudeDegrees></Position></Trackpoint><Trackpoint><Time>2026-07-09T14:15:51.000Z</Time><Position><LatitudeDegrees>58.6358823034042</LatitudeDegrees><LongitudeDegrees>59.80384147341346</LongitudeDegrees></Position></Trackpoint><Trackpoint><Time>2026-07-09T14:15:52.000Z</Time><Position><LatitudeDegrees>58.63591358018586</LatitudeDegrees><LongitudeDegrees>59.80384045752147</LongitudeDegrees></Position></Trackpoint><Trackpoint><Time>2026-07-09T14:15:53.000Z</Time><Position><LatitudeDegrees>58.63594559030777</LatitudeDegrees><LongitudeDegrees>59.80384446870121</LongitudeDegrees></Position></Trackpoint><Trackpoint><Time>2026-07-09T14:15:54.000Z</Time><Position><LatitudeDegrees>58.63597771087792</LatitudeDegrees><LongitudeDegrees>59.803856889916545</LongitudeDegrees></Position></Trackpoint><Trackpoint><Time>2026-07-09T14:15:55.000Z</Time><Position><LatitudeDegrees>58.63600918158211</LatitudeDegrees><LongitudeDegrees>59.80387803496947</LongitudeDegrees></Position></Trackpoint><Trackpoint><Time>2026-07-09T14:15:56.000Z</Time><Position><LatitudeDegrees>58.63604026231755</LatitudeDegrees><LongitudeDegrees>59.803908382234624</LongitudeDegrees></Position></Trackpoint><Trackpoint><Time>2026-07-09T14:15:57.000Z</Time><Position><LatitudeDegrees>58.63607062055984</LatitudeDegrees><LongitudeDegrees>59.803946947632625</LongitudeDegrees></Position></Trackpoint><Trackpoint><Time>2026-07-09T14:15:58.000Z</Time><Position><LatitudeDegrees>58.63610021209526</LatitudeDegrees><LongitudeDegrees>59.80399080227</LongitudeDegrees></Position></Trackpoint><Trackpoint><Time>2026-07-09T14:15:59.000Z</Time><Position><LatitudeDegrees>58.636130096342015</LatitudeDegrees><LongitudeDegrees>59.80403855067549</LongitudeDegrees></Position></Trackpoint><Trackpoint><Time>2026-07-09T14:16:00.000Z</Time><Position><LatitudeDegrees>58.636160672034805</LatitudeDegrees><LongitudeDegrees>59.804089118388276</LongitudeDegrees></Position></Trackpoint><Trackpoint><Time>2026-07-09T14:16:01.000Z</Time><Position><LatitudeDegrees>58.63619201463982</LatitudeDegrees><LongitudeDegrees>59.8041412114451</LongitudeDegrees></Position></Trackpoint><Trackpoint><Time>2026-07-09T14:16:02.000Z</Time><Position><LatitudeDegrees>58.63622405680452</LatitudeDegrees><LongitudeDegrees>59.80419654922624</LongitudeDegrees></Position></Trackpoint><Trackpoint><Time>2026-07-09T14:16:03.000Z</Time><Position><LatitudeDegrees>58.63625668100347</LatitudeDegrees><LongitudeDegrees>59.80425493376377</LongitudeDegrees></Position></Trackpoint><Trackpoint><Time>2026-07-09T14:16:04.000Z</Time><Position><LatitudeDegrees>58.63628976413256</LatitudeDegrees><LongitudeDegrees>59.80431638209194</LongitudeDegrees></Position></Trackpoint><Trackpoint><Time>2026-07-09T14:16:05.000Z</Time><Position><LatitudeDegrees>58.63632270697981</LatitudeDegrees><LongitudeDegrees>59.804381487214364</LongitudeDegrees></Position></Trackpoint><Trackpoint><Time>2026-07-09T14:16:06.000Z</Time><Position><LatitudeDegrees>58.636354791164074</LatitudeDegrees><LongitudeDegrees>59.8044500240057</LongitudeDegrees></Position></Trackpoint><Trackpoint><Time>2026-07-09T14:16:07.000Z</Time><Position><LatitudeDegrees>58.636385831040144</LatitudeDegrees><LongitudeDegrees>59.80452096969171</LongitudeDegrees></Position></Trackpoint><Trackpoint><Time>2026-07-09T14:16:08.000Z</Time><Position><LatitudeDegrees>58.63641637379912</LatitudeDegrees><LongitudeDegrees>59.80459114582876</LongitudeDegrees></Position></Trackpoint><Trackpoint><Time>2026-07-09T14:16:09.000Z</Time><Position><LatitudeDegrees>58.6364471982074</LatitudeDegrees><LongitudeDegrees>59.804652487649555</LongitudeDegrees></Position></Trackpoint><Trackpoint><Time>2026-07-09T14:16:10.000Z</Time><Position><LatitudeDegrees>58.636479568058924</LatitudeDegrees><LongitudeDegrees>59.80470035963201</LongitudeDegrees></Position></Trackpoint><Trackpoint><Time>2026-07-09T14:16:11.000Z</Time><Position><LatitudeDegrees>58.636514784692125</LatitudeDegrees><LongitudeDegrees>59.80473311271504</LongitudeDegrees></Position></Trackpoint><Trackpoint><Time>2026-07-09T14:16:12.000Z</Time><Position><LatitudeDegrees>58.63655448749329</LatitudeDegrees><LongitudeDegrees>59.8047500498057</LongitudeDegrees></Position></Trackpoint><Trackpoint><Time>2026-07-09T14:16:13.000Z</Time><Position><LatitudeDegrees>58.63659632777042</LatitudeDegrees><LongitudeDegrees>59.80475291377652</LongitudeDegrees></Position></Trackpoint><Trackpoint><Time>2026-07-09T14:16:14.000Z</Time><Position><LatitudeDegrees>58.636638084690766</LatitudeDegrees><LongitudeDegrees>59.80474227022169</LongitudeDegrees></Position></Trackpoint><Trackpoint><Time>2026-07-09T14:16:15.000Z</Time><Position><LatitudeDegrees>58.63667836472945</LatitudeDegrees><LongitudeDegrees>59.80471812729974</LongitudeDegrees></Position></Trackpoint><Trackpoint><Time>2026-07-09T14:16:16.000Z</Time><Position><LatitudeDegrees>58.636715804320744</LatitudeDegrees><LongitudeDegrees>59.80468222099398</LongitudeDegrees></Position></Trackpoint><Trackpoint><Time>2026-07-09T14:16:17.000Z</Time><Position><LatitudeDegrees>58.63674971685932</LatitudeDegrees><LongitudeDegrees>59.80463677605271</LongitudeDegrees></Position></Trackpoint><Trackpoint><Time>2026-07-09T14:16:18.000Z</Time><Position><LatitudeDegrees>58.63678174110193</LatitudeDegrees><LongitudeDegrees>59.80458589141338</LongitudeDegrees></Position></Trackpoint><Trackpoint><Time>2026-07-09T14:16:19.000Z</Time><Position><LatitudeDegrees>58.63681377352442</LatitudeDegrees><LongitudeDegrees>59.80453342216399</LongitudeDegrees></Position></Trackpoint><Trackpoint><Time>2026-07-09T14:16:20.000Z</Time><Position><LatitudeDegrees>58.636846104498304</LatitudeDegrees><LongitudeDegrees>59.80448164895125</LongitudeDegrees></Position></Trackpoint><Trackpoint><Time>2026-07-09T14:16:21.000Z</Time><Position><LatitudeDegrees>58.63687881528962</LatitudeDegrees><LongitudeDegrees>59.80443240090752</LongitudeDegrees></Position></Trackpoint><Trackpoint><Time>2026-07-09T14:16:22.000Z</Time><Position><LatitudeDegrees>58.63691286983869</LatitudeDegrees><LongitudeDegrees>59.8043865968395</LongitudeDegrees></Position></Trackpoint><Trackpoint><Time>2026-07-09T14:16:23.000Z</Time><Position><LatitudeDegrees>58.636948492659</LatitudeDegrees><LongitudeDegrees>59.80434564194522</LongitudeDegrees></Position></Trackpoint><Trackpoint><Time>2026-07-09T14:16:24.000Z</Time><Position><LatitudeDegrees>58.63698557492746</LatitudeDegrees><LongitudeDegrees>59.804309982158586</LongitudeDegrees></Position></Trackpoint><Trackpoint><Time>2026-07-09T14:16:25.000Z</Time><Position><LatitudeDegrees>58.63702388450913</LatitudeDegrees><LongitudeDegrees>59.80428010073226</LongitudeDegrees></Position></Trackpoint><Trackpoint><Time>2026-07-09T14:16:26.000Z</Time><Position><LatitudeDegrees>58.63706267866868</LatitudeDegrees><LongitudeDegrees>59.80425496543136</LongitudeDegrees></Position></Trackpoint><Trackpoint><Time>2026-07-09T14:16:27.000Z</Time><Position><LatitudeDegrees>58.637101589328104</LatitudeDegrees><LongitudeDegrees>59.80423109393606</LongitudeDegrees></Position></Trackpoint><Trackpoint><Time>2026-07-09T14:16:28.000Z</Time><Position><LatitudeDegrees>58.6371399603374</LatitudeDegrees><LongitudeDegrees>59.80420591068214</LongitudeDegrees></Position></Trackpoint><Trackpoint><Time>2026-07-09T14:16:29.000Z</Time><Position><LatitudeDegrees>58.63717710112478</LatitudeDegrees><LongitudeDegrees>59.80417803371798</LongitudeDegrees></Position></Trackpoint><Trackpoint><Time>2026-07-09T14:16:30.000Z</Time><Position><LatitudeDegrees>58.63721239557624</LatitudeDegrees><LongitudeDegrees>59.80414626042222</LongitudeDegrees></Position></Trackpoint><Trackpoint><Time>2026-07-09T14:16:31.000Z</Time><Position><LatitudeDegrees>58.63724435809807</LatitudeDegrees><LongitudeDegrees>59.80411108521415</LongitudeDegrees></Position></Trackpoint><Trackpoint><Time>2026-07-09T14:16:32.000Z</Time><Position><LatitudeDegrees>58.63727231491074</LatitudeDegrees><LongitudeDegrees>59.80407314834243</LongitudeDegrees></Position></Trackpoint><Trackpoint><Time>2026-07-09T14:16:33.000Z</Time><Position><LatitudeDegrees>58.63729552343483</LatitudeDegrees><LongitudeDegrees>59.80403257832753</LongitudeDegrees></Position></Trackpoint><Trackpoint><Time>2026-07-09T14:16:34.000Z</Time><Position><LatitudeDegrees>58.63731379767641</LatitudeDegrees><LongitudeDegrees>59.80399123489026</LongitudeDegrees></Position></Trackpoint><Trackpoint><Time>2026-07-09T14:16:35.000Z</Time><Position><LatitudeDegrees>58.63732818395529</LatitudeDegrees><LongitudeDegrees>59.80395047280389</LongitudeDegrees></Position></Trackpoint><Trackpoint><Time>2026-07-09T14:16:36.000Z</Time><Position><LatitudeDegrees>58.63733961219498</LatitudeDegrees><LongitudeDegrees>59.803911265004324</LongitudeDegrees></Position></Trackpoint><Trackpoint><Time>2026-07-09T14:16:37.000Z</Time><Position><LatitudeDegrees>58.63734933463946</LatitudeDegrees><LongitudeDegrees>59.80387528152052</LongitudeDegrees></Position></Trackpoint><Trackpoint><Time>2026-07-09T14:16:38.000Z</Time><Position><LatitudeDegrees>58.63736004438327</LatitudeDegrees><LongitudeDegrees>59.80384132745819</LongitudeDegrees></Position></Trackpoint><Trackpoint><Time>2026-07-09T14:16:39.000Z</Time><Position><LatitudeDegrees>58.63737272381419</LatitudeDegrees><LongitudeDegrees>59.80380962946808</LongitudeDegrees></Position></Trackpoint><Trackpoint><Time>2026-07-09T14:16:40.000Z</Time><Position><LatitudeDegrees>58.63738801431651</LatitudeDegrees><LongitudeDegrees>59.803779991329066</LongitudeDegrees></Position></Trackpoint><Trackpoint><Time>2026-07-09T14:16:41.000Z</Time><Position><LatitudeDegrees>58.63740535529598</LatitudeDegrees><LongitudeDegrees>59.80375206785199</LongitudeDegrees></Position></Trackpoint><Trackpoint><Time>2026-07-09T14:16:42.000Z</Time><Position><LatitudeDegrees>58.637424742316206</LatitudeDegrees><LongitudeDegrees>59.80372549680217</LongitudeDegrees></Position></Trackpoint><Trackpoint><Time>2026-07-09T14:16:43.000Z</Time><Position><LatitudeDegrees>58.637445421333254</LatitudeDegrees><LongitudeDegrees>59.80370093463854</LongitudeDegrees></Position></Trackpoint><Trackpoint><Time>2026-07-09T14:16:44.000Z</Time><Position><LatitudeDegrees>58.63746740559148</LatitudeDegrees><LongitudeDegrees>59.80367839387527</LongitudeDegrees></Position></Trackpoint><Trackpoint><Time>2026-07-09T14:16:45.000Z</Time><Position><LatitudeDegrees>58.63749102263024</LatitudeDegrees><LongitudeDegrees>59.80365713061183</LongitudeDegrees></Position></Trackpoint><Trackpoint><Time>2026-07-09T14:16:46.000Z</Time><Position><LatitudeDegrees>58.63751570816564</LatitudeDegrees><LongitudeDegrees>59.80363716413061</LongitudeDegrees></Position></Trackpoint><Trackpoint><Time>2026-07-09T14:16:47.000Z</Time><Position><LatitudeDegrees>58.63754109266681</LatitudeDegrees><LongitudeDegrees>59.80361882554334</LongitudeDegrees></Position></Trackpoint><Trackpoint><Time>2026-07-09T14:16:48.000Z</Time><Position><LatitudeDegrees>58.63756693423744</LatitudeDegrees><LongitudeDegrees>59.80360204227513</LongitudeDegrees></Position></Trackpoint><Trackpoint><Time>2026-07-09T14:16:49.000Z</Time><Position><LatitudeDegrees>58.637593564202994</LatitudeDegrees><LongitudeDegrees>59.80358707442501</LongitudeDegrees></Position></Trackpoint><Trackpoint><Time>2026-07-09T14:16:50.000Z</Time><Position><LatitudeDegrees>58.63762003860382</LatitudeDegrees><LongitudeDegrees>59.80357379610426</LongitudeDegrees></Position></Trackpoint><Trackpoint><Time>2026-07-09T14:16:51.000Z</Time><Position><LatitudeDegrees>58.63764598865235</LatitudeDegrees><LongitudeDegrees>59.803561938619175</LongitudeDegrees></Position></Trackpoint><Trackpoint><Time>2026-07-09T14:16:52.000Z</Time><Position><LatitudeDegrees>58.63767132976939</LatitudeDegrees><LongitudeDegrees>59.80355169856124</LongitudeDegrees></Position></Trackpoint><Trackpoint><Time>2026-07-09T14:16:53.000Z</Time><Position><LatitudeDegrees>58.637695615667226</LatitudeDegrees><LongitudeDegrees>59.80354245968844</LongitudeDegrees></Position></Trackpoint><Trackpoint><Time>2026-07-09T14:16:54.000Z</Time><Position><LatitudeDegrees>58.63771879798548</LatitudeDegrees><LongitudeDegrees>59.80353383971116</LongitudeDegrees></Position></Trackpoint><Trackpoint><Time>2026-07-09T14:16:55.000Z</Time><Position><LatitudeDegrees>58.63774197767174</LatitudeDegrees><LongitudeDegrees>59.80352609136611</LongitudeDegrees></Position></Trackpoint><Trackpoint><Time>2026-07-09T14:16:56.000Z</Time><Position><LatitudeDegrees>58.637765608470744</LatitudeDegrees><LongitudeDegrees>59.803520186087255</LongitudeDegrees></Position></Trackpoint><Trackpoint><Time>2026-07-09T14:16:57.000Z</Time><Position><LatitudeDegrees>58.63779128818194</LatitudeDegrees><LongitudeDegrees>59.8035177562206</LongitudeDegrees></Position></Trackpoint><Trackpoint><Time>2026-07-09T14:16:58.000Z</Time><Position><LatitudeDegrees>58.63781941185763</LatitudeDegrees><LongitudeDegrees>59.803518048735526</LongitudeDegrees></Position></Trackpoint><Trackpoint><Time>2026-07-09T14:16:59.000Z</Time><Position><LatitudeDegrees>58.63784884929316</LatitudeDegrees><LongitudeDegrees>59.80352187292721</LongitudeDegrees></Position></Trackpoint><Trackpoint><Time>2026-07-09T14:17:00.000Z</Time><Position><LatitudeDegrees>58.63787847680284</LatitudeDegrees><LongitudeDegrees>59.803530577636906</LongitudeDegrees></Position></Trackpoint><Trackpoint><Time>2026-07-09T14:17:01.000Z</Time><Position><LatitudeDegrees>58.6379073176091</LatitudeDegrees><LongitudeDegrees>59.80354556078716</LongitudeDegrees></Position></Trackpoint><Trackpoint><Time>2026-07-09T14:17:02.000Z</Time><Position><LatitudeDegrees>58.63793507041454</LatitudeDegrees><LongitudeDegrees>59.80356855070323</LongitudeDegrees></Position></Trackpoint><Trackpoint><Time>2026-07-09T14:17:03.000Z</Time><Position><LatitudeDegrees>58.637961261167504</LatitudeDegrees><LongitudeDegrees>59.803599231510844</LongitudeDegrees></Position></Trackpoint><Trackpoint><Time>2026-07-09T14:17:04.000Z</Time><Position><LatitudeDegrees>58.637986874346005</LatitudeDegrees><LongitudeDegrees>59.80363550678689</LongitudeDegrees></Position></Trackpoint><Trackpoint><Time>2026-07-09T14:17:05.000Z</Time><Position><LatitudeDegrees>58.638011899911106</LatitudeDegrees><LongitudeDegrees>59.8036762847235</LongitudeDegrees></Position></Trackpoint><Trackpoint><Time>2026-07-09T14:17:06.000Z</Time><Position><LatitudeDegrees>58.63803640914774</LatitudeDegrees><LongitudeDegrees>59.803721027378735</LongitudeDegrees></Position></Trackpoint><Trackpoint><Time>2026-07-09T14:17:07.000Z</Time><Position><LatitudeDegrees>58.638061476904625</LatitudeDegrees><LongitudeDegrees>59.80376949395515</LongitudeDegrees></Position></Trackpoint><Trackpoint><Time>2026-07-09T14:17:08.000Z</Time><Position><LatitudeDegrees>58.63808698454446</LatitudeDegrees><LongitudeDegrees>59.80382012810345</LongitudeDegrees></Position></Trackpoint><Trackpoint><Time>2026-07-09T14:17:09.000Z</Time><Position><LatitudeDegrees>58.63811429558199</LatitudeDegrees><LongitudeDegrees>59.80387005222005</LongitudeDegrees></Position></Trackpoint><Trackpoint><Time>2026-07-09T14:17:10.000Z</Time><Position><LatitudeDegrees>58.63814276087347</LatitudeDegrees><LongitudeDegrees>59.8039152346796</LongitudeDegrees></Position></Trackpoint><Trackpoint><Time>2026-07-09T14:17:11.000Z</Time><Position><LatitudeDegrees>58.638172944154334</LatitudeDegrees><LongitudeDegrees>59.8039507068239</LongitudeDegrees></Position></Trackpoint><Trackpoint><Time>2026-07-09T14:17:12.000Z</Time><Position><LatitudeDegrees>58.638204857088304</LatitudeDegrees><LongitudeDegrees>59.80397322064498</LongitudeDegrees></Position></Trackpoint><Trackpoint><Time>2026-07-09T14:17:13.000Z</Time><Position><LatitudeDegrees>58.63823681364867</LatitudeDegrees><LongitudeDegrees>59.80398310168601</LongitudeDegrees></Position></Trackpoint><Trackpoint><Time>2026-07-09T14:17:14.000Z</Time><Position><LatitudeDegrees>58.63826860348465</LatitudeDegrees><LongitudeDegrees>59.803981615804105</LongitudeDegrees></Position></Trackpoint><Trackpoint><Time>2026-07-09T14:17:15.000Z</Time><Position><LatitudeDegrees>58.63830065097621</LatitudeDegrees><LongitudeDegrees>59.80396976402754</LongitudeDegrees></Position></Trackpoint><Trackpoint><Time>2026-07-09T14:17:16.000Z</Time><Position><LatitudeDegrees>58.63833260821687</LatitudeDegrees><LongitudeDegrees>59.803950268281284</LongitudeDegrees></Position></Trackpoint><Trackpoint><Time>2026-07-09T14:17:17.000Z</Time><Position><LatitudeDegrees>58.63836483312131</LatitudeDegrees><LongitudeDegrees>59.80392523063672</LongitudeDegrees></Position></Trackpoint><Trackpoint><Time>2026-07-09T14:17:18.000Z</Time><Position><LatitudeDegrees>58.63839694912586</LatitudeDegrees><LongitudeDegrees>59.80389671770184</LongitudeDegrees></Position></Trackpoint><Trackpoint><Time>2026-07-09T14:17:19.000Z</Time><Position><LatitudeDegrees>58.638428325515584</LatitudeDegrees><LongitudeDegrees>59.80386504740173</LongitudeDegrees></Position></Trackpoint><Trackpoint><Time>2026-07-09T14:17:20.000Z</Time><Position><LatitudeDegrees>58.63845928708009</LatitudeDegrees><LongitudeDegrees>59.8038307559116</LongitudeDegrees></Position></Trackpoint><Trackpoint><Time>2026-07-09T14:17:21.000Z</Time><Position><LatitudeDegrees>58.638490020820754</LatitudeDegrees><LongitudeDegrees>59.80379537969328</LongitudeDegrees></Position></Trackpoint><Trackpoint><Time>2026-07-09T14:17:22.000Z</Time><Position><LatitudeDegrees>58.638520143381214</LatitudeDegrees><LongitudeDegrees>59.80376018034683</LongitudeDegrees></Position></Trackpoint><Trackpoint><Time>2026-07-09T14:17:23.000Z</Time><Position><LatitudeDegrees>58.638548596105345</LatitudeDegrees><LongitudeDegrees>59.803726144350605</LongitudeDegrees></Position></Trackpoint><Trackpoint><Time>2026-07-09T14:17:24.000Z</Time><Position><LatitudeDegrees>58.63857613654545</LatitudeDegrees><LongitudeDegrees>59.80369303904444</LongitudeDegrees></Position></Trackpoint><Trackpoint><Time>2026-07-09T14:17:25.000Z</Time><Position><LatitudeDegrees>58.638603683387736</LatitudeDegrees><LongitudeDegrees>59.80366015954784</LongitudeDegrees></Position></Trackpoint><Trackpoint><Time>2026-07-09T14:17:26.000Z</Time><Position><LatitudeDegrees>58.63863063493486</LatitudeDegrees><LongitudeDegrees>59.80362718658518</LongitudeDegrees></Position></Trackpoint><Trackpoint><Time>2026-07-09T14:17:27.000Z</Time><Position><LatitudeDegrees>58.638656819793034</LatitudeDegrees><LongitudeDegrees>59.80359351105374</LongitudeDegrees></Position></Trackpoint><Trackpoint><Time>2026-07-09T14:17:28.000Z</Time><Position><LatitudeDegrees>58.638682265779934</LatitudeDegrees><LongitudeDegrees>59.80355946188895</LongitudeDegrees></Position></Trackpoint><Trackpoint><Time>2026-07-09T14:17:29.000Z</Time><Position><LatitudeDegrees>58.63870756879544</LatitudeDegrees><LongitudeDegrees>59.803525222512675</LongitudeDegrees></Position></Trackpoint><Trackpoint><Time>2026-07-09T14:17:30.000Z</Time><Position><LatitudeDegrees>58.638732502990536</LatitudeDegrees><LongitudeDegrees>59.80349138248812</LongitudeDegrees></Position></Trackpoint><Trackpoint><Time>2026-07-09T14:17:31.000Z</Time><Position><LatitudeDegrees>58.63875702269061</LatitudeDegrees><LongitudeDegrees>59.80345764375027</LongitudeDegrees></Position></Trackpoint><Trackpoint><Time>2026-07-09T14:17:32.000Z</Time><Position><LatitudeDegrees>58.63878116228515</LatitudeDegrees><LongitudeDegrees>59.803422891324786</LongitudeDegrees></Position></Trackpoint><Trackpoint><Time>2026-07-09T14:17:33.000Z</Time><Position><LatitudeDegrees>58.638804495112225</LatitudeDegrees><LongitudeDegrees>59.8033863065227</LongitudeDegrees></Position></Trackpoint><Trackpoint><Time>2026-07-09T14:17:34.000Z</Time><Position><LatitudeDegrees>58.63882743861625</LatitudeDegrees><LongitudeDegrees>59.80334876658459</LongitudeDegrees></Position></Trackpoint><Trackpoint><Time>2026-07-09T14:17:35.000Z</Time><Position><LatitudeDegrees>58.63885070429438</LatitudeDegrees><LongitudeDegrees>59.80331026576704</LongitudeDegrees></Position></Trackpoint><Trackpoint><Time>2026-07-09T14:17:36.000Z</Time><Position><LatitudeDegrees>58.63887454381431</LatitudeDegrees><LongitudeDegrees>59.803271904253364</LongitudeDegrees></Position></Trackpoint><Trackpoint><Time>2026-07-09T14:17:37.000Z</Time><Position><LatitudeDegrees>58.63889996639072</LatitudeDegrees><LongitudeDegrees>59.80323362764569</LongitudeDegrees></Position></Trackpoint><Trackpoint><Time>2026-07-09T14:17:38.000Z</Time><Position><LatitudeDegrees>58.63892620524771</LatitudeDegrees><LongitudeDegrees>59.80319687147545</LongitudeDegrees></Position></Trackpoint><Trackpoint><Time>2026-07-09T14:17:39.000Z</Time><Position><LatitudeDegrees>58.63895332944364</LatitudeDegrees><LongitudeDegrees>59.80316252140714</LongitudeDegrees></Position></Trackpoint><Trackpoint><Time>2026-07-09T14:17:40.000Z</Time><Position><LatitudeDegrees>58.638980764176516</LatitudeDegrees><LongitudeDegrees>59.80313210219924</LongitudeDegrees></Position></Trackpoint><Trackpoint><Time>2026-07-09T14:17:41.000Z</Time><Position><LatitudeDegrees>58.639009212088006</LatitudeDegrees><LongitudeDegrees>59.803107206110035</LongitudeDegrees></Position></Trackpoint><Trackpoint><Time>2026-07-09T14:17:42.000Z</Time><Position><LatitudeDegrees>58.639038342898814</LatitudeDegrees><LongitudeDegrees>59.80308778000064</LongitudeDegrees></Position></Trackpoint><Trackpoint><Time>2026-07-09T14:17:43.000Z</Time><Position><LatitudeDegrees>58.639067932939824</LatitudeDegrees><LongitudeDegrees>59.803072120701835</LongitudeDegrees></Position></Trackpoint><Trackpoint><Time>2026-07-09T14:17:44.000Z</Time><Position><LatitudeDegrees>58.63909783115513</LatitudeDegrees><LongitudeDegrees>59.803060022548536</LongitudeDegrees></Position></Trackpoint><Trackpoint><Time>2026-07-09T14:17:45.000Z</Time><Position><LatitudeDegrees>58.63912744617054</LatitudeDegrees><LongitudeDegrees>59.80305143338399</LongitudeDegrees></Position></Trackpoint><Trackpoint><Time>2026-07-09T14:17:46.000Z</Time><Position><LatitudeDegrees>58.63915657078673</LatitudeDegrees><LongitudeDegrees>59.80304637096554</LongitudeDegrees></Position></Trackpoint><Trackpoint><Time>2026-07-09T14:17:47.000Z</Time><Position><LatitudeDegrees>58.63918469300349</LatitudeDegrees><LongitudeDegrees>59.80304243151124</LongitudeDegrees></Position></Trackpoint><Trackpoint><Time>2026-07-09T14:17:48.000Z</Time><Position><LatitudeDegrees>58.63921270983975</LatitudeDegrees><LongitudeDegrees>59.80303946015402</LongitudeDegrees></Position></Trackpoint><Trackpoint><Time>2026-07-09T14:17:49.000Z</Time><Position><LatitudeDegrees>58.639240514632604</LatitudeDegrees><LongitudeDegrees>59.803037268860656</LongitudeDegrees></Position></Trackpoint><Trackpoint><Time>2026-07-09T14:17:50.000Z</Time><Position><LatitudeDegrees>58.639268580280806</LatitudeDegrees><LongitudeDegrees>59.80303665929403</LongitudeDegrees></Position></Trackpoint><Trackpoint><Time>2026-07-09T14:17:51.000Z</Time><Position><LatitudeDegrees>58.63929706805943</LatitudeDegrees><LongitudeDegrees>59.80303726898279</LongitudeDegrees></Position></Trackpoint><Trackpoint><Time>2026-07-09T14:17:52.000Z</Time><Position><LatitudeDegrees>58.63932647981775</LatitudeDegrees><LongitudeDegrees>59.80303928177019</LongitudeDegrees></Position></Trackpoint><Trackpoint><Time>2026-07-09T14:17:53.000Z</Time><Position><LatitudeDegrees>58.639356414032015</LatitudeDegrees><LongitudeDegrees>59.80304063484094</LongitudeDegrees></Position></Trackpoint><Trackpoint><Time>2026-07-09T14:17:54.000Z</Time><Position><LatitudeDegrees>58.63938712789555</LatitudeDegrees><LongitudeDegrees>59.80303958411132</LongitudeDegrees></Position></Trackpoint><Trackpoint><Time>2026-07-09T14:17:55.000Z</Time><Position><LatitudeDegrees>58.639418137651724</LatitudeDegrees><LongitudeDegrees>59.80303425100177</LongitudeDegrees></Position></Trackpoint><Trackpoint><Time>2026-07-09T14:17:56.000Z</Time><Position><LatitudeDegrees>58.63944871648542</LatitudeDegrees><LongitudeDegrees>59.80302441148756</LongitudeDegrees></Position></Trackpoint><Trackpoint><Time>2026-07-09T14:17:57.000Z</Time><Position><LatitudeDegrees>58.63947764115695</LatitudeDegrees><LongitudeDegrees>59.803010062087445</LongitudeDegrees></Position></Trackpoint><Trackpoint><Time>2026-07-09T14:17:58.000Z</Time><Position><LatitudeDegrees>58.63950462020464</LatitudeDegrees><LongitudeDegrees>59.80299129059413</LongitudeDegrees></Position></Trackpoint><Trackpoint><Time>2026-07-09T14:17:59.000Z</Time><Position><LatitudeDegrees>58.6395292937021</LatitudeDegrees><LongitudeDegrees>59.80296821112192</LongitudeDegrees></Position></Trackpoint><Trackpoint><Time>2026-07-09T14:18:00.000Z</Time><Position><LatitudeDegrees>58.6395513197229</LatitudeDegrees><LongitudeDegrees>59.802939954757626</LongitudeDegrees></Position></Trackpoint><Trackpoint><Time>2026-07-09T14:18:01.000Z</Time><Position><LatitudeDegrees>58.63957089724995</LatitudeDegrees><LongitudeDegrees>59.802907807321304</LongitudeDegrees></Position></Trackpoint><Trackpoint><Time>2026-07-09T14:18:02.000Z</Time><Position><LatitudeDegrees>58.639588422491535</LatitudeDegrees><LongitudeDegrees>59.80287132893788</LongitudeDegrees></Position></Trackpoint><Trackpoint><Time>2026-07-09T14:18:03.000Z</Time><Position><LatitudeDegrees>58.63960334280591</LatitudeDegrees><LongitudeDegrees>59.80283138393327</LongitudeDegrees></Position></Trackpoint><Trackpoint><Time>2026-07-09T14:18:04.000Z</Time><Position><LatitudeDegrees>58.63961478571402</LatitudeDegrees><LongitudeDegrees>59.80278779398002</LongitudeDegrees></Position></Trackpoint><Trackpoint><Time>2026-07-09T14:18:05.000Z</Time><Position><LatitudeDegrees>58.63962136938786</LatitudeDegrees><LongitudeDegrees>59.80274144307123</LongitudeDegrees></Position></Trackpoint><Trackpoint><Time>2026-07-09T14:18:06.000Z</Time><Position><LatitudeDegrees>58.639623148419936</LatitudeDegrees><LongitudeDegrees>59.80269451846103</LongitudeDegrees></Position></Trackpoint><Trackpoint><Time>2026-07-09T14:18:07.000Z</Time><Position><LatitudeDegrees>58.639621251572386</LatitudeDegrees><LongitudeDegrees>59.80264799456734</LongitudeDegrees></Position></Trackpoint><Trackpoint><Time>2026-07-09T14:18:08.000Z</Time><Position><LatitudeDegrees>58.63961612589006</LatitudeDegrees><LongitudeDegrees>59.80260173164596</LongitudeDegrees></Position></Trackpoint><Trackpoint><Time>2026-07-09T14:18:09.000Z</Time><Position><LatitudeDegrees>58.63960836989699</LatitudeDegrees><LongitudeDegrees>59.802555638650176</LongitudeDegrees></Position></Trackpoint><Trackpoint><Time>2026-07-09T14:18:10.000Z</Time><Position><LatitudeDegrees>58.63959856768174</LatitudeDegrees><LongitudeDegrees>59.80251014588484</LongitudeDegrees></Position></Trackpoint><Trackpoint><Time>2026-07-09T14:18:11.000Z</Time><Position><LatitudeDegrees>58.63958673281034</LatitudeDegrees><LongitudeDegrees>59.802465353525164</LongitudeDegrees></Position></Trackpoint><Trackpoint><Time>2026-07-09T14:18:12.000Z</Time><Position><LatitudeDegrees>58.639573621368726</LatitudeDegrees><LongitudeDegrees>59.802421212930646</LongitudeDegrees></Position></Trackpoint><Trackpoint><Time>2026-07-09T14:18:13.000Z</Time><Position><LatitudeDegrees>58.639559708584116</LatitudeDegrees><LongitudeDegrees>59.80237762041642</LongitudeDegrees></Position></Trackpoint><Trackpoint><Time>2026-07-09T14:18:14.000Z</Time><Position><LatitudeDegrees>58.63954529302212</LatitudeDegrees><LongitudeDegrees>59.802334952546964</LongitudeDegrees></Position></Trackpoint><Trackpoint><Time>2026-07-09T14:18:15.000Z</Time><Position><LatitudeDegrees>58.6395305621727</LatitudeDegrees><LongitudeDegrees>59.80229275611669</LongitudeDegrees></Position></Trackpoint><Trackpoint><Time>2026-07-09T14:18:16.000Z</Time><Position><LatitudeDegrees>58.63951563371716</LatitudeDegrees><LongitudeDegrees>59.80225127358255</LongitudeDegrees></Position></Trackpoint><Trackpoint><Time>2026-07-09T14:18:17.000Z</Time><Position><LatitudeDegrees>58.639501560704254</LatitudeDegrees><LongitudeDegrees>59.802209533947675</LongitudeDegrees></Position></Trackpoint><Trackpoint><Time>2026-07-09T14:18:18.000Z</Time><Position><LatitudeDegrees>58.63948866701982</LatitudeDegrees><LongitudeDegrees>59.80216668071104</LongitudeDegrees></Position></Trackpoint><Trackpoint><Time>2026-07-09T14:18:19.000Z</Time><Position><LatitudeDegrees>58.63947791390705</LatitudeDegrees><LongitudeDegrees>59.80212201445545</LongitudeDegrees></Position></Trackpoint><Trackpoint><Time>2026-07-09T14:18:20.000Z</Time><Position><LatitudeDegrees>58.6394689328882</LatitudeDegrees><LongitudeDegrees>59.80207596944643</LongitudeDegrees></Position></Trackpoint><Trackpoint><Time>2026-07-09T14:18:21.000Z</Time><Position><LatitudeDegrees>58.639461834376895</LatitudeDegrees><LongitudeDegrees>59.80202939110054</LongitudeDegrees></Position></Trackpoint><Trackpoint><Time>2026-07-09T14:18:22.000Z</Time><Position><LatitudeDegrees>58.639455443006916</LatitudeDegrees><LongitudeDegrees>59.80198367526273</LongitudeDegrees></Position></Trackpoint><Trackpoint><Time>2026-07-09T14:18:23.000Z</Time><Position><LatitudeDegrees>58.63945016318397</LatitudeDegrees><LongitudeDegrees>59.801938306865665</LongitudeDegrees></Position></Trackpoint><Trackpoint><Time>2026-07-09T14:18:24.000Z</Time><Position><LatitudeDegrees>58.63944650840107</LatitudeDegrees><LongitudeDegrees>59.80189058114084</LongitudeDegrees></Position></Trackpoint><Trackpoint><Time>2026-07-09T14:18:25.000Z</Time><Position><LatitudeDegrees>58.63944448156032</LatitudeDegrees><LongitudeDegrees>59.801840665955076</LongitudeDegrees></Position></Trackpoint><Trackpoint><Time>2026-07-09T14:18:26.000Z</Time><Position><LatitudeDegrees>58.63944240608113</LatitudeDegrees><LongitudeDegrees>59.801790380287386</LongitudeDegrees></Position></Trackpoint><Trackpoint><Time>2026-07-09T14:18:27.000Z</Time><Position><LatitudeDegrees>58.63944106656625</LatitudeDegrees><LongitudeDegrees>59.80174003119416</LongitudeDegrees></Position></Trackpoint><Trackpoint><Time>2026-07-09T14:18:28.000Z</Time><Position><LatitudeDegrees>58.639440202070716</LatitudeDegrees><LongitudeDegrees>59.801690242882636</LongitudeDegrees></Position></Trackpoint><Trackpoint><Time>2026-07-09T14:18:29.000Z</Time><Position><LatitudeDegrees>58.6394401337713</LatitudeDegrees><LongitudeDegrees>59.80164120044671</LongitudeDegrees></Position></Trackpoint><Trackpoint><Time>2026-07-09T14:18:30.000Z</Time><Position><LatitudeDegrees>58.63943991252751</LatitudeDegrees><LongitudeDegrees>59.80159190516096</LongitudeDegrees></Position></Trackpoint><Trackpoint><Time>2026-07-09T14:18:31.000Z</Time><Position><LatitudeDegrees>58.639440146303045</LatitudeDegrees><LongitudeDegrees>59.80154246778048</LongitudeDegrees></Position></Trackpoint><Trackpoint><Time>2026-07-09T14:18:32.000Z</Time><Position><LatitudeDegrees>58.63944004785536</LatitudeDegrees><LongitudeDegrees>59.80149246254492</LongitudeDegrees></Position></Trackpoint><Trackpoint><Time>2026-07-09T14:18:33.000Z</Time><Position><LatitudeDegrees>58.63943982522269</LatitudeDegrees><LongitudeDegrees>59.801441786995326</LongitudeDegrees></Position></Trackpoint><Trackpoint><Time>2026-07-09T14:18:34.000Z</Time><Position><LatitudeDegrees>58.63944006963168</LatitudeDegrees><LongitudeDegrees>59.80139048496946</LongitudeDegrees></Position></Trackpoint><Trackpoint><Time>2026-07-09T14:18:35.000Z</Time><Position><LatitudeDegrees>58.63944047501448</LatitudeDegrees><LongitudeDegrees>59.801338165317844</LongitudeDegrees></Position></Trackpoint><Trackpoint><Time>2026-07-09T14:18:36.000Z</Time><Position><LatitudeDegrees>58.63944040505078</LatitudeDegrees><LongitudeDegrees>59.80128577678404</LongitudeDegrees></Position></Trackpoint><Trackpoint><Time>2026-07-09T14:18:37.000Z</Time><Position><LatitudeDegrees>58.63944063791388</LatitudeDegrees><LongitudeDegrees>59.80123225010136</LongitudeDegrees></Position></Trackpoint><Trackpoint><Time>2026-07-09T14:18:38.000Z</Time><Position><LatitudeDegrees>58.63944096560354</LatitudeDegrees><LongitudeDegrees>59.80117827021103</LongitudeDegrees></Position></Trackpoint><Trackpoint><Time>2026-07-09T14:18:39.000Z</Time><Position><LatitudeDegrees>58.639440800676844</LatitudeDegrees><LongitudeDegrees>59.80112368775261</LongitudeDegrees></Position></Trackpoint><Trackpoint><Time>2026-07-09T14:18:40.000Z</Time><Position><LatitudeDegrees>58.6394404540424</LatitudeDegrees><LongitudeDegrees>59.801069008163786</LongitudeDegrees></Position></Trackpoint><Trackpoint><Time>2026-07-09T14:18:41.000Z</Time><Position><LatitudeDegrees>58.63944056667527</LatitudeDegrees><LongitudeDegrees>59.80101445206721</LongitudeDegrees></Position></Trackpoint><Trackpoint><Time>2026-07-09T14:18:42.000Z</Time><Position><LatitudeDegrees>58.63944085399347</LatitudeDegrees><LongitudeDegrees>59.80096058408321</LongitudeDegrees></Position></Trackpoint><Trackpoint><Time>2026-07-09T14:18:43.000Z</Time><Position><LatitudeDegrees>58.63944117637607</LatitudeDegrees><LongitudeDegrees>59.80090754842306</LongitudeDegrees></Position></Trackpoint><Trackpoint><Time>2026-07-09T14:18:44.000Z</Time><Position><LatitudeDegrees>58.63944147182203</LatitudeDegrees><LongitudeDegrees>59.800853339207805</LongitudeDegrees></Position></Trackpoint><Trackpoint><Time>2026-07-09T14:18:45.000Z</Time><Position><LatitudeDegrees>58.639441718254545</LatitudeDegrees><LongitudeDegrees>59.800797770584225</LongitudeDegrees></Position></Trackpoint><Trackpoint><Time>2026-07-09T14:18:46.000Z</Time><Position><LatitudeDegrees>58.63944240248307</LatitudeDegrees><LongitudeDegrees>59.800741430100395</LongitudeDegrees></Position></Trackpoint><Trackpoint><Time>2026-07-09T14:18:47.000Z</Time><Position><LatitudeDegrees>58.6394431791909</LatitudeDegrees><LongitudeDegrees>59.80068465879529</LongitudeDegrees></Position></Trackpoint><Trackpoint><Time>2026-07-09T14:18:48.000Z</Time><Position><LatitudeDegrees>58.639444383906124</LatitudeDegrees><LongitudeDegrees>59.80062667319417</LongitudeDegrees></Position></Trackpoint><Trackpoint><Time>2026-07-09T14:18:49.000Z</Time><Position><LatitudeDegrees>58.639445610265696</LatitudeDegrees><LongitudeDegrees>59.80056730648904</LongitudeDegrees></Position></Trackpoint><Trackpoint><Time>2026-07-09T14:18:50.000Z</Time><Position><LatitudeDegrees>58.63944668813774</LatitudeDegrees><LongitudeDegrees>59.80050715685606</LongitudeDegrees></Position></Trackpoint><Trackpoint><Time>2026-07-09T14:18:51.000Z</Time><Position><LatitudeDegrees>58.63944756651443</LatitudeDegrees><LongitudeDegrees>59.8004465711317</LongitudeDegrees></Position></Trackpoint><Trackpoint><Time>2026-07-09T14:18:52.000Z</Time><Position><LatitudeDegrees>58.63944776038333</LatitudeDegrees><LongitudeDegrees>59.80038525851585</LongitudeDegrees></Position></Trackpoint><Trackpoint><Time>2026-07-09T14:18:53.000Z</Time><Position><LatitudeDegrees>58.63944813707694</LatitudeDegrees><LongitudeDegrees>59.800322702932135</LongitudeDegrees></Position></Trackpoint><Trackpoint><Time>2026-07-09T14:18:54.000Z</Time><Position><LatitudeDegrees>58.63944805110519</LatitudeDegrees><LongitudeDegrees>59.80025983059736</LongitudeDegrees></Position></Trackpoint><Trackpoint><Time>2026-07-09T14:18:55.000Z</Time><Position><LatitudeDegrees>58.63944827523738</LatitudeDegrees><LongitudeDegrees>59.80019755322364</LongitudeDegrees></Position></Trackpoint><Trackpoint><Time>2026-07-09T14:18:56.000Z</Time><Position><LatitudeDegrees>58.639448598313685</LatitudeDegrees><LongitudeDegrees>59.8001371491433</LongitudeDegrees></Position></Trackpoint><Trackpoint><Time>2026-07-09T14:18:57.000Z</Time><Position><LatitudeDegrees>58.63944941028274</LatitudeDegrees><LongitudeDegrees>59.80007645632878</LongitudeDegrees></Position></Trackpoint><Trackpoint><Time>2026-07-09T14:18:58.000Z</Time><Position><LatitudeDegrees>58.63945031937913</LatitudeDegrees><LongitudeDegrees>59.80001511105423</LongitudeDegrees></Position></Trackpoint><Trackpoint><Time>2026-07-09T14:18:59.000Z</Time><Position><LatitudeDegrees>58.63945164140527</LatitudeDegrees><LongitudeDegrees>59.79995304726748</LongitudeDegrees></Position></Trackpoint><Trackpoint><Time>2026-07-09T14:19:00.000Z</Time><Position><LatitudeDegrees>58.63945296380961</LatitudeDegrees><LongitudeDegrees>59.79989032998599</LongitudeDegrees></Position></Trackpoint><Trackpoint><Time>2026-07-09T14:19:01.000Z</Time><Position><LatitudeDegrees>58.63945362703048</LatitudeDegrees><LongitudeDegrees>59.79982706986119</LongitudeDegrees></Position></Trackpoint><Trackpoint><Time>2026-07-09T14:19:02.000Z</Time><Position><LatitudeDegrees>58.63945442326484</LatitudeDegrees><LongitudeDegrees>59.79976387174675</LongitudeDegrees></Position></Trackpoint><Trackpoint><Time>2026-07-09T14:19:03.000Z</Time><Position><LatitudeDegrees>58.6394546824725</LatitudeDegrees><LongitudeDegrees>59.79970097678265</LongitudeDegrees></Position></Trackpoint><Trackpoint><Time>2026-07-09T14:19:04.000Z</Time><Position><LatitudeDegrees>58.639454687245745</LatitudeDegrees><LongitudeDegrees>59.79963893498012</LongitudeDegrees></Position></Trackpoint><Trackpoint><Time>2026-07-09T14:19:05.000Z</Time><Position><LatitudeDegrees>58.639455076232395</LatitudeDegrees><LongitudeDegrees>59.79957688412888</LongitudeDegrees></Position></Trackpoint><Trackpoint><Time>2026-07-09T14:19:06.000Z</Time><Position><LatitudeDegrees>58.63945557352509</LatitudeDegrees><LongitudeDegrees>59.79951495991399</LongitudeDegrees></Position></Trackpoint><Trackpoint><Time>2026-07-09T14:19:07.000Z</Time><Position><LatitudeDegrees>58.639456541205675</LatitudeDegrees><LongitudeDegrees>59.799452712350885</LongitudeDegrees></Position></Trackpoint><Trackpoint><Time>2026-07-09T14:19:08.000Z</Time><Position><LatitudeDegrees>58.639457578407345</LatitudeDegrees><LongitudeDegrees>59.79938999762217</LongitudeDegrees></Position></Trackpoint><Trackpoint><Time>2026-07-09T14:19:09.000Z</Time><Position><LatitudeDegrees>58.63945851111685</LatitudeDegrees><LongitudeDegrees>59.79932877490152</LongitudeDegrees></Position></Trackpoint><Trackpoint><Time>2026-07-09T14:19:10.000Z</Time><Position><LatitudeDegrees>58.639459281081145</LatitudeDegrees><LongitudeDegrees>59.79926770110252</LongitudeDegrees></Position></Trackpoint><Trackpoint><Time>2026-07-09T14:19:11.000Z</Time><Position><LatitudeDegrees>58.63945939558717</LatitudeDegrees><LongitudeDegrees>59.79920669359417</LongitudeDegrees></Position></Trackpoint><Trackpoint><Time>2026-07-09T14:19:12.000Z</Time><Position><LatitudeDegrees>58.63945922545694</LatitudeDegrees><LongitudeDegrees>59.79914522022734</LongitudeDegrees></Position></Trackpoint><Trackpoint><Time>2026-07-09T14:19:13.000Z</Time><Position><LatitudeDegrees>58.639458959939965</LatitudeDegrees><LongitudeDegrees>59.799082632026874</LongitudeDegrees></Position></Trackpoint><Trackpoint><Time>2026-07-09T14:19:14.000Z</Time><Position><LatitudeDegrees>58.63945868921825</LatitudeDegrees><LongitudeDegrees>59.799019784031614</LongitudeDegrees></Position></Trackpoint><Trackpoint><Time>2026-07-09T14:19:15.000Z</Time><Position><LatitudeDegrees>58.6394589407104</LatitudeDegrees><LongitudeDegrees>59.798956572108715</LongitudeDegrees></Position></Trackpoint><Trackpoint><Time>2026-07-09T14:19:16.000Z</Time><Position><LatitudeDegrees>58.63945937498899</LatitudeDegrees><LongitudeDegrees>59.798893000082366</LongitudeDegrees></Position></Trackpoint><Trackpoint><Time>2026-07-09T14:19:17.000Z</Time><Position><LatitudeDegrees>58.63945933919551</LatitudeDegrees><LongitudeDegrees>59.79882813652499</LongitudeDegrees></Position></Trackpoint><Trackpoint><Time>2026-07-09T14:19:18.000Z</Time><Position><LatitudeDegrees>58.6394586247941</LatitudeDegrees><LongitudeDegrees>59.79876225322032</LongitudeDegrees></Position></Trackpoint><Trackpoint><Time>2026-07-09T14:19:19.000Z</Time><Position><LatitudeDegrees>58.63945772261165</LatitudeDegrees><LongitudeDegrees>59.798695103370356</LongitudeDegrees></Position></Trackpoint><Trackpoint><Time>2026-07-09T14:19:20.000Z</Time><Position><LatitudeDegrees>58.639456858888465</LatitudeDegrees><LongitudeDegrees>59.79862772711587</LongitudeDegrees></Position></Trackpoint><Trackpoint><Time>2026-07-09T14:19:21.000Z</Time><Position><LatitudeDegrees>58.63945563225103</LatitudeDegrees><LongitudeDegrees>59.79856107149081</LongitudeDegrees></Position></Trackpoint><Trackpoint><Time>2026-07-09T14:19:22.000Z</Time><Position><LatitudeDegrees>58.639453434369216</LatitudeDegrees><LongitudeDegrees>59.7984944548024</LongitudeDegrees></Position></Trackpoint><Trackpoint><Time>2026-07-09T14:19:23.000Z</Time><Position><LatitudeDegrees>58.63945160820201</LatitudeDegrees><LongitudeDegrees>59.79842759130937</LongitudeDegrees></Position></Trackpoint><Trackpoint><Time>2026-07-09T14:19:24.000Z</Time><Position><LatitudeDegrees>58.63945065911569</LatitudeDegrees><LongitudeDegrees>59.79836088462155</LongitudeDegrees></Position></Trackpoint><Trackpoint><Time>2026-07-09T14:19:25.000Z</Time><Position><LatitudeDegrees>58.639450193054316</LatitudeDegrees><LongitudeDegrees>59.79829497044384</LongitudeDegrees></Position></Trackpoint><Trackpoint><Time>2026-07-09T14:19:26.000Z</Time><Position><LatitudeDegrees>58.639449496126375</LatitudeDegrees><LongitudeDegrees>59.798229519252615</LongitudeDegrees></Position></Trackpoint><Trackpoint><Time>2026-07-09T14:19:27.000Z</Time><Position><LatitudeDegrees>58.63944879356953</LatitudeDegrees><LongitudeDegrees>59.798164335915445</LongitudeDegrees></Position></Trackpoint><Trackpoint><Time>2026-07-09T14:19:28.000Z</Time><Position><LatitudeDegrees>58.639447689256</LatitudeDegrees><LongitudeDegrees>59.798098816081016</LongitudeDegrees></Position></Trackpoint><Trackpoint><Time>2026-07-09T14:19:29.000Z</Time><Position><LatitudeDegrees>58.63944705083326</LatitudeDegrees><LongitudeDegrees>59.798033733267445</LongitudeDegrees></Position></Trackpoint><Trackpoint><Time>2026-07-09T14:19:30.000Z</Time><Position><LatitudeDegrees>58.63944668622048</LatitudeDegrees><LongitudeDegrees>59.79796886033371</LongitudeDegrees></Position></Trackpoint><Trackpoint><Time>2026-07-09T14:19:31.000Z</Time><Position><LatitudeDegrees>58.639446970779886</LatitudeDegrees><LongitudeDegrees>59.7979040767978</LongitudeDegrees></Position></Trackpoint><Trackpoint><Time>2026-07-09T14:19:32.000Z</Time><Position><LatitudeDegrees>58.63944748616728</LatitudeDegrees><LongitudeDegrees>59.7978383423459</LongitudeDegrees></Position></Trackpoint><Trackpoint><Time>2026-07-09T14:19:33.000Z</Time><Position><LatitudeDegrees>58.63944852007876</LatitudeDegrees><LongitudeDegrees>59.7977713505907</LongitudeDegrees></Position></Trackpoint><Trackpoint><Time>2026-07-09T14:19:34.000Z</Time><Position><LatitudeDegrees>58.63944914522416</LatitudeDegrees><LongitudeDegrees>59.79770509516716</LongitudeDegrees></Position></Trackpoint><Trackpoint><Time>2026-07-09T14:19:35.000Z</Time><Position><LatitudeDegrees>58.63944903217897</LatitudeDegrees><LongitudeDegrees>59.79763981300295</LongitudeDegrees></Position></Trackpoint><Trackpoint><Time>2026-07-09T14:19:36.000Z</Time><Position><LatitudeDegrees>58.639448140020846</LatitudeDegrees><LongitudeDegrees>59.797574007924574</LongitudeDegrees></Position></Trackpoint><Trackpoint><Time>2026-07-09T14:19:37.000Z</Time><Position><LatitudeDegrees>58.63944753111579</LatitudeDegrees><LongitudeDegrees>59.79750762048375</LongitudeDegrees></Position></Trackpoint><Trackpoint><Time>2026-07-09T14:19:38.000Z</Time><Position><LatitudeDegrees>58.63944662740522</LatitudeDegrees><LongitudeDegrees>59.797440700943035</LongitudeDegrees></Position></Trackpoint><Trackpoint><Time>2026-07-09T14:19:39.000Z</Time><Position><LatitudeDegrees>58.639447187105645</LatitudeDegrees><LongitudeDegrees>59.79737529673892</LongitudeDegrees></Position></Trackpoint><Trackpoint><Time>2026-07-09T14:19:40.000Z</Time><Position><LatitudeDegrees>58.63944876726144</LatitudeDegrees><LongitudeDegrees>59.7973130358041</LongitudeDegrees></Position></Trackpoint><Trackpoint><Time>2026-07-09T14:19:41.000Z</Time><Position><LatitudeDegrees>58.639451054474804</LatitudeDegrees><LongitudeDegrees>59.79725467475232</LongitudeDegrees></Position></Trackpoint><Trackpoint><Time>2026-07-09T14:19:42.000Z</Time><Position><LatitudeDegrees>58.639453339317676</LatitudeDegrees><LongitudeDegrees>59.79719953502763</LongitudeDegrees></Position></Trackpoint><Trackpoint><Time>2026-07-09T14:19:43.000Z</Time><Position><LatitudeDegrees>58.63945630914941</LatitudeDegrees><LongitudeDegrees>59.79714496528315</LongitudeDegrees></Position></Trackpoint><Trackpoint><Time>2026-07-09T14:19:44.000Z</Time><Position><LatitudeDegrees>58.639459179909</LatitudeDegrees><LongitudeDegrees>59.79708980044972</LongitudeDegrees></Position></Trackpoint><Trackpoint><Time>2026-07-09T14:19:45.000Z</Time><Position><LatitudeDegrees>58.63946213102034</LatitudeDegrees><LongitudeDegrees>59.79703363709176</LongitudeDegrees></Position></Trackpoint><Trackpoint><Time>2026-07-09T14:19:46.000Z</Time><Position><LatitudeDegrees>58.639465226063166</LatitudeDegrees><LongitudeDegrees>59.79697790605202</LongitudeDegrees></Position></Trackpoint><Trackpoint><Time>2026-07-09T14:19:47.000Z</Time><Position><LatitudeDegrees>58.63946798313771</LatitudeDegrees><LongitudeDegrees>59.79692265150126</LongitudeDegrees></Position></Trackpoint><Trackpoint><Time>2026-07-09T14:19:48.000Z</Time><Position><LatitudeDegrees>58.63947073676993</LatitudeDegrees><LongitudeDegrees>59.79686734086321</LongitudeDegrees></Position></Trackpoint><Trackpoint><Time>2026-07-09T14:19:49.000Z</Time><Position><LatitudeDegrees>58.63947362517057</LatitudeDegrees><LongitudeDegrees>59.796812251614526</LongitudeDegrees></Position></Trackpoint><Trackpoint><Time>2026-07-09T14:19:50.000Z</Time><Position><LatitudeDegrees>58.63947570874087</LatitudeDegrees><LongitudeDegrees>59.79675698000376</LongitudeDegrees></Position></Trackpoint><Trackpoint><Time>2026-07-09T14:19:51.000Z</Time><Position><LatitudeDegrees>58.63947670382149</LatitudeDegrees><LongitudeDegrees>59.7967018727691</LongitudeDegrees></Position></Trackpoint><Trackpoint><Time>2026-07-09T14:19:52.000Z</Time><Position><LatitudeDegrees>58.639476633298045</LatitudeDegrees><LongitudeDegrees>59.79664803083272</LongitudeDegrees></Position></Trackpoint><Trackpoint><Time>2026-07-09T14:19:53.000Z</Time><Position><LatitudeDegrees>58.63947564336428</LatitudeDegrees><LongitudeDegrees>59.796596234802585</LongitudeDegrees></Position></Trackpoint><Trackpoint><Time>2026-07-09T14:19:54.000Z</Time><Position><LatitudeDegrees>58.639474401843174</LatitudeDegrees><LongitudeDegrees>59.79654605395949</LongitudeDegrees></Position></Trackpoint><Trackpoint><Time>2026-07-09T14:19:55.000Z</Time><Position><LatitudeDegrees>58.639472726446755</LatitudeDegrees><LongitudeDegrees>59.79649661400147</LongitudeDegrees></Position></Trackpoint><Trackpoint><Time>2026-07-09T14:19:56.000Z</Time><Position><LatitudeDegrees>58.6394710874006</LatitudeDegrees><LongitudeDegrees>59.796446480549115</LongitudeDegrees></Position></Trackpoint><Trackpoint><Time>2026-07-09T14:19:57.000Z</Time><Position><LatitudeDegrees>58.639469673693796</LatitudeDegrees><LongitudeDegrees>59.796396131107336</LongitudeDegrees></Position></Trackpoint><Trackpoint><Time>2026-07-09T14:19:58.000Z</Time><Position><LatitudeDegrees>58.63946902384699</LatitudeDegrees><LongitudeDegrees>59.79634676927172</LongitudeDegrees></Position></Trackpoint><Trackpoint><Time>2026-07-09T14:19:59.000Z</Time><Position><LatitudeDegrees>58.63946877199007</LatitudeDegrees><LongitudeDegrees>59.79629778474409</LongitudeDegrees></Position></Trackpoint><Trackpoint><Time>2026-07-09T14:20:00.000Z</Time><Position><LatitudeDegrees>58.6394687163641</LatitudeDegrees><LongitudeDegrees>59.79624838814576</LongitudeDegrees></Position></Trackpoint><Trackpoint><Time>2026-07-09T14:20:01.000Z</Time><Position><LatitudeDegrees>58.639468259081475</LatitudeDegrees><LongitudeDegrees>59.79619879688355</LongitudeDegrees></Position></Trackpoint><Trackpoint><Time>2026-07-09T14:20:02.000Z</Time><Position><LatitudeDegrees>58.63946818468539</LatitudeDegrees><LongitudeDegrees>59.79614912547765</LongitudeDegrees></Position></Trackpoint><Trackpoint><Time>2026-07-09T14:20:03.000Z</Time><Position><LatitudeDegrees>58.639468277523385</LatitudeDegrees><LongitudeDegrees>59.79609943137759</LongitudeDegrees></Position></Trackpoint><Trackpoint><Time>2026-07-09T14:20:04.000Z</Time><Position><LatitudeDegrees>58.63946842731833</LatitudeDegrees><LongitudeDegrees>59.79604925154518</LongitudeDegrees></Position></Trackpoint><Trackpoint><Time>2026-07-09T14:20:05.000Z</Time><Position><LatitudeDegrees>58.63946907095471</LatitudeDegrees><LongitudeDegrees>59.795998947239454</LongitudeDegrees></Position></Trackpoint><Trackpoint><Time>2026-07-09T14:20:06.000Z</Time><Position><LatitudeDegrees>58.63946983536171</LatitudeDegrees><LongitudeDegrees>59.795948193604296</LongitudeDegrees></Position></Trackpoint><Trackpoint><Time>2026-07-09T14:20:07.000Z</Time><Position><LatitudeDegrees>58.63947055139559</LatitudeDegrees><LongitudeDegrees>59.79589691452386</LongitudeDegrees></Position></Trackpoint><Trackpoint><Time>2026-07-09T14:20:08.000Z</Time><Position><LatitudeDegrees>58.63947066599533</LatitudeDegrees><LongitudeDegrees>59.79584612531245</LongitudeDegrees></Position></Trackpoint><Trackpoint><Time>2026-07-09T14:20:09.000Z</Time><Position><LatitudeDegrees>58.63947051819573</LatitudeDegrees><LongitudeDegrees>59.79579569162579</LongitudeDegrees></Position></Trackpoint><Trackpoint><Time>2026-07-09T14:20:10.000Z</Time><Position><LatitudeDegrees>58.639470281301186</LatitudeDegrees><LongitudeDegrees>59.79574551250536</LongitudeDegrees></Position></Trackpoint><Trackpoint><Time>2026-07-09T14:20:11.000Z</Time><Position><LatitudeDegrees>58.63947003811943</LatitudeDegrees><LongitudeDegrees>59.79569502408928</LongitudeDegrees></Position></Trackpoint><Trackpoint><Time>2026-07-09T14:20:12.000Z</Time><Position><LatitudeDegrees>58.63947031317102</LatitudeDegrees><LongitudeDegrees>59.79564550268989</LongitudeDegrees></Position></Trackpoint><Trackpoint><Time>2026-07-09T14:20:13.000Z</Time><Position><LatitudeDegrees>58.63947125595654</LatitudeDegrees><LongitudeDegrees>59.79559734982004</LongitudeDegrees></Position></Trackpoint><Trackpoint><Time>2026-07-09T14:20:14.000Z</Time><Position><LatitudeDegrees>58.63947235273208</LatitudeDegrees><LongitudeDegrees>59.79555104479807</LongitudeDegrees></Position></Trackpoint><Trackpoint><Time>2026-07-09T14:20:15.000Z</Time><Position><LatitudeDegrees>58.63947386176697</LatitudeDegrees><LongitudeDegrees>59.7955055686335</LongitudeDegrees></Position></Trackpoint><Trackpoint><Time>2026-07-09T14:20:16.000Z</Time><Position><LatitudeDegrees>58.63947632612291</LatitudeDegrees><LongitudeDegrees>59.79546088490012</LongitudeDegrees></Position></Trackpoint><Trackpoint><Time>2026-07-09T14:20:17.000Z</Time><Position><LatitudeDegrees>58.63947984683679</LatitudeDegrees><LongitudeDegrees>59.79541736649968</LongitudeDegrees></Position></Trackpoint><Trackpoint><Time>2026-07-09T14:20:18.000Z</Time><Position><LatitudeDegrees>58.63948432993705</LatitudeDegrees><LongitudeDegrees>59.79537501743682</LongitudeDegrees></Position></Trackpoint><Trackpoint><Time>2026-07-09T14:20:19.000Z</Time><Position><LatitudeDegrees>58.639489123591595</LatitudeDegrees><LongitudeDegrees>59.795333199667475</LongitudeDegrees></Position></Trackpoint><Trackpoint><Time>2026-07-09T14:20:20.000Z</Time><Position><LatitudeDegrees>58.639493429884446</LatitudeDegrees><LongitudeDegrees>59.79529158223309</LongitudeDegrees></Position></Trackpoint><Trackpoint><Time>2026-07-09T14:20:21.000Z</Time><Position><LatitudeDegrees>58.63949698275933</LatitudeDegrees><LongitudeDegrees>59.7952495135106</LongitudeDegrees></Position></Trackpoint><Trackpoint><Time>2026-07-09T14:20:22.000Z</Time><Position><LatitudeDegrees>58.63949927973484</LatitudeDegrees><LongitudeDegrees>59.79520678306202</LongitudeDegrees></Position></Trackpoint><Trackpoint><Time>2026-07-09T14:20:23.000Z</Time><Position><LatitudeDegrees>58.63950027506517</LatitudeDegrees><LongitudeDegrees>59.7951624099323</LongitudeDegrees></Position></Trackpoint><Trackpoint><Time>2026-07-09T14:20:24.000Z</Time><Position><LatitudeDegrees>58.639499137753596</LatitudeDegrees><LongitudeDegrees>59.795116690577686</LongitudeDegrees></Position></Trackpoint><Trackpoint><Time>2026-07-09T14:20:25.000Z</Time><Position><LatitudeDegrees>58.639496778510576</LatitudeDegrees><LongitudeDegrees>59.79506991987467</LongitudeDegrees></Position></Trackpoint><Trackpoint><Time>2026-07-09T14:20:26.000Z</Time><Position><LatitudeDegrees>58.63949372923009</LatitudeDegrees><LongitudeDegrees>59.7950223542022</LongitudeDegrees></Position></Trackpoint><Trackpoint><Time>2026-07-09T14:20:27.000Z</Time><Position><LatitudeDegrees>58.63949029752907</LatitudeDegrees><LongitudeDegrees>59.794975180400044</LongitudeDegrees></Position></Trackpoint><Trackpoint><Time>2026-07-09T14:20:28.000Z</Time><Position><LatitudeDegrees>58.63948665917754</LatitudeDegrees><LongitudeDegrees>59.79492834734181</LongitudeDegrees></Position></Trackpoint><Trackpoint><Time>2026-07-09T14:20:29.000Z</Time><Position><LatitudeDegrees>58.63948291308674</LatitudeDegrees><LongitudeDegrees>59.79488276945922</LongitudeDegrees></Position></Trackpoint><Trackpoint><Time>2026-07-09T14:20:30.000Z</Time><Position><LatitudeDegrees>58.63947960343038</LatitudeDegrees><LongitudeDegrees>59.794837193414004</LongitudeDegrees></Position></Trackpoint><Trackpoint><Time>2026-07-09T14:20:31.000Z</Time><Position><LatitudeDegrees>58.63947640869105</LatitudeDegrees><LongitudeDegrees>59.794791592414455</LongitudeDegrees></Position></Trackpoint><Trackpoint><Time>2026-07-09T14:20:32.000Z</Time><Position><LatitudeDegrees>58.63947367131835</LatitudeDegrees><LongitudeDegrees>59.79474693785095</LongitudeDegrees></Position></Trackpoint><Trackpoint><Time>2026-07-09T14:20:33.000Z</Time><Position><LatitudeDegrees>58.63947147364211</LatitudeDegrees><LongitudeDegrees>59.794703018690186</LongitudeDegrees></Position></Trackpoint><Trackpoint><Time>2026-07-09T14:20:34.000Z</Time><Position><LatitudeDegrees>58.639470269909914</LatitudeDegrees><LongitudeDegrees>59.79465965363377</LongitudeDegrees></Position></Trackpoint><Trackpoint><Time>2026-07-09T14:20:35.000Z</Time><Position><LatitudeDegrees>58.63947011962484</LatitudeDegrees><LongitudeDegrees>59.794616696898544</LongitudeDegrees></Position></Trackpoint><Trackpoint><Time>2026-07-09T14:20:36.000Z</Time><Position><LatitudeDegrees>58.6394709120839</LatitudeDegrees><LongitudeDegrees>59.79457452564934</LongitudeDegrees></Position></Trackpoint><Trackpoint><Time>2026-07-09T14:20:37.000Z</Time><Position><LatitudeDegrees>58.639472480696135</LatitudeDegrees><LongitudeDegrees>59.79453368400989</LongitudeDegrees></Position></Trackpoint><Trackpoint><Time>2026-07-09T14:20:38.000Z</Time><Position><LatitudeDegrees>58.63947514684636</LatitudeDegrees><LongitudeDegrees>59.79449422541511</LongitudeDegrees></Position></Trackpoint><Trackpoint><Time>2026-07-09T14:20:39.000Z</Time><Position><LatitudeDegrees>58.6394784124136</LatitudeDegrees><LongitudeDegrees>59.79445403591709</LongitudeDegrees></Position></Trackpoint><Trackpoint><Time>2026-07-09T14:20:40.000Z</Time><Position><LatitudeDegrees>58.639482974542005</LatitudeDegrees><LongitudeDegrees>59.79441038028946</LongitudeDegrees></Position></Trackpoint><Trackpoint><Time>2026-07-09T14:20:41.000Z</Time><Position><LatitudeDegrees>58.639486505874025</LatitudeDegrees><LongitudeDegrees>59.79436404577912</LongitudeDegrees></Position></Trackpoint><Trackpoint><Time>2026-07-09T14:20:42.000Z</Time><Position><LatitudeDegrees>58.63948866983798</LatitudeDegrees><LongitudeDegrees>59.79431667965237</LongitudeDegrees></Position></Trackpoint><Trackpoint><Time>2026-07-09T14:20:43.000Z</Time><Position><LatitudeDegrees>58.63948999293267</LatitudeDegrees><LongitudeDegrees>59.79426909271481</LongitudeDegrees></Position></Trackpoint><Trackpoint><Time>2026-07-09T14:20:44.000Z</Time><Position><LatitudeDegrees>58.63949079991215</LatitudeDegrees><LongitudeDegrees>59.794220178392116</LongitudeDegrees></Position></Trackpoint><Trackpoint><Time>2026-07-09T14:20:45.000Z</Time><Position><LatitudeDegrees>58.63949080115297</LatitudeDegrees><LongitudeDegrees>59.794170630549175</LongitudeDegrees></Position></Trackpoint><Trackpoint><Time>2026-07-09T14:20:46.000Z</Time><Position><LatitudeDegrees>58.639490470404475</LatitudeDegrees><LongitudeDegrees>59.79412081625405</LongitudeDegrees></Position></Trackpoint><Trackpoint><Time>2026-07-09T14:20:47.000Z</Time><Position><LatitudeDegrees>58.639489066161545</LatitudeDegrees><LongitudeDegrees>59.79407141048697</LongitudeDegrees></Position></Trackpoint><Trackpoint><Time>2026-07-09T14:20:48.000Z</Time><Position><LatitudeDegrees>58.639487400050264</LatitudeDegrees><LongitudeDegrees>59.79402068035087</LongitudeDegrees></Position></Trackpoint><Trackpoint><Time>2026-07-09T14:20:49.000Z</Time><Position><LatitudeDegrees>58.63948583993572</LatitudeDegrees><LongitudeDegrees>59.79397004060419</LongitudeDegrees></Position></Trackpoint><Trackpoint><Time>2026-07-09T14:20:50.000Z</Time><Position><LatitudeDegrees>58.63948452371251</LatitudeDegrees><LongitudeDegrees>59.793918593458415</LongitudeDegrees></Position></Trackpoint><Trackpoint><Time>2026-07-09T14:20:51.000Z</Time><Position><LatitudeDegrees>58.63948298725652</LatitudeDegrees><LongitudeDegrees>59.79386607280276</LongitudeDegrees></Position></Trackpoint><Trackpoint><Time>2026-07-09T14:20:52.000Z</Time><Position><LatitudeDegrees>58.63948204691375</LatitudeDegrees><LongitudeDegrees>59.793812996437914</LongitudeDegrees></Position></Trackpoint><Trackpoint><Time>2026-07-09T14:20:53.000Z</Time><Position><LatitudeDegrees>58.63948098315123</LatitudeDegrees><LongitudeDegrees>59.793759648935904</LongitudeDegrees></Position></Trackpoint><Trackpoint><Time>2026-07-09T14:20:54.000Z</Time><Position><LatitudeDegrees>58.63948000509266</LatitudeDegrees><LongitudeDegrees>59.79370520307179</LongitudeDegrees></Position></Trackpoint><Trackpoint><Time>2026-07-09T14:20:55.000Z</Time><Position><LatitudeDegrees>58.63947918786216</LatitudeDegrees><LongitudeDegrees>59.79364896952924</LongitudeDegrees></Position></Trackpoint><Trackpoint><Time>2026-07-09T14:20:56.000Z</Time><Position><LatitudeDegrees>58.639478052145705</LatitudeDegrees><LongitudeDegrees>59.79359089387063</LongitudeDegrees></Position></Trackpoint><Trackpoint><Time>2026-07-09T14:20:57.000Z</Time><Position><LatitudeDegrees>58.63947742064422</LatitudeDegrees><LongitudeDegrees>59.79353070049891</LongitudeDegrees></Position></Trackpoint><Trackpoint><Time>2026-07-09T14:20:58.000Z</Time><Position><LatitudeDegrees>58.63947707784753</LatitudeDegrees><LongitudeDegrees>59.793468058108694</LongitudeDegrees></Position></Trackpoint><Trackpoint><Time>2026-07-09T14:20:59.000Z</Time><Position><LatitudeDegrees>58.639476897946544</LatitudeDegrees><LongitudeDegrees>59.793402654974564</LongitudeDegrees></Position></Trackpoint><Trackpoint><Time>2026-07-09T14:21:00.000Z</Time><Position><LatitudeDegrees>58.63947680822146</LatitudeDegrees><LongitudeDegrees>59.7933347170549</LongitudeDegrees></Position></Trackpoint><Trackpoint><Time>2026-07-09T14:21:01.000Z</Time><Position><LatitudeDegrees>58.639477256760514</LatitudeDegrees><LongitudeDegrees>59.79326319391092</LongitudeDegrees></Position></Trackpoint><Trackpoint><Time>2026-07-09T14:21:02.000Z</Time><Position><LatitudeDegrees>58.63947737979476</LatitudeDegrees><LongitudeDegrees>59.79318811309503</LongitudeDegrees></Position></Trackpoint><Trackpoint><Time>2026-07-09T14:21:03.000Z</Time><Position><LatitudeDegrees>58.639476863373396</LatitudeDegrees><LongitudeDegrees>59.7931094529654</LongitudeDegrees></Position></Trackpoint><Trackpoint><Time>2026-07-09T14:21:04.000Z</Time><Position><LatitudeDegrees>58.639476149884786</LatitudeDegrees><LongitudeDegrees>59.79302766400872</LongitudeDegrees></Position></Trackpoint><Trackpoint><Time>2026-07-09T14:21:05.000Z</Time><Position><LatitudeDegrees>58.63947495720188</LatitudeDegrees><LongitudeDegrees>59.79294235410939</LongitudeDegrees></Position></Trackpoint><Trackpoint><Time>2026-07-09T14:21:06.000Z</Time><Position><LatitudeDegrees>58.639474209860445</LatitudeDegrees><LongitudeDegrees>59.79285430329943</LongitudeDegrees></Position></Trackpoint><Trackpoint><Time>2026-07-09T14:21:07.000Z</Time><Position><LatitudeDegrees>58.63947374184562</LatitudeDegrees><LongitudeDegrees>59.79276271578189</LongitudeDegrees></Position></Trackpoint><Trackpoint><Time>2026-07-09T14:21:08.000Z</Time><Position><LatitudeDegrees>58.6394734489358</LatitudeDegrees><LongitudeDegrees>59.792667717752124</LongitudeDegrees></Position></Trackpoint><Trackpoint><Time>2026-07-09T14:21:09.000Z</Time><Position><LatitudeDegrees>58.639474244955835</LatitudeDegrees><LongitudeDegrees>59.79257028852628</LongitudeDegrees></Position></Trackpoint><Trackpoint><Time>2026-07-09T14:21:10.000Z</Time><Position><LatitudeDegrees>58.63947587687615</LatitudeDegrees><LongitudeDegrees>59.79247065384912</LongitudeDegrees></Position></Trackpoint><Trackpoint><Time>2026-07-09T14:21:11.000Z</Time><Position><LatitudeDegrees>58.639477643593565</LatitudeDegrees><LongitudeDegrees>59.7923687001456</LongitudeDegrees></Position></Trackpoint><Trackpoint><Time>2026-07-09T14:21:12.000Z</Time><Position><LatitudeDegrees>58.63947923906942</LatitudeDegrees><LongitudeDegrees>59.79226418867462</LongitudeDegrees></Position></Trackpoint><Trackpoint><Time>2026-07-09T14:21:13.000Z</Time><Position><LatitudeDegrees>58.63948055924539</LatitudeDegrees><LongitudeDegrees>59.792158328621454</LongitudeDegrees></Position></Trackpoint><Trackpoint><Time>2026-07-09T14:21:14.000Z</Time><Position><LatitudeDegrees>58.63948208621171</LatitudeDegrees><LongitudeDegrees>59.7920517910574</LongitudeDegrees></Position></Trackpoint><Trackpoint><Time>2026-07-09T14:21:15.000Z</Time><Position><LatitudeDegrees>58.63948350235737</LatitudeDegrees><LongitudeDegrees>59.79194444969888</LongitudeDegrees></Position></Trackpoint><Trackpoint><Time>2026-07-09T14:21:16.000Z</Time><Position><LatitudeDegrees>58.63948518071386</LatitudeDegrees><LongitudeDegrees>59.791838803757</LongitudeDegrees></Position></Trackpoint><Trackpoint><Time>2026-07-09T14:21:17.000Z</Time><Position><LatitudeDegrees>58.639486751643005</LatitudeDegrees><LongitudeDegrees>59.79173517527546</LongitudeDegrees></Position></Trackpoint><Trackpoint><Time>2026-07-09T14:21:18.000Z</Time><Position><LatitudeDegrees>58.6394880767036</LatitudeDegrees><LongitudeDegrees>59.79163343794462</LongitudeDegrees></Position></Trackpoint><Trackpoint><Time>2026-07-09T14:21:19.000Z</Time><Position><LatitudeDegrees>58.63948864082719</LatitudeDegrees><LongitudeDegrees>59.79153378663023</LongitudeDegrees></Position></Trackpoint><Trackpoint><Time>2026-07-09T14:21:20.000Z</Time><Position><LatitudeDegrees>58.6394878399459</LatitudeDegrees><LongitudeDegrees>59.79143603384747</LongitudeDegrees></Position></Trackpoint><Trackpoint><Time>2026-07-09T14:21:21.000Z</Time><Position><LatitudeDegrees>58.63948609009137</LatitudeDegrees><LongitudeDegrees>59.79133985871016</LongitudeDegrees></Position></Trackpoint><Trackpoint><Time>2026-07-09T14:21:22.000Z</Time><Position><LatitudeDegrees>58.63948417400918</LatitudeDegrees><LongitudeDegrees>59.791246395410134</LongitudeDegrees></Position></Trackpoint><Trackpoint><Time>2026-07-09T14:21:23.000Z</Time><Position><LatitudeDegrees>58.639481456173925</LatitudeDegrees><LongitudeDegrees>59.79115674220644</LongitudeDegrees></Position></Trackpoint><Trackpoint><Time>2026-07-09T14:21:24.000Z</Time><Position><LatitudeDegrees>58.63947777775881</LatitudeDegrees><LongitudeDegrees>59.791072331210536</LongitudeDegrees></Position></Trackpoint><Trackpoint><Time>2026-07-09T14:21:25.000Z</Time><Position><LatitudeDegrees>58.639473196642655</LatitudeDegrees><LongitudeDegrees>59.79099161055239</LongitudeDegrees></Position></Trackpoint><Trackpoint><Time>2026-07-09T14:21:26.000Z</Time><Position><LatitudeDegrees>58.63946932135405</LatitudeDegrees><LongitudeDegrees>59.790914446692135</LongitudeDegrees></Position></Trackpoint><Trackpoint><Time>2026-07-09T14:21:27.000Z</Time><Position><LatitudeDegrees>58.63946770296805</LatitudeDegrees><LongitudeDegrees>59.79084032812399</LongitudeDegrees></Position></Trackpoint><Trackpoint><Time>2026-07-09T14:21:28.000Z</Time><Position><LatitudeDegrees>58.63946820098843</LatitudeDegrees><LongitudeDegrees>59.7907691429448</LongitudeDegrees></Position></Trackpoint><Trackpoint><Time>2026-07-09T14:21:29.000Z</Time><Position><LatitudeDegrees>58.63947048591662</LatitudeDegrees><LongitudeDegrees>59.79069948935183</LongitudeDegrees></Position></Trackpoint><Trackpoint><Time>2026-07-09T14:21:30.000Z</Time><Position><LatitudeDegrees>58.63947321348595</LatitudeDegrees><LongitudeDegrees>59.79063059345921</LongitudeDegrees></Position></Trackpoint><Trackpoint><Time>2026-07-09T14:21:31.000Z</Time><Position><LatitudeDegrees>58.63947577327028</LatitudeDegrees><LongitudeDegrees>59.79056252891586</LongitudeDegrees></Position></Trackpoint><Trackpoint><Time>2026-07-09T14:21:32.000Z</Time><Position><LatitudeDegrees>58.639477935410696</LatitudeDegrees><LongitudeDegrees>59.79049570896105</LongitudeDegrees></Position></Trackpoint><Trackpoint><Time>2026-07-09T14:21:33.000Z</Time><Position><LatitudeDegrees>58.63948014589126</LatitudeDegrees><LongitudeDegrees>59.79043063365007</LongitudeDegrees></Position></Trackpoint><Trackpoint><Time>2026-07-09T14:21:34.000Z</Time><Position><LatitudeDegrees>58.63948209256808</LatitudeDegrees><LongitudeDegrees>59.790368264221186</LongitudeDegrees></Position></Trackpoint><Trackpoint><Time>2026-07-09T14:21:35.000Z</Time><Position><LatitudeDegrees>58.6394836807487</LatitudeDegrees><LongitudeDegrees>59.79030962846976</LongitudeDegrees></Position></Trackpoint><Trackpoint><Time>2026-07-09T14:21:36.000Z</Time><Position><LatitudeDegrees>58.639484427837424</LatitudeDegrees><LongitudeDegrees>59.79025418085371</LongitudeDegrees></Position></Trackpoint><Trackpoint><Time>2026-07-09T14:21:37.000Z</Time><Position><LatitudeDegrees>58.63948473264876</LatitudeDegrees><LongitudeDegrees>59.790202266729516</LongitudeDegrees></Position></Trackpoint><Trackpoint><Time>2026-07-09T14:21:38.000Z</Time><Position><LatitudeDegrees>58.639484326582824</LatitudeDegrees><LongitudeDegrees>59.79015406441878</LongitudeDegrees></Position></Trackpoint><Trackpoint><Time>2026-07-09T14:21:39.000Z</Time><Position><LatitudeDegrees>58.639483679871866</LatitudeDegrees><LongitudeDegrees>59.790108681344016</LongitudeDegrees></Position></Trackpoint><Trackpoint><Time>2026-07-09T14:21:40.000Z</Time><Position><LatitudeDegrees>58.63948252744902</LatitudeDegrees><LongitudeDegrees>59.79006587767801</LongitudeDegrees></Position></Trackpoint><Trackpoint><Time>2026-07-09T14:21:41.000Z</Time><Position><LatitudeDegrees>58.63948131466888</LatitudeDegrees><LongitudeDegrees>59.790025713199334</LongitudeDegrees></Position></Trackpoint><Trackpoint><Time>2026-07-09T14:21:42.000Z</Time><Position><LatitudeDegrees>58.63947974307947</LatitudeDegrees><LongitudeDegrees>59.78998885301232</LongitudeDegrees></Position></Trackpoint><Trackpoint><Time>2026-07-09T14:21:43.000Z</Time><Position><LatitudeDegrees>58.63947773582094</LatitudeDegrees><LongitudeDegrees>59.78995661576015</LongitudeDegrees></Position></Trackpoint><Trackpoint><Time>2026-07-09T14:21:44.000Z</Time><Position><LatitudeDegrees>58.63947629637855</LatitudeDegrees><LongitudeDegrees>59.78993090959983</LongitudeDegrees></Position></Trackpoint><Trackpoint><Time>2026-07-09T14:21:45.000Z</Time><Position><LatitudeDegrees>58.6394737349623</LatitudeDegrees><LongitudeDegrees>59.78990542391895</LongitudeDegrees></Position></Trackpoint><Trackpoint><Time>2026-07-09T14:21:46.000Z</Time><Position><LatitudeDegrees>58.63947265254131</LatitudeDegrees><LongitudeDegrees>59.78989483726491</LongitudeDegrees></Position></Trackpoint><Trackpoint><Time>2026-07-09T14:21:47.000Z</Time><Position><LatitudeDegrees>58.639471267187865</LatitudeDegrees><LongitudeDegrees>59.789886466329854</LongitudeDegrees></Position></Trackpoint><Trackpoint><Time>2026-07-09T14:21:48.000Z</Time><Position><LatitudeDegrees>58.63947050751725</LatitudeDegrees><LongitudeDegrees>59.78987826943103</LongitudeDegrees></Position></Trackpoint><Trackpoint><Time>2026-07-09T14:21:50.000Z</Time><Position><LatitudeDegrees>58.639468914990545</LatitudeDegrees><LongitudeDegrees>59.78986728001683</LongitudeDegrees></Position></Trackpoint><Trackpoint><Time>2026-07-09T14:21:51.000Z</Time><Position><LatitudeDegrees>58.63947045633634</LatitudeDegrees><LongitudeDegrees>59.78987385832339</LongitudeDegrees></Position></Trackpoint><Trackpoint><Time>2026-07-09T14:21:53.000Z</Time><Position><LatitudeDegrees>58.63947135380359</LatitudeDegrees><LongitudeDegrees>59.78986881169415</LongitudeDegrees></Position></Trackpoint><Trackpoint><Time>2026-07-09T14:21:55.000Z</Time><Position><LatitudeDegrees>58.639469928324644</LatitudeDegrees><LongitudeDegrees>59.78985554106055</LongitudeDegrees></Position></Trackpoint><Trackpoint><Time>2026-07-09T14:21:56.000Z</Time><Position><LatitudeDegrees>58.63947074279829</LatitudeDegrees><LongitudeDegrees>59.78985823545099</LongitudeDegrees></Position></Trackpoint><Trackpoint><Time>2026-07-09T14:21:57.000Z</Time><Position><LatitudeDegrees>58.63946979670217</LatitudeDegrees><LongitudeDegrees>59.78984183671479</LongitudeDegrees></Position></Trackpoint><Trackpoint><Time>2026-07-09T14:21:58.000Z</Time><Position><LatitudeDegrees>58.63946883403449</LatitudeDegrees><LongitudeDegrees>59.789819759117954</LongitudeDegrees></Position></Trackpoint><Trackpoint><Time>2026-07-09T14:21:59.000Z</Time><Position><LatitudeDegrees>58.63946798809902</LatitudeDegrees><LongitudeDegrees>59.789791321854395</LongitudeDegrees></Position></Trackpoint><Trackpoint><Time>2026-07-09T14:22:00.000Z</Time><Position><LatitudeDegrees>58.63946876764417</LatitudeDegrees><LongitudeDegrees>59.78975706079906</LongitudeDegrees></Position></Trackpoint><Trackpoint><Time>2026-07-09T14:22:01.000Z</Time><Position><LatitudeDegrees>58.639470116563</LatitudeDegrees><LongitudeDegrees>59.789716475286134</LongitudeDegrees></Position></Trackpoint><Trackpoint><Time>2026-07-09T14:22:02.000Z</Time><Position><LatitudeDegrees>58.6394715268372</LatitudeDegrees><LongitudeDegrees>59.78967115008052</LongitudeDegrees></Position></Trackpoint><Trackpoint><Time>2026-07-09T14:22:03.000Z</Time><Position><LatitudeDegrees>58.63947278137304</LatitudeDegrees><LongitudeDegrees>59.789622346173644</LongitudeDegrees></Position></Trackpoint><Trackpoint><Time>2026-07-09T14:22:04.000Z</Time><Position><LatitudeDegrees>58.63947381075285</LatitudeDegrees><LongitudeDegrees>59.789570050148626</LongitudeDegrees></Position></Trackpoint><Trackpoint><Time>2026-07-09T14:22:05.000Z</Time><Position><LatitudeDegrees>58.63947510489717</LatitudeDegrees><LongitudeDegrees>59.78951519429864</LongitudeDegrees></Position></Trackpoint><Trackpoint><Time>2026-07-09T14:22:06.000Z</Time><Position><LatitudeDegrees>58.63947683158951</LatitudeDegrees><LongitudeDegrees>59.789458001512145</LongitudeDegrees></Position></Trackpoint><Trackpoint><Time>2026-07-09T14:22:07.000Z</Time><Position><LatitudeDegrees>58.6394785148012</LatitudeDegrees><LongitudeDegrees>59.789398863524305</LongitudeDegrees></Position></Trackpoint><Trackpoint><Time>2026-07-09T14:22:08.000Z</Time><Position><LatitudeDegrees>58.63947996406843</LatitudeDegrees><LongitudeDegrees>59.789337701717756</LongitudeDegrees></Position></Trackpoint><Trackpoint><Time>2026-07-09T14:22:09.000Z</Time><Position><LatitudeDegrees>58.639481130978275</LatitudeDegrees><LongitudeDegrees>59.789274743469306</LongitudeDegrees></Position></Trackpoint><Trackpoint><Time>2026-07-09T14:22:10.000Z</Time><Position><LatitudeDegrees>58.63948203183283</LatitudeDegrees><LongitudeDegrees>59.789208844159056</LongitudeDegrees></Position></Trackpoint><Trackpoint><Time>2026-07-09T14:22:11.000Z</Time><Position><LatitudeDegrees>58.63948270749361</LatitudeDegrees><LongitudeDegrees>59.78913990987519</LongitudeDegrees></Position></Trackpoint><Trackpoint><Time>2026-07-09T14:22:12.000Z</Time><Position><LatitudeDegrees>58.639482714081446</LatitudeDegrees><LongitudeDegrees>59.78906829147595</LongitudeDegrees></Position></Trackpoint><Trackpoint><Time>2026-07-09T14:22:13.000Z</Time><Position><LatitudeDegrees>58.639482444277185</LatitudeDegrees><LongitudeDegrees>59.78899496756924</LongitudeDegrees></Position></Trackpoint><Trackpoint><Time>2026-07-09T14:22:14.000Z</Time><Position><LatitudeDegrees>58.63948209527441</LatitudeDegrees><LongitudeDegrees>59.78892056007771</LongitudeDegrees></Position></Trackpoint><Trackpoint><Time>2026-07-09T14:22:15.000Z</Time><Position><LatitudeDegrees>58.63948175844902</LatitudeDegrees><LongitudeDegrees>59.78884595381696</LongitudeDegrees></Position></Trackpoint><Trackpoint><Time>2026-07-09T14:22:16.000Z</Time><Position><LatitudeDegrees>58.639481959480335</LatitudeDegrees><LongitudeDegrees>59.78877202830589</LongitudeDegrees></Position></Trackpoint><Trackpoint><Time>2026-07-09T14:22:17.000Z</Time><Position><LatitudeDegrees>58.63948235621691</LatitudeDegrees><LongitudeDegrees>59.788698568775914</LongitudeDegrees></Position></Trackpoint><Trackpoint><Time>2026-07-09T14:22:18.000Z</Time><Position><LatitudeDegrees>58.6394827826309</LatitudeDegrees><LongitudeDegrees>59.78862444774895</LongitudeDegrees></Position></Trackpoint><Trackpoint><Time>2026-07-09T14:22:19.000Z</Time><Position><LatitudeDegrees>58.63948316653745</LatitudeDegrees><LongitudeDegrees>59.78854977540469</LongitudeDegrees></Position></Trackpoint><Trackpoint><Time>2026-07-09T14:22:20.000Z</Time><Position><LatitudeDegrees>58.63948348366419</LatitudeDegrees><LongitudeDegrees>59.78847564710078</LongitudeDegrees></Position></Trackpoint><Trackpoint><Time>2026-07-09T14:22:21.000Z</Time><Position><LatitudeDegrees>58.63948373258605</LatitudeDegrees><LongitudeDegrees>59.78840195450466</LongitudeDegrees></Position></Trackpoint><Trackpoint><Time>2026-07-09T14:22:22.000Z</Time><Position><LatitudeDegrees>58.639483431859496</LatitudeDegrees><LongitudeDegrees>59.78832859707891</LongitudeDegrees></Position></Trackpoint><Trackpoint><Time>2026-07-09T14:22:23.000Z</Time><Position><LatitudeDegrees>58.63948294336719</LatitudeDegrees><LongitudeDegrees>59.78825549040028</LongitudeDegrees></Position></Trackpoint><Trackpoint><Time>2026-07-09T14:22:24.000Z</Time><Position><LatitudeDegrees>58.639482440243945</LatitudeDegrees><LongitudeDegrees>59.788182567517445</LongitudeDegrees></Position></Trackpoint><Trackpoint><Time>2026-07-09T14:22:25.000Z</Time><Position><LatitudeDegrees>58.63948150605967</LatitudeDegrees><LongitudeDegrees>59.78810879804646</LongitudeDegrees></Position></Trackpoint><Trackpoint><Time>2026-07-09T14:22:26.000Z</Time><Position><LatitudeDegrees>58.639481003861846</LatitudeDegrees><LongitudeDegrees>59.78803435590979</LongitudeDegrees></Position></Trackpoint><Trackpoint><Time>2026-07-09T14:22:27.000Z</Time><Position><LatitudeDegrees>58.63948074402678</LatitudeDegrees><LongitudeDegrees>59.78795939907012</LongitudeDegrees></Position></Trackpoint><Trackpoint><Time>2026-07-09T14:22:28.000Z</Time><Position><LatitudeDegrees>58.63948061735422</LatitudeDegrees><LongitudeDegrees>59.7878840586431</LongitudeDegrees></Position></Trackpoint><Trackpoint><Time>2026-07-09T14:22:29.000Z</Time><Position><LatitudeDegrees>58.639480561780644</LatitudeDegrees><LongitudeDegrees>59.7878084378594</LongitudeDegrees></Position></Trackpoint><Trackpoint><Time>2026-07-09T14:22:30.000Z</Time><Position><LatitudeDegrees>58.639480053010175</LatitudeDegrees><LongitudeDegrees>59.78773359443743</LongitudeDegrees></Position></Trackpoint><Trackpoint><Time>2026-07-09T14:22:31.000Z</Time><Position><LatitudeDegrees>58.63947942289803</LatitudeDegrees><LongitudeDegrees>59.78765937459708</LongitudeDegrees></Position></Trackpoint><Trackpoint><Time>2026-07-09T14:22:32.000Z</Time><Position><LatitudeDegrees>58.63947882368727</LatitudeDegrees><LongitudeDegrees>59.787585145360204</LongitudeDegrees></Position></Trackpoint><Trackpoint><Time>2026-07-09T14:22:33.000Z</Time><Position><LatitudeDegrees>58.63947831411053</LatitudeDegrees><LongitudeDegrees>59.78751162647257</LongitudeDegrees></Position></Trackpoint><Trackpoint><Time>2026-07-09T14:22:34.000Z</Time><Position><LatitudeDegrees>58.63947790685147</LatitudeDegrees><LongitudeDegrees>59.78743951278784</LongitudeDegrees></Position></Trackpoint><Trackpoint><Time>2026-07-09T14:22:35.000Z</Time><Position><LatitudeDegrees>58.63947759400133</LatitudeDegrees><LongitudeDegrees>59.78736939972489</LongitudeDegrees></Position></Trackpoint><Trackpoint><Time>2026-07-09T14:22:36.000Z</Time><Position><LatitudeDegrees>58.639477360185765</LatitudeDegrees><LongitudeDegrees>59.78730078610966</LongitudeDegrees></Position></Trackpoint><Trackpoint><Time>2026-07-09T14:22:37.000Z</Time><Position><LatitudeDegrees>58.639476699318536</LatitudeDegrees><LongitudeDegrees>59.78723327309013</LongitudeDegrees></Position></Trackpoint><Trackpoint><Time>2026-07-09T14:22:38.000Z</Time><Position><LatitudeDegrees>58.639475947398495</LatitudeDegrees><LongitudeDegrees>59.78716606553531</LongitudeDegrees></Position></Trackpoint><Trackpoint><Time>2026-07-09T14:22:39.000Z</Time><Position><LatitudeDegrees>58.63947525448767</LatitudeDegrees><LongitudeDegrees>59.78709977599906</LongitudeDegrees></Position></Trackpoint><Trackpoint><Time>2026-07-09T14:22:40.000Z</Time><Position><LatitudeDegrees>58.63947467481287</LatitudeDegrees><LongitudeDegrees>59.78703404931457</LongitudeDegrees></Position></Trackpoint><Trackpoint><Time>2026-07-09T14:22:41.000Z</Time><Position><LatitudeDegrees>58.639473726562194</LatitudeDegrees><LongitudeDegrees>59.786968177360514</LongitudeDegrees></Position></Trackpoint><Trackpoint><Time>2026-07-09T14:22:42.000Z</Time><Position><LatitudeDegrees>58.639473727447466</LatitudeDegrees><LongitudeDegrees>59.786901887154045</LongitudeDegrees></Position></Trackpoint><Trackpoint><Time>2026-07-09T14:22:43.000Z</Time><Position><LatitudeDegrees>58.63947460871557</LatitudeDegrees><LongitudeDegrees>59.78683707839626</LongitudeDegrees></Position></Trackpoint><Trackpoint><Time>2026-07-09T14:22:44.000Z</Time><Position><LatitudeDegrees>58.639476229055866</LatitudeDegrees><LongitudeDegrees>59.786772874473876</LongitudeDegrees></Position></Trackpoint><Trackpoint><Time>2026-07-09T14:22:45.000Z</Time><Position><LatitudeDegrees>58.63947843541313</LatitudeDegrees><LongitudeDegrees>59.78670981595983</LongitudeDegrees></Position></Trackpoint><Trackpoint><Time>2026-07-09T14:22:46.000Z</Time><Position><LatitudeDegrees>58.639481089539736</LatitudeDegrees><LongitudeDegrees>59.786647488858044</LongitudeDegrees></Position></Trackpoint><Trackpoint><Time>2026-07-09T14:22:47.000Z</Time><Position><LatitudeDegrees>58.639483097808935</LatitudeDegrees><LongitudeDegrees>59.78658464957423</LongitudeDegrees></Position></Trackpoint><Trackpoint><Time>2026-07-09T14:22:48.000Z</Time><Position><LatitudeDegrees>58.639484582334205</LatitudeDegrees><LongitudeDegrees>59.786520851692586</LongitudeDegrees></Position></Trackpoint><Trackpoint><Time>2026-07-09T14:22:49.000Z</Time><Position><LatitudeDegrees>58.63948517101707</LatitudeDegrees><LongitudeDegrees>59.78645505517753</LongitudeDegrees></Position></Trackpoint><Trackpoint><Time>2026-07-09T14:22:50.000Z</Time><Position><LatitudeDegrees>58.639485315205604</LatitudeDegrees><LongitudeDegrees>59.786387577839925</LongitudeDegrees></Position></Trackpoint><Trackpoint><Time>2026-07-09T14:22:51.000Z</Time><Position><LatitudeDegrees>58.63948427860893</LatitudeDegrees><LongitudeDegrees>59.78631778707467</LongitudeDegrees></Position></Trackpoint><Trackpoint><Time>2026-07-09T14:22:52.000Z</Time><Position><LatitudeDegrees>58.639481909549914</LatitudeDegrees><LongitudeDegrees>59.78624620888945</LongitudeDegrees></Position></Trackpoint><Trackpoint><Time>2026-07-09T14:22:53.000Z</Time><Position><LatitudeDegrees>58.6394792958036</LatitudeDegrees><LongitudeDegrees>59.78617377893504</LongitudeDegrees></Position></Trackpoint><Trackpoint><Time>2026-07-09T14:22:54.000Z</Time><Position><LatitudeDegrees>58.63947789597852</LatitudeDegrees><LongitudeDegrees>59.78610197108814</LongitudeDegrees></Position></Trackpoint><Trackpoint><Time>2026-07-09T14:22:55.000Z</Time><Position><LatitudeDegrees>58.63947766536274</LatitudeDegrees><LongitudeDegrees>59.7860318021044</LongitudeDegrees></Position></Trackpoint><Trackpoint><Time>2026-07-09T14:22:56.000Z</Time><Position><LatitudeDegrees>58.63947794586552</LatitudeDegrees><LongitudeDegrees>59.78596543881456</LongitudeDegrees></Position></Trackpoint><Trackpoint><Time>2026-07-09T14:22:57.000Z</Time><Position><LatitudeDegrees>58.63947840086186</LatitudeDegrees><LongitudeDegrees>59.785904753968595</LongitudeDegrees></Position></Trackpoint><Trackpoint><Time>2026-07-09T14:22:58.000Z</Time><Position><LatitudeDegrees>58.63947837971176</LatitudeDegrees><LongitudeDegrees>59.785848321175855</LongitudeDegrees></Position></Trackpoint><Trackpoint><Time>2026-07-09T14:22:59.000Z</Time><Position><LatitudeDegrees>58.63947718596202</LatitudeDegrees><LongitudeDegrees>59.78579549686714</LongitudeDegrees></Position></Trackpoint><Trackpoint><Time>2026-07-09T14:23:00.000Z</Time><Position><LatitudeDegrees>58.639475172902</LatitudeDegrees><LongitudeDegrees>59.785746042466336</LongitudeDegrees></Position></Trackpoint><Trackpoint><Time>2026-07-09T14:23:01.000Z</Time><Position><LatitudeDegrees>58.639473080795895</LatitudeDegrees><LongitudeDegrees>59.78569942719727</LongitudeDegrees></Position></Trackpoint><Trackpoint><Time>2026-07-09T14:23:02.000Z</Time><Position><LatitudeDegrees>58.63947171426524</LatitudeDegrees><LongitudeDegrees>59.785656047291596</LongitudeDegrees></Position></Trackpoint><Trackpoint><Time>2026-07-09T14:23:03.000Z</Time><Position><LatitudeDegrees>58.63947082194289</LatitudeDegrees><LongitudeDegrees>59.785615161066104</LongitudeDegrees></Position></Trackpoint><Trackpoint><Time>2026-07-09T14:23:04.000Z</Time><Position><LatitudeDegrees>58.63947023944357</LatitudeDegrees><LongitudeDegrees>59.785577122232084</LongitudeDegrees></Position></Trackpoint><Trackpoint><Time>2026-07-09T14:23:05.000Z</Time><Position><LatitudeDegrees>58.63946936969198</LatitudeDegrees><LongitudeDegrees>59.78554366944372</LongitudeDegrees></Position></Trackpoint><Trackpoint><Time>2026-07-09T14:23:06.000Z</Time><Position><LatitudeDegrees>58.63946849327163</LatitudeDegrees><LongitudeDegrees>59.78551590934602</LongitudeDegrees></Position></Trackpoint><Trackpoint><Time>2026-07-09T14:23:08.000Z</Time><Position><LatitudeDegrees>58.639465994089164</LatitudeDegrees><LongitudeDegrees>59.78548409039899</LongitudeDegrees></Position></Trackpoint><Trackpoint><Time>2026-07-09T14:23:10.000Z</Time><Position><LatitudeDegrees>58.63946563315004</LatitudeDegrees><LongitudeDegrees>59.78547363708627</LongitudeDegrees></Position></Trackpoint><Trackpoint><Time>2026-07-09T14:23:11.000Z</Time><Position><LatitudeDegrees>58.63946495624451</LatitudeDegrees><LongitudeDegrees>59.78546482709728</LongitudeDegrees></Position></Trackpoint><Trackpoint><Time>2026-07-09T14:23:12.000Z</Time><Position><LatitudeDegrees>58.63946372422878</LatitudeDegrees><LongitudeDegrees>59.78545404204087</LongitudeDegrees></Position></Trackpoint><Trackpoint><Time>2026-07-09T14:23:13.000Z</Time><Position><LatitudeDegrees>58.639463445456514</LatitudeDegrees><LongitudeDegrees>59.785449924183</LongitudeDegrees></Position></Trackpoint><Trackpoint><Time>2026-07-09T14:23:14.000Z</Time><Position><LatitudeDegrees>58.63946308317719</LatitudeDegrees><LongitudeDegrees>59.7854462772502</LongitudeDegrees></Position></Trackpoint><Trackpoint><Time>2026-07-09T14:23:53.000Z</Time><Position><LatitudeDegrees>58.639469146728516</LatitudeDegrees><LongitudeDegrees>59.7853889465332</LongitudeDegrees></Position></Trackpoint><Trackpoint><Time>2026-07-09T14:23:54.000Z</Time><Position><LatitudeDegrees>58.63946420183674</LatitudeDegrees><LongitudeDegrees>59.785433500125976</LongitudeDegrees></Position></Trackpoint><Trackpoint><Time>2026-07-09T14:23:55.000Z</Time><Position><LatitudeDegrees>58.639465786818036</LatitudeDegrees><LongitudeDegrees>59.78541272748158</LongitudeDegrees></Position></Trackpoint><Trackpoint><Time>2026-07-09T14:23:56.000Z</Time><Position><LatitudeDegrees>58.63946736041623</LatitudeDegrees><LongitudeDegrees>59.78538545282537</LongitudeDegrees></Position></Trackpoint><Trackpoint><Time>2026-07-09T14:23:57.000Z</Time><Position><LatitudeDegrees>58.63946872735754</LatitudeDegrees><LongitudeDegrees>59.78535361536792</LongitudeDegrees></Position></Trackpoint><Trackpoint><Time>2026-07-09T14:23:58.000Z</Time><Position><LatitudeDegrees>58.639469344135186</LatitudeDegrees><LongitudeDegrees>59.78532104742249</LongitudeDegrees></Position></Trackpoint><Trackpoint><Time>2026-07-09T14:23:59.000Z</Time><Position><LatitudeDegrees>58.63946957280794</LatitudeDegrees><LongitudeDegrees>59.78528893140992</LongitudeDegrees></Position></Trackpoint><Trackpoint><Time>2026-07-09T14:24:00.000Z</Time><Position><LatitudeDegrees>58.63946863307512</LatitudeDegrees><LongitudeDegrees>59.78525573784316</LongitudeDegrees></Position></Trackpoint><Trackpoint><Time>2026-07-09T14:24:01.000Z</Time><Position><LatitudeDegrees>58.639467332767204</LatitudeDegrees><LongitudeDegrees>59.78522195435212</LongitudeDegrees></Position></Trackpoint><Trackpoint><Time>2026-07-09T14:24:02.000Z</Time><Position><LatitudeDegrees>58.63946507163376</LatitudeDegrees><LongitudeDegrees>59.78518638864309</LongitudeDegrees></Position></Trackpoint><Trackpoint><Time>2026-07-09T14:24:03.000Z</Time><Position><LatitudeDegrees>58.63946172579213</LatitudeDegrees><LongitudeDegrees>59.785149268045366</LongitudeDegrees></Position></Trackpoint><Trackpoint><Time>2026-07-09T14:24:04.000Z</Time><Position><LatitudeDegrees>58.639457383443975</LatitudeDegrees><LongitudeDegrees>59.78511088574834</LongitudeDegrees></Position></Trackpoint><Trackpoint><Time>2026-07-09T14:24:05.000Z</Time><Position><LatitudeDegrees>58.63945220881377</LatitudeDegrees><LongitudeDegrees>59.785072014044985</LongitudeDegrees></Position></Trackpoint><Trackpoint><Time>2026-07-09T14:24:06.000Z</Time><Position><LatitudeDegrees>58.63944637635679</LatitudeDegrees><LongitudeDegrees>59.78503205458464</LongitudeDegrees></Position></Trackpoint><Trackpoint><Time>2026-07-09T14:24:07.000Z</Time><Position><LatitudeDegrees>58.6394405319612</LatitudeDegrees><LongitudeDegrees>59.784990900558505</LongitudeDegrees></Position></Trackpoint><Trackpoint><Time>2026-07-09T14:24:08.000Z</Time><Position><LatitudeDegrees>58.6394349431576</LatitudeDegrees><LongitudeDegrees>59.784948171689244</LongitudeDegrees></Position></Trackpoint><Trackpoint><Time>2026-07-09T14:24:09.000Z</Time><Position><LatitudeDegrees>58.63942968731917</LatitudeDegrees><LongitudeDegrees>59.78490391349471</LongitudeDegrees></Position></Trackpoint><Trackpoint><Time>2026-07-09T14:24:10.000Z</Time><Position><LatitudeDegrees>58.63942377435395</LatitudeDegrees><LongitudeDegrees>59.784857361786</LongitudeDegrees></Position></Trackpoint><Trackpoint><Time>2026-07-09T14:24:11.000Z</Time><Position><LatitudeDegrees>58.639416391239656</LatitudeDegrees><LongitudeDegrees>59.78480555855002</LongitudeDegrees></Position></Trackpoint><Trackpoint><Time>2026-07-09T14:24:12.000Z</Time><Position><LatitudeDegrees>58.63940788144864</LatitudeDegrees><LongitudeDegrees>59.78474844921452</LongitudeDegrees></Position></Trackpoint><Trackpoint><Time>2026-07-09T14:24:13.000Z</Time><Position><LatitudeDegrees>58.639398531041515</LatitudeDegrees><LongitudeDegrees>59.78468718194528</LongitudeDegrees></Position></Trackpoint><Trackpoint><Time>2026-07-09T14:24:14.000Z</Time><Position><LatitudeDegrees>58.63938905533001</LatitudeDegrees><LongitudeDegrees>59.78462374248101</LongitudeDegrees></Position></Trackpoint><Trackpoint><Time>2026-07-09T14:24:15.000Z</Time><Position><LatitudeDegrees>58.63937927537534</LatitudeDegrees><LongitudeDegrees>59.78455775858121</LongitudeDegrees></Position></Trackpoint><Trackpoint><Time>2026-07-09T14:24:16.000Z</Time><Position><LatitudeDegrees>58.63936915653372</LatitudeDegrees><LongitudeDegrees>59.78448989312989</LongitudeDegrees></Position></Trackpoint><Trackpoint><Time>2026-07-09T14:24:17.000Z</Time><Position><LatitudeDegrees>58.63935823842267</LatitudeDegrees><LongitudeDegrees>59.78442163984032</LongitudeDegrees></Position></Trackpoint><Trackpoint><Time>2026-07-09T14:24:18.000Z</Time><Position><LatitudeDegrees>58.63934692363699</LatitudeDegrees><LongitudeDegrees>59.78435366365189</LongitudeDegrees></Position></Trackpoint><Trackpoint><Time>2026-07-09T14:24:19.000Z</Time><Position><LatitudeDegrees>58.63933591850184</LatitudeDegrees><LongitudeDegrees>59.78428669245393</LongitudeDegrees></Position></Trackpoint><Trackpoint><Time>2026-07-09T14:24:20.000Z</Time><Position><LatitudeDegrees>58.639325474162305</LatitudeDegrees><LongitudeDegrees>59.78422040741591</LongitudeDegrees></Position></Trackpoint><Trackpoint><Time>2026-07-09T14:24:21.000Z</Time><Position><LatitudeDegrees>58.63931513246042</LatitudeDegrees><LongitudeDegrees>59.78415458916518</LongitudeDegrees></Position></Trackpoint><Trackpoint><Time>2026-07-09T14:24:22.000Z</Time><Position><LatitudeDegrees>58.63930469153806</LatitudeDegrees><LongitudeDegrees>59.78408957705597</LongitudeDegrees></Position></Trackpoint><Trackpoint><Time>2026-07-09T14:24:23.000Z</Time><Position><LatitudeDegrees>58.63929457060873</LatitudeDegrees><LongitudeDegrees>59.78402540737861</LongitudeDegrees></Position></Trackpoint><Trackpoint><Time>2026-07-09T14:24:24.000Z</Time><Position><LatitudeDegrees>58.63928490124793</LatitudeDegrees><LongitudeDegrees>59.78396149734319</LongitudeDegrees></Position></Trackpoint><Trackpoint><Time>2026-07-09T14:24:25.000Z</Time><Position><LatitudeDegrees>58.63927470046346</LatitudeDegrees><LongitudeDegrees>59.78389708400214</LongitudeDegrees></Position></Trackpoint><Trackpoint><Time>2026-07-09T14:24:26.000Z</Time><Position><LatitudeDegrees>58.63926412124438</LatitudeDegrees><LongitudeDegrees>59.78383240735733</LongitudeDegrees></Position></Trackpoint><Trackpoint><Time>2026-07-09T14:24:27.000Z</Time><Position><LatitudeDegrees>58.63925376477882</LatitudeDegrees><LongitudeDegrees>59.78376711043356</LongitudeDegrees></Position></Trackpoint><Trackpoint><Time>2026-07-09T14:24:28.000Z</Time><Position><LatitudeDegrees>58.63924385006604</LatitudeDegrees><LongitudeDegrees>59.783701125828394</LongitudeDegrees></Position></Trackpoint><Trackpoint><Time>2026-07-09T14:24:29.000Z</Time><Position><LatitudeDegrees>58.63923392098829</LatitudeDegrees><LongitudeDegrees>59.78363451404614</LongitudeDegrees></Position></Trackpoint><Trackpoint><Time>2026-07-09T14:24:30.000Z</Time><Position><LatitudeDegrees>58.63922428115543</LatitudeDegrees><LongitudeDegrees>59.783567380501715</LongitudeDegrees></Position></Trackpoint><Trackpoint><Time>2026-07-09T14:24:31.000Z</Time><Position><LatitudeDegrees>58.63921452886936</LatitudeDegrees><LongitudeDegrees>59.783500325186495</LongitudeDegrees></Position></Trackpoint><Trackpoint><Time>2026-07-09T14:24:32.000Z</Time><Position><LatitudeDegrees>58.63920402351999</LatitudeDegrees><LongitudeDegrees>59.783434074766966</LongitudeDegrees></Position></Trackpoint><Trackpoint><Time>2026-07-09T14:24:33.000Z</Time><Position><LatitudeDegrees>58.63919259793724</LatitudeDegrees><LongitudeDegrees>59.783369804422705</LongitudeDegrees></Position></Trackpoint><Trackpoint><Time>2026-07-09T14:24:34.000Z</Time><Position><LatitudeDegrees>58.63918030138548</LatitudeDegrees><LongitudeDegrees>59.783305295939094</LongitudeDegrees></Position></Trackpoint><Trackpoint><Time>2026-07-09T14:24:35.000Z</Time><Position><LatitudeDegrees>58.639168245162196</LatitudeDegrees><LongitudeDegrees>59.783241135178066</LongitudeDegrees></Position></Trackpoint><Trackpoint><Time>2026-07-09T14:24:36.000Z</Time><Position><LatitudeDegrees>58.63915685609096</LatitudeDegrees><LongitudeDegrees>59.7831765395662</LongitudeDegrees></Position></Trackpoint><Trackpoint><Time>2026-07-09T14:24:37.000Z</Time><Position><LatitudeDegrees>58.63914671393463</LatitudeDegrees><LongitudeDegrees>59.78311173223672</LongitudeDegrees></Position></Trackpoint><Trackpoint><Time>2026-07-09T14:24:38.000Z</Time><Position><LatitudeDegrees>58.6391374078086</LatitudeDegrees><LongitudeDegrees>59.78304732186759</LongitudeDegrees></Position></Trackpoint><Trackpoint><Time>2026-07-09T14:24:39.000Z</Time><Position><LatitudeDegrees>58.63912866119368</LatitudeDegrees><LongitudeDegrees>59.78298448740468</LongitudeDegrees></Position></Trackpoint><Trackpoint><Time>2026-07-09T14:24:40.000Z</Time><Position><LatitudeDegrees>58.639120288397635</LatitudeDegrees><LongitudeDegrees>59.78292351211202</LongitudeDegrees></Position></Trackpoint><Trackpoint><Time>2026-07-09T14:24:41.000Z</Time><Position><LatitudeDegrees>58.63911167535651</LatitudeDegrees><LongitudeDegrees>59.782864274025506</LongitudeDegrees></Position></Trackpoint><Trackpoint><Time>2026-07-09T14:24:42.000Z</Time><Position><LatitudeDegrees>58.63910260001339</LatitudeDegrees><LongitudeDegrees>59.78280747916971</LongitudeDegrees></Position></Trackpoint><Trackpoint><Time>2026-07-09T14:24:43.000Z</Time><Position><LatitudeDegrees>58.63909400947481</LatitudeDegrees><LongitudeDegrees>59.78275212550289</LongitudeDegrees></Position></Trackpoint><Trackpoint><Time>2026-07-09T14:24:44.000Z</Time><Position><LatitudeDegrees>58.6390857419563</LatitudeDegrees><LongitudeDegrees>59.782699084208275</LongitudeDegrees></Position></Trackpoint><Trackpoint><Time>2026-07-09T14:24:45.000Z</Time><Position><LatitudeDegrees>58.63907817898109</LatitudeDegrees><LongitudeDegrees>59.78264890688933</LongitudeDegrees></Position></Trackpoint><Trackpoint><Time>2026-07-09T14:24:46.000Z</Time><Position><LatitudeDegrees>58.639070408024864</LatitudeDegrees><LongitudeDegrees>59.782601453127796</LongitudeDegrees></Position></Trackpoint><Trackpoint><Time>2026-07-09T14:24:47.000Z</Time><Position><LatitudeDegrees>58.63906207997373</LatitudeDegrees><LongitudeDegrees>59.78255435708782</LongitudeDegrees></Position></Trackpoint><Trackpoint><Time>2026-07-09T14:24:48.000Z</Time><Position><LatitudeDegrees>58.63905410177448</LatitudeDegrees><LongitudeDegrees>59.782505129694414</LongitudeDegrees></Position></Trackpoint><Trackpoint><Time>2026-07-09T14:24:49.000Z</Time><Position><LatitudeDegrees>58.63904680203507</LatitudeDegrees><LongitudeDegrees>59.782453509030105</LongitudeDegrees></Position></Trackpoint><Trackpoint><Time>2026-07-09T14:24:50.000Z</Time><Position><LatitudeDegrees>58.63903973939731</LatitudeDegrees><LongitudeDegrees>59.78239822556939</LongitudeDegrees></Position></Trackpoint><Trackpoint><Time>2026-07-09T14:24:51.000Z</Time><Position><LatitudeDegrees>58.63903221205293</LatitudeDegrees><LongitudeDegrees>59.78234265386803</LongitudeDegrees></Position></Trackpoint><Trackpoint><Time>2026-07-09T14:24:52.000Z</Time><Position><LatitudeDegrees>58.63902350100765</LatitudeDegrees><LongitudeDegrees>59.78228773106525</LongitudeDegrees></Position></Trackpoint><Trackpoint><Time>2026-07-09T14:24:53.000Z</Time><Position><LatitudeDegrees>58.639013951692476</LatitudeDegrees><LongitudeDegrees>59.782233270210476</LongitudeDegrees></Position></Trackpoint><Trackpoint><Time>2026-07-09T14:24:54.000Z</Time><Position><LatitudeDegrees>58.63900479317933</LatitudeDegrees><LongitudeDegrees>59.78217815579965</LongitudeDegrees></Position></Trackpoint><Trackpoint><Time>2026-07-09T14:24:55.000Z</Time><Position><LatitudeDegrees>58.63899550226094</LatitudeDegrees><LongitudeDegrees>59.782122991535175</LongitudeDegrees></Position></Trackpoint><Trackpoint><Time>2026-07-09T14:24:56.000Z</Time><Position><LatitudeDegrees>58.638985880457106</LatitudeDegrees><LongitudeDegrees>59.78206656360861</LongitudeDegrees></Position></Trackpoint><Trackpoint><Time>2026-07-09T14:24:57.000Z</Time><Position><LatitudeDegrees>58.63897637810633</LatitudeDegrees><LongitudeDegrees>59.78200951354352</LongitudeDegrees></Position></Trackpoint><Trackpoint><Time>2026-07-09T14:24:58.000Z</Time><Position><LatitudeDegrees>58.63896667573078</LatitudeDegrees><LongitudeDegrees>59.78195120617001</LongitudeDegrees></Position></Trackpoint><Trackpoint><Time>2026-07-09T14:24:59.000Z</Time><Position><LatitudeDegrees>58.638957157042334</LatitudeDegrees><LongitudeDegrees>59.78189252049879</LongitudeDegrees></Position></Trackpoint><Trackpoint><Time>2026-07-09T14:25:00.000Z</Time><Position><LatitudeDegrees>58.638947956490384</LatitudeDegrees><LongitudeDegrees>59.78183239825788</LongitudeDegrees></Position></Trackpoint><Trackpoint><Time>2026-07-09T14:25:01.000Z</Time><Position><LatitudeDegrees>58.63893859900271</LatitudeDegrees><LongitudeDegrees>59.78177107760774</LongitudeDegrees></Position></Trackpoint><Trackpoint><Time>2026-07-09T14:25:02.000Z</Time><Position><LatitudeDegrees>58.63892890907118</LatitudeDegrees><LongitudeDegrees>59.78170930005543</LongitudeDegrees></Position></Trackpoint><Trackpoint><Time>2026-07-09T14:25:03.000Z</Time><Position><LatitudeDegrees>58.63891885708438</LatitudeDegrees><LongitudeDegrees>59.78164694001036</LongitudeDegrees></Position></Trackpoint><Trackpoint><Time>2026-07-09T14:25:04.000Z</Time><Position><LatitudeDegrees>58.63890896692719</LatitudeDegrees><LongitudeDegrees>59.781583530901585</LongitudeDegrees></Position></Trackpoint><Trackpoint><Time>2026-07-09T14:25:05.000Z</Time><Position><LatitudeDegrees>58.63889894397168</LatitudeDegrees><LongitudeDegrees>59.78151901522536</LongitudeDegrees></Position></Trackpoint><Trackpoint><Time>2026-07-09T14:25:06.000Z</Time><Position><LatitudeDegrees>58.638887704703464</LatitudeDegrees><LongitudeDegrees>59.781453511326</LongitudeDegrees></Position></Trackpoint><Trackpoint><Time>2026-07-09T14:25:07.000Z</Time><Position><LatitudeDegrees>58.63887593822832</LatitudeDegrees><LongitudeDegrees>59.78138670516795</LongitudeDegrees></Position></Trackpoint><Trackpoint><Time>2026-07-09T14:25:08.000Z</Time><Position><LatitudeDegrees>58.638864485619806</LatitudeDegrees><LongitudeDegrees>59.781319613785065</LongitudeDegrees></Position></Trackpoint><Trackpoint><Time>2026-07-09T14:25:09.000Z</Time><Position><LatitudeDegrees>58.638853652975776</LatitudeDegrees><LongitudeDegrees>59.781254161465846</LongitudeDegrees></Position></Trackpoint><Trackpoint><Time>2026-07-09T14:25:10.000Z</Time><Position><LatitudeDegrees>58.63884397639663</LatitudeDegrees><LongitudeDegrees>59.78119190954636</LongitudeDegrees></Position></Trackpoint><Trackpoint><Time>2026-07-09T14:25:11.000Z</Time><Position><LatitudeDegrees>58.6388350386766</LatitudeDegrees><LongitudeDegrees>59.7811330902704</LongitudeDegrees></Position></Trackpoint><Trackpoint><Time>2026-07-09T14:25:12.000Z</Time><Position><LatitudeDegrees>58.638826573165</LatitudeDegrees><LongitudeDegrees>59.781077848319725</LongitudeDegrees></Position></Trackpoint><Trackpoint><Time>2026-07-09T14:25:13.000Z</Time><Position><LatitudeDegrees>58.638818409438926</LatitudeDegrees><LongitudeDegrees>59.78102480491359</LongitudeDegrees></Position></Trackpoint><Trackpoint><Time>2026-07-09T14:25:14.000Z</Time><Position><LatitudeDegrees>58.638810928189464</LatitudeDegrees><LongitudeDegrees>59.78097262043362</LongitudeDegrees></Position></Trackpoint><Trackpoint><Time>2026-07-09T14:25:15.000Z</Time><Position><LatitudeDegrees>58.638804198603054</LatitudeDegrees><LongitudeDegrees>59.780921122549046</LongitudeDegrees></Position></Trackpoint><Trackpoint><Time>2026-07-09T14:25:16.000Z</Time><Position><LatitudeDegrees>58.638797663087544</LatitudeDegrees><LongitudeDegrees>59.78087015216482</LongitudeDegrees></Position></Trackpoint><Trackpoint><Time>2026-07-09T14:25:17.000Z</Time><Position><LatitudeDegrees>58.638790577488564</LatitudeDegrees><LongitudeDegrees>59.780819086445824</LongitudeDegrees></Position></Trackpoint><Trackpoint><Time>2026-07-09T14:25:18.000Z</Time><Position><LatitudeDegrees>58.63878270594091</LatitudeDegrees><LongitudeDegrees>59.78076817073446</LongitudeDegrees></Position></Trackpoint><Trackpoint><Time>2026-07-09T14:25:19.000Z</Time><Position><LatitudeDegrees>58.63877405218276</LatitudeDegrees><LongitudeDegrees>59.78071650759644</LongitudeDegrees></Position></Trackpoint><Trackpoint><Time>2026-07-09T14:25:20.000Z</Time><Position><LatitudeDegrees>58.63876520775976</LatitudeDegrees><LongitudeDegrees>59.78066382336945</LongitudeDegrees></Position></Trackpoint><Trackpoint><Time>2026-07-09T14:25:21.000Z</Time><Position><LatitudeDegrees>58.63875595115106</LatitudeDegrees><LongitudeDegrees>59.78061013640548</LongitudeDegrees></Position></Trackpoint><Trackpoint><Time>2026-07-09T14:25:22.000Z</Time><Position><LatitudeDegrees>58.6387462440304</LatitudeDegrees><LongitudeDegrees>59.780555582962236</LongitudeDegrees></Position></Trackpoint><Trackpoint><Time>2026-07-09T14:25:23.000Z</Time><Position><LatitudeDegrees>58.63873563882566</LatitudeDegrees><LongitudeDegrees>59.78049984075589</LongitudeDegrees></Position></Trackpoint><Trackpoint><Time>2026-07-09T14:25:24.000Z</Time><Position><LatitudeDegrees>58.638724556090054</LatitudeDegrees><LongitudeDegrees>59.78044390885638</LongitudeDegrees></Position></Trackpoint><Trackpoint><Time>2026-07-09T14:25:25.000Z</Time><Position><LatitudeDegrees>58.6387132303118</LatitudeDegrees><LongitudeDegrees>59.78038773345024</LongitudeDegrees></Position></Trackpoint><Trackpoint><Time>2026-07-09T14:25:26.000Z</Time><Position><LatitudeDegrees>58.63870276847636</LatitudeDegrees><LongitudeDegrees>59.780331323629</LongitudeDegrees></Position></Trackpoint><Trackpoint><Time>2026-07-09T14:25:27.000Z</Time><Position><LatitudeDegrees>58.63869253637025</LatitudeDegrees><LongitudeDegrees>59.78027422361306</LongitudeDegrees></Position></Trackpoint><Trackpoint><Time>2026-07-09T14:25:28.000Z</Time><Position><LatitudeDegrees>58.638681753707196</LatitudeDegrees><LongitudeDegrees>59.78021682389325</LongitudeDegrees></Position></Trackpoint><Trackpoint><Time>2026-07-09T14:25:29.000Z</Time><Position><LatitudeDegrees>58.63867114902368</LatitudeDegrees><LongitudeDegrees>59.78015883414262</LongitudeDegrees></Position></Trackpoint><Trackpoint><Time>2026-07-09T14:25:30.000Z</Time><Position><LatitudeDegrees>58.638661489122526</LatitudeDegrees><LongitudeDegrees>59.780100210524424</LongitudeDegrees></Position></Trackpoint><Trackpoint><Time>2026-07-09T14:25:31.000Z</Time><Position><LatitudeDegrees>58.63865247892671</LatitudeDegrees><LongitudeDegrees>59.78004248517303</LongitudeDegrees></Position></Trackpoint><Trackpoint><Time>2026-07-09T14:25:32.000Z</Time><Position><LatitudeDegrees>58.63864440313558</LatitudeDegrees><LongitudeDegrees>59.77998617378127</LongitudeDegrees></Position></Trackpoint><Trackpoint><Time>2026-07-09T14:25:33.000Z</Time><Position><LatitudeDegrees>58.6386367694578</LatitudeDegrees><LongitudeDegrees>59.77993277608093</LongitudeDegrees></Position></Trackpoint><Trackpoint><Time>2026-07-09T14:25:34.000Z</Time><Position><LatitudeDegrees>58.63862931840678</LatitudeDegrees><LongitudeDegrees>59.779881556522454</LongitudeDegrees></Position></Trackpoint><Trackpoint><Time>2026-07-09T14:25:35.000Z</Time><Position><LatitudeDegrees>58.63862240928805</LatitudeDegrees><LongitudeDegrees>59.77983340145265</LongitudeDegrees></Position></Trackpoint><Trackpoint><Time>2026-07-09T14:25:36.000Z</Time><Position><LatitudeDegrees>58.63861514129818</LatitudeDegrees><LongitudeDegrees>59.77978926179745</LongitudeDegrees></Position></Trackpoint><Trackpoint><Time>2026-07-09T14:25:37.000Z</Time><Position><LatitudeDegrees>58.638606699906234</LatitudeDegrees><LongitudeDegrees>59.77974607614376</LongitudeDegrees></Position></Trackpoint><Trackpoint><Time>2026-07-09T14:25:38.000Z</Time><Position><LatitudeDegrees>58.63859787948682</LatitudeDegrees><LongitudeDegrees>59.779701482033694</LongitudeDegrees></Position></Trackpoint><Trackpoint><Time>2026-07-09T14:25:39.000Z</Time><Position><LatitudeDegrees>58.63858954544811</LatitudeDegrees><LongitudeDegrees>59.77965517691217</LongitudeDegrees></Position></Trackpoint><Trackpoint><Time>2026-07-09T14:25:40.000Z</Time><Position><LatitudeDegrees>58.638581502157216</LatitudeDegrees><LongitudeDegrees>59.77960872461451</LongitudeDegrees></Position></Trackpoint><Trackpoint><Time>2026-07-09T14:25:41.000Z</Time><Position><LatitudeDegrees>58.63857363172893</LatitudeDegrees><LongitudeDegrees>59.77956229845947</LongitudeDegrees></Position></Trackpoint><Trackpoint><Time>2026-07-09T14:25:42.000Z</Time><Position><LatitudeDegrees>58.63856635303818</LatitudeDegrees><LongitudeDegrees>59.77951694569135</LongitudeDegrees></Position></Trackpoint><Trackpoint><Time>2026-07-09T14:25:43.000Z</Time><Position><LatitudeDegrees>58.63855927303237</LatitudeDegrees><LongitudeDegrees>59.779473939053936</LongitudeDegrees></Position></Trackpoint><Trackpoint><Time>2026-07-09T14:25:44.000Z</Time><Position><LatitudeDegrees>58.63855171472782</LatitudeDegrees><LongitudeDegrees>59.779434970415096</LongitudeDegrees></Position></Trackpoint><Trackpoint><Time>2026-07-09T14:25:45.000Z</Time><Position><LatitudeDegrees>58.63854346070898</LatitudeDegrees><LongitudeDegrees>59.77940266632452</LongitudeDegrees></Position></Trackpoint><Trackpoint><Time>2026-07-09T14:25:46.000Z</Time><Position><LatitudeDegrees>58.638535489952005</LatitudeDegrees><LongitudeDegrees>59.7793777427089</LongitudeDegrees></Position></Trackpoint><Trackpoint><Time>2026-07-09T14:25:47.000Z</Time><Position><LatitudeDegrees>58.63852914849692</LatitudeDegrees><LongitudeDegrees>59.77935905752732</LongitudeDegrees></Position></Trackpoint><Trackpoint><Time>2026-07-09T14:25:48.000Z</Time><Position><LatitudeDegrees>58.638522882291845</LatitudeDegrees><LongitudeDegrees>59.77934088009873</LongitudeDegrees></Position></Trackpoint><Trackpoint><Time>2026-07-09T14:25:49.000Z</Time><Position><LatitudeDegrees>58.63852027066917</LatitudeDegrees><LongitudeDegrees>59.77933269530724</LongitudeDegrees></Position></Trackpoint><Trackpoint><Time>2026-07-09T14:25:51.000Z</Time><Position><LatitudeDegrees>58.638518089656216</LatitudeDegrees><LongitudeDegrees>59.77932619588682</LongitudeDegrees></Position></Trackpoint><Trackpoint><Time>2026-07-09T14:25:52.000Z</Time><Position><LatitudeDegrees>58.638511657714844</LatitudeDegrees><LongitudeDegrees>59.77930450439453</LongitudeDegrees></Position></Trackpoint><Trackpoint><Time>2026-07-09T14:25:53.000Z</Time><Position><LatitudeDegrees>58.63851636591241</LatitudeDegrees><LongitudeDegrees>59.779320245527934</LongitudeDegrees></Position></Trackpoint><Trackpoint><Time>2026-07-09T14:25:54.000Z</Time><Position><LatitudeDegrees>58.638515051727204</LatitudeDegrees><LongitudeDegrees>59.77931479539984</LongitudeDegrees></Position></Trackpoint><Trackpoint><Time>2026-07-09T14:25:55.000Z</Time><Position><LatitudeDegrees>58.638511657714844</LatitudeDegrees><LongitudeDegrees>59.779293060302734</LongitudeDegrees></Position></Trackpoint><Trackpoint><Time>2026-07-09T14:26:12.000Z</Time><Position><LatitudeDegrees>58.63851407488556</LatitudeDegrees><LongitudeDegrees>59.7793087819673</LongitudeDegrees></Position></Trackpoint><Trackpoint><Time>2026-07-09T14:26:13.000Z</Time><Position><LatitudeDegrees>58.6385133623494</LatitudeDegrees><LongitudeDegrees>59.77930428758341</LongitudeDegrees></Position></Trackpoint><Trackpoint><Time>2026-07-09T14:26:16.000Z</Time><Position><LatitudeDegrees>58.63850021362305</LatitudeDegrees><LongitudeDegrees>59.779296875</LongitudeDegrees></Position></Trackpoint><Trackpoint><Time>2026-07-09T14:26:17.000Z</Time><Position><LatitudeDegrees>58.638509912452264</LatitudeDegrees><LongitudeDegrees>59.779301974863</LongitudeDegrees></Position></Trackpoint><Trackpoint><Time>2026-07-09T14:26:18.000Z</Time><Position><LatitudeDegrees>58.6385038195652</LatitudeDegrees><LongitudeDegrees>59.77930183667978</LongitudeDegrees></Position></Trackpoint><Trackpoint><Time>2026-07-09T14:26:19.000Z</Time><Position><LatitudeDegrees>58.638495951387725</LatitudeDegrees><LongitudeDegrees>59.77930408061095</LongitudeDegrees></Position></Trackpoint><Trackpoint><Time>2026-07-09T14:26:20.000Z</Time><Position><LatitudeDegrees>58.6384854242914</LatitudeDegrees><LongitudeDegrees>59.77930848640295</LongitudeDegrees></Position></Trackpoint><Trackpoint><Time>2026-07-09T14:26:21.000Z</Time><Position><LatitudeDegrees>58.63847123641556</LatitudeDegrees><LongitudeDegrees>59.77931419626583</LongitudeDegrees></Position></Trackpoint><Trackpoint><Time>2026-07-09T14:26:22.000Z</Time><Position><LatitudeDegrees>58.63845442423731</LatitudeDegrees><LongitudeDegrees>59.77931922072572</LongitudeDegrees></Position></Trackpoint><Trackpoint><Time>2026-07-09T14:26:23.000Z</Time><Position><LatitudeDegrees>58.63843624104834</LatitudeDegrees><LongitudeDegrees>59.77932282842136</LongitudeDegrees></Position></Trackpoint><Trackpoint><Time>2026-07-09T14:26:24.000Z</Time><Position><LatitudeDegrees>58.638416399741885</LatitudeDegrees><LongitudeDegrees>59.779325879214575</LongitudeDegrees></Position></Trackpoint><Trackpoint><Time>2026-07-09T14:26:25.000Z</Time><Position><LatitudeDegrees>58.63839450528405</LatitudeDegrees><LongitudeDegrees>59.77933075714521</LongitudeDegrees></Position></Trackpoint><Trackpoint><Time>2026-07-09T14:26:26.000Z</Time><Position><LatitudeDegrees>58.63837016889495</LatitudeDegrees><LongitudeDegrees>59.779337230308805</LongitudeDegrees></Position></Trackpoint><Trackpoint><Time>2026-07-09T14:26:27.000Z</Time><Position><LatitudeDegrees>58.638344523101495</LatitudeDegrees><LongitudeDegrees>59.779345488064266</LongitudeDegrees></Position></Trackpoint><Trackpoint><Time>2026-07-09T14:26:28.000Z</Time><Position><LatitudeDegrees>58.63831820237609</LatitudeDegrees><LongitudeDegrees>59.77935440012499</LongitudeDegrees></Position></Trackpoint><Trackpoint><Time>2026-07-09T14:26:29.000Z</Time><Position><LatitudeDegrees>58.638290575420896</LatitudeDegrees><LongitudeDegrees>59.77936488585403</LongitudeDegrees></Position></Trackpoint><Trackpoint><Time>2026-07-09T14:26:30.000Z</Time><Position><LatitudeDegrees>58.6382610602884</LatitudeDegrees><LongitudeDegrees>59.77937810111904</LongitudeDegrees></Position></Trackpoint><Trackpoint><Time>2026-07-09T14:26:31.000Z</Time><Position><LatitudeDegrees>58.63822917004728</LatitudeDegrees><LongitudeDegrees>59.77939466122369</LongitudeDegrees></Position></Trackpoint><Trackpoint><Time>2026-07-09T14:26:32.000Z</Time><Position><LatitudeDegrees>58.6381950090046</LatitudeDegrees><LongitudeDegrees>59.779413411044196</LongitudeDegrees></Position></Trackpoint><Trackpoint><Time>2026-07-09T14:26:33.000Z</Time><Position><LatitudeDegrees>58.63815940118202</LatitudeDegrees><LongitudeDegrees>59.77943457303658</LongitudeDegrees></Position></Trackpoint><Trackpoint><Time>2026-07-09T14:26:34.000Z</Time><Position><LatitudeDegrees>58.638122871631175</LatitudeDegrees><LongitudeDegrees>59.77945694999582</LongitudeDegrees></Position></Trackpoint><Trackpoint><Time>2026-07-09T14:26:35.000Z</Time><Position><LatitudeDegrees>58.63808526527763</LatitudeDegrees><LongitudeDegrees>59.77947940332317</LongitudeDegrees></Position></Trackpoint><Trackpoint><Time>2026-07-09T14:26:36.000Z</Time><Position><LatitudeDegrees>58.638047146073184</LatitudeDegrees><LongitudeDegrees>59.77950145430398</LongitudeDegrees></Position></Trackpoint><Trackpoint><Time>2026-07-09T14:26:37.000Z</Time><Position><LatitudeDegrees>58.63800881209562</LatitudeDegrees><LongitudeDegrees>59.77952442626002</LongitudeDegrees></Position></Trackpoint><Trackpoint><Time>2026-07-09T14:26:38.000Z</Time><Position><LatitudeDegrees>58.63797041366912</LatitudeDegrees><LongitudeDegrees>59.779548745973536</LongitudeDegrees></Position></Trackpoint><Trackpoint><Time>2026-07-09T14:26:39.000Z</Time><Position><LatitudeDegrees>58.637931531363506</LatitudeDegrees><LongitudeDegrees>59.779573926614454</LongitudeDegrees></Position></Trackpoint><Trackpoint><Time>2026-07-09T14:26:40.000Z</Time><Position><LatitudeDegrees>58.63789254415921</LatitudeDegrees><LongitudeDegrees>59.779598677969936</LongitudeDegrees></Position></Trackpoint><Trackpoint><Time>2026-07-09T14:26:41.000Z</Time><Position><LatitudeDegrees>58.63785362159659</LatitudeDegrees><LongitudeDegrees>59.77962252378545</LongitudeDegrees></Position></Trackpoint><Trackpoint><Time>2026-07-09T14:26:42.000Z</Time><Position><LatitudeDegrees>58.637814825201374</LatitudeDegrees><LongitudeDegrees>59.77964440492694</LongitudeDegrees></Position></Trackpoint><Trackpoint><Time>2026-07-09T14:26:43.000Z</Time><Position><LatitudeDegrees>58.63777665372912</LatitudeDegrees><LongitudeDegrees>59.7796660958131</LongitudeDegrees></Position></Trackpoint><Trackpoint><Time>2026-07-09T14:26:44.000Z</Time><Position><LatitudeDegrees>58.637738742765464</LatitudeDegrees><LongitudeDegrees>59.779688351627705</LongitudeDegrees></Position></Trackpoint><Trackpoint><Time>2026-07-09T14:26:45.000Z</Time><Position><LatitudeDegrees>58.63770188801778</LatitudeDegrees><LongitudeDegrees>59.779709942041045</LongitudeDegrees></Position></Trackpoint><Trackpoint><Time>2026-07-09T14:26:46.000Z</Time><Position><LatitudeDegrees>58.63766628162117</LatitudeDegrees><LongitudeDegrees>59.77973191459742</LongitudeDegrees></Position></Trackpoint><Trackpoint><Time>2026-07-09T14:26:47.000Z</Time><Position><LatitudeDegrees>58.637630863258074</LatitudeDegrees><LongitudeDegrees>59.77975416205241</LongitudeDegrees></Position></Trackpoint><Trackpoint><Time>2026-07-09T14:26:48.000Z</Time><Position><LatitudeDegrees>58.63759468250993</LatitudeDegrees><LongitudeDegrees>59.77977611534575</LongitudeDegrees></Position></Trackpoint><Trackpoint><Time>2026-07-09T14:26:49.000Z</Time><Position><LatitudeDegrees>58.637557445813634</LatitudeDegrees><LongitudeDegrees>59.77979806748525</LongitudeDegrees></Position></Trackpoint><Trackpoint><Time>2026-07-09T14:26:50.000Z</Time><Position><LatitudeDegrees>58.63751916779947</LatitudeDegrees><LongitudeDegrees>59.77982013928941</LongitudeDegrees></Position></Trackpoint><Trackpoint><Time>2026-07-09T14:26:51.000Z</Time><Position><LatitudeDegrees>58.63748096736548</LatitudeDegrees><LongitudeDegrees>59.77984285476715</LongitudeDegrees></Position></Trackpoint><Trackpoint><Time>2026-07-09T14:26:52.000Z</Time><Position><LatitudeDegrees>58.63744231613265</LatitudeDegrees><LongitudeDegrees>59.779864878276435</LongitudeDegrees></Position></Trackpoint><Trackpoint><Time>2026-07-09T14:26:53.000Z</Time><Position><LatitudeDegrees>58.637403543966855</LatitudeDegrees><LongitudeDegrees>59.779886238179046</LongitudeDegrees></Position></Trackpoint><Trackpoint><Time>2026-07-09T14:26:54.000Z</Time><Position><LatitudeDegrees>58.63736480223943</LatitudeDegrees><LongitudeDegrees>59.779907031328236</LongitudeDegrees></Position></Trackpoint><Trackpoint><Time>2026-07-09T14:26:55.000Z</Time><Position><LatitudeDegrees>58.63732663899403</LatitudeDegrees><LongitudeDegrees>59.77992785996396</LongitudeDegrees></Position></Trackpoint><Trackpoint><Time>2026-07-09T14:26:56.000Z</Time><Position><LatitudeDegrees>58.637289205686024</LatitudeDegrees><LongitudeDegrees>59.77994847794346</LongitudeDegrees></Position></Trackpoint><Trackpoint><Time>2026-07-09T14:26:57.000Z</Time><Position><LatitudeDegrees>58.637252471003414</LatitudeDegrees><LongitudeDegrees>59.779968810934335</LongitudeDegrees></Position></Trackpoint><Trackpoint><Time>2026-07-09T14:26:58.000Z</Time><Position><LatitudeDegrees>58.637215842772754</LatitudeDegrees><LongitudeDegrees>59.77998886490189</LongitudeDegrees></Position></Trackpoint><Trackpoint><Time>2026-07-09T14:26:59.000Z</Time><Position><LatitudeDegrees>58.63718004267556</LatitudeDegrees><LongitudeDegrees>59.78000916772567</LongitudeDegrees></Position></Trackpoint><Trackpoint><Time>2026-07-09T14:27:00.000Z</Time><Position><LatitudeDegrees>58.637144772024044</LatitudeDegrees><LongitudeDegrees>59.78002941525315</LongitudeDegrees></Position></Trackpoint><Trackpoint><Time>2026-07-09T14:27:01.000Z</Time><Position><LatitudeDegrees>58.63710983985507</LatitudeDegrees><LongitudeDegrees>59.780049978931984</LongitudeDegrees></Position></Trackpoint><Trackpoint><Time>2026-07-09T14:27:02.000Z</Time><Position><LatitudeDegrees>58.637075613690556</LatitudeDegrees><LongitudeDegrees>59.78007048154853</LongitudeDegrees></Position></Trackpoint><Trackpoint><Time>2026-07-09T14:27:03.000Z</Time><Position><LatitudeDegrees>58.63704264388428</LatitudeDegrees><LongitudeDegrees>59.78009126520151</LongitudeDegrees></Position></Trackpoint><Trackpoint><Time>2026-07-09T14:27:04.000Z</Time><Position><LatitudeDegrees>58.637010506227995</LatitudeDegrees><LongitudeDegrees>59.78011194509737</LongitudeDegrees></Position></Trackpoint><Trackpoint><Time>2026-07-09T14:27:05.000Z</Time><Position><LatitudeDegrees>58.636978919213405</LatitudeDegrees><LongitudeDegrees>59.78013139686111</LongitudeDegrees></Position></Trackpoint><Trackpoint><Time>2026-07-09T14:27:06.000Z</Time><Position><LatitudeDegrees>58.63694769623198</LatitudeDegrees><LongitudeDegrees>59.780149315066524</LongitudeDegrees></Position></Trackpoint><Trackpoint><Time>2026-07-09T14:27:07.000Z</Time><Position><LatitudeDegrees>58.63691769293023</LatitudeDegrees><LongitudeDegrees>59.78016626036941</LongitudeDegrees></Position></Trackpoint><Trackpoint><Time>2026-07-09T14:27:08.000Z</Time><Position><LatitudeDegrees>58.636889105147894</LatitudeDegrees><LongitudeDegrees>59.78018307814772</LongitudeDegrees></Position></Trackpoint><Trackpoint><Time>2026-07-09T14:27:09.000Z</Time><Position><LatitudeDegrees>58.636861831858525</LatitudeDegrees><LongitudeDegrees>59.78019964331325</LongitudeDegrees></Position></Trackpoint><Trackpoint><Time>2026-07-09T14:27:10.000Z</Time><Position><LatitudeDegrees>58.636836152353496</LatitudeDegrees><LongitudeDegrees>59.780214467941114</LongitudeDegrees></Position></Trackpoint><Trackpoint><Time>2026-07-09T14:27:11.000Z</Time><Position><LatitudeDegrees>58.63681197709451</LatitudeDegrees><LongitudeDegrees>59.780228141870836</LongitudeDegrees></Position></Trackpoint><Trackpoint><Time>2026-07-09T14:27:12.000Z</Time><Position><LatitudeDegrees>58.63678858652838</LatitudeDegrees><LongitudeDegrees>59.78023958687651</LongitudeDegrees></Position></Trackpoint><Trackpoint><Time>2026-07-09T14:27:13.000Z</Time><Position><LatitudeDegrees>58.6367660732156</LatitudeDegrees><LongitudeDegrees>59.78024962420902</LongitudeDegrees></Position></Trackpoint><Trackpoint><Time>2026-07-09T14:27:14.000Z</Time><Position><LatitudeDegrees>58.63674436268151</LatitudeDegrees><LongitudeDegrees>59.78025975198082</LongitudeDegrees></Position></Trackpoint><Trackpoint><Time>2026-07-09T14:27:15.000Z</Time><Position><LatitudeDegrees>58.63672381083017</LatitudeDegrees><LongitudeDegrees>59.780268127503746</LongitudeDegrees></Position></Trackpoint><Trackpoint><Time>2026-07-09T14:27:16.000Z</Time><Position><LatitudeDegrees>58.63670441551955</LatitudeDegrees><LongitudeDegrees>59.780277154459554</LongitudeDegrees></Position></Trackpoint><Trackpoint><Time>2026-07-09T14:27:17.000Z</Time><Position><LatitudeDegrees>58.63668602742725</LatitudeDegrees><LongitudeDegrees>59.78028822876475</LongitudeDegrees></Position></Trackpoint><Trackpoint><Time>2026-07-09T14:27:18.000Z</Time><Position><LatitudeDegrees>58.63666845578238</LatitudeDegrees><LongitudeDegrees>59.78030166253011</LongitudeDegrees></Position></Trackpoint><Trackpoint><Time>2026-07-09T14:27:19.000Z</Time><Position><LatitudeDegrees>58.636651027618704</LatitudeDegrees><LongitudeDegrees>59.780316302238866</LongitudeDegrees></Position></Trackpoint><Trackpoint><Time>2026-07-09T14:27:20.000Z</Time><Position><LatitudeDegrees>58.6366334473707</LatitudeDegrees><LongitudeDegrees>59.78033053883212</LongitudeDegrees></Position></Trackpoint><Trackpoint><Time>2026-07-09T14:27:21.000Z</Time><Position><LatitudeDegrees>58.63661463361318</LatitudeDegrees><LongitudeDegrees>59.780343761385005</LongitudeDegrees></Position></Trackpoint><Trackpoint><Time>2026-07-09T14:27:22.000Z</Time><Position><LatitudeDegrees>58.63659478890889</LatitudeDegrees><LongitudeDegrees>59.78035633805946</LongitudeDegrees></Position></Trackpoint><Trackpoint><Time>2026-07-09T14:27:23.000Z</Time><Position><LatitudeDegrees>58.63657412900038</LatitudeDegrees><LongitudeDegrees>59.78036850337438</LongitudeDegrees></Position></Trackpoint><Trackpoint><Time>2026-07-09T14:27:24.000Z</Time><Position><LatitudeDegrees>58.63655284736785</LatitudeDegrees><LongitudeDegrees>59.780381385931065</LongitudeDegrees></Position></Trackpoint><Trackpoint><Time>2026-07-09T14:27:25.000Z</Time><Position><LatitudeDegrees>58.63653012426901</LatitudeDegrees><LongitudeDegrees>59.780394868857655</LongitudeDegrees></Position></Trackpoint><Trackpoint><Time>2026-07-09T14:27:26.000Z</Time><Position><LatitudeDegrees>58.6365072759485</LatitudeDegrees><LongitudeDegrees>59.78040784774461</LongitudeDegrees></Position></Trackpoint><Trackpoint><Time>2026-07-09T14:27:27.000Z</Time><Position><LatitudeDegrees>58.63648290210932</LatitudeDegrees><LongitudeDegrees>59.780420911673225</LongitudeDegrees></Position></Trackpoint><Trackpoint><Time>2026-07-09T14:27:28.000Z</Time><Position><LatitudeDegrees>58.63645662186047</LatitudeDegrees><LongitudeDegrees>59.78043478194246</LongitudeDegrees></Position></Trackpoint><Trackpoint><Time>2026-07-09T14:27:29.000Z</Time><Position><LatitudeDegrees>58.6364280334125</LatitudeDegrees><LongitudeDegrees>59.78045014172531</LongitudeDegrees></Position></Trackpoint><Trackpoint><Time>2026-07-09T14:27:30.000Z</Time><Position><LatitudeDegrees>58.63639726754899</LatitudeDegrees><LongitudeDegrees>59.780467570808995</LongitudeDegrees></Position></Trackpoint><Trackpoint><Time>2026-07-09T14:27:31.000Z</Time><Position><LatitudeDegrees>58.63636514720959</LatitudeDegrees><LongitudeDegrees>59.78048606315636</LongitudeDegrees></Position></Trackpoint><Trackpoint><Time>2026-07-09T14:27:32.000Z</Time><Position><LatitudeDegrees>58.63633267476383</LatitudeDegrees><LongitudeDegrees>59.78050555759009</LongitudeDegrees></Position></Trackpoint><Trackpoint><Time>2026-07-09T14:27:33.000Z</Time><Position><LatitudeDegrees>58.63629932899199</LatitudeDegrees><LongitudeDegrees>59.78052590029906</LongitudeDegrees></Position></Trackpoint><Trackpoint><Time>2026-07-09T14:27:34.000Z</Time><Position><LatitudeDegrees>58.63626549693911</LatitudeDegrees><LongitudeDegrees>59.78054642945325</LongitudeDegrees></Position></Trackpoint><Trackpoint><Time>2026-07-09T14:27:35.000Z</Time><Position><LatitudeDegrees>58.63623140041668</LatitudeDegrees><LongitudeDegrees>59.78056733816966</LongitudeDegrees></Position></Trackpoint><Trackpoint><Time>2026-07-09T14:27:36.000Z</Time><Position><LatitudeDegrees>58.636196675107726</LatitudeDegrees><LongitudeDegrees>59.78058865726406</LongitudeDegrees></Position></Trackpoint><Trackpoint><Time>2026-07-09T14:27:37.000Z</Time><Position><LatitudeDegrees>58.636161251678146</LatitudeDegrees><LongitudeDegrees>59.78060985714541</LongitudeDegrees></Position></Trackpoint><Trackpoint><Time>2026-07-09T14:27:38.000Z</Time><Position><LatitudeDegrees>58.63612617039782</LatitudeDegrees><LongitudeDegrees>59.780631224621885</LongitudeDegrees></Position></Trackpoint><Trackpoint><Time>2026-07-09T14:27:39.000Z</Time><Position><LatitudeDegrees>58.63609181577024</LatitudeDegrees><LongitudeDegrees>59.78065236668946</LongitudeDegrees></Position></Trackpoint><Trackpoint><Time>2026-07-09T14:27:40.000Z</Time><Position><LatitudeDegrees>58.63605825288198</LatitudeDegrees><LongitudeDegrees>59.78067315042686</LongitudeDegrees></Position></Trackpoint><Trackpoint><Time>2026-07-09T14:27:41.000Z</Time><Position><LatitudeDegrees>58.63602393808746</LatitudeDegrees><LongitudeDegrees>59.78069405669443</LongitudeDegrees></Position></Trackpoint><Trackpoint><Time>2026-07-09T14:27:42.000Z</Time><Position><LatitudeDegrees>58.63598882177861</LatitudeDegrees><LongitudeDegrees>59.78071477818931</LongitudeDegrees></Position></Trackpoint><Trackpoint><Time>2026-07-09T14:27:43.000Z</Time><Position><LatitudeDegrees>58.635952986398316</LatitudeDegrees><LongitudeDegrees>59.78073521206923</LongitudeDegrees></Position></Trackpoint><Trackpoint><Time>2026-07-09T14:27:44.000Z</Time><Position><LatitudeDegrees>58.63591655819104</LatitudeDegrees><LongitudeDegrees>59.78075584250588</LongitudeDegrees></Position></Trackpoint><Trackpoint><Time>2026-07-09T14:27:45.000Z</Time><Position><LatitudeDegrees>58.635879665236914</LatitudeDegrees><LongitudeDegrees>59.78077733328017</LongitudeDegrees></Position></Trackpoint><Trackpoint><Time>2026-07-09T14:27:46.000Z</Time><Position><LatitudeDegrees>58.635842419933155</LatitudeDegrees><LongitudeDegrees>59.780799847336176</LongitudeDegrees></Position></Trackpoint><Trackpoint><Time>2026-07-09T14:27:47.000Z</Time><Position><LatitudeDegrees>58.63580540340285</LatitudeDegrees><LongitudeDegrees>59.78082283083243</LongitudeDegrees></Position></Trackpoint><Trackpoint><Time>2026-07-09T14:27:48.000Z</Time><Position><LatitudeDegrees>58.63576784638789</LatitudeDegrees><LongitudeDegrees>59.78084599542659</LongitudeDegrees></Position></Trackpoint><Trackpoint><Time>2026-07-09T14:27:49.000Z</Time><Position><LatitudeDegrees>58.63573048067378</LatitudeDegrees><LongitudeDegrees>59.78086919912603</LongitudeDegrees></Position></Trackpoint><Trackpoint><Time>2026-07-09T14:27:50.000Z</Time><Position><LatitudeDegrees>58.63569407269162</LatitudeDegrees><LongitudeDegrees>59.78089139921312</LongitudeDegrees></Position></Trackpoint><Trackpoint><Time>2026-07-09T14:27:51.000Z</Time><Position><LatitudeDegrees>58.63565832554924</LatitudeDegrees><LongitudeDegrees>59.78091278468469</LongitudeDegrees></Position></Trackpoint><Trackpoint><Time>2026-07-09T14:27:52.000Z</Time><Position><LatitudeDegrees>58.63562401137998</LatitudeDegrees><LongitudeDegrees>59.78093255870938</LongitudeDegrees></Position></Trackpoint><Trackpoint><Time>2026-07-09T14:27:53.000Z</Time><Position><LatitudeDegrees>58.63559224347543</LatitudeDegrees><LongitudeDegrees>59.780951089562855</LongitudeDegrees></Position></Trackpoint><Trackpoint><Time>2026-07-09T14:27:54.000Z</Time><Position><LatitudeDegrees>58.635563153516955</LatitudeDegrees><LongitudeDegrees>59.780969178083076</LongitudeDegrees></Position></Trackpoint><Trackpoint><Time>2026-07-09T14:27:55.000Z</Time><Position><LatitudeDegrees>58.635536941635635</LatitudeDegrees><LongitudeDegrees>59.780986721244</LongitudeDegrees></Position></Trackpoint><Trackpoint><Time>2026-07-09T14:27:56.000Z</Time><Position><LatitudeDegrees>58.63551381046589</LatitudeDegrees><LongitudeDegrees>59.781002277780246</LongitudeDegrees></Position></Trackpoint><Trackpoint><Time>2026-07-09T14:27:57.000Z</Time><Position><LatitudeDegrees>58.6354944272759</LatitudeDegrees><LongitudeDegrees>59.78101501950033</LongitudeDegrees></Position></Trackpoint><Trackpoint><Time>2026-07-09T14:27:58.000Z</Time><Position><LatitudeDegrees>58.63547907543205</LatitudeDegrees><LongitudeDegrees>59.781024476994155</LongitudeDegrees></Position></Trackpoint><Trackpoint><Time>2026-07-09T14:27:59.000Z</Time><Position><LatitudeDegrees>58.63546400578836</LatitudeDegrees><LongitudeDegrees>59.7810301068887</LongitudeDegrees></Position></Trackpoint><Trackpoint><Time>2026-07-09T14:28:00.000Z</Time><Position><LatitudeDegrees>58.635458172997744</LatitudeDegrees><LongitudeDegrees>59.78103351218942</LongitudeDegrees></Position></Trackpoint><Trackpoint><Time>2026-07-09T14:28:01.000Z</Time><Position><LatitudeDegrees>58.63545354445256</LatitudeDegrees><LongitudeDegrees>59.78103430307266</LongitudeDegrees></Position></Trackpoint><Trackpoint><Time>2026-07-09T14:28:02.000Z</Time><Position><LatitudeDegrees>58.63545035476387</LatitudeDegrees><LongitudeDegrees>59.78102957947935</LongitudeDegrees></Position></Trackpoint><Trackpoint><Time>2026-07-09T14:28:03.000Z</Time><Position><LatitudeDegrees>58.635448938185235</LatitudeDegrees><LongitudeDegrees>59.781029905191446</LongitudeDegrees></Position></Trackpoint><Trackpoint><Time>2026-07-09T14:28:04.000Z</Time><Position><LatitudeDegrees>58.635447803268235</LatitudeDegrees><LongitudeDegrees>59.781028911528885</LongitudeDegrees></Position></Trackpoint><Trackpoint><Time>2026-07-09T14:28:07.000Z</Time><Position><LatitudeDegrees>58.635440826416016</LatitudeDegrees><LongitudeDegrees>59.7810173034668</LongitudeDegrees></Position></Trackpoint><Trackpoint><Time>2026-07-09T14:28:09.000Z</Time><Position><LatitudeDegrees>58.635446930013764</LatitudeDegrees><LongitudeDegrees>59.78102750203893</LongitudeDegrees></Position></Trackpoint><Trackpoint><Time>2026-07-09T14:28:10.000Z</Time><Position><LatitudeDegrees>58.63544578699092</LatitudeDegrees><LongitudeDegrees>59.78102610220329</LongitudeDegrees></Position></Trackpoint><Trackpoint><Time>2026-07-09T14:28:11.000Z</Time><Position><LatitudeDegrees>58.6354441899631</LatitudeDegrees><LongitudeDegrees>59.78102488601041</LongitudeDegrees></Position></Trackpoint><Trackpoint><Time>2026-07-09T14:28:12.000Z</Time><Position><LatitudeDegrees>58.63544212132638</LatitudeDegrees><LongitudeDegrees>59.781024391154865</LongitudeDegrees></Position></Trackpoint><Trackpoint><Time>2026-07-09T14:28:16.000Z</Time><Position><LatitudeDegrees>58.63540878889216</LatitudeDegrees><LongitudeDegrees>59.781047758193765</LongitudeDegrees></Position></Trackpoint><Trackpoint><Time>2026-07-09T14:31:23.000Z</Time><Position><LatitudeDegrees>58.6353658799298</LatitudeDegrees><LongitudeDegrees>59.781078442843075</LongitudeDegrees></Position></Trackpoint><Trackpoint><Time>2026-07-09T14:31:24.000Z</Time><Position><LatitudeDegrees>58.635323065502305</LatitudeDegrees><LongitudeDegrees>59.781108202800084</LongitudeDegrees></Position></Trackpoint><Trackpoint><Time>2026-07-09T14:31:25.000Z</Time><Position><LatitudeDegrees>58.635284805953134</LatitudeDegrees><LongitudeDegrees>59.781135231124395</LongitudeDegrees></Position></Trackpoint><Trackpoint><Time>2026-07-09T14:31:26.000Z</Time><Position><LatitudeDegrees>58.63525186397811</LatitudeDegrees><LongitudeDegrees>59.78115913425862</LongitudeDegrees></Position></Trackpoint><Trackpoint><Time>2026-07-09T14:31:27.000Z</Time><Position><LatitudeDegrees>58.63522387117821</LatitudeDegrees><LongitudeDegrees>59.78118015123612</LongitudeDegrees></Position></Trackpoint><Trackpoint><Time>2026-07-09T14:31:28.000Z</Time><Position><LatitudeDegrees>58.63519906139407</LatitudeDegrees><LongitudeDegrees>59.78119875093265</LongitudeDegrees></Position></Trackpoint><Trackpoint><Time>2026-07-09T14:31:29.000Z</Time><Position><LatitudeDegrees>58.63517629872709</LatitudeDegrees><LongitudeDegrees>59.78121494709061</LongitudeDegrees></Position></Trackpoint><Trackpoint><Time>2026-07-09T14:31:30.000Z</Time><Position><LatitudeDegrees>58.63515485263198</LatitudeDegrees><LongitudeDegrees>59.7812285642495</LongitudeDegrees></Position></Trackpoint><Trackpoint><Time>2026-07-09T14:31:31.000Z</Time><Position><LatitudeDegrees>58.63513572209767</LatitudeDegrees><LongitudeDegrees>59.78123986115946</LongitudeDegrees></Position></Trackpoint><Trackpoint><Time>2026-07-09T14:31:32.000Z</Time><Position><LatitudeDegrees>58.6351190213424</LatitudeDegrees><LongitudeDegrees>59.781249242182874</LongitudeDegrees></Position></Trackpoint><Trackpoint><Time>2026-07-09T14:31:33.000Z</Time><Position><LatitudeDegrees>58.63510595437843</LatitudeDegrees><LongitudeDegrees>59.781256140529536</LongitudeDegrees></Position></Trackpoint><Trackpoint><Time>2026-07-09T14:31:34.000Z</Time><Position><LatitudeDegrees>58.63509606105595</LatitudeDegrees><LongitudeDegrees>59.781261620645395</LongitudeDegrees></Position></Trackpoint><Trackpoint><Time>2026-07-09T14:31:36.000Z</Time><Position><LatitudeDegrees>58.635066986083984</LatitudeDegrees><LongitudeDegrees>59.78127670288086</LongitudeDegrees></Position></Trackpoint><Trackpoint><Time>2026-07-09T14:31:37.000Z</Time><Position><LatitudeDegrees>58.63508776531658</LatitudeDegrees><LongitudeDegrees>59.781265813321944</LongitudeDegrees></Position></Trackpoint><Trackpoint><Time>2026-07-09T14:31:39.000Z</Time><Position><LatitudeDegrees>58.635080702650185</LatitudeDegrees><LongitudeDegrees>59.78126893766436</LongitudeDegrees></Position></Trackpoint><Trackpoint><Time>2026-07-09T14:31:41.000Z</Time><Position><LatitudeDegrees>58.63505554199219</LatitudeDegrees><LongitudeDegrees>59.78127670288086</LongitudeDegrees></Position></Trackpoint><Trackpoint><Time>2026-07-09T14:32:19.000Z</Time><Position><LatitudeDegrees>58.635068689348856</LatitudeDegrees><LongitudeDegrees>59.78127611713273</LongitudeDegrees></Position></Trackpoint><Trackpoint><Time>2026-07-09T14:32:20.000Z</Time><Position><LatitudeDegrees>58.635053241436296</LatitudeDegrees><LongitudeDegrees>59.781286003605764</LongitudeDegrees></Position></Trackpoint><Trackpoint><Time>2026-07-09T14:32:21.000Z</Time><Position><LatitudeDegrees>58.63503542408877</LatitudeDegrees><LongitudeDegrees>59.781299163274085</LongitudeDegrees></Position></Trackpoint><Trackpoint><Time>2026-07-09T14:32:22.000Z</Time><Position><LatitudeDegrees>58.63501549048416</LatitudeDegrees><LongitudeDegrees>59.78131589881482</LongitudeDegrees></Position></Trackpoint><Trackpoint><Time>2026-07-09T14:32:23.000Z</Time><Position><LatitudeDegrees>58.63499430611857</LatitudeDegrees><LongitudeDegrees>59.78133489670145</LongitudeDegrees></Position></Trackpoint><Trackpoint><Time>2026-07-09T14:32:24.000Z</Time><Position><LatitudeDegrees>58.63497238796544</LatitudeDegrees><LongitudeDegrees>59.78135385677944</LongitudeDegrees></Position></Trackpoint><Trackpoint><Time>2026-07-09T14:32:25.000Z</Time><Position><LatitudeDegrees>58.63495053272281</LatitudeDegrees><LongitudeDegrees>59.78137085739988</LongitudeDegrees></Position></Trackpoint><Trackpoint><Time>2026-07-09T14:32:26.000Z</Time><Position><LatitudeDegrees>58.63492808120179</LatitudeDegrees><LongitudeDegrees>59.78138535865708</LongitudeDegrees></Position></Trackpoint><Trackpoint><Time>2026-07-09T14:32:27.000Z</Time><Position><LatitudeDegrees>58.63490532806847</LatitudeDegrees><LongitudeDegrees>59.78139696937875</LongitudeDegrees></Position></Trackpoint><Trackpoint><Time>2026-07-09T14:32:28.000Z</Time><Position><LatitudeDegrees>58.634882433387645</LatitudeDegrees><LongitudeDegrees>59.78140589946294</LongitudeDegrees></Position></Trackpoint><Trackpoint><Time>2026-07-09T14:32:29.000Z</Time><Position><LatitudeDegrees>58.63485899163613</LatitudeDegrees><LongitudeDegrees>59.78141306901906</LongitudeDegrees></Position></Trackpoint><Trackpoint><Time>2026-07-09T14:32:30.000Z</Time><Position><LatitudeDegrees>58.63483441641103</LatitudeDegrees><LongitudeDegrees>59.781420062161196</LongitudeDegrees></Position></Trackpoint><Trackpoint><Time>2026-07-09T14:32:31.000Z</Time><Position><LatitudeDegrees>58.634808122081076</LatitudeDegrees><LongitudeDegrees>59.781427064312204</LongitudeDegrees></Position></Trackpoint><Trackpoint><Time>2026-07-09T14:32:32.000Z</Time><Position><LatitudeDegrees>58.63478057771891</LatitudeDegrees><LongitudeDegrees>59.78143512990036</LongitudeDegrees></Position></Trackpoint><Trackpoint><Time>2026-07-09T14:32:33.000Z</Time><Position><LatitudeDegrees>58.634752136944016</LatitudeDegrees><LongitudeDegrees>59.78144553590508</LongitudeDegrees></Position></Trackpoint><Trackpoint><Time>2026-07-09T14:32:34.000Z</Time><Position><LatitudeDegrees>58.63472355005254</LatitudeDegrees><LongitudeDegrees>59.78145703900829</LongitudeDegrees></Position></Trackpoint><Trackpoint><Time>2026-07-09T14:32:35.000Z</Time><Position><LatitudeDegrees>58.63469465518468</LatitudeDegrees><LongitudeDegrees>59.781469965580456</LongitudeDegrees></Position></Trackpoint><Trackpoint><Time>2026-07-09T14:32:36.000Z</Time><Position><LatitudeDegrees>58.63466542520947</LatitudeDegrees><LongitudeDegrees>59.78148328811049</LongitudeDegrees></Position></Trackpoint><Trackpoint><Time>2026-07-09T14:32:37.000Z</Time><Position><LatitudeDegrees>58.6346363815746</LatitudeDegrees><LongitudeDegrees>59.781497511835724</LongitudeDegrees></Position></Trackpoint><Trackpoint><Time>2026-07-09T14:32:38.000Z</Time><Position><LatitudeDegrees>58.63460624628129</LatitudeDegrees><LongitudeDegrees>59.7815132187733</LongitudeDegrees></Position></Trackpoint><Trackpoint><Time>2026-07-09T14:32:39.000Z</Time><Position><LatitudeDegrees>58.63457561234094</LatitudeDegrees><LongitudeDegrees>59.78153143747047</LongitudeDegrees></Position></Trackpoint><Trackpoint><Time>2026-07-09T14:32:40.000Z</Time><Position><LatitudeDegrees>58.63454429836541</LatitudeDegrees><LongitudeDegrees>59.7815508003049</LongitudeDegrees></Position></Trackpoint><Trackpoint><Time>2026-07-09T14:32:41.000Z</Time><Position><LatitudeDegrees>58.63451133771326</LatitudeDegrees><LongitudeDegrees>59.78157108680643</LongitudeDegrees></Position></Trackpoint><Trackpoint><Time>2026-07-09T14:32:42.000Z</Time><Position><LatitudeDegrees>58.63447703324838</LatitudeDegrees><LongitudeDegrees>59.78159159801621</LongitudeDegrees></Position></Trackpoint><Trackpoint><Time>2026-07-09T14:32:43.000Z</Time><Position><LatitudeDegrees>58.63444168217655</LatitudeDegrees><LongitudeDegrees>59.781612506849335</LongitudeDegrees></Position></Trackpoint><Trackpoint><Time>2026-07-09T14:32:44.000Z</Time><Position><LatitudeDegrees>58.63440603083806</LatitudeDegrees><LongitudeDegrees>59.781634323094266</LongitudeDegrees></Position></Trackpoint><Trackpoint><Time>2026-07-09T14:32:45.000Z</Time><Position><LatitudeDegrees>58.63436944591826</LatitudeDegrees><LongitudeDegrees>59.78165909867644</LongitudeDegrees></Position></Trackpoint><Trackpoint><Time>2026-07-09T14:32:46.000Z</Time><Position><LatitudeDegrees>58.63433276564204</LatitudeDegrees><LongitudeDegrees>59.781684850767626</LongitudeDegrees></Position></Trackpoint><Trackpoint><Time>2026-07-09T14:32:47.000Z</Time><Position><LatitudeDegrees>58.6342958578466</LatitudeDegrees><LongitudeDegrees>59.78171014782896</LongitudeDegrees></Position></Trackpoint><Trackpoint><Time>2026-07-09T14:32:48.000Z</Time><Position><LatitudeDegrees>58.634258697304645</LatitudeDegrees><LongitudeDegrees>59.7817344587074</LongitudeDegrees></Position></Trackpoint><Trackpoint><Time>2026-07-09T14:32:49.000Z</Time><Position><LatitudeDegrees>58.63422130606636</LatitudeDegrees><LongitudeDegrees>59.78175769123148</LongitudeDegrees></Position></Trackpoint><Trackpoint><Time>2026-07-09T14:32:50.000Z</Time><Position><LatitudeDegrees>58.63418421243288</LatitudeDegrees><LongitudeDegrees>59.78178043545771</LongitudeDegrees></Position></Trackpoint><Trackpoint><Time>2026-07-09T14:32:51.000Z</Time><Position><LatitudeDegrees>58.63414808538974</LatitudeDegrees><LongitudeDegrees>59.78180250745269</LongitudeDegrees></Position></Trackpoint><Trackpoint><Time>2026-07-09T14:32:52.000Z</Time><Position><LatitudeDegrees>58.63411258677645</LatitudeDegrees><LongitudeDegrees>59.78182391774637</LongitudeDegrees></Position></Trackpoint><Trackpoint><Time>2026-07-09T14:32:53.000Z</Time><Position><LatitudeDegrees>58.63407749666924</LatitudeDegrees><LongitudeDegrees>59.781844265993094</LongitudeDegrees></Position></Trackpoint><Trackpoint><Time>2026-07-09T14:32:54.000Z</Time><Position><LatitudeDegrees>58.6340421824544</LatitudeDegrees><LongitudeDegrees>59.781863034018656</LongitudeDegrees></Position></Trackpoint><Trackpoint><Time>2026-07-09T14:32:55.000Z</Time><Position><LatitudeDegrees>58.63400739158563</LatitudeDegrees><LongitudeDegrees>59.781880700851254</LongitudeDegrees></Position></Trackpoint><Trackpoint><Time>2026-07-09T14:32:56.000Z</Time><Position><LatitudeDegrees>58.6339733647186</LatitudeDegrees><LongitudeDegrees>59.781897605107126</LongitudeDegrees></Position></Trackpoint><Trackpoint><Time>2026-07-09T14:32:57.000Z</Time><Position><LatitudeDegrees>58.63393863407303</LatitudeDegrees><LongitudeDegrees>59.78191545294715</LongitudeDegrees></Position></Trackpoint><Trackpoint><Time>2026-07-09T14:32:58.000Z</Time><Position><LatitudeDegrees>58.633903175107584</LatitudeDegrees><LongitudeDegrees>59.78193874280264</LongitudeDegrees></Position></Trackpoint><Trackpoint><Time>2026-07-09T14:32:59.000Z</Time><Position><LatitudeDegrees>58.6338680504153</LatitudeDegrees><LongitudeDegrees>59.78196520152883</LongitudeDegrees></Position></Trackpoint><Trackpoint><Time>2026-07-09T14:33:00.000Z</Time><Position><LatitudeDegrees>58.633833165093364</LatitudeDegrees><LongitudeDegrees>59.78199250702791</LongitudeDegrees></Position></Trackpoint><Trackpoint><Time>2026-07-09T14:33:01.000Z</Time><Position><LatitudeDegrees>58.633798449334805</LatitudeDegrees><LongitudeDegrees>59.78201959430054</LongitudeDegrees></Position></Trackpoint><Trackpoint><Time>2026-07-09T14:33:02.000Z</Time><Position><LatitudeDegrees>58.63376287340635</LatitudeDegrees><LongitudeDegrees>59.782045073532295</LongitudeDegrees></Position></Trackpoint><Trackpoint><Time>2026-07-09T14:33:03.000Z</Time><Position><LatitudeDegrees>58.633726613241606</LatitudeDegrees><LongitudeDegrees>59.78206808913022</LongitudeDegrees></Position></Trackpoint><Trackpoint><Time>2026-07-09T14:33:04.000Z</Time><Position><LatitudeDegrees>58.63369031872723</LatitudeDegrees><LongitudeDegrees>59.782089094546905</LongitudeDegrees></Position></Trackpoint><Trackpoint><Time>2026-07-09T14:33:05.000Z</Time><Position><LatitudeDegrees>58.63365475152755</LatitudeDegrees><LongitudeDegrees>59.78211000336483</LongitudeDegrees></Position></Trackpoint><Trackpoint><Time>2026-07-09T14:33:06.000Z</Time><Position><LatitudeDegrees>58.6336201319716</LatitudeDegrees><LongitudeDegrees>59.78213161605936</LongitudeDegrees></Position></Trackpoint><Trackpoint><Time>2026-07-09T14:33:07.000Z</Time><Position><LatitudeDegrees>58.63358740839082</LatitudeDegrees><LongitudeDegrees>59.78215319273023</LongitudeDegrees></Position></Trackpoint><Trackpoint><Time>2026-07-09T14:33:08.000Z</Time><Position><LatitudeDegrees>58.633556238383555</LatitudeDegrees><LongitudeDegrees>59.78217345406416</LongitudeDegrees></Position></Trackpoint><Trackpoint><Time>2026-07-09T14:33:09.000Z</Time><Position><LatitudeDegrees>58.633525302317345</LatitudeDegrees><LongitudeDegrees>59.7821920420188</LongitudeDegrees></Position></Trackpoint><Trackpoint><Time>2026-07-09T14:33:10.000Z</Time><Position><LatitudeDegrees>58.63349402669756</LatitudeDegrees><LongitudeDegrees>59.78221049274792</LongitudeDegrees></Position></Trackpoint><Trackpoint><Time>2026-07-09T14:33:11.000Z</Time><Position><LatitudeDegrees>58.63346123969993</LatitudeDegrees><LongitudeDegrees>59.782229456503565</LongitudeDegrees></Position></Trackpoint><Trackpoint><Time>2026-07-09T14:33:12.000Z</Time><Position><LatitudeDegrees>58.63342665271121</LatitudeDegrees><LongitudeDegrees>59.78225011445626</LongitudeDegrees></Position></Trackpoint><Trackpoint><Time>2026-07-09T14:33:13.000Z</Time><Position><LatitudeDegrees>58.63338988828634</LatitudeDegrees><LongitudeDegrees>59.7822727356038</LongitudeDegrees></Position></Trackpoint><Trackpoint><Time>2026-07-09T14:33:14.000Z</Time><Position><LatitudeDegrees>58.63335009123026</LatitudeDegrees><LongitudeDegrees>59.78229668914473</LongitudeDegrees></Position></Trackpoint><Trackpoint><Time>2026-07-09T14:33:15.000Z</Time><Position><LatitudeDegrees>58.63330925702123</LatitudeDegrees><LongitudeDegrees>59.78232056506207</LongitudeDegrees></Position></Trackpoint><Trackpoint><Time>2026-07-09T14:33:16.000Z</Time><Position><LatitudeDegrees>58.633268340580756</LatitudeDegrees><LongitudeDegrees>59.78234477184792</LongitudeDegrees></Position></Trackpoint><Trackpoint><Time>2026-07-09T14:33:17.000Z</Time><Position><LatitudeDegrees>58.63322529767853</LatitudeDegrees><LongitudeDegrees>59.78237188331956</LongitudeDegrees></Position></Trackpoint><Trackpoint><Time>2026-07-09T14:33:18.000Z</Time><Position><LatitudeDegrees>58.63317906974988</LatitudeDegrees><LongitudeDegrees>59.78239964898505</LongitudeDegrees></Position></Trackpoint><Trackpoint><Time>2026-07-09T14:33:19.000Z</Time><Position><LatitudeDegrees>58.63313158807837</LatitudeDegrees><LongitudeDegrees>59.78242901649444</LongitudeDegrees></Position></Trackpoint><Trackpoint><Time>2026-07-09T14:33:20.000Z</Time><Position><LatitudeDegrees>58.63308380894697</LatitudeDegrees><LongitudeDegrees>59.782458212084904</LongitudeDegrees></Position></Trackpoint><Trackpoint><Time>2026-07-09T14:33:21.000Z</Time><Position><LatitudeDegrees>58.63303665397404</LatitudeDegrees><LongitudeDegrees>59.78248554810607</LongitudeDegrees></Position></Trackpoint><Trackpoint><Time>2026-07-09T14:33:22.000Z</Time><Position><LatitudeDegrees>58.63299091221358</LatitudeDegrees><LongitudeDegrees>59.78251056820012</LongitudeDegrees></Position></Trackpoint><Trackpoint><Time>2026-07-09T14:33:23.000Z</Time><Position><LatitudeDegrees>58.63294574801942</LatitudeDegrees><LongitudeDegrees>59.78253289205882</LongitudeDegrees></Position></Trackpoint><Trackpoint><Time>2026-07-09T14:33:24.000Z</Time><Position><LatitudeDegrees>58.63290123272546</LatitudeDegrees><LongitudeDegrees>59.7825531987269</LongitudeDegrees></Position></Trackpoint><Trackpoint><Time>2026-07-09T14:33:25.000Z</Time><Position><LatitudeDegrees>58.632858291645256</LatitudeDegrees><LongitudeDegrees>59.78257251637161</LongitudeDegrees></Position></Trackpoint><Trackpoint><Time>2026-07-09T14:33:26.000Z</Time><Position><LatitudeDegrees>58.63281661419522</LatitudeDegrees><LongitudeDegrees>59.78259237458739</LongitudeDegrees></Position></Trackpoint><Trackpoint><Time>2026-07-09T14:33:27.000Z</Time><Position><LatitudeDegrees>58.63277591028165</LatitudeDegrees><LongitudeDegrees>59.78261333393076</LongitudeDegrees></Position></Trackpoint><Trackpoint><Time>2026-07-09T14:33:28.000Z</Time><Position><LatitudeDegrees>58.632734956261125</LatitudeDegrees><LongitudeDegrees>59.7826345047083</LongitudeDegrees></Position></Trackpoint><Trackpoint><Time>2026-07-09T14:33:29.000Z</Time><Position><LatitudeDegrees>58.63269425951856</LatitudeDegrees><LongitudeDegrees>59.78265598298795</LongitudeDegrees></Position></Trackpoint><Trackpoint><Time>2026-07-09T14:33:30.000Z</Time><Position><LatitudeDegrees>58.63265350638012</LatitudeDegrees><LongitudeDegrees>59.78267825847687</LongitudeDegrees></Position></Trackpoint><Trackpoint><Time>2026-07-09T14:33:31.000Z</Time><Position><LatitudeDegrees>58.6326125749028</LatitudeDegrees><LongitudeDegrees>59.78270094092159</LongitudeDegrees></Position></Trackpoint><Trackpoint><Time>2026-07-09T14:33:32.000Z</Time><Position><LatitudeDegrees>58.632571927366534</LatitudeDegrees><LongitudeDegrees>59.78272479659179</LongitudeDegrees></Position></Trackpoint><Trackpoint><Time>2026-07-09T14:33:33.000Z</Time><Position><LatitudeDegrees>58.632532696931456</LatitudeDegrees><LongitudeDegrees>59.78274852164931</LongitudeDegrees></Position></Trackpoint><Trackpoint><Time>2026-07-09T14:33:34.000Z</Time><Position><LatitudeDegrees>58.6324951683879</LatitudeDegrees><LongitudeDegrees>59.78277208550467</LongitudeDegrees></Position></Trackpoint><Trackpoint><Time>2026-07-09T14:33:35.000Z</Time><Position><LatitudeDegrees>58.632459730197446</LatitudeDegrees><LongitudeDegrees>59.78279598586077</LongitudeDegrees></Position></Trackpoint><Trackpoint><Time>2026-07-09T14:33:36.000Z</Time><Position><LatitudeDegrees>58.63242676365849</LatitudeDegrees><LongitudeDegrees>59.78281940527768</LongitudeDegrees></Position></Trackpoint><Trackpoint><Time>2026-07-09T14:33:37.000Z</Time><Position><LatitudeDegrees>58.632397087790935</LatitudeDegrees><LongitudeDegrees>59.78284108961293</LongitudeDegrees></Position></Trackpoint><Trackpoint><Time>2026-07-09T14:33:38.000Z</Time><Position><LatitudeDegrees>58.632370617541795</LatitudeDegrees><LongitudeDegrees>59.78286123467458</LongitudeDegrees></Position></Trackpoint><Trackpoint><Time>2026-07-09T14:33:39.000Z</Time><Position><LatitudeDegrees>58.63234690644714</LatitudeDegrees><LongitudeDegrees>59.78287913944509</LongitudeDegrees></Position></Trackpoint><Trackpoint><Time>2026-07-09T14:33:40.000Z</Time><Position><LatitudeDegrees>58.63232639572618</LatitudeDegrees><LongitudeDegrees>59.78289480276007</LongitudeDegrees></Position></Trackpoint><Trackpoint><Time>2026-07-09T14:33:41.000Z</Time><Position><LatitudeDegrees>58.63230885632458</LatitudeDegrees><LongitudeDegrees>59.78290802221675</LongitudeDegrees></Position></Trackpoint><Trackpoint><Time>2026-07-09T14:33:42.000Z</Time><Position><LatitudeDegrees>58.632294302156396</LatitudeDegrees><LongitudeDegrees>59.78291853851385</LongitudeDegrees></Position></Trackpoint><Trackpoint><Time>2026-07-09T14:33:43.000Z</Time><Position><LatitudeDegrees>58.632282845412334</LatitudeDegrees><LongitudeDegrees>59.78292708141949</LongitudeDegrees></Position></Trackpoint><Trackpoint><Time>2026-07-09T14:33:44.000Z</Time><Position><LatitudeDegrees>58.632270334840314</LatitudeDegrees><LongitudeDegrees>59.78293577760645</LongitudeDegrees></Position></Trackpoint><Trackpoint><Time>2026-07-09T14:33:46.000Z</Time><Position><LatitudeDegrees>58.63226512696044</LatitudeDegrees><LongitudeDegrees>59.78293978547049</LongitudeDegrees></Position></Trackpoint><Trackpoint><Time>2026-07-09T14:33:47.000Z</Time><Position><LatitudeDegrees>58.63226028470058</LatitudeDegrees><LongitudeDegrees>59.78294292097164</LongitudeDegrees></Position></Trackpoint><Trackpoint><Time>2026-07-09T14:33:48.000Z</Time><Position><LatitudeDegrees>58.63225312338598</LatitudeDegrees><LongitudeDegrees>59.78294594251915</LongitudeDegrees></Position></Trackpoint><Trackpoint><Time>2026-07-09T14:33:57.000Z</Time><Position><LatitudeDegrees>58.63224721229694</LatitudeDegrees><LongitudeDegrees>59.782950171486796</LongitudeDegrees></Position></Trackpoint><Trackpoint><Time>2026-07-09T14:33:58.000Z</Time><Position><LatitudeDegrees>58.63223703559274</LatitudeDegrees><LongitudeDegrees>59.78295745073313</LongitudeDegrees></Position></Trackpoint><Trackpoint><Time>2026-07-09T14:33:59.000Z</Time><Position><LatitudeDegrees>58.632222981056216</LatitudeDegrees><LongitudeDegrees>59.78296652073755</LongitudeDegrees></Position></Trackpoint><Trackpoint><Time>2026-07-09T14:34:00.000Z</Time><Position><LatitudeDegrees>58.632205706103186</LatitudeDegrees><LongitudeDegrees>59.78297565372515</LongitudeDegrees></Position></Trackpoint><Trackpoint><Time>2026-07-09T14:34:01.000Z</Time><Position><LatitudeDegrees>58.632186874036215</LatitudeDegrees><LongitudeDegrees>59.78298559888867</LongitudeDegrees></Position></Trackpoint><Trackpoint><Time>2026-07-09T14:34:02.000Z</Time><Position><LatitudeDegrees>58.63216688010137</LatitudeDegrees><LongitudeDegrees>59.782996560529114</LongitudeDegrees></Position></Trackpoint><Trackpoint><Time>2026-07-09T14:34:03.000Z</Time><Position><LatitudeDegrees>58.63214505697691</LatitudeDegrees><LongitudeDegrees>59.783008981931786</LongitudeDegrees></Position></Trackpoint><Trackpoint><Time>2026-07-09T14:34:04.000Z</Time><Position><LatitudeDegrees>58.632122343832435</LatitudeDegrees><LongitudeDegrees>59.783021879076855</LongitudeDegrees></Position></Trackpoint><Trackpoint><Time>2026-07-09T14:34:05.000Z</Time><Position><LatitudeDegrees>58.63209875207142</LatitudeDegrees><LongitudeDegrees>59.783033806430076</LongitudeDegrees></Position></Trackpoint><Trackpoint><Time>2026-07-09T14:34:06.000Z</Time><Position><LatitudeDegrees>58.632074399159286</LatitudeDegrees><LongitudeDegrees>59.783042824311714</LongitudeDegrees></Position></Trackpoint><Trackpoint><Time>2026-07-09T14:34:07.000Z</Time><Position><LatitudeDegrees>58.632048451943575</LatitudeDegrees><LongitudeDegrees>59.78304850732323</LongitudeDegrees></Position></Trackpoint><Trackpoint><Time>2026-07-09T14:34:08.000Z</Time><Position><LatitudeDegrees>58.63202126154139</LatitudeDegrees><LongitudeDegrees>59.78305110829687</LongitudeDegrees></Position></Trackpoint><Trackpoint><Time>2026-07-09T14:34:09.000Z</Time><Position><LatitudeDegrees>58.63199264250495</LatitudeDegrees><LongitudeDegrees>59.78305259576411</LongitudeDegrees></Position></Trackpoint><Trackpoint><Time>2026-07-09T14:34:10.000Z</Time><Position><LatitudeDegrees>58.6319627018237</LatitudeDegrees><LongitudeDegrees>59.783053923348746</LongitudeDegrees></Position></Trackpoint><Trackpoint><Time>2026-07-09T14:34:11.000Z</Time><Position><LatitudeDegrees>58.6319316531906</LatitudeDegrees><LongitudeDegrees>59.78305599391615</LongitudeDegrees></Position></Trackpoint><Trackpoint><Time>2026-07-09T14:34:12.000Z</Time><Position><LatitudeDegrees>58.631899726815455</LatitudeDegrees><LongitudeDegrees>59.78306202159939</LongitudeDegrees></Position></Trackpoint><Trackpoint><Time>2026-07-09T14:34:13.000Z</Time><Position><LatitudeDegrees>58.631866640552595</LatitudeDegrees><LongitudeDegrees>59.78307184297459</LongitudeDegrees></Position></Trackpoint><Trackpoint><Time>2026-07-09T14:34:14.000Z</Time><Position><LatitudeDegrees>58.631832916685475</LatitudeDegrees><LongitudeDegrees>59.78308588304496</LongitudeDegrees></Position></Trackpoint><Trackpoint><Time>2026-07-09T14:34:15.000Z</Time><Position><LatitudeDegrees>58.631798362532756</LatitudeDegrees><LongitudeDegrees>59.78310377537785</LongitudeDegrees></Position></Trackpoint><Trackpoint><Time>2026-07-09T14:34:16.000Z</Time><Position><LatitudeDegrees>58.63176300530774</LatitudeDegrees><LongitudeDegrees>59.78312585385327</LongitudeDegrees></Position></Trackpoint><Trackpoint><Time>2026-07-09T14:34:17.000Z</Time><Position><LatitudeDegrees>58.63172744890151</LatitudeDegrees><LongitudeDegrees>59.78315073946783</LongitudeDegrees></Position></Trackpoint><Trackpoint><Time>2026-07-09T14:34:18.000Z</Time><Position><LatitudeDegrees>58.63169147797053</LatitudeDegrees><LongitudeDegrees>59.78317799362051</LongitudeDegrees></Position></Trackpoint><Trackpoint><Time>2026-07-09T14:34:19.000Z</Time><Position><LatitudeDegrees>58.63165456742216</LatitudeDegrees><LongitudeDegrees>59.78320615246128</LongitudeDegrees></Position></Trackpoint><Trackpoint><Time>2026-07-09T14:34:20.000Z</Time><Position><LatitudeDegrees>58.63161711121483</LatitudeDegrees><LongitudeDegrees>59.783235476233756</LongitudeDegrees></Position></Trackpoint><Trackpoint><Time>2026-07-09T14:34:21.000Z</Time><Position><LatitudeDegrees>58.63157885201764</LatitudeDegrees><LongitudeDegrees>59.783267391429575</LongitudeDegrees></Position></Trackpoint><Trackpoint><Time>2026-07-09T14:34:22.000Z</Time><Position><LatitudeDegrees>58.63153880769445</LatitudeDegrees><LongitudeDegrees>59.78330411136278</LongitudeDegrees></Position></Trackpoint><Trackpoint><Time>2026-07-09T14:34:23.000Z</Time><Position><LatitudeDegrees>58.63149729249766</LatitudeDegrees><LongitudeDegrees>59.78334201398419</LongitudeDegrees></Position></Trackpoint><Trackpoint><Time>2026-07-09T14:34:24.000Z</Time><Position><LatitudeDegrees>58.6314541350207</LatitudeDegrees><LongitudeDegrees>59.783378966206286</LongitudeDegrees></Position></Trackpoint><Trackpoint><Time>2026-07-09T14:34:25.000Z</Time><Position><LatitudeDegrees>58.63140996506739</LatitudeDegrees><LongitudeDegrees>59.783413232313585</LongitudeDegrees></Position></Trackpoint><Trackpoint><Time>2026-07-09T14:34:26.000Z</Time><Position><LatitudeDegrees>58.631365171961775</LatitudeDegrees><LongitudeDegrees>59.7834459110712</LongitudeDegrees></Position></Trackpoint><Trackpoint><Time>2026-07-09T14:34:27.000Z</Time><Position><LatitudeDegrees>58.63132048563175</LatitudeDegrees><LongitudeDegrees>59.78347716911054</LongitudeDegrees></Position></Trackpoint><Trackpoint><Time>2026-07-09T14:34:28.000Z</Time><Position><LatitudeDegrees>58.63127570337084</LatitudeDegrees><LongitudeDegrees>59.78350578857116</LongitudeDegrees></Position></Trackpoint><Trackpoint><Time>2026-07-09T14:34:29.000Z</Time><Position><LatitudeDegrees>58.63123026439975</LatitudeDegrees><LongitudeDegrees>59.78353307538697</LongitudeDegrees></Position></Trackpoint><Trackpoint><Time>2026-07-09T14:34:30.000Z</Time><Position><LatitudeDegrees>58.6311840220586</LatitudeDegrees><LongitudeDegrees>59.78356022803866</LongitudeDegrees></Position></Trackpoint><Trackpoint><Time>2026-07-09T14:34:31.000Z</Time><Position><LatitudeDegrees>58.63113652944869</LatitudeDegrees><LongitudeDegrees>59.783587267709684</LongitudeDegrees></Position></Trackpoint><Trackpoint><Time>2026-07-09T14:34:32.000Z</Time><Position><LatitudeDegrees>58.631088742213564</LatitudeDegrees><LongitudeDegrees>59.783614217625</LongitudeDegrees></Position></Trackpoint><Trackpoint><Time>2026-07-09T14:34:33.000Z</Time><Position><LatitudeDegrees>58.63104158134443</LatitudeDegrees><LongitudeDegrees>59.7836406092588</LongitudeDegrees></Position></Trackpoint><Trackpoint><Time>2026-07-09T14:34:34.000Z</Time><Position><LatitudeDegrees>58.630994366521804</LatitudeDegrees><LongitudeDegrees>59.78366632131113</LongitudeDegrees></Position></Trackpoint><Trackpoint><Time>2026-07-09T14:34:35.000Z</Time><Position><LatitudeDegrees>58.63094731410291</LatitudeDegrees><LongitudeDegrees>59.783692370271105</LongitudeDegrees></Position></Trackpoint><Trackpoint><Time>2026-07-09T14:34:36.000Z</Time><Position><LatitudeDegrees>58.6309004923466</LatitudeDegrees><LongitudeDegrees>59.78371962113187</LongitudeDegrees></Position></Trackpoint><Trackpoint><Time>2026-07-09T14:34:37.000Z</Time><Position><LatitudeDegrees>58.63085438936955</LatitudeDegrees><LongitudeDegrees>59.78374925508555</LongitudeDegrees></Position></Trackpoint><Trackpoint><Time>2026-07-09T14:34:38.000Z</Time><Position><LatitudeDegrees>58.63080813471904</LatitudeDegrees><LongitudeDegrees>59.78377949427761</LongitudeDegrees></Position></Trackpoint><Trackpoint><Time>2026-07-09T14:34:39.000Z</Time><Position><LatitudeDegrees>58.63076187899128</LatitudeDegrees><LongitudeDegrees>59.78380952884682</LongitudeDegrees></Position></Trackpoint><Trackpoint><Time>2026-07-09T14:34:40.000Z</Time><Position><LatitudeDegrees>58.63071568434508</LatitudeDegrees><LongitudeDegrees>59.78383954113898</LongitudeDegrees></Position></Trackpoint><Trackpoint><Time>2026-07-09T14:34:41.000Z</Time><Position><LatitudeDegrees>58.63066956853977</LatitudeDegrees><LongitudeDegrees>59.78386862988816</LongitudeDegrees></Position></Trackpoint><Trackpoint><Time>2026-07-09T14:34:42.000Z</Time><Position><LatitudeDegrees>58.63062303915953</LatitudeDegrees><LongitudeDegrees>59.78389996973267</LongitudeDegrees></Position></Trackpoint><Trackpoint><Time>2026-07-09T14:34:43.000Z</Time><Position><LatitudeDegrees>58.630575456882184</LatitudeDegrees><LongitudeDegrees>59.78393359994852</LongitudeDegrees></Position></Trackpoint><Trackpoint><Time>2026-07-09T14:34:44.000Z</Time><Position><LatitudeDegrees>58.63052816238316</LatitudeDegrees><LongitudeDegrees>59.783966305081464</LongitudeDegrees></Position></Trackpoint><Trackpoint><Time>2026-07-09T14:34:45.000Z</Time><Position><LatitudeDegrees>58.63048069164014</LatitudeDegrees><LongitudeDegrees>59.78399883807569</LongitudeDegrees></Position></Trackpoint><Trackpoint><Time>2026-07-09T14:34:46.000Z</Time><Position><LatitudeDegrees>58.63043385539516</LatitudeDegrees><LongitudeDegrees>59.78403104150185</LongitudeDegrees></Position></Trackpoint><Trackpoint><Time>2026-07-09T14:34:47.000Z</Time><Position><LatitudeDegrees>58.630387416491345</LatitudeDegrees><LongitudeDegrees>59.784063382435455</LongitudeDegrees></Position></Trackpoint><Trackpoint><Time>2026-07-09T14:34:48.000Z</Time><Position><LatitudeDegrees>58.63034073665082</LatitudeDegrees><LongitudeDegrees>59.7840955459743</LongitudeDegrees></Position></Trackpoint><Trackpoint><Time>2026-07-09T14:34:49.000Z</Time><Position><LatitudeDegrees>58.630293583933344</LatitudeDegrees><LongitudeDegrees>59.78412693558889</LongitudeDegrees></Position></Trackpoint><Trackpoint><Time>2026-07-09T14:34:50.000Z</Time><Position><LatitudeDegrees>58.630246902732466</LatitudeDegrees><LongitudeDegrees>59.78415740494047</LongitudeDegrees></Position></Trackpoint><Trackpoint><Time>2026-07-09T14:34:51.000Z</Time><Position><LatitudeDegrees>58.63020053185188</LatitudeDegrees><LongitudeDegrees>59.78418701187625</LongitudeDegrees></Position></Trackpoint><Trackpoint><Time>2026-07-09T14:34:52.000Z</Time><Position><LatitudeDegrees>58.63015485468705</LatitudeDegrees><LongitudeDegrees>59.78421589090939</LongitudeDegrees></Position></Trackpoint><Trackpoint><Time>2026-07-09T14:34:53.000Z</Time><Position><LatitudeDegrees>58.63010945048503</LatitudeDegrees><LongitudeDegrees>59.78424468047272</LongitudeDegrees></Position></Trackpoint><Trackpoint><Time>2026-07-09T14:34:54.000Z</Time><Position><LatitudeDegrees>58.630064110931364</LatitudeDegrees><LongitudeDegrees>59.784273165366855</LongitudeDegrees></Position></Trackpoint><Trackpoint><Time>2026-07-09T14:34:55.000Z</Time><Position><LatitudeDegrees>58.63001874193769</LatitudeDegrees><LongitudeDegrees>59.78430080645874</LongitudeDegrees></Position></Trackpoint><Trackpoint><Time>2026-07-09T14:34:56.000Z</Time><Position><LatitudeDegrees>58.62997330853386</LatitudeDegrees><LongitudeDegrees>59.784328469237366</LongitudeDegrees></Position></Trackpoint><Trackpoint><Time>2026-07-09T14:34:57.000Z</Time><Position><LatitudeDegrees>58.62992829419558</LatitudeDegrees><LongitudeDegrees>59.78435650735651</LongitudeDegrees></Position></Trackpoint><Trackpoint><Time>2026-07-09T14:34:58.000Z</Time><Position><LatitudeDegrees>58.62988482346906</LatitudeDegrees><LongitudeDegrees>59.78438452867759</LongitudeDegrees></Position></Trackpoint><Trackpoint><Time>2026-07-09T14:34:59.000Z</Time><Position><LatitudeDegrees>58.629842671749095</LatitudeDegrees><LongitudeDegrees>59.784410905029</LongitudeDegrees></Position></Trackpoint><Trackpoint><Time>2026-07-09T14:35:00.000Z</Time><Position><LatitudeDegrees>58.62980108763264</LatitudeDegrees><LongitudeDegrees>59.78443664583661</LongitudeDegrees></Position></Trackpoint><Trackpoint><Time>2026-07-09T14:35:01.000Z</Time><Position><LatitudeDegrees>58.62975968881583</LatitudeDegrees><LongitudeDegrees>59.784462248386724</LongitudeDegrees></Position></Trackpoint><Trackpoint><Time>2026-07-09T14:35:02.000Z</Time><Position><LatitudeDegrees>58.62971780445963</LatitudeDegrees><LongitudeDegrees>59.784486466391726</LongitudeDegrees></Position></Trackpoint><Trackpoint><Time>2026-07-09T14:35:03.000Z</Time><Position><LatitudeDegrees>58.6296752206084</LatitudeDegrees><LongitudeDegrees>59.784508964293074</LongitudeDegrees></Position></Trackpoint><Trackpoint><Time>2026-07-09T14:35:04.000Z</Time><Position><LatitudeDegrees>58.62963144931658</LatitudeDegrees><LongitudeDegrees>59.78453080389052</LongitudeDegrees></Position></Trackpoint><Trackpoint><Time>2026-07-09T14:35:05.000Z</Time><Position><LatitudeDegrees>58.62958693164873</LatitudeDegrees><LongitudeDegrees>59.784552017350286</LongitudeDegrees></Position></Trackpoint><Trackpoint><Time>2026-07-09T14:35:06.000Z</Time><Position><LatitudeDegrees>58.6295419450462</LatitudeDegrees><LongitudeDegrees>59.78457269828333</LongitudeDegrees></Position></Trackpoint><Trackpoint><Time>2026-07-09T14:35:07.000Z</Time><Position><LatitudeDegrees>58.62949666395563</LatitudeDegrees><LongitudeDegrees>59.78459295359075</LongitudeDegrees></Position></Trackpoint><Trackpoint><Time>2026-07-09T14:35:08.000Z</Time><Position><LatitudeDegrees>58.62945168762768</LatitudeDegrees><LongitudeDegrees>59.784612392315786</LongitudeDegrees></Position></Trackpoint><Trackpoint><Time>2026-07-09T14:35:09.000Z</Time><Position><LatitudeDegrees>58.629406734127315</LatitudeDegrees><LongitudeDegrees>59.78463144786713</LongitudeDegrees></Position></Trackpoint><Trackpoint><Time>2026-07-09T14:35:10.000Z</Time><Position><LatitudeDegrees>58.62936070519316</LatitudeDegrees><LongitudeDegrees>59.78465034791669</LongitudeDegrees></Position></Trackpoint><Trackpoint><Time>2026-07-09T14:35:11.000Z</Time><Position><LatitudeDegrees>58.629312796944234</LatitudeDegrees><LongitudeDegrees>59.78466920618578</LongitudeDegrees></Position></Trackpoint><Trackpoint><Time>2026-07-09T14:35:12.000Z</Time><Position><LatitudeDegrees>58.62926340913338</LatitudeDegrees><LongitudeDegrees>59.78468709564986</LongitudeDegrees></Position></Trackpoint><Trackpoint><Time>2026-07-09T14:35:13.000Z</Time><Position><LatitudeDegrees>58.62921387551291</LatitudeDegrees><LongitudeDegrees>59.78470375887394</LongitudeDegrees></Position></Trackpoint><Trackpoint><Time>2026-07-09T14:35:14.000Z</Time><Position><LatitudeDegrees>58.629163784859706</LatitudeDegrees><LongitudeDegrees>59.78471973683439</LongitudeDegrees></Position></Trackpoint><Trackpoint><Time>2026-07-09T14:35:15.000Z</Time><Position><LatitudeDegrees>58.62911401853393</LatitudeDegrees><LongitudeDegrees>59.78473387144401</LongitudeDegrees></Position></Trackpoint><Trackpoint><Time>2026-07-09T14:35:16.000Z</Time><Position><LatitudeDegrees>58.629065877103386</LatitudeDegrees><LongitudeDegrees>59.784746411965784</LongitudeDegrees></Position></Trackpoint><Trackpoint><Time>2026-07-09T14:35:17.000Z</Time><Position><LatitudeDegrees>58.62902115646428</LatitudeDegrees><LongitudeDegrees>59.78475717604266</LongitudeDegrees></Position></Trackpoint><Trackpoint><Time>2026-07-09T14:35:18.000Z</Time><Position><LatitudeDegrees>58.62898064678377</LatitudeDegrees><LongitudeDegrees>59.78477170229474</LongitudeDegrees></Position></Trackpoint><Trackpoint><Time>2026-07-09T14:35:19.000Z</Time><Position><LatitudeDegrees>58.62894413300889</LatitudeDegrees><LongitudeDegrees>59.78479032000914</LongitudeDegrees></Position></Trackpoint><Trackpoint><Time>2026-07-09T14:35:20.000Z</Time><Position><LatitudeDegrees>58.6289105240946</LatitudeDegrees><LongitudeDegrees>59.78481312927489</LongitudeDegrees></Position></Trackpoint><Trackpoint><Time>2026-07-09T14:35:21.000Z</Time><Position><LatitudeDegrees>58.6288789978777</LatitudeDegrees><LongitudeDegrees>59.78484061255396</LongitudeDegrees></Position></Trackpoint><Trackpoint><Time>2026-07-09T14:35:22.000Z</Time><Position><LatitudeDegrees>58.62884796923167</LatitudeDegrees><LongitudeDegrees>59.78487187902713</LongitudeDegrees></Position></Trackpoint><Trackpoint><Time>2026-07-09T14:35:23.000Z</Time><Position><LatitudeDegrees>58.628817211096724</LatitudeDegrees><LongitudeDegrees>59.78490313859438</LongitudeDegrees></Position></Trackpoint><Trackpoint><Time>2026-07-09T14:35:24.000Z</Time><Position><LatitudeDegrees>58.62878659524235</LatitudeDegrees><LongitudeDegrees>59.784934300084366</LongitudeDegrees></Position></Trackpoint><Trackpoint><Time>2026-07-09T14:35:25.000Z</Time><Position><LatitudeDegrees>58.62875507137625</LatitudeDegrees><LongitudeDegrees>59.78496729698023</LongitudeDegrees></Position></Trackpoint><Trackpoint><Time>2026-07-09T14:35:26.000Z</Time><Position><LatitudeDegrees>58.62872330271616</LatitudeDegrees><LongitudeDegrees>59.785001710761996</LongitudeDegrees></Position></Trackpoint><Trackpoint><Time>2026-07-09T14:35:27.000Z</Time><Position><LatitudeDegrees>58.62869208342685</LatitudeDegrees><LongitudeDegrees>59.78503767682464</LongitudeDegrees></Position></Trackpoint><Trackpoint><Time>2026-07-09T14:35:28.000Z</Time><Position><LatitudeDegrees>58.628661180450315</LatitudeDegrees><LongitudeDegrees>59.78507456208482</LongitudeDegrees></Position></Trackpoint><Trackpoint><Time>2026-07-09T14:35:29.000Z</Time><Position><LatitudeDegrees>58.62863094681784</LatitudeDegrees><LongitudeDegrees>59.785112477450696</LongitudeDegrees></Position></Trackpoint><Trackpoint><Time>2026-07-09T14:35:30.000Z</Time><Position><LatitudeDegrees>58.62860340045268</LatitudeDegrees><LongitudeDegrees>59.78515280521731</LongitudeDegrees></Position></Trackpoint><Trackpoint><Time>2026-07-09T14:35:31.000Z</Time><Position><LatitudeDegrees>58.62858049632808</LatitudeDegrees><LongitudeDegrees>59.78519629464248</LongitudeDegrees></Position></Trackpoint><Trackpoint><Time>2026-07-09T14:35:32.000Z</Time><Position><LatitudeDegrees>58.62856391257451</LatitudeDegrees><LongitudeDegrees>59.78524284850148</LongitudeDegrees></Position></Trackpoint><Trackpoint><Time>2026-07-09T14:35:33.000Z</Time><Position><LatitudeDegrees>58.62855352909203</LatitudeDegrees><LongitudeDegrees>59.78529252304911</LongitudeDegrees></Position></Trackpoint><Trackpoint><Time>2026-07-09T14:35:34.000Z</Time><Position><LatitudeDegrees>58.62854899023468</LatitudeDegrees><LongitudeDegrees>59.78534543052791</LongitudeDegrees></Position></Trackpoint><Trackpoint><Time>2026-07-09T14:35:35.000Z</Time><Position><LatitudeDegrees>58.6285493993868</LatitudeDegrees><LongitudeDegrees>59.785401202221294</LongitudeDegrees></Position></Trackpoint><Trackpoint><Time>2026-07-09T14:35:36.000Z</Time><Position><LatitudeDegrees>58.62855326261202</LatitudeDegrees><LongitudeDegrees>59.785459808272485</LongitudeDegrees></Position></Trackpoint><Trackpoint><Time>2026-07-09T14:35:37.000Z</Time><Position><LatitudeDegrees>58.62855903172186</LatitudeDegrees><LongitudeDegrees>59.78552087259993</LongitudeDegrees></Position></Trackpoint><Trackpoint><Time>2026-07-09T14:35:38.000Z</Time><Position><LatitudeDegrees>58.62856533489265</LatitudeDegrees><LongitudeDegrees>59.7855844144153</LongitudeDegrees></Position></Trackpoint><Trackpoint><Time>2026-07-09T14:35:39.000Z</Time><Position><LatitudeDegrees>58.62857104900512</LatitudeDegrees><LongitudeDegrees>59.785649144427516</LongitudeDegrees></Position></Trackpoint><Trackpoint><Time>2026-07-09T14:35:40.000Z</Time><Position><LatitudeDegrees>58.6285748079048</LatitudeDegrees><LongitudeDegrees>59.785714379160275</LongitudeDegrees></Position></Trackpoint><Trackpoint><Time>2026-07-09T14:35:41.000Z</Time><Position><LatitudeDegrees>58.62857678952295</LatitudeDegrees><LongitudeDegrees>59.78577977235511</LongitudeDegrees></Position></Trackpoint><Trackpoint><Time>2026-07-09T14:35:42.000Z</Time><Position><LatitudeDegrees>58.628577784859615</LatitudeDegrees><LongitudeDegrees>59.785845161072885</LongitudeDegrees></Position></Trackpoint><Trackpoint><Time>2026-07-09T14:35:43.000Z</Time><Position><LatitudeDegrees>58.62857922548396</LatitudeDegrees><LongitudeDegrees>59.78591145800568</LongitudeDegrees></Position></Trackpoint><Trackpoint><Time>2026-07-09T14:35:44.000Z</Time><Position><LatitudeDegrees>58.628581154201285</LatitudeDegrees><LongitudeDegrees>59.785978922462505</LongitudeDegrees></Position></Trackpoint><Trackpoint><Time>2026-07-09T14:35:45.000Z</Time><Position><LatitudeDegrees>58.628583525994244</LatitudeDegrees><LongitudeDegrees>59.786047511385526</LongitudeDegrees></Position></Trackpoint><Trackpoint><Time>2026-07-09T14:35:46.000Z</Time><Position><LatitudeDegrees>58.628585775844485</LatitudeDegrees><LongitudeDegrees>59.78611657310793</LongitudeDegrees></Position></Trackpoint><Trackpoint><Time>2026-07-09T14:35:47.000Z</Time><Position><LatitudeDegrees>58.628587197099165</LatitudeDegrees><LongitudeDegrees>59.786184799347275</LongitudeDegrees></Position></Trackpoint><Trackpoint><Time>2026-07-09T14:35:48.000Z</Time><Position><LatitudeDegrees>58.62858760508405</LatitudeDegrees><LongitudeDegrees>59.78625273776344</LongitudeDegrees></Position></Trackpoint><Trackpoint><Time>2026-07-09T14:35:49.000Z</Time><Position><LatitudeDegrees>58.628587543406404</LatitudeDegrees><LongitudeDegrees>59.786321630063945</LongitudeDegrees></Position></Trackpoint><Trackpoint><Time>2026-07-09T14:35:50.000Z</Time><Position><LatitudeDegrees>58.62858729622229</LatitudeDegrees><LongitudeDegrees>59.786392354806345</LongitudeDegrees></Position></Trackpoint><Trackpoint><Time>2026-07-09T14:35:51.000Z</Time><Position><LatitudeDegrees>58.628586514755526</LatitudeDegrees><LongitudeDegrees>59.786465528229435</LongitudeDegrees></Position></Trackpoint><Trackpoint><Time>2026-07-09T14:35:52.000Z</Time><Position><LatitudeDegrees>58.62858610316404</LatitudeDegrees><LongitudeDegrees>59.786541089836426</LongitudeDegrees></Position></Trackpoint><Trackpoint><Time>2026-07-09T14:35:53.000Z</Time><Position><LatitudeDegrees>58.62858638633729</LatitudeDegrees><LongitudeDegrees>59.786617728971706</LongitudeDegrees></Position></Trackpoint><Trackpoint><Time>2026-07-09T14:35:54.000Z</Time><Position><LatitudeDegrees>58.628587408903584</LatitudeDegrees><LongitudeDegrees>59.78669574678569</LongitudeDegrees></Position></Trackpoint><Trackpoint><Time>2026-07-09T14:35:55.000Z</Time><Position><LatitudeDegrees>58.62858860473176</LatitudeDegrees><LongitudeDegrees>59.786776069572085</LongitudeDegrees></Position></Trackpoint><Trackpoint><Time>2026-07-09T14:35:56.000Z</Time><Position><LatitudeDegrees>58.62859020804284</LatitudeDegrees><LongitudeDegrees>59.78685780374856</LongitudeDegrees></Position></Trackpoint><Trackpoint><Time>2026-07-09T14:35:57.000Z</Time><Position><LatitudeDegrees>58.62859177338642</LatitudeDegrees><LongitudeDegrees>59.78694040015835</LongitudeDegrees></Position></Trackpoint><Trackpoint><Time>2026-07-09T14:35:58.000Z</Time><Position><LatitudeDegrees>58.628592632573614</LatitudeDegrees><LongitudeDegrees>59.78702401158465</LongitudeDegrees></Position></Trackpoint><Trackpoint><Time>2026-07-09T14:35:59.000Z</Time><Position><LatitudeDegrees>58.62859309066669</LatitudeDegrees><LongitudeDegrees>59.78710661223037</LongitudeDegrees></Position></Trackpoint><Trackpoint><Time>2026-07-09T14:36:00.000Z</Time><Position><LatitudeDegrees>58.628593324780276</LatitudeDegrees><LongitudeDegrees>59.787188966368724</LongitudeDegrees></Position></Trackpoint><Trackpoint><Time>2026-07-09T14:36:01.000Z</Time><Position><LatitudeDegrees>58.62859392621414</LatitudeDegrees><LongitudeDegrees>59.78727239961301</LongitudeDegrees></Position></Trackpoint><Trackpoint><Time>2026-07-09T14:36:02.000Z</Time><Position><LatitudeDegrees>58.6285946017296</LatitudeDegrees><LongitudeDegrees>59.78735634017212</LongitudeDegrees></Position></Trackpoint><Trackpoint><Time>2026-07-09T14:36:03.000Z</Time><Position><LatitudeDegrees>58.62859473144235</LatitudeDegrees><LongitudeDegrees>59.78744048745032</LongitudeDegrees></Position></Trackpoint><Trackpoint><Time>2026-07-09T14:36:04.000Z</Time><Position><LatitudeDegrees>58.62859461972689</LatitudeDegrees><LongitudeDegrees>59.787523711898956</LongitudeDegrees></Position></Trackpoint><Trackpoint><Time>2026-07-09T14:36:05.000Z</Time><Position><LatitudeDegrees>58.628593933311144</LatitudeDegrees><LongitudeDegrees>59.78760566677599</LongitudeDegrees></Position></Trackpoint><Trackpoint><Time>2026-07-09T14:36:06.000Z</Time><Position><LatitudeDegrees>58.62859260870445</LatitudeDegrees><LongitudeDegrees>59.78768490339723</LongitudeDegrees></Position></Trackpoint><Trackpoint><Time>2026-07-09T14:36:07.000Z</Time><Position><LatitudeDegrees>58.6285907016701</LatitudeDegrees><LongitudeDegrees>59.78776117403023</LongitudeDegrees></Position></Trackpoint><Trackpoint><Time>2026-07-09T14:36:08.000Z</Time><Position><LatitudeDegrees>58.62858830992696</LatitudeDegrees><LongitudeDegrees>59.78783524694123</LongitudeDegrees></Position></Trackpoint><Trackpoint><Time>2026-07-09T14:36:09.000Z</Time><Position><LatitudeDegrees>58.62858602554119</LatitudeDegrees><LongitudeDegrees>59.78790869982341</LongitudeDegrees></Position></Trackpoint><Trackpoint><Time>2026-07-09T14:36:10.000Z</Time><Position><LatitudeDegrees>58.6285835889556</LatitudeDegrees><LongitudeDegrees>59.787982262003204</LongitudeDegrees></Position></Trackpoint><Trackpoint><Time>2026-07-09T14:36:11.000Z</Time><Position><LatitudeDegrees>58.628581402421126</LatitudeDegrees><LongitudeDegrees>59.788057199034604</LongitudeDegrees></Position></Trackpoint><Trackpoint><Time>2026-07-09T14:36:12.000Z</Time><Position><LatitudeDegrees>58.62857959950443</LatitudeDegrees><LongitudeDegrees>59.788132876433586</LongitudeDegrees></Position></Trackpoint><Trackpoint><Time>2026-07-09T14:36:13.000Z</Time><Position><LatitudeDegrees>58.62857818597595</LatitudeDegrees><LongitudeDegrees>59.788209917094655</LongitudeDegrees></Position></Trackpoint><Trackpoint><Time>2026-07-09T14:36:14.000Z</Time><Position><LatitudeDegrees>58.62857711423476</LatitudeDegrees><LongitudeDegrees>59.7882879129633</LongitudeDegrees></Position></Trackpoint><Trackpoint><Time>2026-07-09T14:36:15.000Z</Time><Position><LatitudeDegrees>58.62857681041996</LatitudeDegrees><LongitudeDegrees>59.78836706300022</LongitudeDegrees></Position></Trackpoint><Trackpoint><Time>2026-07-09T14:36:16.000Z</Time><Position><LatitudeDegrees>58.62857686185702</LatitudeDegrees><LongitudeDegrees>59.78844681139772</LongitudeDegrees></Position></Trackpoint><Trackpoint><Time>2026-07-09T14:36:17.000Z</Time><Position><LatitudeDegrees>58.628577052996775</LatitudeDegrees><LongitudeDegrees>59.78852734206759</LongitudeDegrees></Position></Trackpoint><Trackpoint><Time>2026-07-09T14:36:18.000Z</Time><Position><LatitudeDegrees>58.62857678752764</LatitudeDegrees><LongitudeDegrees>59.78860814073674</LongitudeDegrees></Position></Trackpoint><Trackpoint><Time>2026-07-09T14:36:19.000Z</Time><Position><LatitudeDegrees>58.62857587847368</LatitudeDegrees><LongitudeDegrees>59.78868945082368</LongitudeDegrees></Position></Trackpoint><Trackpoint><Time>2026-07-09T14:36:20.000Z</Time><Position><LatitudeDegrees>58.62857433143512</LatitudeDegrees><LongitudeDegrees>59.78877130693658</LongitudeDegrees></Position></Trackpoint><Trackpoint><Time>2026-07-09T14:36:21.000Z</Time><Position><LatitudeDegrees>58.628570761770796</LatitudeDegrees><LongitudeDegrees>59.78885316363601</LongitudeDegrees></Position></Trackpoint><Trackpoint><Time>2026-07-09T14:36:22.000Z</Time><Position><LatitudeDegrees>58.62856387961903</LatitudeDegrees><LongitudeDegrees>59.788934306605924</LongitudeDegrees></Position></Trackpoint><Trackpoint><Time>2026-07-09T14:36:23.000Z</Time><Position><LatitudeDegrees>58.628553089313904</LatitudeDegrees><LongitudeDegrees>59.78901306444139</LongitudeDegrees></Position></Trackpoint><Trackpoint><Time>2026-07-09T14:36:24.000Z</Time><Position><LatitudeDegrees>58.628538157535274</LatitudeDegrees><LongitudeDegrees>59.78908611726682</LongitudeDegrees></Position></Trackpoint><Trackpoint><Time>2026-07-09T14:36:25.000Z</Time><Position><LatitudeDegrees>58.628517561303504</LatitudeDegrees><LongitudeDegrees>59.78915136124427</LongitudeDegrees></Position></Trackpoint><Trackpoint><Time>2026-07-09T14:36:26.000Z</Time><Position><LatitudeDegrees>58.62849140042878</LatitudeDegrees><LongitudeDegrees>59.78920697375447</LongitudeDegrees></Position></Trackpoint><Trackpoint><Time>2026-07-09T14:36:27.000Z</Time><Position><LatitudeDegrees>58.62845994061914</LatitudeDegrees><LongitudeDegrees>59.7892549091981</LongitudeDegrees></Position></Trackpoint><Trackpoint><Time>2026-07-09T14:36:28.000Z</Time><Position><LatitudeDegrees>58.62842446102291</LatitudeDegrees><LongitudeDegrees>59.78930185390862</LongitudeDegrees></Position></Trackpoint><Trackpoint><Time>2026-07-09T14:36:29.000Z</Time><Position><LatitudeDegrees>58.628386004369546</LatitudeDegrees><LongitudeDegrees>59.78935264714268</LongitudeDegrees></Position></Trackpoint><Trackpoint><Time>2026-07-09T14:36:30.000Z</Time><Position><LatitudeDegrees>58.628345871801216</LatitudeDegrees><LongitudeDegrees>59.78940829830475</LongitudeDegrees></Position></Trackpoint><Trackpoint><Time>2026-07-09T14:36:31.000Z</Time><Position><LatitudeDegrees>58.62830334544093</LatitudeDegrees><LongitudeDegrees>59.78946566192984</LongitudeDegrees></Position></Trackpoint><Trackpoint><Time>2026-07-09T14:36:32.000Z</Time><Position><LatitudeDegrees>58.62825892649322</LatitudeDegrees><LongitudeDegrees>59.78951881632297</LongitudeDegrees></Position></Trackpoint><Trackpoint><Time>2026-07-09T14:36:33.000Z</Time><Position><LatitudeDegrees>58.62821208506029</LatitudeDegrees><LongitudeDegrees>59.7895629253175</LongitudeDegrees></Position></Trackpoint><Trackpoint><Time>2026-07-09T14:36:34.000Z</Time><Position><LatitudeDegrees>58.62816193461365</LatitudeDegrees><LongitudeDegrees>59.789597158181955</LongitudeDegrees></Position></Trackpoint><Trackpoint><Time>2026-07-09T14:36:35.000Z</Time><Position><LatitudeDegrees>58.62810951397944</LatitudeDegrees><LongitudeDegrees>59.78962292999039</LongitudeDegrees></Position></Trackpoint><Trackpoint><Time>2026-07-09T14:36:36.000Z</Time><Position><LatitudeDegrees>58.62805554235604</LatitudeDegrees><LongitudeDegrees>59.78964190948119</LongitudeDegrees></Position></Trackpoint><Trackpoint><Time>2026-07-09T14:36:37.000Z</Time><Position><LatitudeDegrees>58.62800002538982</LatitudeDegrees><LongitudeDegrees>59.789656145290806</LongitudeDegrees></Position></Trackpoint><Trackpoint><Time>2026-07-09T14:36:38.000Z</Time><Position><LatitudeDegrees>58.627943653359175</LatitudeDegrees><LongitudeDegrees>59.789665621128464</LongitudeDegrees></Position></Trackpoint><Trackpoint><Time>2026-07-09T14:36:39.000Z</Time><Position><LatitudeDegrees>58.627887309900615</LatitudeDegrees><LongitudeDegrees>59.78967143083091</LongitudeDegrees></Position></Trackpoint><Trackpoint><Time>2026-07-09T14:36:40.000Z</Time><Position><LatitudeDegrees>58.62783086564732</LatitudeDegrees><LongitudeDegrees>59.789674495419476</LongitudeDegrees></Position></Trackpoint><Trackpoint><Time>2026-07-09T14:36:41.000Z</Time><Position><LatitudeDegrees>58.627774280258556</LatitudeDegrees><LongitudeDegrees>59.78967603614331</LongitudeDegrees></Position></Trackpoint><Trackpoint><Time>2026-07-09T14:36:42.000Z</Time><Position><LatitudeDegrees>58.62771706562459</LatitudeDegrees><LongitudeDegrees>59.789677730760495</LongitudeDegrees></Position></Trackpoint><Trackpoint><Time>2026-07-09T14:36:43.000Z</Time><Position><LatitudeDegrees>58.62766008070944</LatitudeDegrees><LongitudeDegrees>59.789680740086396</LongitudeDegrees></Position></Trackpoint><Trackpoint><Time>2026-07-09T14:36:44.000Z</Time><Position><LatitudeDegrees>58.627603160168476</LatitudeDegrees><LongitudeDegrees>59.78968488383201</LongitudeDegrees></Position></Trackpoint><Trackpoint><Time>2026-07-09T14:36:45.000Z</Time><Position><LatitudeDegrees>58.62754622764492</LatitudeDegrees><LongitudeDegrees>59.78968994214725</LongitudeDegrees></Position></Trackpoint><Trackpoint><Time>2026-07-09T14:36:46.000Z</Time><Position><LatitudeDegrees>58.62748925323046</LatitudeDegrees><LongitudeDegrees>59.78969472788565</LongitudeDegrees></Position></Trackpoint><Trackpoint><Time>2026-07-09T14:36:47.000Z</Time><Position><LatitudeDegrees>58.627432229984485</LatitudeDegrees><LongitudeDegrees>59.78969780790431</LongitudeDegrees></Position></Trackpoint><Trackpoint><Time>2026-07-09T14:36:48.000Z</Time><Position><LatitudeDegrees>58.627375161316074</LatitudeDegrees><LongitudeDegrees>59.78969930052435</LongitudeDegrees></Position></Trackpoint><Trackpoint><Time>2026-07-09T14:36:49.000Z</Time><Position><LatitudeDegrees>58.627318544069716</LatitudeDegrees><LongitudeDegrees>59.78969945821456</LongitudeDegrees></Position></Trackpoint><Trackpoint><Time>2026-07-09T14:36:50.000Z</Time><Position><LatitudeDegrees>58.62726203531258</LatitudeDegrees><LongitudeDegrees>59.789698556286226</LongitudeDegrees></Position></Trackpoint><Trackpoint><Time>2026-07-09T14:36:51.000Z</Time><Position><LatitudeDegrees>58.627204500667844</LatitudeDegrees><LongitudeDegrees>59.7896978233434</LongitudeDegrees></Position></Trackpoint><Trackpoint><Time>2026-07-09T14:36:52.000Z</Time><Position><LatitudeDegrees>58.62714413580054</LatitudeDegrees><LongitudeDegrees>59.789696764455925</LongitudeDegrees></Position></Trackpoint><Trackpoint><Time>2026-07-09T14:36:53.000Z</Time><Position><LatitudeDegrees>58.62708251932264</LatitudeDegrees><LongitudeDegrees>59.78969717607203</LongitudeDegrees></Position></Trackpoint><Trackpoint><Time>2026-07-09T14:36:54.000Z</Time><Position><LatitudeDegrees>58.62701997239089</LatitudeDegrees><LongitudeDegrees>59.789698630070866</LongitudeDegrees></Position></Trackpoint><Trackpoint><Time>2026-07-09T14:36:55.000Z</Time><Position><LatitudeDegrees>58.626958215522556</LatitudeDegrees><LongitudeDegrees>59.78970081634974</LongitudeDegrees></Position></Trackpoint><Trackpoint><Time>2026-07-09T14:36:56.000Z</Time><Position><LatitudeDegrees>58.62689736626995</LatitudeDegrees><LongitudeDegrees>59.78970449243223</LongitudeDegrees></Position></Trackpoint><Trackpoint><Time>2026-07-09T14:36:57.000Z</Time><Position><LatitudeDegrees>58.626837846164555</LatitudeDegrees><LongitudeDegrees>59.78970928946714</LongitudeDegrees></Position></Trackpoint><Trackpoint><Time>2026-07-09T14:36:58.000Z</Time><Position><LatitudeDegrees>58.626778678991826</LatitudeDegrees><LongitudeDegrees>59.78971442206609</LongitudeDegrees></Position></Trackpoint><Trackpoint><Time>2026-07-09T14:36:59.000Z</Time><Position><LatitudeDegrees>58.62672039663691</LatitudeDegrees><LongitudeDegrees>59.789719523710815</LongitudeDegrees></Position></Trackpoint><Trackpoint><Time>2026-07-09T14:37:00.000Z</Time><Position><LatitudeDegrees>58.62666310458284</LatitudeDegrees><LongitudeDegrees>59.789723957819184</LongitudeDegrees></Position></Trackpoint><Trackpoint><Time>2026-07-09T14:37:01.000Z</Time><Position><LatitudeDegrees>58.62660671916742</LatitudeDegrees><LongitudeDegrees>59.78972803751334</LongitudeDegrees></Position></Trackpoint><Trackpoint><Time>2026-07-09T14:37:02.000Z</Time><Position><LatitudeDegrees>58.626550599959444</LatitudeDegrees><LongitudeDegrees>59.789731447625336</LongitudeDegrees></Position></Trackpoint><Trackpoint><Time>2026-07-09T14:37:03.000Z</Time><Position><LatitudeDegrees>58.62649444904068</LatitudeDegrees><LongitudeDegrees>59.7897351235196</LongitudeDegrees></Position></Trackpoint><Trackpoint><Time>2026-07-09T14:37:04.000Z</Time><Position><LatitudeDegrees>58.62643765817786</LatitudeDegrees><LongitudeDegrees>59.78973941629763</LongitudeDegrees></Position></Trackpoint><Trackpoint><Time>2026-07-09T14:37:05.000Z</Time><Position><LatitudeDegrees>58.62638152784797</LatitudeDegrees><LongitudeDegrees>59.789743412157414</LongitudeDegrees></Position></Trackpoint><Trackpoint><Time>2026-07-09T14:37:06.000Z</Time><Position><LatitudeDegrees>58.62632650885237</LatitudeDegrees><LongitudeDegrees>59.789747752095046</LongitudeDegrees></Position></Trackpoint><Trackpoint><Time>2026-07-09T14:37:07.000Z</Time><Position><LatitudeDegrees>58.62627166498682</LatitudeDegrees><LongitudeDegrees>59.7897521663216</LongitudeDegrees></Position></Trackpoint><Trackpoint><Time>2026-07-09T14:37:08.000Z</Time><Position><LatitudeDegrees>58.626217567434715</LatitudeDegrees><LongitudeDegrees>59.78975604458351</LongitudeDegrees></Position></Trackpoint><Trackpoint><Time>2026-07-09T14:37:09.000Z</Time><Position><LatitudeDegrees>58.62616435564025</LatitudeDegrees><LongitudeDegrees>59.78975871473765</LongitudeDegrees></Position></Trackpoint><Trackpoint><Time>2026-07-09T14:37:10.000Z</Time><Position><LatitudeDegrees>58.62611148373491</LatitudeDegrees><LongitudeDegrees>59.78975956542124</LongitudeDegrees></Position></Trackpoint><Trackpoint><Time>2026-07-09T14:37:11.000Z</Time><Position><LatitudeDegrees>58.62605868328759</LatitudeDegrees><LongitudeDegrees>59.78975906799162</LongitudeDegrees></Position></Trackpoint><Trackpoint><Time>2026-07-09T14:37:12.000Z</Time><Position><LatitudeDegrees>58.626006324188495</LatitudeDegrees><LongitudeDegrees>59.78975709998712</LongitudeDegrees></Position></Trackpoint><Trackpoint><Time>2026-07-09T14:37:13.000Z</Time><Position><LatitudeDegrees>58.62595352290314</LatitudeDegrees><LongitudeDegrees>59.789755268551865</LongitudeDegrees></Position></Trackpoint><Trackpoint><Time>2026-07-09T14:37:14.000Z</Time><Position><LatitudeDegrees>58.62590095153773</LatitudeDegrees><LongitudeDegrees>59.78975421803294</LongitudeDegrees></Position></Trackpoint><Trackpoint><Time>2026-07-09T14:37:15.000Z</Time><Position><LatitudeDegrees>58.62584836776752</LatitudeDegrees><LongitudeDegrees>59.78975460317515</LongitudeDegrees></Position></Trackpoint><Trackpoint><Time>2026-07-09T14:37:16.000Z</Time><Position><LatitudeDegrees>58.625796162997844</LatitudeDegrees><LongitudeDegrees>59.78975650935931</LongitudeDegrees></Position></Trackpoint><Trackpoint><Time>2026-07-09T14:37:17.000Z</Time><Position><LatitudeDegrees>58.62574493938896</LatitudeDegrees><LongitudeDegrees>59.789759776524654</LongitudeDegrees></Position></Trackpoint><Trackpoint><Time>2026-07-09T14:37:18.000Z</Time><Position><LatitudeDegrees>58.62569481900003</LatitudeDegrees><LongitudeDegrees>59.78976416407295</LongitudeDegrees></Position></Trackpoint><Trackpoint><Time>2026-07-09T14:37:19.000Z</Time><Position><LatitudeDegrees>58.62564473128125</LatitudeDegrees><LongitudeDegrees>59.78976942911836</LongitudeDegrees></Position></Trackpoint><Trackpoint><Time>2026-07-09T14:37:20.000Z</Time><Position><LatitudeDegrees>58.62559521037257</LatitudeDegrees><LongitudeDegrees>59.78977486939635</LongitudeDegrees></Position></Trackpoint><Trackpoint><Time>2026-07-09T14:37:21.000Z</Time><Position><LatitudeDegrees>58.62554542428019</LatitudeDegrees><LongitudeDegrees>59.789781642032004</LongitudeDegrees></Position></Trackpoint><Trackpoint><Time>2026-07-09T14:37:22.000Z</Time><Position><LatitudeDegrees>58.625495554007856</LatitudeDegrees><LongitudeDegrees>59.78978809411943</LongitudeDegrees></Position></Trackpoint><Trackpoint><Time>2026-07-09T14:37:23.000Z</Time><Position><LatitudeDegrees>58.62544666412455</LatitudeDegrees><LongitudeDegrees>59.78979309646814</LongitudeDegrees></Position></Trackpoint><Trackpoint><Time>2026-07-09T14:37:24.000Z</Time><Position><LatitudeDegrees>58.62540004644509</LatitudeDegrees><LongitudeDegrees>59.78979490127974</LongitudeDegrees></Position></Trackpoint><Trackpoint><Time>2026-07-09T14:37:25.000Z</Time><Position><LatitudeDegrees>58.62535594134795</LatitudeDegrees><LongitudeDegrees>59.789792709541</LongitudeDegrees></Position></Trackpoint><Trackpoint><Time>2026-07-09T14:37:26.000Z</Time><Position><LatitudeDegrees>58.62531461495349</LatitudeDegrees><LongitudeDegrees>59.789788663585284</LongitudeDegrees></Position></Trackpoint><Trackpoint><Time>2026-07-09T14:37:27.000Z</Time><Position><LatitudeDegrees>58.625276799437906</LatitudeDegrees><LongitudeDegrees>59.78978437329348</LongitudeDegrees></Position></Trackpoint><Trackpoint><Time>2026-07-09T14:37:28.000Z</Time><Position><LatitudeDegrees>58.625243814551645</LatitudeDegrees><LongitudeDegrees>59.789783960302714</LongitudeDegrees></Position></Trackpoint><Trackpoint><Time>2026-07-09T14:37:29.000Z</Time><Position><LatitudeDegrees>58.625216073418606</LatitudeDegrees><LongitudeDegrees>59.78979058283736</LongitudeDegrees></Position></Trackpoint><Trackpoint><Time>2026-07-09T14:37:30.000Z</Time><Position><LatitudeDegrees>58.625195031591666</LatitudeDegrees><LongitudeDegrees>59.789804148949884</LongitudeDegrees></Position></Trackpoint><Trackpoint><Time>2026-07-09T14:37:31.000Z</Time><Position><LatitudeDegrees>58.625180918280876</LatitudeDegrees><LongitudeDegrees>59.78981883346931</LongitudeDegrees></Position></Trackpoint><Trackpoint><Time>2026-07-09T14:37:32.000Z</Time><Position><LatitudeDegrees>58.62517391783925</LatitudeDegrees><LongitudeDegrees>59.789832093850166</LongitudeDegrees></Position></Trackpoint><Trackpoint><Time>2026-07-09T14:37:33.000Z</Time><Position><LatitudeDegrees>58.625173682874134</LatitudeDegrees><LongitudeDegrees>59.789840128109745</LongitudeDegrees></Position></Trackpoint><Trackpoint><Time>2026-07-09T14:37:34.000Z</Time><Position><LatitudeDegrees>58.62517969158961</LatitudeDegrees><LongitudeDegrees>59.78984448928263</LongitudeDegrees></Position></Trackpoint><Trackpoint><Time>2026-07-09T14:37:35.000Z</Time><Position><LatitudeDegrees>58.62519043811514</LatitudeDegrees><LongitudeDegrees>59.789846778005995</LongitudeDegrees></Position></Trackpoint><Trackpoint><Time>2026-07-09T14:37:36.000Z</Time><Position><LatitudeDegrees>58.62520518380289</LatitudeDegrees><LongitudeDegrees>59.789848409081976</LongitudeDegrees></Position></Trackpoint><Trackpoint><Time>2026-07-09T14:37:37.000Z</Time><Position><LatitudeDegrees>58.62522360077726</LatitudeDegrees><LongitudeDegrees>59.78984907036008</LongitudeDegrees></Position></Trackpoint><Trackpoint><Time>2026-07-09T14:37:38.000Z</Time><Position><LatitudeDegrees>58.625244593193436</LatitudeDegrees><LongitudeDegrees>59.789849247369034</LongitudeDegrees></Position></Trackpoint><Trackpoint><Time>2026-07-09T14:37:39.000Z</Time><Position><LatitudeDegrees>58.62526737919193</LatitudeDegrees><LongitudeDegrees>59.78984871261036</LongitudeDegrees></Position></Trackpoint><Trackpoint><Time>2026-07-09T14:37:40.000Z</Time><Position><LatitudeDegrees>58.625291896183974</LatitudeDegrees><LongitudeDegrees>59.7898479533575</LongitudeDegrees></Position></Trackpoint><Trackpoint><Time>2026-07-09T14:37:41.000Z</Time><Position><LatitudeDegrees>58.6253174066124</LatitudeDegrees><LongitudeDegrees>59.78984621987817</LongitudeDegrees></Position></Trackpoint><Trackpoint><Time>2026-07-09T14:37:42.000Z</Time><Position><LatitudeDegrees>58.62534347922053</LatitudeDegrees><LongitudeDegrees>59.789844307669334</LongitudeDegrees></Position></Trackpoint><Trackpoint><Time>2026-07-09T14:37:43.000Z</Time><Position><LatitudeDegrees>58.62536937463694</LatitudeDegrees><LongitudeDegrees>59.789841588061606</LongitudeDegrees></Position></Trackpoint><Trackpoint><Time>2026-07-09T14:37:44.000Z</Time><Position><LatitudeDegrees>58.625396279937966</LatitudeDegrees><LongitudeDegrees>59.789838395387</LongitudeDegrees></Position></Trackpoint><Trackpoint><Time>2026-07-09T14:37:45.000Z</Time><Position><LatitudeDegrees>58.62542406477345</LatitudeDegrees><LongitudeDegrees>59.78983541766263</LongitudeDegrees></Position></Trackpoint><Trackpoint><Time>2026-07-09T14:37:46.000Z</Time><Position><LatitudeDegrees>58.625453541795174</LatitudeDegrees><LongitudeDegrees>59.78983340025897</LongitudeDegrees></Position></Trackpoint><Trackpoint><Time>2026-07-09T14:37:47.000Z</Time><Position><LatitudeDegrees>58.62548433888008</LatitudeDegrees><LongitudeDegrees>59.78983154766749</LongitudeDegrees></Position></Trackpoint><Trackpoint><Time>2026-07-09T14:37:48.000Z</Time><Position><LatitudeDegrees>58.62551613334737</LatitudeDegrees><LongitudeDegrees>59.78982951111785</LongitudeDegrees></Position></Trackpoint><Trackpoint><Time>2026-07-09T14:37:49.000Z</Time><Position><LatitudeDegrees>58.62554817468319</LatitudeDegrees><LongitudeDegrees>59.789827660196174</LongitudeDegrees></Position></Trackpoint><Trackpoint><Time>2026-07-09T14:37:50.000Z</Time><Position><LatitudeDegrees>58.625579632505094</LatitudeDegrees><LongitudeDegrees>59.78982710250652</LongitudeDegrees></Position></Trackpoint><Trackpoint><Time>2026-07-09T14:37:51.000Z</Time><Position><LatitudeDegrees>58.625610239727024</LatitudeDegrees><LongitudeDegrees>59.789827148991556</LongitudeDegrees></Position></Trackpoint><Trackpoint><Time>2026-07-09T14:37:52.000Z</Time><Position><LatitudeDegrees>58.62563950591664</LatitudeDegrees><LongitudeDegrees>59.789827438329596</LongitudeDegrees></Position></Trackpoint><Trackpoint><Time>2026-07-09T14:37:53.000Z</Time><Position><LatitudeDegrees>58.62566789082762</LatitudeDegrees><LongitudeDegrees>59.7898277905465</LongitudeDegrees></Position></Trackpoint><Trackpoint><Time>2026-07-09T14:37:54.000Z</Time><Position><LatitudeDegrees>58.62569618652328</LatitudeDegrees><LongitudeDegrees>59.78982812345251</LongitudeDegrees></Position></Trackpoint><Trackpoint><Time>2026-07-09T14:37:55.000Z</Time><Position><LatitudeDegrees>58.6257237514311</LatitudeDegrees><LongitudeDegrees>59.78982791606705</LongitudeDegrees></Position></Trackpoint><Trackpoint><Time>2026-07-09T14:37:56.000Z</Time><Position><LatitudeDegrees>58.62575090473627</LatitudeDegrees><LongitudeDegrees>59.78982751278915</LongitudeDegrees></Position></Trackpoint><Trackpoint><Time>2026-07-09T14:37:57.000Z</Time><Position><LatitudeDegrees>58.62577783071846</LatitudeDegrees><LongitudeDegrees>59.789827080596325</LongitudeDegrees></Position></Trackpoint><Trackpoint><Time>2026-07-09T14:37:58.000Z</Time><Position><LatitudeDegrees>58.62580463444675</LatitudeDegrees><LongitudeDegrees>59.78982718157728</LongitudeDegrees></Position></Trackpoint><Trackpoint><Time>2026-07-09T14:37:59.000Z</Time><Position><LatitudeDegrees>58.6258313748832</LatitudeDegrees><LongitudeDegrees>59.78982699956561</LongitudeDegrees></Position></Trackpoint><Trackpoint><Time>2026-07-09T14:38:00.000Z</Time><Position><LatitudeDegrees>58.625858574044365</LatitudeDegrees><LongitudeDegrees>59.78982672436906</LongitudeDegrees></Position></Trackpoint><Trackpoint><Time>2026-07-09T14:38:01.000Z</Time><Position><LatitudeDegrees>58.625885408816224</LatitudeDegrees><LongitudeDegrees>59.789825956506306</LongitudeDegrees></Position></Trackpoint><Trackpoint><Time>2026-07-09T14:38:02.000Z</Time><Position><LatitudeDegrees>58.625911586981786</LatitudeDegrees><LongitudeDegrees>59.78982508430121</LongitudeDegrees></Position></Trackpoint><Trackpoint><Time>2026-07-09T14:38:03.000Z</Time><Position><LatitudeDegrees>58.62593707247077</LatitudeDegrees><LongitudeDegrees>59.78982428107066</LongitudeDegrees></Position></Trackpoint><Trackpoint><Time>2026-07-09T14:38:04.000Z</Time><Position><LatitudeDegrees>58.625961449721615</LatitudeDegrees><LongitudeDegrees>59.78982360933955</LongitudeDegrees></Position></Trackpoint><Trackpoint><Time>2026-07-09T14:38:05.000Z</Time><Position><LatitudeDegrees>58.62598468983288</LatitudeDegrees><LongitudeDegrees>59.78982356759059</LongitudeDegrees></Position></Trackpoint><Trackpoint><Time>2026-07-09T14:38:06.000Z</Time><Position><LatitudeDegrees>58.62600741646277</LatitudeDegrees><LongitudeDegrees>59.789823790647695</LongitudeDegrees></Position></Trackpoint><Trackpoint><Time>2026-07-09T14:38:07.000Z</Time><Position><LatitudeDegrees>58.6260304419697</LatitudeDegrees><LongitudeDegrees>59.78982360452111</LongitudeDegrees></Position></Trackpoint><Trackpoint><Time>2026-07-09T14:38:08.000Z</Time><Position><LatitudeDegrees>58.626053572938915</LatitudeDegrees><LongitudeDegrees>59.78982278415749</LongitudeDegrees></Position></Trackpoint><Trackpoint><Time>2026-07-09T14:38:09.000Z</Time><Position><LatitudeDegrees>58.626076716179846</LatitudeDegrees><LongitudeDegrees>59.78982180788633</LongitudeDegrees></Position></Trackpoint><Trackpoint><Time>2026-07-09T14:38:10.000Z</Time><Position><LatitudeDegrees>58.626100321349085</LatitudeDegrees><LongitudeDegrees>59.78982187193141</LongitudeDegrees></Position></Trackpoint><Trackpoint><Time>2026-07-09T14:38:11.000Z</Time><Position><LatitudeDegrees>58.62612451434239</LatitudeDegrees><LongitudeDegrees>59.78982284580394</LongitudeDegrees></Position></Trackpoint><Trackpoint><Time>2026-07-09T14:38:12.000Z</Time><Position><LatitudeDegrees>58.62614927156153</LatitudeDegrees><LongitudeDegrees>59.78982406937869</LongitudeDegrees></Position></Trackpoint><Trackpoint><Time>2026-07-09T14:38:13.000Z</Time><Position><LatitudeDegrees>58.626174510870406</LatitudeDegrees><LongitudeDegrees>59.78982474913455</LongitudeDegrees></Position></Trackpoint><Trackpoint><Time>2026-07-09T14:38:14.000Z</Time><Position><LatitudeDegrees>58.626200626177784</LatitudeDegrees><LongitudeDegrees>59.78982413846079</LongitudeDegrees></Position></Trackpoint><Trackpoint><Time>2026-07-09T14:38:15.000Z</Time><Position><LatitudeDegrees>58.62622717766473</LatitudeDegrees><LongitudeDegrees>59.789822585113505</LongitudeDegrees></Position></Trackpoint><Trackpoint><Time>2026-07-09T14:38:16.000Z</Time><Position><LatitudeDegrees>58.626253928216144</LatitudeDegrees><LongitudeDegrees>59.78982133252223</LongitudeDegrees></Position></Trackpoint><Trackpoint><Time>2026-07-09T14:38:17.000Z</Time><Position><LatitudeDegrees>58.62628026501988</LatitudeDegrees><LongitudeDegrees>59.78982134378173</LongitudeDegrees></Position></Trackpoint><Trackpoint><Time>2026-07-09T14:38:18.000Z</Time><Position><LatitudeDegrees>58.626306478413966</LatitudeDegrees><LongitudeDegrees>59.78982285331323</LongitudeDegrees></Position></Trackpoint><Trackpoint><Time>2026-07-09T14:38:19.000Z</Time><Position><LatitudeDegrees>58.626332703808735</LatitudeDegrees><LongitudeDegrees>59.78982527574764</LongitudeDegrees></Position></Trackpoint><Trackpoint><Time>2026-07-09T14:38:20.000Z</Time><Position><LatitudeDegrees>58.62635850581978</LatitudeDegrees><LongitudeDegrees>59.789827763230114</LongitudeDegrees></Position></Trackpoint><Trackpoint><Time>2026-07-09T14:38:21.000Z</Time><Position><LatitudeDegrees>58.62638473870319</LatitudeDegrees><LongitudeDegrees>59.78982946862633</LongitudeDegrees></Position></Trackpoint><Trackpoint><Time>2026-07-09T14:38:22.000Z</Time><Position><LatitudeDegrees>58.62641120935766</LatitudeDegrees><LongitudeDegrees>59.78982965382708</LongitudeDegrees></Position></Trackpoint><Trackpoint><Time>2026-07-09T14:38:23.000Z</Time><Position><LatitudeDegrees>58.62643829735071</LatitudeDegrees><LongitudeDegrees>59.789828699579786</LongitudeDegrees></Position></Trackpoint><Trackpoint><Time>2026-07-09T14:38:24.000Z</Time><Position><LatitudeDegrees>58.62646559015581</LatitudeDegrees><LongitudeDegrees>59.789826908935375</LongitudeDegrees></Position></Trackpoint><Trackpoint><Time>2026-07-09T14:38:25.000Z</Time><Position><LatitudeDegrees>58.62649338120408</LatitudeDegrees><LongitudeDegrees>59.789824024439994</LongitudeDegrees></Position></Trackpoint><Trackpoint><Time>2026-07-09T14:38:26.000Z</Time><Position><LatitudeDegrees>58.626520748170236</LatitudeDegrees><LongitudeDegrees>59.789820570070304</LongitudeDegrees></Position></Trackpoint><Trackpoint><Time>2026-07-09T14:38:27.000Z</Time><Position><LatitudeDegrees>58.6265478552509</LatitudeDegrees><LongitudeDegrees>59.78981683475987</LongitudeDegrees></Position></Trackpoint><Trackpoint><Time>2026-07-09T14:38:28.000Z</Time><Position><LatitudeDegrees>58.626574313812995</LatitudeDegrees><LongitudeDegrees>59.78981346317011</LongitudeDegrees></Position></Trackpoint><Trackpoint><Time>2026-07-09T14:38:29.000Z</Time><Position><LatitudeDegrees>58.62660053665146</LatitudeDegrees><LongitudeDegrees>59.789810674111095</LongitudeDegrees></Position></Trackpoint><Trackpoint><Time>2026-07-09T14:38:30.000Z</Time><Position><LatitudeDegrees>58.62662574480255</LatitudeDegrees><LongitudeDegrees>59.78980848292917</LongitudeDegrees></Position></Trackpoint><Trackpoint><Time>2026-07-09T14:38:31.000Z</Time><Position><LatitudeDegrees>58.62664974769661</LatitudeDegrees><LongitudeDegrees>59.78980583998661</LongitudeDegrees></Position></Trackpoint><Trackpoint><Time>2026-07-09T14:38:32.000Z</Time><Position><LatitudeDegrees>58.62667213193299</LatitudeDegrees><LongitudeDegrees>59.789802860601014</LongitudeDegrees></Position></Trackpoint><Trackpoint><Time>2026-07-09T14:38:33.000Z</Time><Position><LatitudeDegrees>58.62669391423303</LatitudeDegrees><LongitudeDegrees>59.789799635445966</LongitudeDegrees></Position></Trackpoint><Trackpoint><Time>2026-07-09T14:38:34.000Z</Time><Position><LatitudeDegrees>58.626715100963466</LatitudeDegrees><LongitudeDegrees>59.78979672301863</LongitudeDegrees></Position></Trackpoint><Trackpoint><Time>2026-07-09T14:38:35.000Z</Time><Position><LatitudeDegrees>58.6267357711868</LatitudeDegrees><LongitudeDegrees>59.78979480279926</LongitudeDegrees></Position></Trackpoint><Trackpoint><Time>2026-07-09T14:38:36.000Z</Time><Position><LatitudeDegrees>58.626756023756506</LatitudeDegrees><LongitudeDegrees>59.78979353766146</LongitudeDegrees></Position></Trackpoint><Trackpoint><Time>2026-07-09T14:38:37.000Z</Time><Position><LatitudeDegrees>58.62677595298896</LatitudeDegrees><LongitudeDegrees>59.78979319429724</LongitudeDegrees></Position></Trackpoint><Trackpoint><Time>2026-07-09T14:38:38.000Z</Time><Position><LatitudeDegrees>58.62679612883724</LatitudeDegrees><LongitudeDegrees>59.78979376423101</LongitudeDegrees></Position></Trackpoint><Trackpoint><Time>2026-07-09T14:38:39.000Z</Time><Position><LatitudeDegrees>58.62681675437428</LatitudeDegrees><LongitudeDegrees>59.78979414753059</LongitudeDegrees></Position></Trackpoint><Trackpoint><Time>2026-07-09T14:38:40.000Z</Time><Position><LatitudeDegrees>58.626837855515404</LatitudeDegrees><LongitudeDegrees>59.78979440477208</LongitudeDegrees></Position></Trackpoint><Trackpoint><Time>2026-07-09T14:38:41.000Z</Time><Position><LatitudeDegrees>58.62685938189035</LatitudeDegrees><LongitudeDegrees>59.78979457708208</LongitudeDegrees></Position></Trackpoint><Trackpoint><Time>2026-07-09T14:38:42.000Z</Time><Position><LatitudeDegrees>58.62688125817684</LatitudeDegrees><LongitudeDegrees>59.789794202688114</LongitudeDegrees></Position></Trackpoint><Trackpoint><Time>2026-07-09T14:38:43.000Z</Time><Position><LatitudeDegrees>58.62690291883341</LatitudeDegrees><LongitudeDegrees>59.78979414080674</LongitudeDegrees></Position></Trackpoint><Trackpoint><Time>2026-07-09T14:38:44.000Z</Time><Position><LatitudeDegrees>58.626924648237626</LatitudeDegrees><LongitudeDegrees>59.78979421557086</LongitudeDegrees></Position></Trackpoint><Trackpoint><Time>2026-07-09T14:38:45.000Z</Time><Position><LatitudeDegrees>58.62694704429261</LatitudeDegrees><LongitudeDegrees>59.789793847403665</LongitudeDegrees></Position></Trackpoint><Trackpoint><Time>2026-07-09T14:38:46.000Z</Time><Position><LatitudeDegrees>58.626970267671204</LatitudeDegrees><LongitudeDegrees>59.789792364855046</LongitudeDegrees></Position></Trackpoint><Trackpoint><Time>2026-07-09T14:38:47.000Z</Time><Position><LatitudeDegrees>58.62699378874747</LatitudeDegrees><LongitudeDegrees>59.78978963442864</LongitudeDegrees></Position></Trackpoint><Trackpoint><Time>2026-07-09T14:38:48.000Z</Time><Position><LatitudeDegrees>58.62701735119475</LatitudeDegrees><LongitudeDegrees>59.78978576130939</LongitudeDegrees></Position></Trackpoint><Trackpoint><Time>2026-07-09T14:38:49.000Z</Time><Position><LatitudeDegrees>58.62704035452865</LatitudeDegrees><LongitudeDegrees>59.78978191470012</LongitudeDegrees></Position></Trackpoint><Trackpoint><Time>2026-07-09T14:38:50.000Z</Time><Position><LatitudeDegrees>58.62706262321103</LatitudeDegrees><LongitudeDegrees>59.78977906232564</LongitudeDegrees></Position></Trackpoint><Trackpoint><Time>2026-07-09T14:38:51.000Z</Time><Position><LatitudeDegrees>58.62708515846208</LatitudeDegrees><LongitudeDegrees>59.78977747511877</LongitudeDegrees></Position></Trackpoint><Trackpoint><Time>2026-07-09T14:38:52.000Z</Time><Position><LatitudeDegrees>58.62710784879335</LatitudeDegrees><LongitudeDegrees>59.789776612665705</LongitudeDegrees></Position></Trackpoint><Trackpoint><Time>2026-07-09T14:38:53.000Z</Time><Position><LatitudeDegrees>58.62713111799649</LatitudeDegrees><LongitudeDegrees>59.78977615938497</LongitudeDegrees></Position></Trackpoint><Trackpoint><Time>2026-07-09T14:38:54.000Z</Time><Position><LatitudeDegrees>58.62715506630571</LatitudeDegrees><LongitudeDegrees>59.78977593279295</LongitudeDegrees></Position></Trackpoint><Trackpoint><Time>2026-07-09T14:38:55.000Z</Time><Position><LatitudeDegrees>58.627178668617326</LatitudeDegrees><LongitudeDegrees>59.78977533903102</LongitudeDegrees></Position></Trackpoint><Trackpoint><Time>2026-07-09T14:38:56.000Z</Time><Position><LatitudeDegrees>58.627201547167715</LatitudeDegrees><LongitudeDegrees>59.78977467026472</LongitudeDegrees></Position></Trackpoint><Trackpoint><Time>2026-07-09T14:38:57.000Z</Time><Position><LatitudeDegrees>58.62722412888551</LatitudeDegrees><LongitudeDegrees>59.789774056444266</LongitudeDegrees></Position></Trackpoint><Trackpoint><Time>2026-07-09T14:38:58.000Z</Time><Position><LatitudeDegrees>58.62724613808154</LatitudeDegrees><LongitudeDegrees>59.78977354403526</LongitudeDegrees></Position></Trackpoint><Trackpoint><Time>2026-07-09T14:38:59.000Z</Time><Position><LatitudeDegrees>58.62726753470012</LatitudeDegrees><LongitudeDegrees>59.78977264954718</LongitudeDegrees></Position></Trackpoint><Trackpoint><Time>2026-07-09T14:39:00.000Z</Time><Position><LatitudeDegrees>58.62728838086837</LatitudeDegrees><LongitudeDegrees>59.78977171251238</LongitudeDegrees></Position></Trackpoint><Trackpoint><Time>2026-07-09T14:39:01.000Z</Time><Position><LatitudeDegrees>58.6273092624324</LatitudeDegrees><LongitudeDegrees>59.789770878222434</LongitudeDegrees></Position></Trackpoint><Trackpoint><Time>2026-07-09T14:39:02.000Z</Time><Position><LatitudeDegrees>58.62732992650955</LatitudeDegrees><LongitudeDegrees>59.789769703715464</LongitudeDegrees></Position></Trackpoint><Trackpoint><Time>2026-07-09T14:39:03.000Z</Time><Position><LatitudeDegrees>58.627350296868435</LatitudeDegrees><LongitudeDegrees>59.78976805023136</LongitudeDegrees></Position></Trackpoint><Trackpoint><Time>2026-07-09T14:39:04.000Z</Time><Position><LatitudeDegrees>58.62737086942333</LatitudeDegrees><LongitudeDegrees>59.78976592210005</LongitudeDegrees></Position></Trackpoint><Trackpoint><Time>2026-07-09T14:39:05.000Z</Time><Position><LatitudeDegrees>58.6273913328461</LatitudeDegrees><LongitudeDegrees>59.789764361246256</LongitudeDegrees></Position></Trackpoint><Trackpoint><Time>2026-07-09T14:39:06.000Z</Time><Position><LatitudeDegrees>58.62741206253901</LatitudeDegrees><LongitudeDegrees>59.78976372396009</LongitudeDegrees></Position></Trackpoint><Trackpoint><Time>2026-07-09T14:39:07.000Z</Time><Position><LatitudeDegrees>58.62743317892985</LatitudeDegrees><LongitudeDegrees>59.789764038435216</LongitudeDegrees></Position></Trackpoint><Trackpoint><Time>2026-07-09T14:39:08.000Z</Time><Position><LatitudeDegrees>58.627455171593326</LatitudeDegrees><LongitudeDegrees>59.789765194125586</LongitudeDegrees></Position></Trackpoint><Trackpoint><Time>2026-07-09T14:39:09.000Z</Time><Position><LatitudeDegrees>58.62747812968437</LatitudeDegrees><LongitudeDegrees>59.78976703753596</LongitudeDegrees></Position></Trackpoint><Trackpoint><Time>2026-07-09T14:39:10.000Z</Time><Position><LatitudeDegrees>58.627500986787545</LatitudeDegrees><LongitudeDegrees>59.78976892757343</LongitudeDegrees></Position></Trackpoint><Trackpoint><Time>2026-07-09T14:39:11.000Z</Time><Position><LatitudeDegrees>58.62752380628967</LatitudeDegrees><LongitudeDegrees>59.78977108384066</LongitudeDegrees></Position></Trackpoint><Trackpoint><Time>2026-07-09T14:39:12.000Z</Time><Position><LatitudeDegrees>58.627546619121595</LatitudeDegrees><LongitudeDegrees>59.78977307299656</LongitudeDegrees></Position></Trackpoint><Trackpoint><Time>2026-07-09T14:39:13.000Z</Time><Position><LatitudeDegrees>58.62756943887778</LatitudeDegrees><LongitudeDegrees>59.78977473802529</LongitudeDegrees></Position></Trackpoint><Trackpoint><Time>2026-07-09T14:39:14.000Z</Time><Position><LatitudeDegrees>58.62759227026816</LatitudeDegrees><LongitudeDegrees>59.78977605586372</LongitudeDegrees></Position></Trackpoint><Trackpoint><Time>2026-07-09T14:39:15.000Z</Time><Position><LatitudeDegrees>58.62761511373921</LatitudeDegrees><LongitudeDegrees>59.78977706157504</LongitudeDegrees></Position></Trackpoint><Trackpoint><Time>2026-07-09T14:39:16.000Z</Time><Position><LatitudeDegrees>58.62763698870304</LatitudeDegrees><LongitudeDegrees>59.789777809660485</LongitudeDegrees></Position></Trackpoint><Trackpoint><Time>2026-07-09T14:39:17.000Z</Time><Position><LatitudeDegrees>58.62765712601666</LatitudeDegrees><LongitudeDegrees>59.789776886799515</LongitudeDegrees></Position></Trackpoint><Trackpoint><Time>2026-07-09T14:39:18.000Z</Time><Position><LatitudeDegrees>58.627675431946116</LatitudeDegrees><LongitudeDegrees>59.78977441501365</LongitudeDegrees></Position></Trackpoint><Trackpoint><Time>2026-07-09T14:39:19.000Z</Time><Position><LatitudeDegrees>58.62769210294403</LatitudeDegrees><LongitudeDegrees>59.78977113296823</LongitudeDegrees></Position></Trackpoint><Trackpoint><Time>2026-07-09T14:39:20.000Z</Time><Position><LatitudeDegrees>58.62770645053589</LatitudeDegrees><LongitudeDegrees>59.78976793847645</LongitudeDegrees></Position></Trackpoint><Trackpoint><Time>2026-07-09T14:39:21.000Z</Time><Position><LatitudeDegrees>58.6277189790012</LatitudeDegrees><LongitudeDegrees>59.789766169271616</LongitudeDegrees></Position></Trackpoint><Trackpoint><Time>2026-07-09T14:39:22.000Z</Time><Position><LatitudeDegrees>58.62773012950122</LatitudeDegrees><LongitudeDegrees>59.78976570373285</LongitudeDegrees></Position></Trackpoint><Trackpoint><Time>2026-07-09T14:39:23.000Z</Time><Position><LatitudeDegrees>58.627740260580616</LatitudeDegrees><LongitudeDegrees>59.78976632444906</LongitudeDegrees></Position></Trackpoint><Trackpoint><Time>2026-07-09T14:39:24.000Z</Time><Position><LatitudeDegrees>58.627750140351765</LatitudeDegrees><LongitudeDegrees>59.78976780246393</LongitudeDegrees></Position></Trackpoint><Trackpoint><Time>2026-07-09T14:39:25.000Z</Time><Position><LatitudeDegrees>58.62775913818274</LatitudeDegrees><LongitudeDegrees>59.78977042306323</LongitudeDegrees></Position></Trackpoint><Trackpoint><Time>2026-07-09T14:39:26.000Z</Time><Position><LatitudeDegrees>58.6277675971646</LatitudeDegrees><LongitudeDegrees>59.78977317786696</LongitudeDegrees></Position></Trackpoint><Trackpoint><Time>2026-07-09T14:39:27.000Z</Time><Position><LatitudeDegrees>58.62777523814353</LatitudeDegrees><LongitudeDegrees>59.78977514475504</LongitudeDegrees></Position></Trackpoint><Trackpoint><Time>2026-07-09T14:39:28.000Z</Time><Position><LatitudeDegrees>58.62778303036535</LatitudeDegrees><LongitudeDegrees>59.78977653470607</LongitudeDegrees></Position></Trackpoint><Trackpoint><Time>2026-07-09T14:39:29.000Z</Time><Position><LatitudeDegrees>58.6277908639754</LatitudeDegrees><LongitudeDegrees>59.789777998267695</LongitudeDegrees></Position></Trackpoint><Trackpoint><Time>2026-07-09T14:39:30.000Z</Time><Position><LatitudeDegrees>58.62779966764099</LatitudeDegrees><LongitudeDegrees>59.7897793042987</LongitudeDegrees></Position></Trackpoint><Trackpoint><Time>2026-07-09T14:39:31.000Z</Time><Position><LatitudeDegrees>58.627810188923746</LatitudeDegrees><LongitudeDegrees>59.789779398605</LongitudeDegrees></Position></Trackpoint><Trackpoint><Time>2026-07-09T14:39:32.000Z</Time><Position><LatitudeDegrees>58.62782251524091</LatitudeDegrees><LongitudeDegrees>59.78977849216797</LongitudeDegrees></Position></Trackpoint><Trackpoint><Time>2026-07-09T14:39:33.000Z</Time><Position><LatitudeDegrees>58.627836940531</LatitudeDegrees><LongitudeDegrees>59.78977826915252</LongitudeDegrees></Position></Trackpoint><Trackpoint><Time>2026-07-09T14:39:34.000Z</Time><Position><LatitudeDegrees>58.627852826837085</LatitudeDegrees><LongitudeDegrees>59.789777866605945</LongitudeDegrees></Position></Trackpoint><Trackpoint><Time>2026-07-09T14:39:35.000Z</Time><Position><LatitudeDegrees>58.62786972390804</LatitudeDegrees><LongitudeDegrees>59.789776462567474</LongitudeDegrees></Position></Trackpoint><Trackpoint><Time>2026-07-09T14:39:36.000Z</Time><Position><LatitudeDegrees>58.627887316585294</LatitudeDegrees><LongitudeDegrees>59.789773357455594</LongitudeDegrees></Position></Trackpoint><Trackpoint><Time>2026-07-09T14:39:37.000Z</Time><Position><LatitudeDegrees>58.62790587540663</LatitudeDegrees><LongitudeDegrees>59.78976995032137</LongitudeDegrees></Position></Trackpoint><Trackpoint><Time>2026-07-09T14:39:38.000Z</Time><Position><LatitudeDegrees>58.627924898174804</LatitudeDegrees><LongitudeDegrees>59.78976832493665</LongitudeDegrees></Position></Trackpoint><Trackpoint><Time>2026-07-09T14:39:39.000Z</Time><Position><LatitudeDegrees>58.6279455873532</LatitudeDegrees><LongitudeDegrees>59.78976813156208</LongitudeDegrees></Position></Trackpoint><Trackpoint><Time>2026-07-09T14:39:40.000Z</Time><Position><LatitudeDegrees>58.62796871388575</LatitudeDegrees><LongitudeDegrees>59.78976904236699</LongitudeDegrees></Position></Trackpoint><Trackpoint><Time>2026-07-09T14:39:41.000Z</Time><Position><LatitudeDegrees>58.627993792831525</LatitudeDegrees><LongitudeDegrees>59.789771759841265</LongitudeDegrees></Position></Trackpoint><Trackpoint><Time>2026-07-09T14:39:42.000Z</Time><Position><LatitudeDegrees>58.6280203738864</LatitudeDegrees><LongitudeDegrees>59.789776831020994</LongitudeDegrees></Position></Trackpoint><Trackpoint><Time>2026-07-09T14:39:43.000Z</Time><Position><LatitudeDegrees>58.62804709958546</LatitudeDegrees><LongitudeDegrees>59.78978466870997</LongitudeDegrees></Position></Trackpoint><Trackpoint><Time>2026-07-09T14:39:44.000Z</Time><Position><LatitudeDegrees>58.62807192348266</LatitudeDegrees><LongitudeDegrees>59.78979655666915</LongitudeDegrees></Position></Trackpoint><Trackpoint><Time>2026-07-09T14:39:45.000Z</Time><Position><LatitudeDegrees>58.62809375726604</LatitudeDegrees><LongitudeDegrees>59.78981348296929</LongitudeDegrees></Position></Trackpoint><Trackpoint><Time>2026-07-09T14:39:46.000Z</Time><Position><LatitudeDegrees>58.628113026119664</LatitudeDegrees><LongitudeDegrees>59.78983471825683</LongitudeDegrees></Position></Trackpoint><Trackpoint><Time>2026-07-09T14:39:47.000Z</Time><Position><LatitudeDegrees>58.628130723963956</LatitudeDegrees><LongitudeDegrees>59.78985989871824</LongitudeDegrees></Position></Trackpoint><Trackpoint><Time>2026-07-09T14:39:48.000Z</Time><Position><LatitudeDegrees>58.62814648254393</LatitudeDegrees><LongitudeDegrees>59.78988787855529</LongitudeDegrees></Position></Trackpoint><Trackpoint><Time>2026-07-09T14:39:49.000Z</Time><Position><LatitudeDegrees>58.62816039910155</LatitudeDegrees><LongitudeDegrees>59.789917336983805</LongitudeDegrees></Position></Trackpoint><Trackpoint><Time>2026-07-09T14:39:50.000Z</Time><Position><LatitudeDegrees>58.62817226049446</LatitudeDegrees><LongitudeDegrees>59.78994851950708</LongitudeDegrees></Position></Trackpoint><Trackpoint><Time>2026-07-09T14:39:51.000Z</Time><Position><LatitudeDegrees>58.6281822427208</LatitudeDegrees><LongitudeDegrees>59.78998179555722</LongitudeDegrees></Position></Trackpoint><Trackpoint><Time>2026-07-09T14:39:52.000Z</Time><Position><LatitudeDegrees>58.6281916386719</LatitudeDegrees><LongitudeDegrees>59.7900175381883</LongitudeDegrees></Position></Trackpoint><Trackpoint><Time>2026-07-09T14:39:53.000Z</Time><Position><LatitudeDegrees>58.62820105605106</LatitudeDegrees><LongitudeDegrees>59.790056074065134</LongitudeDegrees></Position></Trackpoint><Trackpoint><Time>2026-07-09T14:39:54.000Z</Time><Position><LatitudeDegrees>58.62821123199113</LatitudeDegrees><LongitudeDegrees>59.790096199989065</LongitudeDegrees></Position></Trackpoint><Trackpoint><Time>2026-07-09T14:39:55.000Z</Time><Position><LatitudeDegrees>58.62822237270785</LatitudeDegrees><LongitudeDegrees>59.79013672675202</LongitudeDegrees></Position></Trackpoint><Trackpoint><Time>2026-07-09T14:39:56.000Z</Time><Position><LatitudeDegrees>58.62823492891074</LatitudeDegrees><LongitudeDegrees>59.790177602761986</LongitudeDegrees></Position></Trackpoint><Trackpoint><Time>2026-07-09T14:39:57.000Z</Time><Position><LatitudeDegrees>58.62824841493089</LatitudeDegrees><LongitudeDegrees>59.79021827233571</LongitudeDegrees></Position></Trackpoint><Trackpoint><Time>2026-07-09T14:39:58.000Z</Time><Position><LatitudeDegrees>58.628262511412984</LatitudeDegrees><LongitudeDegrees>59.790259022730694</LongitudeDegrees></Position></Trackpoint><Trackpoint><Time>2026-07-09T14:39:59.000Z</Time><Position><LatitudeDegrees>58.62827700848401</LatitudeDegrees><LongitudeDegrees>59.79029947226526</LongitudeDegrees></Position></Trackpoint><Trackpoint><Time>2026-07-09T14:40:00.000Z</Time><Position><LatitudeDegrees>58.62829127868566</LatitudeDegrees><LongitudeDegrees>59.790339502365136</LongitudeDegrees></Position></Trackpoint><Trackpoint><Time>2026-07-09T14:40:01.000Z</Time><Position><LatitudeDegrees>58.628305582338626</LatitudeDegrees><LongitudeDegrees>59.79037960764191</LongitudeDegrees></Position></Trackpoint><Trackpoint><Time>2026-07-09T14:40:02.000Z</Time><Position><LatitudeDegrees>58.62832002235823</LatitudeDegrees><LongitudeDegrees>59.79041851331243</LongitudeDegrees></Position></Trackpoint><Trackpoint><Time>2026-07-09T14:40:03.000Z</Time><Position><LatitudeDegrees>58.62833560284723</LatitudeDegrees><LongitudeDegrees>59.79045584834613</LongitudeDegrees></Position></Trackpoint><Trackpoint><Time>2026-07-09T14:40:04.000Z</Time><Position><LatitudeDegrees>58.62835259095109</LatitudeDegrees><LongitudeDegrees>59.79049117191849</LongitudeDegrees></Position></Trackpoint><Trackpoint><Time>2026-07-09T14:40:05.000Z</Time><Position><LatitudeDegrees>58.62837091602399</LatitudeDegrees><LongitudeDegrees>59.790525539872526</LongitudeDegrees></Position></Trackpoint><Trackpoint><Time>2026-07-09T14:40:06.000Z</Time><Position><LatitudeDegrees>58.628389887763056</LatitudeDegrees><LongitudeDegrees>59.790559509691775</LongitudeDegrees></Position></Trackpoint><Trackpoint><Time>2026-07-09T14:40:07.000Z</Time><Position><LatitudeDegrees>58.628409628490544</LatitudeDegrees><LongitudeDegrees>59.7905923828453</LongitudeDegrees></Position></Trackpoint><Trackpoint><Time>2026-07-09T14:40:08.000Z</Time><Position><LatitudeDegrees>58.62842911066309</LatitudeDegrees><LongitudeDegrees>59.79062450202077</LongitudeDegrees></Position></Trackpoint><Trackpoint><Time>2026-07-09T14:40:09.000Z</Time><Position><LatitudeDegrees>58.62844647545736</LatitudeDegrees><LongitudeDegrees>59.790657084341575</LongitudeDegrees></Position></Trackpoint><Trackpoint><Time>2026-07-09T14:40:10.000Z</Time><Position><LatitudeDegrees>58.62846220833145</LatitudeDegrees><LongitudeDegrees>59.79069057161572</LongitudeDegrees></Position></Trackpoint><Trackpoint><Time>2026-07-09T14:40:11.000Z</Time><Position><LatitudeDegrees>58.62847671866767</LatitudeDegrees><LongitudeDegrees>59.79072405042383</LongitudeDegrees></Position></Trackpoint><Trackpoint><Time>2026-07-09T14:40:12.000Z</Time><Position><LatitudeDegrees>58.62849082158482</LatitudeDegrees><LongitudeDegrees>59.790755676844114</LongitudeDegrees></Position></Trackpoint><Trackpoint><Time>2026-07-09T14:40:13.000Z</Time><Position><LatitudeDegrees>58.62850539467824</LatitudeDegrees><LongitudeDegrees>59.790784929239244</LongitudeDegrees></Position></Trackpoint><Trackpoint><Time>2026-07-09T14:40:14.000Z</Time><Position><LatitudeDegrees>58.628521228635165</LatitudeDegrees><LongitudeDegrees>59.79081091826288</LongitudeDegrees></Position></Trackpoint><Trackpoint><Time>2026-07-09T14:40:15.000Z</Time><Position><LatitudeDegrees>58.62853799764642</LatitudeDegrees><LongitudeDegrees>59.7908332068907</LongitudeDegrees></Position></Trackpoint><Trackpoint><Time>2026-07-09T14:40:16.000Z</Time><Position><LatitudeDegrees>58.628555447520114</LatitudeDegrees><LongitudeDegrees>59.790852090081735</LongitudeDegrees></Position></Trackpoint><Trackpoint><Time>2026-07-09T14:40:17.000Z</Time><Position><LatitudeDegrees>58.62857289657327</LatitudeDegrees><LongitudeDegrees>59.790867636781975</LongitudeDegrees></Position></Trackpoint><Trackpoint><Time>2026-07-09T14:40:18.000Z</Time><Position><LatitudeDegrees>58.62859104339266</LatitudeDegrees><LongitudeDegrees>59.790880303619225</LongitudeDegrees></Position></Trackpoint><Trackpoint><Time>2026-07-09T14:40:19.000Z</Time><Position><LatitudeDegrees>58.62861008612237</LatitudeDegrees><LongitudeDegrees>59.790888200221</LongitudeDegrees></Position></Trackpoint><Trackpoint><Time>2026-07-09T14:40:20.000Z</Time><Position><LatitudeDegrees>58.62862999137601</LatitudeDegrees><LongitudeDegrees>59.790891160321365</LongitudeDegrees></Position></Trackpoint><Trackpoint><Time>2026-07-09T14:40:21.000Z</Time><Position><LatitudeDegrees>58.62865063470031</LatitudeDegrees><LongitudeDegrees>59.790892197092056</LongitudeDegrees></Position></Trackpoint><Trackpoint><Time>2026-07-09T14:40:22.000Z</Time><Position><LatitudeDegrees>58.62867187011101</LatitudeDegrees><LongitudeDegrees>59.79089279831412</LongitudeDegrees></Position></Trackpoint><Trackpoint><Time>2026-07-09T14:40:23.000Z</Time><Position><LatitudeDegrees>58.6286925822723</LatitudeDegrees><LongitudeDegrees>59.79089412221803</LongitudeDegrees></Position></Trackpoint><Trackpoint><Time>2026-07-09T14:40:24.000Z</Time><Position><LatitudeDegrees>58.6287133582312</LatitudeDegrees><LongitudeDegrees>59.7908965530466</LongitudeDegrees></Position></Trackpoint><Trackpoint><Time>2026-07-09T14:40:25.000Z</Time><Position><LatitudeDegrees>58.62873443156493</LatitudeDegrees><LongitudeDegrees>59.79089961736111</LongitudeDegrees></Position></Trackpoint><Trackpoint><Time>2026-07-09T14:40:26.000Z</Time><Position><LatitudeDegrees>58.628755370690136</LatitudeDegrees><LongitudeDegrees>59.79090205965551</LongitudeDegrees></Position></Trackpoint><Trackpoint><Time>2026-07-09T14:40:27.000Z</Time><Position><LatitudeDegrees>58.62877552548126</LatitudeDegrees><LongitudeDegrees>59.79090442192711</LongitudeDegrees></Position></Trackpoint><Trackpoint><Time>2026-07-09T14:40:28.000Z</Time><Position><LatitudeDegrees>58.62879472886299</LatitudeDegrees><LongitudeDegrees>59.790906937659294</LongitudeDegrees></Position></Trackpoint><Trackpoint><Time>2026-07-09T14:40:29.000Z</Time><Position><LatitudeDegrees>58.628813523750736</LatitudeDegrees><LongitudeDegrees>59.79091164175434</LongitudeDegrees></Position></Trackpoint><Trackpoint><Time>2026-07-09T14:40:30.000Z</Time><Position><LatitudeDegrees>58.62883071733289</LatitudeDegrees><LongitudeDegrees>59.79092104982228</LongitudeDegrees></Position></Trackpoint><Trackpoint><Time>2026-07-09T14:40:31.000Z</Time><Position><LatitudeDegrees>58.62884553428437</LatitudeDegrees><LongitudeDegrees>59.79093657334865</LongitudeDegrees></Position></Trackpoint><Trackpoint><Time>2026-07-09T14:40:32.000Z</Time><Position><LatitudeDegrees>58.628856491505566</LatitudeDegrees><LongitudeDegrees>59.79095849833106</LongitudeDegrees></Position></Trackpoint><Trackpoint><Time>2026-07-09T14:40:33.000Z</Time><Position><LatitudeDegrees>58.62886396320774</LatitudeDegrees><LongitudeDegrees>59.79098514171442</LongitudeDegrees></Position></Trackpoint><Trackpoint><Time>2026-07-09T14:40:34.000Z</Time><Position><LatitudeDegrees>58.62886708203282</LatitudeDegrees><LongitudeDegrees>59.79101618398216</LongitudeDegrees></Position></Trackpoint><Trackpoint><Time>2026-07-09T14:40:35.000Z</Time><Position><LatitudeDegrees>58.62886653906961</LatitudeDegrees><LongitudeDegrees>59.79105337700962</LongitudeDegrees></Position></Trackpoint><Trackpoint><Time>2026-07-09T14:40:36.000Z</Time><Position><LatitudeDegrees>58.62886357852715</LatitudeDegrees><LongitudeDegrees>59.79109567361556</LongitudeDegrees></Position></Trackpoint><Trackpoint><Time>2026-07-09T14:40:37.000Z</Time><Position><LatitudeDegrees>58.6288604919367</LatitudeDegrees><LongitudeDegrees>59.791142966720486</LongitudeDegrees></Position></Trackpoint><Trackpoint><Time>2026-07-09T14:40:38.000Z</Time><Position><LatitudeDegrees>58.628857259984066</LatitudeDegrees><LongitudeDegrees>59.791193102100564</LongitudeDegrees></Position></Trackpoint><Trackpoint><Time>2026-07-09T14:40:39.000Z</Time><Position><LatitudeDegrees>58.62885389337205</LatitudeDegrees><LongitudeDegrees>59.791244338162244</LongitudeDegrees></Position></Trackpoint><Trackpoint><Time>2026-07-09T14:40:40.000Z</Time><Position><LatitudeDegrees>58.62885041379175</LatitudeDegrees><LongitudeDegrees>59.7912928787247</LongitudeDegrees></Position></Trackpoint><Trackpoint><Time>2026-07-09T14:40:41.000Z</Time><Position><LatitudeDegrees>58.628847334286206</LatitudeDegrees><LongitudeDegrees>59.791339464799776</LongitudeDegrees></Position></Trackpoint><Trackpoint><Time>2026-07-09T14:40:42.000Z</Time><Position><LatitudeDegrees>58.62884481479466</LatitudeDegrees><LongitudeDegrees>59.79138269397391</LongitudeDegrees></Position></Trackpoint><Trackpoint><Time>2026-07-09T14:40:43.000Z</Time><Position><LatitudeDegrees>58.628842849308484</LatitudeDegrees><LongitudeDegrees>59.791423398760806</LongitudeDegrees></Position></Trackpoint><Trackpoint><Time>2026-07-09T14:40:44.000Z</Time><Position><LatitudeDegrees>58.62884038502612</LatitudeDegrees><LongitudeDegrees>59.791461756408026</LongitudeDegrees></Position></Trackpoint><Trackpoint><Time>2026-07-09T14:40:45.000Z</Time><Position><LatitudeDegrees>58.628837541999154</LatitudeDegrees><LongitudeDegrees>59.791498630774484</LongitudeDegrees></Position></Trackpoint><Trackpoint><Time>2026-07-09T14:40:46.000Z</Time><Position><LatitudeDegrees>58.628834418280114</LatitudeDegrees><LongitudeDegrees>59.79153750566663</LongitudeDegrees></Position></Trackpoint><Trackpoint><Time>2026-07-09T14:40:47.000Z</Time><Position><LatitudeDegrees>58.62883206949795</LatitudeDegrees><LongitudeDegrees>59.79158102789956</LongitudeDegrees></Position></Trackpoint><Trackpoint><Time>2026-07-09T14:40:48.000Z</Time><Position><LatitudeDegrees>58.62882985171265</LatitudeDegrees><LongitudeDegrees>59.79162724298774</LongitudeDegrees></Position></Trackpoint><Trackpoint><Time>2026-07-09T14:40:49.000Z</Time><Position><LatitudeDegrees>58.62882846213623</LatitudeDegrees><LongitudeDegrees>59.7916764692168</LongitudeDegrees></Position></Trackpoint><Trackpoint><Time>2026-07-09T14:40:50.000Z</Time><Position><LatitudeDegrees>58.628827591993876</LatitudeDegrees><LongitudeDegrees>59.79172845119202</LongitudeDegrees></Position></Trackpoint><Trackpoint><Time>2026-07-09T14:40:51.000Z</Time><Position><LatitudeDegrees>58.62882753706386</LatitudeDegrees><LongitudeDegrees>59.79178273003749</LongitudeDegrees></Position></Trackpoint><Trackpoint><Time>2026-07-09T14:40:52.000Z</Time><Position><LatitudeDegrees>58.62882782491566</LatitudeDegrees><LongitudeDegrees>59.79183833236236</LongitudeDegrees></Position></Trackpoint><Trackpoint><Time>2026-07-09T14:40:53.000Z</Time><Position><LatitudeDegrees>58.628828706601716</LatitudeDegrees><LongitudeDegrees>59.79189419781462</LongitudeDegrees></Position></Trackpoint><Trackpoint><Time>2026-07-09T14:40:54.000Z</Time><Position><LatitudeDegrees>58.62883118851731</LatitudeDegrees><LongitudeDegrees>59.791951324765826</LongitudeDegrees></Position></Trackpoint><Trackpoint><Time>2026-07-09T14:40:55.000Z</Time><Position><LatitudeDegrees>58.6288345005213</LatitudeDegrees><LongitudeDegrees>59.792009472856556</LongitudeDegrees></Position></Trackpoint><Trackpoint><Time>2026-07-09T14:40:56.000Z</Time><Position><LatitudeDegrees>58.62883821890329</LatitudeDegrees><LongitudeDegrees>59.79206743281585</LongitudeDegrees></Position></Trackpoint><Trackpoint><Time>2026-07-09T14:40:57.000Z</Time><Position><LatitudeDegrees>58.628841627396596</LatitudeDegrees><LongitudeDegrees>59.79212326194012</LongitudeDegrees></Position></Trackpoint><Trackpoint><Time>2026-07-09T14:40:58.000Z</Time><Position><LatitudeDegrees>58.62884496040307</LatitudeDegrees><LongitudeDegrees>59.79217692325932</LongitudeDegrees></Position></Trackpoint><Trackpoint><Time>2026-07-09T14:40:59.000Z</Time><Position><LatitudeDegrees>58.628848813756456</LatitudeDegrees><LongitudeDegrees>59.79223063822492</LongitudeDegrees></Position></Trackpoint><Trackpoint><Time>2026-07-09T14:41:00.000Z</Time><Position><LatitudeDegrees>58.62885336605521</LatitudeDegrees><LongitudeDegrees>59.79228531481929</LongitudeDegrees></Position></Trackpoint><Trackpoint><Time>2026-07-09T14:41:01.000Z</Time><Position><LatitudeDegrees>58.62885762192233</LatitudeDegrees><LongitudeDegrees>59.792338755503145</LongitudeDegrees></Position></Trackpoint><Trackpoint><Time>2026-07-09T14:41:02.000Z</Time><Position><LatitudeDegrees>58.628861209474906</LatitudeDegrees><LongitudeDegrees>59.792390213883785</LongitudeDegrees></Position></Trackpoint><Trackpoint><Time>2026-07-09T14:41:03.000Z</Time><Position><LatitudeDegrees>58.628863082115096</LatitudeDegrees><LongitudeDegrees>59.79243963699741</LongitudeDegrees></Position></Trackpoint><Trackpoint><Time>2026-07-09T14:41:04.000Z</Time><Position><LatitudeDegrees>58.62886351853602</LatitudeDegrees><LongitudeDegrees>59.792488243476434</LongitudeDegrees></Position></Trackpoint><Trackpoint><Time>2026-07-09T14:41:05.000Z</Time><Position><LatitudeDegrees>58.628862817849374</LatitudeDegrees><LongitudeDegrees>59.79253761922939</LongitudeDegrees></Position></Trackpoint><Trackpoint><Time>2026-07-09T14:41:06.000Z</Time><Position><LatitudeDegrees>58.62886124918536</LatitudeDegrees><LongitudeDegrees>59.792586849819294</LongitudeDegrees></Position></Trackpoint><Trackpoint><Time>2026-07-09T14:41:07.000Z</Time><Position><LatitudeDegrees>58.62885952439498</LatitudeDegrees><LongitudeDegrees>59.792634598060715</LongitudeDegrees></Position></Trackpoint><Trackpoint><Time>2026-07-09T14:41:08.000Z</Time><Position><LatitudeDegrees>58.62885746707017</LatitudeDegrees><LongitudeDegrees>59.79268001390267</LongitudeDegrees></Position></Trackpoint><Trackpoint><Time>2026-07-09T14:41:09.000Z</Time><Position><LatitudeDegrees>58.628856026461726</LatitudeDegrees><LongitudeDegrees>59.79272304662575</LongitudeDegrees></Position></Trackpoint><Trackpoint><Time>2026-07-09T14:41:10.000Z</Time><Position><LatitudeDegrees>58.62885453512695</LatitudeDegrees><LongitudeDegrees>59.79276398121173</LongitudeDegrees></Position></Trackpoint><Trackpoint><Time>2026-07-09T14:41:11.000Z</Time><Position><LatitudeDegrees>58.62885272470132</LatitudeDegrees><LongitudeDegrees>59.792804183539545</LongitudeDegrees></Position></Trackpoint><Trackpoint><Time>2026-07-09T14:41:12.000Z</Time><Position><LatitudeDegrees>58.62885101522882</LatitudeDegrees><LongitudeDegrees>59.79284284127607</LongitudeDegrees></Position></Trackpoint><Trackpoint><Time>2026-07-09T14:41:13.000Z</Time><Position><LatitudeDegrees>58.6288495667404</LatitudeDegrees><LongitudeDegrees>59.792881286953246</LongitudeDegrees></Position></Trackpoint><Trackpoint><Time>2026-07-09T14:41:14.000Z</Time><Position><LatitudeDegrees>58.628848411645215</LatitudeDegrees><LongitudeDegrees>59.79291813812718</LongitudeDegrees></Position></Trackpoint><Trackpoint><Time>2026-07-09T14:41:15.000Z</Time><Position><LatitudeDegrees>58.62884752563387</LatitudeDegrees><LongitudeDegrees>59.79295596777717</LongitudeDegrees></Position></Trackpoint><Trackpoint><Time>2026-07-09T14:41:16.000Z</Time><Position><LatitudeDegrees>58.62884686415844</LatitudeDegrees><LongitudeDegrees>59.792994730734726</LongitudeDegrees></Position></Trackpoint><Trackpoint><Time>2026-07-09T14:41:17.000Z</Time><Position><LatitudeDegrees>58.62884638005376</LatitudeDegrees><LongitudeDegrees>59.79303233016688</LongitudeDegrees></Position></Trackpoint><Trackpoint><Time>2026-07-09T14:41:18.000Z</Time><Position><LatitudeDegrees>58.628846031130365</LatitudeDegrees><LongitudeDegrees>59.79306805186461</LongitudeDegrees></Position></Trackpoint><Trackpoint><Time>2026-07-09T14:41:19.000Z</Time><Position><LatitudeDegrees>58.62884578266293</LatitudeDegrees><LongitudeDegrees>59.79310282191843</LongitudeDegrees></Position></Trackpoint><Trackpoint><Time>2026-07-09T14:41:20.000Z</Time><Position><LatitudeDegrees>58.628845117846396</LatitudeDegrees><LongitudeDegrees>59.79313861269721</LongitudeDegrees></Position></Trackpoint><Trackpoint><Time>2026-07-09T14:41:21.000Z</Time><Position><LatitudeDegrees>58.62884436689163</LatitudeDegrees><LongitudeDegrees>59.79317561586911</LongitudeDegrees></Position></Trackpoint><Trackpoint><Time>2026-07-09T14:41:22.000Z</Time><Position><LatitudeDegrees>58.62884367684616</LatitudeDegrees><LongitudeDegrees>59.793213754760636</LongitudeDegrees></Position></Trackpoint><Trackpoint><Time>2026-07-09T14:41:23.000Z</Time><Position><LatitudeDegrees>58.62884261084085</LatitudeDegrees><LongitudeDegrees>59.7932528520272</LongitudeDegrees></Position></Trackpoint><Trackpoint><Time>2026-07-09T14:41:24.000Z</Time><Position><LatitudeDegrees>58.6288415268229</LatitudeDegrees><LongitudeDegrees>59.793293690847634</LongitudeDegrees></Position></Trackpoint><Trackpoint><Time>2026-07-09T14:41:25.000Z</Time><Position><LatitudeDegrees>58.62884106412944</LatitudeDegrees><LongitudeDegrees>59.79333979750963</LongitudeDegrees></Position></Trackpoint><Trackpoint><Time>2026-07-09T14:41:26.000Z</Time><Position><LatitudeDegrees>58.6288404270935</LatitudeDegrees><LongitudeDegrees>59.793391948136566</LongitudeDegrees></Position></Trackpoint><Trackpoint><Time>2026-07-09T14:41:27.000Z</Time><Position><LatitudeDegrees>58.62884077924136</LatitudeDegrees><LongitudeDegrees>59.79344968662817</LongitudeDegrees></Position></Trackpoint><Trackpoint><Time>2026-07-09T14:41:28.000Z</Time><Position><LatitudeDegrees>58.62884149357044</LatitudeDegrees><LongitudeDegrees>59.7935125975638</LongitudeDegrees></Position></Trackpoint><Trackpoint><Time>2026-07-09T14:41:29.000Z</Time><Position><LatitudeDegrees>58.62884275498539</LatitudeDegrees><LongitudeDegrees>59.79358033559463</LongitudeDegrees></Position></Trackpoint><Trackpoint><Time>2026-07-09T14:41:30.000Z</Time><Position><LatitudeDegrees>58.62884359019723</LatitudeDegrees><LongitudeDegrees>59.79365164933353</LongitudeDegrees></Position></Trackpoint><Trackpoint><Time>2026-07-09T14:41:31.000Z</Time><Position><LatitudeDegrees>58.628845121907474</LatitudeDegrees><LongitudeDegrees>59.7937250748702</LongitudeDegrees></Position></Trackpoint><Trackpoint><Time>2026-07-09T14:41:32.000Z</Time><Position><LatitudeDegrees>58.62884723347692</LatitudeDegrees><LongitudeDegrees>59.79379875905029</LongitudeDegrees></Position></Trackpoint><Trackpoint><Time>2026-07-09T14:41:33.000Z</Time><Position><LatitudeDegrees>58.62884931283497</LatitudeDegrees><LongitudeDegrees>59.7938709262653</LongitudeDegrees></Position></Trackpoint><Trackpoint><Time>2026-07-09T14:41:34.000Z</Time><Position><LatitudeDegrees>58.62885209126609</LatitudeDegrees><LongitudeDegrees>59.793940550349994</LongitudeDegrees></Position></Trackpoint><Trackpoint><Time>2026-07-09T14:41:35.000Z</Time><Position><LatitudeDegrees>58.62885578021261</LatitudeDegrees><LongitudeDegrees>59.79400753510224</LongitudeDegrees></Position></Trackpoint><Trackpoint><Time>2026-07-09T14:41:36.000Z</Time><Position><LatitudeDegrees>58.628860349890275</LatitudeDegrees><LongitudeDegrees>59.79407217965711</LongitudeDegrees></Position></Trackpoint><Trackpoint><Time>2026-07-09T14:41:37.000Z</Time><Position><LatitudeDegrees>58.628864206160564</LatitudeDegrees><LongitudeDegrees>59.79413686601167</LongitudeDegrees></Position></Trackpoint><Trackpoint><Time>2026-07-09T14:41:39.000Z</Time><Position><LatitudeDegrees>58.62886678406884</LatitudeDegrees><LongitudeDegrees>59.79419816329125</LongitudeDegrees></Position></Trackpoint><Trackpoint><Time>2026-07-09T14:41:40.000Z</Time><Position><LatitudeDegrees>58.62886801502376</LatitudeDegrees><LongitudeDegrees>59.794255583140504</LongitudeDegrees></Position></Trackpoint><Trackpoint><Time>2026-07-09T14:41:41.000Z</Time><Position><LatitudeDegrees>58.62886804365655</LatitudeDegrees><LongitudeDegrees>59.79430942210074</LongitudeDegrees></Position></Trackpoint><Trackpoint><Time>2026-07-09T14:41:42.000Z</Time><Position><LatitudeDegrees>58.62886659423679</LatitudeDegrees><LongitudeDegrees>59.79435977228861</LongitudeDegrees></Position></Trackpoint><Trackpoint><Time>2026-07-09T14:41:43.000Z</Time><Position><LatitudeDegrees>58.628864232525906</LatitudeDegrees><LongitudeDegrees>59.7944076090301</LongitudeDegrees></Position></Trackpoint><Trackpoint><Time>2026-07-09T14:41:44.000Z</Time><Position><LatitudeDegrees>58.62886228783575</LatitudeDegrees><LongitudeDegrees>59.794454635815256</LongitudeDegrees></Position></Trackpoint><Trackpoint><Time>2026-07-09T14:41:45.000Z</Time><Position><LatitudeDegrees>58.628860764486674</LatitudeDegrees><LongitudeDegrees>59.794502637375984</LongitudeDegrees></Position></Trackpoint><Trackpoint><Time>2026-07-09T14:41:46.000Z</Time><Position><LatitudeDegrees>58.628860589400695</LatitudeDegrees><LongitudeDegrees>59.79455222361344</LongitudeDegrees></Position></Trackpoint><Trackpoint><Time>2026-07-09T14:41:47.000Z</Time><Position><LatitudeDegrees>58.628860992046434</LatitudeDegrees><LongitudeDegrees>59.794604421535624</LongitudeDegrees></Position></Trackpoint><Trackpoint><Time>2026-07-09T14:41:48.000Z</Time><Position><LatitudeDegrees>58.62886207055301</LatitudeDegrees><LongitudeDegrees>59.794659808503525</LongitudeDegrees></Position></Trackpoint><Trackpoint><Time>2026-07-09T14:41:49.000Z</Time><Position><LatitudeDegrees>58.628865247419405</LatitudeDegrees><LongitudeDegrees>59.79471870259508</LongitudeDegrees></Position></Trackpoint><Trackpoint><Time>2026-07-09T14:41:50.000Z</Time><Position><LatitudeDegrees>58.6288698599356</LatitudeDegrees><LongitudeDegrees>59.79477784700766</LongitudeDegrees></Position></Trackpoint><Trackpoint><Time>2026-07-09T14:41:51.000Z</Time><Position><LatitudeDegrees>58.62887545091202</LatitudeDegrees><LongitudeDegrees>59.79483390991054</LongitudeDegrees></Position></Trackpoint><Trackpoint><Time>2026-07-09T14:41:52.000Z</Time><Position><LatitudeDegrees>58.628882196089485</LatitudeDegrees><LongitudeDegrees>59.79488640426244</LongitudeDegrees></Position></Trackpoint><Trackpoint><Time>2026-07-09T14:41:53.000Z</Time><Position><LatitudeDegrees>58.628890019703974</LatitudeDegrees><LongitudeDegrees>59.794934608280414</LongitudeDegrees></Position></Trackpoint><Trackpoint><Time>2026-07-09T14:41:54.000Z</Time><Position><LatitudeDegrees>58.628899241748194</LatitudeDegrees><LongitudeDegrees>59.7949782857574</LongitudeDegrees></Position></Trackpoint><Trackpoint><Time>2026-07-09T14:41:55.000Z</Time><Position><LatitudeDegrees>58.62890981451947</LatitudeDegrees><LongitudeDegrees>59.7950164515583</LongitudeDegrees></Position></Trackpoint><Trackpoint><Time>2026-07-09T14:41:56.000Z</Time><Position><LatitudeDegrees>58.628922524229715</LatitudeDegrees><LongitudeDegrees>59.795049896997504</LongitudeDegrees></Position></Trackpoint><Trackpoint><Time>2026-07-09T14:41:57.000Z</Time><Position><LatitudeDegrees>58.62893742039434</LatitudeDegrees><LongitudeDegrees>59.79508004342658</LongitudeDegrees></Position></Trackpoint><Trackpoint><Time>2026-07-09T14:41:58.000Z</Time><Position><LatitudeDegrees>58.62895473238794</LatitudeDegrees><LongitudeDegrees>59.795107899628455</LongitudeDegrees></Position></Trackpoint><Trackpoint><Time>2026-07-09T14:41:59.000Z</Time><Position><LatitudeDegrees>58.62897473421725</LatitudeDegrees><LongitudeDegrees>59.79513417500077</LongitudeDegrees></Position></Trackpoint><Trackpoint><Time>2026-07-09T14:42:00.000Z</Time><Position><LatitudeDegrees>58.62899621426981</LatitudeDegrees><LongitudeDegrees>59.79515936459421</LongitudeDegrees></Position></Trackpoint><Trackpoint><Time>2026-07-09T14:42:01.000Z</Time><Position><LatitudeDegrees>58.62901946305673</LatitudeDegrees><LongitudeDegrees>59.79518381164524</LongitudeDegrees></Position></Trackpoint><Trackpoint><Time>2026-07-09T14:42:02.000Z</Time><Position><LatitudeDegrees>58.62904437320578</LatitudeDegrees><LongitudeDegrees>59.79520775281426</LongitudeDegrees></Position></Trackpoint><Trackpoint><Time>2026-07-09T14:42:03.000Z</Time><Position><LatitudeDegrees>58.62907068726419</LatitudeDegrees><LongitudeDegrees>59.795230860884494</LongitudeDegrees></Position></Trackpoint><Trackpoint><Time>2026-07-09T14:42:04.000Z</Time><Position><LatitudeDegrees>58.629098119014685</LatitudeDegrees><LongitudeDegrees>59.795253108024134</LongitudeDegrees></Position></Trackpoint><Trackpoint><Time>2026-07-09T14:42:05.000Z</Time><Position><LatitudeDegrees>58.629126407129355</LatitudeDegrees><LongitudeDegrees>59.79527459327025</LongitudeDegrees></Position></Trackpoint><Trackpoint><Time>2026-07-09T14:42:06.000Z</Time><Position><LatitudeDegrees>58.62915533407161</LatitudeDegrees><LongitudeDegrees>59.79529496558686</LongitudeDegrees></Position></Trackpoint><Trackpoint><Time>2026-07-09T14:42:07.000Z</Time><Position><LatitudeDegrees>58.62918423864946</LatitudeDegrees><LongitudeDegrees>59.795314223248475</LongitudeDegrees></Position></Trackpoint><Trackpoint><Time>2026-07-09T14:42:08.000Z</Time><Position><LatitudeDegrees>58.6292123618218</LatitudeDegrees><LongitudeDegrees>59.79533348782999</LongitudeDegrees></Position></Trackpoint><Trackpoint><Time>2026-07-09T14:42:09.000Z</Time><Position><LatitudeDegrees>58.62923998089303</LatitudeDegrees><LongitudeDegrees>59.79535273073458</LongitudeDegrees></Position></Trackpoint><Trackpoint><Time>2026-07-09T14:42:10.000Z</Time><Position><LatitudeDegrees>58.629266785156354</LatitudeDegrees><LongitudeDegrees>59.7953719429673</LongitudeDegrees></Position></Trackpoint><Trackpoint><Time>2026-07-09T14:42:11.000Z</Time><Position><LatitudeDegrees>58.62929324084232</LatitudeDegrees><LongitudeDegrees>59.795391124760435</LongitudeDegrees></Position></Trackpoint><Trackpoint><Time>2026-07-09T14:42:12.000Z</Time><Position><LatitudeDegrees>58.6293195846996</LatitudeDegrees><LongitudeDegrees>59.79540979050591</LongitudeDegrees></Position></Trackpoint><Trackpoint><Time>2026-07-09T14:42:13.000Z</Time><Position><LatitudeDegrees>58.62934592858223</LatitudeDegrees><LongitudeDegrees>59.79542829605866</LongitudeDegrees></Position></Trackpoint><Trackpoint><Time>2026-07-09T14:42:14.000Z</Time><Position><LatitudeDegrees>58.6293728081628</LatitudeDegrees><LongitudeDegrees>59.79544729814274</LongitudeDegrees></Position></Trackpoint><Trackpoint><Time>2026-07-09T14:42:15.000Z</Time><Position><LatitudeDegrees>58.62940037529312</LatitudeDegrees><LongitudeDegrees>59.795466024268734</LongitudeDegrees></Position></Trackpoint><Trackpoint><Time>2026-07-09T14:42:16.000Z</Time><Position><LatitudeDegrees>58.62942860426487</LatitudeDegrees><LongitudeDegrees>59.795484191718536</LongitudeDegrees></Position></Trackpoint><Trackpoint><Time>2026-07-09T14:42:17.000Z</Time><Position><LatitudeDegrees>58.629457399544144</LatitudeDegrees><LongitudeDegrees>59.79550077654341</LongitudeDegrees></Position></Trackpoint><Trackpoint><Time>2026-07-09T14:42:18.000Z</Time><Position><LatitudeDegrees>58.6294866491022</LatitudeDegrees><LongitudeDegrees>59.795516539395884</LongitudeDegrees></Position></Trackpoint><Trackpoint><Time>2026-07-09T14:42:19.000Z</Time><Position><LatitudeDegrees>58.62951575888524</LatitudeDegrees><LongitudeDegrees>59.795531899036924</LongitudeDegrees></Position></Trackpoint><Trackpoint><Time>2026-07-09T14:42:20.000Z</Time><Position><LatitudeDegrees>58.62954450218202</LatitudeDegrees><LongitudeDegrees>59.79554707967786</LongitudeDegrees></Position></Trackpoint><Trackpoint><Time>2026-07-09T14:42:21.000Z</Time><Position><LatitudeDegrees>58.62957283266324</LatitudeDegrees><LongitudeDegrees>59.79556268624139</LongitudeDegrees></Position></Trackpoint><Trackpoint><Time>2026-07-09T14:42:22.000Z</Time><Position><LatitudeDegrees>58.629600784233205</LatitudeDegrees><LongitudeDegrees>59.79557793396711</LongitudeDegrees></Position></Trackpoint><Trackpoint><Time>2026-07-09T14:42:23.000Z</Time><Position><LatitudeDegrees>58.629628419487524</LatitudeDegrees><LongitudeDegrees>59.795593035331414</LongitudeDegrees></Position></Trackpoint><Trackpoint><Time>2026-07-09T14:42:24.000Z</Time><Position><LatitudeDegrees>58.62965531519317</LatitudeDegrees><LongitudeDegrees>59.795608096624434</LongitudeDegrees></Position></Trackpoint><Trackpoint><Time>2026-07-09T14:42:25.000Z</Time><Position><LatitudeDegrees>58.629681391968624</LatitudeDegrees><LongitudeDegrees>59.79562316676308</LongitudeDegrees></Position></Trackpoint><Trackpoint><Time>2026-07-09T14:42:26.000Z</Time><Position><LatitudeDegrees>58.629707211840994</LatitudeDegrees><LongitudeDegrees>59.79563777514703</LongitudeDegrees></Position></Trackpoint><Trackpoint><Time>2026-07-09T14:42:27.000Z</Time><Position><LatitudeDegrees>58.62973254963429</LatitudeDegrees><LongitudeDegrees>59.795652276843505</LongitudeDegrees></Position></Trackpoint><Trackpoint><Time>2026-07-09T14:42:28.000Z</Time><Position><LatitudeDegrees>58.62975786409827</LatitudeDegrees><LongitudeDegrees>59.79566634216359</LongitudeDegrees></Position></Trackpoint><Trackpoint><Time>2026-07-09T14:42:29.000Z</Time><Position><LatitudeDegrees>58.62978334715567</LatitudeDegrees><LongitudeDegrees>59.79568038094927</LongitudeDegrees></Position></Trackpoint><Trackpoint><Time>2026-07-09T14:42:30.000Z</Time><Position><LatitudeDegrees>58.629809056207954</LatitudeDegrees><LongitudeDegrees>59.79569407578216</LongitudeDegrees></Position></Trackpoint><Trackpoint><Time>2026-07-09T14:42:31.000Z</Time><Position><LatitudeDegrees>58.62983449627824</LatitudeDegrees><LongitudeDegrees>59.795707340084604</LongitudeDegrees></Position></Trackpoint><Trackpoint><Time>2026-07-09T14:42:32.000Z</Time><Position><LatitudeDegrees>58.629859987652594</LatitudeDegrees><LongitudeDegrees>59.795720193458976</LongitudeDegrees></Position></Trackpoint><Trackpoint><Time>2026-07-09T14:42:33.000Z</Time><Position><LatitudeDegrees>58.6298856556507</LatitudeDegrees><LongitudeDegrees>59.795732207109566</LongitudeDegrees></Position></Trackpoint><Trackpoint><Time>2026-07-09T14:42:34.000Z</Time><Position><LatitudeDegrees>58.62991201882462</LatitudeDegrees><LongitudeDegrees>59.79574478105312</LongitudeDegrees></Position></Trackpoint><Trackpoint><Time>2026-07-09T14:42:35.000Z</Time><Position><LatitudeDegrees>58.62993822228536</LatitudeDegrees><LongitudeDegrees>59.79575793033987</LongitudeDegrees></Position></Trackpoint><Trackpoint><Time>2026-07-09T14:42:36.000Z</Time><Position><LatitudeDegrees>58.62996344484947</LatitudeDegrees><LongitudeDegrees>59.79577109771293</LongitudeDegrees></Position></Trackpoint><Trackpoint><Time>2026-07-09T14:42:37.000Z</Time><Position><LatitudeDegrees>58.62998845344406</LatitudeDegrees><LongitudeDegrees>59.79578454096462</LongitudeDegrees></Position></Trackpoint><Trackpoint><Time>2026-07-09T14:42:38.000Z</Time><Position><LatitudeDegrees>58.63001310176731</LatitudeDegrees><LongitudeDegrees>59.7957983308538</LongitudeDegrees></Position></Trackpoint><Trackpoint><Time>2026-07-09T14:42:39.000Z</Time><Position><LatitudeDegrees>58.630037865418174</LatitudeDegrees><LongitudeDegrees>59.79581245203093</LongitudeDegrees></Position></Trackpoint><Trackpoint><Time>2026-07-09T14:42:40.000Z</Time><Position><LatitudeDegrees>58.63006292546203</LatitudeDegrees><LongitudeDegrees>59.79582734526488</LongitudeDegrees></Position></Trackpoint><Trackpoint><Time>2026-07-09T14:42:41.000Z</Time><Position><LatitudeDegrees>58.63008782881543</LatitudeDegrees><LongitudeDegrees>59.79584260337602</LongitudeDegrees></Position></Trackpoint><Trackpoint><Time>2026-07-09T14:42:42.000Z</Time><Position><LatitudeDegrees>58.63011289860509</LatitudeDegrees><LongitudeDegrees>59.79585801184277</LongitudeDegrees></Position></Trackpoint><Trackpoint><Time>2026-07-09T14:42:43.000Z</Time><Position><LatitudeDegrees>58.630138246543545</LatitudeDegrees><LongitudeDegrees>59.79587297340944</LongitudeDegrees></Position></Trackpoint><Trackpoint><Time>2026-07-09T14:42:44.000Z</Time><Position><LatitudeDegrees>58.63016339332714</LatitudeDegrees><LongitudeDegrees>59.79588827868642</LongitudeDegrees></Position></Trackpoint><Trackpoint><Time>2026-07-09T14:42:45.000Z</Time><Position><LatitudeDegrees>58.63018865699117</LatitudeDegrees><LongitudeDegrees>59.795903719548114</LongitudeDegrees></Position></Trackpoint><Trackpoint><Time>2026-07-09T14:42:46.000Z</Time><Position><LatitudeDegrees>58.63021415351177</LatitudeDegrees><LongitudeDegrees>59.79591870326875</LongitudeDegrees></Position></Trackpoint><Trackpoint><Time>2026-07-09T14:42:47.000Z</Time><Position><LatitudeDegrees>58.63023941115437</LatitudeDegrees><LongitudeDegrees>59.795932554806825</LongitudeDegrees></Position></Trackpoint><Trackpoint><Time>2026-07-09T14:42:48.000Z</Time><Position><LatitudeDegrees>58.63026475591318</LatitudeDegrees><LongitudeDegrees>59.79594709991415</LongitudeDegrees></Position></Trackpoint><Trackpoint><Time>2026-07-09T14:42:49.000Z</Time><Position><LatitudeDegrees>58.630289821251644</LatitudeDegrees><LongitudeDegrees>59.795963491088244</LongitudeDegrees></Position></Trackpoint><Trackpoint><Time>2026-07-09T14:42:50.000Z</Time><Position><LatitudeDegrees>58.630314492080956</LatitudeDegrees><LongitudeDegrees>59.79598196602615</LongitudeDegrees></Position></Trackpoint><Trackpoint><Time>2026-07-09T14:42:51.000Z</Time><Position><LatitudeDegrees>58.630339261248984</LatitudeDegrees><LongitudeDegrees>59.796001865560875</LongitudeDegrees></Position></Trackpoint><Trackpoint><Time>2026-07-09T14:42:52.000Z</Time><Position><LatitudeDegrees>58.63036431910529</LatitudeDegrees><LongitudeDegrees>59.7960217561594</LongitudeDegrees></Position></Trackpoint><Trackpoint><Time>2026-07-09T14:42:53.000Z</Time><Position><LatitudeDegrees>58.63038970698946</LatitudeDegrees><LongitudeDegrees>59.79604104859197</LongitudeDegrees></Position></Trackpoint><Trackpoint><Time>2026-07-09T14:42:54.000Z</Time><Position><LatitudeDegrees>58.63041539956796</LatitudeDegrees><LongitudeDegrees>59.796059576967814</LongitudeDegrees></Position></Trackpoint><Trackpoint><Time>2026-07-09T14:42:55.000Z</Time><Position><LatitudeDegrees>58.63044134730051</LatitudeDegrees><LongitudeDegrees>59.79607737103311</LongitudeDegrees></Position></Trackpoint><Trackpoint><Time>2026-07-09T14:42:56.000Z</Time><Position><LatitudeDegrees>58.63046798664677</LatitudeDegrees><LongitudeDegrees>59.79609453728596</LongitudeDegrees></Position></Trackpoint><Trackpoint><Time>2026-07-09T14:42:57.000Z</Time><Position><LatitudeDegrees>58.63049491897719</LatitudeDegrees><LongitudeDegrees>59.796110710554004</LongitudeDegrees></Position></Trackpoint><Trackpoint><Time>2026-07-09T14:42:58.000Z</Time><Position><LatitudeDegrees>58.63052194251876</LatitudeDegrees><LongitudeDegrees>59.79612586789518</LongitudeDegrees></Position></Trackpoint><Trackpoint><Time>2026-07-09T14:42:59.000Z</Time><Position><LatitudeDegrees>58.6305489624678</LatitudeDegrees><LongitudeDegrees>59.796141109475094</LongitudeDegrees></Position></Trackpoint><Trackpoint><Time>2026-07-09T14:43:00.000Z</Time><Position><LatitudeDegrees>58.630575940242096</LatitudeDegrees><LongitudeDegrees>59.79615589834548</LongitudeDegrees></Position></Trackpoint><Trackpoint><Time>2026-07-09T14:43:01.000Z</Time><Position><LatitudeDegrees>58.63060286536527</LatitudeDegrees><LongitudeDegrees>59.79617007147772</LongitudeDegrees></Position></Trackpoint><Trackpoint><Time>2026-07-09T14:43:02.000Z</Time><Position><LatitudeDegrees>58.63063022989111</LatitudeDegrees><LongitudeDegrees>59.79618413037086</LongitudeDegrees></Position></Trackpoint><Trackpoint><Time>2026-07-09T14:43:03.000Z</Time><Position><LatitudeDegrees>58.63065769045649</LatitudeDegrees><LongitudeDegrees>59.79619829622136</LongitudeDegrees></Position></Trackpoint><Trackpoint><Time>2026-07-09T14:43:04.000Z</Time><Position><LatitudeDegrees>58.63068460371587</LatitudeDegrees><LongitudeDegrees>59.79621264639748</LongitudeDegrees></Position></Trackpoint><Trackpoint><Time>2026-07-09T14:43:05.000Z</Time><Position><LatitudeDegrees>58.630710285353395</LatitudeDegrees><LongitudeDegrees>59.79622718910413</LongitudeDegrees></Position></Trackpoint><Trackpoint><Time>2026-07-09T14:43:06.000Z</Time><Position><LatitudeDegrees>58.63073510123238</LatitudeDegrees><LongitudeDegrees>59.79624190300937</LongitudeDegrees></Position></Trackpoint><Trackpoint><Time>2026-07-09T14:43:07.000Z</Time><Position><LatitudeDegrees>58.63075931314634</LatitudeDegrees><LongitudeDegrees>59.796257246965524</LongitudeDegrees></Position></Trackpoint><Trackpoint><Time>2026-07-09T14:43:08.000Z</Time><Position><LatitudeDegrees>58.6307835960392</LatitudeDegrees><LongitudeDegrees>59.79627234985597</LongitudeDegrees></Position></Trackpoint><Trackpoint><Time>2026-07-09T14:43:09.000Z</Time><Position><LatitudeDegrees>58.63080723954409</LatitudeDegrees><LongitudeDegrees>59.79628688386625</LongitudeDegrees></Position></Trackpoint><Trackpoint><Time>2026-07-09T14:43:10.000Z</Time><Position><LatitudeDegrees>58.63083003317273</LatitudeDegrees><LongitudeDegrees>59.79630078700635</LongitudeDegrees></Position></Trackpoint><Trackpoint><Time>2026-07-09T14:43:11.000Z</Time><Position><LatitudeDegrees>58.630852488929975</LatitudeDegrees><LongitudeDegrees>59.796315093939185</LongitudeDegrees></Position></Trackpoint><Trackpoint><Time>2026-07-09T14:43:12.000Z</Time><Position><LatitudeDegrees>58.63087437143116</LatitudeDegrees><LongitudeDegrees>59.79632968933664</LongitudeDegrees></Position></Trackpoint><Trackpoint><Time>2026-07-09T14:43:13.000Z</Time><Position><LatitudeDegrees>58.6308961469242</LatitudeDegrees><LongitudeDegrees>59.79634448867875</LongitudeDegrees></Position></Trackpoint><Trackpoint><Time>2026-07-09T14:43:14.000Z</Time><Position><LatitudeDegrees>58.630918021159864</LatitudeDegrees><LongitudeDegrees>59.79635894137077</LongitudeDegrees></Position></Trackpoint><Trackpoint><Time>2026-07-09T14:43:15.000Z</Time><Position><LatitudeDegrees>58.63094006619971</LatitudeDegrees><LongitudeDegrees>59.79637335476206</LongitudeDegrees></Position></Trackpoint><Trackpoint><Time>2026-07-09T14:43:16.000Z</Time><Position><LatitudeDegrees>58.630962289798646</LatitudeDegrees><LongitudeDegrees>59.79638786047352</LongitudeDegrees></Position></Trackpoint><Trackpoint><Time>2026-07-09T14:43:17.000Z</Time><Position><LatitudeDegrees>58.6309846722326</LatitudeDegrees><LongitudeDegrees>59.79640250086189</LongitudeDegrees></Position></Trackpoint><Trackpoint><Time>2026-07-09T14:43:18.000Z</Time><Position><LatitudeDegrees>58.63100718499231</LatitudeDegrees><LongitudeDegrees>59.79641727608548</LongitudeDegrees></Position></Trackpoint><Trackpoint><Time>2026-07-09T14:43:19.000Z</Time><Position><LatitudeDegrees>58.63102979960961</LatitudeDegrees><LongitudeDegrees>59.79643167929299</LongitudeDegrees></Position></Trackpoint><Trackpoint><Time>2026-07-09T14:43:20.000Z</Time><Position><LatitudeDegrees>58.63105249128707</LatitudeDegrees><LongitudeDegrees>59.79644554949385</LongitudeDegrees></Position></Trackpoint><Trackpoint><Time>2026-07-09T14:43:21.000Z</Time><Position><LatitudeDegrees>58.63107523992174</LatitudeDegrees><LongitudeDegrees>59.79645839918676</LongitudeDegrees></Position></Trackpoint><Trackpoint><Time>2026-07-09T14:43:22.000Z</Time><Position><LatitudeDegrees>58.63109802992419</LatitudeDegrees><LongitudeDegrees>59.79647015858306</LongitudeDegrees></Position></Trackpoint><Trackpoint><Time>2026-07-09T14:43:23.000Z</Time><Position><LatitudeDegrees>58.63112133917529</LatitudeDegrees><LongitudeDegrees>59.79648142849001</LongitudeDegrees></Position></Trackpoint><Trackpoint><Time>2026-07-09T14:43:24.000Z</Time><Position><LatitudeDegrees>58.63114431861629</LatitudeDegrees><LongitudeDegrees>59.796492519165284</LongitudeDegrees></Position></Trackpoint><Trackpoint><Time>2026-07-09T14:43:25.000Z</Time><Position><LatitudeDegrees>58.63116715051776</LatitudeDegrees><LongitudeDegrees>59.79650358138745</LongitudeDegrees></Position></Trackpoint><Trackpoint><Time>2026-07-09T14:43:26.000Z</Time><Position><LatitudeDegrees>58.63118894966001</LatitudeDegrees><LongitudeDegrees>59.79651419129345</LongitudeDegrees></Position></Trackpoint><Trackpoint><Time>2026-07-09T14:43:27.000Z</Time><Position><LatitudeDegrees>58.63120948403314</LatitudeDegrees><LongitudeDegrees>59.79652472198705</LongitudeDegrees></Position></Trackpoint><Trackpoint><Time>2026-07-09T14:43:28.000Z</Time><Position><LatitudeDegrees>58.63122979964019</LatitudeDegrees><LongitudeDegrees>59.796535826902236</LongitudeDegrees></Position></Trackpoint><Trackpoint><Time>2026-07-09T14:43:29.000Z</Time><Position><LatitudeDegrees>58.63124986572775</LatitudeDegrees><LongitudeDegrees>59.796547211833825</LongitudeDegrees></Position></Trackpoint><Trackpoint><Time>2026-07-09T14:43:30.000Z</Time><Position><LatitudeDegrees>58.631269701656</LatitudeDegrees><LongitudeDegrees>59.796559209289256</LongitudeDegrees></Position></Trackpoint><Trackpoint><Time>2026-07-09T14:43:31.000Z</Time><Position><LatitudeDegrees>58.63128983454933</LatitudeDegrees><LongitudeDegrees>59.79657236720028</LongitudeDegrees></Position></Trackpoint><Trackpoint><Time>2026-07-09T14:43:32.000Z</Time><Position><LatitudeDegrees>58.63131044338011</LatitudeDegrees><LongitudeDegrees>59.796585783059506</LongitudeDegrees></Position></Trackpoint><Trackpoint><Time>2026-07-09T14:43:33.000Z</Time><Position><LatitudeDegrees>58.63133154076929</LatitudeDegrees><LongitudeDegrees>59.79659905207705</LongitudeDegrees></Position></Trackpoint><Trackpoint><Time>2026-07-09T14:43:34.000Z</Time><Position><LatitudeDegrees>58.63135355881948</LatitudeDegrees><LongitudeDegrees>59.796612026393824</LongitudeDegrees></Position></Trackpoint><Trackpoint><Time>2026-07-09T14:43:35.000Z</Time><Position><LatitudeDegrees>58.63137655731949</LatitudeDegrees><LongitudeDegrees>59.796624682940944</LongitudeDegrees></Position></Trackpoint><Trackpoint><Time>2026-07-09T14:43:36.000Z</Time><Position><LatitudeDegrees>58.631400435053116</LatitudeDegrees><LongitudeDegrees>59.79663754261373</LongitudeDegrees></Position></Trackpoint><Trackpoint><Time>2026-07-09T14:43:37.000Z</Time><Position><LatitudeDegrees>58.63142454787722</LatitudeDegrees><LongitudeDegrees>59.796650793863385</LongitudeDegrees></Position></Trackpoint><Trackpoint><Time>2026-07-09T14:43:38.000Z</Time><Position><LatitudeDegrees>58.63144908994928</LatitudeDegrees><LongitudeDegrees>59.796663974431475</LongitudeDegrees></Position></Trackpoint><Trackpoint><Time>2026-07-09T14:43:39.000Z</Time><Position><LatitudeDegrees>58.63147310691526</LatitudeDegrees><LongitudeDegrees>59.79667690301644</LongitudeDegrees></Position></Trackpoint><Trackpoint><Time>2026-07-09T14:43:40.000Z</Time><Position><LatitudeDegrees>58.63149676274754</LatitudeDegrees><LongitudeDegrees>59.796689537293894</LongitudeDegrees></Position></Trackpoint><Trackpoint><Time>2026-07-09T14:43:41.000Z</Time><Position><LatitudeDegrees>58.63152017132637</LatitudeDegrees><LongitudeDegrees>59.7967023872178</LongitudeDegrees></Position></Trackpoint><Trackpoint><Time>2026-07-09T14:43:42.000Z</Time><Position><LatitudeDegrees>58.631543411286046</LatitudeDegrees><LongitudeDegrees>59.79671514551568</LongitudeDegrees></Position></Trackpoint><Trackpoint><Time>2026-07-09T14:43:43.000Z</Time><Position><LatitudeDegrees>58.631566047042185</LatitudeDegrees><LongitudeDegrees>59.79672818701316</LongitudeDegrees></Position></Trackpoint><Trackpoint><Time>2026-07-09T14:43:44.000Z</Time><Position><LatitudeDegrees>58.631588955976454</LatitudeDegrees><LongitudeDegrees>59.796740650506464</LongitudeDegrees></Position></Trackpoint><Trackpoint><Time>2026-07-09T14:43:45.000Z</Time><Position><LatitudeDegrees>58.63161197475127</LatitudeDegrees><LongitudeDegrees>59.79675225550912</LongitudeDegrees></Position></Trackpoint><Trackpoint><Time>2026-07-09T14:43:46.000Z</Time><Position><LatitudeDegrees>58.63163453239029</LatitudeDegrees><LongitudeDegrees>59.79676250708279</LongitudeDegrees></Position></Trackpoint><Trackpoint><Time>2026-07-09T14:43:47.000Z</Time><Position><LatitudeDegrees>58.631656452932475</LatitudeDegrees><LongitudeDegrees>59.79677235432717</LongitudeDegrees></Position></Trackpoint><Trackpoint><Time>2026-07-09T14:43:48.000Z</Time><Position><LatitudeDegrees>58.63167774568164</LatitudeDegrees><LongitudeDegrees>59.79678126078697</LongitudeDegrees></Position></Trackpoint><Trackpoint><Time>2026-07-09T14:43:49.000Z</Time><Position><LatitudeDegrees>58.63169947426692</LatitudeDegrees><LongitudeDegrees>59.79678863666968</LongitudeDegrees></Position></Trackpoint><Trackpoint><Time>2026-07-09T14:43:50.000Z</Time><Position><LatitudeDegrees>58.63172153117672</LatitudeDegrees><LongitudeDegrees>59.796795414747564</LongitudeDegrees></Position></Trackpoint><Trackpoint><Time>2026-07-09T14:43:51.000Z</Time><Position><LatitudeDegrees>58.63174334038363</LatitudeDegrees><LongitudeDegrees>59.79680352472654</LongitudeDegrees></Position></Trackpoint><Trackpoint><Time>2026-07-09T14:43:52.000Z</Time><Position><LatitudeDegrees>58.63176518606325</LatitudeDegrees><LongitudeDegrees>59.796813590376374</LongitudeDegrees></Position></Trackpoint><Trackpoint><Time>2026-07-09T14:43:53.000Z</Time><Position><LatitudeDegrees>58.63178669095674</LatitudeDegrees><LongitudeDegrees>59.79682561757886</LongitudeDegrees></Position></Trackpoint><Trackpoint><Time>2026-07-09T14:43:54.000Z</Time><Position><LatitudeDegrees>58.63180872265694</LatitudeDegrees><LongitudeDegrees>59.796838867383386</LongitudeDegrees></Position></Trackpoint><Trackpoint><Time>2026-07-09T14:43:55.000Z</Time><Position><LatitudeDegrees>58.63183157085268</LatitudeDegrees><LongitudeDegrees>59.79685238893571</LongitudeDegrees></Position></Trackpoint><Trackpoint><Time>2026-07-09T14:43:56.000Z</Time><Position><LatitudeDegrees>58.631854760440895</LatitudeDegrees><LongitudeDegrees>59.796865755763925</LongitudeDegrees></Position></Trackpoint><Trackpoint><Time>2026-07-09T14:43:57.000Z</Time><Position><LatitudeDegrees>58.63187805194109</LatitudeDegrees><LongitudeDegrees>59.79687881209128</LongitudeDegrees></Position></Trackpoint><Trackpoint><Time>2026-07-09T14:43:58.000Z</Time><Position><LatitudeDegrees>58.6318998648151</LatitudeDegrees><LongitudeDegrees>59.796892023226654</LongitudeDegrees></Position></Trackpoint><Trackpoint><Time>2026-07-09T14:43:59.000Z</Time><Position><LatitudeDegrees>58.631919737924036</LatitudeDegrees><LongitudeDegrees>59.79690702976224</LongitudeDegrees></Position></Trackpoint><Trackpoint><Time>2026-07-09T14:44:00.000Z</Time><Position><LatitudeDegrees>58.631936751100206</LatitudeDegrees><LongitudeDegrees>59.79692476652233</LongitudeDegrees></Position></Trackpoint><Trackpoint><Time>2026-07-09T14:44:01.000Z</Time><Position><LatitudeDegrees>58.63194991323467</LatitudeDegrees><LongitudeDegrees>59.7969462472998</LongitudeDegrees></Position></Trackpoint><Trackpoint><Time>2026-07-09T14:44:02.000Z</Time><Position><LatitudeDegrees>58.631959310431085</LatitudeDegrees><LongitudeDegrees>59.796970919458786</LongitudeDegrees></Position></Trackpoint><Trackpoint><Time>2026-07-09T14:44:03.000Z</Time><Position><LatitudeDegrees>58.631964482152675</LatitudeDegrees><LongitudeDegrees>59.796998145796415</LongitudeDegrees></Position></Trackpoint><Trackpoint><Time>2026-07-09T14:44:04.000Z</Time><Position><LatitudeDegrees>58.631966270678944</LatitudeDegrees><LongitudeDegrees>59.79702684645572</LongitudeDegrees></Position></Trackpoint><Trackpoint><Time>2026-07-09T14:44:05.000Z</Time><Position><LatitudeDegrees>58.63196496750607</LatitudeDegrees><LongitudeDegrees>59.79705687709926</LongitudeDegrees></Position></Trackpoint><Trackpoint><Time>2026-07-09T14:44:06.000Z</Time><Position><LatitudeDegrees>58.63196206871803</LatitudeDegrees><LongitudeDegrees>59.79708751797197</LongitudeDegrees></Position></Trackpoint><Trackpoint><Time>2026-07-09T14:44:07.000Z</Time><Position><LatitudeDegrees>58.63195937446814</LatitudeDegrees><LongitudeDegrees>59.79711888394335</LongitudeDegrees></Position></Trackpoint><Trackpoint><Time>2026-07-09T14:44:08.000Z</Time><Position><LatitudeDegrees>58.63195662064615</LatitudeDegrees><LongitudeDegrees>59.79715141886579</LongitudeDegrees></Position></Trackpoint><Trackpoint><Time>2026-07-09T14:44:09.000Z</Time><Position><LatitudeDegrees>58.63195370612865</LatitudeDegrees><LongitudeDegrees>59.797183686667545</LongitudeDegrees></Position></Trackpoint><Trackpoint><Time>2026-07-09T14:44:10.000Z</Time><Position><LatitudeDegrees>58.63195109950529</LatitudeDegrees><LongitudeDegrees>59.79721561982154</LongitudeDegrees></Position></Trackpoint><Trackpoint><Time>2026-07-09T14:44:11.000Z</Time><Position><LatitudeDegrees>58.6319474854073</LatitudeDegrees><LongitudeDegrees>59.79724772308004</LongitudeDegrees></Position></Trackpoint><Trackpoint><Time>2026-07-09T14:44:12.000Z</Time><Position><LatitudeDegrees>58.631942451429815</LatitudeDegrees><LongitudeDegrees>59.79728018248418</LongitudeDegrees></Position></Trackpoint><Trackpoint><Time>2026-07-09T14:44:13.000Z</Time><Position><LatitudeDegrees>58.63193600997014</LatitudeDegrees><LongitudeDegrees>59.79731351855178</LongitudeDegrees></Position></Trackpoint><Trackpoint><Time>2026-07-09T14:44:14.000Z</Time><Position><LatitudeDegrees>58.63192932600334</LatitudeDegrees><LongitudeDegrees>59.79734783313101</LongitudeDegrees></Position></Trackpoint><Trackpoint><Time>2026-07-09T14:44:15.000Z</Time><Position><LatitudeDegrees>58.6319224208198</LatitudeDegrees><LongitudeDegrees>59.797384511407714</LongitudeDegrees></Position></Trackpoint><Trackpoint><Time>2026-07-09T14:44:16.000Z</Time><Position><LatitudeDegrees>58.631915331580444</LatitudeDegrees><LongitudeDegrees>59.79742186202814</LongitudeDegrees></Position></Trackpoint><Trackpoint><Time>2026-07-09T14:44:17.000Z</Time><Position><LatitudeDegrees>58.63190809721267</LatitudeDegrees><LongitudeDegrees>59.79745812292088</LongitudeDegrees></Position></Trackpoint><Trackpoint><Time>2026-07-09T14:44:18.000Z</Time><Position><LatitudeDegrees>58.63190124198571</LatitudeDegrees><LongitudeDegrees>59.797492218660445</LongitudeDegrees></Position></Trackpoint><Trackpoint><Time>2026-07-09T14:44:19.000Z</Time><Position><LatitudeDegrees>58.6318934643171</LatitudeDegrees><LongitudeDegrees>59.797525942687365</LongitudeDegrees></Position></Trackpoint><Trackpoint><Time>2026-07-09T14:44:20.000Z</Time><Position><LatitudeDegrees>58.631883856955156</LatitudeDegrees><LongitudeDegrees>59.79756008130901</LongitudeDegrees></Position></Trackpoint><Trackpoint><Time>2026-07-09T14:44:21.000Z</Time><Position><LatitudeDegrees>58.63187277071237</LatitudeDegrees><LongitudeDegrees>59.79759539475099</LongitudeDegrees></Position></Trackpoint><Trackpoint><Time>2026-07-09T14:44:22.000Z</Time><Position><LatitudeDegrees>58.63186102948775</LatitudeDegrees><LongitudeDegrees>59.79763204531316</LongitudeDegrees></Position></Trackpoint><Trackpoint><Time>2026-07-09T14:44:23.000Z</Time><Position><LatitudeDegrees>58.63185003587757</LatitudeDegrees><LongitudeDegrees>59.797668948997405</LongitudeDegrees></Position></Trackpoint><Trackpoint><Time>2026-07-09T14:44:24.000Z</Time><Position><LatitudeDegrees>58.63183978195192</LatitudeDegrees><LongitudeDegrees>59.79770366844686</LongitudeDegrees></Position></Trackpoint><Trackpoint><Time>2026-07-09T14:44:25.000Z</Time><Position><LatitudeDegrees>58.63183065911824</LatitudeDegrees><LongitudeDegrees>59.79773645944114</LongitudeDegrees></Position></Trackpoint><Trackpoint><Time>2026-07-09T14:44:26.000Z</Time><Position><LatitudeDegrees>58.631821704176</LatitudeDegrees><LongitudeDegrees>59.79776767483313</LongitudeDegrees></Position></Trackpoint><Trackpoint><Time>2026-07-09T14:44:27.000Z</Time><Position><LatitudeDegrees>58.63181298850908</LatitudeDegrees><LongitudeDegrees>59.79779815177621</LongitudeDegrees></Position></Trackpoint><Trackpoint><Time>2026-07-09T14:44:28.000Z</Time><Position><LatitudeDegrees>58.63180500041576</LatitudeDegrees><LongitudeDegrees>59.797829309038086</LongitudeDegrees></Position></Trackpoint><Trackpoint><Time>2026-07-09T14:44:29.000Z</Time><Position><LatitudeDegrees>58.63179735799996</LatitudeDegrees><LongitudeDegrees>59.79786311242858</LongitudeDegrees></Position></Trackpoint><Trackpoint><Time>2026-07-09T14:44:30.000Z</Time><Position><LatitudeDegrees>58.6317888803957</LatitudeDegrees><LongitudeDegrees>59.79790247996023</LongitudeDegrees></Position></Trackpoint><Trackpoint><Time>2026-07-09T14:44:31.000Z</Time><Position><LatitudeDegrees>58.631779678088805</LatitudeDegrees><LongitudeDegrees>59.79794643038694</LongitudeDegrees></Position></Trackpoint><Trackpoint><Time>2026-07-09T14:44:32.000Z</Time><Position><LatitudeDegrees>58.631769889595496</LatitudeDegrees><LongitudeDegrees>59.79799152333813</LongitudeDegrees></Position></Trackpoint><Trackpoint><Time>2026-07-09T14:44:33.000Z</Time><Position><LatitudeDegrees>58.63175964719752</LatitudeDegrees><LongitudeDegrees>59.79803619531317</LongitudeDegrees></Position></Trackpoint><Trackpoint><Time>2026-07-09T14:44:34.000Z</Time><Position><LatitudeDegrees>58.63174906363088</LatitudeDegrees><LongitudeDegrees>59.798079856442016</LongitudeDegrees></Position></Trackpoint><Trackpoint><Time>2026-07-09T14:44:35.000Z</Time><Position><LatitudeDegrees>58.63173822911251</LatitudeDegrees><LongitudeDegrees>59.79812141431585</LongitudeDegrees></Position></Trackpoint><Trackpoint><Time>2026-07-09T14:44:36.000Z</Time><Position><LatitudeDegrees>58.631727213006016</LatitudeDegrees><LongitudeDegrees>59.798161178604516</LongitudeDegrees></Position></Trackpoint><Trackpoint><Time>2026-07-09T14:44:37.000Z</Time><Position><LatitudeDegrees>58.631716067184215</LatitudeDegrees><LongitudeDegrees>59.79820146548679</LongitudeDegrees></Position></Trackpoint><Trackpoint><Time>2026-07-09T14:44:38.000Z</Time><Position><LatitudeDegrees>58.63170385043758</LatitudeDegrees><LongitudeDegrees>59.79824169293639</LongitudeDegrees></Position></Trackpoint><Trackpoint><Time>2026-07-09T14:44:39.000Z</Time><Position><LatitudeDegrees>58.631690312596234</LatitudeDegrees><LongitudeDegrees>59.79828211849417</LongitudeDegrees></Position></Trackpoint><Trackpoint><Time>2026-07-09T14:44:40.000Z</Time><Position><LatitudeDegrees>58.631676009802995</LatitudeDegrees><LongitudeDegrees>59.79832478123966</LongitudeDegrees></Position></Trackpoint><Trackpoint><Time>2026-07-09T14:44:41.000Z</Time><Position><LatitudeDegrees>58.6316602900552</LatitudeDegrees><LongitudeDegrees>59.79836876496228</LongitudeDegrees></Position></Trackpoint><Trackpoint><Time>2026-07-09T14:44:42.000Z</Time><Position><LatitudeDegrees>58.63164159786853</LatitudeDegrees><LongitudeDegrees>59.79841352279055</LongitudeDegrees></Position></Trackpoint><Trackpoint><Time>2026-07-09T14:44:43.000Z</Time><Position><LatitudeDegrees>58.63162114298256</LatitudeDegrees><LongitudeDegrees>59.798458730149264</LongitudeDegrees></Position></Trackpoint><Trackpoint><Time>2026-07-09T14:44:44.000Z</Time><Position><LatitudeDegrees>58.63159916023754</LatitudeDegrees><LongitudeDegrees>59.79850272683913</LongitudeDegrees></Position></Trackpoint><Trackpoint><Time>2026-07-09T14:44:45.000Z</Time><Position><LatitudeDegrees>58.631575942446936</LatitudeDegrees><LongitudeDegrees>59.79854498452222</LongitudeDegrees></Position></Trackpoint><Trackpoint><Time>2026-07-09T14:44:46.000Z</Time><Position><LatitudeDegrees>58.63155225832793</LatitudeDegrees><LongitudeDegrees>59.79858501919964</LongitudeDegrees></Position></Trackpoint><Trackpoint><Time>2026-07-09T14:44:47.000Z</Time><Position><LatitudeDegrees>58.63152946353768</LatitudeDegrees><LongitudeDegrees>59.7986229168639</LongitudeDegrees></Position></Trackpoint><Trackpoint><Time>2026-07-09T14:44:48.000Z</Time><Position><LatitudeDegrees>58.6315075126264</LatitudeDegrees><LongitudeDegrees>59.79865800799076</LongitudeDegrees></Position></Trackpoint><Trackpoint><Time>2026-07-09T14:44:49.000Z</Time><Position><LatitudeDegrees>58.63148725778699</LatitudeDegrees><LongitudeDegrees>59.798690377062634</LongitudeDegrees></Position></Trackpoint><Trackpoint><Time>2026-07-09T14:44:50.000Z</Time><Position><LatitudeDegrees>58.6314673634608</LatitudeDegrees><LongitudeDegrees>59.79872089785445</LongitudeDegrees></Position></Trackpoint><Trackpoint><Time>2026-07-09T14:44:51.000Z</Time><Position><LatitudeDegrees>58.63144870218076</LatitudeDegrees><LongitudeDegrees>59.798750657050434</LongitudeDegrees></Position></Trackpoint><Trackpoint><Time>2026-07-09T14:44:52.000Z</Time><Position><LatitudeDegrees>58.631430985414816</LatitudeDegrees><LongitudeDegrees>59.7987811791543</LongitudeDegrees></Position></Trackpoint><Trackpoint><Time>2026-07-09T14:44:53.000Z</Time><Position><LatitudeDegrees>58.631414462719505</LatitudeDegrees><LongitudeDegrees>59.79881250447881</LongitudeDegrees></Position></Trackpoint><Trackpoint><Time>2026-07-09T14:44:54.000Z</Time><Position><LatitudeDegrees>58.63140153166646</LatitudeDegrees><LongitudeDegrees>59.798845036144584</LongitudeDegrees></Position></Trackpoint><Trackpoint><Time>2026-07-09T14:44:55.000Z</Time><Position><LatitudeDegrees>58.631393208284415</LatitudeDegrees><LongitudeDegrees>59.79887584767434</LongitudeDegrees></Position></Trackpoint><Trackpoint><Time>2026-07-09T14:44:56.000Z</Time><Position><LatitudeDegrees>58.6313898092309</LatitudeDegrees><LongitudeDegrees>59.79890297540276</LongitudeDegrees></Position></Trackpoint><Trackpoint><Time>2026-07-09T14:44:57.000Z</Time><Position><LatitudeDegrees>58.631391322496555</LatitudeDegrees><LongitudeDegrees>59.79892755226917</LongitudeDegrees></Position></Trackpoint><Trackpoint><Time>2026-07-09T14:44:58.000Z</Time><Position><LatitudeDegrees>58.63139564381493</LatitudeDegrees><LongitudeDegrees>59.79895233069751</LongitudeDegrees></Position></Trackpoint><Trackpoint><Time>2026-07-09T14:44:59.000Z</Time><Position><LatitudeDegrees>58.63140007733778</LatitudeDegrees><LongitudeDegrees>59.798977439136344</LongitudeDegrees></Position></Trackpoint><Trackpoint><Time>2026-07-09T14:45:00.000Z</Time><Position><LatitudeDegrees>58.63140202959174</LatitudeDegrees><LongitudeDegrees>59.79900386734996</LongitudeDegrees></Position></Trackpoint><Trackpoint><Time>2026-07-09T14:45:01.000Z</Time><Position><LatitudeDegrees>58.63139977174388</LatitudeDegrees><LongitudeDegrees>59.79903087434397</LongitudeDegrees></Position></Trackpoint><Trackpoint><Time>2026-07-09T14:45:02.000Z</Time><Position><LatitudeDegrees>58.63139362177395</LatitudeDegrees><LongitudeDegrees>59.79905808066658</LongitudeDegrees></Position></Trackpoint><Trackpoint><Time>2026-07-09T14:45:03.000Z</Time><Position><LatitudeDegrees>58.631383230963365</LatitudeDegrees><LongitudeDegrees>59.799085794073996</LongitudeDegrees></Position></Trackpoint><Trackpoint><Time>2026-07-09T14:45:04.000Z</Time><Position><LatitudeDegrees>58.631369000003644</LatitudeDegrees><LongitudeDegrees>59.799113586616286</LongitudeDegrees></Position></Trackpoint><Trackpoint><Time>2026-07-09T14:45:05.000Z</Time><Position><LatitudeDegrees>58.63135207640088</LatitudeDegrees><LongitudeDegrees>59.7991422511138</LongitudeDegrees></Position></Trackpoint><Trackpoint><Time>2026-07-09T14:45:06.000Z</Time><Position><LatitudeDegrees>58.631333278333</LatitudeDegrees><LongitudeDegrees>59.79917200216226</LongitudeDegrees></Position></Trackpoint><Trackpoint><Time>2026-07-09T14:45:07.000Z</Time><Position><LatitudeDegrees>58.6313126937271</LatitudeDegrees><LongitudeDegrees>59.799203278292794</LongitudeDegrees></Position></Trackpoint><Trackpoint><Time>2026-07-09T14:45:08.000Z</Time><Position><LatitudeDegrees>58.63129058809393</LatitudeDegrees><LongitudeDegrees>59.79923557475455</LongitudeDegrees></Position></Trackpoint><Trackpoint><Time>2026-07-09T14:45:09.000Z</Time><Position><LatitudeDegrees>58.63126775561185</LatitudeDegrees><LongitudeDegrees>59.79926806310571</LongitudeDegrees></Position></Trackpoint><Trackpoint><Time>2026-07-09T14:45:10.000Z</Time><Position><LatitudeDegrees>58.63124461663995</LatitudeDegrees><LongitudeDegrees>59.79930135675882</LongitudeDegrees></Position></Trackpoint><Trackpoint><Time>2026-07-09T14:45:11.000Z</Time><Position><LatitudeDegrees>58.631220894022995</LatitudeDegrees><LongitudeDegrees>59.799335604978346</LongitudeDegrees></Position></Trackpoint><Trackpoint><Time>2026-07-09T14:45:12.000Z</Time><Position><LatitudeDegrees>58.63119654852919</LatitudeDegrees><LongitudeDegrees>59.7993702571086</LongitudeDegrees></Position></Trackpoint><Trackpoint><Time>2026-07-09T14:45:13.000Z</Time><Position><LatitudeDegrees>58.631171643946864</LatitudeDegrees><LongitudeDegrees>59.79940601375111</LongitudeDegrees></Position></Trackpoint><Trackpoint><Time>2026-07-09T14:45:14.000Z</Time><Position><LatitudeDegrees>58.63114627830435</LatitudeDegrees><LongitudeDegrees>59.79944253206386</LongitudeDegrees></Position></Trackpoint><Trackpoint><Time>2026-07-09T14:45:15.000Z</Time><Position><LatitudeDegrees>58.63112006153874</LatitudeDegrees><LongitudeDegrees>59.79947957309384</LongitudeDegrees></Position></Trackpoint><Trackpoint><Time>2026-07-09T14:45:16.000Z</Time><Position><LatitudeDegrees>58.631093431860094</LatitudeDegrees><LongitudeDegrees>59.79951697134228</LongitudeDegrees></Position></Trackpoint><Trackpoint><Time>2026-07-09T14:45:17.000Z</Time><Position><LatitudeDegrees>58.63106711234532</LatitudeDegrees><LongitudeDegrees>59.79955461280281</LongitudeDegrees></Position></Trackpoint><Trackpoint><Time>2026-07-09T14:45:18.000Z</Time><Position><LatitudeDegrees>58.63104185058315</LatitudeDegrees><LongitudeDegrees>59.799591440086665</LongitudeDegrees></Position></Trackpoint><Trackpoint><Time>2026-07-09T14:45:19.000Z</Time><Position><LatitudeDegrees>58.631017329083996</LatitudeDegrees><LongitudeDegrees>59.799627611834865</LongitudeDegrees></Position></Trackpoint><Trackpoint><Time>2026-07-09T14:45:20.000Z</Time><Position><LatitudeDegrees>58.63099430130465</LatitudeDegrees><LongitudeDegrees>59.799663277518064</LongitudeDegrees></Position></Trackpoint><Trackpoint><Time>2026-07-09T14:45:21.000Z</Time><Position><LatitudeDegrees>58.630972396216464</LatitudeDegrees><LongitudeDegrees>59.79969905325657</LongitudeDegrees></Position></Trackpoint><Trackpoint><Time>2026-07-09T14:45:22.000Z</Time><Position><LatitudeDegrees>58.63095327536421</LatitudeDegrees><LongitudeDegrees>59.799733709831976</LongitudeDegrees></Position></Trackpoint><Trackpoint><Time>2026-07-09T14:45:23.000Z</Time><Position><LatitudeDegrees>58.63093873450685</LatitudeDegrees><LongitudeDegrees>59.79976737426466</LongitudeDegrees></Position></Trackpoint><Trackpoint><Time>2026-07-09T14:45:24.000Z</Time><Position><LatitudeDegrees>58.63092990458362</LatitudeDegrees><LongitudeDegrees>59.79980022620587</LongitudeDegrees></Position></Trackpoint><Trackpoint><Time>2026-07-09T14:45:25.000Z</Time><Position><LatitudeDegrees>58.630927007973874</LatitudeDegrees><LongitudeDegrees>59.799831464702784</LongitudeDegrees></Position></Trackpoint><Trackpoint><Time>2026-07-09T14:45:26.000Z</Time><Position><LatitudeDegrees>58.630928395507816</LatitudeDegrees><LongitudeDegrees>59.79986243581133</LongitudeDegrees></Position></Trackpoint><Trackpoint><Time>2026-07-09T14:45:27.000Z</Time><Position><LatitudeDegrees>58.63093332774959</LatitudeDegrees><LongitudeDegrees>59.79989323859048</LongitudeDegrees></Position></Trackpoint><Trackpoint><Time>2026-07-09T14:45:28.000Z</Time><Position><LatitudeDegrees>58.630940555606344</LatitudeDegrees><LongitudeDegrees>59.799923935440845</LongitudeDegrees></Position></Trackpoint><Trackpoint><Time>2026-07-09T14:45:29.000Z</Time><Position><LatitudeDegrees>58.63094927002128</LatitudeDegrees><LongitudeDegrees>59.79995554487813</LongitudeDegrees></Position></Trackpoint><Trackpoint><Time>2026-07-09T14:45:30.000Z</Time><Position><LatitudeDegrees>58.63095992622159</LatitudeDegrees><LongitudeDegrees>59.79998983806376</LongitudeDegrees></Position></Trackpoint><Trackpoint><Time>2026-07-09T14:45:31.000Z</Time><Position><LatitudeDegrees>58.630970993627926</LatitudeDegrees><LongitudeDegrees>59.800026710355425</LongitudeDegrees></Position></Trackpoint><Trackpoint><Time>2026-07-09T14:45:32.000Z</Time><Position><LatitudeDegrees>58.630980809897764</LatitudeDegrees><LongitudeDegrees>59.80006627724419</LongitudeDegrees></Position></Trackpoint><Trackpoint><Time>2026-07-09T14:45:33.000Z</Time><Position><LatitudeDegrees>58.63099080944697</LatitudeDegrees><LongitudeDegrees>59.800110198888156</LongitudeDegrees></Position></Trackpoint><Trackpoint><Time>2026-07-09T14:45:34.000Z</Time><Position><LatitudeDegrees>58.630998621828496</LatitudeDegrees><LongitudeDegrees>59.800153703963346</LongitudeDegrees></Position></Trackpoint><Trackpoint><Time>2026-07-09T14:45:35.000Z</Time><Position><LatitudeDegrees>58.631002572311615</LatitudeDegrees><LongitudeDegrees>59.80019537055604</LongitudeDegrees></Position></Trackpoint><Trackpoint><Time>2026-07-09T14:45:36.000Z</Time><Position><LatitudeDegrees>58.63100246685519</LatitudeDegrees><LongitudeDegrees>59.80023533865181</LongitudeDegrees></Position></Trackpoint><Trackpoint><Time>2026-07-09T14:45:37.000Z</Time><Position><LatitudeDegrees>58.630997277288444</LatitudeDegrees><LongitudeDegrees>59.80027290467966</LongitudeDegrees></Position></Trackpoint><Trackpoint><Time>2026-07-09T14:45:38.000Z</Time><Position><LatitudeDegrees>58.63098821193547</LatitudeDegrees><LongitudeDegrees>59.80030857679798</LongitudeDegrees></Position></Trackpoint><Trackpoint><Time>2026-07-09T14:45:39.000Z</Time><Position><LatitudeDegrees>58.63097528665447</LatitudeDegrees><LongitudeDegrees>59.80034378658501</LongitudeDegrees></Position></Trackpoint><Trackpoint><Time>2026-07-09T14:45:40.000Z</Time><Position><LatitudeDegrees>58.63095900339231</LatitudeDegrees><LongitudeDegrees>59.80037918295193</LongitudeDegrees></Position></Trackpoint><Trackpoint><Time>2026-07-09T14:45:41.000Z</Time><Position><LatitudeDegrees>58.63094048946987</LatitudeDegrees><LongitudeDegrees>59.800415009194744</LongitudeDegrees></Position></Trackpoint><Trackpoint><Time>2026-07-09T14:45:42.000Z</Time><Position><LatitudeDegrees>58.63092098506796</LatitudeDegrees><LongitudeDegrees>59.800452289558194</LongitudeDegrees></Position></Trackpoint><Trackpoint><Time>2026-07-09T14:45:43.000Z</Time><Position><LatitudeDegrees>58.63090161767155</LatitudeDegrees><LongitudeDegrees>59.800489790394366</LongitudeDegrees></Position></Trackpoint><Trackpoint><Time>2026-07-09T14:45:44.000Z</Time><Position><LatitudeDegrees>58.63088430286397</LatitudeDegrees><LongitudeDegrees>59.80052648573796</LongitudeDegrees></Position></Trackpoint><Trackpoint><Time>2026-07-09T14:45:45.000Z</Time><Position><LatitudeDegrees>58.63087103493149</LatitudeDegrees><LongitudeDegrees>59.80056009800353</LongitudeDegrees></Position></Trackpoint><Trackpoint><Time>2026-07-09T14:45:46.000Z</Time><Position><LatitudeDegrees>58.63086211577742</LatitudeDegrees><LongitudeDegrees>59.800589105692595</LongitudeDegrees></Position></Trackpoint><Trackpoint><Time>2026-07-09T14:45:47.000Z</Time><Position><LatitudeDegrees>58.630857111576475</LatitudeDegrees><LongitudeDegrees>59.80061249397053</LongitudeDegrees></Position></Trackpoint><Trackpoint><Time>2026-07-09T14:45:48.000Z</Time><Position><LatitudeDegrees>58.63085485157601</LatitudeDegrees><LongitudeDegrees>59.80063105574813</LongitudeDegrees></Position></Trackpoint><Trackpoint><Time>2026-07-09T14:45:49.000Z</Time><Position><LatitudeDegrees>58.63085450140708</LatitudeDegrees><LongitudeDegrees>59.800646716267735</LongitudeDegrees></Position></Trackpoint><Trackpoint><Time>2026-07-09T14:45:50.000Z</Time><Position><LatitudeDegrees>58.630855961935346</LatitudeDegrees><LongitudeDegrees>59.80066113039105</LongitudeDegrees></Position></Trackpoint><Trackpoint><Time>2026-07-09T14:45:51.000Z</Time><Position><LatitudeDegrees>58.63085847032313</LatitudeDegrees><LongitudeDegrees>59.80067465000776</LongitudeDegrees></Position></Trackpoint><Trackpoint><Time>2026-07-09T14:45:52.000Z</Time><Position><LatitudeDegrees>58.63086255713849</LatitudeDegrees><LongitudeDegrees>59.80068802445695</LongitudeDegrees></Position></Trackpoint><Trackpoint><Time>2026-07-09T14:45:53.000Z</Time><Position><LatitudeDegrees>58.630867748687635</LatitudeDegrees><LongitudeDegrees>59.800702070584116</LongitudeDegrees></Position></Trackpoint><Trackpoint><Time>2026-07-09T14:45:54.000Z</Time><Position><LatitudeDegrees>58.63087419770737</LatitudeDegrees><LongitudeDegrees>59.8007170385846</LongitudeDegrees></Position></Trackpoint><Trackpoint><Time>2026-07-09T14:45:55.000Z</Time><Position><LatitudeDegrees>58.63088131609475</LatitudeDegrees><LongitudeDegrees>59.800733402786776</LongitudeDegrees></Position></Trackpoint><Trackpoint><Time>2026-07-09T14:45:56.000Z</Time><Position><LatitudeDegrees>58.630889754958275</LatitudeDegrees><LongitudeDegrees>59.800750200113264</LongitudeDegrees></Position></Trackpoint><Trackpoint><Time>2026-07-09T14:45:57.000Z</Time><Position><LatitudeDegrees>58.63089912335442</LatitudeDegrees><LongitudeDegrees>59.80076648873521</LongitudeDegrees></Position></Trackpoint><Trackpoint><Time>2026-07-09T14:45:58.000Z</Time><Position><LatitudeDegrees>58.630909140975476</LatitudeDegrees><LongitudeDegrees>59.800781946067566</LongitudeDegrees></Position></Trackpoint><Trackpoint><Time>2026-07-09T14:45:59.000Z</Time><Position><LatitudeDegrees>58.63091960905437</LatitudeDegrees><LongitudeDegrees>59.800796056343174</LongitudeDegrees></Position></Trackpoint><Trackpoint><Time>2026-07-09T14:46:00.000Z</Time><Position><LatitudeDegrees>58.6309303879166</LatitudeDegrees><LongitudeDegrees>59.80080926965523</LongitudeDegrees></Position></Trackpoint><Trackpoint><Time>2026-07-09T14:46:01.000Z</Time><Position><LatitudeDegrees>58.63094138015098</LatitudeDegrees><LongitudeDegrees>59.80082237610167</LongitudeDegrees></Position></Trackpoint><Trackpoint><Time>2026-07-09T14:46:02.000Z</Time><Position><LatitudeDegrees>58.63095300786496</LatitudeDegrees><LongitudeDegrees>59.800834735565964</LongitudeDegrees></Position></Trackpoint><Trackpoint><Time>2026-07-09T14:46:03.000Z</Time><Position><LatitudeDegrees>58.63096389450176</LatitudeDegrees><LongitudeDegrees>59.80084666991142</LongitudeDegrees></Position></Trackpoint><Trackpoint><Time>2026-07-09T14:46:04.000Z</Time><Position><LatitudeDegrees>58.63097405787615</LatitudeDegrees><LongitudeDegrees>59.800858855866075</LongitudeDegrees></Position></Trackpoint><Trackpoint><Time>2026-07-09T14:46:05.000Z</Time><Position><LatitudeDegrees>58.63098359815449</LatitudeDegrees><LongitudeDegrees>59.80087202944605</LongitudeDegrees></Position></Trackpoint><Trackpoint><Time>2026-07-09T14:46:06.000Z</Time><Position><LatitudeDegrees>58.63099312617267</LatitudeDegrees><LongitudeDegrees>59.80088636700711</LongitudeDegrees></Position></Trackpoint><Trackpoint><Time>2026-07-09T14:46:07.000Z</Time><Position><LatitudeDegrees>58.631002405456236</LatitudeDegrees><LongitudeDegrees>59.80090179178323</LongitudeDegrees></Position></Trackpoint><Trackpoint><Time>2026-07-09T14:46:08.000Z</Time><Position><LatitudeDegrees>58.631010880931214</LatitudeDegrees><LongitudeDegrees>59.80091764300659</LongitudeDegrees></Position></Trackpoint><Trackpoint><Time>2026-07-09T14:46:09.000Z</Time><Position><LatitudeDegrees>58.63101940638848</LatitudeDegrees><LongitudeDegrees>59.8009335938171</LongitudeDegrees></Position></Trackpoint><Trackpoint><Time>2026-07-09T14:46:10.000Z</Time><Position><LatitudeDegrees>58.63102783742183</LatitudeDegrees><LongitudeDegrees>59.800949496821005</LongitudeDegrees></Position></Trackpoint><Trackpoint><Time>2026-07-09T14:46:11.000Z</Time><Position><LatitudeDegrees>58.631035637068514</LatitudeDegrees><LongitudeDegrees>59.800965297452564</LongitudeDegrees></Position></Trackpoint><Trackpoint><Time>2026-07-09T14:46:12.000Z</Time><Position><LatitudeDegrees>58.63104364444813</LatitudeDegrees><LongitudeDegrees>59.80098196560034</LongitudeDegrees></Position></Trackpoint><Trackpoint><Time>2026-07-09T14:46:13.000Z</Time><Position><LatitudeDegrees>58.63105119925465</LatitudeDegrees><LongitudeDegrees>59.8009992997418</LongitudeDegrees></Position></Trackpoint><Trackpoint><Time>2026-07-09T14:46:14.000Z</Time><Position><LatitudeDegrees>58.631058087639126</LatitudeDegrees><LongitudeDegrees>59.80101664179332</LongitudeDegrees></Position></Trackpoint><Trackpoint><Time>2026-07-09T14:46:15.000Z</Time><Position><LatitudeDegrees>58.63106430706568</LatitudeDegrees><LongitudeDegrees>59.80103469894012</LongitudeDegrees></Position></Trackpoint><Trackpoint><Time>2026-07-09T14:46:16.000Z</Time><Position><LatitudeDegrees>58.63107043196031</LatitudeDegrees><LongitudeDegrees>59.80105416025389</LongitudeDegrees></Position></Trackpoint><Trackpoint><Time>2026-07-09T14:46:17.000Z</Time><Position><LatitudeDegrees>58.6310762214132</LatitudeDegrees><LongitudeDegrees>59.80107512929461</LongitudeDegrees></Position></Trackpoint><Trackpoint><Time>2026-07-09T14:46:18.000Z</Time><Position><LatitudeDegrees>58.63108112965249</LatitudeDegrees><LongitudeDegrees>59.801097455197265</LongitudeDegrees></Position></Trackpoint><Trackpoint><Time>2026-07-09T14:46:19.000Z</Time><Position><LatitudeDegrees>58.631084555402936</LatitudeDegrees><LongitudeDegrees>59.801119922458206</LongitudeDegrees></Position></Trackpoint><Trackpoint><Time>2026-07-09T14:46:20.000Z</Time><Position><LatitudeDegrees>58.631087910146384</LatitudeDegrees><LongitudeDegrees>59.80114299157061</LongitudeDegrees></Position></Trackpoint><Trackpoint><Time>2026-07-09T14:46:21.000Z</Time><Position><LatitudeDegrees>58.63109129468116</LatitudeDegrees><LongitudeDegrees>59.80116628532357</LongitudeDegrees></Position></Trackpoint><Trackpoint><Time>2026-07-09T14:46:22.000Z</Time><Position><LatitudeDegrees>58.63109621552756</LatitudeDegrees><LongitudeDegrees>59.80118961953679</LongitudeDegrees></Position></Trackpoint><Trackpoint><Time>2026-07-09T14:46:23.000Z</Time><Position><LatitudeDegrees>58.63110260632699</LatitudeDegrees><LongitudeDegrees>59.80121291316567</LongitudeDegrees></Position></Trackpoint><Trackpoint><Time>2026-07-09T14:46:24.000Z</Time><Position><LatitudeDegrees>58.63110976147391</LatitudeDegrees><LongitudeDegrees>59.80123613804227</LongitudeDegrees></Position></Trackpoint><Trackpoint><Time>2026-07-09T14:46:25.000Z</Time><Position><LatitudeDegrees>58.63111729227357</LatitudeDegrees><LongitudeDegrees>59.80125880177974</LongitudeDegrees></Position></Trackpoint><Trackpoint><Time>2026-07-09T14:46:26.000Z</Time><Position><LatitudeDegrees>58.63112499043406</LatitudeDegrees><LongitudeDegrees>59.80128175283934</LongitudeDegrees></Position></Trackpoint><Trackpoint><Time>2026-07-09T14:46:27.000Z</Time><Position><LatitudeDegrees>58.63113323830393</LatitudeDegrees><LongitudeDegrees>59.80130334532588</LongitudeDegrees></Position></Trackpoint><Trackpoint><Time>2026-07-09T14:46:28.000Z</Time><Position><LatitudeDegrees>58.63114163318209</LatitudeDegrees><LongitudeDegrees>59.80132307577562</LongitudeDegrees></Position></Trackpoint><Trackpoint><Time>2026-07-09T14:46:29.000Z</Time><Position><LatitudeDegrees>58.631149990354494</LatitudeDegrees><LongitudeDegrees>59.80134146544564</LongitudeDegrees></Position></Trackpoint><Trackpoint><Time>2026-07-09T14:46:30.000Z</Time><Position><LatitudeDegrees>58.63115823858922</LatitudeDegrees><LongitudeDegrees>59.801358411483406</LongitudeDegrees></Position></Trackpoint><Trackpoint><Time>2026-07-09T14:46:31.000Z</Time><Position><LatitudeDegrees>58.63116587292196</LatitudeDegrees><LongitudeDegrees>59.80137454642946</LongitudeDegrees></Position></Trackpoint><Trackpoint><Time>2026-07-09T14:46:32.000Z</Time><Position><LatitudeDegrees>58.63117276418496</LatitudeDegrees><LongitudeDegrees>59.80138925566623</LongitudeDegrees></Position></Trackpoint><Trackpoint><Time>2026-07-09T14:46:33.000Z</Time><Position><LatitudeDegrees>58.63117944416513</LatitudeDegrees><LongitudeDegrees>59.801402958671964</LongitudeDegrees></Position></Trackpoint><Trackpoint><Time>2026-07-09T14:46:34.000Z</Time><Position><LatitudeDegrees>58.63118566937725</LatitudeDegrees><LongitudeDegrees>59.801415467739396</LongitudeDegrees></Position></Trackpoint><Trackpoint><Time>2026-07-09T14:46:35.000Z</Time><Position><LatitudeDegrees>58.63119188752542</LatitudeDegrees><LongitudeDegrees>59.80142783802583</LongitudeDegrees></Position></Trackpoint><Trackpoint><Time>2026-07-09T14:46:36.000Z</Time><Position><LatitudeDegrees>58.63119779428513</LatitudeDegrees><LongitudeDegrees>59.801440032281945</LongitudeDegrees></Position></Trackpoint><Trackpoint><Time>2026-07-09T14:46:37.000Z</Time><Position><LatitudeDegrees>58.63120379390226</LatitudeDegrees><LongitudeDegrees>59.80145205776045</LongitudeDegrees></Position></Trackpoint><Trackpoint><Time>2026-07-09T14:46:38.000Z</Time><Position><LatitudeDegrees>58.63121004094063</LatitudeDegrees><LongitudeDegrees>59.8014639391106</LongitudeDegrees></Position></Trackpoint><Trackpoint><Time>2026-07-09T14:46:39.000Z</Time><Position><LatitudeDegrees>58.63121607768802</LatitudeDegrees><LongitudeDegrees>59.80147668420368</LongitudeDegrees></Position></Trackpoint><Trackpoint><Time>2026-07-09T14:46:40.000Z</Time><Position><LatitudeDegrees>58.63122174263381</LatitudeDegrees><LongitudeDegrees>59.80149059725459</LongitudeDegrees></Position></Trackpoint><Trackpoint><Time>2026-07-09T14:46:41.000Z</Time><Position><LatitudeDegrees>58.63122750659332</LatitudeDegrees><LongitudeDegrees>59.8015066328648</LongitudeDegrees></Position></Trackpoint><Trackpoint><Time>2026-07-09T14:46:42.000Z</Time><Position><LatitudeDegrees>58.63123355075574</LatitudeDegrees><LongitudeDegrees>59.80152491174375</LongitudeDegrees></Position></Trackpoint><Trackpoint><Time>2026-07-09T14:46:43.000Z</Time><Position><LatitudeDegrees>58.63123991377721</LatitudeDegrees><LongitudeDegrees>59.80154617490469</LongitudeDegrees></Position></Trackpoint><Trackpoint><Time>2026-07-09T14:46:44.000Z</Time><Position><LatitudeDegrees>58.63124706026315</LatitudeDegrees><LongitudeDegrees>59.80157083410416</LongitudeDegrees></Position></Trackpoint><Trackpoint><Time>2026-07-09T14:46:45.000Z</Time><Position><LatitudeDegrees>58.63125410177585</LatitudeDegrees><LongitudeDegrees>59.80159813343019</LongitudeDegrees></Position></Trackpoint><Trackpoint><Time>2026-07-09T14:46:46.000Z</Time><Position><LatitudeDegrees>58.631261175510815</LatitudeDegrees><LongitudeDegrees>59.80162595388492</LongitudeDegrees></Position></Trackpoint><Trackpoint><Time>2026-07-09T14:46:47.000Z</Time><Position><LatitudeDegrees>58.63126833383405</LatitudeDegrees><LongitudeDegrees>59.80165286629768</LongitudeDegrees></Position></Trackpoint><Trackpoint><Time>2026-07-09T14:46:48.000Z</Time><Position><LatitudeDegrees>58.6312746082336</LatitudeDegrees><LongitudeDegrees>59.80167888824475</LongitudeDegrees></Position></Trackpoint><Trackpoint><Time>2026-07-09T14:46:49.000Z</Time><Position><LatitudeDegrees>58.63128069251546</LatitudeDegrees><LongitudeDegrees>59.80170414125456</LongitudeDegrees></Position></Trackpoint><Trackpoint><Time>2026-07-09T14:46:50.000Z</Time><Position><LatitudeDegrees>58.631286407202765</LatitudeDegrees><LongitudeDegrees>59.8017287740685</LongitudeDegrees></Position></Trackpoint><Trackpoint><Time>2026-07-09T14:46:51.000Z</Time><Position><LatitudeDegrees>58.63129221542848</LatitudeDegrees><LongitudeDegrees>59.801752927544435</LongitudeDegrees></Position></Trackpoint><Trackpoint><Time>2026-07-09T14:46:52.000Z</Time><Position><LatitudeDegrees>58.63129780631008</LatitudeDegrees><LongitudeDegrees>59.801775741993396</LongitudeDegrees></Position></Trackpoint><Trackpoint><Time>2026-07-09T14:46:53.000Z</Time><Position><LatitudeDegrees>58.63130307971155</LatitudeDegrees><LongitudeDegrees>59.80179801445013</LongitudeDegrees></Position></Trackpoint><Trackpoint><Time>2026-07-09T14:46:54.000Z</Time><Position><LatitudeDegrees>58.63130852475226</LatitudeDegrees><LongitudeDegrees>59.80181965311338</LongitudeDegrees></Position></Trackpoint><Trackpoint><Time>2026-07-09T14:46:55.000Z</Time><Position><LatitudeDegrees>58.631314320838236</LatitudeDegrees><LongitudeDegrees>59.801841191133384</LongitudeDegrees></Position></Trackpoint><Trackpoint><Time>2026-07-09T14:46:56.000Z</Time><Position><LatitudeDegrees>58.63132000718812</LatitudeDegrees><LongitudeDegrees>59.80186188177536</LongitudeDegrees></Position></Trackpoint><Trackpoint><Time>2026-07-09T14:46:57.000Z</Time><Position><LatitudeDegrees>58.63132540812124</LatitudeDegrees><LongitudeDegrees>59.8018815262687</LongitudeDegrees></Position></Trackpoint><Trackpoint><Time>2026-07-09T14:46:58.000Z</Time><Position><LatitudeDegrees>58.63133097752987</LatitudeDegrees><LongitudeDegrees>59.80190066663527</LongitudeDegrees></Position></Trackpoint><Trackpoint><Time>2026-07-09T14:46:59.000Z</Time><Position><LatitudeDegrees>58.63133639110779</LatitudeDegrees><LongitudeDegrees>59.80191959080164</LongitudeDegrees></Position></Trackpoint><Trackpoint><Time>2026-07-09T14:47:00.000Z</Time><Position><LatitudeDegrees>58.63134251451674</LatitudeDegrees><LongitudeDegrees>59.80193844509455</LongitudeDegrees></Position></Trackpoint><Trackpoint><Time>2026-07-09T14:47:01.000Z</Time><Position><LatitudeDegrees>58.63134912354876</LatitudeDegrees><LongitudeDegrees>59.801957298744384</LongitudeDegrees></Position></Trackpoint><Trackpoint><Time>2026-07-09T14:47:02.000Z</Time><Position><LatitudeDegrees>58.63135557392791</LatitudeDegrees><LongitudeDegrees>59.8019771595663</LongitudeDegrees></Position></Trackpoint><Trackpoint><Time>2026-07-09T14:47:03.000Z</Time><Position><LatitudeDegrees>58.63136211029337</LatitudeDegrees><LongitudeDegrees>59.80199733412193</LongitudeDegrees></Position></Trackpoint><Trackpoint><Time>2026-07-09T14:47:04.000Z</Time><Position><LatitudeDegrees>58.63136882235948</LatitudeDegrees><LongitudeDegrees>59.80201896539484</LongitudeDegrees></Position></Trackpoint><Trackpoint><Time>2026-07-09T14:47:05.000Z</Time><Position><LatitudeDegrees>58.631375724522684</LatitudeDegrees><LongitudeDegrees>59.802041357915094</LongitudeDegrees></Position></Trackpoint><Trackpoint><Time>2026-07-09T14:47:06.000Z</Time><Position><LatitudeDegrees>58.631383287923875</LatitudeDegrees><LongitudeDegrees>59.80206412756003</LongitudeDegrees></Position></Trackpoint><Trackpoint><Time>2026-07-09T14:47:07.000Z</Time><Position><LatitudeDegrees>58.63139113211506</LatitudeDegrees><LongitudeDegrees>59.802088046952974</LongitudeDegrees></Position></Trackpoint><Trackpoint><Time>2026-07-09T14:47:08.000Z</Time><Position><LatitudeDegrees>58.63139955398673</LatitudeDegrees><LongitudeDegrees>59.802111328275096</LongitudeDegrees></Position></Trackpoint><Trackpoint><Time>2026-07-09T14:47:09.000Z</Time><Position><LatitudeDegrees>58.63140811205324</LatitudeDegrees><LongitudeDegrees>59.802132827527785</LongitudeDegrees></Position></Trackpoint><Trackpoint><Time>2026-07-09T14:47:10.000Z</Time><Position><LatitudeDegrees>58.63141709662631</LatitudeDegrees><LongitudeDegrees>59.80215328152141</LongitudeDegrees></Position></Trackpoint><Trackpoint><Time>2026-07-09T14:47:11.000Z</Time><Position><LatitudeDegrees>58.63142559330326</LatitudeDegrees><LongitudeDegrees>59.80217165902463</LongitudeDegrees></Position></Trackpoint><Trackpoint><Time>2026-07-09T14:47:12.000Z</Time><Position><LatitudeDegrees>58.631433288123326</LatitudeDegrees><LongitudeDegrees>59.802188781077604</LongitudeDegrees></Position></Trackpoint><Trackpoint><Time>2026-07-09T14:47:13.000Z</Time><Position><LatitudeDegrees>58.631440644314715</LatitudeDegrees><LongitudeDegrees>59.80220465733658</LongitudeDegrees></Position></Trackpoint><Trackpoint><Time>2026-07-09T14:47:14.000Z</Time><Position><LatitudeDegrees>58.631448385723345</LatitudeDegrees><LongitudeDegrees>59.80222092050596</LongitudeDegrees></Position></Trackpoint><Trackpoint><Time>2026-07-09T14:47:15.000Z</Time><Position><LatitudeDegrees>58.631456271400445</LatitudeDegrees><LongitudeDegrees>59.80223672449663</LongitudeDegrees></Position></Trackpoint><Trackpoint><Time>2026-07-09T14:47:16.000Z</Time><Position><LatitudeDegrees>58.63146369398802</LatitudeDegrees><LongitudeDegrees>59.802252759017016</LongitudeDegrees></Position></Trackpoint><Trackpoint><Time>2026-07-09T14:47:17.000Z</Time><Position><LatitudeDegrees>58.631470952403234</LatitudeDegrees><LongitudeDegrees>59.80226878891328</LongitudeDegrees></Position></Trackpoint><Trackpoint><Time>2026-07-09T14:47:18.000Z</Time><Position><LatitudeDegrees>58.631479170042674</LatitudeDegrees><LongitudeDegrees>59.802283738713506</LongitudeDegrees></Position></Trackpoint><Trackpoint><Time>2026-07-09T14:47:19.000Z</Time><Position><LatitudeDegrees>58.63148819683291</LatitudeDegrees><LongitudeDegrees>59.80229975218426</LongitudeDegrees></Position></Trackpoint><Trackpoint><Time>2026-07-09T14:47:20.000Z</Time><Position><LatitudeDegrees>58.63149737750481</LatitudeDegrees><LongitudeDegrees>59.802317086069</LongitudeDegrees></Position></Trackpoint><Trackpoint><Time>2026-07-09T14:47:21.000Z</Time><Position><LatitudeDegrees>58.6315064224462</LatitudeDegrees><LongitudeDegrees>59.80233665585134</LongitudeDegrees></Position></Trackpoint><Trackpoint><Time>2026-07-09T14:47:22.000Z</Time><Position><LatitudeDegrees>58.63151571941657</LatitudeDegrees><LongitudeDegrees>59.802358061973266</LongitudeDegrees></Position></Trackpoint><Trackpoint><Time>2026-07-09T14:47:23.000Z</Time><Position><LatitudeDegrees>58.63152490615004</LatitudeDegrees><LongitudeDegrees>59.80238041458144</LongitudeDegrees></Position></Trackpoint><Trackpoint><Time>2026-07-09T14:47:24.000Z</Time><Position><LatitudeDegrees>58.631534337212805</LatitudeDegrees><LongitudeDegrees>59.80240273611389</LongitudeDegrees></Position></Trackpoint><Trackpoint><Time>2026-07-09T14:47:25.000Z</Time><Position><LatitudeDegrees>58.63154363765713</LatitudeDegrees><LongitudeDegrees>59.802424138355896</LongitudeDegrees></Position></Trackpoint><Trackpoint><Time>2026-07-09T14:47:26.000Z</Time><Position><LatitudeDegrees>58.63155315944233</LatitudeDegrees><LongitudeDegrees>59.80244437350056</LongitudeDegrees></Position></Trackpoint><Trackpoint><Time>2026-07-09T14:47:27.000Z</Time><Position><LatitudeDegrees>58.631562529497614</LatitudeDegrees><LongitudeDegrees>59.802462510066675</LongitudeDegrees></Position></Trackpoint><Trackpoint><Time>2026-07-09T14:47:28.000Z</Time><Position><LatitudeDegrees>58.63157161365428</LatitudeDegrees><LongitudeDegrees>59.80247843378859</LongitudeDegrees></Position></Trackpoint><Trackpoint><Time>2026-07-09T14:47:29.000Z</Time><Position><LatitudeDegrees>58.631579903741226</LatitudeDegrees><LongitudeDegrees>59.80249238162312</LongitudeDegrees></Position></Trackpoint><Trackpoint><Time>2026-07-09T14:47:30.000Z</Time><Position><LatitudeDegrees>58.63158778200491</LatitudeDegrees><LongitudeDegrees>59.802505194369736</LongitudeDegrees></Position></Trackpoint><Trackpoint><Time>2026-07-09T14:47:31.000Z</Time><Position><LatitudeDegrees>58.63159545872406</LatitudeDegrees><LongitudeDegrees>59.80251736398453</LongitudeDegrees></Position></Trackpoint><Trackpoint><Time>2026-07-09T14:47:32.000Z</Time><Position><LatitudeDegrees>58.63160353597703</LatitudeDegrees><LongitudeDegrees>59.8025316236695</LongitudeDegrees></Position></Trackpoint><Trackpoint><Time>2026-07-09T14:47:33.000Z</Time><Position><LatitudeDegrees>58.631612699922464</LatitudeDegrees><LongitudeDegrees>59.802548830791046</LongitudeDegrees></Position></Trackpoint><Trackpoint><Time>2026-07-09T14:47:34.000Z</Time><Position><LatitudeDegrees>58.63162260405743</LatitudeDegrees><LongitudeDegrees>59.80257140819531</LongitudeDegrees></Position></Trackpoint><Trackpoint><Time>2026-07-09T14:47:35.000Z</Time><Position><LatitudeDegrees>58.63163447951012</LatitudeDegrees><LongitudeDegrees>59.802598685202234</LongitudeDegrees></Position></Trackpoint><Trackpoint><Time>2026-07-09T14:47:36.000Z</Time><Position><LatitudeDegrees>58.63164711145266</LatitudeDegrees><LongitudeDegrees>59.80262978241651</LongitudeDegrees></Position></Trackpoint><Trackpoint><Time>2026-07-09T14:47:37.000Z</Time><Position><LatitudeDegrees>58.6316599024841</LatitudeDegrees><LongitudeDegrees>59.802665805798476</LongitudeDegrees></Position></Trackpoint><Trackpoint><Time>2026-07-09T14:47:38.000Z</Time><Position><LatitudeDegrees>58.631672586156</LatitudeDegrees><LongitudeDegrees>59.802705109721465</LongitudeDegrees></Position></Trackpoint><Trackpoint><Time>2026-07-09T14:47:39.000Z</Time><Position><LatitudeDegrees>58.6316845769048</LatitudeDegrees><LongitudeDegrees>59.80274757463029</LongitudeDegrees></Position></Trackpoint><Trackpoint><Time>2026-07-09T14:47:40.000Z</Time><Position><LatitudeDegrees>58.63169621212217</LatitudeDegrees><LongitudeDegrees>59.8027927455804</LongitudeDegrees></Position></Trackpoint><Trackpoint><Time>2026-07-09T14:47:41.000Z</Time><Position><LatitudeDegrees>58.6317086556104</LatitudeDegrees><LongitudeDegrees>59.80283959828353</LongitudeDegrees></Position></Trackpoint><Trackpoint><Time>2026-07-09T14:47:42.000Z</Time><Position><LatitudeDegrees>58.63172228292174</LatitudeDegrees><LongitudeDegrees>59.802886515831936</LongitudeDegrees></Position></Trackpoint><Trackpoint><Time>2026-07-09T14:47:43.000Z</Time><Position><LatitudeDegrees>58.63173660716862</LatitudeDegrees><LongitudeDegrees>59.80293380322752</LongitudeDegrees></Position></Trackpoint><Trackpoint><Time>2026-07-09T14:47:44.000Z</Time><Position><LatitudeDegrees>58.6317523176051</LatitudeDegrees><LongitudeDegrees>59.80298055938968</LongitudeDegrees></Position></Trackpoint><Trackpoint><Time>2026-07-09T14:47:45.000Z</Time><Position><LatitudeDegrees>58.631769030563035</LatitudeDegrees><LongitudeDegrees>59.803026481406384</LongitudeDegrees></Position></Trackpoint><Trackpoint><Time>2026-07-09T14:47:46.000Z</Time><Position><LatitudeDegrees>58.63178596975237</LatitudeDegrees><LongitudeDegrees>59.80307057236841</LongitudeDegrees></Position></Trackpoint><Trackpoint><Time>2026-07-09T14:47:47.000Z</Time><Position><LatitudeDegrees>58.631803276045126</LatitudeDegrees><LongitudeDegrees>59.803112656728416</LongitudeDegrees></Position></Trackpoint><Trackpoint><Time>2026-07-09T14:47:48.000Z</Time><Position><LatitudeDegrees>58.63182047072931</LatitudeDegrees><LongitudeDegrees>59.803153898955706</LongitudeDegrees></Position></Trackpoint><Trackpoint><Time>2026-07-09T14:47:49.000Z</Time><Position><LatitudeDegrees>58.63183786059077</LatitudeDegrees><LongitudeDegrees>59.80319390748279</LongitudeDegrees></Position></Trackpoint><Trackpoint><Time>2026-07-09T14:47:50.000Z</Time><Position><LatitudeDegrees>58.631855546923454</LatitudeDegrees><LongitudeDegrees>59.80323023133959</LongitudeDegrees></Position></Trackpoint><Trackpoint><Time>2026-07-09T14:47:51.000Z</Time><Position><LatitudeDegrees>58.63187304378132</LatitudeDegrees><LongitudeDegrees>59.80326184444612</LongitudeDegrees></Position></Trackpoint><Trackpoint><Time>2026-07-09T14:47:52.000Z</Time><Position><LatitudeDegrees>58.63188968574378</LatitudeDegrees><LongitudeDegrees>59.80328697040361</LongitudeDegrees></Position></Trackpoint><Trackpoint><Time>2026-07-09T14:47:53.000Z</Time><Position><LatitudeDegrees>58.63190530849297</LatitudeDegrees><LongitudeDegrees>59.80330522063696</LongitudeDegrees></Position></Trackpoint><Trackpoint><Time>2026-07-09T14:47:54.000Z</Time><Position><LatitudeDegrees>58.6319199751718</LatitudeDegrees><LongitudeDegrees>59.80331682799614</LongitudeDegrees></Position></Trackpoint><Trackpoint><Time>2026-07-09T14:47:55.000Z</Time><Position><LatitudeDegrees>58.63193432410542</LatitudeDegrees><LongitudeDegrees>59.80332323059001</LongitudeDegrees></Position></Trackpoint><Trackpoint><Time>2026-07-09T14:47:56.000Z</Time><Position><LatitudeDegrees>58.631948658959544</LatitudeDegrees><LongitudeDegrees>59.80332519909287</LongitudeDegrees></Position></Trackpoint><Trackpoint><Time>2026-07-09T14:47:57.000Z</Time><Position><LatitudeDegrees>58.631962616990286</LatitudeDegrees><LongitudeDegrees>59.80332362000296</LongitudeDegrees></Position></Trackpoint><Trackpoint><Time>2026-07-09T14:47:58.000Z</Time><Position><LatitudeDegrees>58.631976586782955</LatitudeDegrees><LongitudeDegrees>59.803319313738</LongitudeDegrees></Position></Trackpoint><Trackpoint><Time>2026-07-09T14:47:59.000Z</Time><Position><LatitudeDegrees>58.631990237249695</LatitudeDegrees><LongitudeDegrees>59.803312478591515</LongitudeDegrees></Position></Trackpoint><Trackpoint><Time>2026-07-09T14:48:00.000Z</Time><Position><LatitudeDegrees>58.632003473022486</LatitudeDegrees><LongitudeDegrees>59.803304010416134</LongitudeDegrees></Position></Trackpoint><Trackpoint><Time>2026-07-09T14:48:01.000Z</Time><Position><LatitudeDegrees>58.632016308050936</LatitudeDegrees><LongitudeDegrees>59.80329203969754</LongitudeDegrees></Position></Trackpoint><Trackpoint><Time>2026-07-09T14:48:02.000Z</Time><Position><LatitudeDegrees>58.63202830990427</LatitudeDegrees><LongitudeDegrees>59.803279673327836</LongitudeDegrees></Position></Trackpoint><Trackpoint><Time>2026-07-09T14:48:03.000Z</Time><Position><LatitudeDegrees>58.6320408762617</LatitudeDegrees><LongitudeDegrees>59.80326971044188</LongitudeDegrees></Position></Trackpoint><Trackpoint><Time>2026-07-09T14:48:04.000Z</Time><Position><LatitudeDegrees>58.63205402067026</LatitudeDegrees><LongitudeDegrees>59.803265932996965</LongitudeDegrees></Position></Trackpoint><Trackpoint><Time>2026-07-09T14:48:05.000Z</Time><Position><LatitudeDegrees>58.63206767451709</LatitudeDegrees><LongitudeDegrees>59.803269594247844</LongitudeDegrees></Position></Trackpoint><Trackpoint><Time>2026-07-09T14:48:06.000Z</Time><Position><LatitudeDegrees>58.63208223377011</LatitudeDegrees><LongitudeDegrees>59.80328025558127</LongitudeDegrees></Position></Trackpoint><Trackpoint><Time>2026-07-09T14:48:07.000Z</Time><Position><LatitudeDegrees>58.632096766073374</LatitudeDegrees><LongitudeDegrees>59.803296348301075</LongitudeDegrees></Position></Trackpoint><Trackpoint><Time>2026-07-09T14:48:08.000Z</Time><Position><LatitudeDegrees>58.632111380521174</LatitudeDegrees><LongitudeDegrees>59.8033155500344</LongitudeDegrees></Position></Trackpoint><Trackpoint><Time>2026-07-09T14:48:09.000Z</Time><Position><LatitudeDegrees>58.63212562188844</LatitudeDegrees><LongitudeDegrees>59.803336015702854</LongitudeDegrees></Position></Trackpoint><Trackpoint><Time>2026-07-09T14:48:10.000Z</Time><Position><LatitudeDegrees>58.632139350582634</LatitudeDegrees><LongitudeDegrees>59.80335780243872</LongitudeDegrees></Position></Trackpoint><Trackpoint><Time>2026-07-09T14:48:11.000Z</Time><Position><LatitudeDegrees>58.63215257491569</LatitudeDegrees><LongitudeDegrees>59.80337978499273</LongitudeDegrees></Position></Trackpoint><Trackpoint><Time>2026-07-09T14:48:12.000Z</Time><Position><LatitudeDegrees>58.6321638942129</LatitudeDegrees><LongitudeDegrees>59.803401474816745</LongitudeDegrees></Position></Trackpoint><Trackpoint><Time>2026-07-09T14:48:13.000Z</Time><Position><LatitudeDegrees>58.632173955359384</LatitudeDegrees><LongitudeDegrees>59.80342074983933</LongitudeDegrees></Position></Trackpoint><Trackpoint><Time>2026-07-09T14:48:14.000Z</Time><Position><LatitudeDegrees>58.63218269663515</LatitudeDegrees><LongitudeDegrees>59.80343753566743</LongitudeDegrees></Position></Trackpoint><Trackpoint><Time>2026-07-09T14:48:15.000Z</Time><Position><LatitudeDegrees>58.63219026202525</LatitudeDegrees><LongitudeDegrees>59.80345163153722</LongitudeDegrees></Position></Trackpoint><Trackpoint><Time>2026-07-09T14:48:16.000Z</Time><Position><LatitudeDegrees>58.632197351361285</LatitudeDegrees><LongitudeDegrees>59.80346281040894</LongitudeDegrees></Position></Trackpoint><Trackpoint><Time>2026-07-09T14:48:17.000Z</Time><Position><LatitudeDegrees>58.63220382434746</LatitudeDegrees><LongitudeDegrees>59.80347233239355</LongitudeDegrees></Position></Trackpoint><Trackpoint><Time>2026-07-09T14:48:18.000Z</Time><Position><LatitudeDegrees>58.63221068153408</LatitudeDegrees><LongitudeDegrees>59.803481418716345</LongitudeDegrees></Position></Trackpoint><Trackpoint><Time>2026-07-09T14:48:19.000Z</Time><Position><LatitudeDegrees>58.63221779605898</LatitudeDegrees><LongitudeDegrees>59.803492097067014</LongitudeDegrees></Position></Trackpoint><Trackpoint><Time>2026-07-09T14:48:20.000Z</Time><Position><LatitudeDegrees>58.632226551478965</LatitudeDegrees><LongitudeDegrees>59.803505487792044</LongitudeDegrees></Position></Trackpoint><Trackpoint><Time>2026-07-09T14:48:21.000Z</Time><Position><LatitudeDegrees>58.632237306982454</LatitudeDegrees><LongitudeDegrees>59.80351974571585</LongitudeDegrees></Position></Trackpoint><Trackpoint><Time>2026-07-09T14:48:22.000Z</Time><Position><LatitudeDegrees>58.63224946417691</LatitudeDegrees><LongitudeDegrees>59.80353253079811</LongitudeDegrees></Position></Trackpoint><Trackpoint><Time>2026-07-09T14:48:23.000Z</Time><Position><LatitudeDegrees>58.63226259671942</LatitudeDegrees><LongitudeDegrees>59.80354159953728</LongitudeDegrees></Position></Trackpoint><Trackpoint><Time>2026-07-09T14:48:24.000Z</Time><Position><LatitudeDegrees>58.63227640384331</LatitudeDegrees><LongitudeDegrees>59.80354650497165</LongitudeDegrees></Position></Trackpoint><Trackpoint><Time>2026-07-09T14:48:25.000Z</Time><Position><LatitudeDegrees>58.632291164711965</LatitudeDegrees><LongitudeDegrees>59.80354612854947</LongitudeDegrees></Position></Trackpoint><Trackpoint><Time>2026-07-09T14:48:26.000Z</Time><Position><LatitudeDegrees>58.632306382271835</LatitudeDegrees><LongitudeDegrees>59.80354019792152</LongitudeDegrees></Position></Trackpoint><Trackpoint><Time>2026-07-09T14:48:27.000Z</Time><Position><LatitudeDegrees>58.632322282814705</LatitudeDegrees><LongitudeDegrees>59.803529313799196</LongitudeDegrees></Position></Trackpoint><Trackpoint><Time>2026-07-09T14:48:28.000Z</Time><Position><LatitudeDegrees>58.63233887187524</LatitudeDegrees><LongitudeDegrees>59.803514848959615</LongitudeDegrees></Position></Trackpoint><Trackpoint><Time>2026-07-09T14:48:29.000Z</Time><Position><LatitudeDegrees>58.6323560633626</LatitudeDegrees><LongitudeDegrees>59.80349880755905</LongitudeDegrees></Position></Trackpoint><Trackpoint><Time>2026-07-09T14:48:30.000Z</Time><Position><LatitudeDegrees>58.63237423411175</LatitudeDegrees><LongitudeDegrees>59.80348123810386</LongitudeDegrees></Position></Trackpoint><Trackpoint><Time>2026-07-09T14:48:31.000Z</Time><Position><LatitudeDegrees>58.63239341362913</LatitudeDegrees><LongitudeDegrees>59.803462846304704</LongitudeDegrees></Position></Trackpoint><Trackpoint><Time>2026-07-09T14:48:32.000Z</Time><Position><LatitudeDegrees>58.632413484592604</LatitudeDegrees><LongitudeDegrees>59.803443538732736</LongitudeDegrees></Position></Trackpoint><Trackpoint><Time>2026-07-09T14:48:33.000Z</Time><Position><LatitudeDegrees>58.632433794658624</LatitudeDegrees><LongitudeDegrees>59.80342339444891</LongitudeDegrees></Position></Trackpoint><Trackpoint><Time>2026-07-09T14:48:34.000Z</Time><Position><LatitudeDegrees>58.63245404448191</LatitudeDegrees><LongitudeDegrees>59.80340206379324</LongitudeDegrees></Position></Trackpoint><Trackpoint><Time>2026-07-09T14:48:35.000Z</Time><Position><LatitudeDegrees>58.63247460812479</LatitudeDegrees><LongitudeDegrees>59.80337955503311</LongitudeDegrees></Position></Trackpoint><Trackpoint><Time>2026-07-09T14:48:36.000Z</Time><Position><LatitudeDegrees>58.63249608897094</LatitudeDegrees><LongitudeDegrees>59.80335700200247</LongitudeDegrees></Position></Trackpoint><Trackpoint><Time>2026-07-09T14:48:37.000Z</Time><Position><LatitudeDegrees>58.63251861779223</LatitudeDegrees><LongitudeDegrees>59.80333536694462</LongitudeDegrees></Position></Trackpoint><Trackpoint><Time>2026-07-09T14:48:38.000Z</Time><Position><LatitudeDegrees>58.632542113938854</LatitudeDegrees><LongitudeDegrees>59.80331590754426</LongitudeDegrees></Position></Trackpoint><Trackpoint><Time>2026-07-09T14:48:39.000Z</Time><Position><LatitudeDegrees>58.63256593043118</LatitudeDegrees><LongitudeDegrees>59.80329984173678</LongitudeDegrees></Position></Trackpoint><Trackpoint><Time>2026-07-09T14:48:40.000Z</Time><Position><LatitudeDegrees>58.63259024931614</LatitudeDegrees><LongitudeDegrees>59.80328772515671</LongitudeDegrees></Position></Trackpoint><Trackpoint><Time>2026-07-09T14:48:41.000Z</Time><Position><LatitudeDegrees>58.632615081085405</LatitudeDegrees><LongitudeDegrees>59.80327830053427</LongitudeDegrees></Position></Trackpoint><Trackpoint><Time>2026-07-09T14:48:42.000Z</Time><Position><LatitudeDegrees>58.63263938501064</LatitudeDegrees><LongitudeDegrees>59.80326923574329</LongitudeDegrees></Position></Trackpoint><Trackpoint><Time>2026-07-09T14:48:43.000Z</Time><Position><LatitudeDegrees>58.632662800233184</LatitudeDegrees><LongitudeDegrees>59.803258544931396</LongitudeDegrees></Position></Trackpoint><Trackpoint><Time>2026-07-09T14:48:44.000Z</Time><Position><LatitudeDegrees>58.63268431298181</LatitudeDegrees><LongitudeDegrees>59.80324610856629</LongitudeDegrees></Position></Trackpoint><Trackpoint><Time>2026-07-09T14:48:45.000Z</Time><Position><LatitudeDegrees>58.63270374993138</LatitudeDegrees><LongitudeDegrees>59.803232101459706</LongitudeDegrees></Position></Trackpoint><Trackpoint><Time>2026-07-09T14:48:46.000Z</Time><Position><LatitudeDegrees>58.6327217957371</LatitudeDegrees><LongitudeDegrees>59.80321728681785</LongitudeDegrees></Position></Trackpoint><Trackpoint><Time>2026-07-09T14:48:47.000Z</Time><Position><LatitudeDegrees>58.6327384213034</LatitudeDegrees><LongitudeDegrees>59.803202082600414</LongitudeDegrees></Position></Trackpoint><Trackpoint><Time>2026-07-09T14:48:48.000Z</Time><Position><LatitudeDegrees>58.63275428654396</LatitudeDegrees><LongitudeDegrees>59.80318622132796</LongitudeDegrees></Position></Trackpoint><Trackpoint><Time>2026-07-09T14:48:49.000Z</Time><Position><LatitudeDegrees>58.63276927120927</LatitudeDegrees><LongitudeDegrees>59.80316967717555</LongitudeDegrees></Position></Trackpoint><Trackpoint><Time>2026-07-09T14:48:50.000Z</Time><Position><LatitudeDegrees>58.632783438797084</LatitudeDegrees><LongitudeDegrees>59.803152527154225</LongitudeDegrees></Position></Trackpoint><Trackpoint><Time>2026-07-09T14:48:51.000Z</Time><Position><LatitudeDegrees>58.63279789954978</LatitudeDegrees><LongitudeDegrees>59.80313488074206</LongitudeDegrees></Position></Trackpoint><Trackpoint><Time>2026-07-09T14:48:52.000Z</Time><Position><LatitudeDegrees>58.632812583464315</LatitudeDegrees><LongitudeDegrees>59.80311684673677</LongitudeDegrees></Position></Trackpoint><Trackpoint><Time>2026-07-09T14:48:53.000Z</Time><Position><LatitudeDegrees>58.63282645384737</LatitudeDegrees><LongitudeDegrees>59.80309900930252</LongitudeDegrees></Position></Trackpoint><Trackpoint><Time>2026-07-09T14:48:54.000Z</Time><Position><LatitudeDegrees>58.632839677780225</LatitudeDegrees><LongitudeDegrees>59.803081583787986</LongitudeDegrees></Position></Trackpoint><Trackpoint><Time>2026-07-09T14:48:55.000Z</Time><Position><LatitudeDegrees>58.63285289665404</LatitudeDegrees><LongitudeDegrees>59.80306411640104</LongitudeDegrees></Position></Trackpoint><Trackpoint><Time>2026-07-09T14:48:56.000Z</Time><Position><LatitudeDegrees>58.6328658856538</LatitudeDegrees><LongitudeDegrees>59.80304593601859</LongitudeDegrees></Position></Trackpoint><Trackpoint><Time>2026-07-09T14:48:57.000Z</Time><Position><LatitudeDegrees>58.63287858169715</LatitudeDegrees><LongitudeDegrees>59.80302734737229</LongitudeDegrees></Position></Trackpoint><Trackpoint><Time>2026-07-09T14:48:58.000Z</Time><Position><LatitudeDegrees>58.632891486015815</LatitudeDegrees><LongitudeDegrees>59.80300852836084</LongitudeDegrees></Position></Trackpoint><Trackpoint><Time>2026-07-09T14:48:59.000Z</Time><Position><LatitudeDegrees>58.63290477830191</LatitudeDegrees><LongitudeDegrees>59.80299007142649</LongitudeDegrees></Position></Trackpoint><Trackpoint><Time>2026-07-09T14:49:00.000Z</Time><Position><LatitudeDegrees>58.632918972374235</LatitudeDegrees><LongitudeDegrees>59.80297168447405</LongitudeDegrees></Position></Trackpoint><Trackpoint><Time>2026-07-09T14:49:01.000Z</Time><Position><LatitudeDegrees>58.6329341640976</LatitudeDegrees><LongitudeDegrees>59.8029527486163</LongitudeDegrees></Position></Trackpoint><Trackpoint><Time>2026-07-09T14:49:02.000Z</Time><Position><LatitudeDegrees>58.632951244126566</LatitudeDegrees><LongitudeDegrees>59.80293210020475</LongitudeDegrees></Position></Trackpoint><Trackpoint><Time>2026-07-09T14:49:03.000Z</Time><Position><LatitudeDegrees>58.63296935767998</LatitudeDegrees><LongitudeDegrees>59.80290947981385</LongitudeDegrees></Position></Trackpoint><Trackpoint><Time>2026-07-09T14:49:04.000Z</Time><Position><LatitudeDegrees>58.63298850968979</LatitudeDegrees><LongitudeDegrees>59.80288552331469</LongitudeDegrees></Position></Trackpoint><Trackpoint><Time>2026-07-09T14:49:05.000Z</Time><Position><LatitudeDegrees>58.63300856890282</LatitudeDegrees><LongitudeDegrees>59.80286066406766</LongitudeDegrees></Position></Trackpoint><Trackpoint><Time>2026-07-09T14:49:06.000Z</Time><Position><LatitudeDegrees>58.63302887521585</LatitudeDegrees><LongitudeDegrees>59.802835196411344</LongitudeDegrees></Position></Trackpoint><Trackpoint><Time>2026-07-09T14:49:07.000Z</Time><Position><LatitudeDegrees>58.63304961467209</LatitudeDegrees><LongitudeDegrees>59.802808830041975</LongitudeDegrees></Position></Trackpoint><Trackpoint><Time>2026-07-09T14:49:08.000Z</Time><Position><LatitudeDegrees>58.63307031868642</LatitudeDegrees><LongitudeDegrees>59.80278205036186</LongitudeDegrees></Position></Trackpoint><Trackpoint><Time>2026-07-09T14:49:09.000Z</Time><Position><LatitudeDegrees>58.63309128843942</LatitudeDegrees><LongitudeDegrees>59.80275559993429</LongitudeDegrees></Position></Trackpoint><Trackpoint><Time>2026-07-09T14:49:10.000Z</Time><Position><LatitudeDegrees>58.63311261386012</LatitudeDegrees><LongitudeDegrees>59.80273023192313</LongitudeDegrees></Position></Trackpoint><Trackpoint><Time>2026-07-09T14:49:11.000Z</Time><Position><LatitudeDegrees>58.63313379672427</LatitudeDegrees><LongitudeDegrees>59.80270513835864</LongitudeDegrees></Position></Trackpoint><Trackpoint><Time>2026-07-09T14:49:12.000Z</Time><Position><LatitudeDegrees>58.63315465014344</LatitudeDegrees><LongitudeDegrees>59.80268044087774</LongitudeDegrees></Position></Trackpoint><Trackpoint><Time>2026-07-09T14:49:13.000Z</Time><Position><LatitudeDegrees>58.633175139434485</LatitudeDegrees><LongitudeDegrees>59.80265613873784</LongitudeDegrees></Position></Trackpoint><Trackpoint><Time>2026-07-09T14:49:14.000Z</Time><Position><LatitudeDegrees>58.633195297049035</LatitudeDegrees><LongitudeDegrees>59.80263267050232</LongitudeDegrees></Position></Trackpoint><Trackpoint><Time>2026-07-09T14:49:15.000Z</Time><Position><LatitudeDegrees>58.633214689311316</LatitudeDegrees><LongitudeDegrees>59.80260962014521</LongitudeDegrees></Position></Trackpoint><Trackpoint><Time>2026-07-09T14:49:16.000Z</Time><Position><LatitudeDegrees>58.63323323585097</LatitudeDegrees><LongitudeDegrees>59.8025867626991</LongitudeDegrees></Position></Trackpoint><Trackpoint><Time>2026-07-09T14:49:17.000Z</Time><Position><LatitudeDegrees>58.63325150172666</LatitudeDegrees><LongitudeDegrees>59.80256398075506</LongitudeDegrees></Position></Trackpoint><Trackpoint><Time>2026-07-09T14:49:18.000Z</Time><Position><LatitudeDegrees>58.63326975567117</LatitudeDegrees><LongitudeDegrees>59.8025412162696</LongitudeDegrees></Position></Trackpoint><Trackpoint><Time>2026-07-09T14:49:19.000Z</Time><Position><LatitudeDegrees>58.63328859949959</LatitudeDegrees><LongitudeDegrees>59.802518932708324</LongitudeDegrees></Position></Trackpoint><Trackpoint><Time>2026-07-09T14:49:20.000Z</Time><Position><LatitudeDegrees>58.63330771573813</LatitudeDegrees><LongitudeDegrees>59.80249774882654</LongitudeDegrees></Position></Trackpoint><Trackpoint><Time>2026-07-09T14:49:21.000Z</Time><Position><LatitudeDegrees>58.63332693867705</LatitudeDegrees><LongitudeDegrees>59.80247777830612</LongitudeDegrees></Position></Trackpoint><Trackpoint><Time>2026-07-09T14:49:22.000Z</Time><Position><LatitudeDegrees>58.63334569676611</LatitudeDegrees><LongitudeDegrees>59.80245793301072</LongitudeDegrees></Position></Trackpoint><Trackpoint><Time>2026-07-09T14:49:23.000Z</Time><Position><LatitudeDegrees>58.63336381428465</LatitudeDegrees><LongitudeDegrees>59.80243823834769</LongitudeDegrees></Position></Trackpoint><Trackpoint><Time>2026-07-09T14:49:24.000Z</Time><Position><LatitudeDegrees>58.63338081147066</LatitudeDegrees><LongitudeDegrees>59.80241868544718</LongitudeDegrees></Position></Trackpoint><Trackpoint><Time>2026-07-09T14:49:25.000Z</Time><Position><LatitudeDegrees>58.63339712414576</LatitudeDegrees><LongitudeDegrees>59.80239925246129</LongitudeDegrees></Position></Trackpoint><Trackpoint><Time>2026-07-09T14:49:26.000Z</Time><Position><LatitudeDegrees>58.63341253004115</LatitudeDegrees><LongitudeDegrees>59.80237991500146</LongitudeDegrees></Position></Trackpoint><Trackpoint><Time>2026-07-09T14:49:27.000Z</Time><Position><LatitudeDegrees>58.63342803322415</LatitudeDegrees><LongitudeDegrees>59.80236065076305</LongitudeDegrees></Position></Trackpoint><Trackpoint><Time>2026-07-09T14:49:28.000Z</Time><Position><LatitudeDegrees>58.63344452432709</LatitudeDegrees><LongitudeDegrees>59.80234095155178</LongitudeDegrees></Position></Trackpoint><Trackpoint><Time>2026-07-09T14:49:29.000Z</Time><Position><LatitudeDegrees>58.6334617537334</LatitudeDegrees><LongitudeDegrees>59.80232164312565</LongitudeDegrees></Position></Trackpoint><Trackpoint><Time>2026-07-09T14:49:30.000Z</Time><Position><LatitudeDegrees>58.63348099271439</LatitudeDegrees><LongitudeDegrees>59.80230448423452</LongitudeDegrees></Position></Trackpoint><Trackpoint><Time>2026-07-09T14:49:31.000Z</Time><Position><LatitudeDegrees>58.63350152767488</LatitudeDegrees><LongitudeDegrees>59.80229286096438</LongitudeDegrees></Position></Trackpoint><Trackpoint><Time>2026-07-09T14:49:32.000Z</Time><Position><LatitudeDegrees>58.63352240878495</LatitudeDegrees><LongitudeDegrees>59.80228892616163</LongitudeDegrees></Position></Trackpoint><Trackpoint><Time>2026-07-09T14:49:33.000Z</Time><Position><LatitudeDegrees>58.6335436900558</LatitudeDegrees><LongitudeDegrees>59.80229306924769</LongitudeDegrees></Position></Trackpoint><Trackpoint><Time>2026-07-09T14:49:34.000Z</Time><Position><LatitudeDegrees>58.633564852760415</LatitudeDegrees><LongitudeDegrees>59.80230441381448</LongitudeDegrees></Position></Trackpoint><Trackpoint><Time>2026-07-09T14:49:35.000Z</Time><Position><LatitudeDegrees>58.63358667770873</LatitudeDegrees><LongitudeDegrees>59.80232167462879</LongitudeDegrees></Position></Trackpoint><Trackpoint><Time>2026-07-09T14:49:36.000Z</Time><Position><LatitudeDegrees>58.63360891185572</LatitudeDegrees><LongitudeDegrees>59.8023435630473</LongitudeDegrees></Position></Trackpoint><Trackpoint><Time>2026-07-09T14:49:37.000Z</Time><Position><LatitudeDegrees>58.63363188807959</LatitudeDegrees><LongitudeDegrees>59.80236944402834</LongitudeDegrees></Position></Trackpoint><Trackpoint><Time>2026-07-09T14:49:38.000Z</Time><Position><LatitudeDegrees>58.63365564822626</LatitudeDegrees><LongitudeDegrees>59.802398053990615</LongitudeDegrees></Position></Trackpoint><Trackpoint><Time>2026-07-09T14:49:39.000Z</Time><Position><LatitudeDegrees>58.63367961930334</LatitudeDegrees><LongitudeDegrees>59.80242852228859</LongitudeDegrees></Position></Trackpoint><Trackpoint><Time>2026-07-09T14:49:40.000Z</Time><Position><LatitudeDegrees>58.63370402787147</LatitudeDegrees><LongitudeDegrees>59.802459762236204</LongitudeDegrees></Position></Trackpoint><Trackpoint><Time>2026-07-09T14:49:41.000Z</Time><Position><LatitudeDegrees>58.6337298903058</LatitudeDegrees><LongitudeDegrees>59.80249171687046</LongitudeDegrees></Position></Trackpoint><Trackpoint><Time>2026-07-09T14:49:42.000Z</Time><Position><LatitudeDegrees>58.63375792819262</LatitudeDegrees><LongitudeDegrees>59.80252378139254</LongitudeDegrees></Position></Trackpoint><Trackpoint><Time>2026-07-09T14:49:43.000Z</Time><Position><LatitudeDegrees>58.63378718026795</LatitudeDegrees><LongitudeDegrees>59.802556671843405</LongitudeDegrees></Position></Trackpoint><Trackpoint><Time>2026-07-09T14:49:44.000Z</Time><Position><LatitudeDegrees>58.63381611559072</LatitudeDegrees><LongitudeDegrees>59.80259155632714</LongitudeDegrees></Position></Trackpoint><Trackpoint><Time>2026-07-09T14:49:45.000Z</Time><Position><LatitudeDegrees>58.633844144323064</LatitudeDegrees><LongitudeDegrees>59.802629639198095</LongitudeDegrees></Position></Trackpoint><Trackpoint><Time>2026-07-09T14:49:46.000Z</Time><Position><LatitudeDegrees>58.633870650298974</LatitudeDegrees><LongitudeDegrees>59.8026710059414</LongitudeDegrees></Position></Trackpoint><Trackpoint><Time>2026-07-09T14:49:47.000Z</Time><Position><LatitudeDegrees>58.633895575204214</LatitudeDegrees><LongitudeDegrees>59.80271478067201</LongitudeDegrees></Position></Trackpoint><Trackpoint><Time>2026-07-09T14:49:48.000Z</Time><Position><LatitudeDegrees>58.63391909795107</LatitudeDegrees><LongitudeDegrees>59.80276029360974</LongitudeDegrees></Position></Trackpoint><Trackpoint><Time>2026-07-09T14:49:49.000Z</Time><Position><LatitudeDegrees>58.6339414721865</LatitudeDegrees><LongitudeDegrees>59.802807045820515</LongitudeDegrees></Position></Trackpoint><Trackpoint><Time>2026-07-09T14:49:50.000Z</Time><Position><LatitudeDegrees>58.63396246016985</LatitudeDegrees><LongitudeDegrees>59.80285418315721</LongitudeDegrees></Position></Trackpoint><Trackpoint><Time>2026-07-09T14:49:51.000Z</Time><Position><LatitudeDegrees>58.633982141914956</LatitudeDegrees><LongitudeDegrees>59.80290130442322</LongitudeDegrees></Position></Trackpoint><Trackpoint><Time>2026-07-09T14:49:52.000Z</Time><Position><LatitudeDegrees>58.63400071802788</LatitudeDegrees><LongitudeDegrees>59.80294873606569</LongitudeDegrees></Position></Trackpoint><Trackpoint><Time>2026-07-09T14:49:53.000Z</Time><Position><LatitudeDegrees>58.63401841303111</LatitudeDegrees><LongitudeDegrees>59.80299510385821</LongitudeDegrees></Position></Trackpoint><Trackpoint><Time>2026-07-09T14:49:54.000Z</Time><Position><LatitudeDegrees>58.63403543247958</LatitudeDegrees><LongitudeDegrees>59.8030409576133</LongitudeDegrees></Position></Trackpoint><Trackpoint><Time>2026-07-09T14:49:55.000Z</Time><Position><LatitudeDegrees>58.63405096851286</LatitudeDegrees><LongitudeDegrees>59.803086589738015</LongitudeDegrees></Position></Trackpoint><Trackpoint><Time>2026-07-09T14:49:56.000Z</Time><Position><LatitudeDegrees>58.63406389959995</LatitudeDegrees><LongitudeDegrees>59.80313165949064</LongitudeDegrees></Position></Trackpoint><Trackpoint><Time>2026-07-09T14:49:57.000Z</Time><Position><LatitudeDegrees>58.634074098197885</LatitudeDegrees><LongitudeDegrees>59.80317462989011</LongitudeDegrees></Position></Trackpoint><Trackpoint><Time>2026-07-09T14:49:58.000Z</Time><Position><LatitudeDegrees>58.6340803936592</LatitudeDegrees><LongitudeDegrees>59.80321366857333</LongitudeDegrees></Position></Trackpoint><Trackpoint><Time>2026-07-09T14:50:00.000Z</Time><Position><LatitudeDegrees>58.63408378405514</LatitudeDegrees><LongitudeDegrees>59.80324656709941</LongitudeDegrees></Position></Trackpoint></Track></Lap></Activity></Activities></TrainingCenterDatabase>