<?xml version='1.0' encoding='UTF-8' standalone='yes' ?><TrainingCenterDatabase creator="Mi Fitness" version="1.0" xmlns="http://www.garmin.com/xmlschemas/TrainingCenterDatabase/v2" xmlns:xsi="http://www.w3.org/2001/XMLSchema-instance" xsi:schemaLocation="http://www.garmin.com/xmlschemas/TrainingCenterDatabase/v2 http://www.garmin.com/xmlschemas/TrainingCenterDatabasev2.xsd"><Activities><Activity Sport=""><Id>2026-06-27T17:06:31.000Z</Id><Calories>399</Calories><Lap><TotalTimeSeconds>2527</TotalTimeSeconds><DistanceMeters>3141</DistanceMeters><Calories>264</Calories><HeartRateBpm>117</HeartRateBpm><AverageSpeed>4.474713</AverageSpeed><Steps>4004</Steps><Track><Trackpoint><Time>2026-06-27T17:12:50.000Z</Time><Position><LatitudeDegrees>58.692970275878906</LatitudeDegrees><LongitudeDegrees>59.460121154785156</LongitudeDegrees></Position></Trackpoint><Trackpoint><Time>2026-06-27T17:12:51.000Z</Time><Position><LatitudeDegrees>58.69296078414333</LatitudeDegrees><LongitudeDegrees>59.46010849913772</LongitudeDegrees></Position></Trackpoint><Trackpoint><Time>2026-06-27T17:12:52.000Z</Time><Position><LatitudeDegrees>58.692958955161664</LatitudeDegrees><LongitudeDegrees>59.46010746895586</LongitudeDegrees></Position></Trackpoint><Trackpoint><Time>2026-06-27T17:12:53.000Z</Time><Position><LatitudeDegrees>58.69295785684894</LatitudeDegrees><LongitudeDegrees>59.4601056141895</LongitudeDegrees></Position></Trackpoint><Trackpoint><Time>2026-06-27T17:12:54.000Z</Time><Position><LatitudeDegrees>58.69295875805131</LatitudeDegrees><LongitudeDegrees>59.46009684144263</LongitudeDegrees></Position></Trackpoint><Trackpoint><Time>2026-06-27T17:12:55.000Z</Time><Position><LatitudeDegrees>58.692955522162215</LatitudeDegrees><LongitudeDegrees>59.46009976515359</LongitudeDegrees></Position></Trackpoint><Trackpoint><Time>2026-06-27T17:12:56.000Z</Time><Position><LatitudeDegrees>58.692950498896835</LatitudeDegrees><LongitudeDegrees>59.46009327971826</LongitudeDegrees></Position></Trackpoint><Trackpoint><Time>2026-06-27T17:12:57.000Z</Time><Position><LatitudeDegrees>58.6929431192278</LatitudeDegrees><LongitudeDegrees>59.46008438438787</LongitudeDegrees></Position></Trackpoint><Trackpoint><Time>2026-06-27T17:12:58.000Z</Time><Position><LatitudeDegrees>58.692935252820476</LatitudeDegrees><LongitudeDegrees>59.46007418749448</LongitudeDegrees></Position></Trackpoint><Trackpoint><Time>2026-06-27T17:12:59.000Z</Time><Position><LatitudeDegrees>58.692929666172354</LatitudeDegrees><LongitudeDegrees>59.460063783435395</LongitudeDegrees></Position></Trackpoint><Trackpoint><Time>2026-06-27T17:13:00.000Z</Time><Position><LatitudeDegrees>58.69292572671927</LatitudeDegrees><LongitudeDegrees>59.46005315626213</LongitudeDegrees></Position></Trackpoint><Trackpoint><Time>2026-06-27T17:13:01.000Z</Time><Position><LatitudeDegrees>58.69292198899134</LatitudeDegrees><LongitudeDegrees>59.46004135087815</LongitudeDegrees></Position></Trackpoint><Trackpoint><Time>2026-06-27T17:13:02.000Z</Time><Position><LatitudeDegrees>58.69291881376372</LatitudeDegrees><LongitudeDegrees>59.460029596030225</LongitudeDegrees></Position></Trackpoint><Trackpoint><Time>2026-06-27T17:13:03.000Z</Time><Position><LatitudeDegrees>58.692918236132684</LatitudeDegrees><LongitudeDegrees>59.46001741184</LongitudeDegrees></Position></Trackpoint><Trackpoint><Time>2026-06-27T17:13:04.000Z</Time><Position><LatitudeDegrees>58.69291929180904</LatitudeDegrees><LongitudeDegrees>59.46000514570006</LongitudeDegrees></Position></Trackpoint><Trackpoint><Time>2026-06-27T17:13:05.000Z</Time><Position><LatitudeDegrees>58.69274139404297</LatitudeDegrees><LongitudeDegrees>59.459877014160156</LongitudeDegrees></Position></Trackpoint><Trackpoint><Time>2026-06-27T17:13:06.000Z</Time><Position><LatitudeDegrees>58.69261169433594</LatitudeDegrees><LongitudeDegrees>59.459815979003906</LongitudeDegrees></Position></Trackpoint><Trackpoint><Time>2026-06-27T17:13:07.000Z</Time><Position><LatitudeDegrees>58.692871922872314</LatitudeDegrees><LongitudeDegrees>59.459970428867265</LongitudeDegrees></Position></Trackpoint><Trackpoint><Time>2026-06-27T17:13:08.000Z</Time><Position><LatitudeDegrees>58.692501068115234</LatitudeDegrees><LongitudeDegrees>59.459739685058594</LongitudeDegrees></Position></Trackpoint><Trackpoint><Time>2026-06-27T17:13:09.000Z</Time><Position><LatitudeDegrees>58.69279600304577</LatitudeDegrees><LongitudeDegrees>59.459921619571205</LongitudeDegrees></Position></Trackpoint><Trackpoint><Time>2026-06-27T17:13:10.000Z</Time><Position><LatitudeDegrees>58.69271464204978</LatitudeDegrees><LongitudeDegrees>59.45987180234792</LongitudeDegrees></Position></Trackpoint><Trackpoint><Time>2026-06-27T17:13:11.000Z</Time><Position><LatitudeDegrees>58.69263903469611</LatitudeDegrees><LongitudeDegrees>59.459824536703515</LongitudeDegrees></Position></Trackpoint><Trackpoint><Time>2026-06-27T17:13:12.000Z</Time><Position><LatitudeDegrees>58.69257501134847</LatitudeDegrees><LongitudeDegrees>59.45978145068558</LongitudeDegrees></Position></Trackpoint><Trackpoint><Time>2026-06-27T17:13:13.000Z</Time><Position><LatitudeDegrees>58.69252348636197</LatitudeDegrees><LongitudeDegrees>59.45974218872376</LongitudeDegrees></Position></Trackpoint><Trackpoint><Time>2026-06-27T17:13:14.000Z</Time><Position><LatitudeDegrees>58.692484700989525</LatitudeDegrees><LongitudeDegrees>59.459707582405116</LongitudeDegrees></Position></Trackpoint><Trackpoint><Time>2026-06-27T17:13:15.000Z</Time><Position><LatitudeDegrees>58.69245614025758</LatitudeDegrees><LongitudeDegrees>59.45967737666106</LongitudeDegrees></Position></Trackpoint><Trackpoint><Time>2026-06-27T17:13:16.000Z</Time><Position><LatitudeDegrees>58.692434476878624</LatitudeDegrees><LongitudeDegrees>59.459650901639165</LongitudeDegrees></Position></Trackpoint><Trackpoint><Time>2026-06-27T17:13:17.000Z</Time><Position><LatitudeDegrees>58.692417944910794</LatitudeDegrees><LongitudeDegrees>59.4596278922501</LongitudeDegrees></Position></Trackpoint><Trackpoint><Time>2026-06-27T17:13:18.000Z</Time><Position><LatitudeDegrees>58.692405648082186</LatitudeDegrees><LongitudeDegrees>59.45960681529132</LongitudeDegrees></Position></Trackpoint><Trackpoint><Time>2026-06-27T17:13:19.000Z</Time><Position><LatitudeDegrees>58.69239814253633</LatitudeDegrees><LongitudeDegrees>59.45958679131443</LongitudeDegrees></Position></Trackpoint><Trackpoint><Time>2026-06-27T17:13:20.000Z</Time><Position><LatitudeDegrees>58.692395042357774</LatitudeDegrees><LongitudeDegrees>59.459566833373984</LongitudeDegrees></Position></Trackpoint><Trackpoint><Time>2026-06-27T17:13:21.000Z</Time><Position><LatitudeDegrees>58.69239464397023</LatitudeDegrees><LongitudeDegrees>59.4595470161479</LongitudeDegrees></Position></Trackpoint><Trackpoint><Time>2026-06-27T17:13:22.000Z</Time><Position><LatitudeDegrees>58.69239540940276</LatitudeDegrees><LongitudeDegrees>59.459527352330554</LongitudeDegrees></Position></Trackpoint><Trackpoint><Time>2026-06-27T17:13:23.000Z</Time><Position><LatitudeDegrees>58.69239655589309</LatitudeDegrees><LongitudeDegrees>59.459507827460136</LongitudeDegrees></Position></Trackpoint><Trackpoint><Time>2026-06-27T17:13:24.000Z</Time><Position><LatitudeDegrees>58.6923991809973</LatitudeDegrees><LongitudeDegrees>59.459490865800255</LongitudeDegrees></Position></Trackpoint><Trackpoint><Time>2026-06-27T17:13:25.000Z</Time><Position><LatitudeDegrees>58.692401588505234</LatitudeDegrees><LongitudeDegrees>59.45947566792746</LongitudeDegrees></Position></Trackpoint><Trackpoint><Time>2026-06-27T17:13:26.000Z</Time><Position><LatitudeDegrees>58.69240408701039</LatitudeDegrees><LongitudeDegrees>59.459461188622484</LongitudeDegrees></Position></Trackpoint><Trackpoint><Time>2026-06-27T17:13:27.000Z</Time><Position><LatitudeDegrees>58.69240728153312</LatitudeDegrees><LongitudeDegrees>59.459445925980866</LongitudeDegrees></Position></Trackpoint><Trackpoint><Time>2026-06-27T17:13:28.000Z</Time><Position><LatitudeDegrees>58.69241133190818</LatitudeDegrees><LongitudeDegrees>59.45943034122957</LongitudeDegrees></Position></Trackpoint><Trackpoint><Time>2026-06-27T17:13:29.000Z</Time><Position><LatitudeDegrees>58.69241570450288</LatitudeDegrees><LongitudeDegrees>59.45941466565952</LongitudeDegrees></Position></Trackpoint><Trackpoint><Time>2026-06-27T17:13:30.000Z</Time><Position><LatitudeDegrees>58.69241964858246</LatitudeDegrees><LongitudeDegrees>59.45939949579111</LongitudeDegrees></Position></Trackpoint><Trackpoint><Time>2026-06-27T17:13:31.000Z</Time><Position><LatitudeDegrees>58.692427806074775</LatitudeDegrees><LongitudeDegrees>59.459386481217145</LongitudeDegrees></Position></Trackpoint><Trackpoint><Time>2026-06-27T17:13:32.000Z</Time><Position><LatitudeDegrees>58.69261169433594</LatitudeDegrees><LongitudeDegrees>59.45938491821289</LongitudeDegrees></Position></Trackpoint><Trackpoint><Time>2026-06-27T17:13:33.000Z</Time><Position><LatitudeDegrees>58.69246602842631</LatitudeDegrees><LongitudeDegrees>59.45938287921483</LongitudeDegrees></Position></Trackpoint><Trackpoint><Time>2026-06-27T17:13:34.000Z</Time><Position><LatitudeDegrees>58.69272994995117</LatitudeDegrees><LongitudeDegrees>59.45939254760742</LongitudeDegrees></Position></Trackpoint><Trackpoint><Time>2026-06-27T17:13:35.000Z</Time><Position><LatitudeDegrees>58.692518581257154</LatitudeDegrees><LongitudeDegrees>59.45938165749247</LongitudeDegrees></Position></Trackpoint><Trackpoint><Time>2026-06-27T17:13:36.000Z</Time><Position><LatitudeDegrees>58.69257224922346</LatitudeDegrees><LongitudeDegrees>59.45938059363375</LongitudeDegrees></Position></Trackpoint><Trackpoint><Time>2026-06-27T17:13:37.000Z</Time><Position><LatitudeDegrees>58.69262095706936</LatitudeDegrees><LongitudeDegrees>59.45937973133321</LongitudeDegrees></Position></Trackpoint><Trackpoint><Time>2026-06-27T17:13:38.000Z</Time><Position><LatitudeDegrees>58.69266283942584</LatitudeDegrees><LongitudeDegrees>59.45937857310538</LongitudeDegrees></Position></Trackpoint><Trackpoint><Time>2026-06-27T17:13:39.000Z</Time><Position><LatitudeDegrees>58.692698983334225</LatitudeDegrees><LongitudeDegrees>59.45937597282977</LongitudeDegrees></Position></Trackpoint><Trackpoint><Time>2026-06-27T17:13:40.000Z</Time><Position><LatitudeDegrees>58.69273106260611</LatitudeDegrees><LongitudeDegrees>59.45937213319099</LongitudeDegrees></Position></Trackpoint><Trackpoint><Time>2026-06-27T17:13:41.000Z</Time><Position><LatitudeDegrees>58.692759309041634</LatitudeDegrees><LongitudeDegrees>59.45936729673171</LongitudeDegrees></Position></Trackpoint><Trackpoint><Time>2026-06-27T17:13:42.000Z</Time><Position><LatitudeDegrees>58.69278431004257</LatitudeDegrees><LongitudeDegrees>59.459362180890125</LongitudeDegrees></Position></Trackpoint><Trackpoint><Time>2026-06-27T17:13:43.000Z</Time><Position><LatitudeDegrees>58.692806234456555</LatitudeDegrees><LongitudeDegrees>59.45935662737887</LongitudeDegrees></Position></Trackpoint><Trackpoint><Time>2026-06-27T17:13:44.000Z</Time><Position><LatitudeDegrees>58.69282505708533</LatitudeDegrees><LongitudeDegrees>59.45935111679479</LongitudeDegrees></Position></Trackpoint><Trackpoint><Time>2026-06-27T17:13:45.000Z</Time><Position><LatitudeDegrees>58.69284116566085</LatitudeDegrees><LongitudeDegrees>59.45934486233283</LongitudeDegrees></Position></Trackpoint><Trackpoint><Time>2026-06-27T17:13:46.000Z</Time><Position><LatitudeDegrees>58.69285702665117</LatitudeDegrees><LongitudeDegrees>59.45933763543601</LongitudeDegrees></Position></Trackpoint><Trackpoint><Time>2026-06-27T17:13:47.000Z</Time><Position><LatitudeDegrees>58.69287270838602</LatitudeDegrees><LongitudeDegrees>59.459329466787494</LongitudeDegrees></Position></Trackpoint><Trackpoint><Time>2026-06-27T17:13:48.000Z</Time><Position><LatitudeDegrees>58.69288826201304</LatitudeDegrees><LongitudeDegrees>59.4593195106748</LongitudeDegrees></Position></Trackpoint><Trackpoint><Time>2026-06-27T17:13:49.000Z</Time><Position><LatitudeDegrees>58.69290323542837</LatitudeDegrees><LongitudeDegrees>59.45930813783428</LongitudeDegrees></Position></Trackpoint><Trackpoint><Time>2026-06-27T17:13:50.000Z</Time><Position><LatitudeDegrees>58.69291702729922</LatitudeDegrees><LongitudeDegrees>59.45929666200361</LongitudeDegrees></Position></Trackpoint><Trackpoint><Time>2026-06-27T17:13:51.000Z</Time><Position><LatitudeDegrees>58.69292905201552</LatitudeDegrees><LongitudeDegrees>59.4592851478318</LongitudeDegrees></Position></Trackpoint><Trackpoint><Time>2026-06-27T17:13:52.000Z</Time><Position><LatitudeDegrees>58.69293978482576</LatitudeDegrees><LongitudeDegrees>59.45927166842202</LongitudeDegrees></Position></Trackpoint><Trackpoint><Time>2026-06-27T17:13:53.000Z</Time><Position><LatitudeDegrees>58.69294958726729</LatitudeDegrees><LongitudeDegrees>59.45925666167045</LongitudeDegrees></Position></Trackpoint><Trackpoint><Time>2026-06-27T17:13:54.000Z</Time><Position><LatitudeDegrees>58.69295872764467</LatitudeDegrees><LongitudeDegrees>59.45924001433874</LongitudeDegrees></Position></Trackpoint><Trackpoint><Time>2026-06-27T17:13:55.000Z</Time><Position><LatitudeDegrees>58.69296691181898</LatitudeDegrees><LongitudeDegrees>59.45922286957875</LongitudeDegrees></Position></Trackpoint><Trackpoint><Time>2026-06-27T17:13:56.000Z</Time><Position><LatitudeDegrees>58.69297512060245</LatitudeDegrees><LongitudeDegrees>59.459205762022734</LongitudeDegrees></Position></Trackpoint><Trackpoint><Time>2026-06-27T17:13:57.000Z</Time><Position><LatitudeDegrees>58.692982775546476</LatitudeDegrees><LongitudeDegrees>59.45918890707499</LongitudeDegrees></Position></Trackpoint><Trackpoint><Time>2026-06-27T17:13:58.000Z</Time><Position><LatitudeDegrees>58.69299068873234</LatitudeDegrees><LongitudeDegrees>59.45917285063493</LongitudeDegrees></Position></Trackpoint><Trackpoint><Time>2026-06-27T17:13:59.000Z</Time><Position><LatitudeDegrees>58.692999651067844</LatitudeDegrees><LongitudeDegrees>59.459157225424256</LongitudeDegrees></Position></Trackpoint><Trackpoint><Time>2026-06-27T17:14:00.000Z</Time><Position><LatitudeDegrees>58.69300985361844</LatitudeDegrees><LongitudeDegrees>59.45914182483788</LongitudeDegrees></Position></Trackpoint><Trackpoint><Time>2026-06-27T17:14:01.000Z</Time><Position><LatitudeDegrees>58.693020236670286</LatitudeDegrees><LongitudeDegrees>59.459126045348135</LongitudeDegrees></Position></Trackpoint><Trackpoint><Time>2026-06-27T17:14:02.000Z</Time><Position><LatitudeDegrees>58.69303034063082</LatitudeDegrees><LongitudeDegrees>59.45911066625511</LongitudeDegrees></Position></Trackpoint><Trackpoint><Time>2026-06-27T17:14:03.000Z</Time><Position><LatitudeDegrees>58.693040012045444</LatitudeDegrees><LongitudeDegrees>59.45909693633149</LongitudeDegrees></Position></Trackpoint><Trackpoint><Time>2026-06-27T17:14:04.000Z</Time><Position><LatitudeDegrees>58.69304826401181</LatitudeDegrees><LongitudeDegrees>59.45908417897389</LongitudeDegrees></Position></Trackpoint><Trackpoint><Time>2026-06-27T17:14:05.000Z</Time><Position><LatitudeDegrees>58.69305634110651</LatitudeDegrees><LongitudeDegrees>59.45907150109646</LongitudeDegrees></Position></Trackpoint><Trackpoint><Time>2026-06-27T17:14:06.000Z</Time><Position><LatitudeDegrees>58.693064778332214</LatitudeDegrees><LongitudeDegrees>59.459058524695514</LongitudeDegrees></Position></Trackpoint><Trackpoint><Time>2026-06-27T17:14:07.000Z</Time><Position><LatitudeDegrees>58.693073260187965</LatitudeDegrees><LongitudeDegrees>59.459045132411575</LongitudeDegrees></Position></Trackpoint><Trackpoint><Time>2026-06-27T17:14:08.000Z</Time><Position><LatitudeDegrees>58.69308165101175</LatitudeDegrees><LongitudeDegrees>59.459031818900655</LongitudeDegrees></Position></Trackpoint><Trackpoint><Time>2026-06-27T17:14:09.000Z</Time><Position><LatitudeDegrees>58.693089906617246</LatitudeDegrees><LongitudeDegrees>59.459019267378835</LongitudeDegrees></Position></Trackpoint><Trackpoint><Time>2026-06-27T17:14:10.000Z</Time><Position><LatitudeDegrees>58.69309802616211</LatitudeDegrees><LongitudeDegrees>59.45900815102773</LongitudeDegrees></Position></Trackpoint><Trackpoint><Time>2026-06-27T17:14:11.000Z</Time><Position><LatitudeDegrees>58.693105537152</LatitudeDegrees><LongitudeDegrees>59.45899660444153</LongitudeDegrees></Position></Trackpoint><Trackpoint><Time>2026-06-27T17:14:12.000Z</Time><Position><LatitudeDegrees>58.693114771158186</LatitudeDegrees><LongitudeDegrees>59.458988321099504</LongitudeDegrees></Position></Trackpoint><Trackpoint><Time>2026-06-27T17:14:13.000Z</Time><Position><LatitudeDegrees>58.69312646725294</LatitudeDegrees><LongitudeDegrees>59.45898538248837</LongitudeDegrees></Position></Trackpoint><Trackpoint><Time>2026-06-27T17:14:14.000Z</Time><Position><LatitudeDegrees>58.69313914497367</LatitudeDegrees><LongitudeDegrees>59.458982574128854</LongitudeDegrees></Position></Trackpoint><Trackpoint><Time>2026-06-27T17:14:15.000Z</Time><Position><LatitudeDegrees>58.69315157901569</LatitudeDegrees><LongitudeDegrees>59.458978711028124</LongitudeDegrees></Position></Trackpoint><Trackpoint><Time>2026-06-27T17:14:16.000Z</Time><Position><LatitudeDegrees>58.69316280642284</LatitudeDegrees><LongitudeDegrees>59.458973440541065</LongitudeDegrees></Position></Trackpoint><Trackpoint><Time>2026-06-27T17:14:17.000Z</Time><Position><LatitudeDegrees>58.693172585487424</LatitudeDegrees><LongitudeDegrees>59.45896728768318</LongitudeDegrees></Position></Trackpoint><Trackpoint><Time>2026-06-27T17:14:18.000Z</Time><Position><LatitudeDegrees>58.69318247139058</LatitudeDegrees><LongitudeDegrees>59.45896351958804</LongitudeDegrees></Position></Trackpoint><Trackpoint><Time>2026-06-27T17:14:19.000Z</Time><Position><LatitudeDegrees>58.69319260128457</LatitudeDegrees><LongitudeDegrees>59.45895876919393</LongitudeDegrees></Position></Trackpoint><Trackpoint><Time>2026-06-27T17:14:20.000Z</Time><Position><LatitudeDegrees>58.69320348994805</LatitudeDegrees><LongitudeDegrees>59.45895128629852</LongitudeDegrees></Position></Trackpoint><Trackpoint><Time>2026-06-27T17:14:21.000Z</Time><Position><LatitudeDegrees>58.69321427277586</LatitudeDegrees><LongitudeDegrees>59.45894216965441</LongitudeDegrees></Position></Trackpoint><Trackpoint><Time>2026-06-27T17:14:22.000Z</Time><Position><LatitudeDegrees>58.69322460727864</LatitudeDegrees><LongitudeDegrees>59.458932571064324</LongitudeDegrees></Position></Trackpoint><Trackpoint><Time>2026-06-27T17:14:23.000Z</Time><Position><LatitudeDegrees>58.69323440994966</LatitudeDegrees><LongitudeDegrees>59.45892449556794</LongitudeDegrees></Position></Trackpoint><Trackpoint><Time>2026-06-27T17:14:24.000Z</Time><Position><LatitudeDegrees>58.69324371465789</LatitudeDegrees><LongitudeDegrees>59.458916614978214</LongitudeDegrees></Position></Trackpoint><Trackpoint><Time>2026-06-27T17:14:25.000Z</Time><Position><LatitudeDegrees>58.693253088875075</LatitudeDegrees><LongitudeDegrees>59.458908357287456</LongitudeDegrees></Position></Trackpoint><Trackpoint><Time>2026-06-27T17:14:26.000Z</Time><Position><LatitudeDegrees>58.69326275738364</LatitudeDegrees><LongitudeDegrees>59.458899535324164</LongitudeDegrees></Position></Trackpoint><Trackpoint><Time>2026-06-27T17:14:27.000Z</Time><Position><LatitudeDegrees>58.69327326459525</LatitudeDegrees><LongitudeDegrees>59.45888916520717</LongitudeDegrees></Position></Trackpoint><Trackpoint><Time>2026-06-27T17:14:28.000Z</Time><Position><LatitudeDegrees>58.69328374784927</LatitudeDegrees><LongitudeDegrees>59.458878509276424</LongitudeDegrees></Position></Trackpoint><Trackpoint><Time>2026-06-27T17:14:29.000Z</Time><Position><LatitudeDegrees>58.693294344558836</LatitudeDegrees><LongitudeDegrees>59.45887057214249</LongitudeDegrees></Position></Trackpoint><Trackpoint><Time>2026-06-27T17:14:30.000Z</Time><Position><LatitudeDegrees>58.69330558636402</LatitudeDegrees><LongitudeDegrees>59.4588657526401</LongitudeDegrees></Position></Trackpoint><Trackpoint><Time>2026-06-27T17:14:31.000Z</Time><Position><LatitudeDegrees>58.69331711980427</LatitudeDegrees><LongitudeDegrees>59.45886136682633</LongitudeDegrees></Position></Trackpoint><Trackpoint><Time>2026-06-27T17:14:32.000Z</Time><Position><LatitudeDegrees>58.69332925149245</LatitudeDegrees><LongitudeDegrees>59.458856253700695</LongitudeDegrees></Position></Trackpoint><Trackpoint><Time>2026-06-27T17:14:33.000Z</Time><Position><LatitudeDegrees>58.69334203091774</LatitudeDegrees><LongitudeDegrees>59.45884904925262</LongitudeDegrees></Position></Trackpoint><Trackpoint><Time>2026-06-27T17:14:34.000Z</Time><Position><LatitudeDegrees>58.69335490571474</LatitudeDegrees><LongitudeDegrees>59.45883897054451</LongitudeDegrees></Position></Trackpoint><Trackpoint><Time>2026-06-27T17:14:35.000Z</Time><Position><LatitudeDegrees>58.69336665693891</LatitudeDegrees><LongitudeDegrees>59.45882753287535</LongitudeDegrees></Position></Trackpoint><Trackpoint><Time>2026-06-27T17:14:36.000Z</Time><Position><LatitudeDegrees>58.69337790601834</LatitudeDegrees><LongitudeDegrees>59.4588165139376</LongitudeDegrees></Position></Trackpoint><Trackpoint><Time>2026-06-27T17:14:37.000Z</Time><Position><LatitudeDegrees>58.693388483716745</LatitudeDegrees><LongitudeDegrees>59.45880610249016</LongitudeDegrees></Position></Trackpoint><Trackpoint><Time>2026-06-27T17:14:38.000Z</Time><Position><LatitudeDegrees>58.69339889611834</LatitudeDegrees><LongitudeDegrees>59.45879580868914</LongitudeDegrees></Position></Trackpoint><Trackpoint><Time>2026-06-27T17:14:39.000Z</Time><Position><LatitudeDegrees>58.69340937286107</LatitudeDegrees><LongitudeDegrees>59.458784436479526</LongitudeDegrees></Position></Trackpoint><Trackpoint><Time>2026-06-27T17:14:40.000Z</Time><Position><LatitudeDegrees>58.69341951064879</LatitudeDegrees><LongitudeDegrees>59.458772121308705</LongitudeDegrees></Position></Trackpoint><Trackpoint><Time>2026-06-27T17:14:41.000Z</Time><Position><LatitudeDegrees>58.69342967650569</LatitudeDegrees><LongitudeDegrees>59.458764425702874</LongitudeDegrees></Position></Trackpoint><Trackpoint><Time>2026-06-27T17:14:42.000Z</Time><Position><LatitudeDegrees>58.69344001798192</LatitudeDegrees><LongitudeDegrees>59.45876255797103</LongitudeDegrees></Position></Trackpoint><Trackpoint><Time>2026-06-27T17:14:43.000Z</Time><Position><LatitudeDegrees>58.693450083692476</LatitudeDegrees><LongitudeDegrees>59.458762350851345</LongitudeDegrees></Position></Trackpoint><Trackpoint><Time>2026-06-27T17:14:44.000Z</Time><Position><LatitudeDegrees>58.69345972313605</LatitudeDegrees><LongitudeDegrees>59.45876236460001</LongitudeDegrees></Position></Trackpoint><Trackpoint><Time>2026-06-27T17:14:45.000Z</Time><Position><LatitudeDegrees>58.69346941865254</LatitudeDegrees><LongitudeDegrees>59.45876246754501</LongitudeDegrees></Position></Trackpoint><Trackpoint><Time>2026-06-27T17:14:46.000Z</Time><Position><LatitudeDegrees>58.693478872078096</LatitudeDegrees><LongitudeDegrees>59.458761125179336</LongitudeDegrees></Position></Trackpoint><Trackpoint><Time>2026-06-27T17:14:47.000Z</Time><Position><LatitudeDegrees>58.693487502080295</LatitudeDegrees><LongitudeDegrees>59.45875789104528</LongitudeDegrees></Position></Trackpoint><Trackpoint><Time>2026-06-27T17:14:48.000Z</Time><Position><LatitudeDegrees>58.693495664542816</LatitudeDegrees><LongitudeDegrees>59.45875331369289</LongitudeDegrees></Position></Trackpoint><Trackpoint><Time>2026-06-27T17:14:49.000Z</Time><Position><LatitudeDegrees>58.69350454525968</LatitudeDegrees><LongitudeDegrees>59.45874681221217</LongitudeDegrees></Position></Trackpoint><Trackpoint><Time>2026-06-27T17:14:50.000Z</Time><Position><LatitudeDegrees>58.69351454039354</LatitudeDegrees><LongitudeDegrees>59.45873986315583</LongitudeDegrees></Position></Trackpoint><Trackpoint><Time>2026-06-27T17:14:51.000Z</Time><Position><LatitudeDegrees>58.69352518045304</LatitudeDegrees><LongitudeDegrees>59.458732152841925</LongitudeDegrees></Position></Trackpoint><Trackpoint><Time>2026-06-27T17:14:52.000Z</Time><Position><LatitudeDegrees>58.69353667892137</LatitudeDegrees><LongitudeDegrees>59.458723160181414</LongitudeDegrees></Position></Trackpoint><Trackpoint><Time>2026-06-27T17:14:53.000Z</Time><Position><LatitudeDegrees>58.6935499927638</LatitudeDegrees><LongitudeDegrees>59.458712345549074</LongitudeDegrees></Position></Trackpoint><Trackpoint><Time>2026-06-27T17:14:54.000Z</Time><Position><LatitudeDegrees>58.69356479347939</LatitudeDegrees><LongitudeDegrees>59.45869923094595</LongitudeDegrees></Position></Trackpoint><Trackpoint><Time>2026-06-27T17:14:55.000Z</Time><Position><LatitudeDegrees>58.69358026533197</LatitudeDegrees><LongitudeDegrees>59.45868342510329</LongitudeDegrees></Position></Trackpoint><Trackpoint><Time>2026-06-27T17:14:56.000Z</Time><Position><LatitudeDegrees>58.69359549662414</LatitudeDegrees><LongitudeDegrees>59.4586656019107</LongitudeDegrees></Position></Trackpoint><Trackpoint><Time>2026-06-27T17:14:57.000Z</Time><Position><LatitudeDegrees>58.693609653153466</LatitudeDegrees><LongitudeDegrees>59.45864776665407</LongitudeDegrees></Position></Trackpoint><Trackpoint><Time>2026-06-27T17:14:58.000Z</Time><Position><LatitudeDegrees>58.69362301892236</LatitudeDegrees><LongitudeDegrees>59.45863123633601</LongitudeDegrees></Position></Trackpoint><Trackpoint><Time>2026-06-27T17:14:59.000Z</Time><Position><LatitudeDegrees>58.69363581238539</LatitudeDegrees><LongitudeDegrees>59.45861638585524</LongitudeDegrees></Position></Trackpoint><Trackpoint><Time>2026-06-27T17:15:00.000Z</Time><Position><LatitudeDegrees>58.69364868657464</LatitudeDegrees><LongitudeDegrees>59.458601685171104</LongitudeDegrees></Position></Trackpoint><Trackpoint><Time>2026-06-27T17:15:01.000Z</Time><Position><LatitudeDegrees>58.69366043123756</LatitudeDegrees><LongitudeDegrees>59.45858648493568</LongitudeDegrees></Position></Trackpoint><Trackpoint><Time>2026-06-27T17:15:02.000Z</Time><Position><LatitudeDegrees>58.69367020331417</LatitudeDegrees><LongitudeDegrees>59.45857156106372</LongitudeDegrees></Position></Trackpoint><Trackpoint><Time>2026-06-27T17:15:03.000Z</Time><Position><LatitudeDegrees>58.69367888800395</LatitudeDegrees><LongitudeDegrees>59.45855768724259</LongitudeDegrees></Position></Trackpoint><Trackpoint><Time>2026-06-27T17:15:04.000Z</Time><Position><LatitudeDegrees>58.69368649981541</LatitudeDegrees><LongitudeDegrees>59.458546026551346</LongitudeDegrees></Position></Trackpoint><Trackpoint><Time>2026-06-27T17:15:05.000Z</Time><Position><LatitudeDegrees>58.693693182425946</LatitudeDegrees><LongitudeDegrees>59.45853481549038</LongitudeDegrees></Position></Trackpoint><Trackpoint><Time>2026-06-27T17:15:06.000Z</Time><Position><LatitudeDegrees>58.69370009348946</LatitudeDegrees><LongitudeDegrees>59.45852327008239</LongitudeDegrees></Position></Trackpoint><Trackpoint><Time>2026-06-27T17:15:07.000Z</Time><Position><LatitudeDegrees>58.69370768044485</LatitudeDegrees><LongitudeDegrees>59.45851062076168</LongitudeDegrees></Position></Trackpoint><Trackpoint><Time>2026-06-27T17:15:08.000Z</Time><Position><LatitudeDegrees>58.693716040812674</LatitudeDegrees><LongitudeDegrees>59.45849767150221</LongitudeDegrees></Position></Trackpoint><Trackpoint><Time>2026-06-27T17:15:09.000Z</Time><Position><LatitudeDegrees>58.69372462587821</LatitudeDegrees><LongitudeDegrees>59.45848528151456</LongitudeDegrees></Position></Trackpoint><Trackpoint><Time>2026-06-27T17:15:11.000Z</Time><Position><LatitudeDegrees>58.69373269121221</LatitudeDegrees><LongitudeDegrees>59.45847471208987</LongitudeDegrees></Position></Trackpoint><Trackpoint><Time>2026-06-27T17:15:12.000Z</Time><Position><LatitudeDegrees>58.693741465772504</LatitudeDegrees><LongitudeDegrees>59.45846429056088</LongitudeDegrees></Position></Trackpoint><Trackpoint><Time>2026-06-27T17:15:13.000Z</Time><Position><LatitudeDegrees>58.69375087504616</LatitudeDegrees><LongitudeDegrees>59.45845477791713</LongitudeDegrees></Position></Trackpoint><Trackpoint><Time>2026-06-27T17:15:14.000Z</Time><Position><LatitudeDegrees>58.69376080688178</LatitudeDegrees><LongitudeDegrees>59.4584453916842</LongitudeDegrees></Position></Trackpoint><Trackpoint><Time>2026-06-27T17:15:15.000Z</Time><Position><LatitudeDegrees>58.693770658411005</LatitudeDegrees><LongitudeDegrees>59.45843628299901</LongitudeDegrees></Position></Trackpoint><Trackpoint><Time>2026-06-27T17:15:16.000Z</Time><Position><LatitudeDegrees>58.693780191659755</LatitudeDegrees><LongitudeDegrees>59.45842747848195</LongitudeDegrees></Position></Trackpoint><Trackpoint><Time>2026-06-27T17:15:17.000Z</Time><Position><LatitudeDegrees>58.69378934947319</LatitudeDegrees><LongitudeDegrees>59.45841943966728</LongitudeDegrees></Position></Trackpoint><Trackpoint><Time>2026-06-27T17:15:18.000Z</Time><Position><LatitudeDegrees>58.69379815649959</LatitudeDegrees><LongitudeDegrees>59.458411279132235</LongitudeDegrees></Position></Trackpoint><Trackpoint><Time>2026-06-27T17:15:19.000Z</Time><Position><LatitudeDegrees>58.69380764713416</LatitudeDegrees><LongitudeDegrees>59.45840313663975</LongitudeDegrees></Position></Trackpoint><Trackpoint><Time>2026-06-27T17:15:20.000Z</Time><Position><LatitudeDegrees>58.69381718041402</LatitudeDegrees><LongitudeDegrees>59.458395067433145</LongitudeDegrees></Position></Trackpoint><Trackpoint><Time>2026-06-27T17:15:21.000Z</Time><Position><LatitudeDegrees>58.69382599728523</LatitudeDegrees><LongitudeDegrees>59.45838708485732</LongitudeDegrees></Position></Trackpoint><Trackpoint><Time>2026-06-27T17:15:22.000Z</Time><Position><LatitudeDegrees>58.69383436670463</LatitudeDegrees><LongitudeDegrees>59.458379672899845</LongitudeDegrees></Position></Trackpoint><Trackpoint><Time>2026-06-27T17:15:23.000Z</Time><Position><LatitudeDegrees>58.69384196725675</LatitudeDegrees><LongitudeDegrees>59.458373936866174</LongitudeDegrees></Position></Trackpoint><Trackpoint><Time>2026-06-27T17:15:24.000Z</Time><Position><LatitudeDegrees>58.693849744476196</LatitudeDegrees><LongitudeDegrees>59.45837011685567</LongitudeDegrees></Position></Trackpoint><Trackpoint><Time>2026-06-27T17:15:25.000Z</Time><Position><LatitudeDegrees>58.69385708586941</LatitudeDegrees><LongitudeDegrees>59.45836708660934</LongitudeDegrees></Position></Trackpoint><Trackpoint><Time>2026-06-27T17:15:26.000Z</Time><Position><LatitudeDegrees>58.69386281590753</LatitudeDegrees><LongitudeDegrees>59.458362812099296</LongitudeDegrees></Position></Trackpoint><Trackpoint><Time>2026-06-27T17:15:27.000Z</Time><Position><LatitudeDegrees>58.693867636504784</LatitudeDegrees><LongitudeDegrees>59.458359063397474</LongitudeDegrees></Position></Trackpoint><Trackpoint><Time>2026-06-27T17:15:28.000Z</Time><Position><LatitudeDegrees>58.693879686364454</LatitudeDegrees><LongitudeDegrees>59.45834918048868</LongitudeDegrees></Position></Trackpoint><Trackpoint><Time>2026-06-27T17:15:29.000Z</Time><Position><LatitudeDegrees>58.69387551151315</LatitudeDegrees><LongitudeDegrees>59.45835212314751</LongitudeDegrees></Position></Trackpoint><Trackpoint><Time>2026-06-27T17:15:30.000Z</Time><Position><LatitudeDegrees>58.693879261106574</LatitudeDegrees><LongitudeDegrees>59.458349361366395</LongitudeDegrees></Position></Trackpoint><Trackpoint><Time>2026-06-27T17:15:31.000Z</Time><Position><LatitudeDegrees>58.69388458264859</LatitudeDegrees><LongitudeDegrees>59.458346003595516</LongitudeDegrees></Position></Trackpoint><Trackpoint><Time>2026-06-27T17:15:32.000Z</Time><Position><LatitudeDegrees>58.69389084778084</LatitudeDegrees><LongitudeDegrees>59.458342341730365</LongitudeDegrees></Position></Trackpoint><Trackpoint><Time>2026-06-27T17:15:33.000Z</Time><Position><LatitudeDegrees>58.69389669739477</LatitudeDegrees><LongitudeDegrees>59.45833804540267</LongitudeDegrees></Position></Trackpoint><Trackpoint><Time>2026-06-27T17:15:34.000Z</Time><Position><LatitudeDegrees>58.69390211470593</LatitudeDegrees><LongitudeDegrees>59.45833305998805</LongitudeDegrees></Position></Trackpoint><Trackpoint><Time>2026-06-27T17:15:35.000Z</Time><Position><LatitudeDegrees>58.69390812750856</LatitudeDegrees><LongitudeDegrees>59.45832745143364</LongitudeDegrees></Position></Trackpoint><Trackpoint><Time>2026-06-27T17:15:36.000Z</Time><Position><LatitudeDegrees>58.69391410343094</LatitudeDegrees><LongitudeDegrees>59.458321816488336</LongitudeDegrees></Position></Trackpoint><Trackpoint><Time>2026-06-27T17:15:37.000Z</Time><Position><LatitudeDegrees>58.69392076599607</LatitudeDegrees><LongitudeDegrees>59.45831591468984</LongitudeDegrees></Position></Trackpoint><Trackpoint><Time>2026-06-27T17:15:38.000Z</Time><Position><LatitudeDegrees>58.693929793877146</LatitudeDegrees><LongitudeDegrees>59.458310660479206</LongitudeDegrees></Position></Trackpoint><Trackpoint><Time>2026-06-27T17:15:39.000Z</Time><Position><LatitudeDegrees>58.693940595601816</LatitudeDegrees><LongitudeDegrees>59.45830487850497</LongitudeDegrees></Position></Trackpoint><Trackpoint><Time>2026-06-27T17:15:40.000Z</Time><Position><LatitudeDegrees>58.693951720690656</LatitudeDegrees><LongitudeDegrees>59.45829864206649</LongitudeDegrees></Position></Trackpoint><Trackpoint><Time>2026-06-27T17:15:41.000Z</Time><Position><LatitudeDegrees>58.69396253028457</LatitudeDegrees><LongitudeDegrees>59.45829252929129</LongitudeDegrees></Position></Trackpoint><Trackpoint><Time>2026-06-27T17:15:42.000Z</Time><Position><LatitudeDegrees>58.693973291384005</LatitudeDegrees><LongitudeDegrees>59.45828578317835</LongitudeDegrees></Position></Trackpoint><Trackpoint><Time>2026-06-27T17:15:43.000Z</Time><Position><LatitudeDegrees>58.69398412017283</LatitudeDegrees><LongitudeDegrees>59.45827817325732</LongitudeDegrees></Position></Trackpoint><Trackpoint><Time>2026-06-27T17:15:44.000Z</Time><Position><LatitudeDegrees>58.69399554542222</LatitudeDegrees><LongitudeDegrees>59.45827118431316</LongitudeDegrees></Position></Trackpoint><Trackpoint><Time>2026-06-27T17:15:45.000Z</Time><Position><LatitudeDegrees>58.69400721873236</LatitudeDegrees><LongitudeDegrees>59.45826387929654</LongitudeDegrees></Position></Trackpoint><Trackpoint><Time>2026-06-27T17:15:46.000Z</Time><Position><LatitudeDegrees>58.69401994400359</LatitudeDegrees><LongitudeDegrees>59.4582534648136</LongitudeDegrees></Position></Trackpoint><Trackpoint><Time>2026-06-27T17:15:47.000Z</Time><Position><LatitudeDegrees>58.69403244845943</LatitudeDegrees><LongitudeDegrees>59.45824114798939</LongitudeDegrees></Position></Trackpoint><Trackpoint><Time>2026-06-27T17:15:48.000Z</Time><Position><LatitudeDegrees>58.694044725880005</LatitudeDegrees><LongitudeDegrees>59.458229628563345</LongitudeDegrees></Position></Trackpoint><Trackpoint><Time>2026-06-27T17:15:49.000Z</Time><Position><LatitudeDegrees>58.6940568028434</LatitudeDegrees><LongitudeDegrees>59.45821991603334</LongitudeDegrees></Position></Trackpoint><Trackpoint><Time>2026-06-27T17:15:50.000Z</Time><Position><LatitudeDegrees>58.69406822641311</LatitudeDegrees><LongitudeDegrees>59.45821023578944</LongitudeDegrees></Position></Trackpoint><Trackpoint><Time>2026-06-27T17:15:51.000Z</Time><Position><LatitudeDegrees>58.694079873138115</LatitudeDegrees><LongitudeDegrees>59.45820181128667</LongitudeDegrees></Position></Trackpoint><Trackpoint><Time>2026-06-27T17:15:52.000Z</Time><Position><LatitudeDegrees>58.69409256497948</LatitudeDegrees><LongitudeDegrees>59.45819400599092</LongitudeDegrees></Position></Trackpoint><Trackpoint><Time>2026-06-27T17:15:53.000Z</Time><Position><LatitudeDegrees>58.69410503747723</LatitudeDegrees><LongitudeDegrees>59.45818500945006</LongitudeDegrees></Position></Trackpoint><Trackpoint><Time>2026-06-27T17:15:54.000Z</Time><Position><LatitudeDegrees>58.694117287647614</LatitudeDegrees><LongitudeDegrees>59.45817569778591</LongitudeDegrees></Position></Trackpoint><Trackpoint><Time>2026-06-27T17:15:55.000Z</Time><Position><LatitudeDegrees>58.69412934279721</LatitudeDegrees><LongitudeDegrees>59.45816647226024</LongitudeDegrees></Position></Trackpoint><Trackpoint><Time>2026-06-27T17:15:56.000Z</Time><Position><LatitudeDegrees>58.694141728813015</LatitudeDegrees><LongitudeDegrees>59.45815699745966</LongitudeDegrees></Position></Trackpoint><Trackpoint><Time>2026-06-27T17:15:57.000Z</Time><Position><LatitudeDegrees>58.69415364058542</LatitudeDegrees><LongitudeDegrees>59.458146677633195</LongitudeDegrees></Position></Trackpoint><Trackpoint><Time>2026-06-27T17:15:58.000Z</Time><Position><LatitudeDegrees>58.694164317801246</LatitudeDegrees><LongitudeDegrees>59.45813635510976</LongitudeDegrees></Position></Trackpoint><Trackpoint><Time>2026-06-27T17:15:59.000Z</Time><Position><LatitudeDegrees>58.69417458501287</LatitudeDegrees><LongitudeDegrees>59.45812637713463</LongitudeDegrees></Position></Trackpoint><Trackpoint><Time>2026-06-27T17:16:00.000Z</Time><Position><LatitudeDegrees>58.694185324032496</LatitudeDegrees><LongitudeDegrees>59.45811341521843</LongitudeDegrees></Position></Trackpoint><Trackpoint><Time>2026-06-27T17:16:01.000Z</Time><Position><LatitudeDegrees>58.69419585824272</LatitudeDegrees><LongitudeDegrees>59.458099419226244</LongitudeDegrees></Position></Trackpoint><Trackpoint><Time>2026-06-27T17:16:02.000Z</Time><Position><LatitudeDegrees>58.69420544566629</LatitudeDegrees><LongitudeDegrees>59.458085814510255</LongitudeDegrees></Position></Trackpoint><Trackpoint><Time>2026-06-27T17:16:03.000Z</Time><Position><LatitudeDegrees>58.6942148814721</LatitudeDegrees><LongitudeDegrees>59.4580726482477</LongitudeDegrees></Position></Trackpoint><Trackpoint><Time>2026-06-27T17:16:04.000Z</Time><Position><LatitudeDegrees>58.694224512597124</LatitudeDegrees><LongitudeDegrees>59.45805939398228</LongitudeDegrees></Position></Trackpoint><Trackpoint><Time>2026-06-27T17:16:05.000Z</Time><Position><LatitudeDegrees>58.694233477631414</LatitudeDegrees><LongitudeDegrees>59.458044866975534</LongitudeDegrees></Position></Trackpoint><Trackpoint><Time>2026-06-27T17:16:06.000Z</Time><Position><LatitudeDegrees>58.694242976141226</LatitudeDegrees><LongitudeDegrees>59.458029232277696</LongitudeDegrees></Position></Trackpoint><Trackpoint><Time>2026-06-27T17:16:07.000Z</Time><Position><LatitudeDegrees>58.69425490250903</LatitudeDegrees><LongitudeDegrees>59.458012210421806</LongitudeDegrees></Position></Trackpoint><Trackpoint><Time>2026-06-27T17:16:08.000Z</Time><Position><LatitudeDegrees>58.69426923568218</LatitudeDegrees><LongitudeDegrees>59.45799337474308</LongitudeDegrees></Position></Trackpoint><Trackpoint><Time>2026-06-27T17:16:09.000Z</Time><Position><LatitudeDegrees>58.694284678859425</LatitudeDegrees><LongitudeDegrees>59.45797278232814</LongitudeDegrees></Position></Trackpoint><Trackpoint><Time>2026-06-27T17:16:10.000Z</Time><Position><LatitudeDegrees>58.69429908667557</LatitudeDegrees><LongitudeDegrees>59.457951171772216</LongitudeDegrees></Position></Trackpoint><Trackpoint><Time>2026-06-27T17:16:11.000Z</Time><Position><LatitudeDegrees>58.694311708484726</LatitudeDegrees><LongitudeDegrees>59.457929957151535</LongitudeDegrees></Position></Trackpoint><Trackpoint><Time>2026-06-27T17:16:12.000Z</Time><Position><LatitudeDegrees>58.69432246437716</LatitudeDegrees><LongitudeDegrees>59.457911138844025</LongitudeDegrees></Position></Trackpoint><Trackpoint><Time>2026-06-27T17:16:13.000Z</Time><Position><LatitudeDegrees>58.694331560930976</LatitudeDegrees><LongitudeDegrees>59.45789474349823</LongitudeDegrees></Position></Trackpoint><Trackpoint><Time>2026-06-27T17:16:14.000Z</Time><Position><LatitudeDegrees>58.69433929619552</LatitudeDegrees><LongitudeDegrees>59.457879002273586</LongitudeDegrees></Position></Trackpoint><Trackpoint><Time>2026-06-27T17:16:15.000Z</Time><Position><LatitudeDegrees>58.69434792607935</LatitudeDegrees><LongitudeDegrees>59.45786457157896</LongitudeDegrees></Position></Trackpoint><Trackpoint><Time>2026-06-27T17:16:16.000Z</Time><Position><LatitudeDegrees>58.69435826481781</LatitudeDegrees><LongitudeDegrees>59.457852532762104</LongitudeDegrees></Position></Trackpoint><Trackpoint><Time>2026-06-27T17:16:17.000Z</Time><Position><LatitudeDegrees>58.69436944919001</LatitudeDegrees><LongitudeDegrees>59.4578430241642</LongitudeDegrees></Position></Trackpoint><Trackpoint><Time>2026-06-27T17:16:18.000Z</Time><Position><LatitudeDegrees>58.69438052554639</LatitudeDegrees><LongitudeDegrees>59.45783528839836</LongitudeDegrees></Position></Trackpoint><Trackpoint><Time>2026-06-27T17:16:19.000Z</Time><Position><LatitudeDegrees>58.694391604616534</LatitudeDegrees><LongitudeDegrees>59.457830254838946</LongitudeDegrees></Position></Trackpoint><Trackpoint><Time>2026-06-27T17:16:20.000Z</Time><Position><LatitudeDegrees>58.69440224204365</LatitudeDegrees><LongitudeDegrees>59.457826000966755</LongitudeDegrees></Position></Trackpoint><Trackpoint><Time>2026-06-27T17:16:21.000Z</Time><Position><LatitudeDegrees>58.694412311511016</LatitudeDegrees><LongitudeDegrees>59.457822124563194</LongitudeDegrees></Position></Trackpoint><Trackpoint><Time>2026-06-27T17:16:22.000Z</Time><Position><LatitudeDegrees>58.6944228131152</LatitudeDegrees><LongitudeDegrees>59.45781841153371</LongitudeDegrees></Position></Trackpoint><Trackpoint><Time>2026-06-27T17:16:23.000Z</Time><Position><LatitudeDegrees>58.694433613654596</LatitudeDegrees><LongitudeDegrees>59.457814263127595</LongitudeDegrees></Position></Trackpoint><Trackpoint><Time>2026-06-27T17:16:24.000Z</Time><Position><LatitudeDegrees>58.69444364068322</LatitudeDegrees><LongitudeDegrees>59.45780948863927</LongitudeDegrees></Position></Trackpoint><Trackpoint><Time>2026-06-27T17:16:25.000Z</Time><Position><LatitudeDegrees>58.6944530414216</LatitudeDegrees><LongitudeDegrees>59.45780506910776</LongitudeDegrees></Position></Trackpoint><Trackpoint><Time>2026-06-27T17:16:26.000Z</Time><Position><LatitudeDegrees>58.69446146727286</LatitudeDegrees><LongitudeDegrees>59.45780087338887</LongitudeDegrees></Position></Trackpoint><Trackpoint><Time>2026-06-27T17:16:27.000Z</Time><Position><LatitudeDegrees>58.69446889979846</LatitudeDegrees><LongitudeDegrees>59.45779779796826</LongitudeDegrees></Position></Trackpoint><Trackpoint><Time>2026-06-27T17:16:28.000Z</Time><Position><LatitudeDegrees>58.694475948507254</LatitudeDegrees><LongitudeDegrees>59.457795089038804</LongitudeDegrees></Position></Trackpoint><Trackpoint><Time>2026-06-27T17:16:29.000Z</Time><Position><LatitudeDegrees>58.694482913677625</LatitudeDegrees><LongitudeDegrees>59.45779238911901</LongitudeDegrees></Position></Trackpoint><Trackpoint><Time>2026-06-27T17:16:30.000Z</Time><Position><LatitudeDegrees>58.694490419306874</LatitudeDegrees><LongitudeDegrees>59.457789549829684</LongitudeDegrees></Position></Trackpoint><Trackpoint><Time>2026-06-27T17:16:31.000Z</Time><Position><LatitudeDegrees>58.69449865301081</LatitudeDegrees><LongitudeDegrees>59.45778750717245</LongitudeDegrees></Position></Trackpoint><Trackpoint><Time>2026-06-27T17:16:32.000Z</Time><Position><LatitudeDegrees>58.69450808821923</LatitudeDegrees><LongitudeDegrees>59.45778654437745</LongitudeDegrees></Position></Trackpoint><Trackpoint><Time>2026-06-27T17:16:33.000Z</Time><Position><LatitudeDegrees>58.69451876569502</LatitudeDegrees><LongitudeDegrees>59.45778566026839</LongitudeDegrees></Position></Trackpoint><Trackpoint><Time>2026-06-27T17:16:34.000Z</Time><Position><LatitudeDegrees>58.694529563561325</LatitudeDegrees><LongitudeDegrees>59.45778492203889</LongitudeDegrees></Position></Trackpoint><Trackpoint><Time>2026-06-27T17:16:35.000Z</Time><Position><LatitudeDegrees>58.6945400043399</LatitudeDegrees><LongitudeDegrees>59.45778335941686</LongitudeDegrees></Position></Trackpoint><Trackpoint><Time>2026-06-27T17:16:36.000Z</Time><Position><LatitudeDegrees>58.69455091644219</LatitudeDegrees><LongitudeDegrees>59.457780189010805</LongitudeDegrees></Position></Trackpoint><Trackpoint><Time>2026-06-27T17:16:37.000Z</Time><Position><LatitudeDegrees>58.694561111710115</LatitudeDegrees><LongitudeDegrees>59.45777725299311</LongitudeDegrees></Position></Trackpoint><Trackpoint><Time>2026-06-27T17:16:38.000Z</Time><Position><LatitudeDegrees>58.69457068243578</LatitudeDegrees><LongitudeDegrees>59.45777332150593</LongitudeDegrees></Position></Trackpoint><Trackpoint><Time>2026-06-27T17:16:39.000Z</Time><Position><LatitudeDegrees>58.694579746787205</LatitudeDegrees><LongitudeDegrees>59.45776850543041</LongitudeDegrees></Position></Trackpoint><Trackpoint><Time>2026-06-27T17:16:40.000Z</Time><Position><LatitudeDegrees>58.694589397643526</LatitudeDegrees><LongitudeDegrees>59.45776345357729</LongitudeDegrees></Position></Trackpoint><Trackpoint><Time>2026-06-27T17:16:41.000Z</Time><Position><LatitudeDegrees>58.69460000981179</LatitudeDegrees><LongitudeDegrees>59.45775846341018</LongitudeDegrees></Position></Trackpoint><Trackpoint><Time>2026-06-27T17:16:42.000Z</Time><Position><LatitudeDegrees>58.69461112465651</LatitudeDegrees><LongitudeDegrees>59.4577536495172</LongitudeDegrees></Position></Trackpoint><Trackpoint><Time>2026-06-27T17:16:43.000Z</Time><Position><LatitudeDegrees>58.694622978389134</LatitudeDegrees><LongitudeDegrees>59.45774903646504</LongitudeDegrees></Position></Trackpoint><Trackpoint><Time>2026-06-27T17:16:44.000Z</Time><Position><LatitudeDegrees>58.69463606306489</LatitudeDegrees><LongitudeDegrees>59.45774362937223</LongitudeDegrees></Position></Trackpoint><Trackpoint><Time>2026-06-27T17:16:45.000Z</Time><Position><LatitudeDegrees>58.69464944411761</LatitudeDegrees><LongitudeDegrees>59.45773858925918</LongitudeDegrees></Position></Trackpoint><Trackpoint><Time>2026-06-27T17:16:46.000Z</Time><Position><LatitudeDegrees>58.694662698622246</LatitudeDegrees><LongitudeDegrees>59.457731899118414</LongitudeDegrees></Position></Trackpoint><Trackpoint><Time>2026-06-27T17:16:47.000Z</Time><Position><LatitudeDegrees>58.69467615825703</LatitudeDegrees><LongitudeDegrees>59.45772294005756</LongitudeDegrees></Position></Trackpoint><Trackpoint><Time>2026-06-27T17:16:48.000Z</Time><Position><LatitudeDegrees>58.69469091251122</LatitudeDegrees><LongitudeDegrees>59.457714196461644</LongitudeDegrees></Position></Trackpoint><Trackpoint><Time>2026-06-27T17:16:49.000Z</Time><Position><LatitudeDegrees>58.69470626468914</LatitudeDegrees><LongitudeDegrees>59.45770568460744</LongitudeDegrees></Position></Trackpoint><Trackpoint><Time>2026-06-27T17:16:50.000Z</Time><Position><LatitudeDegrees>58.69472136151505</LatitudeDegrees><LongitudeDegrees>59.457697381454565</LongitudeDegrees></Position></Trackpoint><Trackpoint><Time>2026-06-27T17:16:51.000Z</Time><Position><LatitudeDegrees>58.69473490513436</LatitudeDegrees><LongitudeDegrees>59.45768974033834</LongitudeDegrees></Position></Trackpoint><Trackpoint><Time>2026-06-27T17:16:52.000Z</Time><Position><LatitudeDegrees>58.694746560398976</LatitudeDegrees><LongitudeDegrees>59.45768237337534</LongitudeDegrees></Position></Trackpoint><Trackpoint><Time>2026-06-27T17:16:53.000Z</Time><Position><LatitudeDegrees>58.69475741087245</LatitudeDegrees><LongitudeDegrees>59.45767606485634</LongitudeDegrees></Position></Trackpoint><Trackpoint><Time>2026-06-27T17:16:54.000Z</Time><Position><LatitudeDegrees>58.694767516485484</LatitudeDegrees><LongitudeDegrees>59.45767100192872</LongitudeDegrees></Position></Trackpoint><Trackpoint><Time>2026-06-27T17:16:55.000Z</Time><Position><LatitudeDegrees>58.69477699752126</LatitudeDegrees><LongitudeDegrees>59.4576651433538</LongitudeDegrees></Position></Trackpoint><Trackpoint><Time>2026-06-27T17:16:56.000Z</Time><Position><LatitudeDegrees>58.694786962901176</LatitudeDegrees><LongitudeDegrees>59.457658240212155</LongitudeDegrees></Position></Trackpoint><Trackpoint><Time>2026-06-27T17:16:57.000Z</Time><Position><LatitudeDegrees>58.6947973175406</LatitudeDegrees><LongitudeDegrees>59.45765032405902</LongitudeDegrees></Position></Trackpoint><Trackpoint><Time>2026-06-27T17:16:58.000Z</Time><Position><LatitudeDegrees>58.69480699309838</LatitudeDegrees><LongitudeDegrees>59.45764153790838</LongitudeDegrees></Position></Trackpoint><Trackpoint><Time>2026-06-27T17:16:59.000Z</Time><Position><LatitudeDegrees>58.69481563675513</LatitudeDegrees><LongitudeDegrees>59.45763205232104</LongitudeDegrees></Position></Trackpoint><Trackpoint><Time>2026-06-27T17:17:00.000Z</Time><Position><LatitudeDegrees>58.69482421487222</LatitudeDegrees><LongitudeDegrees>59.45762251692187</LongitudeDegrees></Position></Trackpoint><Trackpoint><Time>2026-06-27T17:17:01.000Z</Time><Position><LatitudeDegrees>58.69483264423079</LatitudeDegrees><LongitudeDegrees>59.457612716030724</LongitudeDegrees></Position></Trackpoint><Trackpoint><Time>2026-06-27T17:17:02.000Z</Time><Position><LatitudeDegrees>58.69484090965147</LatitudeDegrees><LongitudeDegrees>59.45760259489881</LongitudeDegrees></Position></Trackpoint><Trackpoint><Time>2026-06-27T17:17:03.000Z</Time><Position><LatitudeDegrees>58.694849515534685</LatitudeDegrees><LongitudeDegrees>59.45759315130241</LongitudeDegrees></Position></Trackpoint><Trackpoint><Time>2026-06-27T17:17:04.000Z</Time><Position><LatitudeDegrees>58.694859115522114</LatitudeDegrees><LongitudeDegrees>59.45758324036656</LongitudeDegrees></Position></Trackpoint><Trackpoint><Time>2026-06-27T17:17:05.000Z</Time><Position><LatitudeDegrees>58.69486936160281</LatitudeDegrees><LongitudeDegrees>59.45757147135463</LongitudeDegrees></Position></Trackpoint><Trackpoint><Time>2026-06-27T17:17:06.000Z</Time><Position><LatitudeDegrees>58.69488002752918</LatitudeDegrees><LongitudeDegrees>59.457557999606784</LongitudeDegrees></Position></Trackpoint><Trackpoint><Time>2026-06-27T17:17:07.000Z</Time><Position><LatitudeDegrees>58.69489047662773</LatitudeDegrees><LongitudeDegrees>59.457543597251465</LongitudeDegrees></Position></Trackpoint><Trackpoint><Time>2026-06-27T17:17:08.000Z</Time><Position><LatitudeDegrees>58.69490047452461</LatitudeDegrees><LongitudeDegrees>59.457529680940226</LongitudeDegrees></Position></Trackpoint><Trackpoint><Time>2026-06-27T17:17:09.000Z</Time><Position><LatitudeDegrees>58.6949099826079</LatitudeDegrees><LongitudeDegrees>59.45751628210377</LongitudeDegrees></Position></Trackpoint><Trackpoint><Time>2026-06-27T17:17:10.000Z</Time><Position><LatitudeDegrees>58.694920027064015</LatitudeDegrees><LongitudeDegrees>59.457503347269196</LongitudeDegrees></Position></Trackpoint><Trackpoint><Time>2026-06-27T17:17:11.000Z</Time><Position><LatitudeDegrees>58.69493145127869</LatitudeDegrees><LongitudeDegrees>59.45749030525003</LongitudeDegrees></Position></Trackpoint><Trackpoint><Time>2026-06-27T17:17:12.000Z</Time><Position><LatitudeDegrees>58.69494295666454</LatitudeDegrees><LongitudeDegrees>59.45747791379086</LongitudeDegrees></Position></Trackpoint><Trackpoint><Time>2026-06-27T17:17:13.000Z</Time><Position><LatitudeDegrees>58.694953998001765</LatitudeDegrees><LongitudeDegrees>59.45746640145778</LongitudeDegrees></Position></Trackpoint><Trackpoint><Time>2026-06-27T17:17:14.000Z</Time><Position><LatitudeDegrees>58.69496441031061</LatitudeDegrees><LongitudeDegrees>59.457456239158034</LongitudeDegrees></Position></Trackpoint><Trackpoint><Time>2026-06-27T17:17:15.000Z</Time><Position><LatitudeDegrees>58.69497420638176</LatitudeDegrees><LongitudeDegrees>59.45744744755221</LongitudeDegrees></Position></Trackpoint><Trackpoint><Time>2026-06-27T17:17:16.000Z</Time><Position><LatitudeDegrees>58.694982980965385</LatitudeDegrees><LongitudeDegrees>59.45743985922253</LongitudeDegrees></Position></Trackpoint><Trackpoint><Time>2026-06-27T17:17:17.000Z</Time><Position><LatitudeDegrees>58.694991187883105</LatitudeDegrees><LongitudeDegrees>59.45743227156086</LongitudeDegrees></Position></Trackpoint><Trackpoint><Time>2026-06-27T17:17:18.000Z</Time><Position><LatitudeDegrees>58.69500006611408</LatitudeDegrees><LongitudeDegrees>59.45742418920733</LongitudeDegrees></Position></Trackpoint><Trackpoint><Time>2026-06-27T17:17:19.000Z</Time><Position><LatitudeDegrees>58.69501003974922</LatitudeDegrees><LongitudeDegrees>59.45741498203856</LongitudeDegrees></Position></Trackpoint><Trackpoint><Time>2026-06-27T17:17:20.000Z</Time><Position><LatitudeDegrees>58.695020163628584</LatitudeDegrees><LongitudeDegrees>59.45740453491706</LongitudeDegrees></Position></Trackpoint><Trackpoint><Time>2026-06-27T17:17:21.000Z</Time><Position><LatitudeDegrees>58.69502953960956</LatitudeDegrees><LongitudeDegrees>59.457395407624524</LongitudeDegrees></Position></Trackpoint><Trackpoint><Time>2026-06-27T17:17:22.000Z</Time><Position><LatitudeDegrees>58.69503838340931</LatitudeDegrees><LongitudeDegrees>59.45738750574513</LongitudeDegrees></Position></Trackpoint><Trackpoint><Time>2026-06-27T17:17:23.000Z</Time><Position><LatitudeDegrees>58.69504734178264</LatitudeDegrees><LongitudeDegrees>59.45738014350475</LongitudeDegrees></Position></Trackpoint><Trackpoint><Time>2026-06-27T17:17:24.000Z</Time><Position><LatitudeDegrees>58.695055687158145</LatitudeDegrees><LongitudeDegrees>59.45737101077441</LongitudeDegrees></Position></Trackpoint><Trackpoint><Time>2026-06-27T17:17:25.000Z</Time><Position><LatitudeDegrees>58.695064667406875</LatitudeDegrees><LongitudeDegrees>59.457360852237514</LongitudeDegrees></Position></Trackpoint><Trackpoint><Time>2026-06-27T17:17:26.000Z</Time><Position><LatitudeDegrees>58.695074225348094</LatitudeDegrees><LongitudeDegrees>59.45735059585087</LongitudeDegrees></Position></Trackpoint><Trackpoint><Time>2026-06-27T17:17:27.000Z</Time><Position><LatitudeDegrees>58.695084263286915</LatitudeDegrees><LongitudeDegrees>59.45734112594751</LongitudeDegrees></Position></Trackpoint><Trackpoint><Time>2026-06-27T17:17:28.000Z</Time><Position><LatitudeDegrees>58.695094679382365</LatitudeDegrees><LongitudeDegrees>59.4573317265601</LongitudeDegrees></Position></Trackpoint><Trackpoint><Time>2026-06-27T17:17:29.000Z</Time><Position><LatitudeDegrees>58.69510489354648</LatitudeDegrees><LongitudeDegrees>59.45732503144251</LongitudeDegrees></Position></Trackpoint><Trackpoint><Time>2026-06-27T17:17:30.000Z</Time><Position><LatitudeDegrees>58.695114692797276</LatitudeDegrees><LongitudeDegrees>59.45732079895224</LongitudeDegrees></Position></Trackpoint><Trackpoint><Time>2026-06-27T17:17:31.000Z</Time><Position><LatitudeDegrees>58.69512453228578</LatitudeDegrees><LongitudeDegrees>59.45731812388774</LongitudeDegrees></Position></Trackpoint><Trackpoint><Time>2026-06-27T17:17:32.000Z</Time><Position><LatitudeDegrees>58.6951341046833</LatitudeDegrees><LongitudeDegrees>59.45731741278482</LongitudeDegrees></Position></Trackpoint><Trackpoint><Time>2026-06-27T17:17:33.000Z</Time><Position><LatitudeDegrees>58.69514380731297</LatitudeDegrees><LongitudeDegrees>59.457317601775756</LongitudeDegrees></Position></Trackpoint><Trackpoint><Time>2026-06-27T17:17:34.000Z</Time><Position><LatitudeDegrees>58.69515329747999</LatitudeDegrees><LongitudeDegrees>59.457318626809275</LongitudeDegrees></Position></Trackpoint><Trackpoint><Time>2026-06-27T17:17:35.000Z</Time><Position><LatitudeDegrees>58.69516246132048</LatitudeDegrees><LongitudeDegrees>59.45732035420213</LongitudeDegrees></Position></Trackpoint><Trackpoint><Time>2026-06-27T17:17:36.000Z</Time><Position><LatitudeDegrees>58.695171293825005</LatitudeDegrees><LongitudeDegrees>59.457322638752345</LongitudeDegrees></Position></Trackpoint><Trackpoint><Time>2026-06-27T17:17:37.000Z</Time><Position><LatitudeDegrees>58.69517934584636</LatitudeDegrees><LongitudeDegrees>59.45732485953997</LongitudeDegrees></Position></Trackpoint><Trackpoint><Time>2026-06-27T17:17:38.000Z</Time><Position><LatitudeDegrees>58.69518702219521</LatitudeDegrees><LongitudeDegrees>59.457326279422695</LongitudeDegrees></Position></Trackpoint><Trackpoint><Time>2026-06-27T17:17:39.000Z</Time><Position><LatitudeDegrees>58.69519649624556</LatitudeDegrees><LongitudeDegrees>59.45732718722627</LongitudeDegrees></Position></Trackpoint><Trackpoint><Time>2026-06-27T17:17:40.000Z</Time><Position><LatitudeDegrees>58.695207942722405</LatitudeDegrees><LongitudeDegrees>59.45732727801275</LongitudeDegrees></Position></Trackpoint><Trackpoint><Time>2026-06-27T17:17:41.000Z</Time><Position><LatitudeDegrees>58.69522118042538</LatitudeDegrees><LongitudeDegrees>59.45732555184017</LongitudeDegrees></Position></Trackpoint><Trackpoint><Time>2026-06-27T17:17:42.000Z</Time><Position><LatitudeDegrees>58.6952344359971</LatitudeDegrees><LongitudeDegrees>59.4573232989349</LongitudeDegrees></Position></Trackpoint><Trackpoint><Time>2026-06-27T17:17:43.000Z</Time><Position><LatitudeDegrees>58.69524697681645</LatitudeDegrees><LongitudeDegrees>59.45732111826053</LongitudeDegrees></Position></Trackpoint><Trackpoint><Time>2026-06-27T17:17:44.000Z</Time><Position><LatitudeDegrees>58.695258592902995</LatitudeDegrees><LongitudeDegrees>59.45731875760888</LongitudeDegrees></Position></Trackpoint><Trackpoint><Time>2026-06-27T17:17:45.000Z</Time><Position><LatitudeDegrees>58.69526931646785</LatitudeDegrees><LongitudeDegrees>59.457315646601415</LongitudeDegrees></Position></Trackpoint><Trackpoint><Time>2026-06-27T17:17:46.000Z</Time><Position><LatitudeDegrees>58.695279275330435</LatitudeDegrees><LongitudeDegrees>59.45731066742302</LongitudeDegrees></Position></Trackpoint><Trackpoint><Time>2026-06-27T17:17:47.000Z</Time><Position><LatitudeDegrees>58.69529008911128</LatitudeDegrees><LongitudeDegrees>59.45730359949708</LongitudeDegrees></Position></Trackpoint><Trackpoint><Time>2026-06-27T17:17:48.000Z</Time><Position><LatitudeDegrees>58.69530329431791</LatitudeDegrees><LongitudeDegrees>59.4572955992916</LongitudeDegrees></Position></Trackpoint><Trackpoint><Time>2026-06-27T17:17:49.000Z</Time><Position><LatitudeDegrees>58.695318237578235</LatitudeDegrees><LongitudeDegrees>59.45728530429287</LongitudeDegrees></Position></Trackpoint><Trackpoint><Time>2026-06-27T17:17:50.000Z</Time><Position><LatitudeDegrees>58.69533638517777</LatitudeDegrees><LongitudeDegrees>59.45727293751615</LongitudeDegrees></Position></Trackpoint><Trackpoint><Time>2026-06-27T17:17:51.000Z</Time><Position><LatitudeDegrees>58.69535401282473</LatitudeDegrees><LongitudeDegrees>59.45725689827368</LongitudeDegrees></Position></Trackpoint><Trackpoint><Time>2026-06-27T17:17:52.000Z</Time><Position><LatitudeDegrees>58.695369653466706</LatitudeDegrees><LongitudeDegrees>59.45723846753611</LongitudeDegrees></Position></Trackpoint><Trackpoint><Time>2026-06-27T17:17:53.000Z</Time><Position><LatitudeDegrees>58.6953839371729</LatitudeDegrees><LongitudeDegrees>59.45722043823714</LongitudeDegrees></Position></Trackpoint><Trackpoint><Time>2026-06-27T17:17:54.000Z</Time><Position><LatitudeDegrees>58.69539680797686</LatitudeDegrees><LongitudeDegrees>59.45720195063348</LongitudeDegrees></Position></Trackpoint><Trackpoint><Time>2026-06-27T17:17:55.000Z</Time><Position><LatitudeDegrees>58.69540891378423</LatitudeDegrees><LongitudeDegrees>59.457183199087524</LongitudeDegrees></Position></Trackpoint><Trackpoint><Time>2026-06-27T17:17:56.000Z</Time><Position><LatitudeDegrees>58.69542061961029</LatitudeDegrees><LongitudeDegrees>59.45716331829953</LongitudeDegrees></Position></Trackpoint><Trackpoint><Time>2026-06-27T17:17:57.000Z</Time><Position><LatitudeDegrees>58.69543212711751</LatitudeDegrees><LongitudeDegrees>59.457145034510425</LongitudeDegrees></Position></Trackpoint><Trackpoint><Time>2026-06-27T17:17:58.000Z</Time><Position><LatitudeDegrees>58.695443055200535</LatitudeDegrees><LongitudeDegrees>59.45712926550475</LongitudeDegrees></Position></Trackpoint><Trackpoint><Time>2026-06-27T17:17:59.000Z</Time><Position><LatitudeDegrees>58.6954538108863</LatitudeDegrees><LongitudeDegrees>59.45711557687752</LongitudeDegrees></Position></Trackpoint><Trackpoint><Time>2026-06-27T17:18:00.000Z</Time><Position><LatitudeDegrees>58.69546409431837</LatitudeDegrees><LongitudeDegrees>59.457102053880995</LongitudeDegrees></Position></Trackpoint><Trackpoint><Time>2026-06-27T17:18:01.000Z</Time><Position><LatitudeDegrees>58.69547433222954</LatitudeDegrees><LongitudeDegrees>59.45708739708914</LongitudeDegrees></Position></Trackpoint><Trackpoint><Time>2026-06-27T17:18:02.000Z</Time><Position><LatitudeDegrees>58.69548470620514</LatitudeDegrees><LongitudeDegrees>59.45706974804403</LongitudeDegrees></Position></Trackpoint><Trackpoint><Time>2026-06-27T17:18:03.000Z</Time><Position><LatitudeDegrees>58.69549576317503</LatitudeDegrees><LongitudeDegrees>59.457051173474994</LongitudeDegrees></Position></Trackpoint><Trackpoint><Time>2026-06-27T17:18:04.000Z</Time><Position><LatitudeDegrees>58.69550617189002</LatitudeDegrees><LongitudeDegrees>59.45703264331968</LongitudeDegrees></Position></Trackpoint><Trackpoint><Time>2026-06-27T17:18:05.000Z</Time><Position><LatitudeDegrees>58.695516446521054</LatitudeDegrees><LongitudeDegrees>59.45701308249846</LongitudeDegrees></Position></Trackpoint><Trackpoint><Time>2026-06-27T17:18:06.000Z</Time><Position><LatitudeDegrees>58.69552681603037</LatitudeDegrees><LongitudeDegrees>59.45699071171026</LongitudeDegrees></Position></Trackpoint><Trackpoint><Time>2026-06-27T17:18:07.000Z</Time><Position><LatitudeDegrees>58.695537852145385</LatitudeDegrees><LongitudeDegrees>59.45696858610889</LongitudeDegrees></Position></Trackpoint><Trackpoint><Time>2026-06-27T17:18:08.000Z</Time><Position><LatitudeDegrees>58.69554872554344</LatitudeDegrees><LongitudeDegrees>59.456946463607366</LongitudeDegrees></Position></Trackpoint><Trackpoint><Time>2026-06-27T17:18:09.000Z</Time><Position><LatitudeDegrees>58.695559605176896</LatitudeDegrees><LongitudeDegrees>59.45692228566585</LongitudeDegrees></Position></Trackpoint><Trackpoint><Time>2026-06-27T17:18:10.000Z</Time><Position><LatitudeDegrees>58.695570559825676</LatitudeDegrees><LongitudeDegrees>59.45689644754283</LongitudeDegrees></Position></Trackpoint><Trackpoint><Time>2026-06-27T17:18:11.000Z</Time><Position><LatitudeDegrees>58.69558160818754</LatitudeDegrees><LongitudeDegrees>59.456871283543215</LongitudeDegrees></Position></Trackpoint><Trackpoint><Time>2026-06-27T17:18:12.000Z</Time><Position><LatitudeDegrees>58.69559274593491</LatitudeDegrees><LongitudeDegrees>59.45684864771011</LongitudeDegrees></Position></Trackpoint><Trackpoint><Time>2026-06-27T17:18:13.000Z</Time><Position><LatitudeDegrees>58.69560347020244</LatitudeDegrees><LongitudeDegrees>59.456827510282096</LongitudeDegrees></Position></Trackpoint><Trackpoint><Time>2026-06-27T17:18:14.000Z</Time><Position><LatitudeDegrees>58.69561460618416</LatitudeDegrees><LongitudeDegrees>59.4568082340723</LongitudeDegrees></Position></Trackpoint><Trackpoint><Time>2026-06-27T17:18:15.000Z</Time><Position><LatitudeDegrees>58.69562693049021</LatitudeDegrees><LongitudeDegrees>59.45679121922533</LongitudeDegrees></Position></Trackpoint><Trackpoint><Time>2026-06-27T17:18:16.000Z</Time><Position><LatitudeDegrees>58.695640120824294</LatitudeDegrees><LongitudeDegrees>59.45677438184912</LongitudeDegrees></Position></Trackpoint><Trackpoint><Time>2026-06-27T17:18:17.000Z</Time><Position><LatitudeDegrees>58.69565442291129</LatitudeDegrees><LongitudeDegrees>59.456756840949325</LongitudeDegrees></Position></Trackpoint><Trackpoint><Time>2026-06-27T17:18:18.000Z</Time><Position><LatitudeDegrees>58.695668326425235</LatitudeDegrees><LongitudeDegrees>59.456738323999275</LongitudeDegrees></Position></Trackpoint><Trackpoint><Time>2026-06-27T17:18:19.000Z</Time><Position><LatitudeDegrees>58.69568126051978</LatitudeDegrees><LongitudeDegrees>59.45671982325921</LongitudeDegrees></Position></Trackpoint><Trackpoint><Time>2026-06-27T17:18:20.000Z</Time><Position><LatitudeDegrees>58.695693114524865</LatitudeDegrees><LongitudeDegrees>59.45670223490509</LongitudeDegrees></Position></Trackpoint><Trackpoint><Time>2026-06-27T17:18:21.000Z</Time><Position><LatitudeDegrees>58.695704471101344</LatitudeDegrees><LongitudeDegrees>59.45668581090868</LongitudeDegrees></Position></Trackpoint><Trackpoint><Time>2026-06-27T17:18:22.000Z</Time><Position><LatitudeDegrees>58.6957156340526</LatitudeDegrees><LongitudeDegrees>59.45666952637559</LongitudeDegrees></Position></Trackpoint><Trackpoint><Time>2026-06-27T17:18:23.000Z</Time><Position><LatitudeDegrees>58.695726753346484</LatitudeDegrees><LongitudeDegrees>59.4566524517096</LongitudeDegrees></Position></Trackpoint><Trackpoint><Time>2026-06-27T17:18:24.000Z</Time><Position><LatitudeDegrees>58.69573936517999</LatitudeDegrees><LongitudeDegrees>59.456631857431255</LongitudeDegrees></Position></Trackpoint><Trackpoint><Time>2026-06-27T17:18:25.000Z</Time><Position><LatitudeDegrees>58.695752931423826</LatitudeDegrees><LongitudeDegrees>59.45660902962929</LongitudeDegrees></Position></Trackpoint><Trackpoint><Time>2026-06-27T17:18:26.000Z</Time><Position><LatitudeDegrees>58.69576661835065</LatitudeDegrees><LongitudeDegrees>59.456586743069785</LongitudeDegrees></Position></Trackpoint><Trackpoint><Time>2026-06-27T17:18:27.000Z</Time><Position><LatitudeDegrees>58.69577908789305</LatitudeDegrees><LongitudeDegrees>59.456564602194426</LongitudeDegrees></Position></Trackpoint><Trackpoint><Time>2026-06-27T17:18:28.000Z</Time><Position><LatitudeDegrees>58.69579043485029</LatitudeDegrees><LongitudeDegrees>59.45654389423264</LongitudeDegrees></Position></Trackpoint><Trackpoint><Time>2026-06-27T17:18:29.000Z</Time><Position><LatitudeDegrees>58.695800842345975</LatitudeDegrees><LongitudeDegrees>59.45652496539613</LongitudeDegrees></Position></Trackpoint><Trackpoint><Time>2026-06-27T17:18:30.000Z</Time><Position><LatitudeDegrees>58.69581050637499</LatitudeDegrees><LongitudeDegrees>59.45650675069715</LongitudeDegrees></Position></Trackpoint><Trackpoint><Time>2026-06-27T17:18:31.000Z</Time><Position><LatitudeDegrees>58.69582058229862</LatitudeDegrees><LongitudeDegrees>59.45648920949039</LongitudeDegrees></Position></Trackpoint><Trackpoint><Time>2026-06-27T17:18:32.000Z</Time><Position><LatitudeDegrees>58.695831982677745</LatitudeDegrees><LongitudeDegrees>59.4564712593738</LongitudeDegrees></Position></Trackpoint><Trackpoint><Time>2026-06-27T17:18:33.000Z</Time><Position><LatitudeDegrees>58.69584442373288</LatitudeDegrees><LongitudeDegrees>59.4564529966717</LongitudeDegrees></Position></Trackpoint><Trackpoint><Time>2026-06-27T17:18:34.000Z</Time><Position><LatitudeDegrees>58.69585667580374</LatitudeDegrees><LongitudeDegrees>59.456435970005394</LongitudeDegrees></Position></Trackpoint><Trackpoint><Time>2026-06-27T17:18:35.000Z</Time><Position><LatitudeDegrees>58.695868256731075</LatitudeDegrees><LongitudeDegrees>59.45642065850545</LongitudeDegrees></Position></Trackpoint><Trackpoint><Time>2026-06-27T17:18:36.000Z</Time><Position><LatitudeDegrees>58.695879054085864</LatitudeDegrees><LongitudeDegrees>59.45640703935481</LongitudeDegrees></Position></Trackpoint><Trackpoint><Time>2026-06-27T17:18:37.000Z</Time><Position><LatitudeDegrees>58.69588912213645</LatitudeDegrees><LongitudeDegrees>59.456394885946175</LongitudeDegrees></Position></Trackpoint><Trackpoint><Time>2026-06-27T17:18:38.000Z</Time><Position><LatitudeDegrees>58.69589906644805</LatitudeDegrees><LongitudeDegrees>59.45638342721872</LongitudeDegrees></Position></Trackpoint><Trackpoint><Time>2026-06-27T17:18:39.000Z</Time><Position><LatitudeDegrees>58.69591013151556</LatitudeDegrees><LongitudeDegrees>59.45637176685199</LongitudeDegrees></Position></Trackpoint><Trackpoint><Time>2026-06-27T17:18:40.000Z</Time><Position><LatitudeDegrees>58.69592170679493</LatitudeDegrees><LongitudeDegrees>59.45635956159142</LongitudeDegrees></Position></Trackpoint><Trackpoint><Time>2026-06-27T17:18:41.000Z</Time><Position><LatitudeDegrees>58.6959329857482</LatitudeDegrees><LongitudeDegrees>59.456346250399015</LongitudeDegrees></Position></Trackpoint><Trackpoint><Time>2026-06-27T17:18:42.000Z</Time><Position><LatitudeDegrees>58.69594367424917</LatitudeDegrees><LongitudeDegrees>59.45633321299716</LongitudeDegrees></Position></Trackpoint><Trackpoint><Time>2026-06-27T17:18:43.000Z</Time><Position><LatitudeDegrees>58.69595372695051</LatitudeDegrees><LongitudeDegrees>59.45632147207155</LongitudeDegrees></Position></Trackpoint><Trackpoint><Time>2026-06-27T17:18:44.000Z</Time><Position><LatitudeDegrees>58.695963206780604</LatitudeDegrees><LongitudeDegrees>59.45630981356565</LongitudeDegrees></Position></Trackpoint><Trackpoint><Time>2026-06-27T17:18:45.000Z</Time><Position><LatitudeDegrees>58.69597270279323</LatitudeDegrees><LongitudeDegrees>59.45629772691204</LongitudeDegrees></Position></Trackpoint><Trackpoint><Time>2026-06-27T17:18:46.000Z</Time><Position><LatitudeDegrees>58.69598294511399</LatitudeDegrees><LongitudeDegrees>59.45628358796228</LongitudeDegrees></Position></Trackpoint><Trackpoint><Time>2026-06-27T17:18:47.000Z</Time><Position><LatitudeDegrees>58.69599462825606</LatitudeDegrees><LongitudeDegrees>59.45626797046824</LongitudeDegrees></Position></Trackpoint><Trackpoint><Time>2026-06-27T17:18:48.000Z</Time><Position><LatitudeDegrees>58.69600736370527</LatitudeDegrees><LongitudeDegrees>59.45625130048897</LongitudeDegrees></Position></Trackpoint><Trackpoint><Time>2026-06-27T17:18:49.000Z</Time><Position><LatitudeDegrees>58.69602036678589</LatitudeDegrees><LongitudeDegrees>59.456235357406555</LongitudeDegrees></Position></Trackpoint><Trackpoint><Time>2026-06-27T17:18:50.000Z</Time><Position><LatitudeDegrees>58.696032790381565</LatitudeDegrees><LongitudeDegrees>59.45622078073376</LongitudeDegrees></Position></Trackpoint><Trackpoint><Time>2026-06-27T17:18:51.000Z</Time><Position><LatitudeDegrees>58.696044359997565</LatitudeDegrees><LongitudeDegrees>59.45620570002418</LongitudeDegrees></Position></Trackpoint><Trackpoint><Time>2026-06-27T17:18:52.000Z</Time><Position><LatitudeDegrees>58.69605507219479</LatitudeDegrees><LongitudeDegrees>59.456189899268594</LongitudeDegrees></Position></Trackpoint><Trackpoint><Time>2026-06-27T17:18:53.000Z</Time><Position><LatitudeDegrees>58.696065035605315</LatitudeDegrees><LongitudeDegrees>59.45617387153464</LongitudeDegrees></Position></Trackpoint><Trackpoint><Time>2026-06-27T17:18:54.000Z</Time><Position><LatitudeDegrees>58.696075859904944</LatitudeDegrees><LongitudeDegrees>59.45615784901633</LongitudeDegrees></Position></Trackpoint><Trackpoint><Time>2026-06-27T17:18:55.000Z</Time><Position><LatitudeDegrees>58.69608809751804</LatitudeDegrees><LongitudeDegrees>59.45614241628011</LongitudeDegrees></Position></Trackpoint><Trackpoint><Time>2026-06-27T17:18:56.000Z</Time><Position><LatitudeDegrees>58.696101304944115</LatitudeDegrees><LongitudeDegrees>59.456127738372295</LongitudeDegrees></Position></Trackpoint><Trackpoint><Time>2026-06-27T17:18:57.000Z</Time><Position><LatitudeDegrees>58.69611370622899</LatitudeDegrees><LongitudeDegrees>59.45611476560462</LongitudeDegrees></Position></Trackpoint><Trackpoint><Time>2026-06-27T17:18:58.000Z</Time><Position><LatitudeDegrees>58.69612467344252</LatitudeDegrees><LongitudeDegrees>59.45610318088437</LongitudeDegrees></Position></Trackpoint><Trackpoint><Time>2026-06-27T17:18:59.000Z</Time><Position><LatitudeDegrees>58.69613462165363</LatitudeDegrees><LongitudeDegrees>59.45609316507902</LongitudeDegrees></Position></Trackpoint><Trackpoint><Time>2026-06-27T17:19:00.000Z</Time><Position><LatitudeDegrees>58.696144342199574</LatitudeDegrees><LongitudeDegrees>59.456084101697364</LongitudeDegrees></Position></Trackpoint><Trackpoint><Time>2026-06-27T17:19:01.000Z</Time><Position><LatitudeDegrees>58.69615419019993</LatitudeDegrees><LongitudeDegrees>59.45607659382686</LongitudeDegrees></Position></Trackpoint><Trackpoint><Time>2026-06-27T17:19:02.000Z</Time><Position><LatitudeDegrees>58.69616478515678</LatitudeDegrees><LongitudeDegrees>59.456072159023385</LongitudeDegrees></Position></Trackpoint><Trackpoint><Time>2026-06-27T17:19:03.000Z</Time><Position><LatitudeDegrees>58.696175796720425</LatitudeDegrees><LongitudeDegrees>59.45607004862233</LongitudeDegrees></Position></Trackpoint><Trackpoint><Time>2026-06-27T17:19:04.000Z</Time><Position><LatitudeDegrees>58.69618703537097</LatitudeDegrees><LongitudeDegrees>59.456069655965095</LongitudeDegrees></Position></Trackpoint><Trackpoint><Time>2026-06-27T17:19:05.000Z</Time><Position><LatitudeDegrees>58.69619741469031</LatitudeDegrees><LongitudeDegrees>59.456069531518395</LongitudeDegrees></Position></Trackpoint><Trackpoint><Time>2026-06-27T17:19:06.000Z</Time><Position><LatitudeDegrees>58.696207576770334</LatitudeDegrees><LongitudeDegrees>59.456067575059805</LongitudeDegrees></Position></Trackpoint><Trackpoint><Time>2026-06-27T17:19:07.000Z</Time><Position><LatitudeDegrees>58.696217324317615</LatitudeDegrees><LongitudeDegrees>59.456065115226124</LongitudeDegrees></Position></Trackpoint><Trackpoint><Time>2026-06-27T17:19:08.000Z</Time><Position><LatitudeDegrees>58.69622711889541</LatitudeDegrees><LongitudeDegrees>59.456062274191105</LongitudeDegrees></Position></Trackpoint><Trackpoint><Time>2026-06-27T17:19:09.000Z</Time><Position><LatitudeDegrees>58.69623763416518</LatitudeDegrees><LongitudeDegrees>59.45605915119659</LongitudeDegrees></Position></Trackpoint><Trackpoint><Time>2026-06-27T17:19:10.000Z</Time><Position><LatitudeDegrees>58.69624856545284</LatitudeDegrees><LongitudeDegrees>59.45605582330275</LongitudeDegrees></Position></Trackpoint><Trackpoint><Time>2026-06-27T17:19:11.000Z</Time><Position><LatitudeDegrees>58.69625924427756</LatitudeDegrees><LongitudeDegrees>59.45605332776529</LongitudeDegrees></Position></Trackpoint><Trackpoint><Time>2026-06-27T17:19:12.000Z</Time><Position><LatitudeDegrees>58.69626942773987</LatitudeDegrees><LongitudeDegrees>59.4560514953184</LongitudeDegrees></Position></Trackpoint><Trackpoint><Time>2026-06-27T17:19:13.000Z</Time><Position><LatitudeDegrees>58.696279079384695</LatitudeDegrees><LongitudeDegrees>59.456050660756716</LongitudeDegrees></Position></Trackpoint><Trackpoint><Time>2026-06-27T17:19:14.000Z</Time><Position><LatitudeDegrees>58.696288742067196</LatitudeDegrees><LongitudeDegrees>59.45604691699784</LongitudeDegrees></Position></Trackpoint><Trackpoint><Time>2026-06-27T17:19:15.000Z</Time><Position><LatitudeDegrees>58.696298637936565</LatitudeDegrees><LongitudeDegrees>59.456040007587234</LongitudeDegrees></Position></Trackpoint><Trackpoint><Time>2026-06-27T17:19:16.000Z</Time><Position><LatitudeDegrees>58.69630833894145</LatitudeDegrees><LongitudeDegrees>59.456034150099924</LongitudeDegrees></Position></Trackpoint><Trackpoint><Time>2026-06-27T17:19:17.000Z</Time><Position><LatitudeDegrees>58.696317693806584</LatitudeDegrees><LongitudeDegrees>59.456029477629336</LongitudeDegrees></Position></Trackpoint><Trackpoint><Time>2026-06-27T17:19:18.000Z</Time><Position><LatitudeDegrees>58.696325705437054</LatitudeDegrees><LongitudeDegrees>59.45602687211392</LongitudeDegrees></Position></Trackpoint><Trackpoint><Time>2026-06-27T17:19:19.000Z</Time><Position><LatitudeDegrees>58.696332625208676</LatitudeDegrees><LongitudeDegrees>59.45602643147476</LongitudeDegrees></Position></Trackpoint><Trackpoint><Time>2026-06-27T17:19:20.000Z</Time><Position><LatitudeDegrees>58.696339186395434</LatitudeDegrees><LongitudeDegrees>59.45602938701231</LongitudeDegrees></Position></Trackpoint><Trackpoint><Time>2026-06-27T17:19:21.000Z</Time><Position><LatitudeDegrees>58.69634524739722</LatitudeDegrees><LongitudeDegrees>59.45603483070176</LongitudeDegrees></Position></Trackpoint><Trackpoint><Time>2026-06-27T17:19:22.000Z</Time><Position><LatitudeDegrees>58.69635179331761</LatitudeDegrees><LongitudeDegrees>59.4560420692377</LongitudeDegrees></Position></Trackpoint><Trackpoint><Time>2026-06-27T17:19:23.000Z</Time><Position><LatitudeDegrees>58.696358678005915</LatitudeDegrees><LongitudeDegrees>59.456050586728</LongitudeDegrees></Position></Trackpoint><Trackpoint><Time>2026-06-27T17:19:24.000Z</Time><Position><LatitudeDegrees>58.69636579779206</LatitudeDegrees><LongitudeDegrees>59.45606098578046</LongitudeDegrees></Position></Trackpoint><Trackpoint><Time>2026-06-27T17:19:25.000Z</Time><Position><LatitudeDegrees>58.696374059028045</LatitudeDegrees><LongitudeDegrees>59.45607229385218</LongitudeDegrees></Position></Trackpoint><Trackpoint><Time>2026-06-27T17:19:26.000Z</Time><Position><LatitudeDegrees>58.69638319886586</LatitudeDegrees><LongitudeDegrees>59.45608399374632</LongitudeDegrees></Position></Trackpoint><Trackpoint><Time>2026-06-27T17:19:27.000Z</Time><Position><LatitudeDegrees>58.696392506678094</LatitudeDegrees><LongitudeDegrees>59.45609631178477</LongitudeDegrees></Position></Trackpoint><Trackpoint><Time>2026-06-27T17:19:28.000Z</Time><Position><LatitudeDegrees>58.69640166824543</LatitudeDegrees><LongitudeDegrees>59.45610975144717</LongitudeDegrees></Position></Trackpoint><Trackpoint><Time>2026-06-27T17:19:29.000Z</Time><Position><LatitudeDegrees>58.69641057293218</LatitudeDegrees><LongitudeDegrees>59.45612388651387</LongitudeDegrees></Position></Trackpoint><Trackpoint><Time>2026-06-27T17:19:30.000Z</Time><Position><LatitudeDegrees>58.69641969775573</LatitudeDegrees><LongitudeDegrees>59.45613796258869</LongitudeDegrees></Position></Trackpoint><Trackpoint><Time>2026-06-27T17:19:31.000Z</Time><Position><LatitudeDegrees>58.6964287213029</LatitudeDegrees><LongitudeDegrees>59.456153635000135</LongitudeDegrees></Position></Trackpoint><Trackpoint><Time>2026-06-27T17:19:32.000Z</Time><Position><LatitudeDegrees>58.6964375242037</LatitudeDegrees><LongitudeDegrees>59.456172849412134</LongitudeDegrees></Position></Trackpoint><Trackpoint><Time>2026-06-27T17:19:33.000Z</Time><Position><LatitudeDegrees>58.69644657522784</LatitudeDegrees><LongitudeDegrees>59.456195462892964</LongitudeDegrees></Position></Trackpoint><Trackpoint><Time>2026-06-27T17:19:34.000Z</Time><Position><LatitudeDegrees>58.69645603558405</LatitudeDegrees><LongitudeDegrees>59.45621853226013</LongitudeDegrees></Position></Trackpoint><Trackpoint><Time>2026-06-27T17:19:35.000Z</Time><Position><LatitudeDegrees>58.6964654295157</LatitudeDegrees><LongitudeDegrees>59.456240786900615</LongitudeDegrees></Position></Trackpoint><Trackpoint><Time>2026-06-27T17:19:36.000Z</Time><Position><LatitudeDegrees>58.69647408000521</LatitudeDegrees><LongitudeDegrees>59.45626229771317</LongitudeDegrees></Position></Trackpoint><Trackpoint><Time>2026-06-27T17:19:37.000Z</Time><Position><LatitudeDegrees>58.69648278287509</LatitudeDegrees><LongitudeDegrees>59.4562822101442</LongitudeDegrees></Position></Trackpoint><Trackpoint><Time>2026-06-27T17:19:38.000Z</Time><Position><LatitudeDegrees>58.696491369538</LatitudeDegrees><LongitudeDegrees>59.45629939818867</LongitudeDegrees></Position></Trackpoint><Trackpoint><Time>2026-06-27T17:19:39.000Z</Time><Position><LatitudeDegrees>58.69650027508969</LatitudeDegrees><LongitudeDegrees>59.456315706233504</LongitudeDegrees></Position></Trackpoint><Trackpoint><Time>2026-06-27T17:19:40.000Z</Time><Position><LatitudeDegrees>58.69650914817757</LatitudeDegrees><LongitudeDegrees>59.45633347563723</LongitudeDegrees></Position></Trackpoint><Trackpoint><Time>2026-06-27T17:19:41.000Z</Time><Position><LatitudeDegrees>58.696518337880235</LatitudeDegrees><LongitudeDegrees>59.456351035033066</LongitudeDegrees></Position></Trackpoint><Trackpoint><Time>2026-06-27T17:19:42.000Z</Time><Position><LatitudeDegrees>58.696527457712236</LatitudeDegrees><LongitudeDegrees>59.45636772305064</LongitudeDegrees></Position></Trackpoint><Trackpoint><Time>2026-06-27T17:19:43.000Z</Time><Position><LatitudeDegrees>58.696536357473775</LatitudeDegrees><LongitudeDegrees>59.45638288954503</LongitudeDegrees></Position></Trackpoint><Trackpoint><Time>2026-06-27T17:19:44.000Z</Time><Position><LatitudeDegrees>58.696544513942655</LatitudeDegrees><LongitudeDegrees>59.45639744127132</LongitudeDegrees></Position></Trackpoint><Trackpoint><Time>2026-06-27T17:19:45.000Z</Time><Position><LatitudeDegrees>58.69655229664964</LatitudeDegrees><LongitudeDegrees>59.45641134095542</LongitudeDegrees></Position></Trackpoint><Trackpoint><Time>2026-06-27T17:19:46.000Z</Time><Position><LatitudeDegrees>58.69656088497283</LatitudeDegrees><LongitudeDegrees>59.45642563615649</LongitudeDegrees></Position></Trackpoint><Trackpoint><Time>2026-06-27T17:19:47.000Z</Time><Position><LatitudeDegrees>58.69657066121984</LatitudeDegrees><LongitudeDegrees>59.45644119714093</LongitudeDegrees></Position></Trackpoint><Trackpoint><Time>2026-06-27T17:19:48.000Z</Time><Position><LatitudeDegrees>58.69658163036945</LatitudeDegrees><LongitudeDegrees>59.456458219852095</LongitudeDegrees></Position></Trackpoint><Trackpoint><Time>2026-06-27T17:19:49.000Z</Time><Position><LatitudeDegrees>58.69659266214364</LatitudeDegrees><LongitudeDegrees>59.456475618154336</LongitudeDegrees></Position></Trackpoint><Trackpoint><Time>2026-06-27T17:19:50.000Z</Time><Position><LatitudeDegrees>58.696603283018426</LatitudeDegrees><LongitudeDegrees>59.456491427702375</LongitudeDegrees></Position></Trackpoint><Trackpoint><Time>2026-06-27T17:19:51.000Z</Time><Position><LatitudeDegrees>58.69661286110856</LatitudeDegrees><LongitudeDegrees>59.45650602264875</LongitudeDegrees></Position></Trackpoint><Trackpoint><Time>2026-06-27T17:19:52.000Z</Time><Position><LatitudeDegrees>58.696622249243696</LatitudeDegrees><LongitudeDegrees>59.45651873375301</LongitudeDegrees></Position></Trackpoint><Trackpoint><Time>2026-06-27T17:19:53.000Z</Time><Position><LatitudeDegrees>58.69663084380671</LatitudeDegrees><LongitudeDegrees>59.456530996019744</LongitudeDegrees></Position></Trackpoint><Trackpoint><Time>2026-06-27T17:19:54.000Z</Time><Position><LatitudeDegrees>58.696638987672344</LatitudeDegrees><LongitudeDegrees>59.45654443726057</LongitudeDegrees></Position></Trackpoint><Trackpoint><Time>2026-06-27T17:19:55.000Z</Time><Position><LatitudeDegrees>58.6966473695048</LatitudeDegrees><LongitudeDegrees>59.456558597321795</LongitudeDegrees></Position></Trackpoint><Trackpoint><Time>2026-06-27T17:19:56.000Z</Time><Position><LatitudeDegrees>58.696656731986906</LatitudeDegrees><LongitudeDegrees>59.456572215216056</LongitudeDegrees></Position></Trackpoint><Trackpoint><Time>2026-06-27T17:19:57.000Z</Time><Position><LatitudeDegrees>58.696665296672826</LatitudeDegrees><LongitudeDegrees>59.456587778876724</LongitudeDegrees></Position></Trackpoint><Trackpoint><Time>2026-06-27T17:19:58.000Z</Time><Position><LatitudeDegrees>58.696672923145826</LatitudeDegrees><LongitudeDegrees>59.456605573570926</LongitudeDegrees></Position></Trackpoint><Trackpoint><Time>2026-06-27T17:19:59.000Z</Time><Position><LatitudeDegrees>58.69667967399581</LatitudeDegrees><LongitudeDegrees>59.45662494082079</LongitudeDegrees></Position></Trackpoint><Trackpoint><Time>2026-06-27T17:20:00.000Z</Time><Position><LatitudeDegrees>58.6966861769949</LatitudeDegrees><LongitudeDegrees>59.45664442838679</LongitudeDegrees></Position></Trackpoint><Trackpoint><Time>2026-06-27T17:20:01.000Z</Time><Position><LatitudeDegrees>58.696694191323736</LatitudeDegrees><LongitudeDegrees>59.456664891577724</LongitudeDegrees></Position></Trackpoint><Trackpoint><Time>2026-06-27T17:20:02.000Z</Time><Position><LatitudeDegrees>58.69670375788406</LatitudeDegrees><LongitudeDegrees>59.45668606780768</LongitudeDegrees></Position></Trackpoint><Trackpoint><Time>2026-06-27T17:20:03.000Z</Time><Position><LatitudeDegrees>58.696714204683396</LatitudeDegrees><LongitudeDegrees>59.456705798975065</LongitudeDegrees></Position></Trackpoint><Trackpoint><Time>2026-06-27T17:20:04.000Z</Time><Position><LatitudeDegrees>58.69672514199549</LatitudeDegrees><LongitudeDegrees>59.45672289216265</LongitudeDegrees></Position></Trackpoint><Trackpoint><Time>2026-06-27T17:20:05.000Z</Time><Position><LatitudeDegrees>58.696735856750884</LatitudeDegrees><LongitudeDegrees>59.45673719466806</LongitudeDegrees></Position></Trackpoint><Trackpoint><Time>2026-06-27T17:20:06.000Z</Time><Position><LatitudeDegrees>58.69674510462737</LatitudeDegrees><LongitudeDegrees>59.45674802256194</LongitudeDegrees></Position></Trackpoint><Trackpoint><Time>2026-06-27T17:20:07.000Z</Time><Position><LatitudeDegrees>58.696754030275116</LatitudeDegrees><LongitudeDegrees>59.45675602975115</LongitudeDegrees></Position></Trackpoint><Trackpoint><Time>2026-06-27T17:20:08.000Z</Time><Position><LatitudeDegrees>58.69676314645681</LatitudeDegrees><LongitudeDegrees>59.45676331640135</LongitudeDegrees></Position></Trackpoint><Trackpoint><Time>2026-06-27T17:20:09.000Z</Time><Position><LatitudeDegrees>58.69677312950108</LatitudeDegrees><LongitudeDegrees>59.456771819132136</LongitudeDegrees></Position></Trackpoint><Trackpoint><Time>2026-06-27T17:20:10.000Z</Time><Position><LatitudeDegrees>58.696784146682134</LatitudeDegrees><LongitudeDegrees>59.456780220983454</LongitudeDegrees></Position></Trackpoint><Trackpoint><Time>2026-06-27T17:20:11.000Z</Time><Position><LatitudeDegrees>58.696795644548544</LatitudeDegrees><LongitudeDegrees>59.456788971756204</LongitudeDegrees></Position></Trackpoint><Trackpoint><Time>2026-06-27T17:20:12.000Z</Time><Position><LatitudeDegrees>58.69680684386471</LatitudeDegrees><LongitudeDegrees>59.456797722299235</LongitudeDegrees></Position></Trackpoint><Trackpoint><Time>2026-06-27T17:20:13.000Z</Time><Position><LatitudeDegrees>58.696816972423264</LatitudeDegrees><LongitudeDegrees>59.456806818460564</LongitudeDegrees></Position></Trackpoint><Trackpoint><Time>2026-06-27T17:20:14.000Z</Time><Position><LatitudeDegrees>58.69682536002298</LatitudeDegrees><LongitudeDegrees>59.4568173375336</LongitudeDegrees></Position></Trackpoint><Trackpoint><Time>2026-06-27T17:20:15.000Z</Time><Position><LatitudeDegrees>58.69683244371268</LatitudeDegrees><LongitudeDegrees>59.45682856133388</LongitudeDegrees></Position></Trackpoint><Trackpoint><Time>2026-06-27T17:20:16.000Z</Time><Position><LatitudeDegrees>58.69683857083852</LatitudeDegrees><LongitudeDegrees>59.456841572470275</LongitudeDegrees></Position></Trackpoint><Trackpoint><Time>2026-06-27T17:20:17.000Z</Time><Position><LatitudeDegrees>58.696844496833386</LatitudeDegrees><LongitudeDegrees>59.456857566616584</LongitudeDegrees></Position></Trackpoint><Trackpoint><Time>2026-06-27T17:20:18.000Z</Time><Position><LatitudeDegrees>58.69685006901395</LatitudeDegrees><LongitudeDegrees>59.45687665332633</LongitudeDegrees></Position></Trackpoint><Trackpoint><Time>2026-06-27T17:20:19.000Z</Time><Position><LatitudeDegrees>58.696855759522286</LatitudeDegrees><LongitudeDegrees>59.45689652234901</LongitudeDegrees></Position></Trackpoint><Trackpoint><Time>2026-06-27T17:20:20.000Z</Time><Position><LatitudeDegrees>58.69686076839382</LatitudeDegrees><LongitudeDegrees>59.4569151426165</LongitudeDegrees></Position></Trackpoint><Trackpoint><Time>2026-06-27T17:20:21.000Z</Time><Position><LatitudeDegrees>58.69686534327412</LatitudeDegrees><LongitudeDegrees>59.456932817164294</LongitudeDegrees></Position></Trackpoint><Trackpoint><Time>2026-06-27T17:20:22.000Z</Time><Position><LatitudeDegrees>58.69686964185402</LatitudeDegrees><LongitudeDegrees>59.4569497921742</LongitudeDegrees></Position></Trackpoint><Trackpoint><Time>2026-06-27T17:20:23.000Z</Time><Position><LatitudeDegrees>58.69687425414922</LatitudeDegrees><LongitudeDegrees>59.456965769206114</LongitudeDegrees></Position></Trackpoint><Trackpoint><Time>2026-06-27T17:20:24.000Z</Time><Position><LatitudeDegrees>58.69687938288297</LatitudeDegrees><LongitudeDegrees>59.45698075344141</LongitudeDegrees></Position></Trackpoint><Trackpoint><Time>2026-06-27T17:20:25.000Z</Time><Position><LatitudeDegrees>58.6968860244806</LatitudeDegrees><LongitudeDegrees>59.4569953640485</LongitudeDegrees></Position></Trackpoint><Trackpoint><Time>2026-06-27T17:20:26.000Z</Time><Position><LatitudeDegrees>58.69689390551888</LatitudeDegrees><LongitudeDegrees>59.45701039358685</LongitudeDegrees></Position></Trackpoint><Trackpoint><Time>2026-06-27T17:20:27.000Z</Time><Position><LatitudeDegrees>58.69690226470206</LatitudeDegrees><LongitudeDegrees>59.45702611468965</LongitudeDegrees></Position></Trackpoint><Trackpoint><Time>2026-06-27T17:20:28.000Z</Time><Position><LatitudeDegrees>58.69691072713399</LatitudeDegrees><LongitudeDegrees>59.45704206126449</LongitudeDegrees></Position></Trackpoint><Trackpoint><Time>2026-06-27T17:20:29.000Z</Time><Position><LatitudeDegrees>58.69691863555748</LatitudeDegrees><LongitudeDegrees>59.457058012419964</LongitudeDegrees></Position></Trackpoint><Trackpoint><Time>2026-06-27T17:20:30.000Z</Time><Position><LatitudeDegrees>58.696927748840736</LatitudeDegrees><LongitudeDegrees>59.45707436620834</LongitudeDegrees></Position></Trackpoint><Trackpoint><Time>2026-06-27T17:20:31.000Z</Time><Position><LatitudeDegrees>58.69693716787055</LatitudeDegrees><LongitudeDegrees>59.45709270371534</LongitudeDegrees></Position></Trackpoint><Trackpoint><Time>2026-06-27T17:20:32.000Z</Time><Position><LatitudeDegrees>58.69694795195188</LatitudeDegrees><LongitudeDegrees>59.457112442256275</LongitudeDegrees></Position></Trackpoint><Trackpoint><Time>2026-06-27T17:20:33.000Z</Time><Position><LatitudeDegrees>58.69695938291828</LatitudeDegrees><LongitudeDegrees>59.45713218282033</LongitudeDegrees></Position></Trackpoint><Trackpoint><Time>2026-06-27T17:20:34.000Z</Time><Position><LatitudeDegrees>58.69697108197815</LatitudeDegrees><LongitudeDegrees>59.457150369767305</LongitudeDegrees></Position></Trackpoint><Trackpoint><Time>2026-06-27T17:20:35.000Z</Time><Position><LatitudeDegrees>58.69698187950185</LatitudeDegrees><LongitudeDegrees>59.457167051447705</LongitudeDegrees></Position></Trackpoint><Trackpoint><Time>2026-06-27T17:20:36.000Z</Time><Position><LatitudeDegrees>58.69699140950768</LatitudeDegrees><LongitudeDegrees>59.45718244097256</LongitudeDegrees></Position></Trackpoint><Trackpoint><Time>2026-06-27T17:20:37.000Z</Time><Position><LatitudeDegrees>58.69700115278805</LatitudeDegrees><LongitudeDegrees>59.45719679195432</LongitudeDegrees></Position></Trackpoint><Trackpoint><Time>2026-06-27T17:20:38.000Z</Time><Position><LatitudeDegrees>58.697011691809166</LatitudeDegrees><LongitudeDegrees>59.45721083174508</LongitudeDegrees></Position></Trackpoint><Trackpoint><Time>2026-06-27T17:20:39.000Z</Time><Position><LatitudeDegrees>58.69702365392856</LatitudeDegrees><LongitudeDegrees>59.457224410222985</LongitudeDegrees></Position></Trackpoint><Trackpoint><Time>2026-06-27T17:20:40.000Z</Time><Position><LatitudeDegrees>58.697035646028596</LatitudeDegrees><LongitudeDegrees>59.45723703516103</LongitudeDegrees></Position></Trackpoint><Trackpoint><Time>2026-06-27T17:20:41.000Z</Time><Position><LatitudeDegrees>58.69704709052902</LatitudeDegrees><LongitudeDegrees>59.45724862622911</LongitudeDegrees></Position></Trackpoint><Trackpoint><Time>2026-06-27T17:20:42.000Z</Time><Position><LatitudeDegrees>58.69705733023597</LatitudeDegrees><LongitudeDegrees>59.4572602622615</LongitudeDegrees></Position></Trackpoint><Trackpoint><Time>2026-06-27T17:20:43.000Z</Time><Position><LatitudeDegrees>58.697067228349766</LatitudeDegrees><LongitudeDegrees>59.45727189217641</LongitudeDegrees></Position></Trackpoint><Trackpoint><Time>2026-06-27T17:20:44.000Z</Time><Position><LatitudeDegrees>58.69707669459743</LatitudeDegrees><LongitudeDegrees>59.45728398533244</LongitudeDegrees></Position></Trackpoint><Trackpoint><Time>2026-06-27T17:20:45.000Z</Time><Position><LatitudeDegrees>58.697086726452135</LatitudeDegrees><LongitudeDegrees>59.45729765479206</LongitudeDegrees></Position></Trackpoint><Trackpoint><Time>2026-06-27T17:20:46.000Z</Time><Position><LatitudeDegrees>58.697097172501174</LatitudeDegrees><LongitudeDegrees>59.4573126670247</LongitudeDegrees></Position></Trackpoint><Trackpoint><Time>2026-06-27T17:20:47.000Z</Time><Position><LatitudeDegrees>58.69710742761591</LatitudeDegrees><LongitudeDegrees>59.45732679506934</LongitudeDegrees></Position></Trackpoint><Trackpoint><Time>2026-06-27T17:20:48.000Z</Time><Position><LatitudeDegrees>58.69711726709032</LatitudeDegrees><LongitudeDegrees>59.4573402144946</LongitudeDegrees></Position></Trackpoint><Trackpoint><Time>2026-06-27T17:20:49.000Z</Time><Position><LatitudeDegrees>58.69712616211916</LatitudeDegrees><LongitudeDegrees>59.45735455738755</LongitudeDegrees></Position></Trackpoint><Trackpoint><Time>2026-06-27T17:20:50.000Z</Time><Position><LatitudeDegrees>58.69713450575157</LatitudeDegrees><LongitudeDegrees>59.45736939814918</LongitudeDegrees></Position></Trackpoint><Trackpoint><Time>2026-06-27T17:20:51.000Z</Time><Position><LatitudeDegrees>58.69714204101857</LatitudeDegrees><LongitudeDegrees>59.457384987213544</LongitudeDegrees></Position></Trackpoint><Trackpoint><Time>2026-06-27T17:20:52.000Z</Time><Position><LatitudeDegrees>58.697149255454875</LatitudeDegrees><LongitudeDegrees>59.457402310895446</LongitudeDegrees></Position></Trackpoint><Trackpoint><Time>2026-06-27T17:20:53.000Z</Time><Position><LatitudeDegrees>58.69715639102165</LatitudeDegrees><LongitudeDegrees>59.45742106314606</LongitudeDegrees></Position></Trackpoint><Trackpoint><Time>2026-06-27T17:20:54.000Z</Time><Position><LatitudeDegrees>58.69716355748937</LatitudeDegrees><LongitudeDegrees>59.45743897612717</LongitudeDegrees></Position></Trackpoint><Trackpoint><Time>2026-06-27T17:20:55.000Z</Time><Position><LatitudeDegrees>58.69717030648847</LatitudeDegrees><LongitudeDegrees>59.457455713196964</LongitudeDegrees></Position></Trackpoint><Trackpoint><Time>2026-06-27T17:20:56.000Z</Time><Position><LatitudeDegrees>58.69717601733625</LatitudeDegrees><LongitudeDegrees>59.45747177625217</LongitudeDegrees></Position></Trackpoint><Trackpoint><Time>2026-06-27T17:20:57.000Z</Time><Position><LatitudeDegrees>58.69718154688127</LatitudeDegrees><LongitudeDegrees>59.45748696888873</LongitudeDegrees></Position></Trackpoint><Trackpoint><Time>2026-06-27T17:20:58.000Z</Time><Position><LatitudeDegrees>58.69718727127227</LatitudeDegrees><LongitudeDegrees>59.457502790769674</LongitudeDegrees></Position></Trackpoint><Trackpoint><Time>2026-06-27T17:20:59.000Z</Time><Position><LatitudeDegrees>58.697193810022284</LatitudeDegrees><LongitudeDegrees>59.45752026835431</LongitudeDegrees></Position></Trackpoint><Trackpoint><Time>2026-06-27T17:21:00.000Z</Time><Position><LatitudeDegrees>58.697200334524446</LatitudeDegrees><LongitudeDegrees>59.45753912225512</LongitudeDegrees></Position></Trackpoint><Trackpoint><Time>2026-06-27T17:21:01.000Z</Time><Position><LatitudeDegrees>58.69720699497013</LatitudeDegrees><LongitudeDegrees>59.45755661270982</LongitudeDegrees></Position></Trackpoint><Trackpoint><Time>2026-06-27T17:21:02.000Z</Time><Position><LatitudeDegrees>58.69721383576501</LatitudeDegrees><LongitudeDegrees>59.45757276561043</LongitudeDegrees></Position></Trackpoint><Trackpoint><Time>2026-06-27T17:21:03.000Z</Time><Position><LatitudeDegrees>58.697220362438664</LatitudeDegrees><LongitudeDegrees>59.45758825290379</LongitudeDegrees></Position></Trackpoint><Trackpoint><Time>2026-06-27T17:21:04.000Z</Time><Position><LatitudeDegrees>58.697227390889886</LatitudeDegrees><LongitudeDegrees>59.45760392636033</LongitudeDegrees></Position></Trackpoint><Trackpoint><Time>2026-06-27T17:21:05.000Z</Time><Position><LatitudeDegrees>58.69723470312001</LatitudeDegrees><LongitudeDegrees>59.45762060248437</LongitudeDegrees></Position></Trackpoint><Trackpoint><Time>2026-06-27T17:21:06.000Z</Time><Position><LatitudeDegrees>58.69724266253794</LatitudeDegrees><LongitudeDegrees>59.45763897845938</LongitudeDegrees></Position></Trackpoint><Trackpoint><Time>2026-06-27T17:21:07.000Z</Time><Position><LatitudeDegrees>58.697251335742</LatitudeDegrees><LongitudeDegrees>59.457658144014225</LongitudeDegrees></Position></Trackpoint><Trackpoint><Time>2026-06-27T17:21:08.000Z</Time><Position><LatitudeDegrees>58.69725967932501</LatitudeDegrees><LongitudeDegrees>59.457676154095665</LongitudeDegrees></Position></Trackpoint><Trackpoint><Time>2026-06-27T17:21:09.000Z</Time><Position><LatitudeDegrees>58.69726730588344</LatitudeDegrees><LongitudeDegrees>59.45769235596918</LongitudeDegrees></Position></Trackpoint><Trackpoint><Time>2026-06-27T17:21:10.000Z</Time><Position><LatitudeDegrees>58.697274147900636</LatitudeDegrees><LongitudeDegrees>59.45770818172952</LongitudeDegrees></Position></Trackpoint><Trackpoint><Time>2026-06-27T17:21:11.000Z</Time><Position><LatitudeDegrees>58.69728125748689</LatitudeDegrees><LongitudeDegrees>59.4577232902134</LongitudeDegrees></Position></Trackpoint><Trackpoint><Time>2026-06-27T17:21:12.000Z</Time><Position><LatitudeDegrees>58.69728903359423</LatitudeDegrees><LongitudeDegrees>59.45773812259035</LongitudeDegrees></Position></Trackpoint><Trackpoint><Time>2026-06-27T17:21:13.000Z</Time><Position><LatitudeDegrees>58.69729706536682</LatitudeDegrees><LongitudeDegrees>59.45775387520784</LongitudeDegrees></Position></Trackpoint><Trackpoint><Time>2026-06-27T17:21:14.000Z</Time><Position><LatitudeDegrees>58.69730515078626</LatitudeDegrees><LongitudeDegrees>59.45777043303957</LongitudeDegrees></Position></Trackpoint><Trackpoint><Time>2026-06-27T17:21:15.000Z</Time><Position><LatitudeDegrees>58.69731271015855</LatitudeDegrees><LongitudeDegrees>59.45778617653397</LongitudeDegrees></Position></Trackpoint><Trackpoint><Time>2026-06-27T17:21:16.000Z</Time><Position><LatitudeDegrees>58.69732055148494</LatitudeDegrees><LongitudeDegrees>59.45780054322468</LongitudeDegrees></Position></Trackpoint><Trackpoint><Time>2026-06-27T17:21:17.000Z</Time><Position><LatitudeDegrees>58.697327992117685</LatitudeDegrees><LongitudeDegrees>59.45781445740118</LongitudeDegrees></Position></Trackpoint><Trackpoint><Time>2026-06-27T17:21:18.000Z</Time><Position><LatitudeDegrees>58.69733529195871</LatitudeDegrees><LongitudeDegrees>59.45782786818561</LongitudeDegrees></Position></Trackpoint><Trackpoint><Time>2026-06-27T17:21:19.000Z</Time><Position><LatitudeDegrees>58.6973425761147</LatitudeDegrees><LongitudeDegrees>59.45784228806623</LongitudeDegrees></Position></Trackpoint><Trackpoint><Time>2026-06-27T17:21:20.000Z</Time><Position><LatitudeDegrees>58.697350387732534</LatitudeDegrees><LongitudeDegrees>59.45785967925204</LongitudeDegrees></Position></Trackpoint><Trackpoint><Time>2026-06-27T17:21:21.000Z</Time><Position><LatitudeDegrees>58.697358882799286</LatitudeDegrees><LongitudeDegrees>59.457878510041134</LongitudeDegrees></Position></Trackpoint><Trackpoint><Time>2026-06-27T17:21:22.000Z</Time><Position><LatitudeDegrees>58.697367548225365</LatitudeDegrees><LongitudeDegrees>59.45789649602484</LongitudeDegrees></Position></Trackpoint><Trackpoint><Time>2026-06-27T17:21:23.000Z</Time><Position><LatitudeDegrees>58.697376150838025</LatitudeDegrees><LongitudeDegrees>59.457911825615724</LongitudeDegrees></Position></Trackpoint><Trackpoint><Time>2026-06-27T17:21:24.000Z</Time><Position><LatitudeDegrees>58.697384602670944</LatitudeDegrees><LongitudeDegrees>59.457925072906924</LongitudeDegrees></Position></Trackpoint><Trackpoint><Time>2026-06-27T17:21:25.000Z</Time><Position><LatitudeDegrees>58.697392886849016</LatitudeDegrees><LongitudeDegrees>59.45793625197852</LongitudeDegrees></Position></Trackpoint><Trackpoint><Time>2026-06-27T17:21:26.000Z</Time><Position><LatitudeDegrees>58.697401507551376</LatitudeDegrees><LongitudeDegrees>59.45794710291388</LongitudeDegrees></Position></Trackpoint><Trackpoint><Time>2026-06-27T17:21:27.000Z</Time><Position><LatitudeDegrees>58.69741062922342</LatitudeDegrees><LongitudeDegrees>59.45795936367438</LongitudeDegrees></Position></Trackpoint><Trackpoint><Time>2026-06-27T17:21:28.000Z</Time><Position><LatitudeDegrees>58.697418786458684</LatitudeDegrees><LongitudeDegrees>59.45797161061907</LongitudeDegrees></Position></Trackpoint><Trackpoint><Time>2026-06-27T17:21:29.000Z</Time><Position><LatitudeDegrees>58.69742549953793</LatitudeDegrees><LongitudeDegrees>59.457983748829</LongitudeDegrees></Position></Trackpoint><Trackpoint><Time>2026-06-27T17:21:30.000Z</Time><Position><LatitudeDegrees>58.697430756252004</LatitudeDegrees><LongitudeDegrees>59.45799624277994</LongitudeDegrees></Position></Trackpoint><Trackpoint><Time>2026-06-27T17:21:31.000Z</Time><Position><LatitudeDegrees>58.69743473849505</LatitudeDegrees><LongitudeDegrees>59.45800923809968</LongitudeDegrees></Position></Trackpoint><Trackpoint><Time>2026-06-27T17:21:32.000Z</Time><Position><LatitudeDegrees>58.69743670553231</LatitudeDegrees><LongitudeDegrees>59.458023220023286</LongitudeDegrees></Position></Trackpoint><Trackpoint><Time>2026-06-27T17:21:33.000Z</Time><Position><LatitudeDegrees>58.69743710056376</LatitudeDegrees><LongitudeDegrees>59.45803875136825</LongitudeDegrees></Position></Trackpoint><Trackpoint><Time>2026-06-27T17:21:34.000Z</Time><Position><LatitudeDegrees>58.69743630787849</LatitudeDegrees><LongitudeDegrees>59.45805537544508</LongitudeDegrees></Position></Trackpoint><Trackpoint><Time>2026-06-27T17:21:35.000Z</Time><Position><LatitudeDegrees>58.6974346381812</LatitudeDegrees><LongitudeDegrees>59.45807080548086</LongitudeDegrees></Position></Trackpoint><Trackpoint><Time>2026-06-27T17:21:36.000Z</Time><Position><LatitudeDegrees>58.69743282160424</LatitudeDegrees><LongitudeDegrees>59.458085232180835</LongitudeDegrees></Position></Trackpoint><Trackpoint><Time>2026-06-27T17:21:37.000Z</Time><Position><LatitudeDegrees>58.697432156913464</LatitudeDegrees><LongitudeDegrees>59.45809886286043</LongitudeDegrees></Position></Trackpoint><Trackpoint><Time>2026-06-27T17:21:38.000Z</Time><Position><LatitudeDegrees>58.69743254153052</LatitudeDegrees><LongitudeDegrees>59.45811237467767</LongitudeDegrees></Position></Trackpoint><Trackpoint><Time>2026-06-27T17:21:39.000Z</Time><Position><LatitudeDegrees>58.69743428814374</LatitudeDegrees><LongitudeDegrees>59.45812655137524</LongitudeDegrees></Position></Trackpoint><Trackpoint><Time>2026-06-27T17:21:40.000Z</Time><Position><LatitudeDegrees>58.697438819550335</LatitudeDegrees><LongitudeDegrees>59.4581411407775</LongitudeDegrees></Position></Trackpoint><Trackpoint><Time>2026-06-27T17:21:41.000Z</Time><Position><LatitudeDegrees>58.69744489544977</LatitudeDegrees><LongitudeDegrees>59.4581559860601</LongitudeDegrees></Position></Trackpoint><Trackpoint><Time>2026-06-27T17:21:42.000Z</Time><Position><LatitudeDegrees>58.69745131720098</LatitudeDegrees><LongitudeDegrees>59.45817098979568</LongitudeDegrees></Position></Trackpoint><Trackpoint><Time>2026-06-27T17:21:43.000Z</Time><Position><LatitudeDegrees>58.69745705716344</LatitudeDegrees><LongitudeDegrees>59.45818707074446</LongitudeDegrees></Position></Trackpoint><Trackpoint><Time>2026-06-27T17:21:44.000Z</Time><Position><LatitudeDegrees>58.69746275884831</LatitudeDegrees><LongitudeDegrees>59.45820251058135</LongitudeDegrees></Position></Trackpoint><Trackpoint><Time>2026-06-27T17:21:45.000Z</Time><Position><LatitudeDegrees>58.697468692187805</LatitudeDegrees><LongitudeDegrees>59.458219131981636</LongitudeDegrees></Position></Trackpoint><Trackpoint><Time>2026-06-27T17:21:46.000Z</Time><Position><LatitudeDegrees>58.697474938616494</LatitudeDegrees><LongitudeDegrees>59.45823655471066</LongitudeDegrees></Position></Trackpoint><Trackpoint><Time>2026-06-27T17:21:47.000Z</Time><Position><LatitudeDegrees>58.69748149148732</LatitudeDegrees><LongitudeDegrees>59.45825402971516</LongitudeDegrees></Position></Trackpoint><Trackpoint><Time>2026-06-27T17:21:48.000Z</Time><Position><LatitudeDegrees>58.69748879834206</LatitudeDegrees><LongitudeDegrees>59.45827075218993</LongitudeDegrees></Position></Trackpoint><Trackpoint><Time>2026-06-27T17:21:49.000Z</Time><Position><LatitudeDegrees>58.69749645711</LatitudeDegrees><LongitudeDegrees>59.45828697688602</LongitudeDegrees></Position></Trackpoint><Trackpoint><Time>2026-06-27T17:21:50.000Z</Time><Position><LatitudeDegrees>58.69750474664812</LatitudeDegrees><LongitudeDegrees>59.458302382996926</LongitudeDegrees></Position></Trackpoint><Trackpoint><Time>2026-06-27T17:21:51.000Z</Time><Position><LatitudeDegrees>58.69751321123</LatitudeDegrees><LongitudeDegrees>59.45831841229985</LongitudeDegrees></Position></Trackpoint><Trackpoint><Time>2026-06-27T17:21:52.000Z</Time><Position><LatitudeDegrees>58.69752213031633</LatitudeDegrees><LongitudeDegrees>59.45833508897037</LongitudeDegrees></Position></Trackpoint><Trackpoint><Time>2026-06-27T17:21:53.000Z</Time><Position><LatitudeDegrees>58.69753156066338</LatitudeDegrees><LongitudeDegrees>59.458351360654895</LongitudeDegrees></Position></Trackpoint><Trackpoint><Time>2026-06-27T17:21:54.000Z</Time><Position><LatitudeDegrees>58.69754097041511</LatitudeDegrees><LongitudeDegrees>59.45836635632784</LongitudeDegrees></Position></Trackpoint><Trackpoint><Time>2026-06-27T17:21:55.000Z</Time><Position><LatitudeDegrees>58.69754965356823</LatitudeDegrees><LongitudeDegrees>59.458380860267226</LongitudeDegrees></Position></Trackpoint><Trackpoint><Time>2026-06-27T17:21:56.000Z</Time><Position><LatitudeDegrees>58.697558391846115</LatitudeDegrees><LongitudeDegrees>59.45839476896753</LongitudeDegrees></Position></Trackpoint><Trackpoint><Time>2026-06-27T17:21:57.000Z</Time><Position><LatitudeDegrees>58.697567010502716</LatitudeDegrees><LongitudeDegrees>59.45841056425285</LongitudeDegrees></Position></Trackpoint><Trackpoint><Time>2026-06-27T17:21:58.000Z</Time><Position><LatitudeDegrees>58.697575942535615</LatitudeDegrees><LongitudeDegrees>59.458428046859545</LongitudeDegrees></Position></Trackpoint><Trackpoint><Time>2026-06-27T17:21:59.000Z</Time><Position><LatitudeDegrees>58.69758483643566</LatitudeDegrees><LongitudeDegrees>59.45844642854845</LongitudeDegrees></Position></Trackpoint><Trackpoint><Time>2026-06-27T17:22:00.000Z</Time><Position><LatitudeDegrees>58.697592573112715</LatitudeDegrees><LongitudeDegrees>59.45846477968991</LongitudeDegrees></Position></Trackpoint><Trackpoint><Time>2026-06-27T17:22:01.000Z</Time><Position><LatitudeDegrees>58.69759981943721</LatitudeDegrees><LongitudeDegrees>59.4584832109628</LongitudeDegrees></Position></Trackpoint><Trackpoint><Time>2026-06-27T17:22:02.000Z</Time><Position><LatitudeDegrees>58.69760691298462</LatitudeDegrees><LongitudeDegrees>59.4585017576636</LongitudeDegrees></Position></Trackpoint><Trackpoint><Time>2026-06-27T17:22:03.000Z</Time><Position><LatitudeDegrees>58.69761450199912</LatitudeDegrees><LongitudeDegrees>59.45851992990297</LongitudeDegrees></Position></Trackpoint><Trackpoint><Time>2026-06-27T17:22:04.000Z</Time><Position><LatitudeDegrees>58.69762181063559</LatitudeDegrees><LongitudeDegrees>59.458538553210936</LongitudeDegrees></Position></Trackpoint><Trackpoint><Time>2026-06-27T17:22:05.000Z</Time><Position><LatitudeDegrees>58.69762904497185</LatitudeDegrees><LongitudeDegrees>59.458557420063705</LongitudeDegrees></Position></Trackpoint><Trackpoint><Time>2026-06-27T17:22:06.000Z</Time><Position><LatitudeDegrees>58.69763580980331</LatitudeDegrees><LongitudeDegrees>59.45857543451621</LongitudeDegrees></Position></Trackpoint><Trackpoint><Time>2026-06-27T17:22:07.000Z</Time><Position><LatitudeDegrees>58.69764200263178</LatitudeDegrees><LongitudeDegrees>59.45859274423663</LongitudeDegrees></Position></Trackpoint><Trackpoint><Time>2026-06-27T17:22:08.000Z</Time><Position><LatitudeDegrees>58.69764814427143</LatitudeDegrees><LongitudeDegrees>59.458609500490944</LongitudeDegrees></Position></Trackpoint><Trackpoint><Time>2026-06-27T17:22:09.000Z</Time><Position><LatitudeDegrees>58.6976544557809</LatitudeDegrees><LongitudeDegrees>59.45862632622268</LongitudeDegrees></Position></Trackpoint><Trackpoint><Time>2026-06-27T17:22:10.000Z</Time><Position><LatitudeDegrees>58.6976614960076</LatitudeDegrees><LongitudeDegrees>59.458643958674045</LongitudeDegrees></Position></Trackpoint><Trackpoint><Time>2026-06-27T17:22:11.000Z</Time><Position><LatitudeDegrees>58.69766891196315</LatitudeDegrees><LongitudeDegrees>59.45866063948226</LongitudeDegrees></Position></Trackpoint><Trackpoint><Time>2026-06-27T17:22:12.000Z</Time><Position><LatitudeDegrees>58.69767699966156</LatitudeDegrees><LongitudeDegrees>59.45867576663685</LongitudeDegrees></Position></Trackpoint><Trackpoint><Time>2026-06-27T17:22:13.000Z</Time><Position><LatitudeDegrees>58.697684815572856</LatitudeDegrees><LongitudeDegrees>59.45868978122953</LongitudeDegrees></Position></Trackpoint><Trackpoint><Time>2026-06-27T17:22:14.000Z</Time><Position><LatitudeDegrees>58.697692985224634</LatitudeDegrees><LongitudeDegrees>59.45870349732284</LongitudeDegrees></Position></Trackpoint><Trackpoint><Time>2026-06-27T17:22:15.000Z</Time><Position><LatitudeDegrees>58.69770172082795</LatitudeDegrees><LongitudeDegrees>59.45871777809744</LongitudeDegrees></Position></Trackpoint><Trackpoint><Time>2026-06-27T17:22:16.000Z</Time><Position><LatitudeDegrees>58.697711526750005</LatitudeDegrees><LongitudeDegrees>59.45873339617453</LongitudeDegrees></Position></Trackpoint><Trackpoint><Time>2026-06-27T17:22:17.000Z</Time><Position><LatitudeDegrees>58.69772247333223</LatitudeDegrees><LongitudeDegrees>59.458749029272695</LongitudeDegrees></Position></Trackpoint><Trackpoint><Time>2026-06-27T17:22:18.000Z</Time><Position><LatitudeDegrees>58.69773395353095</LatitudeDegrees><LongitudeDegrees>59.4587636412938</LongitudeDegrees></Position></Trackpoint><Trackpoint><Time>2026-06-27T17:22:19.000Z</Time><Position><LatitudeDegrees>58.69774515924585</LatitudeDegrees><LongitudeDegrees>59.45877693659176</LongitudeDegrees></Position></Trackpoint><Trackpoint><Time>2026-06-27T17:22:20.000Z</Time><Position><LatitudeDegrees>58.697755303293235</LatitudeDegrees><LongitudeDegrees>59.458790431240956</LongitudeDegrees></Position></Trackpoint><Trackpoint><Time>2026-06-27T17:22:21.000Z</Time><Position><LatitudeDegrees>58.69776517696927</LatitudeDegrees><LongitudeDegrees>59.458804724024944</LongitudeDegrees></Position></Trackpoint><Trackpoint><Time>2026-06-27T17:22:22.000Z</Time><Position><LatitudeDegrees>58.69777465124723</LatitudeDegrees><LongitudeDegrees>59.45882191754583</LongitudeDegrees></Position></Trackpoint><Trackpoint><Time>2026-06-27T17:22:23.000Z</Time><Position><LatitudeDegrees>58.69778421386237</LatitudeDegrees><LongitudeDegrees>59.45884201580948</LongitudeDegrees></Position></Trackpoint><Trackpoint><Time>2026-06-27T17:22:24.000Z</Time><Position><LatitudeDegrees>58.69779405434238</LatitudeDegrees><LongitudeDegrees>59.458862689203826</LongitudeDegrees></Position></Trackpoint><Trackpoint><Time>2026-06-27T17:22:25.000Z</Time><Position><LatitudeDegrees>58.69780372546695</LatitudeDegrees><LongitudeDegrees>59.45888241488917</LongitudeDegrees></Position></Trackpoint><Trackpoint><Time>2026-06-27T17:22:26.000Z</Time><Position><LatitudeDegrees>58.69781257518171</LatitudeDegrees><LongitudeDegrees>59.458900687346336</LongitudeDegrees></Position></Trackpoint><Trackpoint><Time>2026-06-27T17:22:27.000Z</Time><Position><LatitudeDegrees>58.697820929986264</LatitudeDegrees><LongitudeDegrees>59.45891846412657</LongitudeDegrees></Position></Trackpoint><Trackpoint><Time>2026-06-27T17:22:28.000Z</Time><Position><LatitudeDegrees>58.69782898786502</LatitudeDegrees><LongitudeDegrees>59.45893718242201</LongitudeDegrees></Position></Trackpoint><Trackpoint><Time>2026-06-27T17:22:29.000Z</Time><Position><LatitudeDegrees>58.69783686846453</LatitudeDegrees><LongitudeDegrees>59.45895731327426</LongitudeDegrees></Position></Trackpoint><Trackpoint><Time>2026-06-27T17:22:30.000Z</Time><Position><LatitudeDegrees>58.69784513342337</LatitudeDegrees><LongitudeDegrees>59.45897691093196</LongitudeDegrees></Position></Trackpoint><Trackpoint><Time>2026-06-27T17:22:31.000Z</Time><Position><LatitudeDegrees>58.69785347510049</LatitudeDegrees><LongitudeDegrees>59.458995242504514</LongitudeDegrees></Position></Trackpoint><Trackpoint><Time>2026-06-27T17:22:32.000Z</Time><Position><LatitudeDegrees>58.697861756952356</LatitudeDegrees><LongitudeDegrees>59.459012658273885</LongitudeDegrees></Position></Trackpoint><Trackpoint><Time>2026-06-27T17:22:33.000Z</Time><Position><LatitudeDegrees>58.69786944081366</LatitudeDegrees><LongitudeDegrees>59.459029909650425</LongitudeDegrees></Position></Trackpoint><Trackpoint><Time>2026-06-27T17:22:34.000Z</Time><Position><LatitudeDegrees>58.6978773610224</LatitudeDegrees><LongitudeDegrees>59.459046837578924</LongitudeDegrees></Position></Trackpoint><Trackpoint><Time>2026-06-27T17:22:35.000Z</Time><Position><LatitudeDegrees>58.69788534124133</LatitudeDegrees><LongitudeDegrees>59.45906439729046</LongitudeDegrees></Position></Trackpoint><Trackpoint><Time>2026-06-27T17:22:36.000Z</Time><Position><LatitudeDegrees>58.697893301146685</LatitudeDegrees><LongitudeDegrees>59.459082411482015</LongitudeDegrees></Position></Trackpoint><Trackpoint><Time>2026-06-27T17:22:37.000Z</Time><Position><LatitudeDegrees>58.697901699876276</LatitudeDegrees><LongitudeDegrees>59.45909976958124</LongitudeDegrees></Position></Trackpoint><Trackpoint><Time>2026-06-27T17:22:38.000Z</Time><Position><LatitudeDegrees>58.69790969097472</LatitudeDegrees><LongitudeDegrees>59.45911658803649</LongitudeDegrees></Position></Trackpoint><Trackpoint><Time>2026-06-27T17:22:39.000Z</Time><Position><LatitudeDegrees>58.69791746777291</LatitudeDegrees><LongitudeDegrees>59.45913347367817</LongitudeDegrees></Position></Trackpoint><Trackpoint><Time>2026-06-27T17:22:40.000Z</Time><Position><LatitudeDegrees>58.697925137396076</LatitudeDegrees><LongitudeDegrees>59.459150667796024</LongitudeDegrees></Position></Trackpoint><Trackpoint><Time>2026-06-27T17:22:41.000Z</Time><Position><LatitudeDegrees>58.69793275771771</LatitudeDegrees><LongitudeDegrees>59.45916871977936</LongitudeDegrees></Position></Trackpoint><Trackpoint><Time>2026-06-27T17:22:42.000Z</Time><Position><LatitudeDegrees>58.69794035889982</LatitudeDegrees><LongitudeDegrees>59.45918872500054</LongitudeDegrees></Position></Trackpoint><Trackpoint><Time>2026-06-27T17:22:43.000Z</Time><Position><LatitudeDegrees>58.69794844543128</LatitudeDegrees><LongitudeDegrees>59.459209415043425</LongitudeDegrees></Position></Trackpoint><Trackpoint><Time>2026-06-27T17:22:44.000Z</Time><Position><LatitudeDegrees>58.697956673172946</LatitudeDegrees><LongitudeDegrees>59.45922871080429</LongitudeDegrees></Position></Trackpoint><Trackpoint><Time>2026-06-27T17:22:45.000Z</Time><Position><LatitudeDegrees>58.69796439266212</LatitudeDegrees><LongitudeDegrees>59.459246424603485</LongitudeDegrees></Position></Trackpoint><Trackpoint><Time>2026-06-27T17:22:46.000Z</Time><Position><LatitudeDegrees>58.69797189127246</LatitudeDegrees><LongitudeDegrees>59.459263661411896</LongitudeDegrees></Position></Trackpoint><Trackpoint><Time>2026-06-27T17:22:47.000Z</Time><Position><LatitudeDegrees>58.697978826092864</LatitudeDegrees><LongitudeDegrees>59.45928044790381</LongitudeDegrees></Position></Trackpoint><Trackpoint><Time>2026-06-27T17:22:48.000Z</Time><Position><LatitudeDegrees>58.69798610748393</LatitudeDegrees><LongitudeDegrees>59.45929734247264</LongitudeDegrees></Position></Trackpoint><Trackpoint><Time>2026-06-27T17:22:49.000Z</Time><Position><LatitudeDegrees>58.697994065880685</LatitudeDegrees><LongitudeDegrees>59.459315540433145</LongitudeDegrees></Position></Trackpoint><Trackpoint><Time>2026-06-27T17:22:50.000Z</Time><Position><LatitudeDegrees>58.69800226086402</LatitudeDegrees><LongitudeDegrees>59.45933389793561</LongitudeDegrees></Position></Trackpoint><Trackpoint><Time>2026-06-27T17:22:51.000Z</Time><Position><LatitudeDegrees>58.698010480689135</LatitudeDegrees><LongitudeDegrees>59.45935143381698</LongitudeDegrees></Position></Trackpoint><Trackpoint><Time>2026-06-27T17:22:52.000Z</Time><Position><LatitudeDegrees>58.69801814535343</LatitudeDegrees><LongitudeDegrees>59.459368828676645</LongitudeDegrees></Position></Trackpoint><Trackpoint><Time>2026-06-27T17:22:53.000Z</Time><Position><LatitudeDegrees>58.69802508724655</LatitudeDegrees><LongitudeDegrees>59.459385891297444</LongitudeDegrees></Position></Trackpoint><Trackpoint><Time>2026-06-27T17:22:54.000Z</Time><Position><LatitudeDegrees>58.69803230932878</LatitudeDegrees><LongitudeDegrees>59.459401606350895</LongitudeDegrees></Position></Trackpoint><Trackpoint><Time>2026-06-27T17:22:55.000Z</Time><Position><LatitudeDegrees>58.69803969908015</LatitudeDegrees><LongitudeDegrees>59.45941768709156</LongitudeDegrees></Position></Trackpoint><Trackpoint><Time>2026-06-27T17:22:56.000Z</Time><Position><LatitudeDegrees>58.69804816786233</LatitudeDegrees><LongitudeDegrees>59.45943430254879</LongitudeDegrees></Position></Trackpoint><Trackpoint><Time>2026-06-27T17:22:57.000Z</Time><Position><LatitudeDegrees>58.69805697329126</LatitudeDegrees><LongitudeDegrees>59.4594499848726</LongitudeDegrees></Position></Trackpoint><Trackpoint><Time>2026-06-27T17:22:58.000Z</Time><Position><LatitudeDegrees>58.69806527680968</LatitudeDegrees><LongitudeDegrees>59.45946424931966</LongitudeDegrees></Position></Trackpoint><Trackpoint><Time>2026-06-27T17:22:59.000Z</Time><Position><LatitudeDegrees>58.69807328710184</LatitudeDegrees><LongitudeDegrees>59.45947756784947</LongitudeDegrees></Position></Trackpoint><Trackpoint><Time>2026-06-27T17:23:00.000Z</Time><Position><LatitudeDegrees>58.698081127746015</LatitudeDegrees><LongitudeDegrees>59.45949074584834</LongitudeDegrees></Position></Trackpoint><Trackpoint><Time>2026-06-27T17:23:01.000Z</Time><Position><LatitudeDegrees>58.698089361020536</LatitudeDegrees><LongitudeDegrees>59.45950462264878</LongitudeDegrees></Position></Trackpoint><Trackpoint><Time>2026-06-27T17:23:02.000Z</Time><Position><LatitudeDegrees>58.69809816809686</LatitudeDegrees><LongitudeDegrees>59.459518475004536</LongitudeDegrees></Position></Trackpoint><Trackpoint><Time>2026-06-27T17:23:03.000Z</Time><Position><LatitudeDegrees>58.69810706033024</LatitudeDegrees><LongitudeDegrees>59.45953200819613</LongitudeDegrees></Position></Trackpoint><Trackpoint><Time>2026-06-27T17:23:04.000Z</Time><Position><LatitudeDegrees>58.698115825550666</LatitudeDegrees><LongitudeDegrees>59.45954514181247</LongitudeDegrees></Position></Trackpoint><Trackpoint><Time>2026-06-27T17:23:05.000Z</Time><Position><LatitudeDegrees>58.69812439268139</LatitudeDegrees><LongitudeDegrees>59.45955838363311</LongitudeDegrees></Position></Trackpoint><Trackpoint><Time>2026-06-27T17:23:06.000Z</Time><Position><LatitudeDegrees>58.69813275787516</LatitudeDegrees><LongitudeDegrees>59.459571928890725</LongitudeDegrees></Position></Trackpoint><Trackpoint><Time>2026-06-27T17:23:07.000Z</Time><Position><LatitudeDegrees>58.698141435076444</LatitudeDegrees><LongitudeDegrees>59.45958630865359</LongitudeDegrees></Position></Trackpoint><Trackpoint><Time>2026-06-27T17:23:08.000Z</Time><Position><LatitudeDegrees>58.698150595899044</LatitudeDegrees><LongitudeDegrees>59.459602124136474</LongitudeDegrees></Position></Trackpoint><Trackpoint><Time>2026-06-27T17:23:09.000Z</Time><Position><LatitudeDegrees>58.698159759336555</LatitudeDegrees><LongitudeDegrees>59.4596179698353</LongitudeDegrees></Position></Trackpoint><Trackpoint><Time>2026-06-27T17:23:10.000Z</Time><Position><LatitudeDegrees>58.698168237348256</LatitudeDegrees><LongitudeDegrees>59.45963326303846</LongitudeDegrees></Position></Trackpoint><Trackpoint><Time>2026-06-27T17:23:11.000Z</Time><Position><LatitudeDegrees>58.69817632416002</LatitudeDegrees><LongitudeDegrees>59.45964832428849</LongitudeDegrees></Position></Trackpoint><Trackpoint><Time>2026-06-27T17:23:12.000Z</Time><Position><LatitudeDegrees>58.69818419115381</LatitudeDegrees><LongitudeDegrees>59.459663804976934</LongitudeDegrees></Position></Trackpoint><Trackpoint><Time>2026-06-27T17:23:13.000Z</Time><Position><LatitudeDegrees>58.69819193712371</LatitudeDegrees><LongitudeDegrees>59.45967942992366</LongitudeDegrees></Position></Trackpoint><Trackpoint><Time>2026-06-27T17:23:14.000Z</Time><Position><LatitudeDegrees>58.698200107900284</LatitudeDegrees><LongitudeDegrees>59.45969702572745</LongitudeDegrees></Position></Trackpoint><Trackpoint><Time>2026-06-27T17:23:15.000Z</Time><Position><LatitudeDegrees>58.698208384140855</LatitudeDegrees><LongitudeDegrees>59.4597151332436</LongitudeDegrees></Position></Trackpoint><Trackpoint><Time>2026-06-27T17:23:16.000Z</Time><Position><LatitudeDegrees>58.698216620793296</LatitudeDegrees><LongitudeDegrees>59.459733085870155</LongitudeDegrees></Position></Trackpoint><Trackpoint><Time>2026-06-27T17:23:17.000Z</Time><Position><LatitudeDegrees>58.698224763201395</LatitudeDegrees><LongitudeDegrees>59.45975013934742</LongitudeDegrees></Position></Trackpoint><Trackpoint><Time>2026-06-27T17:23:18.000Z</Time><Position><LatitudeDegrees>58.6982323113414</LatitudeDegrees><LongitudeDegrees>59.4597661025689</LongitudeDegrees></Position></Trackpoint><Trackpoint><Time>2026-06-27T17:23:19.000Z</Time><Position><LatitudeDegrees>58.69823962517088</LatitudeDegrees><LongitudeDegrees>59.45978152637385</LongitudeDegrees></Position></Trackpoint><Trackpoint><Time>2026-06-27T17:23:20.000Z</Time><Position><LatitudeDegrees>58.698246883005766</LatitudeDegrees><LongitudeDegrees>59.45979621723893</LongitudeDegrees></Position></Trackpoint><Trackpoint><Time>2026-06-27T17:23:21.000Z</Time><Position><LatitudeDegrees>58.698254165469336</LatitudeDegrees><LongitudeDegrees>59.45981214797897</LongitudeDegrees></Position></Trackpoint><Trackpoint><Time>2026-06-27T17:23:22.000Z</Time><Position><LatitudeDegrees>58.6982619922145</LatitudeDegrees><LongitudeDegrees>59.45982997192883</LongitudeDegrees></Position></Trackpoint><Trackpoint><Time>2026-06-27T17:23:23.000Z</Time><Position><LatitudeDegrees>58.698270507393936</LatitudeDegrees><LongitudeDegrees>59.45984873594175</LongitudeDegrees></Position></Trackpoint><Trackpoint><Time>2026-06-27T17:23:24.000Z</Time><Position><LatitudeDegrees>58.698279192404414</LatitudeDegrees><LongitudeDegrees>59.459866947603174</LongitudeDegrees></Position></Trackpoint><Trackpoint><Time>2026-06-27T17:23:25.000Z</Time><Position><LatitudeDegrees>58.698287811870266</LatitudeDegrees><LongitudeDegrees>59.45988406318053</LongitudeDegrees></Position></Trackpoint><Trackpoint><Time>2026-06-27T17:23:26.000Z</Time><Position><LatitudeDegrees>58.698296766879125</LatitudeDegrees><LongitudeDegrees>59.45990097864856</LongitudeDegrees></Position></Trackpoint><Trackpoint><Time>2026-06-27T17:23:27.000Z</Time><Position><LatitudeDegrees>58.69830666915642</LatitudeDegrees><LongitudeDegrees>59.45991808868329</LongitudeDegrees></Position></Trackpoint><Trackpoint><Time>2026-06-27T17:23:28.000Z</Time><Position><LatitudeDegrees>58.698316669829396</LatitudeDegrees><LongitudeDegrees>59.4599355308531</LongitudeDegrees></Position></Trackpoint><Trackpoint><Time>2026-06-27T17:23:29.000Z</Time><Position><LatitudeDegrees>58.69832689628561</LatitudeDegrees><LongitudeDegrees>59.45995282957361</LongitudeDegrees></Position></Trackpoint><Trackpoint><Time>2026-06-27T17:23:30.000Z</Time><Position><LatitudeDegrees>58.69833688239795</LatitudeDegrees><LongitudeDegrees>59.45996833856294</LongitudeDegrees></Position></Trackpoint><Trackpoint><Time>2026-06-27T17:23:31.000Z</Time><Position><LatitudeDegrees>58.698346467047514</LatitudeDegrees><LongitudeDegrees>59.45998307836846</LongitudeDegrees></Position></Trackpoint><Trackpoint><Time>2026-06-27T17:23:32.000Z</Time><Position><LatitudeDegrees>58.69835514579667</LatitudeDegrees><LongitudeDegrees>59.45999707839857</LongitudeDegrees></Position></Trackpoint><Trackpoint><Time>2026-06-27T17:23:33.000Z</Time><Position><LatitudeDegrees>58.698363806393374</LatitudeDegrees><LongitudeDegrees>59.460010935324306</LongitudeDegrees></Position></Trackpoint><Trackpoint><Time>2026-06-27T17:23:34.000Z</Time><Position><LatitudeDegrees>58.69837232716105</LatitudeDegrees><LongitudeDegrees>59.460025402852544</LongitudeDegrees></Position></Trackpoint><Trackpoint><Time>2026-06-27T17:23:35.000Z</Time><Position><LatitudeDegrees>58.698380675936086</LatitudeDegrees><LongitudeDegrees>59.460040713015</LongitudeDegrees></Position></Trackpoint><Trackpoint><Time>2026-06-27T17:23:36.000Z</Time><Position><LatitudeDegrees>58.69838886154741</LatitudeDegrees><LongitudeDegrees>59.46005636360863</LongitudeDegrees></Position></Trackpoint><Trackpoint><Time>2026-06-27T17:23:37.000Z</Time><Position><LatitudeDegrees>58.69839690857289</LatitudeDegrees><LongitudeDegrees>59.460071614505026</LongitudeDegrees></Position></Trackpoint><Trackpoint><Time>2026-06-27T17:23:38.000Z</Time><Position><LatitudeDegrees>58.698404844921804</LatitudeDegrees><LongitudeDegrees>59.460086701805785</LongitudeDegrees></Position></Trackpoint><Trackpoint><Time>2026-06-27T17:23:39.000Z</Time><Position><LatitudeDegrees>58.6984131859039</LatitudeDegrees><LongitudeDegrees>59.460101254132056</LongitudeDegrees></Position></Trackpoint><Trackpoint><Time>2026-06-27T17:23:40.000Z</Time><Position><LatitudeDegrees>58.698422581417496</LatitudeDegrees><LongitudeDegrees>59.46011616642203</LongitudeDegrees></Position></Trackpoint><Trackpoint><Time>2026-06-27T17:23:41.000Z</Time><Position><LatitudeDegrees>58.69843267415423</LatitudeDegrees><LongitudeDegrees>59.46013176104032</LongitudeDegrees></Position></Trackpoint><Trackpoint><Time>2026-06-27T17:23:42.000Z</Time><Position><LatitudeDegrees>58.69844273786447</LatitudeDegrees><LongitudeDegrees>59.460146614339756</LongitudeDegrees></Position></Trackpoint><Trackpoint><Time>2026-06-27T17:23:43.000Z</Time><Position><LatitudeDegrees>58.698452477179885</LatitudeDegrees><LongitudeDegrees>59.46016072477273</LongitudeDegrees></Position></Trackpoint><Trackpoint><Time>2026-06-27T17:23:44.000Z</Time><Position><LatitudeDegrees>58.69846132248293</LatitudeDegrees><LongitudeDegrees>59.4601751662689</LongitudeDegrees></Position></Trackpoint><Trackpoint><Time>2026-06-27T17:23:45.000Z</Time><Position><LatitudeDegrees>58.69846915393123</LatitudeDegrees><LongitudeDegrees>59.460190338616854</LongitudeDegrees></Position></Trackpoint><Trackpoint><Time>2026-06-27T17:23:46.000Z</Time><Position><LatitudeDegrees>58.69847654190704</LatitudeDegrees><LongitudeDegrees>59.46020680226978</LongitudeDegrees></Position></Trackpoint><Trackpoint><Time>2026-06-27T17:23:47.000Z</Time><Position><LatitudeDegrees>58.698484267842446</LatitudeDegrees><LongitudeDegrees>59.46022511191455</LongitudeDegrees></Position></Trackpoint><Trackpoint><Time>2026-06-27T17:23:48.000Z</Time><Position><LatitudeDegrees>58.69849212057</LatitudeDegrees><LongitudeDegrees>59.460243790227615</LongitudeDegrees></Position></Trackpoint><Trackpoint><Time>2026-06-27T17:23:49.000Z</Time><Position><LatitudeDegrees>58.69849999685034</LatitudeDegrees><LongitudeDegrees>59.46026120225861</LongitudeDegrees></Position></Trackpoint><Trackpoint><Time>2026-06-27T17:23:50.000Z</Time><Position><LatitudeDegrees>58.69850736153245</LatitudeDegrees><LongitudeDegrees>59.46027683720583</LongitudeDegrees></Position></Trackpoint><Trackpoint><Time>2026-06-27T17:23:51.000Z</Time><Position><LatitudeDegrees>58.6985145494968</LatitudeDegrees><LongitudeDegrees>59.460291202400754</LongitudeDegrees></Position></Trackpoint><Trackpoint><Time>2026-06-27T17:23:52.000Z</Time><Position><LatitudeDegrees>58.69852172133977</LatitudeDegrees><LongitudeDegrees>59.46030515936079</LongitudeDegrees></Position></Trackpoint><Trackpoint><Time>2026-06-27T17:23:53.000Z</Time><Position><LatitudeDegrees>58.69852943488009</LatitudeDegrees><LongitudeDegrees>59.46031911528387</LongitudeDegrees></Position></Trackpoint><Trackpoint><Time>2026-06-27T17:23:54.000Z</Time><Position><LatitudeDegrees>58.698536871098845</LatitudeDegrees><LongitudeDegrees>59.46033470683264</LongitudeDegrees></Position></Trackpoint><Trackpoint><Time>2026-06-27T17:23:55.000Z</Time><Position><LatitudeDegrees>58.698544707511765</LatitudeDegrees><LongitudeDegrees>59.460350929277396</LongitudeDegrees></Position></Trackpoint><Trackpoint><Time>2026-06-27T17:23:56.000Z</Time><Position><LatitudeDegrees>58.69855268216749</LatitudeDegrees><LongitudeDegrees>59.4603667982518</LongitudeDegrees></Position></Trackpoint><Trackpoint><Time>2026-06-27T17:23:57.000Z</Time><Position><LatitudeDegrees>58.698560179831844</LatitudeDegrees><LongitudeDegrees>59.46038244333895</LongitudeDegrees></Position></Trackpoint><Trackpoint><Time>2026-06-27T17:23:58.000Z</Time><Position><LatitudeDegrees>58.698567497962614</LatitudeDegrees><LongitudeDegrees>59.460397946641095</LongitudeDegrees></Position></Trackpoint><Trackpoint><Time>2026-06-27T17:23:59.000Z</Time><Position><LatitudeDegrees>58.698574782105695</LatitudeDegrees><LongitudeDegrees>59.46041287055794</LongitudeDegrees></Position></Trackpoint><Trackpoint><Time>2026-06-27T17:24:00.000Z</Time><Position><LatitudeDegrees>58.69858258617464</LatitudeDegrees><LongitudeDegrees>59.4604290676768</LongitudeDegrees></Position></Trackpoint><Trackpoint><Time>2026-06-27T17:24:01.000Z</Time><Position><LatitudeDegrees>58.69859107155781</LatitudeDegrees><LongitudeDegrees>59.46044664793073</LongitudeDegrees></Position></Trackpoint><Trackpoint><Time>2026-06-27T17:24:02.000Z</Time><Position><LatitudeDegrees>58.69859972766405</LatitudeDegrees><LongitudeDegrees>59.460464010238695</LongitudeDegrees></Position></Trackpoint><Trackpoint><Time>2026-06-27T17:24:03.000Z</Time><Position><LatitudeDegrees>58.69860832230286</LatitudeDegrees><LongitudeDegrees>59.46048003358453</LongitudeDegrees></Position></Trackpoint><Trackpoint><Time>2026-06-27T17:24:04.000Z</Time><Position><LatitudeDegrees>58.69861676773968</LatitudeDegrees><LongitudeDegrees>59.46049540737141</LongitudeDegrees></Position></Trackpoint><Trackpoint><Time>2026-06-27T17:24:05.000Z</Time><Position><LatitudeDegrees>58.698625046992355</LatitudeDegrees><LongitudeDegrees>59.46051049888845</LongitudeDegrees></Position></Trackpoint><Trackpoint><Time>2026-06-27T17:24:06.000Z</Time><Position><LatitudeDegrees>58.69863366400717</LatitudeDegrees><LongitudeDegrees>59.46052549562648</LongitudeDegrees></Position></Trackpoint><Trackpoint><Time>2026-06-27T17:24:07.000Z</Time><Position><LatitudeDegrees>58.698642782974744</LatitudeDegrees><LongitudeDegrees>59.460541955797055</LongitudeDegrees></Position></Trackpoint><Trackpoint><Time>2026-06-27T17:24:08.000Z</Time><Position><LatitudeDegrees>58.698652407089384</LatitudeDegrees><LongitudeDegrees>59.460558864462456</LongitudeDegrees></Position></Trackpoint><Trackpoint><Time>2026-06-27T17:24:09.000Z</Time><Position><LatitudeDegrees>58.69866247283174</LatitudeDegrees><LongitudeDegrees>59.46057476685261</LongitudeDegrees></Position></Trackpoint><Trackpoint><Time>2026-06-27T17:24:10.000Z</Time><Position><LatitudeDegrees>58.69867289736018</LatitudeDegrees><LongitudeDegrees>59.460589192998604</LongitudeDegrees></Position></Trackpoint><Trackpoint><Time>2026-06-27T17:24:11.000Z</Time><Position><LatitudeDegrees>58.69868262128687</LatitudeDegrees><LongitudeDegrees>59.46060262843588</LongitudeDegrees></Position></Trackpoint><Trackpoint><Time>2026-06-27T17:24:12.000Z</Time><Position><LatitudeDegrees>58.69869178785236</LatitudeDegrees><LongitudeDegrees>59.46061637950133</LongitudeDegrees></Position></Trackpoint><Trackpoint><Time>2026-06-27T17:24:13.000Z</Time><Position><LatitudeDegrees>58.698701017194985</LatitudeDegrees><LongitudeDegrees>59.460629474845796</LongitudeDegrees></Position></Trackpoint><Trackpoint><Time>2026-06-27T17:24:14.000Z</Time><Position><LatitudeDegrees>58.69871055665102</LatitudeDegrees><LongitudeDegrees>59.460643067427945</LongitudeDegrees></Position></Trackpoint><Trackpoint><Time>2026-06-27T17:24:15.000Z</Time><Position><LatitudeDegrees>58.698719978668606</LatitudeDegrees><LongitudeDegrees>59.46065903708677</LongitudeDegrees></Position></Trackpoint><Trackpoint><Time>2026-06-27T17:24:16.000Z</Time><Position><LatitudeDegrees>58.69872863263004</LatitudeDegrees><LongitudeDegrees>59.46067687368721</LongitudeDegrees></Position></Trackpoint><Trackpoint><Time>2026-06-27T17:24:17.000Z</Time><Position><LatitudeDegrees>58.698736349168115</LatitudeDegrees><LongitudeDegrees>59.460695637908906</LongitudeDegrees></Position></Trackpoint><Trackpoint><Time>2026-06-27T17:24:18.000Z</Time><Position><LatitudeDegrees>58.69874317884862</LatitudeDegrees><LongitudeDegrees>59.46071482384961</LongitudeDegrees></Position></Trackpoint><Trackpoint><Time>2026-06-27T17:24:19.000Z</Time><Position><LatitudeDegrees>58.6987497459337</LatitudeDegrees><LongitudeDegrees>59.460733679424294</LongitudeDegrees></Position></Trackpoint><Trackpoint><Time>2026-06-27T17:24:20.000Z</Time><Position><LatitudeDegrees>58.69875683082965</LatitudeDegrees><LongitudeDegrees>59.46075144769063</LongitudeDegrees></Position></Trackpoint><Trackpoint><Time>2026-06-27T17:24:21.000Z</Time><Position><LatitudeDegrees>58.698764688473574</LatitudeDegrees><LongitudeDegrees>59.46076844607953</LongitudeDegrees></Position></Trackpoint><Trackpoint><Time>2026-06-27T17:24:22.000Z</Time><Position><LatitudeDegrees>58.69877332467603</LatitudeDegrees><LongitudeDegrees>59.460786862574686</LongitudeDegrees></Position></Trackpoint><Trackpoint><Time>2026-06-27T17:24:23.000Z</Time><Position><LatitudeDegrees>58.69878313151383</LatitudeDegrees><LongitudeDegrees>59.46080643702773</LongitudeDegrees></Position></Trackpoint><Trackpoint><Time>2026-06-27T17:24:24.000Z</Time><Position><LatitudeDegrees>58.69879363059736</LatitudeDegrees><LongitudeDegrees>59.46082593445751</LongitudeDegrees></Position></Trackpoint><Trackpoint><Time>2026-06-27T17:24:25.000Z</Time><Position><LatitudeDegrees>58.69880404645053</LatitudeDegrees><LongitudeDegrees>59.46084387692218</LongitudeDegrees></Position></Trackpoint><Trackpoint><Time>2026-06-27T17:24:26.000Z</Time><Position><LatitudeDegrees>58.69881358077831</LatitudeDegrees><LongitudeDegrees>59.46085985533344</LongitudeDegrees></Position></Trackpoint><Trackpoint><Time>2026-06-27T17:24:27.000Z</Time><Position><LatitudeDegrees>58.698822017958605</LatitudeDegrees><LongitudeDegrees>59.46087395329834</LongitudeDegrees></Position></Trackpoint><Trackpoint><Time>2026-06-27T17:24:28.000Z</Time><Position><LatitudeDegrees>58.6988298996189</LatitudeDegrees><LongitudeDegrees>59.46088644660151</LongitudeDegrees></Position></Trackpoint><Trackpoint><Time>2026-06-27T17:24:29.000Z</Time><Position><LatitudeDegrees>58.69883703050899</LatitudeDegrees><LongitudeDegrees>59.46089814438678</LongitudeDegrees></Position></Trackpoint><Trackpoint><Time>2026-06-27T17:24:30.000Z</Time><Position><LatitudeDegrees>58.6988448954104</LatitudeDegrees><LongitudeDegrees>59.46090997160069</LongitudeDegrees></Position></Trackpoint><Trackpoint><Time>2026-06-27T17:24:31.000Z</Time><Position><LatitudeDegrees>58.698853032375204</LatitudeDegrees><LongitudeDegrees>59.4609218029445</LongitudeDegrees></Position></Trackpoint><Trackpoint><Time>2026-06-27T17:24:32.000Z</Time><Position><LatitudeDegrees>58.6988612162389</LatitudeDegrees><LongitudeDegrees>59.46093358628592</LongitudeDegrees></Position></Trackpoint><Trackpoint><Time>2026-06-27T17:24:33.000Z</Time><Position><LatitudeDegrees>58.69886885864124</LatitudeDegrees><LongitudeDegrees>59.4609457959268</LongitudeDegrees></Position></Trackpoint><Trackpoint><Time>2026-06-27T17:24:34.000Z</Time><Position><LatitudeDegrees>58.698876276382194</LatitudeDegrees><LongitudeDegrees>59.460958572485566</LongitudeDegrees></Position></Trackpoint><Trackpoint><Time>2026-06-27T17:24:35.000Z</Time><Position><LatitudeDegrees>58.698883628765515</LatitudeDegrees><LongitudeDegrees>59.460973859553</LongitudeDegrees></Position></Trackpoint><Trackpoint><Time>2026-06-27T17:24:36.000Z</Time><Position><LatitudeDegrees>58.698890989786356</LatitudeDegrees><LongitudeDegrees>59.46099164573399</LongitudeDegrees></Position></Trackpoint><Trackpoint><Time>2026-06-27T17:24:37.000Z</Time><Position><LatitudeDegrees>58.69889838880977</LatitudeDegrees><LongitudeDegrees>59.46101013674636</LongitudeDegrees></Position></Trackpoint><Trackpoint><Time>2026-06-27T17:24:38.000Z</Time><Position><LatitudeDegrees>58.69890632266232</LatitudeDegrees><LongitudeDegrees>59.4610280135702</LongitudeDegrees></Position></Trackpoint><Trackpoint><Time>2026-06-27T17:24:39.000Z</Time><Position><LatitudeDegrees>58.69891443769861</LatitudeDegrees><LongitudeDegrees>59.461044811819306</LongitudeDegrees></Position></Trackpoint><Trackpoint><Time>2026-06-27T17:24:40.000Z</Time><Position><LatitudeDegrees>58.69892256502103</LatitudeDegrees><LongitudeDegrees>59.46106096828801</LongitudeDegrees></Position></Trackpoint><Trackpoint><Time>2026-06-27T17:24:41.000Z</Time><Position><LatitudeDegrees>58.69893112310561</LatitudeDegrees><LongitudeDegrees>59.46107478679184</LongitudeDegrees></Position></Trackpoint><Trackpoint><Time>2026-06-27T17:24:42.000Z</Time><Position><LatitudeDegrees>58.698940229007064</LatitudeDegrees><LongitudeDegrees>59.461088806523435</LongitudeDegrees></Position></Trackpoint><Trackpoint><Time>2026-06-27T17:24:43.000Z</Time><Position><LatitudeDegrees>58.69894986062097</LatitudeDegrees><LongitudeDegrees>59.46110453699034</LongitudeDegrees></Position></Trackpoint><Trackpoint><Time>2026-06-27T17:24:44.000Z</Time><Position><LatitudeDegrees>58.698959941369594</LatitudeDegrees><LongitudeDegrees>59.461120911455964</LongitudeDegrees></Position></Trackpoint><Trackpoint><Time>2026-06-27T17:24:45.000Z</Time><Position><LatitudeDegrees>58.69896989245928</LatitudeDegrees><LongitudeDegrees>59.46113789755695</LongitudeDegrees></Position></Trackpoint><Trackpoint><Time>2026-06-27T17:24:46.000Z</Time><Position><LatitudeDegrees>58.69897949216504</LatitudeDegrees><LongitudeDegrees>59.46115491385191</LongitudeDegrees></Position></Trackpoint><Trackpoint><Time>2026-06-27T17:24:47.000Z</Time><Position><LatitudeDegrees>58.69898869427271</LatitudeDegrees><LongitudeDegrees>59.461171717008526</LongitudeDegrees></Position></Trackpoint><Trackpoint><Time>2026-06-27T17:24:48.000Z</Time><Position><LatitudeDegrees>58.69899802039149</LatitudeDegrees><LongitudeDegrees>59.46118774455981</LongitudeDegrees></Position></Trackpoint><Trackpoint><Time>2026-06-27T17:24:49.000Z</Time><Position><LatitudeDegrees>58.69900766942082</LatitudeDegrees><LongitudeDegrees>59.461204333242726</LongitudeDegrees></Position></Trackpoint><Trackpoint><Time>2026-06-27T17:24:50.000Z</Time><Position><LatitudeDegrees>58.69901719221841</LatitudeDegrees><LongitudeDegrees>59.46122245116036</LongitudeDegrees></Position></Trackpoint><Trackpoint><Time>2026-06-27T17:24:51.000Z</Time><Position><LatitudeDegrees>58.69902690962477</LatitudeDegrees><LongitudeDegrees>59.46123985268178</LongitudeDegrees></Position></Trackpoint><Trackpoint><Time>2026-06-27T17:24:52.000Z</Time><Position><LatitudeDegrees>58.69903643918435</LatitudeDegrees><LongitudeDegrees>59.461256194540276</LongitudeDegrees></Position></Trackpoint><Trackpoint><Time>2026-06-27T17:24:53.000Z</Time><Position><LatitudeDegrees>58.69904564749905</LatitudeDegrees><LongitudeDegrees>59.46127196098392</LongitudeDegrees></Position></Trackpoint><Trackpoint><Time>2026-06-27T17:24:54.000Z</Time><Position><LatitudeDegrees>58.69905403125177</LatitudeDegrees><LongitudeDegrees>59.461287914906464</LongitudeDegrees></Position></Trackpoint><Trackpoint><Time>2026-06-27T17:24:55.000Z</Time><Position><LatitudeDegrees>58.699061978601634</LatitudeDegrees><LongitudeDegrees>59.46130385681974</LongitudeDegrees></Position></Trackpoint><Trackpoint><Time>2026-06-27T17:24:56.000Z</Time><Position><LatitudeDegrees>58.699069705417166</LatitudeDegrees><LongitudeDegrees>59.46132215416233</LongitudeDegrees></Position></Trackpoint><Trackpoint><Time>2026-06-27T17:24:57.000Z</Time><Position><LatitudeDegrees>58.69907732890547</LatitudeDegrees><LongitudeDegrees>59.46134250038738</LongitudeDegrees></Position></Trackpoint><Trackpoint><Time>2026-06-27T17:24:58.000Z</Time><Position><LatitudeDegrees>58.69908491059822</LatitudeDegrees><LongitudeDegrees>59.46136254783522</LongitudeDegrees></Position></Trackpoint><Trackpoint><Time>2026-06-27T17:24:59.000Z</Time><Position><LatitudeDegrees>58.69909199159002</LatitudeDegrees><LongitudeDegrees>59.461381857619536</LongitudeDegrees></Position></Trackpoint><Trackpoint><Time>2026-06-27T17:25:00.000Z</Time><Position><LatitudeDegrees>58.699098447152494</LatitudeDegrees><LongitudeDegrees>59.461400343670306</LongitudeDegrees></Position></Trackpoint><Trackpoint><Time>2026-06-27T17:25:01.000Z</Time><Position><LatitudeDegrees>58.699104795801894</LatitudeDegrees><LongitudeDegrees>59.46141807626598</LongitudeDegrees></Position></Trackpoint><Trackpoint><Time>2026-06-27T17:25:02.000Z</Time><Position><LatitudeDegrees>58.69911175441324</LatitudeDegrees><LongitudeDegrees>59.461435670665004</LongitudeDegrees></Position></Trackpoint><Trackpoint><Time>2026-06-27T17:25:03.000Z</Time><Position><LatitudeDegrees>58.699118560710644</LatitudeDegrees><LongitudeDegrees>59.46145437720989</LongitudeDegrees></Position></Trackpoint><Trackpoint><Time>2026-06-27T17:25:04.000Z</Time><Position><LatitudeDegrees>58.699125409923354</LatitudeDegrees><LongitudeDegrees>59.461473588869914</LongitudeDegrees></Position></Trackpoint><Trackpoint><Time>2026-06-27T17:25:05.000Z</Time><Position><LatitudeDegrees>58.69913237694518</LatitudeDegrees><LongitudeDegrees>59.461492990818805</LongitudeDegrees></Position></Trackpoint><Trackpoint><Time>2026-06-27T17:25:06.000Z</Time><Position><LatitudeDegrees>58.69913898788864</LatitudeDegrees><LongitudeDegrees>59.46151193936671</LongitudeDegrees></Position></Trackpoint><Trackpoint><Time>2026-06-27T17:25:07.000Z</Time><Position><LatitudeDegrees>58.6991455829038</LatitudeDegrees><LongitudeDegrees>59.461530227614006</LongitudeDegrees></Position></Trackpoint><Trackpoint><Time>2026-06-27T17:25:08.000Z</Time><Position><LatitudeDegrees>58.6991523041202</LatitudeDegrees><LongitudeDegrees>59.46154834471174</LongitudeDegrees></Position></Trackpoint><Trackpoint><Time>2026-06-27T17:25:09.000Z</Time><Position><LatitudeDegrees>58.69915919387375</LatitudeDegrees><LongitudeDegrees>59.46156651407539</LongitudeDegrees></Position></Trackpoint><Trackpoint><Time>2026-06-27T17:25:10.000Z</Time><Position><LatitudeDegrees>58.69916624796832</LatitudeDegrees><LongitudeDegrees>59.46158482100668</LongitudeDegrees></Position></Trackpoint><Trackpoint><Time>2026-06-27T17:25:11.000Z</Time><Position><LatitudeDegrees>58.69917393319351</LatitudeDegrees><LongitudeDegrees>59.46160230375784</LongitudeDegrees></Position></Trackpoint><Trackpoint><Time>2026-06-27T17:25:12.000Z</Time><Position><LatitudeDegrees>58.69918187117354</LatitudeDegrees><LongitudeDegrees>59.46161916164198</LongitudeDegrees></Position></Trackpoint><Trackpoint><Time>2026-06-27T17:25:13.000Z</Time><Position><LatitudeDegrees>58.69918938402936</LatitudeDegrees><LongitudeDegrees>59.461635556943605</LongitudeDegrees></Position></Trackpoint><Trackpoint><Time>2026-06-27T17:25:14.000Z</Time><Position><LatitudeDegrees>58.69919575754117</LatitudeDegrees><LongitudeDegrees>59.46165161586866</LongitudeDegrees></Position></Trackpoint><Trackpoint><Time>2026-06-27T17:25:15.000Z</Time><Position><LatitudeDegrees>58.69920231263439</LatitudeDegrees><LongitudeDegrees>59.46166694395576</LongitudeDegrees></Position></Trackpoint><Trackpoint><Time>2026-06-27T17:25:16.000Z</Time><Position><LatitudeDegrees>58.69920908039384</LatitudeDegrees><LongitudeDegrees>59.46168147255451</LongitudeDegrees></Position></Trackpoint><Trackpoint><Time>2026-06-27T17:25:17.000Z</Time><Position><LatitudeDegrees>58.699216046325894</LatitudeDegrees><LongitudeDegrees>59.46169674483735</LongitudeDegrees></Position></Trackpoint><Trackpoint><Time>2026-06-27T17:25:18.000Z</Time><Position><LatitudeDegrees>58.69922268941582</LatitudeDegrees><LongitudeDegrees>59.461713790494045</LongitudeDegrees></Position></Trackpoint><Trackpoint><Time>2026-06-27T17:25:19.000Z</Time><Position><LatitudeDegrees>58.69922883652867</LatitudeDegrees><LongitudeDegrees>59.46173231636472</LongitudeDegrees></Position></Trackpoint><Trackpoint><Time>2026-06-27T17:25:20.000Z</Time><Position><LatitudeDegrees>58.699233990409</LatitudeDegrees><LongitudeDegrees>59.46175152212251</LongitudeDegrees></Position></Trackpoint><Trackpoint><Time>2026-06-27T17:25:21.000Z</Time><Position><LatitudeDegrees>58.699239052971556</LatitudeDegrees><LongitudeDegrees>59.461770501293024</LongitudeDegrees></Position></Trackpoint><Trackpoint><Time>2026-06-27T17:25:22.000Z</Time><Position><LatitudeDegrees>58.69924391776478</LatitudeDegrees><LongitudeDegrees>59.46178988886326</LongitudeDegrees></Position></Trackpoint><Trackpoint><Time>2026-06-27T17:25:23.000Z</Time><Position><LatitudeDegrees>58.699249055942396</LatitudeDegrees><LongitudeDegrees>59.46180940431392</LongitudeDegrees></Position></Trackpoint><Trackpoint><Time>2026-06-27T17:25:24.000Z</Time><Position><LatitudeDegrees>58.69925462645274</LatitudeDegrees><LongitudeDegrees>59.461829894925785</LongitudeDegrees></Position></Trackpoint><Trackpoint><Time>2026-06-27T17:25:25.000Z</Time><Position><LatitudeDegrees>58.69926063926679</LatitudeDegrees><LongitudeDegrees>59.46185109486626</LongitudeDegrees></Position></Trackpoint><Trackpoint><Time>2026-06-27T17:25:26.000Z</Time><Position><LatitudeDegrees>58.69926704172191</LatitudeDegrees><LongitudeDegrees>59.4618713347835</LongitudeDegrees></Position></Trackpoint><Trackpoint><Time>2026-06-27T17:25:27.000Z</Time><Position><LatitudeDegrees>58.69927327250941</LatitudeDegrees><LongitudeDegrees>59.461890050400285</LongitudeDegrees></Position></Trackpoint><Trackpoint><Time>2026-06-27T17:25:28.000Z</Time><Position><LatitudeDegrees>58.69927961210756</LatitudeDegrees><LongitudeDegrees>59.4619076945807</LongitudeDegrees></Position></Trackpoint><Trackpoint><Time>2026-06-27T17:25:29.000Z</Time><Position><LatitudeDegrees>58.69928567245035</LatitudeDegrees><LongitudeDegrees>59.4619241017359</LongitudeDegrees></Position></Trackpoint><Trackpoint><Time>2026-06-27T17:25:30.000Z</Time><Position><LatitudeDegrees>58.6992918191719</LatitudeDegrees><LongitudeDegrees>59.461940341662434</LongitudeDegrees></Position></Trackpoint><Trackpoint><Time>2026-06-27T17:25:31.000Z</Time><Position><LatitudeDegrees>58.699298191765926</LatitudeDegrees><LongitudeDegrees>59.461956386791115</LongitudeDegrees></Position></Trackpoint><Trackpoint><Time>2026-06-27T17:25:32.000Z</Time><Position><LatitudeDegrees>58.699303839468975</LatitudeDegrees><LongitudeDegrees>59.461972740380666</LongitudeDegrees></Position></Trackpoint><Trackpoint><Time>2026-06-27T17:25:33.000Z</Time><Position><LatitudeDegrees>58.69930993259547</LatitudeDegrees><LongitudeDegrees>59.46198810126746</LongitudeDegrees></Position></Trackpoint><Trackpoint><Time>2026-06-27T17:25:34.000Z</Time><Position><LatitudeDegrees>58.69931640633987</LatitudeDegrees><LongitudeDegrees>59.46200304022207</LongitudeDegrees></Position></Trackpoint><Trackpoint><Time>2026-06-27T17:25:35.000Z</Time><Position><LatitudeDegrees>58.699322695550734</LatitudeDegrees><LongitudeDegrees>59.46201833607182</LongitudeDegrees></Position></Trackpoint><Trackpoint><Time>2026-06-27T17:25:36.000Z</Time><Position><LatitudeDegrees>58.69932908077509</LatitudeDegrees><LongitudeDegrees>59.46203475336745</LongitudeDegrees></Position></Trackpoint><Trackpoint><Time>2026-06-27T17:25:37.000Z</Time><Position><LatitudeDegrees>58.699336154838974</LatitudeDegrees><LongitudeDegrees>59.462051973429936</LongitudeDegrees></Position></Trackpoint><Trackpoint><Time>2026-06-27T17:25:38.000Z</Time><Position><LatitudeDegrees>58.69934407347642</LatitudeDegrees><LongitudeDegrees>59.46206976198274</LongitudeDegrees></Position></Trackpoint><Trackpoint><Time>2026-06-27T17:25:39.000Z</Time><Position><LatitudeDegrees>58.69935181320291</LatitudeDegrees><LongitudeDegrees>59.4620884391887</LongitudeDegrees></Position></Trackpoint><Trackpoint><Time>2026-06-27T17:25:40.000Z</Time><Position><LatitudeDegrees>58.69935946508696</LatitudeDegrees><LongitudeDegrees>59.46210753323365</LongitudeDegrees></Position></Trackpoint><Trackpoint><Time>2026-06-27T17:25:41.000Z</Time><Position><LatitudeDegrees>58.699367567518685</LatitudeDegrees><LongitudeDegrees>59.46212728591875</LongitudeDegrees></Position></Trackpoint><Trackpoint><Time>2026-06-27T17:25:42.000Z</Time><Position><LatitudeDegrees>58.699375794787365</LatitudeDegrees><LongitudeDegrees>59.46214722267968</LongitudeDegrees></Position></Trackpoint><Trackpoint><Time>2026-06-27T17:25:43.000Z</Time><Position><LatitudeDegrees>58.699383996731825</LatitudeDegrees><LongitudeDegrees>59.462168103670436</LongitudeDegrees></Position></Trackpoint><Trackpoint><Time>2026-06-27T17:25:44.000Z</Time><Position><LatitudeDegrees>58.699392604371624</LatitudeDegrees><LongitudeDegrees>59.462189141536065</LongitudeDegrees></Position></Trackpoint><Trackpoint><Time>2026-06-27T17:25:45.000Z</Time><Position><LatitudeDegrees>58.699401253534</LatitudeDegrees><LongitudeDegrees>59.462209502272266</LongitudeDegrees></Position></Trackpoint><Trackpoint><Time>2026-06-27T17:25:46.000Z</Time><Position><LatitudeDegrees>58.69940929930047</LatitudeDegrees><LongitudeDegrees>59.462229908538035</LongitudeDegrees></Position></Trackpoint><Trackpoint><Time>2026-06-27T17:25:47.000Z</Time><Position><LatitudeDegrees>58.69941655351707</LatitudeDegrees><LongitudeDegrees>59.46224967288356</LongitudeDegrees></Position></Trackpoint><Trackpoint><Time>2026-06-27T17:25:48.000Z</Time><Position><LatitudeDegrees>58.69942352990054</LatitudeDegrees><LongitudeDegrees>59.46226859458357</LongitudeDegrees></Position></Trackpoint><Trackpoint><Time>2026-06-27T17:25:49.000Z</Time><Position><LatitudeDegrees>58.69943047567606</LatitudeDegrees><LongitudeDegrees>59.462287678346215</LongitudeDegrees></Position></Trackpoint><Trackpoint><Time>2026-06-27T17:25:50.000Z</Time><Position><LatitudeDegrees>58.699437986198284</LatitudeDegrees><LongitudeDegrees>59.462306337922094</LongitudeDegrees></Position></Trackpoint><Trackpoint><Time>2026-06-27T17:25:51.000Z</Time><Position><LatitudeDegrees>58.699445744559114</LatitudeDegrees><LongitudeDegrees>59.462324386317874</LongitudeDegrees></Position></Trackpoint><Trackpoint><Time>2026-06-27T17:25:52.000Z</Time><Position><LatitudeDegrees>58.6994530988249</LatitudeDegrees><LongitudeDegrees>59.46234280418875</LongitudeDegrees></Position></Trackpoint><Trackpoint><Time>2026-06-27T17:25:53.000Z</Time><Position><LatitudeDegrees>58.699459832372604</LatitudeDegrees><LongitudeDegrees>59.462360968758425</LongitudeDegrees></Position></Trackpoint><Trackpoint><Time>2026-06-27T17:25:54.000Z</Time><Position><LatitudeDegrees>58.69946691487911</LatitudeDegrees><LongitudeDegrees>59.46237865605767</LongitudeDegrees></Position></Trackpoint><Trackpoint><Time>2026-06-27T17:25:55.000Z</Time><Position><LatitudeDegrees>58.699474700901355</LatitudeDegrees><LongitudeDegrees>59.462397793547915</LongitudeDegrees></Position></Trackpoint><Trackpoint><Time>2026-06-27T17:25:56.000Z</Time><Position><LatitudeDegrees>58.699483246162536</LatitudeDegrees><LongitudeDegrees>59.462418499281604</LongitudeDegrees></Position></Trackpoint><Trackpoint><Time>2026-06-27T17:25:57.000Z</Time><Position><LatitudeDegrees>58.699491986553525</LatitudeDegrees><LongitudeDegrees>59.462439151763135</LongitudeDegrees></Position></Trackpoint><Trackpoint><Time>2026-06-27T17:25:58.000Z</Time><Position><LatitudeDegrees>58.69950066471077</LatitudeDegrees><LongitudeDegrees>59.4624590900414</LongitudeDegrees></Position></Trackpoint><Trackpoint><Time>2026-06-27T17:25:59.000Z</Time><Position><LatitudeDegrees>58.69950869302035</LatitudeDegrees><LongitudeDegrees>59.4624761751391</LongitudeDegrees></Position></Trackpoint><Trackpoint><Time>2026-06-27T17:26:00.000Z</Time><Position><LatitudeDegrees>58.69951591289023</LatitudeDegrees><LongitudeDegrees>59.46249087157672</LongitudeDegrees></Position></Trackpoint><Trackpoint><Time>2026-06-27T17:26:01.000Z</Time><Position><LatitudeDegrees>58.69952285237955</LatitudeDegrees><LongitudeDegrees>59.46250318762956</LongitudeDegrees></Position></Trackpoint><Trackpoint><Time>2026-06-27T17:26:02.000Z</Time><Position><LatitudeDegrees>58.69952927533648</LatitudeDegrees><LongitudeDegrees>59.46251588027754</LongitudeDegrees></Position></Trackpoint><Trackpoint><Time>2026-06-27T17:26:03.000Z</Time><Position><LatitudeDegrees>58.69953515080197</LatitudeDegrees><LongitudeDegrees>59.462529546990915</LongitudeDegrees></Position></Trackpoint><Trackpoint><Time>2026-06-27T17:26:04.000Z</Time><Position><LatitudeDegrees>58.69954151551698</LatitudeDegrees><LongitudeDegrees>59.46254283997616</LongitudeDegrees></Position></Trackpoint><Trackpoint><Time>2026-06-27T17:26:05.000Z</Time><Position><LatitudeDegrees>58.699548244040955</LatitudeDegrees><LongitudeDegrees>59.46255574174502</LongitudeDegrees></Position></Trackpoint><Trackpoint><Time>2026-06-27T17:26:06.000Z</Time><Position><LatitudeDegrees>58.69955474840835</LatitudeDegrees><LongitudeDegrees>59.462568295307285</LongitudeDegrees></Position></Trackpoint><Trackpoint><Time>2026-06-27T17:26:07.000Z</Time><Position><LatitudeDegrees>58.69956081524551</LatitudeDegrees><LongitudeDegrees>59.46258056306761</LongitudeDegrees></Position></Trackpoint><Trackpoint><Time>2026-06-27T17:26:08.000Z</Time><Position><LatitudeDegrees>58.699566902445</LatitudeDegrees><LongitudeDegrees>59.46259309701917</LongitudeDegrees></Position></Trackpoint><Trackpoint><Time>2026-06-27T17:26:09.000Z</Time><Position><LatitudeDegrees>58.69957368557939</LatitudeDegrees><LongitudeDegrees>59.46260706954717</LongitudeDegrees></Position></Trackpoint><Trackpoint><Time>2026-06-27T17:26:10.000Z</Time><Position><LatitudeDegrees>58.6995813535498</LatitudeDegrees><LongitudeDegrees>59.46262326845043</LongitudeDegrees></Position></Trackpoint><Trackpoint><Time>2026-06-27T17:26:11.000Z</Time><Position><LatitudeDegrees>58.69958938097405</LatitudeDegrees><LongitudeDegrees>59.46264026358703</LongitudeDegrees></Position></Trackpoint><Trackpoint><Time>2026-06-27T17:26:12.000Z</Time><Position><LatitudeDegrees>58.69959701573623</LatitudeDegrees><LongitudeDegrees>59.4626573637815</LongitudeDegrees></Position></Trackpoint><Trackpoint><Time>2026-06-27T17:26:13.000Z</Time><Position><LatitudeDegrees>58.69960448809816</LatitudeDegrees><LongitudeDegrees>59.46267427090071</LongitudeDegrees></Position></Trackpoint><Trackpoint><Time>2026-06-27T17:26:14.000Z</Time><Position><LatitudeDegrees>58.699611913733136</LatitudeDegrees><LongitudeDegrees>59.46269137655503</LongitudeDegrees></Position></Trackpoint><Trackpoint><Time>2026-06-27T17:26:15.000Z</Time><Position><LatitudeDegrees>58.699619346276634</LatitudeDegrees><LongitudeDegrees>59.462709795762215</LongitudeDegrees></Position></Trackpoint><Trackpoint><Time>2026-06-27T17:26:16.000Z</Time><Position><LatitudeDegrees>58.699626806930816</LatitudeDegrees><LongitudeDegrees>59.46273030874188</LongitudeDegrees></Position></Trackpoint><Trackpoint><Time>2026-06-27T17:26:17.000Z</Time><Position><LatitudeDegrees>58.69963430081949</LatitudeDegrees><LongitudeDegrees>59.46275149925008</LongitudeDegrees></Position></Trackpoint><Trackpoint><Time>2026-06-27T17:26:18.000Z</Time><Position><LatitudeDegrees>58.699641825787204</LatitudeDegrees><LongitudeDegrees>59.462770738628095</LongitudeDegrees></Position></Trackpoint><Trackpoint><Time>2026-06-27T17:26:19.000Z</Time><Position><LatitudeDegrees>58.69964888734671</LatitudeDegrees><LongitudeDegrees>59.46278817395245</LongitudeDegrees></Position></Trackpoint><Trackpoint><Time>2026-06-27T17:26:20.000Z</Time><Position><LatitudeDegrees>58.69965436210817</LatitudeDegrees><LongitudeDegrees>59.46280605578419</LongitudeDegrees></Position></Trackpoint><Trackpoint><Time>2026-06-27T17:26:21.000Z</Time><Position><LatitudeDegrees>58.69965848069594</LatitudeDegrees><LongitudeDegrees>59.46282476406025</LongitudeDegrees></Position></Trackpoint><Trackpoint><Time>2026-06-27T17:26:22.000Z</Time><Position><LatitudeDegrees>58.69966200176226</LatitudeDegrees><LongitudeDegrees>59.46284483878906</LongitudeDegrees></Position></Trackpoint><Trackpoint><Time>2026-06-27T17:26:23.000Z</Time><Position><LatitudeDegrees>58.6996648248258</LatitudeDegrees><LongitudeDegrees>59.462864368539485</LongitudeDegrees></Position></Trackpoint><Trackpoint><Time>2026-06-27T17:26:24.000Z</Time><Position><LatitudeDegrees>58.69966699809259</LatitudeDegrees><LongitudeDegrees>59.4628826360676</LongitudeDegrees></Position></Trackpoint><Trackpoint><Time>2026-06-27T17:26:25.000Z</Time><Position><LatitudeDegrees>58.6996686248159</LatitudeDegrees><LongitudeDegrees>59.4629009768246</LongitudeDegrees></Position></Trackpoint><Trackpoint><Time>2026-06-27T17:26:26.000Z</Time><Position><LatitudeDegrees>58.69966981766691</LatitudeDegrees><LongitudeDegrees>59.46292042100564</LongitudeDegrees></Position></Trackpoint><Trackpoint><Time>2026-06-27T17:26:27.000Z</Time><Position><LatitudeDegrees>58.699670678734215</LatitudeDegrees><LongitudeDegrees>59.46294125125663</LongitudeDegrees></Position></Trackpoint><Trackpoint><Time>2026-06-27T17:26:28.000Z</Time><Position><LatitudeDegrees>58.69967129264524</LatitudeDegrees><LongitudeDegrees>59.46296144763812</LongitudeDegrees></Position></Trackpoint><Trackpoint><Time>2026-06-27T17:26:29.000Z</Time><Position><LatitudeDegrees>58.69967221558514</LatitudeDegrees><LongitudeDegrees>59.46298025962789</LongitudeDegrees></Position></Trackpoint><Trackpoint><Time>2026-06-27T17:26:30.000Z</Time><Position><LatitudeDegrees>58.69967314733549</LatitudeDegrees><LongitudeDegrees>59.46299804543104</LongitudeDegrees></Position></Trackpoint><Trackpoint><Time>2026-06-27T17:26:31.000Z</Time><Position><LatitudeDegrees>58.699674452736154</LatitudeDegrees><LongitudeDegrees>59.463017532330994</LongitudeDegrees></Position></Trackpoint><Trackpoint><Time>2026-06-27T17:26:32.000Z</Time><Position><LatitudeDegrees>58.6996762340829</LatitudeDegrees><LongitudeDegrees>59.46303962518079</LongitudeDegrees></Position></Trackpoint><Trackpoint><Time>2026-06-27T17:26:33.000Z</Time><Position><LatitudeDegrees>58.69967847241757</LatitudeDegrees><LongitudeDegrees>59.46306240371691</LongitudeDegrees></Position></Trackpoint><Trackpoint><Time>2026-06-27T17:26:34.000Z</Time><Position><LatitudeDegrees>58.69968012205762</LatitudeDegrees><LongitudeDegrees>59.46308449949337</LongitudeDegrees></Position></Trackpoint><Trackpoint><Time>2026-06-27T17:26:35.000Z</Time><Position><LatitudeDegrees>58.69968180713541</LatitudeDegrees><LongitudeDegrees>59.46310592618027</LongitudeDegrees></Position></Trackpoint><Trackpoint><Time>2026-06-27T17:26:36.000Z</Time><Position><LatitudeDegrees>58.699683780141086</LatitudeDegrees><LongitudeDegrees>59.463127264894666</LongitudeDegrees></Position></Trackpoint><Trackpoint><Time>2026-06-27T17:26:37.000Z</Time><Position><LatitudeDegrees>58.69968610810339</LatitudeDegrees><LongitudeDegrees>59.46314876625108</LongitudeDegrees></Position></Trackpoint><Trackpoint><Time>2026-06-27T17:26:38.000Z</Time><Position><LatitudeDegrees>58.699687793847616</LatitudeDegrees><LongitudeDegrees>59.46316953336483</LongitudeDegrees></Position></Trackpoint><Trackpoint><Time>2026-06-27T17:26:39.000Z</Time><Position><LatitudeDegrees>58.699688998742296</LatitudeDegrees><LongitudeDegrees>59.46318929110783</LongitudeDegrees></Position></Trackpoint><Trackpoint><Time>2026-06-27T17:26:40.000Z</Time><Position><LatitudeDegrees>58.699689361350075</LatitudeDegrees><LongitudeDegrees>59.46320854533499</LongitudeDegrees></Position></Trackpoint><Trackpoint><Time>2026-06-27T17:26:41.000Z</Time><Position><LatitudeDegrees>58.69968933053586</LatitudeDegrees><LongitudeDegrees>59.46322805861034</LongitudeDegrees></Position></Trackpoint><Trackpoint><Time>2026-06-27T17:26:42.000Z</Time><Position><LatitudeDegrees>58.69968865204169</LatitudeDegrees><LongitudeDegrees>59.4632495805666</LongitudeDegrees></Position></Trackpoint><Trackpoint><Time>2026-06-27T17:26:43.000Z</Time><Position><LatitudeDegrees>58.69968681467377</LatitudeDegrees><LongitudeDegrees>59.46327259472846</LongitudeDegrees></Position></Trackpoint><Trackpoint><Time>2026-06-27T17:26:44.000Z</Time><Position><LatitudeDegrees>58.69968473586639</LatitudeDegrees><LongitudeDegrees>59.463295228039996</LongitudeDegrees></Position></Trackpoint><Trackpoint><Time>2026-06-27T17:26:45.000Z</Time><Position><LatitudeDegrees>58.69968282443797</LatitudeDegrees><LongitudeDegrees>59.46331724760649</LongitudeDegrees></Position></Trackpoint><Trackpoint><Time>2026-06-27T17:26:46.000Z</Time><Position><LatitudeDegrees>58.69968122727074</LatitudeDegrees><LongitudeDegrees>59.463339125898</LongitudeDegrees></Position></Trackpoint><Trackpoint><Time>2026-06-27T17:26:47.000Z</Time><Position><LatitudeDegrees>58.69967996452073</LatitudeDegrees><LongitudeDegrees>59.463362544457745</LongitudeDegrees></Position></Trackpoint><Trackpoint><Time>2026-06-27T17:26:48.000Z</Time><Position><LatitudeDegrees>58.69967900156694</LatitudeDegrees><LongitudeDegrees>59.463387508499565</LongitudeDegrees></Position></Trackpoint><Trackpoint><Time>2026-06-27T17:26:49.000Z</Time><Position><LatitudeDegrees>58.699678285672896</LatitudeDegrees><LongitudeDegrees>59.463412352978565</LongitudeDegrees></Position></Trackpoint><Trackpoint><Time>2026-06-27T17:26:50.000Z</Time><Position><LatitudeDegrees>58.69967825302083</LatitudeDegrees><LongitudeDegrees>59.46343493868758</LongitudeDegrees></Position></Trackpoint><Trackpoint><Time>2026-06-27T17:26:51.000Z</Time><Position><LatitudeDegrees>58.69967850594143</LatitudeDegrees><LongitudeDegrees>59.46345516415008</LongitudeDegrees></Position></Trackpoint><Trackpoint><Time>2026-06-27T17:26:52.000Z</Time><Position><LatitudeDegrees>58.6996788440084</LatitudeDegrees><LongitudeDegrees>59.46347426972997</LongitudeDegrees></Position></Trackpoint><Trackpoint><Time>2026-06-27T17:26:53.000Z</Time><Position><LatitudeDegrees>58.699678684140494</LatitudeDegrees><LongitudeDegrees>59.46349437881755</LongitudeDegrees></Position></Trackpoint><Trackpoint><Time>2026-06-27T17:26:54.000Z</Time><Position><LatitudeDegrees>58.699678339725196</LatitudeDegrees><LongitudeDegrees>59.46351623709707</LongitudeDegrees></Position></Trackpoint><Trackpoint><Time>2026-06-27T17:26:55.000Z</Time><Position><LatitudeDegrees>58.69967845312293</LatitudeDegrees><LongitudeDegrees>59.463537968717546</LongitudeDegrees></Position></Trackpoint><Trackpoint><Time>2026-06-27T17:26:56.000Z</Time><Position><LatitudeDegrees>58.69967874050891</LatitudeDegrees><LongitudeDegrees>59.46355881739749</LongitudeDegrees></Position></Trackpoint><Trackpoint><Time>2026-06-27T17:26:57.000Z</Time><Position><LatitudeDegrees>58.69968004188473</LatitudeDegrees><LongitudeDegrees>59.46357956422029</LongitudeDegrees></Position></Trackpoint><Trackpoint><Time>2026-06-27T17:26:58.000Z</Time><Position><LatitudeDegrees>58.69968159382577</LatitudeDegrees><LongitudeDegrees>59.463600543935335</LongitudeDegrees></Position></Trackpoint><Trackpoint><Time>2026-06-27T17:26:59.000Z</Time><Position><LatitudeDegrees>58.69968256015802</LatitudeDegrees><LongitudeDegrees>59.46362284373346</LongitudeDegrees></Position></Trackpoint><Trackpoint><Time>2026-06-27T17:27:00.000Z</Time><Position><LatitudeDegrees>58.699682671679135</LatitudeDegrees><LongitudeDegrees>59.46364625231482</LongitudeDegrees></Position></Trackpoint><Trackpoint><Time>2026-06-27T17:27:01.000Z</Time><Position><LatitudeDegrees>58.69968241684696</LatitudeDegrees><LongitudeDegrees>59.463669071516584</LongitudeDegrees></Position></Trackpoint><Trackpoint><Time>2026-06-27T17:27:02.000Z</Time><Position><LatitudeDegrees>58.699682533456226</LatitudeDegrees><LongitudeDegrees>59.46369018801404</LongitudeDegrees></Position></Trackpoint><Trackpoint><Time>2026-06-27T17:27:03.000Z</Time><Position><LatitudeDegrees>58.69968327768146</LatitudeDegrees><LongitudeDegrees>59.46371132028493</LongitudeDegrees></Position></Trackpoint><Trackpoint><Time>2026-06-27T17:27:04.000Z</Time><Position><LatitudeDegrees>58.69968467447031</LatitudeDegrees><LongitudeDegrees>59.463733174031205</LongitudeDegrees></Position></Trackpoint><Trackpoint><Time>2026-06-27T17:27:05.000Z</Time><Position><LatitudeDegrees>58.69968713995213</LatitudeDegrees><LongitudeDegrees>59.463755947284184</LongitudeDegrees></Position></Trackpoint><Trackpoint><Time>2026-06-27T17:27:06.000Z</Time><Position><LatitudeDegrees>58.69969021872711</LatitudeDegrees><LongitudeDegrees>59.463777155529385</LongitudeDegrees></Position></Trackpoint><Trackpoint><Time>2026-06-27T17:27:07.000Z</Time><Position><LatitudeDegrees>58.69969315492056</LatitudeDegrees><LongitudeDegrees>59.46379548681664</LongitudeDegrees></Position></Trackpoint><Trackpoint><Time>2026-06-27T17:27:08.000Z</Time><Position><LatitudeDegrees>58.69969614514881</LatitudeDegrees><LongitudeDegrees>59.463812238926195</LongitudeDegrees></Position></Trackpoint><Trackpoint><Time>2026-06-27T17:27:09.000Z</Time><Position><LatitudeDegrees>58.69969828422851</LatitudeDegrees><LongitudeDegrees>59.463830107454754</LongitudeDegrees></Position></Trackpoint><Trackpoint><Time>2026-06-27T17:27:10.000Z</Time><Position><LatitudeDegrees>58.699699798229204</LatitudeDegrees><LongitudeDegrees>59.46384956963764</LongitudeDegrees></Position></Trackpoint><Trackpoint><Time>2026-06-27T17:27:11.000Z</Time><Position><LatitudeDegrees>58.699700860481826</LatitudeDegrees><LongitudeDegrees>59.46386865903066</LongitudeDegrees></Position></Trackpoint><Trackpoint><Time>2026-06-27T17:27:12.000Z</Time><Position><LatitudeDegrees>58.69970208996163</LatitudeDegrees><LongitudeDegrees>59.46388710324417</LongitudeDegrees></Position></Trackpoint><Trackpoint><Time>2026-06-27T17:27:13.000Z</Time><Position><LatitudeDegrees>58.6997032305093</LatitudeDegrees><LongitudeDegrees>59.46390536251745</LongitudeDegrees></Position></Trackpoint><Trackpoint><Time>2026-06-27T17:27:14.000Z</Time><Position><LatitudeDegrees>58.69970418804418</LatitudeDegrees><LongitudeDegrees>59.46392462935043</LongitudeDegrees></Position></Trackpoint><Trackpoint><Time>2026-06-27T17:27:15.000Z</Time><Position><LatitudeDegrees>58.69970494731014</LatitudeDegrees><LongitudeDegrees>59.463944775924965</LongitudeDegrees></Position></Trackpoint><Trackpoint><Time>2026-06-27T17:27:16.000Z</Time><Position><LatitudeDegrees>58.69970503786109</LatitudeDegrees><LongitudeDegrees>59.46396514707716</LongitudeDegrees></Position></Trackpoint><Trackpoint><Time>2026-06-27T17:27:17.000Z</Time><Position><LatitudeDegrees>58.6997043517802</LatitudeDegrees><LongitudeDegrees>59.46398544416447</LongitudeDegrees></Position></Trackpoint><Trackpoint><Time>2026-06-27T17:27:18.000Z</Time><Position><LatitudeDegrees>58.69970343391386</LatitudeDegrees><LongitudeDegrees>59.464005064091445</LongitudeDegrees></Position></Trackpoint><Trackpoint><Time>2026-06-27T17:27:19.000Z</Time><Position><LatitudeDegrees>58.699702538397304</LatitudeDegrees><LongitudeDegrees>59.46402531422762</LongitudeDegrees></Position></Trackpoint><Trackpoint><Time>2026-06-27T17:27:20.000Z</Time><Position><LatitudeDegrees>58.69970176702333</LatitudeDegrees><LongitudeDegrees>59.46404665210497</LongitudeDegrees></Position></Trackpoint><Trackpoint><Time>2026-06-27T17:27:21.000Z</Time><Position><LatitudeDegrees>58.69970114578009</LatitudeDegrees><LongitudeDegrees>59.46406912654048</LongitudeDegrees></Position></Trackpoint><Trackpoint><Time>2026-06-27T17:27:22.000Z</Time><Position><LatitudeDegrees>58.69970066610132</LatitudeDegrees><LongitudeDegrees>59.46409114293125</LongitudeDegrees></Position></Trackpoint><Trackpoint><Time>2026-06-27T17:27:23.000Z</Time><Position><LatitudeDegrees>58.69970030628957</LatitudeDegrees><LongitudeDegrees>59.46411210335597</LongitudeDegrees></Position></Trackpoint><Trackpoint><Time>2026-06-27T17:27:24.000Z</Time><Position><LatitudeDegrees>58.69970004202435</LatitudeDegrees><LongitudeDegrees>59.464132876323596</LongitudeDegrees></Position></Trackpoint><Trackpoint><Time>2026-06-27T17:27:25.000Z</Time><Position><LatitudeDegrees>58.69969936141579</LatitudeDegrees><LongitudeDegrees>59.46415433318552</LongitudeDegrees></Position></Trackpoint><Trackpoint><Time>2026-06-27T17:27:26.000Z</Time><Position><LatitudeDegrees>58.69969859669824</LatitudeDegrees><LongitudeDegrees>59.46417723462713</LongitudeDegrees></Position></Trackpoint><Trackpoint><Time>2026-06-27T17:27:27.000Z</Time><Position><LatitudeDegrees>58.699698385102764</LatitudeDegrees><LongitudeDegrees>59.46420023968257</LongitudeDegrees></Position></Trackpoint><Trackpoint><Time>2026-06-27T17:27:28.000Z</Time><Position><LatitudeDegrees>58.69969842845936</LatitudeDegrees><LongitudeDegrees>59.46422082435621</LongitudeDegrees></Position></Trackpoint><Trackpoint><Time>2026-06-27T17:27:29.000Z</Time><Position><LatitudeDegrees>58.69969906085959</LatitudeDegrees><LongitudeDegrees>59.46423923905608</LongitudeDegrees></Position></Trackpoint><Trackpoint><Time>2026-06-27T17:27:30.000Z</Time><Position><LatitudeDegrees>58.69969985468001</LatitudeDegrees><LongitudeDegrees>59.46425782386386</LongitudeDegrees></Position></Trackpoint><Trackpoint><Time>2026-06-27T17:27:31.000Z</Time><Position><LatitudeDegrees>58.699700123482394</LatitudeDegrees><LongitudeDegrees>59.46427752067015</LongitudeDegrees></Position></Trackpoint><Trackpoint><Time>2026-06-27T17:27:32.000Z</Time><Position><LatitudeDegrees>58.699700141564456</LatitudeDegrees><LongitudeDegrees>59.46429906426419</LongitudeDegrees></Position></Trackpoint><Trackpoint><Time>2026-06-27T17:27:33.000Z</Time><Position><LatitudeDegrees>58.699700054070725</LatitudeDegrees><LongitudeDegrees>59.46432105139242</LongitudeDegrees></Position></Trackpoint><Trackpoint><Time>2026-06-27T17:27:34.000Z</Time><Position><LatitudeDegrees>58.699700423937664</LatitudeDegrees><LongitudeDegrees>59.464342357610676</LongitudeDegrees></Position></Trackpoint><Trackpoint><Time>2026-06-27T17:27:35.000Z</Time><Position><LatitudeDegrees>58.69970142429974</LatitudeDegrees><LongitudeDegrees>59.46436309683973</LongitudeDegrees></Position></Trackpoint><Trackpoint><Time>2026-06-27T17:27:36.000Z</Time><Position><LatitudeDegrees>58.69970255592578</LatitudeDegrees><LongitudeDegrees>59.4643838783788</LongitudeDegrees></Position></Trackpoint><Trackpoint><Time>2026-06-27T17:27:37.000Z</Time><Position><LatitudeDegrees>58.69970359636821</LatitudeDegrees><LongitudeDegrees>59.4644059269484</LongitudeDegrees></Position></Trackpoint><Trackpoint><Time>2026-06-27T17:27:38.000Z</Time><Position><LatitudeDegrees>58.69970397610835</LatitudeDegrees><LongitudeDegrees>59.46443007391848</LongitudeDegrees></Position></Trackpoint><Trackpoint><Time>2026-06-27T17:27:39.000Z</Time><Position><LatitudeDegrees>58.69970354539957</LatitudeDegrees><LongitudeDegrees>59.46445443390589</LongitudeDegrees></Position></Trackpoint><Trackpoint><Time>2026-06-27T17:27:40.000Z</Time><Position><LatitudeDegrees>58.69970283620172</LatitudeDegrees><LongitudeDegrees>59.4644772238853</LongitudeDegrees></Position></Trackpoint><Trackpoint><Time>2026-06-27T17:27:41.000Z</Time><Position><LatitudeDegrees>58.69970161372664</LatitudeDegrees><LongitudeDegrees>59.464497911055545</LongitudeDegrees></Position></Trackpoint><Trackpoint><Time>2026-06-27T17:27:42.000Z</Time><Position><LatitudeDegrees>58.699700336769695</LatitudeDegrees><LongitudeDegrees>59.46451752510498</LongitudeDegrees></Position></Trackpoint><Trackpoint><Time>2026-06-27T17:27:43.000Z</Time><Position><LatitudeDegrees>58.69969969088142</LatitudeDegrees><LongitudeDegrees>59.464536627827016</LongitudeDegrees></Position></Trackpoint><Trackpoint><Time>2026-06-27T17:27:44.000Z</Time><Position><LatitudeDegrees>58.69969889817643</LatitudeDegrees><LongitudeDegrees>59.46455600582564</LongitudeDegrees></Position></Trackpoint><Trackpoint><Time>2026-06-27T17:27:45.000Z</Time><Position><LatitudeDegrees>58.6996981467499</LatitudeDegrees><LongitudeDegrees>59.464574968498034</LongitudeDegrees></Position></Trackpoint><Trackpoint><Time>2026-06-27T17:27:46.000Z</Time><Position><LatitudeDegrees>58.6996979983783</LatitudeDegrees><LongitudeDegrees>59.46459328473741</LongitudeDegrees></Position></Trackpoint><Trackpoint><Time>2026-06-27T17:27:47.000Z</Time><Position><LatitudeDegrees>58.69969860701872</LatitudeDegrees><LongitudeDegrees>59.464613390388095</LongitudeDegrees></Position></Trackpoint><Trackpoint><Time>2026-06-27T17:27:48.000Z</Time><Position><LatitudeDegrees>58.699700918135704</LatitudeDegrees><LongitudeDegrees>59.464635569333154</LongitudeDegrees></Position></Trackpoint><Trackpoint><Time>2026-06-27T17:27:49.000Z</Time><Position><LatitudeDegrees>58.699704123371575</LatitudeDegrees><LongitudeDegrees>59.464660161991524</LongitudeDegrees></Position></Trackpoint><Trackpoint><Time>2026-06-27T17:27:50.000Z</Time><Position><LatitudeDegrees>58.699709243890716</LatitudeDegrees><LongitudeDegrees>59.46468406109891</LongitudeDegrees></Position></Trackpoint><Trackpoint><Time>2026-06-27T17:27:51.000Z</Time><Position><LatitudeDegrees>58.699715964808355</LatitudeDegrees><LongitudeDegrees>59.464705586385854</LongitudeDegrees></Position></Trackpoint><Trackpoint><Time>2026-06-27T17:27:52.000Z</Time><Position><LatitudeDegrees>58.69972248220386</LatitudeDegrees><LongitudeDegrees>59.46472532975887</LongitudeDegrees></Position></Trackpoint><Trackpoint><Time>2026-06-27T17:27:53.000Z</Time><Position><LatitudeDegrees>58.69972905850556</LatitudeDegrees><LongitudeDegrees>59.46474327408013</LongitudeDegrees></Position></Trackpoint><Trackpoint><Time>2026-06-27T17:27:54.000Z</Time><Position><LatitudeDegrees>58.69973628384028</LatitudeDegrees><LongitudeDegrees>59.46476111202912</LongitudeDegrees></Position></Trackpoint><Trackpoint><Time>2026-06-27T17:27:55.000Z</Time><Position><LatitudeDegrees>58.69974529716077</LatitudeDegrees><LongitudeDegrees>59.4647785751392</LongitudeDegrees></Position></Trackpoint><Trackpoint><Time>2026-06-27T17:27:56.000Z</Time><Position><LatitudeDegrees>58.699756827651086</LatitudeDegrees><LongitudeDegrees>59.464794132124986</LongitudeDegrees></Position></Trackpoint><Trackpoint><Time>2026-06-27T17:27:57.000Z</Time><Position><LatitudeDegrees>58.699769383706766</LatitudeDegrees><LongitudeDegrees>59.46480739700028</LongitudeDegrees></Position></Trackpoint><Trackpoint><Time>2026-06-27T17:27:58.000Z</Time><Position><LatitudeDegrees>58.699781729794964</LatitudeDegrees><LongitudeDegrees>59.4648189946026</LongitudeDegrees></Position></Trackpoint><Trackpoint><Time>2026-06-27T17:27:59.000Z</Time><Position><LatitudeDegrees>58.699793873641674</LatitudeDegrees><LongitudeDegrees>59.464830865084714</LongitudeDegrees></Position></Trackpoint><Trackpoint><Time>2026-06-27T17:28:00.000Z</Time><Position><LatitudeDegrees>58.69980584438611</LatitudeDegrees><LongitudeDegrees>59.46484279322127</LongitudeDegrees></Position></Trackpoint><Trackpoint><Time>2026-06-27T17:28:01.000Z</Time><Position><LatitudeDegrees>58.69981816585681</LatitudeDegrees><LongitudeDegrees>59.46485517258606</LongitudeDegrees></Position></Trackpoint><Trackpoint><Time>2026-06-27T17:28:02.000Z</Time><Position><LatitudeDegrees>58.69983149837927</LatitudeDegrees><LongitudeDegrees>59.464867128130194</LongitudeDegrees></Position></Trackpoint><Trackpoint><Time>2026-06-27T17:28:03.000Z</Time><Position><LatitudeDegrees>58.699845004909335</LatitudeDegrees><LongitudeDegrees>59.464877864265475</LongitudeDegrees></Position></Trackpoint><Trackpoint><Time>2026-06-27T17:28:04.000Z</Time><Position><LatitudeDegrees>58.69985782878009</LatitudeDegrees><LongitudeDegrees>59.464887699462054</LongitudeDegrees></Position></Trackpoint><Trackpoint><Time>2026-06-27T17:28:05.000Z</Time><Position><LatitudeDegrees>58.6998692151952</LatitudeDegrees><LongitudeDegrees>59.46489590128944</LongitudeDegrees></Position></Trackpoint><Trackpoint><Time>2026-06-27T17:28:06.000Z</Time><Position><LatitudeDegrees>58.69988001702085</LatitudeDegrees><LongitudeDegrees>59.46490286735941</LongitudeDegrees></Position></Trackpoint><Trackpoint><Time>2026-06-27T17:28:07.000Z</Time><Position><LatitudeDegrees>58.69989066052696</LatitudeDegrees><LongitudeDegrees>59.46490940963998</LongitudeDegrees></Position></Trackpoint><Trackpoint><Time>2026-06-27T17:28:08.000Z</Time><Position><LatitudeDegrees>58.69990183119638</LatitudeDegrees><LongitudeDegrees>59.46491493769813</LongitudeDegrees></Position></Trackpoint><Trackpoint><Time>2026-06-27T17:28:09.000Z</Time><Position><LatitudeDegrees>58.69991276445196</LatitudeDegrees><LongitudeDegrees>59.46491982815839</LongitudeDegrees></Position></Trackpoint><Trackpoint><Time>2026-06-27T17:28:10.000Z</Time><Position><LatitudeDegrees>58.69992366549766</LatitudeDegrees><LongitudeDegrees>59.46492382835141</LongitudeDegrees></Position></Trackpoint><Trackpoint><Time>2026-06-27T17:28:11.000Z</Time><Position><LatitudeDegrees>58.69993413336678</LatitudeDegrees><LongitudeDegrees>59.46492743809459</LongitudeDegrees></Position></Trackpoint><Trackpoint><Time>2026-06-27T17:28:12.000Z</Time><Position><LatitudeDegrees>58.699944548136045</LatitudeDegrees><LongitudeDegrees>59.46493042373244</LongitudeDegrees></Position></Trackpoint><Trackpoint><Time>2026-06-27T17:28:13.000Z</Time><Position><LatitudeDegrees>58.699955073149006</LatitudeDegrees><LongitudeDegrees>59.46493227953018</LongitudeDegrees></Position></Trackpoint><Trackpoint><Time>2026-06-27T17:28:14.000Z</Time><Position><LatitudeDegrees>58.69996625113699</LatitudeDegrees><LongitudeDegrees>59.46493294222264</LongitudeDegrees></Position></Trackpoint><Trackpoint><Time>2026-06-27T17:28:15.000Z</Time><Position><LatitudeDegrees>58.69997773219589</LatitudeDegrees><LongitudeDegrees>59.46493302849898</LongitudeDegrees></Position></Trackpoint><Trackpoint><Time>2026-06-27T17:28:16.000Z</Time><Position><LatitudeDegrees>58.69998835410359</LatitudeDegrees><LongitudeDegrees>59.46493237670389</LongitudeDegrees></Position></Trackpoint><Trackpoint><Time>2026-06-27T17:28:17.000Z</Time><Position><LatitudeDegrees>58.69999872771026</LatitudeDegrees><LongitudeDegrees>59.4649319942139</LongitudeDegrees></Position></Trackpoint><Trackpoint><Time>2026-06-27T17:28:18.000Z</Time><Position><LatitudeDegrees>58.70000913645343</LatitudeDegrees><LongitudeDegrees>59.464932261335356</LongitudeDegrees></Position></Trackpoint><Trackpoint><Time>2026-06-27T17:28:19.000Z</Time><Position><LatitudeDegrees>58.70001920294179</LatitudeDegrees><LongitudeDegrees>59.46493276170384</LongitudeDegrees></Position></Trackpoint><Trackpoint><Time>2026-06-27T17:28:20.000Z</Time><Position><LatitudeDegrees>58.70002930529152</LatitudeDegrees><LongitudeDegrees>59.464932804299075</LongitudeDegrees></Position></Trackpoint><Trackpoint><Time>2026-06-27T17:28:21.000Z</Time><Position><LatitudeDegrees>58.70004008423135</LatitudeDegrees><LongitudeDegrees>59.46493167367974</LongitudeDegrees></Position></Trackpoint><Trackpoint><Time>2026-06-27T17:28:22.000Z</Time><Position><LatitudeDegrees>58.70005220640602</LatitudeDegrees><LongitudeDegrees>59.46492922578357</LongitudeDegrees></Position></Trackpoint><Trackpoint><Time>2026-06-27T17:28:23.000Z</Time><Position><LatitudeDegrees>58.70006528434931</LatitudeDegrees><LongitudeDegrees>59.464925080740784</LongitudeDegrees></Position></Trackpoint><Trackpoint><Time>2026-06-27T17:28:24.000Z</Time><Position><LatitudeDegrees>58.700078546207614</LatitudeDegrees><LongitudeDegrees>59.46492076876639</LongitudeDegrees></Position></Trackpoint><Trackpoint><Time>2026-06-27T17:28:25.000Z</Time><Position><LatitudeDegrees>58.70009165050068</LatitudeDegrees><LongitudeDegrees>59.46491645186876</LongitudeDegrees></Position></Trackpoint><Trackpoint><Time>2026-06-27T17:28:26.000Z</Time><Position><LatitudeDegrees>58.70010447681881</LatitudeDegrees><LongitudeDegrees>59.46491219740023</LongitudeDegrees></Position></Trackpoint><Trackpoint><Time>2026-06-27T17:28:27.000Z</Time><Position><LatitudeDegrees>58.700117500861545</LatitudeDegrees><LongitudeDegrees>59.46490851469669</LongitudeDegrees></Position></Trackpoint><Trackpoint><Time>2026-06-27T17:28:28.000Z</Time><Position><LatitudeDegrees>58.70013040354956</LatitudeDegrees><LongitudeDegrees>59.46490505052383</LongitudeDegrees></Position></Trackpoint><Trackpoint><Time>2026-06-27T17:28:29.000Z</Time><Position><LatitudeDegrees>58.70014355866166</LatitudeDegrees><LongitudeDegrees>59.46490212097055</LongitudeDegrees></Position></Trackpoint><Trackpoint><Time>2026-06-27T17:28:30.000Z</Time><Position><LatitudeDegrees>58.70015659812354</LatitudeDegrees><LongitudeDegrees>59.46489978759516</LongitudeDegrees></Position></Trackpoint><Trackpoint><Time>2026-06-27T17:28:31.000Z</Time><Position><LatitudeDegrees>58.70016889558286</LatitudeDegrees><LongitudeDegrees>59.464897509620286</LongitudeDegrees></Position></Trackpoint><Trackpoint><Time>2026-06-27T17:28:32.000Z</Time><Position><LatitudeDegrees>58.70018077793235</LatitudeDegrees><LongitudeDegrees>59.4648950572252</LongitudeDegrees></Position></Trackpoint><Trackpoint><Time>2026-06-27T17:28:33.000Z</Time><Position><LatitudeDegrees>58.700192922686675</LatitudeDegrees><LongitudeDegrees>59.46489186853801</LongitudeDegrees></Position></Trackpoint><Trackpoint><Time>2026-06-27T17:28:34.000Z</Time><Position><LatitudeDegrees>58.700205085579086</LatitudeDegrees><LongitudeDegrees>59.46488780666312</LongitudeDegrees></Position></Trackpoint><Trackpoint><Time>2026-06-27T17:28:35.000Z</Time><Position><LatitudeDegrees>58.70021716368439</LatitudeDegrees><LongitudeDegrees>59.46488341690529</LongitudeDegrees></Position></Trackpoint><Trackpoint><Time>2026-06-27T17:28:36.000Z</Time><Position><LatitudeDegrees>58.700229125496875</LatitudeDegrees><LongitudeDegrees>59.46487847631186</LongitudeDegrees></Position></Trackpoint><Trackpoint><Time>2026-06-27T17:28:37.000Z</Time><Position><LatitudeDegrees>58.70024146257804</LatitudeDegrees><LongitudeDegrees>59.46487394298365</LongitudeDegrees></Position></Trackpoint><Trackpoint><Time>2026-06-27T17:28:38.000Z</Time><Position><LatitudeDegrees>58.70025432920415</LatitudeDegrees><LongitudeDegrees>59.464870159226656</LongitudeDegrees></Position></Trackpoint><Trackpoint><Time>2026-06-27T17:28:39.000Z</Time><Position><LatitudeDegrees>58.70026674172378</LatitudeDegrees><LongitudeDegrees>59.46486619058633</LongitudeDegrees></Position></Trackpoint><Trackpoint><Time>2026-06-27T17:28:40.000Z</Time><Position><LatitudeDegrees>58.70027884293098</LatitudeDegrees><LongitudeDegrees>59.46486167595261</LongitudeDegrees></Position></Trackpoint><Trackpoint><Time>2026-06-27T17:28:41.000Z</Time><Position><LatitudeDegrees>58.70029073158957</LatitudeDegrees><LongitudeDegrees>59.46485751590702</LongitudeDegrees></Position></Trackpoint><Trackpoint><Time>2026-06-27T17:28:42.000Z</Time><Position><LatitudeDegrees>58.700301986043456</LatitudeDegrees><LongitudeDegrees>59.464853546217576</LongitudeDegrees></Position></Trackpoint><Trackpoint><Time>2026-06-27T17:28:43.000Z</Time><Position><LatitudeDegrees>58.700313003650436</LatitudeDegrees><LongitudeDegrees>59.46484967481615</LongitudeDegrees></Position></Trackpoint><Trackpoint><Time>2026-06-27T17:28:44.000Z</Time><Position><LatitudeDegrees>58.70032397845465</LatitudeDegrees><LongitudeDegrees>59.46484585117091</LongitudeDegrees></Position></Trackpoint><Trackpoint><Time>2026-06-27T17:28:45.000Z</Time><Position><LatitudeDegrees>58.700334016642365</LatitudeDegrees><LongitudeDegrees>59.46484302756294</LongitudeDegrees></Position></Trackpoint><Trackpoint><Time>2026-06-27T17:28:46.000Z</Time><Position><LatitudeDegrees>58.70034384954583</LatitudeDegrees><LongitudeDegrees>59.464839998988246</LongitudeDegrees></Position></Trackpoint><Trackpoint><Time>2026-06-27T17:28:47.000Z</Time><Position><LatitudeDegrees>58.700353804699986</LatitudeDegrees><LongitudeDegrees>59.46483629549316</LongitudeDegrees></Position></Trackpoint><Trackpoint><Time>2026-06-27T17:28:48.000Z</Time><Position><LatitudeDegrees>58.70036449091456</LatitudeDegrees><LongitudeDegrees>59.46483083093886</LongitudeDegrees></Position></Trackpoint><Trackpoint><Time>2026-06-27T17:28:49.000Z</Time><Position><LatitudeDegrees>58.700375575476585</LatitudeDegrees><LongitudeDegrees>59.46482338404645</LongitudeDegrees></Position></Trackpoint><Trackpoint><Time>2026-06-27T17:28:50.000Z</Time><Position><LatitudeDegrees>58.7003873598471</LatitudeDegrees><LongitudeDegrees>59.46481362850537</LongitudeDegrees></Position></Trackpoint><Trackpoint><Time>2026-06-27T17:28:51.000Z</Time><Position><LatitudeDegrees>58.700398899137205</LatitudeDegrees><LongitudeDegrees>59.46480221585223</LongitudeDegrees></Position></Trackpoint><Trackpoint><Time>2026-06-27T17:28:52.000Z</Time><Position><LatitudeDegrees>58.70040983566585</LatitudeDegrees><LongitudeDegrees>59.464790116709985</LongitudeDegrees></Position></Trackpoint><Trackpoint><Time>2026-06-27T17:28:53.000Z</Time><Position><LatitudeDegrees>58.70042058910219</LatitudeDegrees><LongitudeDegrees>59.46477781892336</LongitudeDegrees></Position></Trackpoint><Trackpoint><Time>2026-06-27T17:28:54.000Z</Time><Position><LatitudeDegrees>58.70043086616897</LatitudeDegrees><LongitudeDegrees>59.46476505928818</LongitudeDegrees></Position></Trackpoint><Trackpoint><Time>2026-06-27T17:28:55.000Z</Time><Position><LatitudeDegrees>58.70044060722616</LatitudeDegrees><LongitudeDegrees>59.464751788685746</LongitudeDegrees></Position></Trackpoint><Trackpoint><Time>2026-06-27T17:28:56.000Z</Time><Position><LatitudeDegrees>58.70045083572926</LatitudeDegrees><LongitudeDegrees>59.464738542079836</LongitudeDegrees></Position></Trackpoint><Trackpoint><Time>2026-06-27T17:28:57.000Z</Time><Position><LatitudeDegrees>58.700461420997804</LatitudeDegrees><LongitudeDegrees>59.46472455748521</LongitudeDegrees></Position></Trackpoint><Trackpoint><Time>2026-06-27T17:28:58.000Z</Time><Position><LatitudeDegrees>58.7004717738123</LatitudeDegrees><LongitudeDegrees>59.464709126200056</LongitudeDegrees></Position></Trackpoint><Trackpoint><Time>2026-06-27T17:28:59.000Z</Time><Position><LatitudeDegrees>58.70048217095827</LatitudeDegrees><LongitudeDegrees>59.4646926316485</LongitudeDegrees></Position></Trackpoint><Trackpoint><Time>2026-06-27T17:29:00.000Z</Time><Position><LatitudeDegrees>58.70049223112469</LatitudeDegrees><LongitudeDegrees>59.464675857816616</LongitudeDegrees></Position></Trackpoint><Trackpoint><Time>2026-06-27T17:29:01.000Z</Time><Position><LatitudeDegrees>58.70050233013644</LatitudeDegrees><LongitudeDegrees>59.46465916342124</LongitudeDegrees></Position></Trackpoint><Trackpoint><Time>2026-06-27T17:29:02.000Z</Time><Position><LatitudeDegrees>58.700512617784966</LatitudeDegrees><LongitudeDegrees>59.46464170677712</LongitudeDegrees></Position></Trackpoint><Trackpoint><Time>2026-06-27T17:29:03.000Z</Time><Position><LatitudeDegrees>58.70052313154816</LatitudeDegrees><LongitudeDegrees>59.46462421830493</LongitudeDegrees></Position></Trackpoint><Trackpoint><Time>2026-06-27T17:29:04.000Z</Time><Position><LatitudeDegrees>58.700534347449796</LatitudeDegrees><LongitudeDegrees>59.46460700290132</LongitudeDegrees></Position></Trackpoint><Trackpoint><Time>2026-06-27T17:29:05.000Z</Time><Position><LatitudeDegrees>58.7005453921927</LatitudeDegrees><LongitudeDegrees>59.4645881926425</LongitudeDegrees></Position></Trackpoint><Trackpoint><Time>2026-06-27T17:29:06.000Z</Time><Position><LatitudeDegrees>58.700556417702565</LatitudeDegrees><LongitudeDegrees>59.46456869178427</LongitudeDegrees></Position></Trackpoint><Trackpoint><Time>2026-06-27T17:29:07.000Z</Time><Position><LatitudeDegrees>58.70056699940535</LatitudeDegrees><LongitudeDegrees>59.46454994058795</LongitudeDegrees></Position></Trackpoint><Trackpoint><Time>2026-06-27T17:29:08.000Z</Time><Position><LatitudeDegrees>58.700577019409295</LatitudeDegrees><LongitudeDegrees>59.46453243598321</LongitudeDegrees></Position></Trackpoint><Trackpoint><Time>2026-06-27T17:29:09.000Z</Time><Position><LatitudeDegrees>58.70058650125582</LatitudeDegrees><LongitudeDegrees>59.464516712234726</LongitudeDegrees></Position></Trackpoint><Trackpoint><Time>2026-06-27T17:29:10.000Z</Time><Position><LatitudeDegrees>58.70059601332238</LatitudeDegrees><LongitudeDegrees>59.46450325041093</LongitudeDegrees></Position></Trackpoint><Trackpoint><Time>2026-06-27T17:29:11.000Z</Time><Position><LatitudeDegrees>58.700605296196464</LatitudeDegrees><LongitudeDegrees>59.46448999987476</LongitudeDegrees></Position></Trackpoint><Trackpoint><Time>2026-06-27T17:29:12.000Z</Time><Position><LatitudeDegrees>58.70061476207046</LatitudeDegrees><LongitudeDegrees>59.46447657859766</LongitudeDegrees></Position></Trackpoint><Trackpoint><Time>2026-06-27T17:29:13.000Z</Time><Position><LatitudeDegrees>58.70062455721118</LatitudeDegrees><LongitudeDegrees>59.4644633407725</LongitudeDegrees></Position></Trackpoint><Trackpoint><Time>2026-06-27T17:29:14.000Z</Time><Position><LatitudeDegrees>58.70063420998468</LatitudeDegrees><LongitudeDegrees>59.46444893989006</LongitudeDegrees></Position></Trackpoint><Trackpoint><Time>2026-06-27T17:29:15.000Z</Time><Position><LatitudeDegrees>58.70064354442897</LatitudeDegrees><LongitudeDegrees>59.46443346030022</LongitudeDegrees></Position></Trackpoint><Trackpoint><Time>2026-06-27T17:29:16.000Z</Time><Position><LatitudeDegrees>58.70065301854475</LatitudeDegrees><LongitudeDegrees>59.46441756480214</LongitudeDegrees></Position></Trackpoint><Trackpoint><Time>2026-06-27T17:29:17.000Z</Time><Position><LatitudeDegrees>58.700662313414725</LatitudeDegrees><LongitudeDegrees>59.46440157973982</LongitudeDegrees></Position></Trackpoint><Trackpoint><Time>2026-06-27T17:29:18.000Z</Time><Position><LatitudeDegrees>58.70067181031467</LatitudeDegrees><LongitudeDegrees>59.46438614061865</LongitudeDegrees></Position></Trackpoint><Trackpoint><Time>2026-06-27T17:29:19.000Z</Time><Position><LatitudeDegrees>58.7006811507258</LatitudeDegrees><LongitudeDegrees>59.46437045986899</LongitudeDegrees></Position></Trackpoint><Trackpoint><Time>2026-06-27T17:29:20.000Z</Time><Position><LatitudeDegrees>58.70069118630446</LatitudeDegrees><LongitudeDegrees>59.46435424415604</LongitudeDegrees></Position></Trackpoint><Trackpoint><Time>2026-06-27T17:29:21.000Z</Time><Position><LatitudeDegrees>58.70070217856745</LatitudeDegrees><LongitudeDegrees>59.46433744133648</LongitudeDegrees></Position></Trackpoint><Trackpoint><Time>2026-06-27T17:29:22.000Z</Time><Position><LatitudeDegrees>58.70071362281648</LatitudeDegrees><LongitudeDegrees>59.464320105290206</LongitudeDegrees></Position></Trackpoint><Trackpoint><Time>2026-06-27T17:29:23.000Z</Time><Position><LatitudeDegrees>58.700724273967026</LatitudeDegrees><LongitudeDegrees>59.4643028162562</LongitudeDegrees></Position></Trackpoint><Trackpoint><Time>2026-06-27T17:29:24.000Z</Time><Position><LatitudeDegrees>58.700734210655355</LatitudeDegrees><LongitudeDegrees>59.4642862967729</LongitudeDegrees></Position></Trackpoint><Trackpoint><Time>2026-06-27T17:29:25.000Z</Time><Position><LatitudeDegrees>58.70074355696665</LatitudeDegrees><LongitudeDegrees>59.464271235245675</LongitudeDegrees></Position></Trackpoint><Trackpoint><Time>2026-06-27T17:29:26.000Z</Time><Position><LatitudeDegrees>58.700752439777325</LatitudeDegrees><LongitudeDegrees>59.46425723844575</LongitudeDegrees></Position></Trackpoint><Trackpoint><Time>2026-06-27T17:29:27.000Z</Time><Position><LatitudeDegrees>58.70076048121831</LatitudeDegrees><LongitudeDegrees>59.46424253894039</LongitudeDegrees></Position></Trackpoint><Trackpoint><Time>2026-06-27T17:29:28.000Z</Time><Position><LatitudeDegrees>58.700769102490895</LatitudeDegrees><LongitudeDegrees>59.46422747825429</LongitudeDegrees></Position></Trackpoint><Trackpoint><Time>2026-06-27T17:29:29.000Z</Time><Position><LatitudeDegrees>58.70077832486204</LatitudeDegrees><LongitudeDegrees>59.46421175378507</LongitudeDegrees></Position></Trackpoint><Trackpoint><Time>2026-06-27T17:29:30.000Z</Time><Position><LatitudeDegrees>58.700788079940104</LatitudeDegrees><LongitudeDegrees>59.4641963053278</LongitudeDegrees></Position></Trackpoint><Trackpoint><Time>2026-06-27T17:29:31.000Z</Time><Position><LatitudeDegrees>58.70079778157638</LatitudeDegrees><LongitudeDegrees>59.4641814844957</LongitudeDegrees></Position></Trackpoint><Trackpoint><Time>2026-06-27T17:29:32.000Z</Time><Position><LatitudeDegrees>58.70080719523445</LatitudeDegrees><LongitudeDegrees>59.46416735554007</LongitudeDegrees></Position></Trackpoint><Trackpoint><Time>2026-06-27T17:29:33.000Z</Time><Position><LatitudeDegrees>58.700816261285965</LatitudeDegrees><LongitudeDegrees>59.46415385612046</LongitudeDegrees></Position></Trackpoint><Trackpoint><Time>2026-06-27T17:29:34.000Z</Time><Position><LatitudeDegrees>58.700824510178144</LatitudeDegrees><LongitudeDegrees>59.464140879762994</LongitudeDegrees></Position></Trackpoint><Trackpoint><Time>2026-06-27T17:29:35.000Z</Time><Position><LatitudeDegrees>58.700832832635896</LatitudeDegrees><LongitudeDegrees>59.46412782587331</LongitudeDegrees></Position></Trackpoint><Trackpoint><Time>2026-06-27T17:29:36.000Z</Time><Position><LatitudeDegrees>58.700842075658024</LatitudeDegrees><LongitudeDegrees>59.4641149466684</LongitudeDegrees></Position></Trackpoint><Trackpoint><Time>2026-06-27T17:29:37.000Z</Time><Position><LatitudeDegrees>58.70085246991383</LatitudeDegrees><LongitudeDegrees>59.46410183398849</LongitudeDegrees></Position></Trackpoint><Trackpoint><Time>2026-06-27T17:29:38.000Z</Time><Position><LatitudeDegrees>58.70086347303093</LatitudeDegrees><LongitudeDegrees>59.46408737048468</LongitudeDegrees></Position></Trackpoint><Trackpoint><Time>2026-06-27T17:29:39.000Z</Time><Position><LatitudeDegrees>58.70087380427461</LatitudeDegrees><LongitudeDegrees>59.464072738203505</LongitudeDegrees></Position></Trackpoint><Trackpoint><Time>2026-06-27T17:29:40.000Z</Time><Position><LatitudeDegrees>58.70088400165077</LatitudeDegrees><LongitudeDegrees>59.46405795600285</LongitudeDegrees></Position></Trackpoint><Trackpoint><Time>2026-06-27T17:29:41.000Z</Time><Position><LatitudeDegrees>58.7008943039099</LatitudeDegrees><LongitudeDegrees>59.46404403011218</LongitudeDegrees></Position></Trackpoint><Trackpoint><Time>2026-06-27T17:29:42.000Z</Time><Position><LatitudeDegrees>58.70090381669458</LatitudeDegrees><LongitudeDegrees>59.46403028580303</LongitudeDegrees></Position></Trackpoint><Trackpoint><Time>2026-06-27T17:29:43.000Z</Time><Position><LatitudeDegrees>58.7009132522277</LatitudeDegrees><LongitudeDegrees>59.46401544267277</LongitudeDegrees></Position></Trackpoint><Trackpoint><Time>2026-06-27T17:29:44.000Z</Time><Position><LatitudeDegrees>58.70092340335214</LatitudeDegrees><LongitudeDegrees>59.464001072883384</LongitudeDegrees></Position></Trackpoint><Trackpoint><Time>2026-06-27T17:29:45.000Z</Time><Position><LatitudeDegrees>58.700934994352586</LatitudeDegrees><LongitudeDegrees>59.46398776315104</LongitudeDegrees></Position></Trackpoint><Trackpoint><Time>2026-06-27T17:29:46.000Z</Time><Position><LatitudeDegrees>58.70094715948649</LatitudeDegrees><LongitudeDegrees>59.46397463982705</LongitudeDegrees></Position></Trackpoint><Trackpoint><Time>2026-06-27T17:29:47.000Z</Time><Position><LatitudeDegrees>58.70095897891241</LatitudeDegrees><LongitudeDegrees>59.46396131918853</LongitudeDegrees></Position></Trackpoint><Trackpoint><Time>2026-06-27T17:29:48.000Z</Time><Position><LatitudeDegrees>58.70096962856945</LatitudeDegrees><LongitudeDegrees>59.46394913736247</LongitudeDegrees></Position></Trackpoint><Trackpoint><Time>2026-06-27T17:29:49.000Z</Time><Position><LatitudeDegrees>58.70097940883054</LatitudeDegrees><LongitudeDegrees>59.46393702961382</LongitudeDegrees></Position></Trackpoint><Trackpoint><Time>2026-06-27T17:29:50.000Z</Time><Position><LatitudeDegrees>58.70098904459554</LatitudeDegrees><LongitudeDegrees>59.46392650638392</LongitudeDegrees></Position></Trackpoint><Trackpoint><Time>2026-06-27T17:29:51.000Z</Time><Position><LatitudeDegrees>58.70099836333761</LatitudeDegrees><LongitudeDegrees>59.463915538299226</LongitudeDegrees></Position></Trackpoint><Trackpoint><Time>2026-06-27T17:29:52.000Z</Time><Position><LatitudeDegrees>58.70100782430449</LatitudeDegrees><LongitudeDegrees>59.46390432591369</LongitudeDegrees></Position></Trackpoint><Trackpoint><Time>2026-06-27T17:29:53.000Z</Time><Position><LatitudeDegrees>58.70101808798599</LatitudeDegrees><LongitudeDegrees>59.46389249356716</LongitudeDegrees></Position></Trackpoint><Trackpoint><Time>2026-06-27T17:29:54.000Z</Time><Position><LatitudeDegrees>58.70102932336663</LatitudeDegrees><LongitudeDegrees>59.46388045573192</LongitudeDegrees></Position></Trackpoint><Trackpoint><Time>2026-06-27T17:29:55.000Z</Time><Position><LatitudeDegrees>58.70104049610253</LatitudeDegrees><LongitudeDegrees>59.46386938869689</LongitudeDegrees></Position></Trackpoint><Trackpoint><Time>2026-06-27T17:29:56.000Z</Time><Position><LatitudeDegrees>58.70105167786735</LatitudeDegrees><LongitudeDegrees>59.463858673075094</LongitudeDegrees></Position></Trackpoint><Trackpoint><Time>2026-06-27T17:29:57.000Z</Time><Position><LatitudeDegrees>58.70106191779861</LatitudeDegrees><LongitudeDegrees>59.463848498289586</LongitudeDegrees></Position></Trackpoint><Trackpoint><Time>2026-06-27T17:29:58.000Z</Time><Position><LatitudeDegrees>58.70107143479297</LatitudeDegrees><LongitudeDegrees>59.463838383324955</LongitudeDegrees></Position></Trackpoint><Trackpoint><Time>2026-06-27T17:29:59.000Z</Time><Position><LatitudeDegrees>58.701080901397845</LatitudeDegrees><LongitudeDegrees>59.4638281224051</LongitudeDegrees></Position></Trackpoint><Trackpoint><Time>2026-06-27T17:30:00.000Z</Time><Position><LatitudeDegrees>58.70109109066872</LatitudeDegrees><LongitudeDegrees>59.46381764951768</LongitudeDegrees></Position></Trackpoint><Trackpoint><Time>2026-06-27T17:30:01.000Z</Time><Position><LatitudeDegrees>58.70110222822253</LatitudeDegrees><LongitudeDegrees>59.46380647507173</LongitudeDegrees></Position></Trackpoint><Trackpoint><Time>2026-06-27T17:30:02.000Z</Time><Position><LatitudeDegrees>58.70111379565457</LatitudeDegrees><LongitudeDegrees>59.463793508260075</LongitudeDegrees></Position></Trackpoint><Trackpoint><Time>2026-06-27T17:30:03.000Z</Time><Position><LatitudeDegrees>58.70112552429426</LatitudeDegrees><LongitudeDegrees>59.463779509120634</LongitudeDegrees></Position></Trackpoint><Trackpoint><Time>2026-06-27T17:30:04.000Z</Time><Position><LatitudeDegrees>58.70113728280335</LatitudeDegrees><LongitudeDegrees>59.46376639199191</LongitudeDegrees></Position></Trackpoint><Trackpoint><Time>2026-06-27T17:30:05.000Z</Time><Position><LatitudeDegrees>58.70114852364806</LatitudeDegrees><LongitudeDegrees>59.463753852836376</LongitudeDegrees></Position></Trackpoint><Trackpoint><Time>2026-06-27T17:30:06.000Z</Time><Position><LatitudeDegrees>58.701159577387756</LatitudeDegrees><LongitudeDegrees>59.46374120264863</LongitudeDegrees></Position></Trackpoint><Trackpoint><Time>2026-06-27T17:30:07.000Z</Time><Position><LatitudeDegrees>58.70117060417248</LatitudeDegrees><LongitudeDegrees>59.46372915114532</LongitudeDegrees></Position></Trackpoint><Trackpoint><Time>2026-06-27T17:30:08.000Z</Time><Position><LatitudeDegrees>58.701181183806355</LatitudeDegrees><LongitudeDegrees>59.46371644493934</LongitudeDegrees></Position></Trackpoint><Trackpoint><Time>2026-06-27T17:30:09.000Z</Time><Position><LatitudeDegrees>58.70119120062985</LatitudeDegrees><LongitudeDegrees>59.463703141484785</LongitudeDegrees></Position></Trackpoint><Trackpoint><Time>2026-06-27T17:30:10.000Z</Time><Position><LatitudeDegrees>58.70120067924637</LatitudeDegrees><LongitudeDegrees>59.46368885148852</LongitudeDegrees></Position></Trackpoint><Trackpoint><Time>2026-06-27T17:30:11.000Z</Time><Position><LatitudeDegrees>58.701210188477084</LatitudeDegrees><LongitudeDegrees>59.46367501007962</LongitudeDegrees></Position></Trackpoint><Trackpoint><Time>2026-06-27T17:30:12.000Z</Time><Position><LatitudeDegrees>58.70121946904161</LatitudeDegrees><LongitudeDegrees>59.463663129937835</LongitudeDegrees></Position></Trackpoint><Trackpoint><Time>2026-06-27T17:30:13.000Z</Time><Position><LatitudeDegrees>58.70122893311923</LatitudeDegrees><LongitudeDegrees>59.463651623866994</LongitudeDegrees></Position></Trackpoint><Trackpoint><Time>2026-06-27T17:30:14.000Z</Time><Position><LatitudeDegrees>58.70123921651611</LatitudeDegrees><LongitudeDegrees>59.46364076941657</LongitudeDegrees></Position></Trackpoint><Trackpoint><Time>2026-06-27T17:30:15.000Z</Time><Position><LatitudeDegrees>58.70125047592003</LatitudeDegrees><LongitudeDegrees>59.46363059725621</LongitudeDegrees></Position></Trackpoint><Trackpoint><Time>2026-06-27T17:30:16.000Z</Time><Position><LatitudeDegrees>58.7012621609806</LatitudeDegrees><LongitudeDegrees>59.46361956361394</LongitudeDegrees></Position></Trackpoint><Trackpoint><Time>2026-06-27T17:30:17.000Z</Time><Position><LatitudeDegrees>58.70127350080218</LatitudeDegrees><LongitudeDegrees>59.463608612114726</LongitudeDegrees></Position></Trackpoint><Trackpoint><Time>2026-06-27T17:30:18.000Z</Time><Position><LatitudeDegrees>58.701284711825764</LatitudeDegrees><LongitudeDegrees>59.463597631221255</LongitudeDegrees></Position></Trackpoint><Trackpoint><Time>2026-06-27T17:30:19.000Z</Time><Position><LatitudeDegrees>58.70129541010936</LatitudeDegrees><LongitudeDegrees>59.46358706838206</LongitudeDegrees></Position></Trackpoint><Trackpoint><Time>2026-06-27T17:30:20.000Z</Time><Position><LatitudeDegrees>58.70130599295289</LatitudeDegrees><LongitudeDegrees>59.463576074993505</LongitudeDegrees></Position></Trackpoint><Trackpoint><Time>2026-06-27T17:30:21.000Z</Time><Position><LatitudeDegrees>58.70131712840488</LatitudeDegrees><LongitudeDegrees>59.46356435683267</LongitudeDegrees></Position></Trackpoint><Trackpoint><Time>2026-06-27T17:30:22.000Z</Time><Position><LatitudeDegrees>58.701329020663536</LatitudeDegrees><LongitudeDegrees>59.46355384419464</LongitudeDegrees></Position></Trackpoint><Trackpoint><Time>2026-06-27T17:30:23.000Z</Time><Position><LatitudeDegrees>58.70134067746825</LatitudeDegrees><LongitudeDegrees>59.46354419809104</LongitudeDegrees></Position></Trackpoint><Trackpoint><Time>2026-06-27T17:30:24.000Z</Time><Position><LatitudeDegrees>58.70135123078257</LatitudeDegrees><LongitudeDegrees>59.463535167696776</LongitudeDegrees></Position></Trackpoint><Trackpoint><Time>2026-06-27T17:30:25.000Z</Time><Position><LatitudeDegrees>58.70136095436206</LatitudeDegrees><LongitudeDegrees>59.46352754990957</LongitudeDegrees></Position></Trackpoint><Trackpoint><Time>2026-06-27T17:30:26.000Z</Time><Position><LatitudeDegrees>58.70137055705423</LatitudeDegrees><LongitudeDegrees>59.46352247083376</LongitudeDegrees></Position></Trackpoint><Trackpoint><Time>2026-06-27T17:30:27.000Z</Time><Position><LatitudeDegrees>58.70137936708059</LatitudeDegrees><LongitudeDegrees>59.46351810995441</LongitudeDegrees></Position></Trackpoint><Trackpoint><Time>2026-06-27T17:30:28.000Z</Time><Position><LatitudeDegrees>58.701388678349666</LatitudeDegrees><LongitudeDegrees>59.46351362534334</LongitudeDegrees></Position></Trackpoint><Trackpoint><Time>2026-06-27T17:30:29.000Z</Time><Position><LatitudeDegrees>58.70139846979177</LatitudeDegrees><LongitudeDegrees>59.46350770692598</LongitudeDegrees></Position></Trackpoint><Trackpoint><Time>2026-06-27T17:30:30.000Z</Time><Position><LatitudeDegrees>58.70140769187899</LatitudeDegrees><LongitudeDegrees>59.463501957639295</LongitudeDegrees></Position></Trackpoint><Trackpoint><Time>2026-06-27T17:30:31.000Z</Time><Position><LatitudeDegrees>58.70141598545657</LatitudeDegrees><LongitudeDegrees>59.4634970159185</LongitudeDegrees></Position></Trackpoint><Trackpoint><Time>2026-06-27T17:30:32.000Z</Time><Position><LatitudeDegrees>58.701426929418005</LatitudeDegrees><LongitudeDegrees>59.46349023498417</LongitudeDegrees></Position></Trackpoint><Trackpoint><Time>2026-06-27T17:30:33.000Z</Time><Position><LatitudeDegrees>58.70143132421106</LatitudeDegrees><LongitudeDegrees>59.463487220597514</LongitudeDegrees></Position></Trackpoint><Trackpoint><Time>2026-06-27T17:30:34.000Z</Time><Position><LatitudeDegrees>58.70143704462697</LatitudeDegrees><LongitudeDegrees>59.463482848623656</LongitudeDegrees></Position></Trackpoint><Trackpoint><Time>2026-06-27T17:30:35.000Z</Time><Position><LatitudeDegrees>58.70144453521434</LatitudeDegrees><LongitudeDegrees>59.46347700985449</LongitudeDegrees></Position></Trackpoint><Trackpoint><Time>2026-06-27T17:30:36.000Z</Time><Position><LatitudeDegrees>58.701453751854274</LatitudeDegrees><LongitudeDegrees>59.46346886835419</LongitudeDegrees></Position></Trackpoint><Trackpoint><Time>2026-06-27T17:30:37.000Z</Time><Position><LatitudeDegrees>58.70146396523028</LatitudeDegrees><LongitudeDegrees>59.463458865019184</LongitudeDegrees></Position></Trackpoint><Trackpoint><Time>2026-06-27T17:30:38.000Z</Time><Position><LatitudeDegrees>58.701474747055954</LatitudeDegrees><LongitudeDegrees>59.463449378831456</LongitudeDegrees></Position></Trackpoint><Trackpoint><Time>2026-06-27T17:30:39.000Z</Time><Position><LatitudeDegrees>58.70148535837839</LatitudeDegrees><LongitudeDegrees>59.46344083354944</LongitudeDegrees></Position></Trackpoint><Trackpoint><Time>2026-06-27T17:30:40.000Z</Time><Position><LatitudeDegrees>58.701495516755976</LatitudeDegrees><LongitudeDegrees>59.46343328292717</LongitudeDegrees></Position></Trackpoint><Trackpoint><Time>2026-06-27T17:30:41.000Z</Time><Position><LatitudeDegrees>58.70150516400462</LatitudeDegrees><LongitudeDegrees>59.46342613182865</LongitudeDegrees></Position></Trackpoint><Trackpoint><Time>2026-06-27T17:30:42.000Z</Time><Position><LatitudeDegrees>58.701514341764806</LatitudeDegrees><LongitudeDegrees>59.463419573489375</LongitudeDegrees></Position></Trackpoint><Trackpoint><Time>2026-06-27T17:30:43.000Z</Time><Position><LatitudeDegrees>58.701524106664834</LatitudeDegrees><LongitudeDegrees>59.46341312179981</LongitudeDegrees></Position></Trackpoint><Trackpoint><Time>2026-06-27T17:30:44.000Z</Time><Position><LatitudeDegrees>58.70153432889035</LatitudeDegrees><LongitudeDegrees>59.463406562875505</LongitudeDegrees></Position></Trackpoint><Trackpoint><Time>2026-06-27T17:30:45.000Z</Time><Position><LatitudeDegrees>58.701544896282435</LatitudeDegrees><LongitudeDegrees>59.4633993327845</LongitudeDegrees></Position></Trackpoint><Trackpoint><Time>2026-06-27T17:30:46.000Z</Time><Position><LatitudeDegrees>58.701555718348715</LatitudeDegrees><LongitudeDegrees>59.463392754255906</LongitudeDegrees></Position></Trackpoint><Trackpoint><Time>2026-06-27T17:30:47.000Z</Time><Position><LatitudeDegrees>58.70156672513435</LatitudeDegrees><LongitudeDegrees>59.46338630918539</LongitudeDegrees></Position></Trackpoint><Trackpoint><Time>2026-06-27T17:30:48.000Z</Time><Position><LatitudeDegrees>58.701577864121155</LatitudeDegrees><LongitudeDegrees>59.46337927746054</LongitudeDegrees></Position></Trackpoint><Trackpoint><Time>2026-06-27T17:30:49.000Z</Time><Position><LatitudeDegrees>58.70158909671258</LatitudeDegrees><LongitudeDegrees>59.463372417032495</LongitudeDegrees></Position></Trackpoint><Trackpoint><Time>2026-06-27T17:30:50.000Z</Time><Position><LatitudeDegrees>58.70159990538864</LatitudeDegrees><LongitudeDegrees>59.46336454923327</LongitudeDegrees></Position></Trackpoint><Trackpoint><Time>2026-06-27T17:30:51.000Z</Time><Position><LatitudeDegrees>58.70161062103686</LatitudeDegrees><LongitudeDegrees>59.463355807553256</LongitudeDegrees></Position></Trackpoint><Trackpoint><Time>2026-06-27T17:30:52.000Z</Time><Position><LatitudeDegrees>58.701621391867754</LatitudeDegrees><LongitudeDegrees>59.46334782796139</LongitudeDegrees></Position></Trackpoint><Trackpoint><Time>2026-06-27T17:30:53.000Z</Time><Position><LatitudeDegrees>58.70163227183672</LatitudeDegrees><LongitudeDegrees>59.463341676001995</LongitudeDegrees></Position></Trackpoint><Trackpoint><Time>2026-06-27T17:30:54.000Z</Time><Position><LatitudeDegrees>58.701643269156705</LatitudeDegrees><LongitudeDegrees>59.463337066317266</LongitudeDegrees></Position></Trackpoint><Trackpoint><Time>2026-06-27T17:30:55.000Z</Time><Position><LatitudeDegrees>58.701654372148234</LatitudeDegrees><LongitudeDegrees>59.4633327042175</LongitudeDegrees></Position></Trackpoint><Trackpoint><Time>2026-06-27T17:30:56.000Z</Time><Position><LatitudeDegrees>58.70166605204915</LatitudeDegrees><LongitudeDegrees>59.46332851433976</LongitudeDegrees></Position></Trackpoint><Trackpoint><Time>2026-06-27T17:30:57.000Z</Time><Position><LatitudeDegrees>58.701678428885465</LatitudeDegrees><LongitudeDegrees>59.46332444354263</LongitudeDegrees></Position></Trackpoint><Trackpoint><Time>2026-06-27T17:30:58.000Z</Time><Position><LatitudeDegrees>58.70169048341605</LatitudeDegrees><LongitudeDegrees>59.46331898582505</LongitudeDegrees></Position></Trackpoint><Trackpoint><Time>2026-06-27T17:30:59.000Z</Time><Position><LatitudeDegrees>58.70170183725088</LatitudeDegrees><LongitudeDegrees>59.46331267819592</LongitudeDegrees></Position></Trackpoint><Trackpoint><Time>2026-06-27T17:31:00.000Z</Time><Position><LatitudeDegrees>58.70171193487894</LatitudeDegrees><LongitudeDegrees>59.46330683011953</LongitudeDegrees></Position></Trackpoint><Trackpoint><Time>2026-06-27T17:31:01.000Z</Time><Position><LatitudeDegrees>58.701721687975734</LatitudeDegrees><LongitudeDegrees>59.46330241150465</LongitudeDegrees></Position></Trackpoint><Trackpoint><Time>2026-06-27T17:31:02.000Z</Time><Position><LatitudeDegrees>58.701731516219716</LatitudeDegrees><LongitudeDegrees>59.46329767988036</LongitudeDegrees></Position></Trackpoint><Trackpoint><Time>2026-06-27T17:31:03.000Z</Time><Position><LatitudeDegrees>58.701742072414056</LatitudeDegrees><LongitudeDegrees>59.46329293703456</LongitudeDegrees></Position></Trackpoint><Trackpoint><Time>2026-06-27T17:31:04.000Z</Time><Position><LatitudeDegrees>58.701754511194785</LatitudeDegrees><LongitudeDegrees>59.46328928791505</LongitudeDegrees></Position></Trackpoint><Trackpoint><Time>2026-06-27T17:31:05.000Z</Time><Position><LatitudeDegrees>58.701768087231166</LatitudeDegrees><LongitudeDegrees>59.46328606797686</LongitudeDegrees></Position></Trackpoint><Trackpoint><Time>2026-06-27T17:31:06.000Z</Time><Position><LatitudeDegrees>58.701781857995485</LatitudeDegrees><LongitudeDegrees>59.46328196923218</LongitudeDegrees></Position></Trackpoint><Trackpoint><Time>2026-06-27T17:31:07.000Z</Time><Position><LatitudeDegrees>58.70179541033037</LatitudeDegrees><LongitudeDegrees>59.463277545022734</LongitudeDegrees></Position></Trackpoint><Trackpoint><Time>2026-06-27T17:31:08.000Z</Time><Position><LatitudeDegrees>58.70180860211892</LatitudeDegrees><LongitudeDegrees>59.46327257539539</LongitudeDegrees></Position></Trackpoint><Trackpoint><Time>2026-06-27T17:31:09.000Z</Time><Position><LatitudeDegrees>58.701821910718856</LatitudeDegrees><LongitudeDegrees>59.46326703976968</LongitudeDegrees></Position></Trackpoint><Trackpoint><Time>2026-06-27T17:31:10.000Z</Time><Position><LatitudeDegrees>58.701835028118815</LatitudeDegrees><LongitudeDegrees>59.46326149192553</LongitudeDegrees></Position></Trackpoint><Trackpoint><Time>2026-06-27T17:31:11.000Z</Time><Position><LatitudeDegrees>58.70184785200968</LatitudeDegrees><LongitudeDegrees>59.46325714071743</LongitudeDegrees></Position></Trackpoint><Trackpoint><Time>2026-06-27T17:31:12.000Z</Time><Position><LatitudeDegrees>58.70186037792859</LatitudeDegrees><LongitudeDegrees>59.46325482001617</LongitudeDegrees></Position></Trackpoint><Trackpoint><Time>2026-06-27T17:31:13.000Z</Time><Position><LatitudeDegrees>58.70187215267122</LatitudeDegrees><LongitudeDegrees>59.46325363340383</LongitudeDegrees></Position></Trackpoint><Trackpoint><Time>2026-06-27T17:31:14.000Z</Time><Position><LatitudeDegrees>58.701883575615874</LatitudeDegrees><LongitudeDegrees>59.46325159731517</LongitudeDegrees></Position></Trackpoint><Trackpoint><Time>2026-06-27T17:31:15.000Z</Time><Position><LatitudeDegrees>58.70189534600321</LatitudeDegrees><LongitudeDegrees>59.46324800388088</LongitudeDegrees></Position></Trackpoint><Trackpoint><Time>2026-06-27T17:31:16.000Z</Time><Position><LatitudeDegrees>58.70190770721012</LatitudeDegrees><LongitudeDegrees>59.463241292627856</LongitudeDegrees></Position></Trackpoint><Trackpoint><Time>2026-06-27T17:31:17.000Z</Time><Position><LatitudeDegrees>58.70191970441527</LatitudeDegrees><LongitudeDegrees>59.46323366912166</LongitudeDegrees></Position></Trackpoint><Trackpoint><Time>2026-06-27T17:31:18.000Z</Time><Position><LatitudeDegrees>58.70193050149985</LatitudeDegrees><LongitudeDegrees>59.463226158774035</LongitudeDegrees></Position></Trackpoint><Trackpoint><Time>2026-06-27T17:31:19.000Z</Time><Position><LatitudeDegrees>58.70194137698779</LatitudeDegrees><LongitudeDegrees>59.46321819013878</LongitudeDegrees></Position></Trackpoint><Trackpoint><Time>2026-06-27T17:31:20.000Z</Time><Position><LatitudeDegrees>58.70195235774428</LatitudeDegrees><LongitudeDegrees>59.4632090970852</LongitudeDegrees></Position></Trackpoint><Trackpoint><Time>2026-06-27T17:31:21.000Z</Time><Position><LatitudeDegrees>58.701963930932884</LatitudeDegrees><LongitudeDegrees>59.46319923920645</LongitudeDegrees></Position></Trackpoint><Trackpoint><Time>2026-06-27T17:31:22.000Z</Time><Position><LatitudeDegrees>58.701975731535406</LatitudeDegrees><LongitudeDegrees>59.463189352369774</LongitudeDegrees></Position></Trackpoint><Trackpoint><Time>2026-06-27T17:31:23.000Z</Time><Position><LatitudeDegrees>58.70198758003695</LatitudeDegrees><LongitudeDegrees>59.46318072256778</LongitudeDegrees></Position></Trackpoint><Trackpoint><Time>2026-06-27T17:31:24.000Z</Time><Position><LatitudeDegrees>58.701998417138284</LatitudeDegrees><LongitudeDegrees>59.46317175963412</LongitudeDegrees></Position></Trackpoint><Trackpoint><Time>2026-06-27T17:31:25.000Z</Time><Position><LatitudeDegrees>58.7020089156176</LatitudeDegrees><LongitudeDegrees>59.463160382610376</LongitudeDegrees></Position></Trackpoint><Trackpoint><Time>2026-06-27T17:31:26.000Z</Time><Position><LatitudeDegrees>58.70202037523024</LatitudeDegrees><LongitudeDegrees>59.463146044333264</LongitudeDegrees></Position></Trackpoint><Trackpoint><Time>2026-06-27T17:31:27.000Z</Time><Position><LatitudeDegrees>58.70203222867756</LatitudeDegrees><LongitudeDegrees>59.4631288995351</LongitudeDegrees></Position></Trackpoint><Trackpoint><Time>2026-06-27T17:31:28.000Z</Time><Position><LatitudeDegrees>58.70204321255773</LatitudeDegrees><LongitudeDegrees>59.46310937215253</LongitudeDegrees></Position></Trackpoint><Trackpoint><Time>2026-06-27T17:31:29.000Z</Time><Position><LatitudeDegrees>58.702053407778</LatitudeDegrees><LongitudeDegrees>59.46308941140977</LongitudeDegrees></Position></Trackpoint><Trackpoint><Time>2026-06-27T17:31:30.000Z</Time><Position><LatitudeDegrees>58.70206294888198</LatitudeDegrees><LongitudeDegrees>59.463068406851605</LongitudeDegrees></Position></Trackpoint><Trackpoint><Time>2026-06-27T17:31:31.000Z</Time><Position><LatitudeDegrees>58.7020709960128</LatitudeDegrees><LongitudeDegrees>59.46304868909746</LongitudeDegrees></Position></Trackpoint><Trackpoint><Time>2026-06-27T17:31:32.000Z</Time><Position><LatitudeDegrees>58.7020773950386</LatitudeDegrees><LongitudeDegrees>59.46303056320416</LongitudeDegrees></Position></Trackpoint><Trackpoint><Time>2026-06-27T17:31:33.000Z</Time><Position><LatitudeDegrees>58.70208278362514</LatitudeDegrees><LongitudeDegrees>59.46301346088072</LongitudeDegrees></Position></Trackpoint><Trackpoint><Time>2026-06-27T17:31:34.000Z</Time><Position><LatitudeDegrees>58.7020880436834</LatitudeDegrees><LongitudeDegrees>59.46299652710171</LongitudeDegrees></Position></Trackpoint><Trackpoint><Time>2026-06-27T17:31:35.000Z</Time><Position><LatitudeDegrees>58.70209306529954</LatitudeDegrees><LongitudeDegrees>59.462979877717345</LongitudeDegrees></Position></Trackpoint><Trackpoint><Time>2026-06-27T17:31:36.000Z</Time><Position><LatitudeDegrees>58.70209881303229</LatitudeDegrees><LongitudeDegrees>59.4629640135476</LongitudeDegrees></Position></Trackpoint><Trackpoint><Time>2026-06-27T17:31:37.000Z</Time><Position><LatitudeDegrees>58.70210559092314</LatitudeDegrees><LongitudeDegrees>59.46294904006573</LongitudeDegrees></Position></Trackpoint><Trackpoint><Time>2026-06-27T17:31:38.000Z</Time><Position><LatitudeDegrees>58.702113391967266</LatitudeDegrees><LongitudeDegrees>59.462934886390705</LongitudeDegrees></Position></Trackpoint><Trackpoint><Time>2026-06-27T17:31:39.000Z</Time><Position><LatitudeDegrees>58.70212159234907</LatitudeDegrees><LongitudeDegrees>59.462921418110376</LongitudeDegrees></Position></Trackpoint><Trackpoint><Time>2026-06-27T17:31:40.000Z</Time><Position><LatitudeDegrees>58.702129883906096</LatitudeDegrees><LongitudeDegrees>59.46290751267874</LongitudeDegrees></Position></Trackpoint><Trackpoint><Time>2026-06-27T17:31:41.000Z</Time><Position><LatitudeDegrees>58.7021391072458</LatitudeDegrees><LongitudeDegrees>59.46289325351224</LongitudeDegrees></Position></Trackpoint><Trackpoint><Time>2026-06-27T17:31:42.000Z</Time><Position><LatitudeDegrees>58.702148509744234</LatitudeDegrees><LongitudeDegrees>59.462879209976506</LongitudeDegrees></Position></Trackpoint><Trackpoint><Time>2026-06-27T17:31:43.000Z</Time><Position><LatitudeDegrees>58.70215775845101</LatitudeDegrees><LongitudeDegrees>59.46286363043693</LongitudeDegrees></Position></Trackpoint><Trackpoint><Time>2026-06-27T17:31:44.000Z</Time><Position><LatitudeDegrees>58.70216722559559</LatitudeDegrees><LongitudeDegrees>59.46284696987697</LongitudeDegrees></Position></Trackpoint><Trackpoint><Time>2026-06-27T17:31:45.000Z</Time><Position><LatitudeDegrees>58.70217703643833</LatitudeDegrees><LongitudeDegrees>59.46283004403194</LongitudeDegrees></Position></Trackpoint><Trackpoint><Time>2026-06-27T17:31:46.000Z</Time><Position><LatitudeDegrees>58.70218621923124</LatitudeDegrees><LongitudeDegrees>59.462812243676545</LongitudeDegrees></Position></Trackpoint><Trackpoint><Time>2026-06-27T17:31:47.000Z</Time><Position><LatitudeDegrees>58.70219445438533</LatitudeDegrees><LongitudeDegrees>59.46279489898543</LongitudeDegrees></Position></Trackpoint><Trackpoint><Time>2026-06-27T17:31:48.000Z</Time><Position><LatitudeDegrees>58.70220173191122</LatitudeDegrees><LongitudeDegrees>59.462778988895664</LongitudeDegrees></Position></Trackpoint><Trackpoint><Time>2026-06-27T17:31:49.000Z</Time><Position><LatitudeDegrees>58.70220817060506</LatitudeDegrees><LongitudeDegrees>59.46276424282666</LongitudeDegrees></Position></Trackpoint><Trackpoint><Time>2026-06-27T17:31:50.000Z</Time><Position><LatitudeDegrees>58.702214906275145</LatitudeDegrees><LongitudeDegrees>59.46274991033337</LongitudeDegrees></Position></Trackpoint><Trackpoint><Time>2026-06-27T17:31:51.000Z</Time><Position><LatitudeDegrees>58.702221389347514</LatitudeDegrees><LongitudeDegrees>59.46273513966508</LongitudeDegrees></Position></Trackpoint><Trackpoint><Time>2026-06-27T17:31:52.000Z</Time><Position><LatitudeDegrees>58.70222840513105</LatitudeDegrees><LongitudeDegrees>59.46271963628153</LongitudeDegrees></Position></Trackpoint><Trackpoint><Time>2026-06-27T17:31:53.000Z</Time><Position><LatitudeDegrees>58.702236208669476</LatitudeDegrees><LongitudeDegrees>59.46270337292411</LongitudeDegrees></Position></Trackpoint><Trackpoint><Time>2026-06-27T17:31:54.000Z</Time><Position><LatitudeDegrees>58.70224431428052</LatitudeDegrees><LongitudeDegrees>59.462686925518945</LongitudeDegrees></Position></Trackpoint><Trackpoint><Time>2026-06-27T17:31:55.000Z</Time><Position><LatitudeDegrees>58.70225248317348</LatitudeDegrees><LongitudeDegrees>59.46267055487385</LongitudeDegrees></Position></Trackpoint><Trackpoint><Time>2026-06-27T17:31:56.000Z</Time><Position><LatitudeDegrees>58.70226109849486</LatitudeDegrees><LongitudeDegrees>59.462655337767394</LongitudeDegrees></Position></Trackpoint><Trackpoint><Time>2026-06-27T17:31:57.000Z</Time><Position><LatitudeDegrees>58.70227026073874</LatitudeDegrees><LongitudeDegrees>59.462640590376715</LongitudeDegrees></Position></Trackpoint><Trackpoint><Time>2026-06-27T17:31:58.000Z</Time><Position><LatitudeDegrees>58.7022804307059</LatitudeDegrees><LongitudeDegrees>59.46262597079345</LongitudeDegrees></Position></Trackpoint><Trackpoint><Time>2026-06-27T17:31:59.000Z</Time><Position><LatitudeDegrees>58.70229117921907</LatitudeDegrees><LongitudeDegrees>59.46261132180444</LongitudeDegrees></Position></Trackpoint><Trackpoint><Time>2026-06-27T17:32:00.000Z</Time><Position><LatitudeDegrees>58.702302744883866</LatitudeDegrees><LongitudeDegrees>59.46259658243825</LongitudeDegrees></Position></Trackpoint><Trackpoint><Time>2026-06-27T17:32:01.000Z</Time><Position><LatitudeDegrees>58.70231463147524</LatitudeDegrees><LongitudeDegrees>59.462580759963345</LongitudeDegrees></Position></Trackpoint><Trackpoint><Time>2026-06-27T17:32:02.000Z</Time><Position><LatitudeDegrees>58.70232610383011</LatitudeDegrees><LongitudeDegrees>59.46256407416576</LongitudeDegrees></Position></Trackpoint><Trackpoint><Time>2026-06-27T17:32:03.000Z</Time><Position><LatitudeDegrees>58.70233740196105</LatitudeDegrees><LongitudeDegrees>59.46254770558811</LongitudeDegrees></Position></Trackpoint><Trackpoint><Time>2026-06-27T17:32:04.000Z</Time><Position><LatitudeDegrees>58.70234864707463</LatitudeDegrees><LongitudeDegrees>59.46253209970251</LongitudeDegrees></Position></Trackpoint><Trackpoint><Time>2026-06-27T17:32:05.000Z</Time><Position><LatitudeDegrees>58.702359406281815</LatitudeDegrees><LongitudeDegrees>59.46251881091072</LongitudeDegrees></Position></Trackpoint><Trackpoint><Time>2026-06-27T17:32:06.000Z</Time><Position><LatitudeDegrees>58.702370053280454</LatitudeDegrees><LongitudeDegrees>59.46250671313989</LongitudeDegrees></Position></Trackpoint><Trackpoint><Time>2026-06-27T17:32:07.000Z</Time><Position><LatitudeDegrees>58.70238124598419</LatitudeDegrees><LongitudeDegrees>59.46249421054867</LongitudeDegrees></Position></Trackpoint><Trackpoint><Time>2026-06-27T17:32:08.000Z</Time><Position><LatitudeDegrees>58.70239269569276</LatitudeDegrees><LongitudeDegrees>59.462481677095724</LongitudeDegrees></Position></Trackpoint><Trackpoint><Time>2026-06-27T17:32:09.000Z</Time><Position><LatitudeDegrees>58.702403760912965</LatitudeDegrees><LongitudeDegrees>59.46246878114012</LongitudeDegrees></Position></Trackpoint><Trackpoint><Time>2026-06-27T17:32:10.000Z</Time><Position><LatitudeDegrees>58.70241422680502</LatitudeDegrees><LongitudeDegrees>59.46245641184897</LongitudeDegrees></Position></Trackpoint><Trackpoint><Time>2026-06-27T17:32:11.000Z</Time><Position><LatitudeDegrees>58.70242408181359</LatitudeDegrees><LongitudeDegrees>59.46244388859313</LongitudeDegrees></Position></Trackpoint><Trackpoint><Time>2026-06-27T17:32:12.000Z</Time><Position><LatitudeDegrees>58.70243339958578</LatitudeDegrees><LongitudeDegrees>59.46243046121732</LongitudeDegrees></Position></Trackpoint><Trackpoint><Time>2026-06-27T17:32:13.000Z</Time><Position><LatitudeDegrees>58.702442279405396</LatitudeDegrees><LongitudeDegrees>59.462416426435645</LongitudeDegrees></Position></Trackpoint><Trackpoint><Time>2026-06-27T17:32:14.000Z</Time><Position><LatitudeDegrees>58.70245081837137</LatitudeDegrees><LongitudeDegrees>59.46240198440449</LongitudeDegrees></Position></Trackpoint><Trackpoint><Time>2026-06-27T17:32:15.000Z</Time><Position><LatitudeDegrees>58.70245910022033</LatitudeDegrees><LongitudeDegrees>59.462386780214146</LongitudeDegrees></Position></Trackpoint><Trackpoint><Time>2026-06-27T17:32:16.000Z</Time><Position><LatitudeDegrees>58.70246817165963</LatitudeDegrees><LongitudeDegrees>59.462371744744196</LongitudeDegrees></Position></Trackpoint><Trackpoint><Time>2026-06-27T17:32:17.000Z</Time><Position><LatitudeDegrees>58.7024773831943</LatitudeDegrees><LongitudeDegrees>59.462356750096255</LongitudeDegrees></Position></Trackpoint><Trackpoint><Time>2026-06-27T17:32:18.000Z</Time><Position><LatitudeDegrees>58.702486449359625</LatitudeDegrees><LongitudeDegrees>59.462340759136836</LongitudeDegrees></Position></Trackpoint><Trackpoint><Time>2026-06-27T17:32:19.000Z</Time><Position><LatitudeDegrees>58.702495271249646</LatitudeDegrees><LongitudeDegrees>59.462324451836075</LongitudeDegrees></Position></Trackpoint><Trackpoint><Time>2026-06-27T17:32:20.000Z</Time><Position><LatitudeDegrees>58.70250383948396</LatitudeDegrees><LongitudeDegrees>59.46230863844091</LongitudeDegrees></Position></Trackpoint><Trackpoint><Time>2026-06-27T17:32:21.000Z</Time><Position><LatitudeDegrees>58.70251218275573</LatitudeDegrees><LongitudeDegrees>59.46229407885664</LongitudeDegrees></Position></Trackpoint><Trackpoint><Time>2026-06-27T17:32:22.000Z</Time><Position><LatitudeDegrees>58.702519852144746</LatitudeDegrees><LongitudeDegrees>59.462279945891616</LongitudeDegrees></Position></Trackpoint><Trackpoint><Time>2026-06-27T17:32:23.000Z</Time><Position><LatitudeDegrees>58.70252723887314</LatitudeDegrees><LongitudeDegrees>59.4622653545142</LongitudeDegrees></Position></Trackpoint><Trackpoint><Time>2026-06-27T17:32:24.000Z</Time><Position><LatitudeDegrees>58.702535519559525</LatitudeDegrees><LongitudeDegrees>59.46224950946477</LongitudeDegrees></Position></Trackpoint><Trackpoint><Time>2026-06-27T17:32:25.000Z</Time><Position><LatitudeDegrees>58.70254408481531</LatitudeDegrees><LongitudeDegrees>59.46223322335702</LongitudeDegrees></Position></Trackpoint><Trackpoint><Time>2026-06-27T17:32:26.000Z</Time><Position><LatitudeDegrees>58.7025531367605</LatitudeDegrees><LongitudeDegrees>59.46221590824031</LongitudeDegrees></Position></Trackpoint><Trackpoint><Time>2026-06-27T17:32:27.000Z</Time><Position><LatitudeDegrees>58.70256220655839</LatitudeDegrees><LongitudeDegrees>59.46219794365932</LongitudeDegrees></Position></Trackpoint><Trackpoint><Time>2026-06-27T17:32:28.000Z</Time><Position><LatitudeDegrees>58.70257158844565</LatitudeDegrees><LongitudeDegrees>59.462180058891576</LongitudeDegrees></Position></Trackpoint><Trackpoint><Time>2026-06-27T17:32:29.000Z</Time><Position><LatitudeDegrees>58.70258136354255</LatitudeDegrees><LongitudeDegrees>59.46216303364459</LongitudeDegrees></Position></Trackpoint><Trackpoint><Time>2026-06-27T17:32:30.000Z</Time><Position><LatitudeDegrees>58.70259151478926</LatitudeDegrees><LongitudeDegrees>59.46214609948851</LongitudeDegrees></Position></Trackpoint><Trackpoint><Time>2026-06-27T17:32:31.000Z</Time><Position><LatitudeDegrees>58.7026014972711</LatitudeDegrees><LongitudeDegrees>59.46212843865627</LongitudeDegrees></Position></Trackpoint><Trackpoint><Time>2026-06-27T17:32:32.000Z</Time><Position><LatitudeDegrees>58.702611597845355</LatitudeDegrees><LongitudeDegrees>59.46210980763193</LongitudeDegrees></Position></Trackpoint><Trackpoint><Time>2026-06-27T17:32:33.000Z</Time><Position><LatitudeDegrees>58.70262191949245</LatitudeDegrees><LongitudeDegrees>59.46208974103957</LongitudeDegrees></Position></Trackpoint><Trackpoint><Time>2026-06-27T17:32:34.000Z</Time><Position><LatitudeDegrees>58.702632476248795</LatitudeDegrees><LongitudeDegrees>59.46206823147484</LongitudeDegrees></Position></Trackpoint><Trackpoint><Time>2026-06-27T17:32:35.000Z</Time><Position><LatitudeDegrees>58.70264324371913</LatitudeDegrees><LongitudeDegrees>59.4620454610917</LongitudeDegrees></Position></Trackpoint><Trackpoint><Time>2026-06-27T17:32:36.000Z</Time><Position><LatitudeDegrees>58.702652715979994</LatitudeDegrees><LongitudeDegrees>59.462022156341995</LongitudeDegrees></Position></Trackpoint><Trackpoint><Time>2026-06-27T17:32:37.000Z</Time><Position><LatitudeDegrees>58.70266092869069</LatitudeDegrees><LongitudeDegrees>59.46199917459856</LongitudeDegrees></Position></Trackpoint><Trackpoint><Time>2026-06-27T17:32:38.000Z</Time><Position><LatitudeDegrees>58.70266805819825</LatitudeDegrees><LongitudeDegrees>59.46197780672</LongitudeDegrees></Position></Trackpoint><Trackpoint><Time>2026-06-27T17:32:39.000Z</Time><Position><LatitudeDegrees>58.702675295377</LatitudeDegrees><LongitudeDegrees>59.46195837718783</LongitudeDegrees></Position></Trackpoint><Trackpoint><Time>2026-06-27T17:32:40.000Z</Time><Position><LatitudeDegrees>58.70268311684925</LatitudeDegrees><LongitudeDegrees>59.461939302018656</LongitudeDegrees></Position></Trackpoint><Trackpoint><Time>2026-06-27T17:32:41.000Z</Time><Position><LatitudeDegrees>58.70269164391079</LatitudeDegrees><LongitudeDegrees>59.4619208626146</LongitudeDegrees></Position></Trackpoint><Trackpoint><Time>2026-06-27T17:32:42.000Z</Time><Position><LatitudeDegrees>58.70270083595394</LatitudeDegrees><LongitudeDegrees>59.46190211404569</LongitudeDegrees></Position></Trackpoint><Trackpoint><Time>2026-06-27T17:32:43.000Z</Time><Position><LatitudeDegrees>58.702711570126965</LatitudeDegrees><LongitudeDegrees>59.46188515489221</LongitudeDegrees></Position></Trackpoint><Trackpoint><Time>2026-06-27T17:32:44.000Z</Time><Position><LatitudeDegrees>58.702723030517504</LatitudeDegrees><LongitudeDegrees>59.461869150918865</LongitudeDegrees></Position></Trackpoint><Trackpoint><Time>2026-06-27T17:32:45.000Z</Time><Position><LatitudeDegrees>58.70273429828609</LatitudeDegrees><LongitudeDegrees>59.461855594406316</LongitudeDegrees></Position></Trackpoint><Trackpoint><Time>2026-06-27T17:32:46.000Z</Time><Position><LatitudeDegrees>58.70274501974673</LatitudeDegrees><LongitudeDegrees>59.46184527540821</LongitudeDegrees></Position></Trackpoint><Trackpoint><Time>2026-06-27T17:32:47.000Z</Time><Position><LatitudeDegrees>58.702755608968154</LatitudeDegrees><LongitudeDegrees>59.46183859337554</LongitudeDegrees></Position></Trackpoint><Trackpoint><Time>2026-06-27T17:32:48.000Z</Time><Position><LatitudeDegrees>58.702765763839764</LatitudeDegrees><LongitudeDegrees>59.46183426679529</LongitudeDegrees></Position></Trackpoint><Trackpoint><Time>2026-06-27T17:32:49.000Z</Time><Position><LatitudeDegrees>58.70277541569047</LatitudeDegrees><LongitudeDegrees>59.46183048635769</LongitudeDegrees></Position></Trackpoint><Trackpoint><Time>2026-06-27T17:32:50.000Z</Time><Position><LatitudeDegrees>58.70278558002244</LatitudeDegrees><LongitudeDegrees>59.46182643683205</LongitudeDegrees></Position></Trackpoint><Trackpoint><Time>2026-06-27T17:32:51.000Z</Time><Position><LatitudeDegrees>58.70279611966653</LatitudeDegrees><LongitudeDegrees>59.4618213274056</LongitudeDegrees></Position></Trackpoint><Trackpoint><Time>2026-06-27T17:32:52.000Z</Time><Position><LatitudeDegrees>58.70280595073992</LatitudeDegrees><LongitudeDegrees>59.46181594765319</LongitudeDegrees></Position></Trackpoint><Trackpoint><Time>2026-06-27T17:32:53.000Z</Time><Position><LatitudeDegrees>58.7028147178075</LatitudeDegrees><LongitudeDegrees>59.46181114705462</LongitudeDegrees></Position></Trackpoint><Trackpoint><Time>2026-06-27T17:32:54.000Z</Time><Position><LatitudeDegrees>58.702822900663385</LatitudeDegrees><LongitudeDegrees>59.461806221899224</LongitudeDegrees></Position></Trackpoint><Trackpoint><Time>2026-06-27T17:32:55.000Z</Time><Position><LatitudeDegrees>58.702830282274874</LatitudeDegrees><LongitudeDegrees>59.46180187758341</LongitudeDegrees></Position></Trackpoint><Trackpoint><Time>2026-06-27T17:32:56.000Z</Time><Position><LatitudeDegrees>58.70283834493102</LatitudeDegrees><LongitudeDegrees>59.461796861231214</LongitudeDegrees></Position></Trackpoint><Trackpoint><Time>2026-06-27T17:32:57.000Z</Time><Position><LatitudeDegrees>58.702848101287444</LatitudeDegrees><LongitudeDegrees>59.461790253510756</LongitudeDegrees></Position></Trackpoint><Trackpoint><Time>2026-06-27T17:32:58.000Z</Time><Position><LatitudeDegrees>58.70285975100565</LatitudeDegrees><LongitudeDegrees>59.46178285928146</LongitudeDegrees></Position></Trackpoint><Trackpoint><Time>2026-06-27T17:32:59.000Z</Time><Position><LatitudeDegrees>58.702872643692146</LatitudeDegrees><LongitudeDegrees>59.46177462134788</LongitudeDegrees></Position></Trackpoint><Trackpoint><Time>2026-06-27T17:33:00.000Z</Time><Position><LatitudeDegrees>58.702885862349504</LatitudeDegrees><LongitudeDegrees>59.4617661140538</LongitudeDegrees></Position></Trackpoint><Trackpoint><Time>2026-06-27T17:33:01.000Z</Time><Position><LatitudeDegrees>58.702898987489725</LatitudeDegrees><LongitudeDegrees>59.46175858772641</LongitudeDegrees></Position></Trackpoint><Trackpoint><Time>2026-06-27T17:33:02.000Z</Time><Position><LatitudeDegrees>58.70291185835645</LatitudeDegrees><LongitudeDegrees>59.46175243138653</LongitudeDegrees></Position></Trackpoint><Trackpoint><Time>2026-06-27T17:33:03.000Z</Time><Position><LatitudeDegrees>58.702923951769854</LatitudeDegrees><LongitudeDegrees>59.4617476294101</LongitudeDegrees></Position></Trackpoint><Trackpoint><Time>2026-06-27T17:33:04.000Z</Time><Position><LatitudeDegrees>58.702936131273226</LatitudeDegrees><LongitudeDegrees>59.46174302231087</LongitudeDegrees></Position></Trackpoint><Trackpoint><Time>2026-06-27T17:33:05.000Z</Time><Position><LatitudeDegrees>58.70294874145297</LatitudeDegrees><LongitudeDegrees>59.46173908678278</LongitudeDegrees></Position></Trackpoint><Trackpoint><Time>2026-06-27T17:33:06.000Z</Time><Position><LatitudeDegrees>58.702962358555226</LatitudeDegrees><LongitudeDegrees>59.46173740178101</LongitudeDegrees></Position></Trackpoint><Trackpoint><Time>2026-06-27T17:33:07.000Z</Time><Position><LatitudeDegrees>58.70297660104976</LatitudeDegrees><LongitudeDegrees>59.46173783910969</LongitudeDegrees></Position></Trackpoint><Trackpoint><Time>2026-06-27T17:33:08.000Z</Time><Position><LatitudeDegrees>58.70299074193095</LatitudeDegrees><LongitudeDegrees>59.46174007357559</LongitudeDegrees></Position></Trackpoint><Trackpoint><Time>2026-06-27T17:33:09.000Z</Time><Position><LatitudeDegrees>58.703004005224905</LatitudeDegrees><LongitudeDegrees>59.46174374059345</LongitudeDegrees></Position></Trackpoint><Trackpoint><Time>2026-06-27T17:33:10.000Z</Time><Position><LatitudeDegrees>58.70301667360734</LatitudeDegrees><LongitudeDegrees>59.46174752692779</LongitudeDegrees></Position></Trackpoint><Trackpoint><Time>2026-06-27T17:33:11.000Z</Time><Position><LatitudeDegrees>58.7030284502389</LatitudeDegrees><LongitudeDegrees>59.461750876430344</LongitudeDegrees></Position></Trackpoint><Trackpoint><Time>2026-06-27T17:33:12.000Z</Time><Position><LatitudeDegrees>58.70303932732611</LatitudeDegrees><LongitudeDegrees>59.461753616127424</LongitudeDegrees></Position></Trackpoint><Trackpoint><Time>2026-06-27T17:33:13.000Z</Time><Position><LatitudeDegrees>58.70305039633577</LatitudeDegrees><LongitudeDegrees>59.461755753050305</LongitudeDegrees></Position></Trackpoint><Trackpoint><Time>2026-06-27T17:33:14.000Z</Time><Position><LatitudeDegrees>58.70306257174795</LatitudeDegrees><LongitudeDegrees>59.46175736745985</LongitudeDegrees></Position></Trackpoint><Trackpoint><Time>2026-06-27T17:33:15.000Z</Time><Position><LatitudeDegrees>58.70307559856034</LatitudeDegrees><LongitudeDegrees>59.461758559473964</LongitudeDegrees></Position></Trackpoint><Trackpoint><Time>2026-06-27T17:33:16.000Z</Time><Position><LatitudeDegrees>58.703088772867936</LatitudeDegrees><LongitudeDegrees>59.46175942453834</LongitudeDegrees></Position></Trackpoint><Trackpoint><Time>2026-06-27T17:33:17.000Z</Time><Position><LatitudeDegrees>58.70310129623778</LatitudeDegrees><LongitudeDegrees>59.461760533534836</LongitudeDegrees></Position></Trackpoint><Trackpoint><Time>2026-06-27T17:33:18.000Z</Time><Position><LatitudeDegrees>58.70311292339543</LatitudeDegrees><LongitudeDegrees>59.461761111042065</LongitudeDegrees></Position></Trackpoint><Trackpoint><Time>2026-06-27T17:33:19.000Z</Time><Position><LatitudeDegrees>58.70312415796678</LatitudeDegrees><LongitudeDegrees>59.46176188515273</LongitudeDegrees></Position></Trackpoint><Trackpoint><Time>2026-06-27T17:33:20.000Z</Time><Position><LatitudeDegrees>58.70313476813902</LatitudeDegrees><LongitudeDegrees>59.46176264087532</LongitudeDegrees></Position></Trackpoint><Trackpoint><Time>2026-06-27T17:33:21.000Z</Time><Position><LatitudeDegrees>58.703145228195204</LatitudeDegrees><LongitudeDegrees>59.46176427125047</LongitudeDegrees></Position></Trackpoint><Trackpoint><Time>2026-06-27T17:33:22.000Z</Time><Position><LatitudeDegrees>58.70315575272806</LatitudeDegrees><LongitudeDegrees>59.46176703180177</LongitudeDegrees></Position></Trackpoint><Trackpoint><Time>2026-06-27T17:33:23.000Z</Time><Position><LatitudeDegrees>58.7031674010598</LatitudeDegrees><LongitudeDegrees>59.461770882705956</LongitudeDegrees></Position></Trackpoint><Trackpoint><Time>2026-06-27T17:33:24.000Z</Time><Position><LatitudeDegrees>58.703179485995506</LatitudeDegrees><LongitudeDegrees>59.4617746883961</LongitudeDegrees></Position></Trackpoint><Trackpoint><Time>2026-06-27T17:33:25.000Z</Time><Position><LatitudeDegrees>58.70319166848794</LatitudeDegrees><LongitudeDegrees>59.4617774974004</LongitudeDegrees></Position></Trackpoint><Trackpoint><Time>2026-06-27T17:33:26.000Z</Time><Position><LatitudeDegrees>58.70320330677426</LatitudeDegrees><LongitudeDegrees>59.46177953540478</LongitudeDegrees></Position></Trackpoint><Trackpoint><Time>2026-06-27T17:33:27.000Z</Time><Position><LatitudeDegrees>58.703214696013795</LatitudeDegrees><LongitudeDegrees>59.46178197353215</LongitudeDegrees></Position></Trackpoint><Trackpoint><Time>2026-06-27T17:33:28.000Z</Time><Position><LatitudeDegrees>58.703225010506515</LatitudeDegrees><LongitudeDegrees>59.46178377390293</LongitudeDegrees></Position></Trackpoint><Trackpoint><Time>2026-06-27T17:33:29.000Z</Time><Position><LatitudeDegrees>58.70323551697561</LatitudeDegrees><LongitudeDegrees>59.46178557016004</LongitudeDegrees></Position></Trackpoint><Trackpoint><Time>2026-06-27T17:33:30.000Z</Time><Position><LatitudeDegrees>58.70324671246005</LatitudeDegrees><LongitudeDegrees>59.46178713417612</LongitudeDegrees></Position></Trackpoint><Trackpoint><Time>2026-06-27T17:33:31.000Z</Time><Position><LatitudeDegrees>58.703258223612366</LatitudeDegrees><LongitudeDegrees>59.46178693297664</LongitudeDegrees></Position></Trackpoint><Trackpoint><Time>2026-06-27T17:33:32.000Z</Time><Position><LatitudeDegrees>58.70326985616013</LatitudeDegrees><LongitudeDegrees>59.46178505140495</LongitudeDegrees></Position></Trackpoint><Trackpoint><Time>2026-06-27T17:33:33.000Z</Time><Position><LatitudeDegrees>58.703281514514536</LatitudeDegrees><LongitudeDegrees>59.4617822296862</LongitudeDegrees></Position></Trackpoint><Trackpoint><Time>2026-06-27T17:33:34.000Z</Time><Position><LatitudeDegrees>58.703293155996704</LatitudeDegrees><LongitudeDegrees>59.46177987255749</LongitudeDegrees></Position></Trackpoint><Trackpoint><Time>2026-06-27T17:33:35.000Z</Time><Position><LatitudeDegrees>58.7033057444168</LatitudeDegrees><LongitudeDegrees>59.46177703007512</LongitudeDegrees></Position></Trackpoint><Trackpoint><Time>2026-06-27T17:33:36.000Z</Time><Position><LatitudeDegrees>58.703320044776575</LatitudeDegrees><LongitudeDegrees>59.461775331757465</LongitudeDegrees></Position></Trackpoint><Trackpoint><Time>2026-06-27T17:33:37.000Z</Time><Position><LatitudeDegrees>58.703335173183135</LatitudeDegrees><LongitudeDegrees>59.46177383301088</LongitudeDegrees></Position></Trackpoint><Trackpoint><Time>2026-06-27T17:33:38.000Z</Time><Position><LatitudeDegrees>58.703350659341375</LatitudeDegrees><LongitudeDegrees>59.46177211920555</LongitudeDegrees></Position></Trackpoint><Trackpoint><Time>2026-06-27T17:33:39.000Z</Time><Position><LatitudeDegrees>58.70336577404058</LatitudeDegrees><LongitudeDegrees>59.46177053679618</LongitudeDegrees></Position></Trackpoint><Trackpoint><Time>2026-06-27T17:33:40.000Z</Time><Position><LatitudeDegrees>58.703380264643656</LatitudeDegrees><LongitudeDegrees>59.46176921159989</LongitudeDegrees></Position></Trackpoint><Trackpoint><Time>2026-06-27T17:33:41.000Z</Time><Position><LatitudeDegrees>58.70339361759741</LatitudeDegrees><LongitudeDegrees>59.46176865203009</LongitudeDegrees></Position></Trackpoint><Trackpoint><Time>2026-06-27T17:33:42.000Z</Time><Position><LatitudeDegrees>58.7034062570297</LatitudeDegrees><LongitudeDegrees>59.46176847959074</LongitudeDegrees></Position></Trackpoint><Trackpoint><Time>2026-06-27T17:33:43.000Z</Time><Position><LatitudeDegrees>58.703418449189904</LatitudeDegrees><LongitudeDegrees>59.46176897832757</LongitudeDegrees></Position></Trackpoint><Trackpoint><Time>2026-06-27T17:33:44.000Z</Time><Position><LatitudeDegrees>58.703430850745725</LatitudeDegrees><LongitudeDegrees>59.46177017907563</LongitudeDegrees></Position></Trackpoint><Trackpoint><Time>2026-06-27T17:33:45.000Z</Time><Position><LatitudeDegrees>58.70344272603796</LatitudeDegrees><LongitudeDegrees>59.46177151482113</LongitudeDegrees></Position></Trackpoint><Trackpoint><Time>2026-06-27T17:33:46.000Z</Time><Position><LatitudeDegrees>58.70345481886401</LatitudeDegrees><LongitudeDegrees>59.461772734722175</LongitudeDegrees></Position></Trackpoint><Trackpoint><Time>2026-06-27T17:33:47.000Z</Time><Position><LatitudeDegrees>58.70346691801367</LatitudeDegrees><LongitudeDegrees>59.461773260731526</LongitudeDegrees></Position></Trackpoint><Trackpoint><Time>2026-06-27T17:33:48.000Z</Time><Position><LatitudeDegrees>58.70347893569192</LatitudeDegrees><LongitudeDegrees>59.46177392307126</LongitudeDegrees></Position></Trackpoint><Trackpoint><Time>2026-06-27T17:33:49.000Z</Time><Position><LatitudeDegrees>58.70349084619857</LatitudeDegrees><LongitudeDegrees>59.461773577324855</LongitudeDegrees></Position></Trackpoint><Trackpoint><Time>2026-06-27T17:33:50.000Z</Time><Position><LatitudeDegrees>58.70350216309412</LatitudeDegrees><LongitudeDegrees>59.461771391959125</LongitudeDegrees></Position></Trackpoint><Trackpoint><Time>2026-06-27T17:33:51.000Z</Time><Position><LatitudeDegrees>58.70351325184628</LatitudeDegrees><LongitudeDegrees>59.46176579180148</LongitudeDegrees></Position></Trackpoint><Trackpoint><Time>2026-06-27T17:33:52.000Z</Time><Position><LatitudeDegrees>58.70352576108054</LatitudeDegrees><LongitudeDegrees>59.461757056037314</LongitudeDegrees></Position></Trackpoint><Trackpoint><Time>2026-06-27T17:33:53.000Z</Time><Position><LatitudeDegrees>58.7035392082179</LatitudeDegrees><LongitudeDegrees>59.46174619170545</LongitudeDegrees></Position></Trackpoint><Trackpoint><Time>2026-06-27T17:33:54.000Z</Time><Position><LatitudeDegrees>58.703552784527155</LatitudeDegrees><LongitudeDegrees>59.46173486595774</LongitudeDegrees></Position></Trackpoint><Trackpoint><Time>2026-06-27T17:33:55.000Z</Time><Position><LatitudeDegrees>58.70356614036683</LatitudeDegrees><LongitudeDegrees>59.46172284538368</LongitudeDegrees></Position></Trackpoint><Trackpoint><Time>2026-06-27T17:33:56.000Z</Time><Position><LatitudeDegrees>58.703578670429216</LatitudeDegrees><LongitudeDegrees>59.46171012303698</LongitudeDegrees></Position></Trackpoint><Trackpoint><Time>2026-06-27T17:33:57.000Z</Time><Position><LatitudeDegrees>58.703590231415674</LatitudeDegrees><LongitudeDegrees>59.46169727573898</LongitudeDegrees></Position></Trackpoint><Trackpoint><Time>2026-06-27T17:33:58.000Z</Time><Position><LatitudeDegrees>58.703600888690474</LatitudeDegrees><LongitudeDegrees>59.46168406747064</LongitudeDegrees></Position></Trackpoint><Trackpoint><Time>2026-06-27T17:33:59.000Z</Time><Position><LatitudeDegrees>58.70361078516283</LatitudeDegrees><LongitudeDegrees>59.46167044736145</LongitudeDegrees></Position></Trackpoint><Trackpoint><Time>2026-06-27T17:34:00.000Z</Time><Position><LatitudeDegrees>58.703620566945986</LatitudeDegrees><LongitudeDegrees>59.46165742654162</LongitudeDegrees></Position></Trackpoint><Trackpoint><Time>2026-06-27T17:34:01.000Z</Time><Position><LatitudeDegrees>58.70363002524048</LatitudeDegrees><LongitudeDegrees>59.46164534451041</LongitudeDegrees></Position></Trackpoint><Trackpoint><Time>2026-06-27T17:34:02.000Z</Time><Position><LatitudeDegrees>58.703639115575015</LatitudeDegrees><LongitudeDegrees>59.46163422059283</LongitudeDegrees></Position></Trackpoint><Trackpoint><Time>2026-06-27T17:34:03.000Z</Time><Position><LatitudeDegrees>58.70364737725131</LatitudeDegrees><LongitudeDegrees>59.46162393977514</LongitudeDegrees></Position></Trackpoint><Trackpoint><Time>2026-06-27T17:34:04.000Z</Time><Position><LatitudeDegrees>58.7036552165061</LatitudeDegrees><LongitudeDegrees>59.46161532570148</LongitudeDegrees></Position></Trackpoint><Trackpoint><Time>2026-06-27T17:34:05.000Z</Time><Position><LatitudeDegrees>58.703662854858386</LatitudeDegrees><LongitudeDegrees>59.461608014041296</LongitudeDegrees></Position></Trackpoint><Trackpoint><Time>2026-06-27T17:34:06.000Z</Time><Position><LatitudeDegrees>58.703671388543846</LatitudeDegrees><LongitudeDegrees>59.461601687588306</LongitudeDegrees></Position></Trackpoint><Trackpoint><Time>2026-06-27T17:34:07.000Z</Time><Position><LatitudeDegrees>58.70368115411423</LatitudeDegrees><LongitudeDegrees>59.46159657886716</LongitudeDegrees></Position></Trackpoint><Trackpoint><Time>2026-06-27T17:34:08.000Z</Time><Position><LatitudeDegrees>58.70369164245158</LatitudeDegrees><LongitudeDegrees>59.46159262734521</LongitudeDegrees></Position></Trackpoint><Trackpoint><Time>2026-06-27T17:34:09.000Z</Time><Position><LatitudeDegrees>58.70370304072873</LatitudeDegrees><LongitudeDegrees>59.46158916995773</LongitudeDegrees></Position></Trackpoint><Trackpoint><Time>2026-06-27T17:34:10.000Z</Time><Position><LatitudeDegrees>58.703714819629674</LatitudeDegrees><LongitudeDegrees>59.46158635982175</LongitudeDegrees></Position></Trackpoint><Trackpoint><Time>2026-06-27T17:34:11.000Z</Time><Position><LatitudeDegrees>58.7037257330907</LatitudeDegrees><LongitudeDegrees>59.461584176922216</LongitudeDegrees></Position></Trackpoint><Trackpoint><Time>2026-06-27T17:34:12.000Z</Time><Position><LatitudeDegrees>58.70373586862975</LatitudeDegrees><LongitudeDegrees>59.46158302212204</LongitudeDegrees></Position></Trackpoint><Trackpoint><Time>2026-06-27T17:34:13.000Z</Time><Position><LatitudeDegrees>58.703745851745346</LatitudeDegrees><LongitudeDegrees>59.46158243894432</LongitudeDegrees></Position></Trackpoint><Trackpoint><Time>2026-06-27T17:34:14.000Z</Time><Position><LatitudeDegrees>58.70375595960197</LatitudeDegrees><LongitudeDegrees>59.46158265564038</LongitudeDegrees></Position></Trackpoint><Trackpoint><Time>2026-06-27T17:34:15.000Z</Time><Position><LatitudeDegrees>58.70376677994549</LatitudeDegrees><LongitudeDegrees>59.46158366354914</LongitudeDegrees></Position></Trackpoint><Trackpoint><Time>2026-06-27T17:34:16.000Z</Time><Position><LatitudeDegrees>58.70377797377202</LatitudeDegrees><LongitudeDegrees>59.46158486794212</LongitudeDegrees></Position></Trackpoint><Trackpoint><Time>2026-06-27T17:34:17.000Z</Time><Position><LatitudeDegrees>58.70378935353247</LatitudeDegrees><LongitudeDegrees>59.46158452983998</LongitudeDegrees></Position></Trackpoint><Trackpoint><Time>2026-06-27T17:34:18.000Z</Time><Position><LatitudeDegrees>58.703800328512926</LatitudeDegrees><LongitudeDegrees>59.46158359988181</LongitudeDegrees></Position></Trackpoint><Trackpoint><Time>2026-06-27T17:34:19.000Z</Time><Position><LatitudeDegrees>58.703811197001215</LatitudeDegrees><LongitudeDegrees>59.46158254553632</LongitudeDegrees></Position></Trackpoint><Trackpoint><Time>2026-06-27T17:34:20.000Z</Time><Position><LatitudeDegrees>58.70382209551031</LatitudeDegrees><LongitudeDegrees>59.46158157528762</LongitudeDegrees></Position></Trackpoint><Trackpoint><Time>2026-06-27T17:34:21.000Z</Time><Position><LatitudeDegrees>58.70383356601832</LatitudeDegrees><LongitudeDegrees>59.461580274592116</LongitudeDegrees></Position></Trackpoint><Trackpoint><Time>2026-06-27T17:34:22.000Z</Time><Position><LatitudeDegrees>58.703845758314685</LatitudeDegrees><LongitudeDegrees>59.46157851513928</LongitudeDegrees></Position></Trackpoint><Trackpoint><Time>2026-06-27T17:34:23.000Z</Time><Position><LatitudeDegrees>58.70385913105788</LatitudeDegrees><LongitudeDegrees>59.46157777179923</LongitudeDegrees></Position></Trackpoint><Trackpoint><Time>2026-06-27T17:34:24.000Z</Time><Position><LatitudeDegrees>58.70387225279834</LatitudeDegrees><LongitudeDegrees>59.46157656311363</LongitudeDegrees></Position></Trackpoint><Trackpoint><Time>2026-06-27T17:34:25.000Z</Time><Position><LatitudeDegrees>58.703885055843834</LatitudeDegrees><LongitudeDegrees>59.46157482830557</LongitudeDegrees></Position></Trackpoint><Trackpoint><Time>2026-06-27T17:34:26.000Z</Time><Position><LatitudeDegrees>58.703897553220465</LatitudeDegrees><LongitudeDegrees>59.46157309948272</LongitudeDegrees></Position></Trackpoint><Trackpoint><Time>2026-06-27T17:34:27.000Z</Time><Position><LatitudeDegrees>58.703909299914336</LatitudeDegrees><LongitudeDegrees>59.4615720846272</LongitudeDegrees></Position></Trackpoint><Trackpoint><Time>2026-06-27T17:34:28.000Z</Time><Position><LatitudeDegrees>58.703920209002874</LatitudeDegrees><LongitudeDegrees>59.4615714940624</LongitudeDegrees></Position></Trackpoint><Trackpoint><Time>2026-06-27T17:34:29.000Z</Time><Position><LatitudeDegrees>58.70393084180446</LatitudeDegrees><LongitudeDegrees>59.46157066442215</LongitudeDegrees></Position></Trackpoint><Trackpoint><Time>2026-06-27T17:34:30.000Z</Time><Position><LatitudeDegrees>58.703940975339115</LatitudeDegrees><LongitudeDegrees>59.46156984280572</LongitudeDegrees></Position></Trackpoint><Trackpoint><Time>2026-06-27T17:34:31.000Z</Time><Position><LatitudeDegrees>58.70395107146703</LatitudeDegrees><LongitudeDegrees>59.46156864033638</LongitudeDegrees></Position></Trackpoint><Trackpoint><Time>2026-06-27T17:34:32.000Z</Time><Position><LatitudeDegrees>58.703960835588106</LatitudeDegrees><LongitudeDegrees>59.46156792496485</LongitudeDegrees></Position></Trackpoint><Trackpoint><Time>2026-06-27T17:34:33.000Z</Time><Position><LatitudeDegrees>58.70397018898877</LatitudeDegrees><LongitudeDegrees>59.46156750201329</LongitudeDegrees></Position></Trackpoint><Trackpoint><Time>2026-06-27T17:34:34.000Z</Time><Position><LatitudeDegrees>58.703980131188736</LatitudeDegrees><LongitudeDegrees>59.461567253775215</LongitudeDegrees></Position></Trackpoint><Trackpoint><Time>2026-06-27T17:34:35.000Z</Time><Position><LatitudeDegrees>58.70399050864143</LatitudeDegrees><LongitudeDegrees>59.461567109350966</LongitudeDegrees></Position></Trackpoint><Trackpoint><Time>2026-06-27T17:34:36.000Z</Time><Position><LatitudeDegrees>58.70400071263661</LatitudeDegrees><LongitudeDegrees>59.461567026217345</LongitudeDegrees></Position></Trackpoint><Trackpoint><Time>2026-06-27T17:34:37.000Z</Time><Position><LatitudeDegrees>58.704011983581964</LatitudeDegrees><LongitudeDegrees>59.46156599977408</LongitudeDegrees></Position></Trackpoint><Trackpoint><Time>2026-06-27T17:34:38.000Z</Time><Position><LatitudeDegrees>58.70402371615606</LatitudeDegrees><LongitudeDegrees>59.46156471658689</LongitudeDegrees></Position></Trackpoint><Trackpoint><Time>2026-06-27T17:34:39.000Z</Time><Position><LatitudeDegrees>58.70403609142862</LatitudeDegrees><LongitudeDegrees>59.461563981969746</LongitudeDegrees></Position></Trackpoint><Trackpoint><Time>2026-06-27T17:34:40.000Z</Time><Position><LatitudeDegrees>58.70404861187019</LatitudeDegrees><LongitudeDegrees>59.46156552600151</LongitudeDegrees></Position></Trackpoint><Trackpoint><Time>2026-06-27T17:34:41.000Z</Time><Position><LatitudeDegrees>58.704061543559966</LatitudeDegrees><LongitudeDegrees>59.46156781028274</LongitudeDegrees></Position></Trackpoint><Trackpoint><Time>2026-06-27T17:34:42.000Z</Time><Position><LatitudeDegrees>58.70407445368451</LatitudeDegrees><LongitudeDegrees>59.46157010623934</LongitudeDegrees></Position></Trackpoint><Trackpoint><Time>2026-06-27T17:34:43.000Z</Time><Position><LatitudeDegrees>58.70408667715408</LatitudeDegrees><LongitudeDegrees>59.46157211232171</LongitudeDegrees></Position></Trackpoint><Trackpoint><Time>2026-06-27T17:34:44.000Z</Time><Position><LatitudeDegrees>58.70409851780427</LatitudeDegrees><LongitudeDegrees>59.46157374154656</LongitudeDegrees></Position></Trackpoint><Trackpoint><Time>2026-06-27T17:34:45.000Z</Time><Position><LatitudeDegrees>58.704110149899</LatitudeDegrees><LongitudeDegrees>59.46157451684976</LongitudeDegrees></Position></Trackpoint><Trackpoint><Time>2026-06-27T17:34:46.000Z</Time><Position><LatitudeDegrees>58.70412265119499</LatitudeDegrees><LongitudeDegrees>59.46157484097055</LongitudeDegrees></Position></Trackpoint><Trackpoint><Time>2026-06-27T17:34:47.000Z</Time><Position><LatitudeDegrees>58.7041358643771</LatitudeDegrees><LongitudeDegrees>59.461574448068355</LongitudeDegrees></Position></Trackpoint><Trackpoint><Time>2026-06-27T17:34:48.000Z</Time><Position><LatitudeDegrees>58.70415012289883</LatitudeDegrees><LongitudeDegrees>59.46157332068996</LongitudeDegrees></Position></Trackpoint><Trackpoint><Time>2026-06-27T17:34:49.000Z</Time><Position><LatitudeDegrees>58.704163961087836</LatitudeDegrees><LongitudeDegrees>59.461572035527084</LongitudeDegrees></Position></Trackpoint><Trackpoint><Time>2026-06-27T17:34:50.000Z</Time><Position><LatitudeDegrees>58.704176829280435</LatitudeDegrees><LongitudeDegrees>59.46157085033201</LongitudeDegrees></Position></Trackpoint><Trackpoint><Time>2026-06-27T17:34:51.000Z</Time><Position><LatitudeDegrees>58.70418911521499</LatitudeDegrees><LongitudeDegrees>59.46157034803562</LongitudeDegrees></Position></Trackpoint><Trackpoint><Time>2026-06-27T17:34:52.000Z</Time><Position><LatitudeDegrees>58.70420105330702</LatitudeDegrees><LongitudeDegrees>59.461569701838044</LongitudeDegrees></Position></Trackpoint><Trackpoint><Time>2026-06-27T17:34:53.000Z</Time><Position><LatitudeDegrees>58.70421229513109</LatitudeDegrees><LongitudeDegrees>59.461568589705024</LongitudeDegrees></Position></Trackpoint><Trackpoint><Time>2026-06-27T17:34:54.000Z</Time><Position><LatitudeDegrees>58.704223276169564</LatitudeDegrees><LongitudeDegrees>59.46156693881422</LongitudeDegrees></Position></Trackpoint><Trackpoint><Time>2026-06-27T17:34:55.000Z</Time><Position><LatitudeDegrees>58.70423469885064</LatitudeDegrees><LongitudeDegrees>59.461565277934326</LongitudeDegrees></Position></Trackpoint><Trackpoint><Time>2026-06-27T17:34:56.000Z</Time><Position><LatitudeDegrees>58.70424728538414</LatitudeDegrees><LongitudeDegrees>59.46156284689078</LongitudeDegrees></Position></Trackpoint><Trackpoint><Time>2026-06-27T17:34:57.000Z</Time><Position><LatitudeDegrees>58.70426069421083</LatitudeDegrees><LongitudeDegrees>59.46156041068891</LongitudeDegrees></Position></Trackpoint><Trackpoint><Time>2026-06-27T17:34:58.000Z</Time><Position><LatitudeDegrees>58.704273699903915</LatitudeDegrees><LongitudeDegrees>59.46155926426674</LongitudeDegrees></Position></Trackpoint><Trackpoint><Time>2026-06-27T17:34:59.000Z</Time><Position><LatitudeDegrees>58.70428633914398</LatitudeDegrees><LongitudeDegrees>59.461559285771024</LongitudeDegrees></Position></Trackpoint><Trackpoint><Time>2026-06-27T17:35:00.000Z</Time><Position><LatitudeDegrees>58.70429867407099</LatitudeDegrees><LongitudeDegrees>59.461560275116945</LongitudeDegrees></Position></Trackpoint><Trackpoint><Time>2026-06-27T17:35:01.000Z</Time><Position><LatitudeDegrees>58.70431076933439</LatitudeDegrees><LongitudeDegrees>59.46156104646066</LongitudeDegrees></Position></Trackpoint><Trackpoint><Time>2026-06-27T17:35:02.000Z</Time><Position><LatitudeDegrees>58.704322682319436</LatitudeDegrees><LongitudeDegrees>59.461561139412375</LongitudeDegrees></Position></Trackpoint><Trackpoint><Time>2026-06-27T17:35:03.000Z</Time><Position><LatitudeDegrees>58.70433446005443</LatitudeDegrees><LongitudeDegrees>59.461560941049434</LongitudeDegrees></Position></Trackpoint><Trackpoint><Time>2026-06-27T17:35:04.000Z</Time><Position><LatitudeDegrees>58.70434662887697</LatitudeDegrees><LongitudeDegrees>59.461560158562364</LongitudeDegrees></Position></Trackpoint><Trackpoint><Time>2026-06-27T17:35:05.000Z</Time><Position><LatitudeDegrees>58.70435886574431</LatitudeDegrees><LongitudeDegrees>59.461558746333914</LongitudeDegrees></Position></Trackpoint><Trackpoint><Time>2026-06-27T17:35:06.000Z</Time><Position><LatitudeDegrees>58.7043705392726</LatitudeDegrees><LongitudeDegrees>59.461557256014345</LongitudeDegrees></Position></Trackpoint><Trackpoint><Time>2026-06-27T17:35:07.000Z</Time><Position><LatitudeDegrees>58.704381461740645</LatitudeDegrees><LongitudeDegrees>59.46155592481451</LongitudeDegrees></Position></Trackpoint><Trackpoint><Time>2026-06-27T17:35:08.000Z</Time><Position><LatitudeDegrees>58.70439165223603</LatitudeDegrees><LongitudeDegrees>59.461554340392354</LongitudeDegrees></Position></Trackpoint><Trackpoint><Time>2026-06-27T17:35:09.000Z</Time><Position><LatitudeDegrees>58.70440268139912</LatitudeDegrees><LongitudeDegrees>59.461550896600514</LongitudeDegrees></Position></Trackpoint><Trackpoint><Time>2026-06-27T17:35:10.000Z</Time><Position><LatitudeDegrees>58.704415578040845</LatitudeDegrees><LongitudeDegrees>59.46154419139998</LongitudeDegrees></Position></Trackpoint><Trackpoint><Time>2026-06-27T17:35:11.000Z</Time><Position><LatitudeDegrees>58.70443003656121</LatitudeDegrees><LongitudeDegrees>59.46153406598122</LongitudeDegrees></Position></Trackpoint><Trackpoint><Time>2026-06-27T17:35:12.000Z</Time><Position><LatitudeDegrees>58.7044462202498</LatitudeDegrees><LongitudeDegrees>59.46151991469975</LongitudeDegrees></Position></Trackpoint><Trackpoint><Time>2026-06-27T17:35:13.000Z</Time><Position><LatitudeDegrees>58.704462995710735</LatitudeDegrees><LongitudeDegrees>59.461503473676224</LongitudeDegrees></Position></Trackpoint><Trackpoint><Time>2026-06-27T17:35:14.000Z</Time><Position><LatitudeDegrees>58.7044793306101</LatitudeDegrees><LongitudeDegrees>59.461485262177334</LongitudeDegrees></Position></Trackpoint><Trackpoint><Time>2026-06-27T17:35:15.000Z</Time><Position><LatitudeDegrees>58.70449436673315</LatitudeDegrees><LongitudeDegrees>59.46146670051348</LongitudeDegrees></Position></Trackpoint><Trackpoint><Time>2026-06-27T17:35:16.000Z</Time><Position><LatitudeDegrees>58.70450791733442</LatitudeDegrees><LongitudeDegrees>59.46144792894838</LongitudeDegrees></Position></Trackpoint><Trackpoint><Time>2026-06-27T17:35:17.000Z</Time><Position><LatitudeDegrees>58.70452009617035</LatitudeDegrees><LongitudeDegrees>59.461428542577195</LongitudeDegrees></Position></Trackpoint><Trackpoint><Time>2026-06-27T17:35:18.000Z</Time><Position><LatitudeDegrees>58.704531615764274</LatitudeDegrees><LongitudeDegrees>59.461407963945426</LongitudeDegrees></Position></Trackpoint><Trackpoint><Time>2026-06-27T17:35:19.000Z</Time><Position><LatitudeDegrees>58.70454285416978</LatitudeDegrees><LongitudeDegrees>59.461386597873506</LongitudeDegrees></Position></Trackpoint><Trackpoint><Time>2026-06-27T17:35:20.000Z</Time><Position><LatitudeDegrees>58.704554003172035</LatitudeDegrees><LongitudeDegrees>59.46136569136798</LongitudeDegrees></Position></Trackpoint><Trackpoint><Time>2026-06-27T17:35:21.000Z</Time><Position><LatitudeDegrees>58.70456515322935</LatitudeDegrees><LongitudeDegrees>59.46134569900308</LongitudeDegrees></Position></Trackpoint><Trackpoint><Time>2026-06-27T17:35:22.000Z</Time><Position><LatitudeDegrees>58.704576341460054</LatitudeDegrees><LongitudeDegrees>59.461326690659064</LongitudeDegrees></Position></Trackpoint><Trackpoint><Time>2026-06-27T17:35:23.000Z</Time><Position><LatitudeDegrees>58.7045870886406</LatitudeDegrees><LongitudeDegrees>59.461309058427986</LongitudeDegrees></Position></Trackpoint><Trackpoint><Time>2026-06-27T17:35:24.000Z</Time><Position><LatitudeDegrees>58.704597254018864</LatitudeDegrees><LongitudeDegrees>59.46129180794318</LongitudeDegrees></Position></Trackpoint><Trackpoint><Time>2026-06-27T17:35:25.000Z</Time><Position><LatitudeDegrees>58.70460734391249</LatitudeDegrees><LongitudeDegrees>59.461273991084106</LongitudeDegrees></Position></Trackpoint><Trackpoint><Time>2026-06-27T17:35:26.000Z</Time><Position><LatitudeDegrees>58.7046170869177</LatitudeDegrees><LongitudeDegrees>59.461256269297635</LongitudeDegrees></Position></Trackpoint><Trackpoint><Time>2026-06-27T17:35:27.000Z</Time><Position><LatitudeDegrees>58.704625926173335</LatitudeDegrees><LongitudeDegrees>59.46123890278723</LongitudeDegrees></Position></Trackpoint><Trackpoint><Time>2026-06-27T17:35:28.000Z</Time><Position><LatitudeDegrees>58.7046337483403</LatitudeDegrees><LongitudeDegrees>59.46122244272481</LongitudeDegrees></Position></Trackpoint><Trackpoint><Time>2026-06-27T17:35:29.000Z</Time><Position><LatitudeDegrees>58.70464063728357</LatitudeDegrees><LongitudeDegrees>59.46120699976014</LongitudeDegrees></Position></Trackpoint><Trackpoint><Time>2026-06-27T17:35:30.000Z</Time><Position><LatitudeDegrees>58.70464674731937</LatitudeDegrees><LongitudeDegrees>59.46119346814075</LongitudeDegrees></Position></Trackpoint><Trackpoint><Time>2026-06-27T17:35:31.000Z</Time><Position><LatitudeDegrees>58.704651752361265</LatitudeDegrees><LongitudeDegrees>59.46118197082934</LongitudeDegrees></Position></Trackpoint><Trackpoint><Time>2026-06-27T17:35:32.000Z</Time><Position><LatitudeDegrees>58.704655539371906</LatitudeDegrees><LongitudeDegrees>59.461168186089424</LongitudeDegrees></Position></Trackpoint><Trackpoint><Time>2026-06-27T17:35:33.000Z</Time><Position><LatitudeDegrees>58.70465809022568</LatitudeDegrees><LongitudeDegrees>59.461161492670705</LongitudeDegrees></Position></Trackpoint><Trackpoint><Time>2026-06-27T17:35:34.000Z</Time><Position><LatitudeDegrees>58.70466066324349</LatitudeDegrees><LongitudeDegrees>59.46115299867658</LongitudeDegrees></Position></Trackpoint><Trackpoint><Time>2026-06-27T17:35:35.000Z</Time><Position><LatitudeDegrees>58.704663894367485</LatitudeDegrees><LongitudeDegrees>59.46114289489427</LongitudeDegrees></Position></Trackpoint><Trackpoint><Time>2026-06-27T17:35:36.000Z</Time><Position><LatitudeDegrees>58.704667961032925</LatitudeDegrees><LongitudeDegrees>59.461131466510196</LongitudeDegrees></Position></Trackpoint><Trackpoint><Time>2026-06-27T17:35:37.000Z</Time><Position><LatitudeDegrees>58.704672829073075</LatitudeDegrees><LongitudeDegrees>59.46111998020549</LongitudeDegrees></Position></Trackpoint><Trackpoint><Time>2026-06-27T17:35:38.000Z</Time><Position><LatitudeDegrees>58.704678381561706</LatitudeDegrees><LongitudeDegrees>59.461108965075724</LongitudeDegrees></Position></Trackpoint><Trackpoint><Time>2026-06-27T17:35:39.000Z</Time><Position><LatitudeDegrees>58.704684972107394</LatitudeDegrees><LongitudeDegrees>59.4610985785455</LongitudeDegrees></Position></Trackpoint><Trackpoint><Time>2026-06-27T17:35:40.000Z</Time><Position><LatitudeDegrees>58.704692613104896</LatitudeDegrees><LongitudeDegrees>59.46109027359958</LongitudeDegrees></Position></Trackpoint><Trackpoint><Time>2026-06-27T17:35:41.000Z</Time><Position><LatitudeDegrees>58.704701174834874</LatitudeDegrees><LongitudeDegrees>59.461083402236106</LongitudeDegrees></Position></Trackpoint><Trackpoint><Time>2026-06-27T17:35:42.000Z</Time><Position><LatitudeDegrees>58.70470999608935</LatitudeDegrees><LongitudeDegrees>59.46107653436693</LongitudeDegrees></Position></Trackpoint><Trackpoint><Time>2026-06-27T17:35:43.000Z</Time><Position><LatitudeDegrees>58.704718771251244</LatitudeDegrees><LongitudeDegrees>59.46107005980682</LongitudeDegrees></Position></Trackpoint><Trackpoint><Time>2026-06-27T17:35:44.000Z</Time><Position><LatitudeDegrees>58.70472738037317</LatitudeDegrees><LongitudeDegrees>59.46106408861387</LongitudeDegrees></Position></Trackpoint><Trackpoint><Time>2026-06-27T17:35:45.000Z</Time><Position><LatitudeDegrees>58.704735795367775</LatitudeDegrees><LongitudeDegrees>59.461058111896634</LongitudeDegrees></Position></Trackpoint><Trackpoint><Time>2026-06-27T17:35:46.000Z</Time><Position><LatitudeDegrees>58.70474402958369</LatitudeDegrees><LongitudeDegrees>59.461051431175065</LongitudeDegrees></Position></Trackpoint><Trackpoint><Time>2026-06-27T17:35:47.000Z</Time><Position><LatitudeDegrees>58.704752601331634</LatitudeDegrees><LongitudeDegrees>59.46104384914968</LongitudeDegrees></Position></Trackpoint><Trackpoint><Time>2026-06-27T17:35:48.000Z</Time><Position><LatitudeDegrees>58.70476119113688</LatitudeDegrees><LongitudeDegrees>59.46103588985757</LongitudeDegrees></Position></Trackpoint><Trackpoint><Time>2026-06-27T17:35:49.000Z</Time><Position><LatitudeDegrees>58.704770154722084</LatitudeDegrees><LongitudeDegrees>59.4610278175363</LongitudeDegrees></Position></Trackpoint><Trackpoint><Time>2026-06-27T17:35:50.000Z</Time><Position><LatitudeDegrees>58.70477959061161</LatitudeDegrees><LongitudeDegrees>59.46102024512544</LongitudeDegrees></Position></Trackpoint><Trackpoint><Time>2026-06-27T17:35:51.000Z</Time><Position><LatitudeDegrees>58.70478947876152</LatitudeDegrees><LongitudeDegrees>59.461013360891215</LongitudeDegrees></Position></Trackpoint><Trackpoint><Time>2026-06-27T17:35:52.000Z</Time><Position><LatitudeDegrees>58.70479926325951</LatitudeDegrees><LongitudeDegrees>59.461007154041496</LongitudeDegrees></Position></Trackpoint><Trackpoint><Time>2026-06-27T17:35:53.000Z</Time><Position><LatitudeDegrees>58.70480872846591</LatitudeDegrees><LongitudeDegrees>59.461001533190455</LongitudeDegrees></Position></Trackpoint><Trackpoint><Time>2026-06-27T17:35:54.000Z</Time><Position><LatitudeDegrees>58.70481831616434</LatitudeDegrees><LongitudeDegrees>59.46099589587969</LongitudeDegrees></Position></Trackpoint><Trackpoint><Time>2026-06-27T17:35:55.000Z</Time><Position><LatitudeDegrees>58.70482819257435</LatitudeDegrees><LongitudeDegrees>59.460989996109326</LongitudeDegrees></Position></Trackpoint><Trackpoint><Time>2026-06-27T17:35:56.000Z</Time><Position><LatitudeDegrees>58.704837899484374</LatitudeDegrees><LongitudeDegrees>59.46098474547595</LongitudeDegrees></Position></Trackpoint><Trackpoint><Time>2026-06-27T17:35:57.000Z</Time><Position><LatitudeDegrees>58.7048477595533</LatitudeDegrees><LongitudeDegrees>59.46097896725781</LongitudeDegrees></Position></Trackpoint><Trackpoint><Time>2026-06-27T17:35:58.000Z</Time><Position><LatitudeDegrees>58.704857886005115</LatitudeDegrees><LongitudeDegrees>59.46097322377761</LongitudeDegrees></Position></Trackpoint><Trackpoint><Time>2026-06-27T17:35:59.000Z</Time><Position><LatitudeDegrees>58.70486780166876</LatitudeDegrees><LongitudeDegrees>59.46096823177063</LongitudeDegrees></Position></Trackpoint><Trackpoint><Time>2026-06-27T17:36:00.000Z</Time><Position><LatitudeDegrees>58.70487684747301</LatitudeDegrees><LongitudeDegrees>59.460963210740694</LongitudeDegrees></Position></Trackpoint><Trackpoint><Time>2026-06-27T17:36:01.000Z</Time><Position><LatitudeDegrees>58.70488633246735</LatitudeDegrees><LongitudeDegrees>59.4609583325891</LongitudeDegrees></Position></Trackpoint><Trackpoint><Time>2026-06-27T17:36:02.000Z</Time><Position><LatitudeDegrees>58.70489576017139</LatitudeDegrees><LongitudeDegrees>59.46095364977233</LongitudeDegrees></Position></Trackpoint><Trackpoint><Time>2026-06-27T17:36:03.000Z</Time><Position><LatitudeDegrees>58.70490444386044</LatitudeDegrees><LongitudeDegrees>59.46094866921216</LongitudeDegrees></Position></Trackpoint><Trackpoint><Time>2026-06-27T17:36:04.000Z</Time><Position><LatitudeDegrees>58.704912685822215</LatitudeDegrees><LongitudeDegrees>59.46094420527868</LongitudeDegrees></Position></Trackpoint><Trackpoint><Time>2026-06-27T17:36:05.000Z</Time><Position><LatitudeDegrees>58.7049211568545</LatitudeDegrees><LongitudeDegrees>59.46094101665903</LongitudeDegrees></Position></Trackpoint><Trackpoint><Time>2026-06-27T17:36:06.000Z</Time><Position><LatitudeDegrees>58.70492961420273</LatitudeDegrees><LongitudeDegrees>59.460938762510644</LongitudeDegrees></Position></Trackpoint><Trackpoint><Time>2026-06-27T17:36:07.000Z</Time><Position><LatitudeDegrees>58.70493795964881</LatitudeDegrees><LongitudeDegrees>59.4609366929146</LongitudeDegrees></Position></Trackpoint><Trackpoint><Time>2026-06-27T17:36:08.000Z</Time><Position><LatitudeDegrees>58.70494665671634</LatitudeDegrees><LongitudeDegrees>59.46093398573165</LongitudeDegrees></Position></Trackpoint><Trackpoint><Time>2026-06-27T17:36:09.000Z</Time><Position><LatitudeDegrees>58.70495536155909</LatitudeDegrees><LongitudeDegrees>59.460931853042595</LongitudeDegrees></Position></Trackpoint><Trackpoint><Time>2026-06-27T17:36:10.000Z</Time><Position><LatitudeDegrees>58.70496393157179</LatitudeDegrees><LongitudeDegrees>59.46092974106608</LongitudeDegrees></Position></Trackpoint><Trackpoint><Time>2026-06-27T17:36:11.000Z</Time><Position><LatitudeDegrees>58.704972814940675</LatitudeDegrees><LongitudeDegrees>59.460927419078054</LongitudeDegrees></Position></Trackpoint><Trackpoint><Time>2026-06-27T17:36:12.000Z</Time><Position><LatitudeDegrees>58.704982156025</LatitudeDegrees><LongitudeDegrees>59.46092335018145</LongitudeDegrees></Position></Trackpoint><Trackpoint><Time>2026-06-27T17:36:13.000Z</Time><Position><LatitudeDegrees>58.70499146591901</LatitudeDegrees><LongitudeDegrees>59.46091908408636</LongitudeDegrees></Position></Trackpoint><Trackpoint><Time>2026-06-27T17:36:14.000Z</Time><Position><LatitudeDegrees>58.705000547278246</LatitudeDegrees><LongitudeDegrees>59.46091430510397</LongitudeDegrees></Position></Trackpoint><Trackpoint><Time>2026-06-27T17:36:15.000Z</Time><Position><LatitudeDegrees>58.70500983777239</LatitudeDegrees><LongitudeDegrees>59.46090796983016</LongitudeDegrees></Position></Trackpoint><Trackpoint><Time>2026-06-27T17:36:16.000Z</Time><Position><LatitudeDegrees>58.70501998041688</LatitudeDegrees><LongitudeDegrees>59.460900337914595</LongitudeDegrees></Position></Trackpoint><Trackpoint><Time>2026-06-27T17:36:17.000Z</Time><Position><LatitudeDegrees>58.70503064104409</LatitudeDegrees><LongitudeDegrees>59.46089217232228</LongitudeDegrees></Position></Trackpoint><Trackpoint><Time>2026-06-27T17:36:18.000Z</Time><Position><LatitudeDegrees>58.70504161555035</LatitudeDegrees><LongitudeDegrees>59.460883855764266</LongitudeDegrees></Position></Trackpoint><Trackpoint><Time>2026-06-27T17:36:19.000Z</Time><Position><LatitudeDegrees>58.70505277959306</LatitudeDegrees><LongitudeDegrees>59.460875565229934</LongitudeDegrees></Position></Trackpoint><Trackpoint><Time>2026-06-27T17:36:20.000Z</Time><Position><LatitudeDegrees>58.70506503685832</LatitudeDegrees><LongitudeDegrees>59.46086688065869</LongitudeDegrees></Position></Trackpoint><Trackpoint><Time>2026-06-27T17:36:21.000Z</Time><Position><LatitudeDegrees>58.70507763997949</LatitudeDegrees><LongitudeDegrees>59.460857679629626</LongitudeDegrees></Position></Trackpoint><Trackpoint><Time>2026-06-27T17:36:22.000Z</Time><Position><LatitudeDegrees>58.705090236776</LatitudeDegrees><LongitudeDegrees>59.46084846762292</LongitudeDegrees></Position></Trackpoint><Trackpoint><Time>2026-06-27T17:36:23.000Z</Time><Position><LatitudeDegrees>58.70510219340928</LatitudeDegrees><LongitudeDegrees>59.46083945422113</LongitudeDegrees></Position></Trackpoint><Trackpoint><Time>2026-06-27T17:36:24.000Z</Time><Position><LatitudeDegrees>58.70511333100745</LatitudeDegrees><LongitudeDegrees>59.46083021063608</LongitudeDegrees></Position></Trackpoint><Trackpoint><Time>2026-06-27T17:36:25.000Z</Time><Position><LatitudeDegrees>58.705123681027025</LatitudeDegrees><LongitudeDegrees>59.46082058982219</LongitudeDegrees></Position></Trackpoint><Trackpoint><Time>2026-06-27T17:36:26.000Z</Time><Position><LatitudeDegrees>58.705133357507364</LatitudeDegrees><LongitudeDegrees>59.460811558859156</LongitudeDegrees></Position></Trackpoint><Trackpoint><Time>2026-06-27T17:36:27.000Z</Time><Position><LatitudeDegrees>58.7051420042508</LatitudeDegrees><LongitudeDegrees>59.46080344031619</LongitudeDegrees></Position></Trackpoint><Trackpoint><Time>2026-06-27T17:36:28.000Z</Time><Position><LatitudeDegrees>58.705150096339054</LatitudeDegrees><LongitudeDegrees>59.46079478109846</LongitudeDegrees></Position></Trackpoint><Trackpoint><Time>2026-06-27T17:36:29.000Z</Time><Position><LatitudeDegrees>58.70515790061577</LatitudeDegrees><LongitudeDegrees>59.46078603138908</LongitudeDegrees></Position></Trackpoint><Trackpoint><Time>2026-06-27T17:36:30.000Z</Time><Position><LatitudeDegrees>58.705165074305604</LatitudeDegrees><LongitudeDegrees>59.460776408981694</LongitudeDegrees></Position></Trackpoint><Trackpoint><Time>2026-06-27T17:36:31.000Z</Time><Position><LatitudeDegrees>58.70517204678775</LatitudeDegrees><LongitudeDegrees>59.460766193357735</LongitudeDegrees></Position></Trackpoint><Trackpoint><Time>2026-06-27T17:36:32.000Z</Time><Position><LatitudeDegrees>58.70517902071957</LatitudeDegrees><LongitudeDegrees>59.4607550861448</LongitudeDegrees></Position></Trackpoint><Trackpoint><Time>2026-06-27T17:36:33.000Z</Time><Position><LatitudeDegrees>58.705185589765435</LatitudeDegrees><LongitudeDegrees>59.4607435685079</LongitudeDegrees></Position></Trackpoint><Trackpoint><Time>2026-06-27T17:36:34.000Z</Time><Position><LatitudeDegrees>58.705191638549294</LatitudeDegrees><LongitudeDegrees>59.46073287050537</LongitudeDegrees></Position></Trackpoint><Trackpoint><Time>2026-06-27T17:36:35.000Z</Time><Position><LatitudeDegrees>58.705197186330274</LatitudeDegrees><LongitudeDegrees>59.46072290390679</LongitudeDegrees></Position></Trackpoint><Trackpoint><Time>2026-06-27T17:36:36.000Z</Time><Position><LatitudeDegrees>58.705202305342894</LatitudeDegrees><LongitudeDegrees>59.46071304889074</LongitudeDegrees></Position></Trackpoint><Trackpoint><Time>2026-06-27T17:36:37.000Z</Time><Position><LatitudeDegrees>58.7052070803675</LatitudeDegrees><LongitudeDegrees>59.46070352548324</LongitudeDegrees></Position></Trackpoint><Trackpoint><Time>2026-06-27T17:36:38.000Z</Time><Position><LatitudeDegrees>58.705211590469816</LatitudeDegrees><LongitudeDegrees>59.46069389212628</LongitudeDegrees></Position></Trackpoint><Trackpoint><Time>2026-06-27T17:36:39.000Z</Time><Position><LatitudeDegrees>58.705215412603486</LatitudeDegrees><LongitudeDegrees>59.46068447069401</LongitudeDegrees></Position></Trackpoint><Trackpoint><Time>2026-06-27T17:36:40.000Z</Time><Position><LatitudeDegrees>58.70521895045428</LatitudeDegrees><LongitudeDegrees>59.460674387323486</LongitudeDegrees></Position></Trackpoint><Trackpoint><Time>2026-06-27T17:36:41.000Z</Time><Position><LatitudeDegrees>58.70522289637135</LatitudeDegrees><LongitudeDegrees>59.460663856698204</LongitudeDegrees></Position></Trackpoint><Trackpoint><Time>2026-06-27T17:36:42.000Z</Time><Position><LatitudeDegrees>58.70522650389124</LatitudeDegrees><LongitudeDegrees>59.46065351424707</LongitudeDegrees></Position></Trackpoint><Trackpoint><Time>2026-06-27T17:36:43.000Z</Time><Position><LatitudeDegrees>58.705230488249406</LatitudeDegrees><LongitudeDegrees>59.46064310789841</LongitudeDegrees></Position></Trackpoint><Trackpoint><Time>2026-06-27T17:36:44.000Z</Time><Position><LatitudeDegrees>58.705234606026416</LatitudeDegrees><LongitudeDegrees>59.460632542041864</LongitudeDegrees></Position></Trackpoint><Trackpoint><Time>2026-06-27T17:36:45.000Z</Time><Position><LatitudeDegrees>58.70523873984993</LatitudeDegrees><LongitudeDegrees>59.46062277699572</LongitudeDegrees></Position></Trackpoint><Trackpoint><Time>2026-06-27T17:36:46.000Z</Time><Position><LatitudeDegrees>58.705243328933186</LatitudeDegrees><LongitudeDegrees>59.46061410546828</LongitudeDegrees></Position></Trackpoint><Trackpoint><Time>2026-06-27T17:36:47.000Z</Time><Position><LatitudeDegrees>58.70524800611631</LatitudeDegrees><LongitudeDegrees>59.4606065076551</LongitudeDegrees></Position></Trackpoint><Trackpoint><Time>2026-06-27T17:36:48.000Z</Time><Position><LatitudeDegrees>58.70525309849376</LatitudeDegrees><LongitudeDegrees>59.460600327201085</LongitudeDegrees></Position></Trackpoint><Trackpoint><Time>2026-06-27T17:36:49.000Z</Time><Position><LatitudeDegrees>58.70525819787377</LatitudeDegrees><LongitudeDegrees>59.46059454449351</LongitudeDegrees></Position></Trackpoint><Trackpoint><Time>2026-06-27T17:36:50.000Z</Time><Position><LatitudeDegrees>58.70526411447181</LatitudeDegrees><LongitudeDegrees>59.46058917818233</LongitudeDegrees></Position></Trackpoint><Trackpoint><Time>2026-06-27T17:36:51.000Z</Time><Position><LatitudeDegrees>58.70527058746233</LatitudeDegrees><LongitudeDegrees>59.46058516172561</LongitudeDegrees></Position></Trackpoint><Trackpoint><Time>2026-06-27T17:36:52.000Z</Time><Position><LatitudeDegrees>58.70527694840591</LatitudeDegrees><LongitudeDegrees>59.460581237468865</LongitudeDegrees></Position></Trackpoint><Trackpoint><Time>2026-06-27T17:36:53.000Z</Time><Position><LatitudeDegrees>58.705283426008585</LatitudeDegrees><LongitudeDegrees>59.46057785485556</LongitudeDegrees></Position></Trackpoint><Trackpoint><Time>2026-06-27T17:36:54.000Z</Time><Position><LatitudeDegrees>58.705289609875486</LatitudeDegrees><LongitudeDegrees>59.460574639851764</LongitudeDegrees></Position></Trackpoint><Trackpoint><Time>2026-06-27T17:36:55.000Z</Time><Position><LatitudeDegrees>58.70529585830348</LatitudeDegrees><LongitudeDegrees>59.4605714169054</LongitudeDegrees></Position></Trackpoint><Trackpoint><Time>2026-06-27T17:36:56.000Z</Time><Position><LatitudeDegrees>58.70530182095423</LatitudeDegrees><LongitudeDegrees>59.46056909395894</LongitudeDegrees></Position></Trackpoint><Trackpoint><Time>2026-06-27T17:36:57.000Z</Time><Position><LatitudeDegrees>58.70530787983643</LatitudeDegrees><LongitudeDegrees>59.46056841903034</LongitudeDegrees></Position></Trackpoint><Trackpoint><Time>2026-06-27T17:36:58.000Z</Time><Position><LatitudeDegrees>58.70531417992283</LatitudeDegrees><LongitudeDegrees>59.46056850943651</LongitudeDegrees></Position></Trackpoint><Trackpoint><Time>2026-06-27T17:36:59.000Z</Time><Position><LatitudeDegrees>58.705320260349225</LatitudeDegrees><LongitudeDegrees>59.46056792420834</LongitudeDegrees></Position></Trackpoint><Trackpoint><Time>2026-06-27T17:37:00.000Z</Time><Position><LatitudeDegrees>58.70532644912002</LatitudeDegrees><LongitudeDegrees>59.46056664623394</LongitudeDegrees></Position></Trackpoint><Trackpoint><Time>2026-06-27T17:37:01.000Z</Time><Position><LatitudeDegrees>58.70533286741253</LatitudeDegrees><LongitudeDegrees>59.46056475737901</LongitudeDegrees></Position></Trackpoint><Trackpoint><Time>2026-06-27T17:37:02.000Z</Time><Position><LatitudeDegrees>58.70533855645161</LatitudeDegrees><LongitudeDegrees>59.460562369764155</LongitudeDegrees></Position></Trackpoint><Trackpoint><Time>2026-06-27T17:37:03.000Z</Time><Position><LatitudeDegrees>58.70534419420149</LatitudeDegrees><LongitudeDegrees>59.46055959357946</LongitudeDegrees></Position></Trackpoint><Trackpoint><Time>2026-06-27T17:37:04.000Z</Time><Position><LatitudeDegrees>58.70535006645334</LatitudeDegrees><LongitudeDegrees>59.460558482519716</LongitudeDegrees></Position></Trackpoint><Trackpoint><Time>2026-06-27T17:37:05.000Z</Time><Position><LatitudeDegrees>58.70535577119691</LatitudeDegrees><LongitudeDegrees>59.46055722059555</LongitudeDegrees></Position></Trackpoint><Trackpoint><Time>2026-06-27T17:37:06.000Z</Time><Position><LatitudeDegrees>58.70536165398102</LatitudeDegrees><LongitudeDegrees>59.46055507928519</LongitudeDegrees></Position></Trackpoint><Trackpoint><Time>2026-06-27T17:37:07.000Z</Time><Position><LatitudeDegrees>58.70536783426297</LatitudeDegrees><LongitudeDegrees>59.46055187142699</LongitudeDegrees></Position></Trackpoint><Trackpoint><Time>2026-06-27T17:37:08.000Z</Time><Position><LatitudeDegrees>58.70537432305586</LatitudeDegrees><LongitudeDegrees>59.460548636052565</LongitudeDegrees></Position></Trackpoint><Trackpoint><Time>2026-06-27T17:37:09.000Z</Time><Position><LatitudeDegrees>58.70538108529833</LatitudeDegrees><LongitudeDegrees>59.460545804601445</LongitudeDegrees></Position></Trackpoint><Trackpoint><Time>2026-06-27T17:37:10.000Z</Time><Position><LatitudeDegrees>58.70538856106472</LatitudeDegrees><LongitudeDegrees>59.460543013301255</LongitudeDegrees></Position></Trackpoint><Trackpoint><Time>2026-06-27T17:37:11.000Z</Time><Position><LatitudeDegrees>58.70539635040201</LatitudeDegrees><LongitudeDegrees>59.46054108640634</LongitudeDegrees></Position></Trackpoint><Trackpoint><Time>2026-06-27T17:37:12.000Z</Time><Position><LatitudeDegrees>58.705404248349836</LatitudeDegrees><LongitudeDegrees>59.460539762816374</LongitudeDegrees></Position></Trackpoint><Trackpoint><Time>2026-06-27T17:37:13.000Z</Time><Position><LatitudeDegrees>58.705412646169314</LatitudeDegrees><LongitudeDegrees>59.46053836795767</LongitudeDegrees></Position></Trackpoint><Trackpoint><Time>2026-06-27T17:37:14.000Z</Time><Position><LatitudeDegrees>58.705421151226425</LatitudeDegrees><LongitudeDegrees>59.460536633165496</LongitudeDegrees></Position></Trackpoint><Trackpoint><Time>2026-06-27T17:37:15.000Z</Time><Position><LatitudeDegrees>58.705429588057605</LatitudeDegrees><LongitudeDegrees>59.46053547064595</LongitudeDegrees></Position></Trackpoint><Trackpoint><Time>2026-06-27T17:37:16.000Z</Time><Position><LatitudeDegrees>58.70543740354718</LatitudeDegrees><LongitudeDegrees>59.460534693014985</LongitudeDegrees></Position></Trackpoint><Trackpoint><Time>2026-06-27T17:37:17.000Z</Time><Position><LatitudeDegrees>58.70544542887317</LatitudeDegrees><LongitudeDegrees>59.46053270486987</LongitudeDegrees></Position></Trackpoint><Trackpoint><Time>2026-06-27T17:37:18.000Z</Time><Position><LatitudeDegrees>58.70545300018896</LatitudeDegrees><LongitudeDegrees>59.46053047337008</LongitudeDegrees></Position></Trackpoint><Trackpoint><Time>2026-06-27T17:37:19.000Z</Time><Position><LatitudeDegrees>58.705461371203775</LatitudeDegrees><LongitudeDegrees>59.46052940727957</LongitudeDegrees></Position></Trackpoint><Trackpoint><Time>2026-06-27T17:37:20.000Z</Time><Position><LatitudeDegrees>58.705469976375475</LatitudeDegrees><LongitudeDegrees>59.46052797875334</LongitudeDegrees></Position></Trackpoint><Trackpoint><Time>2026-06-27T17:37:21.000Z</Time><Position><LatitudeDegrees>58.70547904235188</LatitudeDegrees><LongitudeDegrees>59.460526584313165</LongitudeDegrees></Position></Trackpoint><Trackpoint><Time>2026-06-27T17:37:22.000Z</Time><Position><LatitudeDegrees>58.70548811371992</LatitudeDegrees><LongitudeDegrees>59.46052587249567</LongitudeDegrees></Position></Trackpoint><Trackpoint><Time>2026-06-27T17:37:23.000Z</Time><Position><LatitudeDegrees>58.70549700223331</LatitudeDegrees><LongitudeDegrees>59.46052553316566</LongitudeDegrees></Position></Trackpoint><Trackpoint><Time>2026-06-27T17:37:24.000Z</Time><Position><LatitudeDegrees>58.70550565383505</LatitudeDegrees><LongitudeDegrees>59.460524901180285</LongitudeDegrees></Position></Trackpoint><Trackpoint><Time>2026-06-27T17:37:25.000Z</Time><Position><LatitudeDegrees>58.70551456628054</LatitudeDegrees><LongitudeDegrees>59.46052374017342</LongitudeDegrees></Position></Trackpoint><Trackpoint><Time>2026-06-27T17:37:26.000Z</Time><Position><LatitudeDegrees>58.70552391108316</LatitudeDegrees><LongitudeDegrees>59.46052299992196</LongitudeDegrees></Position></Trackpoint><Trackpoint><Time>2026-06-27T17:37:27.000Z</Time><Position><LatitudeDegrees>58.705533213774835</LatitudeDegrees><LongitudeDegrees>59.460522527961764</LongitudeDegrees></Position></Trackpoint><Trackpoint><Time>2026-06-27T17:37:28.000Z</Time><Position><LatitudeDegrees>58.70554228435866</LatitudeDegrees><LongitudeDegrees>59.460522227068225</LongitudeDegrees></Position></Trackpoint><Trackpoint><Time>2026-06-27T17:37:29.000Z</Time><Position><LatitudeDegrees>58.70555107437826</LatitudeDegrees><LongitudeDegrees>59.46052203524488</LongitudeDegrees></Position></Trackpoint><Trackpoint><Time>2026-06-27T17:37:30.000Z</Time><Position><LatitudeDegrees>58.705559110277086</LatitudeDegrees><LongitudeDegrees>59.46052142334989</LongitudeDegrees></Position></Trackpoint><Trackpoint><Time>2026-06-27T17:37:31.000Z</Time><Position><LatitudeDegrees>58.7055667834296</LatitudeDegrees><LongitudeDegrees>59.460520716991184</LongitudeDegrees></Position></Trackpoint><Trackpoint><Time>2026-06-27T17:37:32.000Z</Time><Position><LatitudeDegrees>58.70557430157483</LatitudeDegrees><LongitudeDegrees>59.46052006238924</LongitudeDegrees></Position></Trackpoint><Trackpoint><Time>2026-06-27T17:37:33.000Z</Time><Position><LatitudeDegrees>58.70558177016156</LatitudeDegrees><LongitudeDegrees>59.46052000273025</LongitudeDegrees></Position></Trackpoint><Trackpoint><Time>2026-06-27T17:37:34.000Z</Time><Position><LatitudeDegrees>58.705588749367266</LatitudeDegrees><LongitudeDegrees>59.46052068535636</LongitudeDegrees></Position></Trackpoint><Trackpoint><Time>2026-06-27T17:37:35.000Z</Time><Position><LatitudeDegrees>58.70559610009092</LatitudeDegrees><LongitudeDegrees>59.46052256528744</LongitudeDegrees></Position></Trackpoint><Trackpoint><Time>2026-06-27T17:37:36.000Z</Time><Position><LatitudeDegrees>58.70560363958504</LatitudeDegrees><LongitudeDegrees>59.460526655464804</LongitudeDegrees></Position></Trackpoint><Trackpoint><Time>2026-06-27T17:37:37.000Z</Time><Position><LatitudeDegrees>58.70561126835972</LatitudeDegrees><LongitudeDegrees>59.460530641316595</LongitudeDegrees></Position></Trackpoint><Trackpoint><Time>2026-06-27T17:37:38.000Z</Time><Position><LatitudeDegrees>58.705618933982656</LatitudeDegrees><LongitudeDegrees>59.46053456223622</LongitudeDegrees></Position></Trackpoint><Trackpoint><Time>2026-06-27T17:37:39.000Z</Time><Position><LatitudeDegrees>58.705626610131084</LatitudeDegrees><LongitudeDegrees>59.46053746355989</LongitudeDegrees></Position></Trackpoint><Trackpoint><Time>2026-06-27T17:37:40.000Z</Time><Position><LatitudeDegrees>58.7056352638347</LatitudeDegrees><LongitudeDegrees>59.46053859337821</LongitudeDegrees></Position></Trackpoint><Trackpoint><Time>2026-06-27T17:37:41.000Z</Time><Position><LatitudeDegrees>58.70564516788086</LatitudeDegrees><LongitudeDegrees>59.460538359010464</LongitudeDegrees></Position></Trackpoint><Trackpoint><Time>2026-06-27T17:37:42.000Z</Time><Position><LatitudeDegrees>58.7056557845223</LatitudeDegrees><LongitudeDegrees>59.46053661368491</LongitudeDegrees></Position></Trackpoint><Trackpoint><Time>2026-06-27T17:37:43.000Z</Time><Position><LatitudeDegrees>58.70566680083624</LatitudeDegrees><LongitudeDegrees>59.46053447010643</LongitudeDegrees></Position></Trackpoint><Trackpoint><Time>2026-06-27T17:37:44.000Z</Time><Position><LatitudeDegrees>58.70567754704267</LatitudeDegrees><LongitudeDegrees>59.46053194802855</LongitudeDegrees></Position></Trackpoint><Trackpoint><Time>2026-06-27T17:37:45.000Z</Time><Position><LatitudeDegrees>58.705688271582346</LatitudeDegrees><LongitudeDegrees>59.46052959377688</LongitudeDegrees></Position></Trackpoint><Trackpoint><Time>2026-06-27T17:37:46.000Z</Time><Position><LatitudeDegrees>58.705699569162974</LatitudeDegrees><LongitudeDegrees>59.46052663158504</LongitudeDegrees></Position></Trackpoint><Trackpoint><Time>2026-06-27T17:37:47.000Z</Time><Position><LatitudeDegrees>58.70571063193485</LatitudeDegrees><LongitudeDegrees>59.460522819994765</LongitudeDegrees></Position></Trackpoint><Trackpoint><Time>2026-06-27T17:37:48.000Z</Time><Position><LatitudeDegrees>58.70572066772524</LatitudeDegrees><LongitudeDegrees>59.460518658195106</LongitudeDegrees></Position></Trackpoint><Trackpoint><Time>2026-06-27T17:37:49.000Z</Time><Position><LatitudeDegrees>58.70572997171315</LatitudeDegrees><LongitudeDegrees>59.460514886328234</LongitudeDegrees></Position></Trackpoint><Trackpoint><Time>2026-06-27T17:37:50.000Z</Time><Position><LatitudeDegrees>58.70573875938886</LatitudeDegrees><LongitudeDegrees>59.46051175916209</LongitudeDegrees></Position></Trackpoint><Trackpoint><Time>2026-06-27T17:37:51.000Z</Time><Position><LatitudeDegrees>58.7057481649876</LatitudeDegrees><LongitudeDegrees>59.46050880926162</LongitudeDegrees></Position></Trackpoint><Trackpoint><Time>2026-06-27T17:37:52.000Z</Time><Position><LatitudeDegrees>58.70575808670514</LatitudeDegrees><LongitudeDegrees>59.460505821369715</LongitudeDegrees></Position></Trackpoint><Trackpoint><Time>2026-06-27T17:37:53.000Z</Time><Position><LatitudeDegrees>58.705768416372045</LatitudeDegrees><LongitudeDegrees>59.46050320132307</LongitudeDegrees></Position></Trackpoint><Trackpoint><Time>2026-06-27T17:37:54.000Z</Time><Position><LatitudeDegrees>58.70577856747023</LatitudeDegrees><LongitudeDegrees>59.46050106904639</LongitudeDegrees></Position></Trackpoint><Trackpoint><Time>2026-06-27T17:37:55.000Z</Time><Position><LatitudeDegrees>58.705788321371024</LatitudeDegrees><LongitudeDegrees>59.46049892171351</LongitudeDegrees></Position></Trackpoint><Trackpoint><Time>2026-06-27T17:37:56.000Z</Time><Position><LatitudeDegrees>58.705798128626135</LatitudeDegrees><LongitudeDegrees>59.46049655417629</LongitudeDegrees></Position></Trackpoint><Trackpoint><Time>2026-06-27T17:37:57.000Z</Time><Position><LatitudeDegrees>58.70580816793985</LatitudeDegrees><LongitudeDegrees>59.46049391021078</LongitudeDegrees></Position></Trackpoint><Trackpoint><Time>2026-06-27T17:37:58.000Z</Time><Position><LatitudeDegrees>58.70581799351355</LatitudeDegrees><LongitudeDegrees>59.46049149175185</LongitudeDegrees></Position></Trackpoint><Trackpoint><Time>2026-06-27T17:37:59.000Z</Time><Position><LatitudeDegrees>58.70582744918571</LatitudeDegrees><LongitudeDegrees>59.4604894765696</LongitudeDegrees></Position></Trackpoint><Trackpoint><Time>2026-06-27T17:38:00.000Z</Time><Position><LatitudeDegrees>58.70583700773074</LatitudeDegrees><LongitudeDegrees>59.46048788611572</LongitudeDegrees></Position></Trackpoint><Trackpoint><Time>2026-06-27T17:38:01.000Z</Time><Position><LatitudeDegrees>58.7058463610387</LatitudeDegrees><LongitudeDegrees>59.4604866747115</LongitudeDegrees></Position></Trackpoint><Trackpoint><Time>2026-06-27T17:38:02.000Z</Time><Position><LatitudeDegrees>58.70585638778275</LatitudeDegrees><LongitudeDegrees>59.46048577489446</LongitudeDegrees></Position></Trackpoint><Trackpoint><Time>2026-06-27T17:38:03.000Z</Time><Position><LatitudeDegrees>58.7058673633953</LatitudeDegrees><LongitudeDegrees>59.460485608500186</LongitudeDegrees></Position></Trackpoint><Trackpoint><Time>2026-06-27T17:38:04.000Z</Time><Position><LatitudeDegrees>58.705878789912134</LatitudeDegrees><LongitudeDegrees>59.4604852758997</LongitudeDegrees></Position></Trackpoint><Trackpoint><Time>2026-06-27T17:38:05.000Z</Time><Position><LatitudeDegrees>58.70589040438212</LatitudeDegrees><LongitudeDegrees>59.46048393831749</LongitudeDegrees></Position></Trackpoint><Trackpoint><Time>2026-06-27T17:38:06.000Z</Time><Position><LatitudeDegrees>58.70590109516845</LatitudeDegrees><LongitudeDegrees>59.4604813793057</LongitudeDegrees></Position></Trackpoint><Trackpoint><Time>2026-06-27T17:38:07.000Z</Time><Position><LatitudeDegrees>58.70591199184729</LatitudeDegrees><LongitudeDegrees>59.46047815610315</LongitudeDegrees></Position></Trackpoint><Trackpoint><Time>2026-06-27T17:38:08.000Z</Time><Position><LatitudeDegrees>58.70592255396853</LatitudeDegrees><LongitudeDegrees>59.460474583447244</LongitudeDegrees></Position></Trackpoint><Trackpoint><Time>2026-06-27T17:38:09.000Z</Time><Position><LatitudeDegrees>58.70593260189676</LatitudeDegrees><LongitudeDegrees>59.46047181503039</LongitudeDegrees></Position></Trackpoint><Trackpoint><Time>2026-06-27T17:38:10.000Z</Time><Position><LatitudeDegrees>58.70594261725865</LatitudeDegrees><LongitudeDegrees>59.46046924353749</LongitudeDegrees></Position></Trackpoint><Trackpoint><Time>2026-06-27T17:38:11.000Z</Time><Position><LatitudeDegrees>58.70595280258395</LatitudeDegrees><LongitudeDegrees>59.46046659358104</LongitudeDegrees></Position></Trackpoint><Trackpoint><Time>2026-06-27T17:38:12.000Z</Time><Position><LatitudeDegrees>58.705962729856005</LatitudeDegrees><LongitudeDegrees>59.46046425142858</LongitudeDegrees></Position></Trackpoint><Trackpoint><Time>2026-06-27T17:38:13.000Z</Time><Position><LatitudeDegrees>58.705972745534645</LatitudeDegrees><LongitudeDegrees>59.46046184704118</LongitudeDegrees></Position></Trackpoint><Trackpoint><Time>2026-06-27T17:38:14.000Z</Time><Position><LatitudeDegrees>58.70598298095673</LatitudeDegrees><LongitudeDegrees>59.46045923601221</LongitudeDegrees></Position></Trackpoint><Trackpoint><Time>2026-06-27T17:38:15.000Z</Time><Position><LatitudeDegrees>58.70599395161805</LatitudeDegrees><LongitudeDegrees>59.460456385392355</LongitudeDegrees></Position></Trackpoint><Trackpoint><Time>2026-06-27T17:38:16.000Z</Time><Position><LatitudeDegrees>58.70600528583948</LatitudeDegrees><LongitudeDegrees>59.46045429158434</LongitudeDegrees></Position></Trackpoint><Trackpoint><Time>2026-06-27T17:38:17.000Z</Time><Position><LatitudeDegrees>58.706017273499405</LatitudeDegrees><LongitudeDegrees>59.460452288583156</LongitudeDegrees></Position></Trackpoint><Trackpoint><Time>2026-06-27T17:38:18.000Z</Time><Position><LatitudeDegrees>58.70602946050095</LatitudeDegrees><LongitudeDegrees>59.46045058006142</LongitudeDegrees></Position></Trackpoint><Trackpoint><Time>2026-06-27T17:38:19.000Z</Time><Position><LatitudeDegrees>58.706041634246674</LatitudeDegrees><LongitudeDegrees>59.46044921210231</LongitudeDegrees></Position></Trackpoint><Trackpoint><Time>2026-06-27T17:38:20.000Z</Time><Position><LatitudeDegrees>58.70605370888323</LatitudeDegrees><LongitudeDegrees>59.460447670363116</LongitudeDegrees></Position></Trackpoint><Trackpoint><Time>2026-06-27T17:38:21.000Z</Time><Position><LatitudeDegrees>58.70606566177387</LatitudeDegrees><LongitudeDegrees>59.460446744546</LongitudeDegrees></Position></Trackpoint><Trackpoint><Time>2026-06-27T17:38:22.000Z</Time><Position><LatitudeDegrees>58.70607749922191</LatitudeDegrees><LongitudeDegrees>59.46044570160274</LongitudeDegrees></Position></Trackpoint><Trackpoint><Time>2026-06-27T17:38:23.000Z</Time><Position><LatitudeDegrees>58.70608923864017</LatitudeDegrees><LongitudeDegrees>59.46044523389383</LongitudeDegrees></Position></Trackpoint><Trackpoint><Time>2026-06-27T17:38:24.000Z</Time><Position><LatitudeDegrees>58.70610187900302</LatitudeDegrees><LongitudeDegrees>59.460444573504724</LongitudeDegrees></Position></Trackpoint><Trackpoint><Time>2026-06-27T17:38:25.000Z</Time><Position><LatitudeDegrees>58.70611473686533</LatitudeDegrees><LongitudeDegrees>59.46044391852343</LongitudeDegrees></Position></Trackpoint><Trackpoint><Time>2026-06-27T17:38:26.000Z</Time><Position><LatitudeDegrees>58.70612701323524</LatitudeDegrees><LongitudeDegrees>59.46044334983511</LongitudeDegrees></Position></Trackpoint><Trackpoint><Time>2026-06-27T17:38:27.000Z</Time><Position><LatitudeDegrees>58.70613894330555</LatitudeDegrees><LongitudeDegrees>59.46044337928602</LongitudeDegrees></Position></Trackpoint><Trackpoint><Time>2026-06-27T17:38:28.000Z</Time><Position><LatitudeDegrees>58.70615066838353</LatitudeDegrees><LongitudeDegrees>59.460444630511866</LongitudeDegrees></Position></Trackpoint><Trackpoint><Time>2026-06-27T17:38:29.000Z</Time><Position><LatitudeDegrees>58.70616227297469</LatitudeDegrees><LongitudeDegrees>59.46044671392305</LongitudeDegrees></Position></Trackpoint><Trackpoint><Time>2026-06-27T17:38:30.000Z</Time><Position><LatitudeDegrees>58.70617331773488</LatitudeDegrees><LongitudeDegrees>59.46044936226385</LongitudeDegrees></Position></Trackpoint><Trackpoint><Time>2026-06-27T17:38:31.000Z</Time><Position><LatitudeDegrees>58.70618418319162</LatitudeDegrees><LongitudeDegrees>59.46045190335098</LongitudeDegrees></Position></Trackpoint><Trackpoint><Time>2026-06-27T17:38:32.000Z</Time><Position><LatitudeDegrees>58.70619504907215</LatitudeDegrees><LongitudeDegrees>59.460452605290925</LongitudeDegrees></Position></Trackpoint><Trackpoint><Time>2026-06-27T17:38:33.000Z</Time><Position><LatitudeDegrees>58.70620647895038</LatitudeDegrees><LongitudeDegrees>59.46045099088394</LongitudeDegrees></Position></Trackpoint><Trackpoint><Time>2026-06-27T17:38:34.000Z</Time><Position><LatitudeDegrees>58.70621765331533</LatitudeDegrees><LongitudeDegrees>59.46044862973475</LongitudeDegrees></Position></Trackpoint><Trackpoint><Time>2026-06-27T17:38:35.000Z</Time><Position><LatitudeDegrees>58.70622924668105</LatitudeDegrees><LongitudeDegrees>59.46044528488089</LongitudeDegrees></Position></Trackpoint><Trackpoint><Time>2026-06-27T17:38:36.000Z</Time><Position><LatitudeDegrees>58.70624099344617</LatitudeDegrees><LongitudeDegrees>59.46044147460096</LongitudeDegrees></Position></Trackpoint><Trackpoint><Time>2026-06-27T17:38:37.000Z</Time><Position><LatitudeDegrees>58.706252764538625</LatitudeDegrees><LongitudeDegrees>59.460437961686715</LongitudeDegrees></Position></Trackpoint><Trackpoint><Time>2026-06-27T17:38:38.000Z</Time><Position><LatitudeDegrees>58.70626401406922</LatitudeDegrees><LongitudeDegrees>59.46043453250418</LongitudeDegrees></Position></Trackpoint><Trackpoint><Time>2026-06-27T17:38:39.000Z</Time><Position><LatitudeDegrees>58.70627507377489</LatitudeDegrees><LongitudeDegrees>59.460431088324924</LongitudeDegrees></Position></Trackpoint><Trackpoint><Time>2026-06-27T17:38:40.000Z</Time><Position><LatitudeDegrees>58.7062861046397</LatitudeDegrees><LongitudeDegrees>59.46042808002471</LongitudeDegrees></Position></Trackpoint><Trackpoint><Time>2026-06-27T17:38:41.000Z</Time><Position><LatitudeDegrees>58.706297176663945</LatitudeDegrees><LongitudeDegrees>59.460425637344805</LongitudeDegrees></Position></Trackpoint><Trackpoint><Time>2026-06-27T17:38:42.000Z</Time><Position><LatitudeDegrees>58.70630831339332</LatitudeDegrees><LongitudeDegrees>59.46042325150985</LongitudeDegrees></Position></Trackpoint><Trackpoint><Time>2026-06-27T17:38:43.000Z</Time><Position><LatitudeDegrees>58.70631951621993</LatitudeDegrees><LongitudeDegrees>59.460420705693224</LongitudeDegrees></Position></Trackpoint><Trackpoint><Time>2026-06-27T17:38:44.000Z</Time><Position><LatitudeDegrees>58.70633028762298</LatitudeDegrees><LongitudeDegrees>59.46041842074253</LongitudeDegrees></Position></Trackpoint><Trackpoint><Time>2026-06-27T17:38:45.000Z</Time><Position><LatitudeDegrees>58.70634145730063</LatitudeDegrees><LongitudeDegrees>59.46041506766322</LongitudeDegrees></Position></Trackpoint><Trackpoint><Time>2026-06-27T17:38:46.000Z</Time><Position><LatitudeDegrees>58.7063533158323</LatitudeDegrees><LongitudeDegrees>59.460411215444964</LongitudeDegrees></Position></Trackpoint><Trackpoint><Time>2026-06-27T17:38:47.000Z</Time><Position><LatitudeDegrees>58.7063654048643</LatitudeDegrees><LongitudeDegrees>59.46040667286979</LongitudeDegrees></Position></Trackpoint><Trackpoint><Time>2026-06-27T17:38:48.000Z</Time><Position><LatitudeDegrees>58.70637750604692</LatitudeDegrees><LongitudeDegrees>59.46040291862588</LongitudeDegrees></Position></Trackpoint><Trackpoint><Time>2026-06-27T17:38:49.000Z</Time><Position><LatitudeDegrees>58.70638903828634</LatitudeDegrees><LongitudeDegrees>59.4603999708946</LongitudeDegrees></Position></Trackpoint><Trackpoint><Time>2026-06-27T17:38:50.000Z</Time><Position><LatitudeDegrees>58.70639983529175</LatitudeDegrees><LongitudeDegrees>59.46039822325958</LongitudeDegrees></Position></Trackpoint><Trackpoint><Time>2026-06-27T17:38:51.000Z</Time><Position><LatitudeDegrees>58.706410412555826</LatitudeDegrees><LongitudeDegrees>59.460397194170525</LongitudeDegrees></Position></Trackpoint><Trackpoint><Time>2026-06-27T17:38:52.000Z</Time><Position><LatitudeDegrees>58.70642150018974</LatitudeDegrees><LongitudeDegrees>59.46039659308469</LongitudeDegrees></Position></Trackpoint><Trackpoint><Time>2026-06-27T17:38:53.000Z</Time><Position><LatitudeDegrees>58.70643333337242</LatitudeDegrees><LongitudeDegrees>59.4603962454133</LongitudeDegrees></Position></Trackpoint><Trackpoint><Time>2026-06-27T17:38:54.000Z</Time><Position><LatitudeDegrees>58.706445423657726</LatitudeDegrees><LongitudeDegrees>59.460396536340156</LongitudeDegrees></Position></Trackpoint><Trackpoint><Time>2026-06-27T17:38:55.000Z</Time><Position><LatitudeDegrees>58.7064575368885</LatitudeDegrees><LongitudeDegrees>59.4603960737018</LongitudeDegrees></Position></Trackpoint><Trackpoint><Time>2026-06-27T17:38:56.000Z</Time><Position><LatitudeDegrees>58.70646957368601</LatitudeDegrees><LongitudeDegrees>59.46039536009909</LongitudeDegrees></Position></Trackpoint><Trackpoint><Time>2026-06-27T17:38:57.000Z</Time><Position><LatitudeDegrees>58.706481013322254</LatitudeDegrees><LongitudeDegrees>59.46039512434134</LongitudeDegrees></Position></Trackpoint><Trackpoint><Time>2026-06-27T17:38:58.000Z</Time><Position><LatitudeDegrees>58.70649220759944</LatitudeDegrees><LongitudeDegrees>59.46039462602461</LongitudeDegrees></Position></Trackpoint><Trackpoint><Time>2026-06-27T17:38:59.000Z</Time><Position><LatitudeDegrees>58.70650382250353</LatitudeDegrees><LongitudeDegrees>59.460394573146154</LongitudeDegrees></Position></Trackpoint><Trackpoint><Time>2026-06-27T17:39:00.000Z</Time><Position><LatitudeDegrees>58.70651509910168</LatitudeDegrees><LongitudeDegrees>59.46039422089028</LongitudeDegrees></Position></Trackpoint><Trackpoint><Time>2026-06-27T17:39:01.000Z</Time><Position><LatitudeDegrees>58.70652576826111</LatitudeDegrees><LongitudeDegrees>59.46039232172046</LongitudeDegrees></Position></Trackpoint><Trackpoint><Time>2026-06-27T17:39:02.000Z</Time><Position><LatitudeDegrees>58.70653579710779</LatitudeDegrees><LongitudeDegrees>59.46039002923546</LongitudeDegrees></Position></Trackpoint><Trackpoint><Time>2026-06-27T17:39:03.000Z</Time><Position><LatitudeDegrees>58.706545743896896</LatitudeDegrees><LongitudeDegrees>59.460387869007135</LongitudeDegrees></Position></Trackpoint><Trackpoint><Time>2026-06-27T17:39:04.000Z</Time><Position><LatitudeDegrees>58.70655584906849</LatitudeDegrees><LongitudeDegrees>59.46038604050855</LongitudeDegrees></Position></Trackpoint><Trackpoint><Time>2026-06-27T17:39:05.000Z</Time><Position><LatitudeDegrees>58.70656668092627</LatitudeDegrees><LongitudeDegrees>59.46038458331236</LongitudeDegrees></Position></Trackpoint><Trackpoint><Time>2026-06-27T17:39:06.000Z</Time><Position><LatitudeDegrees>58.70657838024759</LatitudeDegrees><LongitudeDegrees>59.46038297644918</LongitudeDegrees></Position></Trackpoint><Trackpoint><Time>2026-06-27T17:39:07.000Z</Time><Position><LatitudeDegrees>58.706590404061</LatitudeDegrees><LongitudeDegrees>59.46038102457599</LongitudeDegrees></Position></Trackpoint><Trackpoint><Time>2026-06-27T17:39:08.000Z</Time><Position><LatitudeDegrees>58.706602487104675</LatitudeDegrees><LongitudeDegrees>59.46037869152551</LongitudeDegrees></Position></Trackpoint><Trackpoint><Time>2026-06-27T17:39:09.000Z</Time><Position><LatitudeDegrees>58.70661402292223</LatitudeDegrees><LongitudeDegrees>59.4603760113264</LongitudeDegrees></Position></Trackpoint><Trackpoint><Time>2026-06-27T17:39:10.000Z</Time><Position><LatitudeDegrees>58.70662532160095</LatitudeDegrees><LongitudeDegrees>59.46037304254879</LongitudeDegrees></Position></Trackpoint><Trackpoint><Time>2026-06-27T17:39:11.000Z</Time><Position><LatitudeDegrees>58.70663703089217</LatitudeDegrees><LongitudeDegrees>59.46037131518427</LongitudeDegrees></Position></Trackpoint><Trackpoint><Time>2026-06-27T17:39:12.000Z</Time><Position><LatitudeDegrees>58.70664936485997</LatitudeDegrees><LongitudeDegrees>59.46036983116906</LongitudeDegrees></Position></Trackpoint><Trackpoint><Time>2026-06-27T17:39:13.000Z</Time><Position><LatitudeDegrees>58.70666184187619</LatitudeDegrees><LongitudeDegrees>59.460368637844326</LongitudeDegrees></Position></Trackpoint><Trackpoint><Time>2026-06-27T17:39:14.000Z</Time><Position><LatitudeDegrees>58.70667375561961</LatitudeDegrees><LongitudeDegrees>59.46036722778642</LongitudeDegrees></Position></Trackpoint><Trackpoint><Time>2026-06-27T17:39:15.000Z</Time><Position><LatitudeDegrees>58.70668488749882</LatitudeDegrees><LongitudeDegrees>59.460366399059986</LongitudeDegrees></Position></Trackpoint><Trackpoint><Time>2026-06-27T17:39:16.000Z</Time><Position><LatitudeDegrees>58.70669524784166</LatitudeDegrees><LongitudeDegrees>59.460365916111016</LongitudeDegrees></Position></Trackpoint><Trackpoint><Time>2026-06-27T17:39:17.000Z</Time><Position><LatitudeDegrees>58.706705429537635</LatitudeDegrees><LongitudeDegrees>59.46036514793989</LongitudeDegrees></Position></Trackpoint><Trackpoint><Time>2026-06-27T17:39:18.000Z</Time><Position><LatitudeDegrees>58.70671521007685</LatitudeDegrees><LongitudeDegrees>59.46036485050899</LongitudeDegrees></Position></Trackpoint><Trackpoint><Time>2026-06-27T17:39:19.000Z</Time><Position><LatitudeDegrees>58.70672503892079</LatitudeDegrees><LongitudeDegrees>59.46036576434066</LongitudeDegrees></Position></Trackpoint><Trackpoint><Time>2026-06-27T17:39:20.000Z</Time><Position><LatitudeDegrees>58.706735094972835</LatitudeDegrees><LongitudeDegrees>59.46036657011111</LongitudeDegrees></Position></Trackpoint><Trackpoint><Time>2026-06-27T17:39:21.000Z</Time><Position><LatitudeDegrees>58.70674542274956</LatitudeDegrees><LongitudeDegrees>59.46036673834831</LongitudeDegrees></Position></Trackpoint><Trackpoint><Time>2026-06-27T17:39:22.000Z</Time><Position><LatitudeDegrees>58.706756005708925</LatitudeDegrees><LongitudeDegrees>59.460367112045695</LongitudeDegrees></Position></Trackpoint><Trackpoint><Time>2026-06-27T17:39:23.000Z</Time><Position><LatitudeDegrees>58.70676778350729</LatitudeDegrees><LongitudeDegrees>59.46036752239494</LongitudeDegrees></Position></Trackpoint><Trackpoint><Time>2026-06-27T17:39:24.000Z</Time><Position><LatitudeDegrees>58.7067809897707</LatitudeDegrees><LongitudeDegrees>59.46036838478155</LongitudeDegrees></Position></Trackpoint><Trackpoint><Time>2026-06-27T17:39:25.000Z</Time><Position><LatitudeDegrees>58.70679406854098</LatitudeDegrees><LongitudeDegrees>59.460369812256836</LongitudeDegrees></Position></Trackpoint><Trackpoint><Time>2026-06-27T17:39:26.000Z</Time><Position><LatitudeDegrees>58.7068063953862</LatitudeDegrees><LongitudeDegrees>59.460370799629565</LongitudeDegrees></Position></Trackpoint><Trackpoint><Time>2026-06-27T17:39:27.000Z</Time><Position><LatitudeDegrees>58.70681780965293</LatitudeDegrees><LongitudeDegrees>59.46037098941497</LongitudeDegrees></Position></Trackpoint><Trackpoint><Time>2026-06-27T17:39:28.000Z</Time><Position><LatitudeDegrees>58.70682836230679</LatitudeDegrees><LongitudeDegrees>59.46037082636865</LongitudeDegrees></Position></Trackpoint><Trackpoint><Time>2026-06-27T17:39:29.000Z</Time><Position><LatitudeDegrees>58.70683818492382</LatitudeDegrees><LongitudeDegrees>59.46037053894121</LongitudeDegrees></Position></Trackpoint><Trackpoint><Time>2026-06-27T17:39:30.000Z</Time><Position><LatitudeDegrees>58.706847425390556</LatitudeDegrees><LongitudeDegrees>59.460370237180356</LongitudeDegrees></Position></Trackpoint><Trackpoint><Time>2026-06-27T17:39:31.000Z</Time><Position><LatitudeDegrees>58.70685670894033</LatitudeDegrees><LongitudeDegrees>59.46037143707892</LongitudeDegrees></Position></Trackpoint><Trackpoint><Time>2026-06-27T17:39:32.000Z</Time><Position><LatitudeDegrees>58.706866777146054</LatitudeDegrees><LongitudeDegrees>59.46037359101637</LongitudeDegrees></Position></Trackpoint><Trackpoint><Time>2026-06-27T17:39:33.000Z</Time><Position><LatitudeDegrees>58.70687734509215</LatitudeDegrees><LongitudeDegrees>59.46037537179362</LongitudeDegrees></Position></Trackpoint><Trackpoint><Time>2026-06-27T17:39:34.000Z</Time><Position><LatitudeDegrees>58.70688823129998</LatitudeDegrees><LongitudeDegrees>59.46037628072037</LongitudeDegrees></Position></Trackpoint><Trackpoint><Time>2026-06-27T17:39:35.000Z</Time><Position><LatitudeDegrees>58.70689932018216</LatitudeDegrees><LongitudeDegrees>59.460376224320015</LongitudeDegrees></Position></Trackpoint><Trackpoint><Time>2026-06-27T17:39:36.000Z</Time><Position><LatitudeDegrees>58.70691102773364</LatitudeDegrees><LongitudeDegrees>59.46037430877281</LongitudeDegrees></Position></Trackpoint><Trackpoint><Time>2026-06-27T17:39:37.000Z</Time><Position><LatitudeDegrees>58.70692344586973</LatitudeDegrees><LongitudeDegrees>59.46037187342453</LongitudeDegrees></Position></Trackpoint><Trackpoint><Time>2026-06-27T17:39:38.000Z</Time><Position><LatitudeDegrees>58.706936031631145</LatitudeDegrees><LongitudeDegrees>59.46036904696747</LongitudeDegrees></Position></Trackpoint><Trackpoint><Time>2026-06-27T17:39:39.000Z</Time><Position><LatitudeDegrees>58.7069485398947</LatitudeDegrees><LongitudeDegrees>59.46036544298902</LongitudeDegrees></Position></Trackpoint><Trackpoint><Time>2026-06-27T17:39:40.000Z</Time><Position><LatitudeDegrees>58.70696087965721</LatitudeDegrees><LongitudeDegrees>59.460360512534656</LongitudeDegrees></Position></Trackpoint><Trackpoint><Time>2026-06-27T17:39:41.000Z</Time><Position><LatitudeDegrees>58.70697254545678</LatitudeDegrees><LongitudeDegrees>59.46035517899901</LongitudeDegrees></Position></Trackpoint><Trackpoint><Time>2026-06-27T17:39:42.000Z</Time><Position><LatitudeDegrees>58.70698341562945</LatitudeDegrees><LongitudeDegrees>59.46035036401228</LongitudeDegrees></Position></Trackpoint><Trackpoint><Time>2026-06-27T17:39:43.000Z</Time><Position><LatitudeDegrees>58.70699452140871</LatitudeDegrees><LongitudeDegrees>59.46034589096692</LongitudeDegrees></Position></Trackpoint><Trackpoint><Time>2026-06-27T17:39:44.000Z</Time><Position><LatitudeDegrees>58.70700576764052</LatitudeDegrees><LongitudeDegrees>59.46034213285302</LongitudeDegrees></Position></Trackpoint><Trackpoint><Time>2026-06-27T17:39:45.000Z</Time><Position><LatitudeDegrees>58.70701758672102</LatitudeDegrees><LongitudeDegrees>59.46033915151997</LongitudeDegrees></Position></Trackpoint><Trackpoint><Time>2026-06-27T17:39:46.000Z</Time><Position><LatitudeDegrees>58.707029593590484</LatitudeDegrees><LongitudeDegrees>59.46033736235137</LongitudeDegrees></Position></Trackpoint><Trackpoint><Time>2026-06-27T17:39:47.000Z</Time><Position><LatitudeDegrees>58.70704111595543</LatitudeDegrees><LongitudeDegrees>59.460335804182314</LongitudeDegrees></Position></Trackpoint><Trackpoint><Time>2026-06-27T17:39:48.000Z</Time><Position><LatitudeDegrees>58.707052428739004</LatitudeDegrees><LongitudeDegrees>59.46033454113521</LongitudeDegrees></Position></Trackpoint><Trackpoint><Time>2026-06-27T17:39:49.000Z</Time><Position><LatitudeDegrees>58.707063182452586</LatitudeDegrees><LongitudeDegrees>59.460333561739354</LongitudeDegrees></Position></Trackpoint><Trackpoint><Time>2026-06-27T17:39:50.000Z</Time><Position><LatitudeDegrees>58.70707428414211</LatitudeDegrees><LongitudeDegrees>59.460332335253895</LongitudeDegrees></Position></Trackpoint><Trackpoint><Time>2026-06-27T17:39:51.000Z</Time><Position><LatitudeDegrees>58.70708557308655</LatitudeDegrees><LongitudeDegrees>59.46033067481564</LongitudeDegrees></Position></Trackpoint><Trackpoint><Time>2026-06-27T17:39:52.000Z</Time><Position><LatitudeDegrees>58.70709695906174</LatitudeDegrees><LongitudeDegrees>59.460329048775876</LongitudeDegrees></Position></Trackpoint><Trackpoint><Time>2026-06-27T17:39:53.000Z</Time><Position><LatitudeDegrees>58.7071083924566</LatitudeDegrees><LongitudeDegrees>59.460327155991685</LongitudeDegrees></Position></Trackpoint><Trackpoint><Time>2026-06-27T17:39:54.000Z</Time><Position><LatitudeDegrees>58.70711935714278</LatitudeDegrees><LongitudeDegrees>59.460324906678615</LongitudeDegrees></Position></Trackpoint><Trackpoint><Time>2026-06-27T17:39:55.000Z</Time><Position><LatitudeDegrees>58.70712970071946</LatitudeDegrees><LongitudeDegrees>59.460322309620366</LongitudeDegrees></Position></Trackpoint><Trackpoint><Time>2026-06-27T17:39:56.000Z</Time><Position><LatitudeDegrees>58.70714041936261</LatitudeDegrees><LongitudeDegrees>59.460319902677554</LongitudeDegrees></Position></Trackpoint><Trackpoint><Time>2026-06-27T17:39:57.000Z</Time><Position><LatitudeDegrees>58.70715138558087</LatitudeDegrees><LongitudeDegrees>59.46031788295808</LongitudeDegrees></Position></Trackpoint><Trackpoint><Time>2026-06-27T17:39:58.000Z</Time><Position><LatitudeDegrees>58.70716300470379</LatitudeDegrees><LongitudeDegrees>59.46031530271679</LongitudeDegrees></Position></Trackpoint><Trackpoint><Time>2026-06-27T17:39:59.000Z</Time><Position><LatitudeDegrees>58.70717487024963</LatitudeDegrees><LongitudeDegrees>59.46031184358276</LongitudeDegrees></Position></Trackpoint><Trackpoint><Time>2026-06-27T17:40:00.000Z</Time><Position><LatitudeDegrees>58.70718678318766</LatitudeDegrees><LongitudeDegrees>59.46030846646599</LongitudeDegrees></Position></Trackpoint><Trackpoint><Time>2026-06-27T17:40:01.000Z</Time><Position><LatitudeDegrees>58.70719865546767</LatitudeDegrees><LongitudeDegrees>59.4603055565745</LongitudeDegrees></Position></Trackpoint><Trackpoint><Time>2026-06-27T17:40:02.000Z</Time><Position><LatitudeDegrees>58.70721094565666</LatitudeDegrees><LongitudeDegrees>59.46030419180336</LongitudeDegrees></Position></Trackpoint><Trackpoint><Time>2026-06-27T17:40:03.000Z</Time><Position><LatitudeDegrees>58.70722329935922</LatitudeDegrees><LongitudeDegrees>59.46030461775185</LongitudeDegrees></Position></Trackpoint><Trackpoint><Time>2026-06-27T17:40:04.000Z</Time><Position><LatitudeDegrees>58.707235072860996</LatitudeDegrees><LongitudeDegrees>59.460305726508565</LongitudeDegrees></Position></Trackpoint><Trackpoint><Time>2026-06-27T17:40:05.000Z</Time><Position><LatitudeDegrees>58.70724656513747</LatitudeDegrees><LongitudeDegrees>59.46030746377185</LongitudeDegrees></Position></Trackpoint><Trackpoint><Time>2026-06-27T17:40:06.000Z</Time><Position><LatitudeDegrees>58.707257445800934</LatitudeDegrees><LongitudeDegrees>59.460310216121215</LongitudeDegrees></Position></Trackpoint><Trackpoint><Time>2026-06-27T17:40:07.000Z</Time><Position><LatitudeDegrees>58.7072671676757</LatitudeDegrees><LongitudeDegrees>59.46031303325701</LongitudeDegrees></Position></Trackpoint><Trackpoint><Time>2026-06-27T17:40:08.000Z</Time><Position><LatitudeDegrees>58.70727712297722</LatitudeDegrees><LongitudeDegrees>59.46031649472014</LongitudeDegrees></Position></Trackpoint><Trackpoint><Time>2026-06-27T17:40:09.000Z</Time><Position><LatitudeDegrees>58.707287365495624</LatitudeDegrees><LongitudeDegrees>59.46032173570767</LongitudeDegrees></Position></Trackpoint><Trackpoint><Time>2026-06-27T17:40:10.000Z</Time><Position><LatitudeDegrees>58.70729788051965</LatitudeDegrees><LongitudeDegrees>59.46032899533236</LongitudeDegrees></Position></Trackpoint><Trackpoint><Time>2026-06-27T17:40:11.000Z</Time><Position><LatitudeDegrees>58.70730911662564</LatitudeDegrees><LongitudeDegrees>59.460339092201025</LongitudeDegrees></Position></Trackpoint><Trackpoint><Time>2026-06-27T17:40:12.000Z</Time><Position><LatitudeDegrees>58.70732067639189</LatitudeDegrees><LongitudeDegrees>59.460351020066035</LongitudeDegrees></Position></Trackpoint><Trackpoint><Time>2026-06-27T17:40:13.000Z</Time><Position><LatitudeDegrees>58.70733186499496</LatitudeDegrees><LongitudeDegrees>59.46036412951546</LongitudeDegrees></Position></Trackpoint><Trackpoint><Time>2026-06-27T17:40:14.000Z</Time><Position><LatitudeDegrees>58.70734293353226</LatitudeDegrees><LongitudeDegrees>59.460378001445235</LongitudeDegrees></Position></Trackpoint><Trackpoint><Time>2026-06-27T17:40:15.000Z</Time><Position><LatitudeDegrees>58.70735449043494</LatitudeDegrees><LongitudeDegrees>59.46039040694866</LongitudeDegrees></Position></Trackpoint><Trackpoint><Time>2026-06-27T17:40:16.000Z</Time><Position><LatitudeDegrees>58.707366723594276</LatitudeDegrees><LongitudeDegrees>59.46040257474371</LongitudeDegrees></Position></Trackpoint><Trackpoint><Time>2026-06-27T17:40:17.000Z</Time><Position><LatitudeDegrees>58.70737962359365</LatitudeDegrees><LongitudeDegrees>59.46041504136692</LongitudeDegrees></Position></Trackpoint><Trackpoint><Time>2026-06-27T17:40:18.000Z</Time><Position><LatitudeDegrees>58.70739212174584</LatitudeDegrees><LongitudeDegrees>59.46042701020656</LongitudeDegrees></Position></Trackpoint><Trackpoint><Time>2026-06-27T17:40:19.000Z</Time><Position><LatitudeDegrees>58.70740382950628</LatitudeDegrees><LongitudeDegrees>59.46043821708111</LongitudeDegrees></Position></Trackpoint><Trackpoint><Time>2026-06-27T17:40:20.000Z</Time><Position><LatitudeDegrees>58.70741419869434</LatitudeDegrees><LongitudeDegrees>59.46044865098889</LongitudeDegrees></Position></Trackpoint><Trackpoint><Time>2026-06-27T17:40:21.000Z</Time><Position><LatitudeDegrees>58.70742415457591</LatitudeDegrees><LongitudeDegrees>59.46045889621875</LongitudeDegrees></Position></Trackpoint><Trackpoint><Time>2026-06-27T17:40:22.000Z</Time><Position><LatitudeDegrees>58.70743413125363</LatitudeDegrees><LongitudeDegrees>59.46046921761688</LongitudeDegrees></Position></Trackpoint><Trackpoint><Time>2026-06-27T17:40:23.000Z</Time><Position><LatitudeDegrees>58.707443815225645</LatitudeDegrees><LongitudeDegrees>59.46048118331153</LongitudeDegrees></Position></Trackpoint><Trackpoint><Time>2026-06-27T17:40:24.000Z</Time><Position><LatitudeDegrees>58.70745311494978</LatitudeDegrees><LongitudeDegrees>59.460494248846004</LongitudeDegrees></Position></Trackpoint><Trackpoint><Time>2026-06-27T17:40:25.000Z</Time><Position><LatitudeDegrees>58.707462531654166</LatitudeDegrees><LongitudeDegrees>59.4605080488321</LongitudeDegrees></Position></Trackpoint><Trackpoint><Time>2026-06-27T17:40:26.000Z</Time><Position><LatitudeDegrees>58.70747225674703</LatitudeDegrees><LongitudeDegrees>59.46052233852501</LongitudeDegrees></Position></Trackpoint><Trackpoint><Time>2026-06-27T17:40:27.000Z</Time><Position><LatitudeDegrees>58.70748183986485</LatitudeDegrees><LongitudeDegrees>59.46053646466693</LongitudeDegrees></Position></Trackpoint><Trackpoint><Time>2026-06-27T17:40:28.000Z</Time><Position><LatitudeDegrees>58.707491603365796</LatitudeDegrees><LongitudeDegrees>59.46055066882664</LongitudeDegrees></Position></Trackpoint><Trackpoint><Time>2026-06-27T17:40:29.000Z</Time><Position><LatitudeDegrees>58.707501167245205</LatitudeDegrees><LongitudeDegrees>59.460564550866145</LongitudeDegrees></Position></Trackpoint><Trackpoint><Time>2026-06-27T17:40:30.000Z</Time><Position><LatitudeDegrees>58.7075104006256</LatitudeDegrees><LongitudeDegrees>59.46057945617076</LongitudeDegrees></Position></Trackpoint><Trackpoint><Time>2026-06-27T17:40:31.000Z</Time><Position><LatitudeDegrees>58.70751978163694</LatitudeDegrees><LongitudeDegrees>59.460594338648654</LongitudeDegrees></Position></Trackpoint><Trackpoint><Time>2026-06-27T17:40:32.000Z</Time><Position><LatitudeDegrees>58.707528998630266</LatitudeDegrees><LongitudeDegrees>59.460609260024704</LongitudeDegrees></Position></Trackpoint><Trackpoint><Time>2026-06-27T17:40:33.000Z</Time><Position><LatitudeDegrees>58.70753843392022</LatitudeDegrees><LongitudeDegrees>59.460623751116145</LongitudeDegrees></Position></Trackpoint><Trackpoint><Time>2026-06-27T17:40:34.000Z</Time><Position><LatitudeDegrees>58.70754772732806</LatitudeDegrees><LongitudeDegrees>59.46063865314548</LongitudeDegrees></Position></Trackpoint><Trackpoint><Time>2026-06-27T17:40:35.000Z</Time><Position><LatitudeDegrees>58.707557238341145</LatitudeDegrees><LongitudeDegrees>59.46065279098108</LongitudeDegrees></Position></Trackpoint><Trackpoint><Time>2026-06-27T17:40:36.000Z</Time><Position><LatitudeDegrees>58.70756708707905</LatitudeDegrees><LongitudeDegrees>59.460666268358274</LongitudeDegrees></Position></Trackpoint><Trackpoint><Time>2026-06-27T17:40:37.000Z</Time><Position><LatitudeDegrees>58.707576790053935</LatitudeDegrees><LongitudeDegrees>59.46067970237819</LongitudeDegrees></Position></Trackpoint><Trackpoint><Time>2026-06-27T17:40:38.000Z</Time><Position><LatitudeDegrees>58.70758567724724</LatitudeDegrees><LongitudeDegrees>59.46069433196973</LongitudeDegrees></Position></Trackpoint><Trackpoint><Time>2026-06-27T17:40:39.000Z</Time><Position><LatitudeDegrees>58.70759455664852</LatitudeDegrees><LongitudeDegrees>59.460709534694075</LongitudeDegrees></Position></Trackpoint><Trackpoint><Time>2026-06-27T17:40:40.000Z</Time><Position><LatitudeDegrees>58.70760327240433</LatitudeDegrees><LongitudeDegrees>59.46072498064945</LongitudeDegrees></Position></Trackpoint><Trackpoint><Time>2026-06-27T17:40:41.000Z</Time><Position><LatitudeDegrees>58.70761178133264</LatitudeDegrees><LongitudeDegrees>59.46074050275296</LongitudeDegrees></Position></Trackpoint><Trackpoint><Time>2026-06-27T17:40:42.000Z</Time><Position><LatitudeDegrees>58.70761960258504</LatitudeDegrees><LongitudeDegrees>59.46075553281018</LongitudeDegrees></Position></Trackpoint><Trackpoint><Time>2026-06-27T17:40:43.000Z</Time><Position><LatitudeDegrees>58.70762711600491</LatitudeDegrees><LongitudeDegrees>59.46077038958372</LongitudeDegrees></Position></Trackpoint><Trackpoint><Time>2026-06-27T17:40:44.000Z</Time><Position><LatitudeDegrees>58.70763500714486</LatitudeDegrees><LongitudeDegrees>59.46078522659134</LongitudeDegrees></Position></Trackpoint><Trackpoint><Time>2026-06-27T17:40:45.000Z</Time><Position><LatitudeDegrees>58.707642530637294</LatitudeDegrees><LongitudeDegrees>59.460800109593706</LongitudeDegrees></Position></Trackpoint><Trackpoint><Time>2026-06-27T17:40:46.000Z</Time><Position><LatitudeDegrees>58.70764991631259</LatitudeDegrees><LongitudeDegrees>59.46081554938052</LongitudeDegrees></Position></Trackpoint><Trackpoint><Time>2026-06-27T17:40:47.000Z</Time><Position><LatitudeDegrees>58.70765678690057</LatitudeDegrees><LongitudeDegrees>59.460831195238946</LongitudeDegrees></Position></Trackpoint><Trackpoint><Time>2026-06-27T17:40:48.000Z</Time><Position><LatitudeDegrees>58.70766354275009</LatitudeDegrees><LongitudeDegrees>59.46084687628476</LongitudeDegrees></Position></Trackpoint><Trackpoint><Time>2026-06-27T17:40:49.000Z</Time><Position><LatitudeDegrees>58.707670363464665</LatitudeDegrees><LongitudeDegrees>59.46086251762591</LongitudeDegrees></Position></Trackpoint><Trackpoint><Time>2026-06-27T17:40:50.000Z</Time><Position><LatitudeDegrees>58.70767682507506</LatitudeDegrees><LongitudeDegrees>59.460880051957844</LongitudeDegrees></Position></Trackpoint><Trackpoint><Time>2026-06-27T17:40:51.000Z</Time><Position><LatitudeDegrees>58.707682799067086</LatitudeDegrees><LongitudeDegrees>59.4609000322665</LongitudeDegrees></Position></Trackpoint><Trackpoint><Time>2026-06-27T17:40:52.000Z</Time><Position><LatitudeDegrees>58.707688295099395</LatitudeDegrees><LongitudeDegrees>59.46092139313129</LongitudeDegrees></Position></Trackpoint><Trackpoint><Time>2026-06-27T17:40:53.000Z</Time><Position><LatitudeDegrees>58.707694357716385</LatitudeDegrees><LongitudeDegrees>59.46094351858418</LongitudeDegrees></Position></Trackpoint><Trackpoint><Time>2026-06-27T17:40:54.000Z</Time><Position><LatitudeDegrees>58.70770036515475</LatitudeDegrees><LongitudeDegrees>59.46096556720467</LongitudeDegrees></Position></Trackpoint><Trackpoint><Time>2026-06-27T17:40:55.000Z</Time><Position><LatitudeDegrees>58.707706068433716</LatitudeDegrees><LongitudeDegrees>59.46098720232904</LongitudeDegrees></Position></Trackpoint><Trackpoint><Time>2026-06-27T17:40:56.000Z</Time><Position><LatitudeDegrees>58.70771140405309</LatitudeDegrees><LongitudeDegrees>59.461007359158316</LongitudeDegrees></Position></Trackpoint><Trackpoint><Time>2026-06-27T17:40:57.000Z</Time><Position><LatitudeDegrees>58.70771639304994</LatitudeDegrees><LongitudeDegrees>59.46102725774157</LongitudeDegrees></Position></Trackpoint><Trackpoint><Time>2026-06-27T17:40:58.000Z</Time><Position><LatitudeDegrees>58.70772206779774</LatitudeDegrees><LongitudeDegrees>59.46104743368118</LongitudeDegrees></Position></Trackpoint><Trackpoint><Time>2026-06-27T17:40:59.000Z</Time><Position><LatitudeDegrees>58.70772778622597</LatitudeDegrees><LongitudeDegrees>59.4610680719578</LongitudeDegrees></Position></Trackpoint><Trackpoint><Time>2026-06-27T17:41:00.000Z</Time><Position><LatitudeDegrees>58.707732788691665</LatitudeDegrees><LongitudeDegrees>59.46108869980174</LongitudeDegrees></Position></Trackpoint><Trackpoint><Time>2026-06-27T17:41:01.000Z</Time><Position><LatitudeDegrees>58.707737833462446</LatitudeDegrees><LongitudeDegrees>59.46110961346034</LongitudeDegrees></Position></Trackpoint><Trackpoint><Time>2026-06-27T17:41:02.000Z</Time><Position><LatitudeDegrees>58.7077427377778</LatitudeDegrees><LongitudeDegrees>59.461129919033</LongitudeDegrees></Position></Trackpoint><Trackpoint><Time>2026-06-27T17:41:03.000Z</Time><Position><LatitudeDegrees>58.70774744439809</LatitudeDegrees><LongitudeDegrees>59.461149816039175</LongitudeDegrees></Position></Trackpoint><Trackpoint><Time>2026-06-27T17:41:04.000Z</Time><Position><LatitudeDegrees>58.70775195512399</LatitudeDegrees><LongitudeDegrees>59.461168949475905</LongitudeDegrees></Position></Trackpoint><Trackpoint><Time>2026-06-27T17:41:05.000Z</Time><Position><LatitudeDegrees>58.70775629583983</LatitudeDegrees><LongitudeDegrees>59.46118922958658</LongitudeDegrees></Position></Trackpoint><Trackpoint><Time>2026-06-27T17:41:06.000Z</Time><Position><LatitudeDegrees>58.707760009415544</LatitudeDegrees><LongitudeDegrees>59.46121080628866</LongitudeDegrees></Position></Trackpoint><Trackpoint><Time>2026-06-27T17:41:07.000Z</Time><Position><LatitudeDegrees>58.70776347769284</LatitudeDegrees><LongitudeDegrees>59.46123357490761</LongitudeDegrees></Position></Trackpoint><Trackpoint><Time>2026-06-27T17:41:08.000Z</Time><Position><LatitudeDegrees>58.70776688941056</LatitudeDegrees><LongitudeDegrees>59.461256360132985</LongitudeDegrees></Position></Trackpoint><Trackpoint><Time>2026-06-27T17:41:09.000Z</Time><Position><LatitudeDegrees>58.70777081916758</LatitudeDegrees><LongitudeDegrees>59.46127867580136</LongitudeDegrees></Position></Trackpoint><Trackpoint><Time>2026-06-27T17:41:10.000Z</Time><Position><LatitudeDegrees>58.70777445789209</LatitudeDegrees><LongitudeDegrees>59.461300381961344</LongitudeDegrees></Position></Trackpoint><Trackpoint><Time>2026-06-27T17:41:11.000Z</Time><Position><LatitudeDegrees>58.70777848895618</LatitudeDegrees><LongitudeDegrees>59.46132296803762</LongitudeDegrees></Position></Trackpoint><Trackpoint><Time>2026-06-27T17:41:12.000Z</Time><Position><LatitudeDegrees>58.707783143439045</LatitudeDegrees><LongitudeDegrees>59.461345955267795</LongitudeDegrees></Position></Trackpoint><Trackpoint><Time>2026-06-27T17:41:13.000Z</Time><Position><LatitudeDegrees>58.707787946881346</LatitudeDegrees><LongitudeDegrees>59.46136909499403</LongitudeDegrees></Position></Trackpoint><Trackpoint><Time>2026-06-27T17:41:14.000Z</Time><Position><LatitudeDegrees>58.707793174376796</LatitudeDegrees><LongitudeDegrees>59.461392265238125</LongitudeDegrees></Position></Trackpoint><Trackpoint><Time>2026-06-27T17:41:15.000Z</Time><Position><LatitudeDegrees>58.707798395180966</LatitudeDegrees><LongitudeDegrees>59.46141492223783</LongitudeDegrees></Position></Trackpoint><Trackpoint><Time>2026-06-27T17:41:16.000Z</Time><Position><LatitudeDegrees>58.70780343275776</LatitudeDegrees><LongitudeDegrees>59.46143641831724</LongitudeDegrees></Position></Trackpoint><Trackpoint><Time>2026-06-27T17:41:17.000Z</Time><Position><LatitudeDegrees>58.70780823792066</LatitudeDegrees><LongitudeDegrees>59.46145663574419</LongitudeDegrees></Position></Trackpoint><Trackpoint><Time>2026-06-27T17:41:18.000Z</Time><Position><LatitudeDegrees>58.707812820243014</LatitudeDegrees><LongitudeDegrees>59.461476179756374</LongitudeDegrees></Position></Trackpoint><Trackpoint><Time>2026-06-27T17:41:19.000Z</Time><Position><LatitudeDegrees>58.70781721226868</LatitudeDegrees><LongitudeDegrees>59.461495386042614</LongitudeDegrees></Position></Trackpoint><Trackpoint><Time>2026-06-27T17:41:20.000Z</Time><Position><LatitudeDegrees>58.70782194143521</LatitudeDegrees><LongitudeDegrees>59.461514925808004</LongitudeDegrees></Position></Trackpoint><Trackpoint><Time>2026-06-27T17:41:21.000Z</Time><Position><LatitudeDegrees>58.70782718168748</LatitudeDegrees><LongitudeDegrees>59.461534543065014</LongitudeDegrees></Position></Trackpoint><Trackpoint><Time>2026-06-27T17:41:22.000Z</Time><Position><LatitudeDegrees>58.70783195984344</LatitudeDegrees><LongitudeDegrees>59.461554122443516</LongitudeDegrees></Position></Trackpoint><Trackpoint><Time>2026-06-27T17:41:23.000Z</Time><Position><LatitudeDegrees>58.70783642403427</LatitudeDegrees><LongitudeDegrees>59.46157313168127</LongitudeDegrees></Position></Trackpoint><Trackpoint><Time>2026-06-27T17:41:24.000Z</Time><Position><LatitudeDegrees>58.707840675562274</LatitudeDegrees><LongitudeDegrees>59.46159191436226</LongitudeDegrees></Position></Trackpoint><Trackpoint><Time>2026-06-27T17:41:25.000Z</Time><Position><LatitudeDegrees>58.70784429383145</LatitudeDegrees><LongitudeDegrees>59.461612109895896</LongitudeDegrees></Position></Trackpoint><Trackpoint><Time>2026-06-27T17:41:26.000Z</Time><Position><LatitudeDegrees>58.707847676514774</LatitudeDegrees><LongitudeDegrees>59.46163323288692</LongitudeDegrees></Position></Trackpoint><Trackpoint><Time>2026-06-27T17:41:27.000Z</Time><Position><LatitudeDegrees>58.7078505280137</LatitudeDegrees><LongitudeDegrees>59.461654964395606</LongitudeDegrees></Position></Trackpoint><Trackpoint><Time>2026-06-27T17:41:28.000Z</Time><Position><LatitudeDegrees>58.70785377398885</LatitudeDegrees><LongitudeDegrees>59.461676605359024</LongitudeDegrees></Position></Trackpoint><Trackpoint><Time>2026-06-27T17:41:29.000Z</Time><Position><LatitudeDegrees>58.70785676580647</LatitudeDegrees><LongitudeDegrees>59.461697879501074</LongitudeDegrees></Position></Trackpoint><Trackpoint><Time>2026-06-27T17:41:30.000Z</Time><Position><LatitudeDegrees>58.707859758568894</LatitudeDegrees><LongitudeDegrees>59.46171872012303</LongitudeDegrees></Position></Trackpoint><Trackpoint><Time>2026-06-27T17:41:31.000Z</Time><Position><LatitudeDegrees>58.707862857214515</LatitudeDegrees><LongitudeDegrees>59.461739645008386</LongitudeDegrees></Position></Trackpoint><Trackpoint><Time>2026-06-27T17:41:32.000Z</Time><Position><LatitudeDegrees>58.70786560175989</LatitudeDegrees><LongitudeDegrees>59.46176036697196</LongitudeDegrees></Position></Trackpoint><Trackpoint><Time>2026-06-27T17:41:33.000Z</Time><Position><LatitudeDegrees>58.707867848216736</LatitudeDegrees><LongitudeDegrees>59.46178128339664</LongitudeDegrees></Position></Trackpoint><Trackpoint><Time>2026-06-27T17:41:34.000Z</Time><Position><LatitudeDegrees>58.70786960121478</LatitudeDegrees><LongitudeDegrees>59.46180351220039</LongitudeDegrees></Position></Trackpoint><Trackpoint><Time>2026-06-27T17:41:35.000Z</Time><Position><LatitudeDegrees>58.70787092599539</LatitudeDegrees><LongitudeDegrees>59.4618258765054</LongitudeDegrees></Position></Trackpoint><Trackpoint><Time>2026-06-27T17:41:36.000Z</Time><Position><LatitudeDegrees>58.70787141477757</LatitudeDegrees><LongitudeDegrees>59.46184836385336</LongitudeDegrees></Position></Trackpoint><Trackpoint><Time>2026-06-27T17:41:37.000Z</Time><Position><LatitudeDegrees>58.70787100692265</LatitudeDegrees><LongitudeDegrees>59.46187095332117</LongitudeDegrees></Position></Trackpoint><Trackpoint><Time>2026-06-27T17:41:38.000Z</Time><Position><LatitudeDegrees>58.70787028215023</LatitudeDegrees><LongitudeDegrees>59.46189362318505</LongitudeDegrees></Position></Trackpoint><Trackpoint><Time>2026-06-27T17:41:39.000Z</Time><Position><LatitudeDegrees>58.707870009494684</LatitudeDegrees><LongitudeDegrees>59.46191537495848</LongitudeDegrees></Position></Trackpoint><Trackpoint><Time>2026-06-27T17:41:40.000Z</Time><Position><LatitudeDegrees>58.70787044764148</LatitudeDegrees><LongitudeDegrees>59.46193738409879</LongitudeDegrees></Position></Trackpoint><Trackpoint><Time>2026-06-27T17:41:41.000Z</Time><Position><LatitudeDegrees>58.70787112228492</LatitudeDegrees><LongitudeDegrees>59.46195961205524</LongitudeDegrees></Position></Trackpoint><Trackpoint><Time>2026-06-27T17:41:42.000Z</Time><Position><LatitudeDegrees>58.70787229734671</LatitudeDegrees><LongitudeDegrees>59.46198250447725</LongitudeDegrees></Position></Trackpoint><Trackpoint><Time>2026-06-27T17:41:43.000Z</Time><Position><LatitudeDegrees>58.707873038069444</LatitudeDegrees><LongitudeDegrees>59.46200518039371</LongitudeDegrees></Position></Trackpoint><Trackpoint><Time>2026-06-27T17:41:44.000Z</Time><Position><LatitudeDegrees>58.707873504846226</LatitudeDegrees><LongitudeDegrees>59.46202877361138</LongitudeDegrees></Position></Trackpoint><Trackpoint><Time>2026-06-27T17:41:45.000Z</Time><Position><LatitudeDegrees>58.70787379889284</LatitudeDegrees><LongitudeDegrees>59.462052164503596</LongitudeDegrees></Position></Trackpoint><Trackpoint><Time>2026-06-27T17:41:46.000Z</Time><Position><LatitudeDegrees>58.70787398406298</LatitudeDegrees><LongitudeDegrees>59.462075407549555</LongitudeDegrees></Position></Trackpoint><Trackpoint><Time>2026-06-27T17:41:47.000Z</Time><Position><LatitudeDegrees>58.70787459023846</LatitudeDegrees><LongitudeDegrees>59.46209903377207</LongitudeDegrees></Position></Trackpoint><Trackpoint><Time>2026-06-27T17:41:48.000Z</Time><Position><LatitudeDegrees>58.707875291996274</LatitudeDegrees><LongitudeDegrees>59.462122723073286</LongitudeDegrees></Position></Trackpoint><Trackpoint><Time>2026-06-27T17:41:49.000Z</Time><Position><LatitudeDegrees>58.70787594304853</LatitudeDegrees><LongitudeDegrees>59.46214633553018</LongitudeDegrees></Position></Trackpoint><Trackpoint><Time>2026-06-27T17:41:50.000Z</Time><Position><LatitudeDegrees>58.70787648965697</LatitudeDegrees><LongitudeDegrees>59.46216982338064</LongitudeDegrees></Position></Trackpoint><Trackpoint><Time>2026-06-27T17:41:51.000Z</Time><Position><LatitudeDegrees>58.7078769230956</LatitudeDegrees><LongitudeDegrees>59.462192693337066</LongitudeDegrees></Position></Trackpoint><Trackpoint><Time>2026-06-27T17:41:52.000Z</Time><Position><LatitudeDegrees>58.70787725429594</LatitudeDegrees><LongitudeDegrees>59.462214331942306</LongitudeDegrees></Position></Trackpoint><Trackpoint><Time>2026-06-27T17:41:53.000Z</Time><Position><LatitudeDegrees>58.70787750088208</LatitudeDegrees><LongitudeDegrees>59.46223513420694</LongitudeDegrees></Position></Trackpoint><Trackpoint><Time>2026-06-27T17:41:54.000Z</Time><Position><LatitudeDegrees>58.70787768097231</LatitudeDegrees><LongitudeDegrees>59.46225585976317</LongitudeDegrees></Position></Trackpoint><Trackpoint><Time>2026-06-27T17:41:55.000Z</Time><Position><LatitudeDegrees>58.707877810563</LatitudeDegrees><LongitudeDegrees>59.46227683129826</LongitudeDegrees></Position></Trackpoint><Trackpoint><Time>2026-06-27T17:41:56.000Z</Time><Position><LatitudeDegrees>58.707877902723524</LatitudeDegrees><LongitudeDegrees>59.46229863974521</LongitudeDegrees></Position></Trackpoint><Trackpoint><Time>2026-06-27T17:41:57.000Z</Time><Position><LatitudeDegrees>58.7078779676404</LatitudeDegrees><LongitudeDegrees>59.462321421053545</LongitudeDegrees></Position></Trackpoint><Trackpoint><Time>2026-06-27T17:41:58.000Z</Time><Position><LatitudeDegrees>58.70787850261606</LatitudeDegrees><LongitudeDegrees>59.462344616735926</LongitudeDegrees></Position></Trackpoint><Trackpoint><Time>2026-06-27T17:41:59.000Z</Time><Position><LatitudeDegrees>58.707879652124916</LatitudeDegrees><LongitudeDegrees>59.46236745399373</LongitudeDegrees></Position></Trackpoint><Trackpoint><Time>2026-06-27T17:42:00.000Z</Time><Position><LatitudeDegrees>58.707881396791926</LatitudeDegrees><LongitudeDegrees>59.46238966056597</LongitudeDegrees></Position></Trackpoint><Trackpoint><Time>2026-06-27T17:42:01.000Z</Time><Position><LatitudeDegrees>58.70788316263954</LatitudeDegrees><LongitudeDegrees>59.462412184495264</LongitudeDegrees></Position></Trackpoint><Trackpoint><Time>2026-06-27T17:42:02.000Z</Time><Position><LatitudeDegrees>58.70788471056617</LatitudeDegrees><LongitudeDegrees>59.462434885874266</LongitudeDegrees></Position></Trackpoint><Trackpoint><Time>2026-06-27T17:42:03.000Z</Time><Position><LatitudeDegrees>58.70788645968225</LatitudeDegrees><LongitudeDegrees>59.462457684309065</LongitudeDegrees></Position></Trackpoint><Trackpoint><Time>2026-06-27T17:42:04.000Z</Time><Position><LatitudeDegrees>58.70788855676907</LatitudeDegrees><LongitudeDegrees>59.46248102384442</LongitudeDegrees></Position></Trackpoint><Trackpoint><Time>2026-06-27T17:42:05.000Z</Time><Position><LatitudeDegrees>58.70789101761455</LatitudeDegrees><LongitudeDegrees>59.46250452829271</LongitudeDegrees></Position></Trackpoint><Trackpoint><Time>2026-06-27T17:42:06.000Z</Time><Position><LatitudeDegrees>58.70789331242218</LatitudeDegrees><LongitudeDegrees>59.462528021561006</LongitudeDegrees></Position></Trackpoint><Trackpoint><Time>2026-06-27T17:42:07.000Z</Time><Position><LatitudeDegrees>58.70789475470418</LatitudeDegrees><LongitudeDegrees>59.4625514325633</LongitudeDegrees></Position></Trackpoint><Trackpoint><Time>2026-06-27T17:42:08.000Z</Time><Position><LatitudeDegrees>58.70789566077299</LatitudeDegrees><LongitudeDegrees>59.462575232193345</LongitudeDegrees></Position></Trackpoint><Trackpoint><Time>2026-06-27T17:42:09.000Z</Time><Position><LatitudeDegrees>58.70789622971876</LatitudeDegrees><LongitudeDegrees>59.46260005411172</LongitudeDegrees></Position></Trackpoint><Trackpoint><Time>2026-06-27T17:42:10.000Z</Time><Position><LatitudeDegrees>58.707897076413325</LatitudeDegrees><LongitudeDegrees>59.462626028071824</LongitudeDegrees></Position></Trackpoint><Trackpoint><Time>2026-06-27T17:42:11.000Z</Time><Position><LatitudeDegrees>58.70789743921151</LatitudeDegrees><LongitudeDegrees>59.46265208042639</LongitudeDegrees></Position></Trackpoint><Trackpoint><Time>2026-06-27T17:42:12.000Z</Time><Position><LatitudeDegrees>58.70789804577105</LatitudeDegrees><LongitudeDegrees>59.46267726933923</LongitudeDegrees></Position></Trackpoint><Trackpoint><Time>2026-06-27T17:42:13.000Z</Time><Position><LatitudeDegrees>58.70789867486865</LatitudeDegrees><LongitudeDegrees>59.46270082814163</LongitudeDegrees></Position></Trackpoint><Trackpoint><Time>2026-06-27T17:42:14.000Z</Time><Position><LatitudeDegrees>58.70789923250445</LatitudeDegrees><LongitudeDegrees>59.46272362953728</LongitudeDegrees></Position></Trackpoint><Trackpoint><Time>2026-06-27T17:42:15.000Z</Time><Position><LatitudeDegrees>58.70789968913819</LatitudeDegrees><LongitudeDegrees>59.46274564053605</LongitudeDegrees></Position></Trackpoint><Trackpoint><Time>2026-06-27T17:42:16.000Z</Time><Position><LatitudeDegrees>58.707900535178275</LatitudeDegrees><LongitudeDegrees>59.462767438608374</LongitudeDegrees></Position></Trackpoint><Trackpoint><Time>2026-06-27T17:42:17.000Z</Time><Position><LatitudeDegrees>58.7079009433903</LatitudeDegrees><LongitudeDegrees>59.46278977851524</LongitudeDegrees></Position></Trackpoint><Trackpoint><Time>2026-06-27T17:42:18.000Z</Time><Position><LatitudeDegrees>58.707900629286115</LatitudeDegrees><LongitudeDegrees>59.46281339115936</LongitudeDegrees></Position></Trackpoint><Trackpoint><Time>2026-06-27T17:42:19.000Z</Time><Position><LatitudeDegrees>58.70790005802282</LatitudeDegrees><LongitudeDegrees>59.46283792458633</LongitudeDegrees></Position></Trackpoint><Trackpoint><Time>2026-06-27T17:42:20.000Z</Time><Position><LatitudeDegrees>58.707899454173614</LatitudeDegrees><LongitudeDegrees>59.46286311566851</LongitudeDegrees></Position></Trackpoint><Trackpoint><Time>2026-06-27T17:42:21.000Z</Time><Position><LatitudeDegrees>58.70789940401819</LatitudeDegrees><LongitudeDegrees>59.46288828202149</LongitudeDegrees></Position></Trackpoint><Trackpoint><Time>2026-06-27T17:42:22.000Z</Time><Position><LatitudeDegrees>58.7078995883297</LatitudeDegrees><LongitudeDegrees>59.462913635401186</LongitudeDegrees></Position></Trackpoint><Trackpoint><Time>2026-06-27T17:42:23.000Z</Time><Position><LatitudeDegrees>58.707900335157035</LatitudeDegrees><LongitudeDegrees>59.462937770179295</LongitudeDegrees></Position></Trackpoint><Trackpoint><Time>2026-06-27T17:42:24.000Z</Time><Position><LatitudeDegrees>58.70790121779299</LatitudeDegrees><LongitudeDegrees>59.462961732708735</LongitudeDegrees></Position></Trackpoint><Trackpoint><Time>2026-06-27T17:42:25.000Z</Time><Position><LatitudeDegrees>58.70790106385322</LatitudeDegrees><LongitudeDegrees>59.462985976020384</LongitudeDegrees></Position></Trackpoint><Trackpoint><Time>2026-06-27T17:42:26.000Z</Time><Position><LatitudeDegrees>58.707900502774955</LatitudeDegrees><LongitudeDegrees>59.46301016103887</LongitudeDegrees></Position></Trackpoint><Trackpoint><Time>2026-06-27T17:42:27.000Z</Time><Position><LatitudeDegrees>58.707899356426395</LatitudeDegrees><LongitudeDegrees>59.46303464521412</LongitudeDegrees></Position></Trackpoint><Trackpoint><Time>2026-06-27T17:42:28.000Z</Time><Position><LatitudeDegrees>58.70789811617612</LatitudeDegrees><LongitudeDegrees>59.463059047748985</LongitudeDegrees></Position></Trackpoint><Trackpoint><Time>2026-06-27T17:42:29.000Z</Time><Position><LatitudeDegrees>58.70789699643823</LatitudeDegrees><LongitudeDegrees>59.46308273268631</LongitudeDegrees></Position></Trackpoint><Trackpoint><Time>2026-06-27T17:42:30.000Z</Time><Position><LatitudeDegrees>58.70789607004802</LatitudeDegrees><LongitudeDegrees>59.463105530220275</LongitudeDegrees></Position></Trackpoint><Trackpoint><Time>2026-06-27T17:42:31.000Z</Time><Position><LatitudeDegrees>58.707895342185616</LatitudeDegrees><LongitudeDegrees>59.46312797392669</LongitudeDegrees></Position></Trackpoint><Trackpoint><Time>2026-06-27T17:42:32.000Z</Time><Position><LatitudeDegrees>58.70789478950362</LatitudeDegrees><LongitudeDegrees>59.463150818573716</LongitudeDegrees></Position></Trackpoint><Trackpoint><Time>2026-06-27T17:42:33.000Z</Time><Position><LatitudeDegrees>58.707894379902655</LatitudeDegrees><LongitudeDegrees>59.463173833929304</LongitudeDegrees></Position></Trackpoint><Trackpoint><Time>2026-06-27T17:42:34.000Z</Time><Position><LatitudeDegrees>58.70789408179889</LatitudeDegrees><LongitudeDegrees>59.46319739287666</LongitudeDegrees></Position></Trackpoint><Trackpoint><Time>2026-06-27T17:42:35.000Z</Time><Position><LatitudeDegrees>58.70789386787456</LatitudeDegrees><LongitudeDegrees>59.46322011038048</LongitudeDegrees></Position></Trackpoint><Trackpoint><Time>2026-06-27T17:42:36.000Z</Time><Position><LatitudeDegrees>58.70789371607499</LatitudeDegrees><LongitudeDegrees>59.46324250325628</LongitudeDegrees></Position></Trackpoint><Trackpoint><Time>2026-06-27T17:42:37.000Z</Time><Position><LatitudeDegrees>58.707894098954334</LatitudeDegrees><LongitudeDegrees>59.46326531562207</LongitudeDegrees></Position></Trackpoint><Trackpoint><Time>2026-06-27T17:42:38.000Z</Time><Position><LatitudeDegrees>58.7078946528903</LatitudeDegrees><LongitudeDegrees>59.463287820868295</LongitudeDegrees></Position></Trackpoint><Trackpoint><Time>2026-06-27T17:42:39.000Z</Time><Position><LatitudeDegrees>58.70789520617625</LatitudeDegrees><LongitudeDegrees>59.46331220722436</LongitudeDegrees></Position></Trackpoint><Trackpoint><Time>2026-06-27T17:42:40.000Z</Time><Position><LatitudeDegrees>58.707896177791696</LatitudeDegrees><LongitudeDegrees>59.46333766560664</LongitudeDegrees></Position></Trackpoint><Trackpoint><Time>2026-06-27T17:42:41.000Z</Time><Position><LatitudeDegrees>58.707897196983815</LatitudeDegrees><LongitudeDegrees>59.46336323560394</LongitudeDegrees></Position></Trackpoint><Trackpoint><Time>2026-06-27T17:42:42.000Z</Time><Position><LatitudeDegrees>58.70789859456845</LatitudeDegrees><LongitudeDegrees>59.46338801775069</LongitudeDegrees></Position></Trackpoint><Trackpoint><Time>2026-06-27T17:42:43.000Z</Time><Position><LatitudeDegrees>58.707899968609865</LatitudeDegrees><LongitudeDegrees>59.46341174273638</LongitudeDegrees></Position></Trackpoint><Trackpoint><Time>2026-06-27T17:42:44.000Z</Time><Position><LatitudeDegrees>58.70790164620988</LatitudeDegrees><LongitudeDegrees>59.463434924945616</LongitudeDegrees></Position></Trackpoint><Trackpoint><Time>2026-06-27T17:42:45.000Z</Time><Position><LatitudeDegrees>58.70790323350803</LatitudeDegrees><LongitudeDegrees>59.46345735627304</LongitudeDegrees></Position></Trackpoint><Trackpoint><Time>2026-06-27T17:42:46.000Z</Time><Position><LatitudeDegrees>58.707904579889544</LatitudeDegrees><LongitudeDegrees>59.463478557777854</LongitudeDegrees></Position></Trackpoint><Trackpoint><Time>2026-06-27T17:42:47.000Z</Time><Position><LatitudeDegrees>58.70790565424752</LatitudeDegrees><LongitudeDegrees>59.46349897967276</LongitudeDegrees></Position></Trackpoint><Trackpoint><Time>2026-06-27T17:42:48.000Z</Time><Position><LatitudeDegrees>58.70790696829554</LatitudeDegrees><LongitudeDegrees>59.463519397042724</LongitudeDegrees></Position></Trackpoint><Trackpoint><Time>2026-06-27T17:42:49.000Z</Time><Position><LatitudeDegrees>58.707907722789216</LatitudeDegrees><LongitudeDegrees>59.46354012967436</LongitudeDegrees></Position></Trackpoint><Trackpoint><Time>2026-06-27T17:42:50.000Z</Time><Position><LatitudeDegrees>58.70790766039101</LatitudeDegrees><LongitudeDegrees>59.46356126880308</LongitudeDegrees></Position></Trackpoint><Trackpoint><Time>2026-06-27T17:42:51.000Z</Time><Position><LatitudeDegrees>58.70790775918882</LatitudeDegrees><LongitudeDegrees>59.4635823102188</LongitudeDegrees></Position></Trackpoint><Trackpoint><Time>2026-06-27T17:42:52.000Z</Time><Position><LatitudeDegrees>58.70790791169198</LatitudeDegrees><LongitudeDegrees>59.463603058812275</LongitudeDegrees></Position></Trackpoint><Trackpoint><Time>2026-06-27T17:42:53.000Z</Time><Position><LatitudeDegrees>58.707908556349864</LatitudeDegrees><LongitudeDegrees>59.46362396142495</LongitudeDegrees></Position></Trackpoint><Trackpoint><Time>2026-06-27T17:42:54.000Z</Time><Position><LatitudeDegrees>58.70790932095261</LatitudeDegrees><LongitudeDegrees>59.46364616153412</LongitudeDegrees></Position></Trackpoint><Trackpoint><Time>2026-06-27T17:42:55.000Z</Time><Position><LatitudeDegrees>58.70791052642766</LatitudeDegrees><LongitudeDegrees>59.463669473919545</LongitudeDegrees></Position></Trackpoint><Trackpoint><Time>2026-06-27T17:42:56.000Z</Time><Position><LatitudeDegrees>58.707912248358355</LatitudeDegrees><LongitudeDegrees>59.463695637984856</LongitudeDegrees></Position></Trackpoint><Trackpoint><Time>2026-06-27T17:42:57.000Z</Time><Position><LatitudeDegrees>58.707913472364886</LatitudeDegrees><LongitudeDegrees>59.46372353523382</LongitudeDegrees></Position></Trackpoint><Trackpoint><Time>2026-06-27T17:42:58.000Z</Time><Position><LatitudeDegrees>58.70791482382088</LatitudeDegrees><LongitudeDegrees>59.4637529721915</LongitudeDegrees></Position></Trackpoint><Trackpoint><Time>2026-06-27T17:42:59.000Z</Time><Position><LatitudeDegrees>58.707916054307475</LatitudeDegrees><LongitudeDegrees>59.46378269233796</LongitudeDegrees></Position></Trackpoint><Trackpoint><Time>2026-06-27T17:43:00.000Z</Time><Position><LatitudeDegrees>58.70791707704375</LatitudeDegrees><LongitudeDegrees>59.46381214184953</LongitudeDegrees></Position></Trackpoint><Trackpoint><Time>2026-06-27T17:43:01.000Z</Time><Position><LatitudeDegrees>58.70791788295487</LatitudeDegrees><LongitudeDegrees>59.46383965854688</LongitudeDegrees></Position></Trackpoint><Trackpoint><Time>2026-06-27T17:43:02.000Z</Time><Position><LatitudeDegrees>58.70791849613267</LatitudeDegrees><LongitudeDegrees>59.463864805962906</LongitudeDegrees></Position></Trackpoint><Trackpoint><Time>2026-06-27T17:43:03.000Z</Time><Position><LatitudeDegrees>58.70791895123603</LatitudeDegrees><LongitudeDegrees>59.46388770843957</LongitudeDegrees></Position></Trackpoint><Trackpoint><Time>2026-06-27T17:43:04.000Z</Time><Position><LatitudeDegrees>58.70791928282724</LatitudeDegrees><LongitudeDegrees>59.46390919493024</LongitudeDegrees></Position></Trackpoint><Trackpoint><Time>2026-06-27T17:43:05.000Z</Time><Position><LatitudeDegrees>58.70792001060342</LatitudeDegrees><LongitudeDegrees>59.463930278175816</LongitudeDegrees></Position></Trackpoint><Trackpoint><Time>2026-06-27T17:43:06.000Z</Time><Position><LatitudeDegrees>58.7079208081328</LatitudeDegrees><LongitudeDegrees>59.463951916623294</LongitudeDegrees></Position></Trackpoint><Trackpoint><Time>2026-06-27T17:43:07.000Z</Time><Position><LatitudeDegrees>58.70792104241657</LatitudeDegrees><LongitudeDegrees>59.46397443373379</LongitudeDegrees></Position></Trackpoint><Trackpoint><Time>2026-06-27T17:43:08.000Z</Time><Position><LatitudeDegrees>58.70792101466705</LatitudeDegrees><LongitudeDegrees>59.46399638111245</LongitudeDegrees></Position></Trackpoint><Trackpoint><Time>2026-06-27T17:43:09.000Z</Time><Position><LatitudeDegrees>58.70792088256509</LatitudeDegrees><LongitudeDegrees>59.464018214607435</LongitudeDegrees></Position></Trackpoint><Trackpoint><Time>2026-06-27T17:43:10.000Z</Time><Position><LatitudeDegrees>58.70792072444241</LatitudeDegrees><LongitudeDegrees>59.464040136569004</LongitudeDegrees></Position></Trackpoint><Trackpoint><Time>2026-06-27T17:43:11.000Z</Time><Position><LatitudeDegrees>58.70792155511957</LatitudeDegrees><LongitudeDegrees>59.46406368780906</LongitudeDegrees></Position></Trackpoint><Trackpoint><Time>2026-06-27T17:43:12.000Z</Time><Position><LatitudeDegrees>58.70792317601194</LatitudeDegrees><LongitudeDegrees>59.46408929376989</LongitudeDegrees></Position></Trackpoint><Trackpoint><Time>2026-06-27T17:43:13.000Z</Time><Position><LatitudeDegrees>58.70792540391282</LatitudeDegrees><LongitudeDegrees>59.46411784516375</LongitudeDegrees></Position></Trackpoint><Trackpoint><Time>2026-06-27T17:43:14.000Z</Time><Position><LatitudeDegrees>58.70792759585234</LatitudeDegrees><LongitudeDegrees>59.46414786194193</LongitudeDegrees></Position></Trackpoint><Trackpoint><Time>2026-06-27T17:43:15.000Z</Time><Position><LatitudeDegrees>58.70792949164966</LatitudeDegrees><LongitudeDegrees>59.46417756726992</LongitudeDegrees></Position></Trackpoint><Trackpoint><Time>2026-06-27T17:43:16.000Z</Time><Position><LatitudeDegrees>58.707931022163024</LatitudeDegrees><LongitudeDegrees>59.46420529014093</LongitudeDegrees></Position></Trackpoint><Trackpoint><Time>2026-06-27T17:43:17.000Z</Time><Position><LatitudeDegrees>58.7079322058012</LatitudeDegrees><LongitudeDegrees>59.464230596824</LongitudeDegrees></Position></Trackpoint><Trackpoint><Time>2026-06-27T17:43:18.000Z</Time><Position><LatitudeDegrees>58.707933584277065</LatitudeDegrees><LongitudeDegrees>59.46425361880832</LongitudeDegrees></Position></Trackpoint><Trackpoint><Time>2026-06-27T17:43:19.000Z</Time><Position><LatitudeDegrees>58.70793486606829</LatitudeDegrees><LongitudeDegrees>59.46427568270438</LongitudeDegrees></Position></Trackpoint><Trackpoint><Time>2026-06-27T17:43:20.000Z</Time><Position><LatitudeDegrees>58.7079359435256</LatitudeDegrees><LongitudeDegrees>59.46429745782381</LongitudeDegrees></Position></Trackpoint><Trackpoint><Time>2026-06-27T17:43:21.000Z</Time><Position><LatitudeDegrees>58.70793679854137</LatitudeDegrees><LongitudeDegrees>59.46431974648611</LongitudeDegrees></Position></Trackpoint><Trackpoint><Time>2026-06-27T17:43:22.000Z</Time><Position><LatitudeDegrees>58.7079369625977</LatitudeDegrees><LongitudeDegrees>59.46434330281138</LongitudeDegrees></Position></Trackpoint><Trackpoint><Time>2026-06-27T17:43:23.000Z</Time><Position><LatitudeDegrees>58.707936331426886</LatitudeDegrees><LongitudeDegrees>59.464369253890034</LongitudeDegrees></Position></Trackpoint><Trackpoint><Time>2026-06-27T17:43:24.000Z</Time><Position><LatitudeDegrees>58.70793545376484</LatitudeDegrees><LongitudeDegrees>59.464396287700666</LongitudeDegrees></Position></Trackpoint><Trackpoint><Time>2026-06-27T17:43:25.000Z</Time><Position><LatitudeDegrees>58.707934587236075</LatitudeDegrees><LongitudeDegrees>59.46442225611024</LongitudeDegrees></Position></Trackpoint><Trackpoint><Time>2026-06-27T17:43:26.000Z</Time><Position><LatitudeDegrees>58.70793383651002</LatitudeDegrees><LongitudeDegrees>59.46444641118855</LongitudeDegrees></Position></Trackpoint><Trackpoint><Time>2026-06-27T17:43:27.000Z</Time><Position><LatitudeDegrees>58.70793322982994</LatitudeDegrees><LongitudeDegrees>59.46446916726194</LongitudeDegrees></Position></Trackpoint><Trackpoint><Time>2026-06-27T17:43:28.000Z</Time><Position><LatitudeDegrees>58.70793227072865</LatitudeDegrees><LongitudeDegrees>59.464491364134595</LongitudeDegrees></Position></Trackpoint><Trackpoint><Time>2026-06-27T17:43:29.000Z</Time><Position><LatitudeDegrees>58.70793177919836</LatitudeDegrees><LongitudeDegrees>59.46451390904907</LongitudeDegrees></Position></Trackpoint><Trackpoint><Time>2026-06-27T17:43:30.000Z</Time><Position><LatitudeDegrees>58.707931053705956</LatitudeDegrees><LongitudeDegrees>59.46453762057808</LongitudeDegrees></Position></Trackpoint><Trackpoint><Time>2026-06-27T17:43:31.000Z</Time><Position><LatitudeDegrees>58.707930324976004</LatitudeDegrees><LongitudeDegrees>59.46456317571458</LongitudeDegrees></Position></Trackpoint><Trackpoint><Time>2026-06-27T17:43:32.000Z</Time><Position><LatitudeDegrees>58.7079296884441</LatitudeDegrees><LongitudeDegrees>59.464590127032</LongitudeDegrees></Position></Trackpoint><Trackpoint><Time>2026-06-27T17:43:33.000Z</Time><Position><LatitudeDegrees>58.70792966119097</LatitudeDegrees><LongitudeDegrees>59.4646171318462</LongitudeDegrees></Position></Trackpoint><Trackpoint><Time>2026-06-27T17:43:34.000Z</Time><Position><LatitudeDegrees>58.707929888357036</LatitudeDegrees><LongitudeDegrees>59.46464363032885</LongitudeDegrees></Position></Trackpoint><Trackpoint><Time>2026-06-27T17:43:35.000Z</Time><Position><LatitudeDegrees>58.707930191145</LatitudeDegrees><LongitudeDegrees>59.46466945691087</LongitudeDegrees></Position></Trackpoint><Trackpoint><Time>2026-06-27T17:43:36.000Z</Time><Position><LatitudeDegrees>58.70793097582482</LatitudeDegrees><LongitudeDegrees>59.46469560886405</LongitudeDegrees></Position></Trackpoint><Trackpoint><Time>2026-06-27T17:43:37.000Z</Time><Position><LatitudeDegrees>58.707931858251314</LatitudeDegrees><LongitudeDegrees>59.46472196552666</LongitudeDegrees></Position></Trackpoint><Trackpoint><Time>2026-06-27T17:43:38.000Z</Time><Position><LatitudeDegrees>58.70793266767504</LatitudeDegrees><LongitudeDegrees>59.46474943015326</LongitudeDegrees></Position></Trackpoint><Trackpoint><Time>2026-06-27T17:43:39.000Z</Time><Position><LatitudeDegrees>58.707933832756105</LatitudeDegrees><LongitudeDegrees>59.46477774291809</LongitudeDegrees></Position></Trackpoint><Trackpoint><Time>2026-06-27T17:43:40.000Z</Time><Position><LatitudeDegrees>58.70793548438294</LatitudeDegrees><LongitudeDegrees>59.464805708737735</LongitudeDegrees></Position></Trackpoint><Trackpoint><Time>2026-06-27T17:43:41.000Z</Time><Position><LatitudeDegrees>58.70793761401238</LatitudeDegrees><LongitudeDegrees>59.464831900745644</LongitudeDegrees></Position></Trackpoint><Trackpoint><Time>2026-06-27T17:43:42.000Z</Time><Position><LatitudeDegrees>58.70794015677512</LatitudeDegrees><LongitudeDegrees>59.46485644858726</LongitudeDegrees></Position></Trackpoint><Trackpoint><Time>2026-06-27T17:43:43.000Z</Time><Position><LatitudeDegrees>58.707943032930814</LatitudeDegrees><LongitudeDegrees>59.46487961668116</LongitudeDegrees></Position></Trackpoint><Trackpoint><Time>2026-06-27T17:43:44.000Z</Time><Position><LatitudeDegrees>58.707946166849226</LatitudeDegrees><LongitudeDegrees>59.46490218062287</LongitudeDegrees></Position></Trackpoint><Trackpoint><Time>2026-06-27T17:43:45.000Z</Time><Position><LatitudeDegrees>58.70794949429986</LatitudeDegrees><LongitudeDegrees>59.46492502698114</LongitudeDegrees></Position></Trackpoint><Trackpoint><Time>2026-06-27T17:43:46.000Z</Time><Position><LatitudeDegrees>58.707952474380264</LatitudeDegrees><LongitudeDegrees>59.4649484846268</LongitudeDegrees></Position></Trackpoint><Trackpoint><Time>2026-06-27T17:43:47.000Z</Time><Position><LatitudeDegrees>58.70795541852384</LatitudeDegrees><LongitudeDegrees>59.4649721209314</LongitudeDegrees></Position></Trackpoint><Trackpoint><Time>2026-06-27T17:43:48.000Z</Time><Position><LatitudeDegrees>58.70795894921229</LatitudeDegrees><LongitudeDegrees>59.46499524518289</LongitudeDegrees></Position></Trackpoint><Trackpoint><Time>2026-06-27T17:43:49.000Z</Time><Position><LatitudeDegrees>58.70796226830097</LatitudeDegrees><LongitudeDegrees>59.46501910747612</LongitudeDegrees></Position></Trackpoint><Trackpoint><Time>2026-06-27T17:43:50.000Z</Time><Position><LatitudeDegrees>58.70796507424579</LatitudeDegrees><LongitudeDegrees>59.46504265908342</LongitudeDegrees></Position></Trackpoint><Trackpoint><Time>2026-06-27T17:43:51.000Z</Time><Position><LatitudeDegrees>58.707966819111476</LatitudeDegrees><LongitudeDegrees>59.46506599759048</LongitudeDegrees></Position></Trackpoint><Trackpoint><Time>2026-06-27T17:43:52.000Z</Time><Position><LatitudeDegrees>58.707968392649136</LatitudeDegrees><LongitudeDegrees>59.46508870092679</LongitudeDegrees></Position></Trackpoint><Trackpoint><Time>2026-06-27T17:43:53.000Z</Time><Position><LatitudeDegrees>58.70796969366703</LatitudeDegrees><LongitudeDegrees>59.465112145624715</LongitudeDegrees></Position></Trackpoint><Trackpoint><Time>2026-06-27T17:43:54.000Z</Time><Position><LatitudeDegrees>58.70797120507913</LatitudeDegrees><LongitudeDegrees>59.465136313822924</LongitudeDegrees></Position></Trackpoint><Trackpoint><Time>2026-06-27T17:43:55.000Z</Time><Position><LatitudeDegrees>58.707973098761755</LatitudeDegrees><LongitudeDegrees>59.46516012608412</LongitudeDegrees></Position></Trackpoint><Trackpoint><Time>2026-06-27T17:43:56.000Z</Time><Position><LatitudeDegrees>58.70797490682482</LatitudeDegrees><LongitudeDegrees>59.46518367315462</LongitudeDegrees></Position></Trackpoint><Trackpoint><Time>2026-06-27T17:43:57.000Z</Time><Position><LatitudeDegrees>58.70797644756475</LatitudeDegrees><LongitudeDegrees>59.465206047222374</LongitudeDegrees></Position></Trackpoint><Trackpoint><Time>2026-06-27T17:43:58.000Z</Time><Position><LatitudeDegrees>58.70797768046045</LatitudeDegrees><LongitudeDegrees>59.46522653536262</LongitudeDegrees></Position></Trackpoint><Trackpoint><Time>2026-06-27T17:43:59.000Z</Time><Position><LatitudeDegrees>58.70797862833535</LatitudeDegrees><LongitudeDegrees>59.46524655485695</LongitudeDegrees></Position></Trackpoint><Trackpoint><Time>2026-06-27T17:44:00.000Z</Time><Position><LatitudeDegrees>58.707979826781475</LatitudeDegrees><LongitudeDegrees>59.46526723914981</LongitudeDegrees></Position></Trackpoint><Trackpoint><Time>2026-06-27T17:44:01.000Z</Time><Position><LatitudeDegrees>58.70798097460244</LatitudeDegrees><LongitudeDegrees>59.465289948926774</LongitudeDegrees></Position></Trackpoint><Trackpoint><Time>2026-06-27T17:44:02.000Z</Time><Position><LatitudeDegrees>58.7079819542532</LatitudeDegrees><LongitudeDegrees>59.46531449498509</LongitudeDegrees></Position></Trackpoint><Trackpoint><Time>2026-06-27T17:44:03.000Z</Time><Position><LatitudeDegrees>58.707982738909166</LatitudeDegrees><LongitudeDegrees>59.46534056372082</LongitudeDegrees></Position></Trackpoint><Trackpoint><Time>2026-06-27T17:44:04.000Z</Time><Position><LatitudeDegrees>58.70798334255037</LatitudeDegrees><LongitudeDegrees>59.46536636171623</LongitudeDegrees></Position></Trackpoint><Trackpoint><Time>2026-06-27T17:44:05.000Z</Time><Position><LatitudeDegrees>58.70798379416723</LatitudeDegrees><LongitudeDegrees>59.46539118513118</LongitudeDegrees></Position></Trackpoint><Trackpoint><Time>2026-06-27T17:44:06.000Z</Time><Position><LatitudeDegrees>58.70798412521104</LatitudeDegrees><LongitudeDegrees>59.465414869186766</LongitudeDegrees></Position></Trackpoint><Trackpoint><Time>2026-06-27T17:44:07.000Z</Time><Position><LatitudeDegrees>58.707984853720504</LatitudeDegrees><LongitudeDegrees>59.465437492256584</LongitudeDegrees></Position></Trackpoint><Trackpoint><Time>2026-06-27T17:44:08.000Z</Time><Position><LatitudeDegrees>58.70798565241649</LatitudeDegrees><LongitudeDegrees>59.465461181235895</LongitudeDegrees></Position></Trackpoint><Trackpoint><Time>2026-06-27T17:44:09.000Z</Time><Position><LatitudeDegrees>58.70798735672744</LatitudeDegrees><LongitudeDegrees>59.46548569602198</LongitudeDegrees></Position></Trackpoint><Trackpoint><Time>2026-06-27T17:44:10.000Z</Time><Position><LatitudeDegrees>58.70798970486573</LatitudeDegrees><LongitudeDegrees>59.46551083174148</LongitudeDegrees></Position></Trackpoint><Trackpoint><Time>2026-06-27T17:44:11.000Z</Time><Position><LatitudeDegrees>58.70799250638421</LatitudeDegrees><LongitudeDegrees>59.46553642432486</LongitudeDegrees></Position></Trackpoint><Trackpoint><Time>2026-06-27T17:44:12.000Z</Time><Position><LatitudeDegrees>58.70799513504911</LatitudeDegrees><LongitudeDegrees>59.465560389122544</LongitudeDegrees></Position></Trackpoint><Trackpoint><Time>2026-06-27T17:44:13.000Z</Time><Position><LatitudeDegrees>58.707997844752605</LatitudeDegrees><LongitudeDegrees>59.46558256614077</LongitudeDegrees></Position></Trackpoint><Trackpoint><Time>2026-06-27T17:44:14.000Z</Time><Position><LatitudeDegrees>58.70800024004415</LatitudeDegrees><LongitudeDegrees>59.465603608558176</LongitudeDegrees></Position></Trackpoint><Trackpoint><Time>2026-06-27T17:44:15.000Z</Time><Position><LatitudeDegrees>58.70800268802895</LatitudeDegrees><LongitudeDegrees>59.465624910221045</LongitudeDegrees></Position></Trackpoint><Trackpoint><Time>2026-06-27T17:44:16.000Z</Time><Position><LatitudeDegrees>58.70800435390882</LatitudeDegrees><LongitudeDegrees>59.46564750149861</LongitudeDegrees></Position></Trackpoint><Trackpoint><Time>2026-06-27T17:44:17.000Z</Time><Position><LatitudeDegrees>58.70800499426803</LatitudeDegrees><LongitudeDegrees>59.46567213082181</LongitudeDegrees></Position></Trackpoint><Trackpoint><Time>2026-06-27T17:44:18.000Z</Time><Position><LatitudeDegrees>58.70800513009449</LatitudeDegrees><LongitudeDegrees>59.465697865618154</LongitudeDegrees></Position></Trackpoint><Trackpoint><Time>2026-06-27T17:44:19.000Z</Time><Position><LatitudeDegrees>58.70800553031504</LatitudeDegrees><LongitudeDegrees>59.46572369032676</LongitudeDegrees></Position></Trackpoint><Trackpoint><Time>2026-06-27T17:44:20.000Z</Time><Position><LatitudeDegrees>58.7080059880542</LatitudeDegrees><LongitudeDegrees>59.465748195944464</LongitudeDegrees></Position></Trackpoint><Trackpoint><Time>2026-06-27T17:44:21.000Z</Time><Position><LatitudeDegrees>58.7080064107313</LatitudeDegrees><LongitudeDegrees>59.465771461110705</LongitudeDegrees></Position></Trackpoint><Trackpoint><Time>2026-06-27T17:44:22.000Z</Time><Position><LatitudeDegrees>58.70800676471872</LatitudeDegrees><LongitudeDegrees>59.46579367742189</LongitudeDegrees></Position></Trackpoint><Trackpoint><Time>2026-06-27T17:44:23.000Z</Time><Position><LatitudeDegrees>58.7080075345943</LatitudeDegrees><LongitudeDegrees>59.46581505840278</LongitudeDegrees></Position></Trackpoint><Trackpoint><Time>2026-06-27T17:44:24.000Z</Time><Position><LatitudeDegrees>58.70800788732352</LatitudeDegrees><LongitudeDegrees>59.46583628881399</LongitudeDegrees></Position></Trackpoint><Trackpoint><Time>2026-06-27T17:44:25.000Z</Time><Position><LatitudeDegrees>58.70800851259631</LatitudeDegrees><LongitudeDegrees>59.46585864920939</LongitudeDegrees></Position></Trackpoint><Trackpoint><Time>2026-06-27T17:44:26.000Z</Time><Position><LatitudeDegrees>58.70800916985881</LatitudeDegrees><LongitudeDegrees>59.465881542710775</LongitudeDegrees></Position></Trackpoint><Trackpoint><Time>2026-06-27T17:44:27.000Z</Time><Position><LatitudeDegrees>58.70801024554772</LatitudeDegrees><LongitudeDegrees>59.46590416546984</LongitudeDegrees></Position></Trackpoint><Trackpoint><Time>2026-06-27T17:44:28.000Z</Time><Position><LatitudeDegrees>58.70801184510614</LatitudeDegrees><LongitudeDegrees>59.465926221184404</LongitudeDegrees></Position></Trackpoint><Trackpoint><Time>2026-06-27T17:44:29.000Z</Time><Position><LatitudeDegrees>58.70801345511061</LatitudeDegrees><LongitudeDegrees>59.46594717099603</LongitudeDegrees></Position></Trackpoint><Trackpoint><Time>2026-06-27T17:44:30.000Z</Time><Position><LatitudeDegrees>58.708014862775464</LatitudeDegrees><LongitudeDegrees>59.465966934925824</LongitudeDegrees></Position></Trackpoint><Trackpoint><Time>2026-06-27T17:44:31.000Z</Time><Position><LatitudeDegrees>58.70801600643847</LatitudeDegrees><LongitudeDegrees>59.46598563224194</LongitudeDegrees></Position></Trackpoint><Trackpoint><Time>2026-06-27T17:44:32.000Z</Time><Position><LatitudeDegrees>58.70801640497867</LatitudeDegrees><LongitudeDegrees>59.46600393857185</LongitudeDegrees></Position></Trackpoint><Trackpoint><Time>2026-06-27T17:44:33.000Z</Time><Position><LatitudeDegrees>58.70801693511105</LatitudeDegrees><LongitudeDegrees>59.466023651175824</LongitudeDegrees></Position></Trackpoint><Trackpoint><Time>2026-06-27T17:44:34.000Z</Time><Position><LatitudeDegrees>58.70801843061702</LatitudeDegrees><LongitudeDegrees>59.46604435051119</LongitudeDegrees></Position></Trackpoint><Trackpoint><Time>2026-06-27T17:44:35.000Z</Time><Position><LatitudeDegrees>58.7080201317501</LatitudeDegrees><LongitudeDegrees>59.466065247540186</LongitudeDegrees></Position></Trackpoint><Trackpoint><Time>2026-06-27T17:44:36.000Z</Time><Position><LatitudeDegrees>58.70802169922942</LatitudeDegrees><LongitudeDegrees>59.46608599193707</LongitudeDegrees></Position></Trackpoint><Trackpoint><Time>2026-06-27T17:44:37.000Z</Time><Position><LatitudeDegrees>58.70802301048207</LatitudeDegrees><LongitudeDegrees>59.46610645901612</LongitudeDegrees></Position></Trackpoint><Trackpoint><Time>2026-06-27T17:44:38.000Z</Time><Position><LatitudeDegrees>58.70802355830413</LatitudeDegrees><LongitudeDegrees>59.466125653799686</LongitudeDegrees></Position></Trackpoint><Trackpoint><Time>2026-06-27T17:44:39.000Z</Time><Position><LatitudeDegrees>58.708023231797256</LatitudeDegrees><LongitudeDegrees>59.466143329819985</LongitudeDegrees></Position></Trackpoint><Trackpoint><Time>2026-06-27T17:44:40.000Z</Time><Position><LatitudeDegrees>58.708021607898</LatitudeDegrees><LongitudeDegrees>59.46615958050434</LongitudeDegrees></Position></Trackpoint><Trackpoint><Time>2026-06-27T17:44:41.000Z</Time><Position><LatitudeDegrees>58.70801867889306</LatitudeDegrees><LongitudeDegrees>59.46617315843709</LongitudeDegrees></Position></Trackpoint><Trackpoint><Time>2026-06-27T17:44:42.000Z</Time><Position><LatitudeDegrees>58.70801362989296</LatitudeDegrees><LongitudeDegrees>59.466184872155715</LongitudeDegrees></Position></Trackpoint><Trackpoint><Time>2026-06-27T17:44:43.000Z</Time><Position><LatitudeDegrees>58.70800688700782</LatitudeDegrees><LongitudeDegrees>59.46619431469075</LongitudeDegrees></Position></Trackpoint><Trackpoint><Time>2026-06-27T17:44:44.000Z</Time><Position><LatitudeDegrees>58.707998353520956</LatitudeDegrees><LongitudeDegrees>59.46620112033096</LongitudeDegrees></Position></Trackpoint><Trackpoint><Time>2026-06-27T17:44:45.000Z</Time><Position><LatitudeDegrees>58.707988219422234</LatitudeDegrees><LongitudeDegrees>59.46620596651631</LongitudeDegrees></Position></Trackpoint><Trackpoint><Time>2026-06-27T17:44:46.000Z</Time><Position><LatitudeDegrees>58.707977747613164</LatitudeDegrees><LongitudeDegrees>59.46620987334289</LongitudeDegrees></Position></Trackpoint><Trackpoint><Time>2026-06-27T17:44:47.000Z</Time><Position><LatitudeDegrees>58.707967011932695</LatitudeDegrees><LongitudeDegrees>59.4662124022643</LongitudeDegrees></Position></Trackpoint><Trackpoint><Time>2026-06-27T17:44:48.000Z</Time><Position><LatitudeDegrees>58.707956076657666</LatitudeDegrees><LongitudeDegrees>59.46621354952456</LongitudeDegrees></Position></Trackpoint><Trackpoint><Time>2026-06-27T17:44:49.000Z</Time><Position><LatitudeDegrees>58.70794499387708</LatitudeDegrees><LongitudeDegrees>59.466213980521566</LongitudeDegrees></Position></Trackpoint><Trackpoint><Time>2026-06-27T17:44:50.000Z</Time><Position><LatitudeDegrees>58.70793380397503</LatitudeDegrees><LongitudeDegrees>59.466213571609046</LongitudeDegrees></Position></Trackpoint><Trackpoint><Time>2026-06-27T17:44:51.000Z</Time><Position><LatitudeDegrees>58.70792253733193</LatitudeDegrees><LongitudeDegrees>59.46621237966646</LongitudeDegrees></Position></Trackpoint><Trackpoint><Time>2026-06-27T17:44:52.000Z</Time><Position><LatitudeDegrees>58.707911705919656</LatitudeDegrees><LongitudeDegrees>59.466211018230005</LongitudeDegrees></Position></Trackpoint><Trackpoint><Time>2026-06-27T17:44:53.000Z</Time><Position><LatitudeDegrees>58.707901464724074</LatitudeDegrees><LongitudeDegrees>59.466209761728635</LongitudeDegrees></Position></Trackpoint><Trackpoint><Time>2026-06-27T17:44:54.000Z</Time><Position><LatitudeDegrees>58.70789180182012</LatitudeDegrees><LongitudeDegrees>59.46620822010246</LongitudeDegrees></Position></Trackpoint><Trackpoint><Time>2026-06-27T17:44:55.000Z</Time><Position><LatitudeDegrees>58.70788214846318</LatitudeDegrees><LongitudeDegrees>59.466206758917764</LongitudeDegrees></Position></Trackpoint><Trackpoint><Time>2026-06-27T17:44:56.000Z</Time><Position><LatitudeDegrees>58.7078722691999</LatitudeDegrees><LongitudeDegrees>59.4662055184024</LongitudeDegrees></Position></Trackpoint><Trackpoint><Time>2026-06-27T17:44:57.000Z</Time><Position><LatitudeDegrees>58.707862096057504</LatitudeDegrees><LongitudeDegrees>59.46620501759491</LongitudeDegrees></Position></Trackpoint><Trackpoint><Time>2026-06-27T17:44:58.000Z</Time><Position><LatitudeDegrees>58.70785163876144</LatitudeDegrees><LongitudeDegrees>59.46620488570168</LongitudeDegrees></Position></Trackpoint><Trackpoint><Time>2026-06-27T17:44:59.000Z</Time><Position><LatitudeDegrees>58.70784142739831</LatitudeDegrees><LongitudeDegrees>59.466204433057314</LongitudeDegrees></Position></Trackpoint><Trackpoint><Time>2026-06-27T17:45:00.000Z</Time><Position><LatitudeDegrees>58.70783164871032</LatitudeDegrees><LongitudeDegrees>59.46620439602378</LongitudeDegrees></Position></Trackpoint><Trackpoint><Time>2026-06-27T17:45:01.000Z</Time><Position><LatitudeDegrees>58.707821834460326</LatitudeDegrees><LongitudeDegrees>59.466204534905835</LongitudeDegrees></Position></Trackpoint><Trackpoint><Time>2026-06-27T17:45:02.000Z</Time><Position><LatitudeDegrees>58.70781179637699</LatitudeDegrees><LongitudeDegrees>59.466205218021116</LongitudeDegrees></Position></Trackpoint><Trackpoint><Time>2026-06-27T17:45:03.000Z</Time><Position><LatitudeDegrees>58.707801975263166</LatitudeDegrees><LongitudeDegrees>59.466206037592976</LongitudeDegrees></Position></Trackpoint><Trackpoint><Time>2026-06-27T17:45:04.000Z</Time><Position><LatitudeDegrees>58.70779301441911</LatitudeDegrees><LongitudeDegrees>59.4662068081714</LongitudeDegrees></Position></Trackpoint><Trackpoint><Time>2026-06-27T17:45:05.000Z</Time><Position><LatitudeDegrees>58.70778457875235</LatitudeDegrees><LongitudeDegrees>59.46620843889136</LongitudeDegrees></Position></Trackpoint><Trackpoint><Time>2026-06-27T17:45:06.000Z</Time><Position><LatitudeDegrees>58.707775973244324</LatitudeDegrees><LongitudeDegrees>59.466209724935226</LongitudeDegrees></Position></Trackpoint><Trackpoint><Time>2026-06-27T17:45:07.000Z</Time><Position><LatitudeDegrees>58.70776644385145</LatitudeDegrees><LongitudeDegrees>59.46621021435758</LongitudeDegrees></Position></Trackpoint><Trackpoint><Time>2026-06-27T17:45:08.000Z</Time><Position><LatitudeDegrees>58.70775579861266</LatitudeDegrees><LongitudeDegrees>59.466209823277396</LongitudeDegrees></Position></Trackpoint><Trackpoint><Time>2026-06-27T17:45:09.000Z</Time><Position><LatitudeDegrees>58.707743612078495</LatitudeDegrees><LongitudeDegrees>59.466208630160835</LongitudeDegrees></Position></Trackpoint><Trackpoint><Time>2026-06-27T17:45:10.000Z</Time><Position><LatitudeDegrees>58.70773137568948</LatitudeDegrees><LongitudeDegrees>59.466205791041794</LongitudeDegrees></Position></Trackpoint><Trackpoint><Time>2026-06-27T17:45:11.000Z</Time><Position><LatitudeDegrees>58.707719710069334</LatitudeDegrees><LongitudeDegrees>59.466201169608816</LongitudeDegrees></Position></Trackpoint><Trackpoint><Time>2026-06-27T17:45:12.000Z</Time><Position><LatitudeDegrees>58.70770830794367</LatitudeDegrees><LongitudeDegrees>59.466195917702834</LongitudeDegrees></Position></Trackpoint><Trackpoint><Time>2026-06-27T17:45:13.000Z</Time><Position><LatitudeDegrees>58.707697008947534</LatitudeDegrees><LongitudeDegrees>59.46619108022122</LongitudeDegrees></Position></Trackpoint><Trackpoint><Time>2026-06-27T17:45:14.000Z</Time><Position><LatitudeDegrees>58.70768524419015</LatitudeDegrees><LongitudeDegrees>59.46618752390745</LongitudeDegrees></Position></Trackpoint><Trackpoint><Time>2026-06-27T17:45:15.000Z</Time><Position><LatitudeDegrees>58.707672839163074</LatitudeDegrees><LongitudeDegrees>59.46618446205818</LongitudeDegrees></Position></Trackpoint><Trackpoint><Time>2026-06-27T17:45:16.000Z</Time><Position><LatitudeDegrees>58.70766029378618</LatitudeDegrees><LongitudeDegrees>59.466182486440225</LongitudeDegrees></Position></Trackpoint><Trackpoint><Time>2026-06-27T17:45:17.000Z</Time><Position><LatitudeDegrees>58.70764783195681</LatitudeDegrees><LongitudeDegrees>59.4661807221255</LongitudeDegrees></Position></Trackpoint><Trackpoint><Time>2026-06-27T17:45:18.000Z</Time><Position><LatitudeDegrees>58.70763602477081</LatitudeDegrees><LongitudeDegrees>59.466179271279614</LongitudeDegrees></Position></Trackpoint><Trackpoint><Time>2026-06-27T17:45:19.000Z</Time><Position><LatitudeDegrees>58.70762453379136</LatitudeDegrees><LongitudeDegrees>59.46617813574453</LongitudeDegrees></Position></Trackpoint><Trackpoint><Time>2026-06-27T17:45:20.000Z</Time><Position><LatitudeDegrees>58.70761317905428</LatitudeDegrees><LongitudeDegrees>59.46617678619853</LongitudeDegrees></Position></Trackpoint><Trackpoint><Time>2026-06-27T17:45:21.000Z</Time><Position><LatitudeDegrees>58.70760137934718</LatitudeDegrees><LongitudeDegrees>59.46617552172789</LongitudeDegrees></Position></Trackpoint><Trackpoint><Time>2026-06-27T17:45:22.000Z</Time><Position><LatitudeDegrees>58.7075899316399</LatitudeDegrees><LongitudeDegrees>59.46617445458701</LongitudeDegrees></Position></Trackpoint><Trackpoint><Time>2026-06-27T17:45:23.000Z</Time><Position><LatitudeDegrees>58.707579118972546</LatitudeDegrees><LongitudeDegrees>59.466173605679025</LongitudeDegrees></Position></Trackpoint><Trackpoint><Time>2026-06-27T17:45:24.000Z</Time><Position><LatitudeDegrees>58.707568976404055</LatitudeDegrees><LongitudeDegrees>59.46617295560267</LongitudeDegrees></Position></Trackpoint><Trackpoint><Time>2026-06-27T17:45:25.000Z</Time><Position><LatitudeDegrees>58.70755943236669</LatitudeDegrees><LongitudeDegrees>59.466171981237515</LongitudeDegrees></Position></Trackpoint><Trackpoint><Time>2026-06-27T17:45:26.000Z</Time><Position><LatitudeDegrees>58.70755038056592</LatitudeDegrees><LongitudeDegrees>59.46617099837771</LongitudeDegrees></Position></Trackpoint><Trackpoint><Time>2026-06-27T17:45:27.000Z</Time><Position><LatitudeDegrees>58.707542203658896</LatitudeDegrees><LongitudeDegrees>59.466169158946855</LongitudeDegrees></Position></Trackpoint><Trackpoint><Time>2026-06-27T17:45:28.000Z</Time><Position><LatitudeDegrees>58.70753543655593</LatitudeDegrees><LongitudeDegrees>59.46616671322902</LongitudeDegrees></Position></Trackpoint><Trackpoint><Time>2026-06-27T17:45:29.000Z</Time><Position><LatitudeDegrees>58.70753011860471</LatitudeDegrees><LongitudeDegrees>59.466163842115556</LongitudeDegrees></Position></Trackpoint><Trackpoint><Time>2026-06-27T17:45:30.000Z</Time><Position><LatitudeDegrees>58.7075235923164</LatitudeDegrees><LongitudeDegrees>59.46615830142912</LongitudeDegrees></Position></Trackpoint><Trackpoint><Time>2026-06-27T17:45:31.000Z</Time><Position><LatitudeDegrees>58.707521891817365</LatitudeDegrees><LongitudeDegrees>59.466155650176994</LongitudeDegrees></Position></Trackpoint><Trackpoint><Time>2026-06-27T17:45:32.000Z</Time><Position><LatitudeDegrees>58.70752039890929</LatitudeDegrees><LongitudeDegrees>59.46615019745868</LongitudeDegrees></Position></Trackpoint><Trackpoint><Time>2026-06-27T17:45:33.000Z</Time><Position><LatitudeDegrees>58.707519183106584</LatitudeDegrees><LongitudeDegrees>59.46614331163008</LongitudeDegrees></Position></Trackpoint><Trackpoint><Time>2026-06-27T17:45:34.000Z</Time><Position><LatitudeDegrees>58.70751823747155</LatitudeDegrees><LongitudeDegrees>59.46613476094206</LongitudeDegrees></Position></Trackpoint><Trackpoint><Time>2026-06-27T17:45:35.000Z</Time><Position><LatitudeDegrees>58.70751801408201</LatitudeDegrees><LongitudeDegrees>59.46612466363481</LongitudeDegrees></Position></Trackpoint><Trackpoint><Time>2026-06-27T17:45:36.000Z</Time><Position><LatitudeDegrees>58.70751811680897</LatitudeDegrees><LongitudeDegrees>59.46611277729919</LongitudeDegrees></Position></Trackpoint><Trackpoint><Time>2026-06-27T17:45:37.000Z</Time><Position><LatitudeDegrees>58.70751883026734</LatitudeDegrees><LongitudeDegrees>59.466100210943345</LongitudeDegrees></Position></Trackpoint><Trackpoint><Time>2026-06-27T17:45:38.000Z</Time><Position><LatitudeDegrees>58.70751970367397</LatitudeDegrees><LongitudeDegrees>59.466087998184015</LongitudeDegrees></Position></Trackpoint><Trackpoint><Time>2026-06-27T17:45:39.000Z</Time><Position><LatitudeDegrees>58.70752053085221</LatitudeDegrees><LongitudeDegrees>59.46607700892607</LongitudeDegrees></Position></Trackpoint><Trackpoint><Time>2026-06-27T17:45:42.000Z</Time><Position><LatitudeDegrees>58.70752017273715</LatitudeDegrees><LongitudeDegrees>59.46606431085027</LongitudeDegrees></Position></Trackpoint><Trackpoint><Time>2026-06-27T17:45:43.000Z</Time><Position><LatitudeDegrees>58.70752002378611</LatitudeDegrees><LongitudeDegrees>59.466060274718004</LongitudeDegrees></Position></Trackpoint><Trackpoint><Time>2026-06-27T17:45:44.000Z</Time><Position><LatitudeDegrees>58.707518920005604</LatitudeDegrees><LongitudeDegrees>59.46605670074326</LongitudeDegrees></Position></Trackpoint><Trackpoint><Time>2026-06-27T17:45:45.000Z</Time><Position><LatitudeDegrees>58.70751503905603</LatitudeDegrees><LongitudeDegrees>59.466051278227674</LongitudeDegrees></Position></Trackpoint><Trackpoint><Time>2026-06-27T17:45:46.000Z</Time><Position><LatitudeDegrees>58.70751409487179</LatitudeDegrees><LongitudeDegrees>59.466049806345694</LongitudeDegrees></Position></Trackpoint><Trackpoint><Time>2026-06-27T17:45:47.000Z</Time><Position><LatitudeDegrees>58.70751293494429</LatitudeDegrees><LongitudeDegrees>59.46604814240385</LongitudeDegrees></Position></Trackpoint><Trackpoint><Time>2026-06-27T17:45:48.000Z</Time><Position><LatitudeDegrees>58.7075125648324</LatitudeDegrees><LongitudeDegrees>59.46604441933397</LongitudeDegrees></Position></Trackpoint><Trackpoint><Time>2026-06-27T17:45:49.000Z</Time><Position><LatitudeDegrees>58.70751123144306</LatitudeDegrees><LongitudeDegrees>59.466041139913074</LongitudeDegrees></Position></Trackpoint><Trackpoint><Time>2026-06-27T17:46:17.000Z</Time><Position><LatitudeDegrees>58.707520496562516</LatitudeDegrees><LongitudeDegrees>59.46603987173402</LongitudeDegrees></Position></Trackpoint><Trackpoint><Time>2026-06-27T17:46:18.000Z</Time><Position><LatitudeDegrees>58.7075319625976</LatitudeDegrees><LongitudeDegrees>59.46603478892698</LongitudeDegrees></Position></Trackpoint><Trackpoint><Time>2026-06-27T17:46:20.000Z</Time><Position><LatitudeDegrees>58.70754292291846</LatitudeDegrees><LongitudeDegrees>59.46603013807441</LongitudeDegrees></Position></Trackpoint><Trackpoint><Time>2026-06-27T17:46:21.000Z</Time><Position><LatitudeDegrees>58.70755504233873</LatitudeDegrees><LongitudeDegrees>59.46602466532681</LongitudeDegrees></Position></Trackpoint><Trackpoint><Time>2026-06-27T17:46:22.000Z</Time><Position><LatitudeDegrees>58.70755857694312</LatitudeDegrees><LongitudeDegrees>59.46602274995063</LongitudeDegrees></Position></Trackpoint><Trackpoint><Time>2026-06-27T17:46:23.000Z</Time><Position><LatitudeDegrees>58.7075608964829</LatitudeDegrees><LongitudeDegrees>59.466020459125474</LongitudeDegrees></Position></Trackpoint><Trackpoint><Time>2026-06-27T17:46:24.000Z</Time><Position><LatitudeDegrees>58.707562417909145</LatitudeDegrees><LongitudeDegrees>59.46601781809124</LongitudeDegrees></Position></Trackpoint><Trackpoint><Time>2026-06-27T17:46:25.000Z</Time><Position><LatitudeDegrees>58.70756149291992</LatitudeDegrees><LongitudeDegrees>59.46601104736328</LongitudeDegrees></Position></Trackpoint><Trackpoint><Time>2026-06-27T17:46:27.000Z</Time><Position><LatitudeDegrees>58.70756341537286</LatitudeDegrees><LongitudeDegrees>59.466015861412586</LongitudeDegrees></Position></Trackpoint><Trackpoint><Time>2026-06-27T17:46:28.000Z</Time><Position><LatitudeDegrees>58.70756455863899</LatitudeDegrees><LongitudeDegrees>59.466014437711124</LongitudeDegrees></Position></Trackpoint><Trackpoint><Time>2026-06-27T17:46:29.000Z</Time><Position><LatitudeDegrees>58.70756756025444</LatitudeDegrees><LongitudeDegrees>59.46601185644918</LongitudeDegrees></Position></Trackpoint><Trackpoint><Time>2026-06-27T17:46:30.000Z</Time><Position><LatitudeDegrees>58.707567541478944</LatitudeDegrees><LongitudeDegrees>59.46601127012144</LongitudeDegrees></Position></Trackpoint><Trackpoint><Time>2026-06-27T17:46:31.000Z</Time><Position><LatitudeDegrees>58.70756724703379</LatitudeDegrees><LongitudeDegrees>59.466010510450836</LongitudeDegrees></Position></Trackpoint><Trackpoint><Time>2026-06-27T17:47:08.000Z</Time><Position><LatitudeDegrees>58.707573385443965</LatitudeDegrees><LongitudeDegrees>59.46602983582218</LongitudeDegrees></Position></Trackpoint><Trackpoint><Time>2026-06-27T17:47:09.000Z</Time><Position><LatitudeDegrees>58.70757277457101</LatitudeDegrees><LongitudeDegrees>59.46603343984944</LongitudeDegrees></Position></Trackpoint><Trackpoint><Time>2026-06-27T17:47:10.000Z</Time><Position><LatitudeDegrees>58.707573033452796</LatitudeDegrees><LongitudeDegrees>59.46604771760616</LongitudeDegrees></Position></Trackpoint><Trackpoint><Time>2026-06-27T17:47:11.000Z</Time><Position><LatitudeDegrees>58.7075736173015</LatitudeDegrees><LongitudeDegrees>59.46606896512772</LongitudeDegrees></Position></Trackpoint><Trackpoint><Time>2026-06-27T17:47:12.000Z</Time><Position><LatitudeDegrees>58.70757328082508</LatitudeDegrees><LongitudeDegrees>59.466093783217964</LongitudeDegrees></Position></Trackpoint><Trackpoint><Time>2026-06-27T17:47:13.000Z</Time><Position><LatitudeDegrees>58.70757113968247</LatitudeDegrees><LongitudeDegrees>59.46611786564439</LongitudeDegrees></Position></Trackpoint><Trackpoint><Time>2026-06-27T17:47:14.000Z</Time><Position><LatitudeDegrees>58.70756755090932</LatitudeDegrees><LongitudeDegrees>59.4661395333782</LongitudeDegrees></Position></Trackpoint><Trackpoint><Time>2026-06-27T17:47:15.000Z</Time><Position><LatitudeDegrees>58.70756235773538</LatitudeDegrees><LongitudeDegrees>59.46615742564022</LongitudeDegrees></Position></Trackpoint><Trackpoint><Time>2026-06-27T17:47:16.000Z</Time><Position><LatitudeDegrees>58.70755472229861</LatitudeDegrees><LongitudeDegrees>59.4661709769817</LongitudeDegrees></Position></Trackpoint><Trackpoint><Time>2026-06-27T17:47:17.000Z</Time><Position><LatitudeDegrees>58.70754608183208</LatitudeDegrees><LongitudeDegrees>59.466180022071946</LongitudeDegrees></Position></Trackpoint><Trackpoint><Time>2026-06-27T17:47:18.000Z</Time><Position><LatitudeDegrees>58.707537157230334</LatitudeDegrees><LongitudeDegrees>59.46618507119278</LongitudeDegrees></Position></Trackpoint><Trackpoint><Time>2026-06-27T17:47:19.000Z</Time><Position><LatitudeDegrees>58.70752877146074</LatitudeDegrees><LongitudeDegrees>59.46618586815067</LongitudeDegrees></Position></Trackpoint><Trackpoint><Time>2026-06-27T17:47:20.000Z</Time><Position><LatitudeDegrees>58.70752070467979</LatitudeDegrees><LongitudeDegrees>59.46618334280586</LongitudeDegrees></Position></Trackpoint><Trackpoint><Time>2026-06-27T17:47:21.000Z</Time><Position><LatitudeDegrees>58.707514294238734</LatitudeDegrees><LongitudeDegrees>59.46617683568648</LongitudeDegrees></Position></Trackpoint><Trackpoint><Time>2026-06-27T17:47:22.000Z</Time><Position><LatitudeDegrees>58.70750987831472</LatitudeDegrees><LongitudeDegrees>59.466166586254765</LongitudeDegrees></Position></Trackpoint><Trackpoint><Time>2026-06-27T17:47:23.000Z</Time><Position><LatitudeDegrees>58.7075073401871</LatitudeDegrees><LongitudeDegrees>59.46615366305998</LongitudeDegrees></Position></Trackpoint><Trackpoint><Time>2026-06-27T17:47:24.000Z</Time><Position><LatitudeDegrees>58.707507859605975</LatitudeDegrees><LongitudeDegrees>59.46613884933979</LongitudeDegrees></Position></Trackpoint><Trackpoint><Time>2026-06-27T17:47:25.000Z</Time><Position><LatitudeDegrees>58.70751104038969</LatitudeDegrees><LongitudeDegrees>59.466122710303665</LongitudeDegrees></Position></Trackpoint><Trackpoint><Time>2026-06-27T17:47:26.000Z</Time><Position><LatitudeDegrees>58.70751539857404</LatitudeDegrees><LongitudeDegrees>59.466106628047235</LongitudeDegrees></Position></Trackpoint><Trackpoint><Time>2026-06-27T17:47:27.000Z</Time><Position><LatitudeDegrees>58.7075206615061</LatitudeDegrees><LongitudeDegrees>59.46609165408661</LongitudeDegrees></Position></Trackpoint><Trackpoint><Time>2026-06-27T17:47:28.000Z</Time><Position><LatitudeDegrees>58.707526111164704</LatitudeDegrees><LongitudeDegrees>59.46607856883371</LongitudeDegrees></Position></Trackpoint><Trackpoint><Time>2026-06-27T17:47:30.000Z</Time><Position><LatitudeDegrees>58.707531427878706</LatitudeDegrees><LongitudeDegrees>59.466067940886035</LongitudeDegrees></Position></Trackpoint><Trackpoint><Time>2026-06-27T17:47:31.000Z</Time><Position><LatitudeDegrees>58.70753946561896</LatitudeDegrees><LongitudeDegrees>59.46605849150422</LongitudeDegrees></Position></Trackpoint><Trackpoint><Time>2026-06-27T17:47:32.000Z</Time><Position><LatitudeDegrees>58.70754165521908</LatitudeDegrees><LongitudeDegrees>59.466054604171575</LongitudeDegrees></Position></Trackpoint><Trackpoint><Time>2026-06-27T17:47:33.000Z</Time><Position><LatitudeDegrees>58.7075451031083</LatitudeDegrees><LongitudeDegrees>59.46605181928353</LongitudeDegrees></Position></Trackpoint><Trackpoint><Time>2026-06-27T17:47:34.000Z</Time><Position><LatitudeDegrees>58.70754911628219</LatitudeDegrees><LongitudeDegrees>59.466049356244476</LongitudeDegrees></Position></Trackpoint><Trackpoint><Time>2026-06-27T17:47:35.000Z</Time><Position><LatitudeDegrees>58.707553336784976</LatitudeDegrees><LongitudeDegrees>59.46604636265967</LongitudeDegrees></Position></Trackpoint><Trackpoint><Time>2026-06-27T17:47:36.000Z</Time><Position><LatitudeDegrees>58.707557100977574</LatitudeDegrees><LongitudeDegrees>59.466043045189885</LongitudeDegrees></Position></Trackpoint><Trackpoint><Time>2026-06-27T17:47:37.000Z</Time><Position><LatitudeDegrees>58.70755970450738</LatitudeDegrees><LongitudeDegrees>59.46604002012569</LongitudeDegrees></Position></Trackpoint><Trackpoint><Time>2026-06-27T17:47:39.000Z</Time><Position><LatitudeDegrees>58.70756149291992</LatitudeDegrees><LongitudeDegrees>59.46603012084961</LongitudeDegrees></Position></Trackpoint></Track></Lap></Activity></Activities></TrainingCenterDatabase>