<?xml version='1.0' encoding='UTF-8' standalone='yes' ?><TrainingCenterDatabase creator="Mi Fitness" version="1.0" xmlns="http://www.garmin.com/xmlschemas/TrainingCenterDatabase/v2" xmlns:xsi="http://www.w3.org/2001/XMLSchema-instance" xsi:schemaLocation="http://www.garmin.com/xmlschemas/TrainingCenterDatabase/v2 http://www.garmin.com/xmlschemas/TrainingCenterDatabasev2.xsd"><Activities><Activity Sport=""><Id>2026-06-14T11:29:13.000Z</Id><Calories>182</Calories><Lap><TotalTimeSeconds>1051</TotalTimeSeconds><DistanceMeters>1405</DistanceMeters><Calories>127</Calories><HeartRateBpm>126</HeartRateBpm><AverageSpeed>4.812559</AverageSpeed><Steps>1786</Steps><Track><Trackpoint><Time>2026-06-14T11:29:12.000Z</Time><Position><LatitudeDegrees>56.84150314331055</LatitudeDegrees><LongitudeDegrees>60.6782341003418</LongitudeDegrees></Position></Trackpoint><Trackpoint><Time>2026-06-14T11:29:13.000Z</Time><Position><LatitudeDegrees>56.8415063072224</LatitudeDegrees><LongitudeDegrees>60.678215116870646</LongitudeDegrees></Position></Trackpoint><Trackpoint><Time>2026-06-14T11:29:14.000Z</Time><Position><LatitudeDegrees>56.841507621113145</LatitudeDegrees><LongitudeDegrees>60.67820723352621</LongitudeDegrees></Position></Trackpoint><Trackpoint><Time>2026-06-14T11:29:15.000Z</Time><Position><LatitudeDegrees>56.84150914236941</LatitudeDegrees><LongitudeDegrees>60.67819878115199</LongitudeDegrees></Position></Trackpoint><Trackpoint><Time>2026-06-14T11:29:16.000Z</Time><Position><LatitudeDegrees>56.84151043602839</LatitudeDegrees><LongitudeDegrees>60.67818890175725</LongitudeDegrees></Position></Trackpoint><Trackpoint><Time>2026-06-14T11:29:17.000Z</Time><Position><LatitudeDegrees>56.84151096657893</LatitudeDegrees><LongitudeDegrees>60.67817891171317</LongitudeDegrees></Position></Trackpoint><Trackpoint><Time>2026-06-14T11:29:18.000Z</Time><Position><LatitudeDegrees>56.841512153168935</LatitudeDegrees><LongitudeDegrees>60.678168674916016</LongitudeDegrees></Position></Trackpoint><Trackpoint><Time>2026-06-14T11:29:19.000Z</Time><Position><LatitudeDegrees>56.84151344382009</LatitudeDegrees><LongitudeDegrees>60.67815718604453</LongitudeDegrees></Position></Trackpoint><Trackpoint><Time>2026-06-14T11:29:20.000Z</Time><Position><LatitudeDegrees>56.84151510228558</LatitudeDegrees><LongitudeDegrees>60.67814371785561</LongitudeDegrees></Position></Trackpoint><Trackpoint><Time>2026-06-14T11:29:21.000Z</Time><Position><LatitudeDegrees>56.84151767885456</LatitudeDegrees><LongitudeDegrees>60.67812822769735</LongitudeDegrees></Position></Trackpoint><Trackpoint><Time>2026-06-14T11:29:22.000Z</Time><Position><LatitudeDegrees>56.84152030149289</LatitudeDegrees><LongitudeDegrees>60.67811046630779</LongitudeDegrees></Position></Trackpoint><Trackpoint><Time>2026-06-14T11:29:23.000Z</Time><Position><LatitudeDegrees>56.84152358595968</LatitudeDegrees><LongitudeDegrees>60.678092091545444</LongitudeDegrees></Position></Trackpoint><Trackpoint><Time>2026-06-14T11:29:24.000Z</Time><Position><LatitudeDegrees>56.8415277006022</LatitudeDegrees><LongitudeDegrees>60.67807386401365</LongitudeDegrees></Position></Trackpoint><Trackpoint><Time>2026-06-14T11:29:25.000Z</Time><Position><LatitudeDegrees>56.84153260821352</LatitudeDegrees><LongitudeDegrees>60.678056078033045</LongitudeDegrees></Position></Trackpoint><Trackpoint><Time>2026-06-14T11:29:26.000Z</Time><Position><LatitudeDegrees>56.84153770209875</LatitudeDegrees><LongitudeDegrees>60.67803977743828</LongitudeDegrees></Position></Trackpoint><Trackpoint><Time>2026-06-14T11:29:27.000Z</Time><Position><LatitudeDegrees>56.84154270851705</LatitudeDegrees><LongitudeDegrees>60.678024711860424</LongitudeDegrees></Position></Trackpoint><Trackpoint><Time>2026-06-14T11:29:28.000Z</Time><Position><LatitudeDegrees>56.841548505184775</LatitudeDegrees><LongitudeDegrees>60.67800964047728</LongitudeDegrees></Position></Trackpoint><Trackpoint><Time>2026-06-14T11:29:29.000Z</Time><Position><LatitudeDegrees>56.841554862530316</LatitudeDegrees><LongitudeDegrees>60.677994542647205</LongitudeDegrees></Position></Trackpoint><Trackpoint><Time>2026-06-14T11:29:30.000Z</Time><Position><LatitudeDegrees>56.84156112443625</LatitudeDegrees><LongitudeDegrees>60.67797941326541</LongitudeDegrees></Position></Trackpoint><Trackpoint><Time>2026-06-14T11:29:31.000Z</Time><Position><LatitudeDegrees>56.841567522552346</LatitudeDegrees><LongitudeDegrees>60.677963764669144</LongitudeDegrees></Position></Trackpoint><Trackpoint><Time>2026-06-14T11:29:32.000Z</Time><Position><LatitudeDegrees>56.841573645186465</LatitudeDegrees><LongitudeDegrees>60.67794795227411</LongitudeDegrees></Position></Trackpoint><Trackpoint><Time>2026-06-14T11:29:33.000Z</Time><Position><LatitudeDegrees>56.84158033736904</LatitudeDegrees><LongitudeDegrees>60.677932633086336</LongitudeDegrees></Position></Trackpoint><Trackpoint><Time>2026-06-14T11:29:34.000Z</Time><Position><LatitudeDegrees>56.841586894789764</LatitudeDegrees><LongitudeDegrees>60.677918014380424</LongitudeDegrees></Position></Trackpoint><Trackpoint><Time>2026-06-14T11:29:35.000Z</Time><Position><LatitudeDegrees>56.84159402390791</LatitudeDegrees><LongitudeDegrees>60.67790360200257</LongitudeDegrees></Position></Trackpoint><Trackpoint><Time>2026-06-14T11:29:36.000Z</Time><Position><LatitudeDegrees>56.84160243190107</LatitudeDegrees><LongitudeDegrees>60.67788965557251</LongitudeDegrees></Position></Trackpoint><Trackpoint><Time>2026-06-14T11:29:37.000Z</Time><Position><LatitudeDegrees>56.84161175625628</LatitudeDegrees><LongitudeDegrees>60.677875732595986</LongitudeDegrees></Position></Trackpoint><Trackpoint><Time>2026-06-14T11:29:38.000Z</Time><Position><LatitudeDegrees>56.841621240454295</LatitudeDegrees><LongitudeDegrees>60.6778616478289</LongitudeDegrees></Position></Trackpoint><Trackpoint><Time>2026-06-14T11:29:39.000Z</Time><Position><LatitudeDegrees>56.841631042030315</LatitudeDegrees><LongitudeDegrees>60.67784734574712</LongitudeDegrees></Position></Trackpoint><Trackpoint><Time>2026-06-14T11:29:40.000Z</Time><Position><LatitudeDegrees>56.84164069551697</LatitudeDegrees><LongitudeDegrees>60.67783185215473</LongitudeDegrees></Position></Trackpoint><Trackpoint><Time>2026-06-14T11:29:41.000Z</Time><Position><LatitudeDegrees>56.84165002822633</LatitudeDegrees><LongitudeDegrees>60.677815408384575</LongitudeDegrees></Position></Trackpoint><Trackpoint><Time>2026-06-14T11:29:42.000Z</Time><Position><LatitudeDegrees>56.84165754137916</LatitudeDegrees><LongitudeDegrees>60.67779872539006</LongitudeDegrees></Position></Trackpoint><Trackpoint><Time>2026-06-14T11:29:43.000Z</Time><Position><LatitudeDegrees>56.84166383048677</LatitudeDegrees><LongitudeDegrees>60.67778114744835</LongitudeDegrees></Position></Trackpoint><Trackpoint><Time>2026-06-14T11:29:44.000Z</Time><Position><LatitudeDegrees>56.841668808294294</LatitudeDegrees><LongitudeDegrees>60.67776251937603</LongitudeDegrees></Position></Trackpoint><Trackpoint><Time>2026-06-14T11:29:45.000Z</Time><Position><LatitudeDegrees>56.84167211756004</LatitudeDegrees><LongitudeDegrees>60.6777434016567</LongitudeDegrees></Position></Trackpoint><Trackpoint><Time>2026-06-14T11:29:46.000Z</Time><Position><LatitudeDegrees>56.841674314925385</LatitudeDegrees><LongitudeDegrees>60.677723598351015</LongitudeDegrees></Position></Trackpoint><Trackpoint><Time>2026-06-14T11:29:47.000Z</Time><Position><LatitudeDegrees>56.84167626195517</LatitudeDegrees><LongitudeDegrees>60.67770360636922</LongitudeDegrees></Position></Trackpoint><Trackpoint><Time>2026-06-14T11:29:48.000Z</Time><Position><LatitudeDegrees>56.84167834560073</LatitudeDegrees><LongitudeDegrees>60.6776831649612</LongitudeDegrees></Position></Trackpoint><Trackpoint><Time>2026-06-14T11:29:49.000Z</Time><Position><LatitudeDegrees>56.84168070768707</LatitudeDegrees><LongitudeDegrees>60.67766271403515</LongitudeDegrees></Position></Trackpoint><Trackpoint><Time>2026-06-14T11:29:50.000Z</Time><Position><LatitudeDegrees>56.841682881274416</LatitudeDegrees><LongitudeDegrees>60.677642925592174</LongitudeDegrees></Position></Trackpoint><Trackpoint><Time>2026-06-14T11:29:51.000Z</Time><Position><LatitudeDegrees>56.84168469825494</LatitudeDegrees><LongitudeDegrees>60.67762350174543</LongitudeDegrees></Position></Trackpoint><Trackpoint><Time>2026-06-14T11:29:52.000Z</Time><Position><LatitudeDegrees>56.841686135166185</LatitudeDegrees><LongitudeDegrees>60.677604762630416</LongitudeDegrees></Position></Trackpoint><Trackpoint><Time>2026-06-14T11:29:53.000Z</Time><Position><LatitudeDegrees>56.84168674151622</LatitudeDegrees><LongitudeDegrees>60.677585772984095</LongitudeDegrees></Position></Trackpoint><Trackpoint><Time>2026-06-14T11:29:54.000Z</Time><Position><LatitudeDegrees>56.84168741759997</LatitudeDegrees><LongitudeDegrees>60.67756666939989</LongitudeDegrees></Position></Trackpoint><Trackpoint><Time>2026-06-14T11:29:55.000Z</Time><Position><LatitudeDegrees>56.84168803562806</LatitudeDegrees><LongitudeDegrees>60.677547033144656</LongitudeDegrees></Position></Trackpoint><Trackpoint><Time>2026-06-14T11:29:56.000Z</Time><Position><LatitudeDegrees>56.84168855042392</LatitudeDegrees><LongitudeDegrees>60.67752627052703</LongitudeDegrees></Position></Trackpoint><Trackpoint><Time>2026-06-14T11:29:57.000Z</Time><Position><LatitudeDegrees>56.84168895663204</LatitudeDegrees><LongitudeDegrees>60.67750526083326</LongitudeDegrees></Position></Trackpoint><Trackpoint><Time>2026-06-14T11:29:58.000Z</Time><Position><LatitudeDegrees>56.84168926598391</LatitudeDegrees><LongitudeDegrees>60.67748390828396</LongitudeDegrees></Position></Trackpoint><Trackpoint><Time>2026-06-14T11:29:59.000Z</Time><Position><LatitudeDegrees>56.8416894957423</LatitudeDegrees><LongitudeDegrees>60.67746221743899</LongitudeDegrees></Position></Trackpoint><Trackpoint><Time>2026-06-14T11:30:00.000Z</Time><Position><LatitudeDegrees>56.8416896632323</LatitudeDegrees><LongitudeDegrees>60.67744121281722</LongitudeDegrees></Position></Trackpoint><Trackpoint><Time>2026-06-14T11:30:01.000Z</Time><Position><LatitudeDegrees>56.84168978358101</LatitudeDegrees><LongitudeDegrees>60.67742122827398</LongitudeDegrees></Position></Trackpoint><Trackpoint><Time>2026-06-14T11:30:02.000Z</Time><Position><LatitudeDegrees>56.841689869068794</LatitudeDegrees><LongitudeDegrees>60.67740129115524</LongitudeDegrees></Position></Trackpoint><Trackpoint><Time>2026-06-14T11:30:03.000Z</Time><Position><LatitudeDegrees>56.84169041883808</LatitudeDegrees><LongitudeDegrees>60.67738197402404</LongitudeDegrees></Position></Trackpoint><Trackpoint><Time>2026-06-14T11:30:04.000Z</Time><Position><LatitudeDegrees>56.84169108925191</LatitudeDegrees><LongitudeDegrees>60.677362943495815</LongitudeDegrees></Position></Trackpoint><Trackpoint><Time>2026-06-14T11:30:05.000Z</Time><Position><LatitudeDegrees>56.841692212915206</LatitudeDegrees><LongitudeDegrees>60.67734402548666</LongitudeDegrees></Position></Trackpoint><Trackpoint><Time>2026-06-14T11:30:06.000Z</Time><Position><LatitudeDegrees>56.841694358242506</LatitudeDegrees><LongitudeDegrees>60.677324644250724</LongitudeDegrees></Position></Trackpoint><Trackpoint><Time>2026-06-14T11:30:07.000Z</Time><Position><LatitudeDegrees>56.84169713858621</LatitudeDegrees><LongitudeDegrees>60.677305601352366</LongitudeDegrees></Position></Trackpoint><Trackpoint><Time>2026-06-14T11:30:08.000Z</Time><Position><LatitudeDegrees>56.84170080281919</LatitudeDegrees><LongitudeDegrees>60.67728669386679</LongitudeDegrees></Position></Trackpoint><Trackpoint><Time>2026-06-14T11:30:09.000Z</Time><Position><LatitudeDegrees>56.8417048503791</LatitudeDegrees><LongitudeDegrees>60.677267820842765</LongitudeDegrees></Position></Trackpoint><Trackpoint><Time>2026-06-14T11:30:10.000Z</Time><Position><LatitudeDegrees>56.84170951552888</LatitudeDegrees><LongitudeDegrees>60.67724942589275</LongitudeDegrees></Position></Trackpoint><Trackpoint><Time>2026-06-14T11:30:11.000Z</Time><Position><LatitudeDegrees>56.84171383625785</LatitudeDegrees><LongitudeDegrees>60.67723163035105</LongitudeDegrees></Position></Trackpoint><Trackpoint><Time>2026-06-14T11:30:12.000Z</Time><Position><LatitudeDegrees>56.84171746058383</LatitudeDegrees><LongitudeDegrees>60.677214407254056</LongitudeDegrees></Position></Trackpoint><Trackpoint><Time>2026-06-14T11:30:13.000Z</Time><Position><LatitudeDegrees>56.841720332931075</LatitudeDegrees><LongitudeDegrees>60.677196692803584</LongitudeDegrees></Position></Trackpoint><Trackpoint><Time>2026-06-14T11:30:14.000Z</Time><Position><LatitudeDegrees>56.8417230165376</LatitudeDegrees><LongitudeDegrees>60.67717762234594</LongitudeDegrees></Position></Trackpoint><Trackpoint><Time>2026-06-14T11:30:15.000Z</Time><Position><LatitudeDegrees>56.84172576758819</LatitudeDegrees><LongitudeDegrees>60.67715750343997</LongitudeDegrees></Position></Trackpoint><Trackpoint><Time>2026-06-14T11:30:16.000Z</Time><Position><LatitudeDegrees>56.84172917254255</LatitudeDegrees><LongitudeDegrees>60.67713610770481</LongitudeDegrees></Position></Trackpoint><Trackpoint><Time>2026-06-14T11:30:17.000Z</Time><Position><LatitudeDegrees>56.84173289938617</LatitudeDegrees><LongitudeDegrees>60.67711301535408</LongitudeDegrees></Position></Trackpoint><Trackpoint><Time>2026-06-14T11:30:18.000Z</Time><Position><LatitudeDegrees>56.84173628045979</LatitudeDegrees><LongitudeDegrees>60.67708974009564</LongitudeDegrees></Position></Trackpoint><Trackpoint><Time>2026-06-14T11:30:19.000Z</Time><Position><LatitudeDegrees>56.84173908517811</LatitudeDegrees><LongitudeDegrees>60.67706594957956</LongitudeDegrees></Position></Trackpoint><Trackpoint><Time>2026-06-14T11:30:20.000Z</Time><Position><LatitudeDegrees>56.84174178216337</LatitudeDegrees><LongitudeDegrees>60.67704304189744</LongitudeDegrees></Position></Trackpoint><Trackpoint><Time>2026-06-14T11:30:21.000Z</Time><Position><LatitudeDegrees>56.84174359901596</LatitudeDegrees><LongitudeDegrees>60.67702147951964</LongitudeDegrees></Position></Trackpoint><Trackpoint><Time>2026-06-14T11:30:22.000Z</Time><Position><LatitudeDegrees>56.84174433059968</LatitudeDegrees><LongitudeDegrees>60.67700128023908</LongitudeDegrees></Position></Trackpoint><Trackpoint><Time>2026-06-14T11:30:23.000Z</Time><Position><LatitudeDegrees>56.84174452133582</LatitudeDegrees><LongitudeDegrees>60.676981297210794</LongitudeDegrees></Position></Trackpoint><Trackpoint><Time>2026-06-14T11:30:24.000Z</Time><Position><LatitudeDegrees>56.84174495446281</LatitudeDegrees><LongitudeDegrees>60.676961519980736</LongitudeDegrees></Position></Trackpoint><Trackpoint><Time>2026-06-14T11:30:25.000Z</Time><Position><LatitudeDegrees>56.84174494221263</LatitudeDegrees><LongitudeDegrees>60.67694093860845</LongitudeDegrees></Position></Trackpoint><Trackpoint><Time>2026-06-14T11:30:26.000Z</Time><Position><LatitudeDegrees>56.84174474811357</LatitudeDegrees><LongitudeDegrees>60.67691972998785</LongitudeDegrees></Position></Trackpoint><Trackpoint><Time>2026-06-14T11:30:27.000Z</Time><Position><LatitudeDegrees>56.841744014424776</LatitudeDegrees><LongitudeDegrees>60.67689364098054</LongitudeDegrees></Position></Trackpoint><Trackpoint><Time>2026-06-14T11:30:28.000Z</Time><Position><LatitudeDegrees>56.84174266307217</LatitudeDegrees><LongitudeDegrees>60.67686595288811</LongitudeDegrees></Position></Trackpoint><Trackpoint><Time>2026-06-14T11:30:30.000Z</Time><Position><LatitudeDegrees>56.84174074117844</LatitudeDegrees><LongitudeDegrees>60.67683871191075</LongitudeDegrees></Position></Trackpoint><Trackpoint><Time>2026-06-14T11:30:31.000Z</Time><Position><LatitudeDegrees>56.84173883098901</LatitudeDegrees><LongitudeDegrees>60.67681221374478</LongitudeDegrees></Position></Trackpoint><Trackpoint><Time>2026-06-14T11:30:32.000Z</Time><Position><LatitudeDegrees>56.841737660400334</LatitudeDegrees><LongitudeDegrees>60.67678648482909</LongitudeDegrees></Position></Trackpoint><Trackpoint><Time>2026-06-14T11:30:33.000Z</Time><Position><LatitudeDegrees>56.8417369446472</LatitudeDegrees><LongitudeDegrees>60.67676192693059</LongitudeDegrees></Position></Trackpoint><Trackpoint><Time>2026-06-14T11:30:34.000Z</Time><Position><LatitudeDegrees>56.841736508076345</LatitudeDegrees><LongitudeDegrees>60.6767380656014</LongitudeDegrees></Position></Trackpoint><Trackpoint><Time>2026-06-14T11:30:35.000Z</Time><Position><LatitudeDegrees>56.84173575290465</LatitudeDegrees><LongitudeDegrees>60.67671412643383</LongitudeDegrees></Position></Trackpoint><Trackpoint><Time>2026-06-14T11:30:36.000Z</Time><Position><LatitudeDegrees>56.84173496344764</LatitudeDegrees><LongitudeDegrees>60.67669029010202</LongitudeDegrees></Position></Trackpoint><Trackpoint><Time>2026-06-14T11:30:37.000Z</Time><Position><LatitudeDegrees>56.841733771585794</LatitudeDegrees><LongitudeDegrees>60.676667107425416</LongitudeDegrees></Position></Trackpoint><Trackpoint><Time>2026-06-14T11:30:38.000Z</Time><Position><LatitudeDegrees>56.84173256697388</LatitudeDegrees><LongitudeDegrees>60.67664374213293</LongitudeDegrees></Position></Trackpoint><Trackpoint><Time>2026-06-14T11:30:39.000Z</Time><Position><LatitudeDegrees>56.841730532499945</LatitudeDegrees><LongitudeDegrees>60.67662036286934</LongitudeDegrees></Position></Trackpoint><Trackpoint><Time>2026-06-14T11:30:40.000Z</Time><Position><LatitudeDegrees>56.8417284173828</LatitudeDegrees><LongitudeDegrees>60.67659655127074</LongitudeDegrees></Position></Trackpoint><Trackpoint><Time>2026-06-14T11:30:41.000Z</Time><Position><LatitudeDegrees>56.841726050915554</LatitudeDegrees><LongitudeDegrees>60.676573169751705</LongitudeDegrees></Position></Trackpoint><Trackpoint><Time>2026-06-14T11:30:42.000Z</Time><Position><LatitudeDegrees>56.84172388466645</LatitudeDegrees><LongitudeDegrees>60.67655051828325</LongitudeDegrees></Position></Trackpoint><Trackpoint><Time>2026-06-14T11:30:43.000Z</Time><Position><LatitudeDegrees>56.841721589298025</LatitudeDegrees><LongitudeDegrees>60.67652813709194</LongitudeDegrees></Position></Trackpoint><Trackpoint><Time>2026-06-14T11:30:44.000Z</Time><Position><LatitudeDegrees>56.8417190457504</LatitudeDegrees><LongitudeDegrees>60.67650482291684</LongitudeDegrees></Position></Trackpoint><Trackpoint><Time>2026-06-14T11:30:45.000Z</Time><Position><LatitudeDegrees>56.84171672645479</LatitudeDegrees><LongitudeDegrees>60.67648068957265</LongitudeDegrees></Position></Trackpoint><Trackpoint><Time>2026-06-14T11:30:46.000Z</Time><Position><LatitudeDegrees>56.8417143075811</LatitudeDegrees><LongitudeDegrees>60.676456378681785</LongitudeDegrees></Position></Trackpoint><Trackpoint><Time>2026-06-14T11:30:47.000Z</Time><Position><LatitudeDegrees>56.84171264776723</LatitudeDegrees><LongitudeDegrees>60.676433156494845</LongitudeDegrees></Position></Trackpoint><Trackpoint><Time>2026-06-14T11:30:48.000Z</Time><Position><LatitudeDegrees>56.84171151359411</LatitudeDegrees><LongitudeDegrees>60.676410915151926</LongitudeDegrees></Position></Trackpoint><Trackpoint><Time>2026-06-14T11:30:49.000Z</Time><Position><LatitudeDegrees>56.8417112310774</LatitudeDegrees><LongitudeDegrees>60.676388994732264</LongitudeDegrees></Position></Trackpoint><Trackpoint><Time>2026-06-14T11:30:50.000Z</Time><Position><LatitudeDegrees>56.84171035634055</LatitudeDegrees><LongitudeDegrees>60.67636659265785</LongitudeDegrees></Position></Trackpoint><Trackpoint><Time>2026-06-14T11:30:51.000Z</Time><Position><LatitudeDegrees>56.84170934997885</LatitudeDegrees><LongitudeDegrees>60.676344419441186</LongitudeDegrees></Position></Trackpoint><Trackpoint><Time>2026-06-14T11:30:52.000Z</Time><Position><LatitudeDegrees>56.84170890818527</LatitudeDegrees><LongitudeDegrees>60.676322738321474</LongitudeDegrees></Position></Trackpoint><Trackpoint><Time>2026-06-14T11:30:53.000Z</Time><Position><LatitudeDegrees>56.8417087556032</LatitudeDegrees><LongitudeDegrees>60.67630061532825</LongitudeDegrees></Position></Trackpoint><Trackpoint><Time>2026-06-14T11:30:54.000Z</Time><Position><LatitudeDegrees>56.841709720933</LatitudeDegrees><LongitudeDegrees>60.67627723292452</LongitudeDegrees></Position></Trackpoint><Trackpoint><Time>2026-06-14T11:30:55.000Z</Time><Position><LatitudeDegrees>56.84171151236817</LatitudeDegrees><LongitudeDegrees>60.67625339528595</LongitudeDegrees></Position></Trackpoint><Trackpoint><Time>2026-06-14T11:30:56.000Z</Time><Position><LatitudeDegrees>56.84171439331434</LatitudeDegrees><LongitudeDegrees>60.67622900241698</LongitudeDegrees></Position></Trackpoint><Trackpoint><Time>2026-06-14T11:30:57.000Z</Time><Position><LatitudeDegrees>56.841716863581766</LatitudeDegrees><LongitudeDegrees>60.676203594788475</LongitudeDegrees></Position></Trackpoint><Trackpoint><Time>2026-06-14T11:30:58.000Z</Time><Position><LatitudeDegrees>56.84171933727353</LatitudeDegrees><LongitudeDegrees>60.676177113393855</LongitudeDegrees></Position></Trackpoint><Trackpoint><Time>2026-06-14T11:30:59.000Z</Time><Position><LatitudeDegrees>56.84172149488096</LatitudeDegrees><LongitudeDegrees>60.67615065096973</LongitudeDegrees></Position></Trackpoint><Trackpoint><Time>2026-06-14T11:31:00.000Z</Time><Position><LatitudeDegrees>56.841723245388664</LatitudeDegrees><LongitudeDegrees>60.676125144717275</LongitudeDegrees></Position></Trackpoint><Trackpoint><Time>2026-06-14T11:31:01.000Z</Time><Position><LatitudeDegrees>56.84172362434288</LatitudeDegrees><LongitudeDegrees>60.676100368273374</LongitudeDegrees></Position></Trackpoint><Trackpoint><Time>2026-06-14T11:31:02.000Z</Time><Position><LatitudeDegrees>56.841722900196814</LatitudeDegrees><LongitudeDegrees>60.67607613474432</LongitudeDegrees></Position></Trackpoint><Trackpoint><Time>2026-06-14T11:31:03.000Z</Time><Position><LatitudeDegrees>56.8417213250897</LatitudeDegrees><LongitudeDegrees>60.676052787089375</LongitudeDegrees></Position></Trackpoint><Trackpoint><Time>2026-06-14T11:31:04.000Z</Time><Position><LatitudeDegrees>56.84171960169106</LatitudeDegrees><LongitudeDegrees>60.676030352850006</LongitudeDegrees></Position></Trackpoint><Trackpoint><Time>2026-06-14T11:31:05.000Z</Time><Position><LatitudeDegrees>56.84171852802725</LatitudeDegrees><LongitudeDegrees>60.67600823652258</LongitudeDegrees></Position></Trackpoint><Trackpoint><Time>2026-06-14T11:31:06.000Z</Time><Position><LatitudeDegrees>56.84171834935965</LatitudeDegrees><LongitudeDegrees>60.67598615205531</LongitudeDegrees></Position></Trackpoint><Trackpoint><Time>2026-06-14T11:31:07.000Z</Time><Position><LatitudeDegrees>56.841719541434294</LatitudeDegrees><LongitudeDegrees>60.67596446716397</LongitudeDegrees></Position></Trackpoint><Trackpoint><Time>2026-06-14T11:31:08.000Z</Time><Position><LatitudeDegrees>56.841721145025325</LatitudeDegrees><LongitudeDegrees>60.675942302779966</LongitudeDegrees></Position></Trackpoint><Trackpoint><Time>2026-06-14T11:31:09.000Z</Time><Position><LatitudeDegrees>56.84172271227405</LatitudeDegrees><LongitudeDegrees>60.67591886880507</LongitudeDegrees></Position></Trackpoint><Trackpoint><Time>2026-06-14T11:31:10.000Z</Time><Position><LatitudeDegrees>56.84172504262303</LatitudeDegrees><LongitudeDegrees>60.675895471632415</LongitudeDegrees></Position></Trackpoint><Trackpoint><Time>2026-06-14T11:31:11.000Z</Time><Position><LatitudeDegrees>56.84172787775601</LatitudeDegrees><LongitudeDegrees>60.67587215494412</LongitudeDegrees></Position></Trackpoint><Trackpoint><Time>2026-06-14T11:31:12.000Z</Time><Position><LatitudeDegrees>56.84173006728022</LatitudeDegrees><LongitudeDegrees>60.67584941601053</LongitudeDegrees></Position></Trackpoint><Trackpoint><Time>2026-06-14T11:31:13.000Z</Time><Position><LatitudeDegrees>56.84173073067785</LatitudeDegrees><LongitudeDegrees>60.67582689585957</LongitudeDegrees></Position></Trackpoint><Trackpoint><Time>2026-06-14T11:31:14.000Z</Time><Position><LatitudeDegrees>56.841730190808974</LatitudeDegrees><LongitudeDegrees>60.67580441857417</LongitudeDegrees></Position></Trackpoint><Trackpoint><Time>2026-06-14T11:31:15.000Z</Time><Position><LatitudeDegrees>56.841728735075556</LatitudeDegrees><LongitudeDegrees>60.67578092698283</LongitudeDegrees></Position></Trackpoint><Trackpoint><Time>2026-06-14T11:31:16.000Z</Time><Position><LatitudeDegrees>56.841728068220995</LatitudeDegrees><LongitudeDegrees>60.675756605502336</LongitudeDegrees></Position></Trackpoint><Trackpoint><Time>2026-06-14T11:31:17.000Z</Time><Position><LatitudeDegrees>56.84172830145344</LatitudeDegrees><LongitudeDegrees>60.67573114698606</LongitudeDegrees></Position></Trackpoint><Trackpoint><Time>2026-06-14T11:31:18.000Z</Time><Position><LatitudeDegrees>56.84173034426857</LatitudeDegrees><LongitudeDegrees>60.675704081266986</LongitudeDegrees></Position></Trackpoint><Trackpoint><Time>2026-06-14T11:31:19.000Z</Time><Position><LatitudeDegrees>56.84173287013795</LatitudeDegrees><LongitudeDegrees>60.67567688982856</LongitudeDegrees></Position></Trackpoint><Trackpoint><Time>2026-06-14T11:31:20.000Z</Time><Position><LatitudeDegrees>56.841736249974915</LatitudeDegrees><LongitudeDegrees>60.67565068854157</LongitudeDegrees></Position></Trackpoint><Trackpoint><Time>2026-06-14T11:31:21.000Z</Time><Position><LatitudeDegrees>56.84173905809663</LatitudeDegrees><LongitudeDegrees>60.675624830653156</LongitudeDegrees></Position></Trackpoint><Trackpoint><Time>2026-06-14T11:31:22.000Z</Time><Position><LatitudeDegrees>56.84174078073814</LatitudeDegrees><LongitudeDegrees>60.675600474566075</LongitudeDegrees></Position></Trackpoint><Trackpoint><Time>2026-06-14T11:31:23.000Z</Time><Position><LatitudeDegrees>56.841741835244285</LatitudeDegrees><LongitudeDegrees>60.67557692537405</LongitudeDegrees></Position></Trackpoint><Trackpoint><Time>2026-06-14T11:31:24.000Z</Time><Position><LatitudeDegrees>56.84174296885635</LatitudeDegrees><LongitudeDegrees>60.67555428293838</LongitudeDegrees></Position></Trackpoint><Trackpoint><Time>2026-06-14T11:31:25.000Z</Time><Position><LatitudeDegrees>56.841743989549485</LatitudeDegrees><LongitudeDegrees>60.67553247200445</LongitudeDegrees></Position></Trackpoint><Trackpoint><Time>2026-06-14T11:31:26.000Z</Time><Position><LatitudeDegrees>56.84174483273442</LatitudeDegrees><LongitudeDegrees>60.67550988602606</LongitudeDegrees></Position></Trackpoint><Trackpoint><Time>2026-06-14T11:31:27.000Z</Time><Position><LatitudeDegrees>56.84174549459405</LatitudeDegrees><LongitudeDegrees>60.675486452460326</LongitudeDegrees></Position></Trackpoint><Trackpoint><Time>2026-06-14T11:31:28.000Z</Time><Position><LatitudeDegrees>56.84174599682919</LatitudeDegrees><LongitudeDegrees>60.67546225021821</LongitudeDegrees></Position></Trackpoint><Trackpoint><Time>2026-06-14T11:31:29.000Z</Time><Position><LatitudeDegrees>56.84174636886452</LatitudeDegrees><LongitudeDegrees>60.675437900066946</LongitudeDegrees></Position></Trackpoint><Trackpoint><Time>2026-06-14T11:31:30.000Z</Time><Position><LatitudeDegrees>56.8417476187503</LatitudeDegrees><LongitudeDegrees>60.675413187032476</LongitudeDegrees></Position></Trackpoint><Trackpoint><Time>2026-06-14T11:31:31.000Z</Time><Position><LatitudeDegrees>56.84174906974321</LatitudeDegrees><LongitudeDegrees>60.6753870899356</LongitudeDegrees></Position></Trackpoint><Trackpoint><Time>2026-06-14T11:31:32.000Z</Time><Position><LatitudeDegrees>56.841750906936625</LatitudeDegrees><LongitudeDegrees>60.67535936586297</LongitudeDegrees></Position></Trackpoint><Trackpoint><Time>2026-06-14T11:31:33.000Z</Time><Position><LatitudeDegrees>56.84175266737929</LatitudeDegrees><LongitudeDegrees>60.67533159242651</LongitudeDegrees></Position></Trackpoint><Trackpoint><Time>2026-06-14T11:31:34.000Z</Time><Position><LatitudeDegrees>56.841754170263286</LatitudeDegrees><LongitudeDegrees>60.67530491528581</LongitudeDegrees></Position></Trackpoint><Trackpoint><Time>2026-06-14T11:31:35.000Z</Time><Position><LatitudeDegrees>56.84175586379377</LatitudeDegrees><LongitudeDegrees>60.67527966555378</LongitudeDegrees></Position></Trackpoint><Trackpoint><Time>2026-06-14T11:31:36.000Z</Time><Position><LatitudeDegrees>56.84175692886614</LatitudeDegrees><LongitudeDegrees>60.675255796388036</LongitudeDegrees></Position></Trackpoint><Trackpoint><Time>2026-06-14T11:31:37.000Z</Time><Position><LatitudeDegrees>56.84175759841808</LatitudeDegrees><LongitudeDegrees>60.67523262169309</LongitudeDegrees></Position></Trackpoint><Trackpoint><Time>2026-06-14T11:31:38.000Z</Time><Position><LatitudeDegrees>56.84175850875615</LatitudeDegrees><LongitudeDegrees>60.67520976977769</LongitudeDegrees></Position></Trackpoint><Trackpoint><Time>2026-06-14T11:31:39.000Z</Time><Position><LatitudeDegrees>56.84176038063871</LatitudeDegrees><LongitudeDegrees>60.67518753574931</LongitudeDegrees></Position></Trackpoint><Trackpoint><Time>2026-06-14T11:31:40.000Z</Time><Position><LatitudeDegrees>56.841763387485294</LatitudeDegrees><LongitudeDegrees>60.67516547222758</LongitudeDegrees></Position></Trackpoint><Trackpoint><Time>2026-06-14T11:31:41.000Z</Time><Position><LatitudeDegrees>56.84176696543433</LatitudeDegrees><LongitudeDegrees>60.67514288347146</LongitudeDegrees></Position></Trackpoint><Trackpoint><Time>2026-06-14T11:31:42.000Z</Time><Position><LatitudeDegrees>56.841770319358055</LatitudeDegrees><LongitudeDegrees>60.67511955036461</LongitudeDegrees></Position></Trackpoint><Trackpoint><Time>2026-06-14T11:31:43.000Z</Time><Position><LatitudeDegrees>56.84177364016027</LatitudeDegrees><LongitudeDegrees>60.67509596781454</LongitudeDegrees></Position></Trackpoint><Trackpoint><Time>2026-06-14T11:31:44.000Z</Time><Position><LatitudeDegrees>56.841777010712626</LatitudeDegrees><LongitudeDegrees>60.67507286126694</LongitudeDegrees></Position></Trackpoint><Trackpoint><Time>2026-06-14T11:31:45.000Z</Time><Position><LatitudeDegrees>56.84178045875908</LatitudeDegrees><LongitudeDegrees>60.67505046839034</LongitudeDegrees></Position></Trackpoint><Trackpoint><Time>2026-06-14T11:31:46.000Z</Time><Position><LatitudeDegrees>56.84178398577926</LatitudeDegrees><LongitudeDegrees>60.67502830585535</LongitudeDegrees></Position></Trackpoint><Trackpoint><Time>2026-06-14T11:31:47.000Z</Time><Position><LatitudeDegrees>56.841786603025135</LatitudeDegrees><LongitudeDegrees>60.675006634657436</LongitudeDegrees></Position></Trackpoint><Trackpoint><Time>2026-06-14T11:31:48.000Z</Time><Position><LatitudeDegrees>56.841788999286685</LatitudeDegrees><LongitudeDegrees>60.67498549922087</LongitudeDegrees></Position></Trackpoint><Trackpoint><Time>2026-06-14T11:31:49.000Z</Time><Position><LatitudeDegrees>56.84179246581484</LatitudeDegrees><LongitudeDegrees>60.67496386985564</LongitudeDegrees></Position></Trackpoint><Trackpoint><Time>2026-06-14T11:31:50.000Z</Time><Position><LatitudeDegrees>56.84179690741207</LatitudeDegrees><LongitudeDegrees>60.67494138589606</LongitudeDegrees></Position></Trackpoint><Trackpoint><Time>2026-06-14T11:31:51.000Z</Time><Position><LatitudeDegrees>56.84180215972422</LatitudeDegrees><LongitudeDegrees>60.674918987715124</LongitudeDegrees></Position></Trackpoint><Trackpoint><Time>2026-06-14T11:31:52.000Z</Time><Position><LatitudeDegrees>56.841809030231964</LatitudeDegrees><LongitudeDegrees>60.674897541190816</LongitudeDegrees></Position></Trackpoint><Trackpoint><Time>2026-06-14T11:31:53.000Z</Time><Position><LatitudeDegrees>56.84181666456859</LatitudeDegrees><LongitudeDegrees>60.674876791166284</LongitudeDegrees></Position></Trackpoint><Trackpoint><Time>2026-06-14T11:31:54.000Z</Time><Position><LatitudeDegrees>56.84182510245173</LatitudeDegrees><LongitudeDegrees>60.6748560535541</LongitudeDegrees></Position></Trackpoint><Trackpoint><Time>2026-06-14T11:31:55.000Z</Time><Position><LatitudeDegrees>56.84183425710445</LatitudeDegrees><LongitudeDegrees>60.67483553464178</LongitudeDegrees></Position></Trackpoint><Trackpoint><Time>2026-06-14T11:31:56.000Z</Time><Position><LatitudeDegrees>56.84184351118221</LatitudeDegrees><LongitudeDegrees>60.67481529131558</LongitudeDegrees></Position></Trackpoint><Trackpoint><Time>2026-06-14T11:31:57.000Z</Time><Position><LatitudeDegrees>56.84185210807026</LatitudeDegrees><LongitudeDegrees>60.674795311632124</LongitudeDegrees></Position></Trackpoint><Trackpoint><Time>2026-06-14T11:31:58.000Z</Time><Position><LatitudeDegrees>56.84185982051873</LatitudeDegrees><LongitudeDegrees>60.67477506722395</LongitudeDegrees></Position></Trackpoint><Trackpoint><Time>2026-06-14T11:31:59.000Z</Time><Position><LatitudeDegrees>56.84186666845501</LatitudeDegrees><LongitudeDegrees>60.67475388485811</LongitudeDegrees></Position></Trackpoint><Trackpoint><Time>2026-06-14T11:32:00.000Z</Time><Position><LatitudeDegrees>56.84187326065534</LatitudeDegrees><LongitudeDegrees>60.674732586881525</LongitudeDegrees></Position></Trackpoint><Trackpoint><Time>2026-06-14T11:32:01.000Z</Time><Position><LatitudeDegrees>56.84187939104675</LatitudeDegrees><LongitudeDegrees>60.67471201641315</LongitudeDegrees></Position></Trackpoint><Trackpoint><Time>2026-06-14T11:32:02.000Z</Time><Position><LatitudeDegrees>56.841885523644635</LatitudeDegrees><LongitudeDegrees>60.67469242730292</LongitudeDegrees></Position></Trackpoint><Trackpoint><Time>2026-06-14T11:32:03.000Z</Time><Position><LatitudeDegrees>56.84189135965218</LatitudeDegrees><LongitudeDegrees>60.67467281891763</LongitudeDegrees></Position></Trackpoint><Trackpoint><Time>2026-06-14T11:32:04.000Z</Time><Position><LatitudeDegrees>56.84189681408182</LatitudeDegrees><LongitudeDegrees>60.67465327124769</LongitudeDegrees></Position></Trackpoint><Trackpoint><Time>2026-06-14T11:32:05.000Z</Time><Position><LatitudeDegrees>56.84190092168655</LatitudeDegrees><LongitudeDegrees>60.6746308717794</LongitudeDegrees></Position></Trackpoint><Trackpoint><Time>2026-06-14T11:32:06.000Z</Time><Position><LatitudeDegrees>56.84190443702964</LatitudeDegrees><LongitudeDegrees>60.674607724730194</LongitudeDegrees></Position></Trackpoint><Trackpoint><Time>2026-06-14T11:32:08.000Z</Time><Position><LatitudeDegrees>56.84190725727068</LatitudeDegrees><LongitudeDegrees>60.67458283419539</LongitudeDegrees></Position></Trackpoint><Trackpoint><Time>2026-06-14T11:32:09.000Z</Time><Position><LatitudeDegrees>56.84191040849307</LatitudeDegrees><LongitudeDegrees>60.67455797224444</LongitudeDegrees></Position></Trackpoint><Trackpoint><Time>2026-06-14T11:32:10.000Z</Time><Position><LatitudeDegrees>56.84191378118063</LatitudeDegrees><LongitudeDegrees>60.674534354616576</LongitudeDegrees></Position></Trackpoint><Trackpoint><Time>2026-06-14T11:32:12.000Z</Time><Position><LatitudeDegrees>56.84191681219558</LatitudeDegrees><LongitudeDegrees>60.674512322286745</LongitudeDegrees></Position></Trackpoint><Trackpoint><Time>2026-06-14T11:32:13.000Z</Time><Position><LatitudeDegrees>56.841919313472175</LatitudeDegrees><LongitudeDegrees>60.67449181220922</LongitudeDegrees></Position></Trackpoint><Trackpoint><Time>2026-06-14T11:32:14.000Z</Time><Position><LatitudeDegrees>56.84192078593917</LatitudeDegrees><LongitudeDegrees>60.67447113420902</LongitudeDegrees></Position></Trackpoint><Trackpoint><Time>2026-06-14T11:32:15.000Z</Time><Position><LatitudeDegrees>56.841921645719154</LatitudeDegrees><LongitudeDegrees>60.67445010337897</LongitudeDegrees></Position></Trackpoint><Trackpoint><Time>2026-06-14T11:32:16.000Z</Time><Position><LatitudeDegrees>56.84192263243335</LatitudeDegrees><LongitudeDegrees>60.6744281992427</LongitudeDegrees></Position></Trackpoint><Trackpoint><Time>2026-06-14T11:32:17.000Z</Time><Position><LatitudeDegrees>56.84192354478002</LatitudeDegrees><LongitudeDegrees>60.67440580914881</LongitudeDegrees></Position></Trackpoint><Trackpoint><Time>2026-06-14T11:32:18.000Z</Time><Position><LatitudeDegrees>56.84192430940135</LatitudeDegrees><LongitudeDegrees>60.67438266538169</LongitudeDegrees></Position></Trackpoint><Trackpoint><Time>2026-06-14T11:32:19.000Z</Time><Position><LatitudeDegrees>56.84192442543585</LatitudeDegrees><LongitudeDegrees>60.67435875441994</LongitudeDegrees></Position></Trackpoint><Trackpoint><Time>2026-06-14T11:32:20.000Z</Time><Position><LatitudeDegrees>56.84192376985719</LatitudeDegrees><LongitudeDegrees>60.67433416916327</LongitudeDegrees></Position></Trackpoint><Trackpoint><Time>2026-06-14T11:32:21.000Z</Time><Position><LatitudeDegrees>56.84192239103441</LatitudeDegrees><LongitudeDegrees>60.6743090344156</LongitudeDegrees></Position></Trackpoint><Trackpoint><Time>2026-06-14T11:32:22.000Z</Time><Position><LatitudeDegrees>56.84192040171478</LatitudeDegrees><LongitudeDegrees>60.67428396171232</LongitudeDegrees></Position></Trackpoint><Trackpoint><Time>2026-06-14T11:32:23.000Z</Time><Position><LatitudeDegrees>56.841917926687735</LatitudeDegrees><LongitudeDegrees>60.67425919494078</LongitudeDegrees></Position></Trackpoint><Trackpoint><Time>2026-06-14T11:32:24.000Z</Time><Position><LatitudeDegrees>56.841915079685535</LatitudeDegrees><LongitudeDegrees>60.674231857612334</LongitudeDegrees></Position></Trackpoint><Trackpoint><Time>2026-06-14T11:32:26.000Z</Time><Position><LatitudeDegrees>56.84191244489998</LatitudeDegrees><LongitudeDegrees>60.674204032683846</LongitudeDegrees></Position></Trackpoint><Trackpoint><Time>2026-06-14T11:32:27.000Z</Time><Position><LatitudeDegrees>56.84191023568306</LatitudeDegrees><LongitudeDegrees>60.67417664056913</LongitudeDegrees></Position></Trackpoint><Trackpoint><Time>2026-06-14T11:32:28.000Z</Time><Position><LatitudeDegrees>56.841908485279134</LatitudeDegrees><LongitudeDegrees>60.6741500047743</LongitudeDegrees></Position></Trackpoint><Trackpoint><Time>2026-06-14T11:32:29.000Z</Time><Position><LatitudeDegrees>56.84190763810202</LatitudeDegrees><LongitudeDegrees>60.67412465106807</LongitudeDegrees></Position></Trackpoint><Trackpoint><Time>2026-06-14T11:32:30.000Z</Time><Position><LatitudeDegrees>56.84190727163772</LatitudeDegrees><LongitudeDegrees>60.67410063142539</LongitudeDegrees></Position></Trackpoint><Trackpoint><Time>2026-06-14T11:32:31.000Z</Time><Position><LatitudeDegrees>56.84190715018213</LatitudeDegrees><LongitudeDegrees>60.67407779602625</LongitudeDegrees></Position></Trackpoint><Trackpoint><Time>2026-06-14T11:32:32.000Z</Time><Position><LatitudeDegrees>56.84190714521794</LatitudeDegrees><LongitudeDegrees>60.67405495195267</LongitudeDegrees></Position></Trackpoint><Trackpoint><Time>2026-06-14T11:32:33.000Z</Time><Position><LatitudeDegrees>56.84190767847655</LatitudeDegrees><LongitudeDegrees>60.674032098645206</LongitudeDegrees></Position></Trackpoint><Trackpoint><Time>2026-06-14T11:32:34.000Z</Time><Position><LatitudeDegrees>56.841908364950335</LatitudeDegrees><LongitudeDegrees>60.674008747448006</LongitudeDegrees></Position></Trackpoint><Trackpoint><Time>2026-06-14T11:32:35.000Z</Time><Position><LatitudeDegrees>56.84190853680474</LatitudeDegrees><LongitudeDegrees>60.67398574024093</LongitudeDegrees></Position></Trackpoint><Trackpoint><Time>2026-06-14T11:32:36.000Z</Time><Position><LatitudeDegrees>56.84190749544323</LatitudeDegrees><LongitudeDegrees>60.673962889976934</LongitudeDegrees></Position></Trackpoint><Trackpoint><Time>2026-06-14T11:32:37.000Z</Time><Position><LatitudeDegrees>56.84190510887489</LatitudeDegrees><LongitudeDegrees>60.67394107870165</LongitudeDegrees></Position></Trackpoint><Trackpoint><Time>2026-06-14T11:32:38.000Z</Time><Position><LatitudeDegrees>56.84190149539671</LatitudeDegrees><LongitudeDegrees>60.673920536318256</LongitudeDegrees></Position></Trackpoint><Trackpoint><Time>2026-06-14T11:32:39.000Z</Time><Position><LatitudeDegrees>56.84189735080998</LatitudeDegrees><LongitudeDegrees>60.67390070503757</LongitudeDegrees></Position></Trackpoint><Trackpoint><Time>2026-06-14T11:32:40.000Z</Time><Position><LatitudeDegrees>56.84189302983585</LatitudeDegrees><LongitudeDegrees>60.67388175348506</LongitudeDegrees></Position></Trackpoint><Trackpoint><Time>2026-06-14T11:32:41.000Z</Time><Position><LatitudeDegrees>56.84188870119938</LatitudeDegrees><LongitudeDegrees>60.67386265897332</LongitudeDegrees></Position></Trackpoint><Trackpoint><Time>2026-06-14T11:32:42.000Z</Time><Position><LatitudeDegrees>56.84188394576</LatitudeDegrees><LongitudeDegrees>60.67384448750602</LongitudeDegrees></Position></Trackpoint><Trackpoint><Time>2026-06-14T11:32:43.000Z</Time><Position><LatitudeDegrees>56.84187815607054</LatitudeDegrees><LongitudeDegrees>60.67382658040641</LongitudeDegrees></Position></Trackpoint><Trackpoint><Time>2026-06-14T11:32:44.000Z</Time><Position><LatitudeDegrees>56.84187219392967</LatitudeDegrees><LongitudeDegrees>60.67380814286766</LongitudeDegrees></Position></Trackpoint><Trackpoint><Time>2026-06-14T11:32:45.000Z</Time><Position><LatitudeDegrees>56.8418669259993</LatitudeDegrees><LongitudeDegrees>60.673788426032225</LongitudeDegrees></Position></Trackpoint><Trackpoint><Time>2026-06-14T11:32:46.000Z</Time><Position><LatitudeDegrees>56.84186310970948</LatitudeDegrees><LongitudeDegrees>60.673767285691405</LongitudeDegrees></Position></Trackpoint><Trackpoint><Time>2026-06-14T11:32:47.000Z</Time><Position><LatitudeDegrees>56.841861360289904</LatitudeDegrees><LongitudeDegrees>60.67374435554939</LongitudeDegrees></Position></Trackpoint><Trackpoint><Time>2026-06-14T11:32:48.000Z</Time><Position><LatitudeDegrees>56.841861176222395</LatitudeDegrees><LongitudeDegrees>60.67372020408223</LongitudeDegrees></Position></Trackpoint><Trackpoint><Time>2026-06-14T11:32:49.000Z</Time><Position><LatitudeDegrees>56.84186263966509</LatitudeDegrees><LongitudeDegrees>60.67369473255195</LongitudeDegrees></Position></Trackpoint><Trackpoint><Time>2026-06-14T11:32:50.000Z</Time><Position><LatitudeDegrees>56.84186508338738</LatitudeDegrees><LongitudeDegrees>60.67366806972306</LongitudeDegrees></Position></Trackpoint><Trackpoint><Time>2026-06-14T11:32:51.000Z</Time><Position><LatitudeDegrees>56.84186810678407</LatitudeDegrees><LongitudeDegrees>60.673640911137056</LongitudeDegrees></Position></Trackpoint><Trackpoint><Time>2026-06-14T11:32:52.000Z</Time><Position><LatitudeDegrees>56.841871470472235</LatitudeDegrees><LongitudeDegrees>60.67361507570266</LongitudeDegrees></Position></Trackpoint><Trackpoint><Time>2026-06-14T11:32:53.000Z</Time><Position><LatitudeDegrees>56.84187503219012</LatitudeDegrees><LongitudeDegrees>60.673590653072026</LongitudeDegrees></Position></Trackpoint><Trackpoint><Time>2026-06-14T11:32:54.000Z</Time><Position><LatitudeDegrees>56.84187870793276</LatitudeDegrees><LongitudeDegrees>60.673567498835666</LongitudeDegrees></Position></Trackpoint><Trackpoint><Time>2026-06-14T11:32:55.000Z</Time><Position><LatitudeDegrees>56.84188195885859</LatitudeDegrees><LongitudeDegrees>60.673544901113836</LongitudeDegrees></Position></Trackpoint><Trackpoint><Time>2026-06-14T11:32:56.000Z</Time><Position><LatitudeDegrees>56.84188510718992</LatitudeDegrees><LongitudeDegrees>60.6735220056923</LongitudeDegrees></Position></Trackpoint><Trackpoint><Time>2026-06-14T11:32:57.000Z</Time><Position><LatitudeDegrees>56.841888298796455</LatitudeDegrees><LongitudeDegrees>60.673498498986454</LongitudeDegrees></Position></Trackpoint><Trackpoint><Time>2026-06-14T11:32:58.000Z</Time><Position><LatitudeDegrees>56.8418910985873</LatitudeDegrees><LongitudeDegrees>60.673473351087885</LongitudeDegrees></Position></Trackpoint><Trackpoint><Time>2026-06-14T11:32:59.000Z</Time><Position><LatitudeDegrees>56.84189288805584</LatitudeDegrees><LongitudeDegrees>60.673446838101185</LongitudeDegrees></Position></Trackpoint><Trackpoint><Time>2026-06-14T11:33:00.000Z</Time><Position><LatitudeDegrees>56.84189354215377</LatitudeDegrees><LongitudeDegrees>60.67341973855304</LongitudeDegrees></Position></Trackpoint><Trackpoint><Time>2026-06-14T11:33:01.000Z</Time><Position><LatitudeDegrees>56.841893644715746</LatitudeDegrees><LongitudeDegrees>60.673392448350974</LongitudeDegrees></Position></Trackpoint><Trackpoint><Time>2026-06-14T11:33:02.000Z</Time><Position><LatitudeDegrees>56.841893996583764</LatitudeDegrees><LongitudeDegrees>60.67336564462368</LongitudeDegrees></Position></Trackpoint><Trackpoint><Time>2026-06-14T11:33:03.000Z</Time><Position><LatitudeDegrees>56.8418944059626</LatitudeDegrees><LongitudeDegrees>60.6733390541864</LongitudeDegrees></Position></Trackpoint><Trackpoint><Time>2026-06-14T11:33:04.000Z</Time><Position><LatitudeDegrees>56.84189478648315</LatitudeDegrees><LongitudeDegrees>60.673313026767715</LongitudeDegrees></Position></Trackpoint><Trackpoint><Time>2026-06-14T11:33:05.000Z</Time><Position><LatitudeDegrees>56.841894616669045</LatitudeDegrees><LongitudeDegrees>60.67328714452432</LongitudeDegrees></Position></Trackpoint><Trackpoint><Time>2026-06-14T11:33:06.000Z</Time><Position><LatitudeDegrees>56.84189375239354</LatitudeDegrees><LongitudeDegrees>60.673262195962614</LongitudeDegrees></Position></Trackpoint><Trackpoint><Time>2026-06-14T11:33:07.000Z</Time><Position><LatitudeDegrees>56.84189271304412</LatitudeDegrees><LongitudeDegrees>60.67323740675795</LongitudeDegrees></Position></Trackpoint><Trackpoint><Time>2026-06-14T11:33:08.000Z</Time><Position><LatitudeDegrees>56.84189173499235</LatitudeDegrees><LongitudeDegrees>60.67321341678563</LongitudeDegrees></Position></Trackpoint><Trackpoint><Time>2026-06-14T11:33:09.000Z</Time><Position><LatitudeDegrees>56.84189041810585</LatitudeDegrees><LongitudeDegrees>60.67318940776613</LongitudeDegrees></Position></Trackpoint><Trackpoint><Time>2026-06-14T11:33:10.000Z</Time><Position><LatitudeDegrees>56.84188864108567</LatitudeDegrees><LongitudeDegrees>60.67316602437058</LongitudeDegrees></Position></Trackpoint><Trackpoint><Time>2026-06-14T11:33:11.000Z</Time><Position><LatitudeDegrees>56.841886902644944</LatitudeDegrees><LongitudeDegrees>60.67314296218755</LongitudeDegrees></Position></Trackpoint><Trackpoint><Time>2026-06-14T11:33:12.000Z</Time><Position><LatitudeDegrees>56.84188491360815</LatitudeDegrees><LongitudeDegrees>60.67311956501248</LongitudeDegrees></Position></Trackpoint><Trackpoint><Time>2026-06-14T11:33:13.000Z</Time><Position><LatitudeDegrees>56.84188307665739</LatitudeDegrees><LongitudeDegrees>60.673096095204805</LongitudeDegrees></Position></Trackpoint><Trackpoint><Time>2026-06-14T11:33:14.000Z</Time><Position><LatitudeDegrees>56.841881538110584</LatitudeDegrees><LongitudeDegrees>60.67307267013518</LongitudeDegrees></Position></Trackpoint><Trackpoint><Time>2026-06-14T11:33:15.000Z</Time><Position><LatitudeDegrees>56.84188080953725</LatitudeDegrees><LongitudeDegrees>60.673048842788056</LongitudeDegrees></Position></Trackpoint><Trackpoint><Time>2026-06-14T11:33:16.000Z</Time><Position><LatitudeDegrees>56.841880508049286</LatitudeDegrees><LongitudeDegrees>60.67302448069925</LongitudeDegrees></Position></Trackpoint><Trackpoint><Time>2026-06-14T11:33:17.000Z</Time><Position><LatitudeDegrees>56.84188042114484</LatitudeDegrees><LongitudeDegrees>60.67299959794886</LongitudeDegrees></Position></Trackpoint><Trackpoint><Time>2026-06-14T11:33:18.000Z</Time><Position><LatitudeDegrees>56.8418804337671</LatitudeDegrees><LongitudeDegrees>60.672974267161685</LongitudeDegrees></Position></Trackpoint><Trackpoint><Time>2026-06-14T11:33:19.000Z</Time><Position><LatitudeDegrees>56.84187950653649</LatitudeDegrees><LongitudeDegrees>60.67294955497311</LongitudeDegrees></Position></Trackpoint><Trackpoint><Time>2026-06-14T11:33:20.000Z</Time><Position><LatitudeDegrees>56.841877821641155</LatitudeDegrees><LongitudeDegrees>60.672925821262965</LongitudeDegrees></Position></Trackpoint><Trackpoint><Time>2026-06-14T11:33:21.000Z</Time><Position><LatitudeDegrees>56.84187506174674</LatitudeDegrees><LongitudeDegrees>60.67290259904492</LongitudeDegrees></Position></Trackpoint><Trackpoint><Time>2026-06-14T11:33:22.000Z</Time><Position><LatitudeDegrees>56.84187221336013</LatitudeDegrees><LongitudeDegrees>60.672879630349186</LongitudeDegrees></Position></Trackpoint><Trackpoint><Time>2026-06-14T11:33:23.000Z</Time><Position><LatitudeDegrees>56.841869694115594</LatitudeDegrees><LongitudeDegrees>60.67285726600664</LongitudeDegrees></Position></Trackpoint><Trackpoint><Time>2026-06-14T11:33:24.000Z</Time><Position><LatitudeDegrees>56.84186763376396</LatitudeDegrees><LongitudeDegrees>60.672835083322674</LongitudeDegrees></Position></Trackpoint><Trackpoint><Time>2026-06-14T11:33:25.000Z</Time><Position><LatitudeDegrees>56.841866026842744</LatitudeDegrees><LongitudeDegrees>60.672812884901965</LongitudeDegrees></Position></Trackpoint><Trackpoint><Time>2026-06-14T11:33:26.000Z</Time><Position><LatitudeDegrees>56.84186432329457</LatitudeDegrees><LongitudeDegrees>60.6727901018597</LongitudeDegrees></Position></Trackpoint><Trackpoint><Time>2026-06-14T11:33:27.000Z</Time><Position><LatitudeDegrees>56.84186279860003</LatitudeDegrees><LongitudeDegrees>60.67276608533481</LongitudeDegrees></Position></Trackpoint><Trackpoint><Time>2026-06-14T11:33:28.000Z</Time><Position><LatitudeDegrees>56.84186154325562</LatitudeDegrees><LongitudeDegrees>60.672741705641535</LongitudeDegrees></Position></Trackpoint><Trackpoint><Time>2026-06-14T11:33:29.000Z</Time><Position><LatitudeDegrees>56.841860070349504</LatitudeDegrees><LongitudeDegrees>60.672717367816425</LongitudeDegrees></Position></Trackpoint><Trackpoint><Time>2026-06-14T11:33:30.000Z</Time><Position><LatitudeDegrees>56.84185771766826</LatitudeDegrees><LongitudeDegrees>60.67269372290394</LongitudeDegrees></Position></Trackpoint><Trackpoint><Time>2026-06-14T11:33:31.000Z</Time><Position><LatitudeDegrees>56.841854815018735</LatitudeDegrees><LongitudeDegrees>60.67267046048097</LongitudeDegrees></Position></Trackpoint><Trackpoint><Time>2026-06-14T11:33:32.000Z</Time><Position><LatitudeDegrees>56.841851568813986</LatitudeDegrees><LongitudeDegrees>60.67264691400239</LongitudeDegrees></Position></Trackpoint><Trackpoint><Time>2026-06-14T11:33:33.000Z</Time><Position><LatitudeDegrees>56.841849087377824</LatitudeDegrees><LongitudeDegrees>60.6726233350314</LongitudeDegrees></Position></Trackpoint><Trackpoint><Time>2026-06-14T11:33:34.000Z</Time><Position><LatitudeDegrees>56.84184772899806</LatitudeDegrees><LongitudeDegrees>60.67259885211923</LongitudeDegrees></Position></Trackpoint><Trackpoint><Time>2026-06-14T11:33:35.000Z</Time><Position><LatitudeDegrees>56.84184700747636</LatitudeDegrees><LongitudeDegrees>60.672573712004315</LongitudeDegrees></Position></Trackpoint><Trackpoint><Time>2026-06-14T11:33:36.000Z</Time><Position><LatitudeDegrees>56.84184713045088</LatitudeDegrees><LongitudeDegrees>60.67254907987399</LongitudeDegrees></Position></Trackpoint><Trackpoint><Time>2026-06-14T11:33:37.000Z</Time><Position><LatitudeDegrees>56.8418470958229</LatitudeDegrees><LongitudeDegrees>60.6725253703922</LongitudeDegrees></Position></Trackpoint><Trackpoint><Time>2026-06-14T11:33:38.000Z</Time><Position><LatitudeDegrees>56.8418470007334</LatitudeDegrees><LongitudeDegrees>60.67250116707899</LongitudeDegrees></Position></Trackpoint><Trackpoint><Time>2026-06-14T11:33:39.000Z</Time><Position><LatitudeDegrees>56.841846403337804</LatitudeDegrees><LongitudeDegrees>60.67247741879505</LongitudeDegrees></Position></Trackpoint><Trackpoint><Time>2026-06-14T11:33:40.000Z</Time><Position><LatitudeDegrees>56.841845675750626</LatitudeDegrees><LongitudeDegrees>60.672453968299905</LongitudeDegrees></Position></Trackpoint><Trackpoint><Time>2026-06-14T11:33:41.000Z</Time><Position><LatitudeDegrees>56.841844987930926</LatitudeDegrees><LongitudeDegrees>60.67243071261596</LongitudeDegrees></Position></Trackpoint><Trackpoint><Time>2026-06-14T11:33:42.000Z</Time><Position><LatitudeDegrees>56.84184440476942</LatitudeDegrees><LongitudeDegrees>60.672408073940495</LongitudeDegrees></Position></Trackpoint><Trackpoint><Time>2026-06-14T11:33:43.000Z</Time><Position><LatitudeDegrees>56.84184393955754</LatitudeDegrees><LongitudeDegrees>60.67238516773509</LongitudeDegrees></Position></Trackpoint><Trackpoint><Time>2026-06-14T11:33:44.000Z</Time><Position><LatitudeDegrees>56.841843582630496</LatitudeDegrees><LongitudeDegrees>60.67236264327562</LongitudeDegrees></Position></Trackpoint><Trackpoint><Time>2026-06-14T11:33:45.000Z</Time><Position><LatitudeDegrees>56.8418433161098</LatitudeDegrees><LongitudeDegrees>60.672340718959035</LongitudeDegrees></Position></Trackpoint><Trackpoint><Time>2026-06-14T11:33:46.000Z</Time><Position><LatitudeDegrees>56.841842631418366</LatitudeDegrees><LongitudeDegrees>60.672319897311674</LongitudeDegrees></Position></Trackpoint><Trackpoint><Time>2026-06-14T11:33:47.000Z</Time><Position><LatitudeDegrees>56.84184137277876</LatitudeDegrees><LongitudeDegrees>60.67229975415409</LongitudeDegrees></Position></Trackpoint><Trackpoint><Time>2026-06-14T11:33:48.000Z</Time><Position><LatitudeDegrees>56.84183906009141</LatitudeDegrees><LongitudeDegrees>60.67228051732253</LongitudeDegrees></Position></Trackpoint><Trackpoint><Time>2026-06-14T11:33:49.000Z</Time><Position><LatitudeDegrees>56.841836610141975</LatitudeDegrees><LongitudeDegrees>60.67226216432198</LongitudeDegrees></Position></Trackpoint><Trackpoint><Time>2026-06-14T11:33:50.000Z</Time><Position><LatitudeDegrees>56.84183490772135</LatitudeDegrees><LongitudeDegrees>60.67224408283925</LongitudeDegrees></Position></Trackpoint><Trackpoint><Time>2026-06-14T11:33:51.000Z</Time><Position><LatitudeDegrees>56.84183275243989</LatitudeDegrees><LongitudeDegrees>60.67222549624384</LongitudeDegrees></Position></Trackpoint><Trackpoint><Time>2026-06-14T11:33:52.000Z</Time><Position><LatitudeDegrees>56.84183068728235</LatitudeDegrees><LongitudeDegrees>60.672207618355706</LongitudeDegrees></Position></Trackpoint><Trackpoint><Time>2026-06-14T11:33:53.000Z</Time><Position><LatitudeDegrees>56.84182892430069</LatitudeDegrees><LongitudeDegrees>60.67219183732612</LongitudeDegrees></Position></Trackpoint><Trackpoint><Time>2026-06-14T11:33:54.000Z</Time><Position><LatitudeDegrees>56.841828001651784</LatitudeDegrees><LongitudeDegrees>60.67217845571344</LongitudeDegrees></Position></Trackpoint><Trackpoint><Time>2026-06-14T11:33:55.000Z</Time><Position><LatitudeDegrees>56.84182778344653</LatitudeDegrees><LongitudeDegrees>60.672165405499044</LongitudeDegrees></Position></Trackpoint><Trackpoint><Time>2026-06-14T11:33:56.000Z</Time><Position><LatitudeDegrees>56.84182789307956</LatitudeDegrees><LongitudeDegrees>60.67215989450471</LongitudeDegrees></Position></Trackpoint><Trackpoint><Time>2026-06-14T11:34:00.000Z</Time><Position><LatitudeDegrees>56.8418278739915</LatitudeDegrees><LongitudeDegrees>60.6721548422478</LongitudeDegrees></Position></Trackpoint><Trackpoint><Time>2026-06-14T11:34:02.000Z</Time><Position><LatitudeDegrees>56.84182221300223</LatitudeDegrees><LongitudeDegrees>60.67213487742824</LongitudeDegrees></Position></Trackpoint><Trackpoint><Time>2026-06-14T11:34:03.000Z</Time><Position><LatitudeDegrees>56.84182308341563</LatitudeDegrees><LongitudeDegrees>60.672143711462724</LongitudeDegrees></Position></Trackpoint><Trackpoint><Time>2026-06-14T11:34:04.000Z</Time><Position><LatitudeDegrees>56.841817257075654</LatitudeDegrees><LongitudeDegrees>60.67213205691947</LongitudeDegrees></Position></Trackpoint><Trackpoint><Time>2026-06-14T11:34:05.000Z</Time><Position><LatitudeDegrees>56.841811262364764</LatitudeDegrees><LongitudeDegrees>60.67211972407565</LongitudeDegrees></Position></Trackpoint><Trackpoint><Time>2026-06-14T11:34:06.000Z</Time><Position><LatitudeDegrees>56.84180498850395</LatitudeDegrees><LongitudeDegrees>60.67210575712315</LongitudeDegrees></Position></Trackpoint><Trackpoint><Time>2026-06-14T11:34:07.000Z</Time><Position><LatitudeDegrees>56.84179891530981</LatitudeDegrees><LongitudeDegrees>60.6720899721637</LongitudeDegrees></Position></Trackpoint><Trackpoint><Time>2026-06-14T11:34:08.000Z</Time><Position><LatitudeDegrees>56.841794683463405</LatitudeDegrees><LongitudeDegrees>60.67207203718967</LongitudeDegrees></Position></Trackpoint><Trackpoint><Time>2026-06-14T11:34:09.000Z</Time><Position><LatitudeDegrees>56.84179322192834</LatitudeDegrees><LongitudeDegrees>60.672053070641624</LongitudeDegrees></Position></Trackpoint><Trackpoint><Time>2026-06-14T11:34:10.000Z</Time><Position><LatitudeDegrees>56.841794557717535</LatitudeDegrees><LongitudeDegrees>60.67203415514224</LongitudeDegrees></Position></Trackpoint><Trackpoint><Time>2026-06-14T11:34:11.000Z</Time><Position><LatitudeDegrees>56.84179834292348</LatitudeDegrees><LongitudeDegrees>60.6720147507784</LongitudeDegrees></Position></Trackpoint><Trackpoint><Time>2026-06-14T11:34:12.000Z</Time><Position><LatitudeDegrees>56.841803140666094</LatitudeDegrees><LongitudeDegrees>60.67199469794088</LongitudeDegrees></Position></Trackpoint><Trackpoint><Time>2026-06-14T11:34:13.000Z</Time><Position><LatitudeDegrees>56.84180773962207</LatitudeDegrees><LongitudeDegrees>60.67197352451728</LongitudeDegrees></Position></Trackpoint><Trackpoint><Time>2026-06-14T11:34:14.000Z</Time><Position><LatitudeDegrees>56.84181117683142</LatitudeDegrees><LongitudeDegrees>60.67195166951211</LongitudeDegrees></Position></Trackpoint><Trackpoint><Time>2026-06-14T11:34:15.000Z</Time><Position><LatitudeDegrees>56.84181369443415</LatitudeDegrees><LongitudeDegrees>60.671929401202036</LongitudeDegrees></Position></Trackpoint><Trackpoint><Time>2026-06-14T11:34:16.000Z</Time><Position><LatitudeDegrees>56.84181551018172</LatitudeDegrees><LongitudeDegrees>60.67190688311939</LongitudeDegrees></Position></Trackpoint><Trackpoint><Time>2026-06-14T11:34:17.000Z</Time><Position><LatitudeDegrees>56.84181680383347</LatitudeDegrees><LongitudeDegrees>60.67188421467018</LongitudeDegrees></Position></Trackpoint><Trackpoint><Time>2026-06-14T11:34:18.000Z</Time><Position><LatitudeDegrees>56.841817716430505</LatitudeDegrees><LongitudeDegrees>60.67186096648181</LongitudeDegrees></Position></Trackpoint><Trackpoint><Time>2026-06-14T11:34:19.000Z</Time><Position><LatitudeDegrees>56.84181835496606</LatitudeDegrees><LongitudeDegrees>60.671837525743584</LongitudeDegrees></Position></Trackpoint><Trackpoint><Time>2026-06-14T11:34:20.000Z</Time><Position><LatitudeDegrees>56.84181879867888</LatitudeDegrees><LongitudeDegrees>60.67181407662646</LongitudeDegrees></Position></Trackpoint><Trackpoint><Time>2026-06-14T11:34:21.000Z</Time><Position><LatitudeDegrees>56.8418181259861</LatitudeDegrees><LongitudeDegrees>60.67179020644298</LongitudeDegrees></Position></Trackpoint><Trackpoint><Time>2026-06-14T11:34:22.000Z</Time><Position><LatitudeDegrees>56.84181756946998</LatitudeDegrees><LongitudeDegrees>60.67176628888852</LongitudeDegrees></Position></Trackpoint><Trackpoint><Time>2026-06-14T11:34:23.000Z</Time><Position><LatitudeDegrees>56.84181664261667</LatitudeDegrees><LongitudeDegrees>60.67174150472208</LongitudeDegrees></Position></Trackpoint><Trackpoint><Time>2026-06-14T11:34:24.000Z</Time><Position><LatitudeDegrees>56.841815682206374</LatitudeDegrees><LongitudeDegrees>60.671717096613065</LongitudeDegrees></Position></Trackpoint><Trackpoint><Time>2026-06-14T11:34:25.000Z</Time><Position><LatitudeDegrees>56.841813852022156</LatitudeDegrees><LongitudeDegrees>60.67169352806779</LongitudeDegrees></Position></Trackpoint><Trackpoint><Time>2026-06-14T11:34:26.000Z</Time><Position><LatitudeDegrees>56.84181189853741</LatitudeDegrees><LongitudeDegrees>60.671670882216866</LongitudeDegrees></Position></Trackpoint><Trackpoint><Time>2026-06-14T11:34:27.000Z</Time><Position><LatitudeDegrees>56.8418101450002</LatitudeDegrees><LongitudeDegrees>60.67164907486983</LongitudeDegrees></Position></Trackpoint><Trackpoint><Time>2026-06-14T11:34:28.000Z</Time><Position><LatitudeDegrees>56.84180918848253</LatitudeDegrees><LongitudeDegrees>60.67162747412293</LongitudeDegrees></Position></Trackpoint><Trackpoint><Time>2026-06-14T11:34:29.000Z</Time><Position><LatitudeDegrees>56.84180868297167</LatitudeDegrees><LongitudeDegrees>60.671606282830915</LongitudeDegrees></Position></Trackpoint><Trackpoint><Time>2026-06-14T11:34:30.000Z</Time><Position><LatitudeDegrees>56.841808917692624</LatitudeDegrees><LongitudeDegrees>60.67158504237261</LongitudeDegrees></Position></Trackpoint><Trackpoint><Time>2026-06-14T11:34:31.000Z</Time><Position><LatitudeDegrees>56.84180893752903</LatitudeDegrees><LongitudeDegrees>60.671563570182954</LongitudeDegrees></Position></Trackpoint><Trackpoint><Time>2026-06-14T11:34:32.000Z</Time><Position><LatitudeDegrees>56.84180984554408</LatitudeDegrees><LongitudeDegrees>60.67154231042853</LongitudeDegrees></Position></Trackpoint><Trackpoint><Time>2026-06-14T11:34:33.000Z</Time><Position><LatitudeDegrees>56.84181100279835</LatitudeDegrees><LongitudeDegrees>60.671519949934364</LongitudeDegrees></Position></Trackpoint><Trackpoint><Time>2026-06-14T11:34:34.000Z</Time><Position><LatitudeDegrees>56.84181211416582</LatitudeDegrees><LongitudeDegrees>60.67149706839073</LongitudeDegrees></Position></Trackpoint><Trackpoint><Time>2026-06-14T11:34:35.000Z</Time><Position><LatitudeDegrees>56.841812084771995</LatitudeDegrees><LongitudeDegrees>60.67147348179869</LongitudeDegrees></Position></Trackpoint><Trackpoint><Time>2026-06-14T11:34:36.000Z</Time><Position><LatitudeDegrees>56.84181158934729</LatitudeDegrees><LongitudeDegrees>60.67144969448389</LongitudeDegrees></Position></Trackpoint><Trackpoint><Time>2026-06-14T11:34:37.000Z</Time><Position><LatitudeDegrees>56.84181096558253</LatitudeDegrees><LongitudeDegrees>60.671426919128116</LongitudeDegrees></Position></Trackpoint><Trackpoint><Time>2026-06-14T11:34:38.000Z</Time><Position><LatitudeDegrees>56.84181085863295</LatitudeDegrees><LongitudeDegrees>60.671404546049544</LongitudeDegrees></Position></Trackpoint><Trackpoint><Time>2026-06-14T11:34:39.000Z</Time><Position><LatitudeDegrees>56.8418109782519</LatitudeDegrees><LongitudeDegrees>60.6713827621398</LongitudeDegrees></Position></Trackpoint><Trackpoint><Time>2026-06-14T11:34:40.000Z</Time><Position><LatitudeDegrees>56.84181117582642</LatitudeDegrees><LongitudeDegrees>60.67136352719065</LongitudeDegrees></Position></Trackpoint><Trackpoint><Time>2026-06-14T11:34:41.000Z</Time><Position><LatitudeDegrees>56.84181138014725</LatitudeDegrees><LongitudeDegrees>60.6713483003757</LongitudeDegrees></Position></Trackpoint><Trackpoint><Time>2026-06-14T11:34:42.000Z</Time><Position><LatitudeDegrees>56.84181165014513</LatitudeDegrees><LongitudeDegrees>60.671330631233175</LongitudeDegrees></Position></Trackpoint><Trackpoint><Time>2026-06-14T11:34:43.000Z</Time><Position><LatitudeDegrees>56.84181124468065</LatitudeDegrees><LongitudeDegrees>60.671323870712385</LongitudeDegrees></Position></Trackpoint><Trackpoint><Time>2026-06-14T11:34:44.000Z</Time><Position><LatitudeDegrees>56.841810702201954</LatitudeDegrees><LongitudeDegrees>60.67131593346825</LongitudeDegrees></Position></Trackpoint><Trackpoint><Time>2026-06-14T11:34:45.000Z</Time><Position><LatitudeDegrees>56.84181017292256</LatitudeDegrees><LongitudeDegrees>60.67130657190099</LongitudeDegrees></Position></Trackpoint><Trackpoint><Time>2026-06-14T11:34:46.000Z</Time><Position><LatitudeDegrees>56.84180922740066</LatitudeDegrees><LongitudeDegrees>60.671295866850485</LongitudeDegrees></Position></Trackpoint><Trackpoint><Time>2026-06-14T11:34:47.000Z</Time><Position><LatitudeDegrees>56.84180774220191</LatitudeDegrees><LongitudeDegrees>60.67128353443271</LongitudeDegrees></Position></Trackpoint><Trackpoint><Time>2026-06-14T11:34:48.000Z</Time><Position><LatitudeDegrees>56.84180573575862</LatitudeDegrees><LongitudeDegrees>60.67126917699426</LongitudeDegrees></Position></Trackpoint><Trackpoint><Time>2026-06-14T11:34:49.000Z</Time><Position><LatitudeDegrees>56.84180328256279</LatitudeDegrees><LongitudeDegrees>60.67125289067654</LongitudeDegrees></Position></Trackpoint><Trackpoint><Time>2026-06-14T11:34:50.000Z</Time><Position><LatitudeDegrees>56.84180096024334</LatitudeDegrees><LongitudeDegrees>60.67123594186377</LongitudeDegrees></Position></Trackpoint><Trackpoint><Time>2026-06-14T11:34:51.000Z</Time><Position><LatitudeDegrees>56.84179898988933</LatitudeDegrees><LongitudeDegrees>60.6712184475148</LongitudeDegrees></Position></Trackpoint><Trackpoint><Time>2026-06-14T11:34:52.000Z</Time><Position><LatitudeDegrees>56.841797906988994</LatitudeDegrees><LongitudeDegrees>60.671200525815955</LongitudeDegrees></Position></Trackpoint><Trackpoint><Time>2026-06-14T11:34:53.000Z</Time><Position><LatitudeDegrees>56.841797328560304</LatitudeDegrees><LongitudeDegrees>60.671181301068756</LongitudeDegrees></Position></Trackpoint><Trackpoint><Time>2026-06-14T11:34:54.000Z</Time><Position><LatitudeDegrees>56.84179752174092</LatitudeDegrees><LongitudeDegrees>60.671161559096895</LongitudeDegrees></Position></Trackpoint><Trackpoint><Time>2026-06-14T11:34:55.000Z</Time><Position><LatitudeDegrees>56.84179849751216</LatitudeDegrees><LongitudeDegrees>60.671141689913775</LongitudeDegrees></Position></Trackpoint><Trackpoint><Time>2026-06-14T11:34:56.000Z</Time><Position><LatitudeDegrees>56.84179967034155</LatitudeDegrees><LongitudeDegrees>60.671121380856675</LongitudeDegrees></Position></Trackpoint><Trackpoint><Time>2026-06-14T11:34:57.000Z</Time><Position><LatitudeDegrees>56.841800773795185</LatitudeDegrees><LongitudeDegrees>60.67110055961783</LongitudeDegrees></Position></Trackpoint><Trackpoint><Time>2026-06-14T11:34:58.000Z</Time><Position><LatitudeDegrees>56.84180219666159</LatitudeDegrees><LongitudeDegrees>60.671079262156226</LongitudeDegrees></Position></Trackpoint><Trackpoint><Time>2026-06-14T11:34:59.000Z</Time><Position><LatitudeDegrees>56.84180356845007</LatitudeDegrees><LongitudeDegrees>60.67105805401407</LongitudeDegrees></Position></Trackpoint><Trackpoint><Time>2026-06-14T11:35:00.000Z</Time><Position><LatitudeDegrees>56.84180474313599</LatitudeDegrees><LongitudeDegrees>60.67103715663648</LongitudeDegrees></Position></Trackpoint><Trackpoint><Time>2026-06-14T11:35:01.000Z</Time><Position><LatitudeDegrees>56.841805685879336</LatitudeDegrees><LongitudeDegrees>60.671015152503934</LongitudeDegrees></Position></Trackpoint><Trackpoint><Time>2026-06-14T11:35:02.000Z</Time><Position><LatitudeDegrees>56.84180641210131</LatitudeDegrees><LongitudeDegrees>60.670992579106176</LongitudeDegrees></Position></Trackpoint><Trackpoint><Time>2026-06-14T11:35:03.000Z</Time><Position><LatitudeDegrees>56.841806955943085</LatitudeDegrees><LongitudeDegrees>60.67097022047435</LongitudeDegrees></Position></Trackpoint><Trackpoint><Time>2026-06-14T11:35:04.000Z</Time><Position><LatitudeDegrees>56.84180735487333</LatitudeDegrees><LongitudeDegrees>60.67094739271251</LongitudeDegrees></Position></Trackpoint><Trackpoint><Time>2026-06-14T11:35:05.000Z</Time><Position><LatitudeDegrees>56.84180715331147</LatitudeDegrees><LongitudeDegrees>60.67092436399225</LongitudeDegrees></Position></Trackpoint><Trackpoint><Time>2026-06-14T11:35:06.000Z</Time><Position><LatitudeDegrees>56.841806730317096</LatitudeDegrees><LongitudeDegrees>60.67090127054828</LongitudeDegrees></Position></Trackpoint><Trackpoint><Time>2026-06-14T11:35:07.000Z</Time><Position><LatitudeDegrees>56.841806270420115</LatitudeDegrees><LongitudeDegrees>60.67087817679378</LongitudeDegrees></Position></Trackpoint><Trackpoint><Time>2026-06-14T11:35:08.000Z</Time><Position><LatitudeDegrees>56.84180536474187</LatitudeDegrees><LongitudeDegrees>60.670855598906726</LongitudeDegrees></Position></Trackpoint><Trackpoint><Time>2026-06-14T11:35:09.000Z</Time><Position><LatitudeDegrees>56.8418048813291</LatitudeDegrees><LongitudeDegrees>60.67083319364501</LongitudeDegrees></Position></Trackpoint><Trackpoint><Time>2026-06-14T11:35:10.000Z</Time><Position><LatitudeDegrees>56.84180512347523</LatitudeDegrees><LongitudeDegrees>60.670810307883244</LongitudeDegrees></Position></Trackpoint><Trackpoint><Time>2026-06-14T11:35:11.000Z</Time><Position><LatitudeDegrees>56.84180563335163</LatitudeDegrees><LongitudeDegrees>60.6707872239247</LongitudeDegrees></Position></Trackpoint><Trackpoint><Time>2026-06-14T11:35:12.000Z</Time><Position><LatitudeDegrees>56.84180618804642</LatitudeDegrees><LongitudeDegrees>60.67076408346953</LongitudeDegrees></Position></Trackpoint><Trackpoint><Time>2026-06-14T11:35:13.000Z</Time><Position><LatitudeDegrees>56.84180669000468</LatitudeDegrees><LongitudeDegrees>60.67074144173646</LongitudeDegrees></Position></Trackpoint><Trackpoint><Time>2026-06-14T11:35:14.000Z</Time><Position><LatitudeDegrees>56.841807595429316</LatitudeDegrees><LongitudeDegrees>60.67071946337285</LongitudeDegrees></Position></Trackpoint><Trackpoint><Time>2026-06-14T11:35:15.000Z</Time><Position><LatitudeDegrees>56.84180855080498</LatitudeDegrees><LongitudeDegrees>60.67069715182226</LongitudeDegrees></Position></Trackpoint><Trackpoint><Time>2026-06-14T11:35:16.000Z</Time><Position><LatitudeDegrees>56.8418089145205</LatitudeDegrees><LongitudeDegrees>60.6706746290442</LongitudeDegrees></Position></Trackpoint><Trackpoint><Time>2026-06-14T11:35:17.000Z</Time><Position><LatitudeDegrees>56.841808498277686</LatitudeDegrees><LongitudeDegrees>60.67065197237637</LongitudeDegrees></Position></Trackpoint><Trackpoint><Time>2026-06-14T11:35:18.000Z</Time><Position><LatitudeDegrees>56.84180732463554</LatitudeDegrees><LongitudeDegrees>60.67062923085357</LongitudeDegrees></Position></Trackpoint><Trackpoint><Time>2026-06-14T11:35:19.000Z</Time><Position><LatitudeDegrees>56.84180598970629</LatitudeDegrees><LongitudeDegrees>60.6706069251716</LongitudeDegrees></Position></Trackpoint><Trackpoint><Time>2026-06-14T11:35:20.000Z</Time><Position><LatitudeDegrees>56.841805249300386</LatitudeDegrees><LongitudeDegrees>60.670584724220205</LongitudeDegrees></Position></Trackpoint><Trackpoint><Time>2026-06-14T11:35:21.000Z</Time><Position><LatitudeDegrees>56.84180435915839</LatitudeDegrees><LongitudeDegrees>60.670562967805765</LongitudeDegrees></Position></Trackpoint><Trackpoint><Time>2026-06-14T11:35:22.000Z</Time><Position><LatitudeDegrees>56.84180352159845</LatitudeDegrees><LongitudeDegrees>60.67054124920561</LongitudeDegrees></Position></Trackpoint><Trackpoint><Time>2026-06-14T11:35:23.000Z</Time><Position><LatitudeDegrees>56.841802323582485</LatitudeDegrees><LongitudeDegrees>60.67051939606438</LongitudeDegrees></Position></Trackpoint><Trackpoint><Time>2026-06-14T11:35:24.000Z</Time><Position><LatitudeDegrees>56.84180113088225</LatitudeDegrees><LongitudeDegrees>60.67049735466852</LongitudeDegrees></Position></Trackpoint><Trackpoint><Time>2026-06-14T11:35:25.000Z</Time><Position><LatitudeDegrees>56.8418005830631</LatitudeDegrees><LongitudeDegrees>60.670474147837965</LongitudeDegrees></Position></Trackpoint><Trackpoint><Time>2026-06-14T11:35:26.000Z</Time><Position><LatitudeDegrees>56.84180135036048</LatitudeDegrees><LongitudeDegrees>60.67045001232978</LongitudeDegrees></Position></Trackpoint><Trackpoint><Time>2026-06-14T11:35:27.000Z</Time><Position><LatitudeDegrees>56.84180256078524</LatitudeDegrees><LongitudeDegrees>60.670425164842776</LongitudeDegrees></Position></Trackpoint><Trackpoint><Time>2026-06-14T11:35:28.000Z</Time><Position><LatitudeDegrees>56.84180330873783</LatitudeDegrees><LongitudeDegrees>60.6704007652234</LongitudeDegrees></Position></Trackpoint><Trackpoint><Time>2026-06-14T11:35:29.000Z</Time><Position><LatitudeDegrees>56.84180377023038</LatitudeDegrees><LongitudeDegrees>60.67037674404134</LongitudeDegrees></Position></Trackpoint><Trackpoint><Time>2026-06-14T11:35:30.000Z</Time><Position><LatitudeDegrees>56.841803564906634</LatitudeDegrees><LongitudeDegrees>60.67035351374165</LongitudeDegrees></Position></Trackpoint><Trackpoint><Time>2026-06-14T11:35:31.000Z</Time><Position><LatitudeDegrees>56.841803111318704</LatitudeDegrees><LongitudeDegrees>60.67033065306378</LongitudeDegrees></Position></Trackpoint><Trackpoint><Time>2026-06-14T11:35:32.000Z</Time><Position><LatitudeDegrees>56.84180261370462</LatitudeDegrees><LongitudeDegrees>60.67030794107817</LongitudeDegrees></Position></Trackpoint><Trackpoint><Time>2026-06-14T11:35:33.000Z</Time><Position><LatitudeDegrees>56.8418016722165</LatitudeDegrees><LongitudeDegrees>60.670285267714256</LongitudeDegrees></Position></Trackpoint><Trackpoint><Time>2026-06-14T11:35:34.000Z</Time><Position><LatitudeDegrees>56.8418001791542</LatitudeDegrees><LongitudeDegrees>60.67026307229488</LongitudeDegrees></Position></Trackpoint><Trackpoint><Time>2026-06-14T11:35:35.000Z</Time><Position><LatitudeDegrees>56.84179865056755</LatitudeDegrees><LongitudeDegrees>60.670240984793764</LongitudeDegrees></Position></Trackpoint><Trackpoint><Time>2026-06-14T11:35:36.000Z</Time><Position><LatitudeDegrees>56.841797793153184</LatitudeDegrees><LongitudeDegrees>60.670218349359985</LongitudeDegrees></Position></Trackpoint><Trackpoint><Time>2026-06-14T11:35:37.000Z</Time><Position><LatitudeDegrees>56.841797322197785</LatitudeDegrees><LongitudeDegrees>60.67019594543982</LongitudeDegrees></Position></Trackpoint><Trackpoint><Time>2026-06-14T11:35:38.000Z</Time><Position><LatitudeDegrees>56.84179658123487</LatitudeDegrees><LongitudeDegrees>60.67017406432083</LongitudeDegrees></Position></Trackpoint><Trackpoint><Time>2026-06-14T11:35:39.000Z</Time><Position><LatitudeDegrees>56.84179582417532</LatitudeDegrees><LongitudeDegrees>60.6701527588642</LongitudeDegrees></Position></Trackpoint><Trackpoint><Time>2026-06-14T11:35:40.000Z</Time><Position><LatitudeDegrees>56.84179564726471</LatitudeDegrees><LongitudeDegrees>60.67013197695453</LongitudeDegrees></Position></Trackpoint><Trackpoint><Time>2026-06-14T11:35:41.000Z</Time><Position><LatitudeDegrees>56.84179524237437</LatitudeDegrees><LongitudeDegrees>60.67011114032189</LongitudeDegrees></Position></Trackpoint><Trackpoint><Time>2026-06-14T11:35:42.000Z</Time><Position><LatitudeDegrees>56.841794795561434</LatitudeDegrees><LongitudeDegrees>60.67008903861781</LongitudeDegrees></Position></Trackpoint><Trackpoint><Time>2026-06-14T11:35:43.000Z</Time><Position><LatitudeDegrees>56.84179438883114</LatitudeDegrees><LongitudeDegrees>60.67006631497167</LongitudeDegrees></Position></Trackpoint><Trackpoint><Time>2026-06-14T11:35:44.000Z</Time><Position><LatitudeDegrees>56.84179454042205</LatitudeDegrees><LongitudeDegrees>60.670042824460296</LongitudeDegrees></Position></Trackpoint><Trackpoint><Time>2026-06-14T11:35:45.000Z</Time><Position><LatitudeDegrees>56.841794902491785</LatitudeDegrees><LongitudeDegrees>60.6700190954361</LongitudeDegrees></Position></Trackpoint><Trackpoint><Time>2026-06-14T11:35:46.000Z</Time><Position><LatitudeDegrees>56.84179530477262</LatitudeDegrees><LongitudeDegrees>60.66999488649438</LongitudeDegrees></Position></Trackpoint><Trackpoint><Time>2026-06-14T11:35:47.000Z</Time><Position><LatitudeDegrees>56.841795671981586</LatitudeDegrees><LongitudeDegrees>60.66997162864516</LongitudeDegrees></Position></Trackpoint><Trackpoint><Time>2026-06-14T11:35:48.000Z</Time><Position><LatitudeDegrees>56.84179597761608</LatitudeDegrees><LongitudeDegrees>60.669949299544186</LongitudeDegrees></Position></Trackpoint><Trackpoint><Time>2026-06-14T11:35:49.000Z</Time><Position><LatitudeDegrees>56.84179621866442</LatitudeDegrees><LongitudeDegrees>60.669928260396546</LongitudeDegrees></Position></Trackpoint><Trackpoint><Time>2026-06-14T11:35:50.000Z</Time><Position><LatitudeDegrees>56.841796402175845</LatitudeDegrees><LongitudeDegrees>60.66990751517373</LongitudeDegrees></Position></Trackpoint><Trackpoint><Time>2026-06-14T11:35:51.000Z</Time><Position><LatitudeDegrees>56.84179702804885</LatitudeDegrees><LongitudeDegrees>60.669886615953196</LongitudeDegrees></Position></Trackpoint><Trackpoint><Time>2026-06-14T11:35:52.000Z</Time><Position><LatitudeDegrees>56.84179775577126</LatitudeDegrees><LongitudeDegrees>60.669865398030865</LongitudeDegrees></Position></Trackpoint><Trackpoint><Time>2026-06-14T11:35:53.000Z</Time><Position><LatitudeDegrees>56.841797942425956</LatitudeDegrees><LongitudeDegrees>60.669842855259766</LongitudeDegrees></Position></Trackpoint><Trackpoint><Time>2026-06-14T11:35:54.000Z</Time><Position><LatitudeDegrees>56.84179788229408</LatitudeDegrees><LongitudeDegrees>60.66981972253859</LongitudeDegrees></Position></Trackpoint><Trackpoint><Time>2026-06-14T11:35:55.000Z</Time><Position><LatitudeDegrees>56.8417977282451</LatitudeDegrees><LongitudeDegrees>60.66979637824233</LongitudeDegrees></Position></Trackpoint><Trackpoint><Time>2026-06-14T11:35:56.000Z</Time><Position><LatitudeDegrees>56.84179706567925</LatitudeDegrees><LongitudeDegrees>60.66977349496439</LongitudeDegrees></Position></Trackpoint><Trackpoint><Time>2026-06-14T11:35:57.000Z</Time><Position><LatitudeDegrees>56.84179627872853</LatitudeDegrees><LongitudeDegrees>60.66975031130891</LongitudeDegrees></Position></Trackpoint><Trackpoint><Time>2026-06-14T11:35:58.000Z</Time><Position><LatitudeDegrees>56.8417955415559</LatitudeDegrees><LongitudeDegrees>60.66972704187131</LongitudeDegrees></Position></Trackpoint><Trackpoint><Time>2026-06-14T11:35:59.000Z</Time><Position><LatitudeDegrees>56.841793940277306</LatitudeDegrees><LongitudeDegrees>60.66970329642853</LongitudeDegrees></Position></Trackpoint><Trackpoint><Time>2026-06-14T11:36:00.000Z</Time><Position><LatitudeDegrees>56.84179218865274</LatitudeDegrees><LongitudeDegrees>60.66967946497886</LongitudeDegrees></Position></Trackpoint><Trackpoint><Time>2026-06-14T11:36:01.000Z</Time><Position><LatitudeDegrees>56.841790110318435</LatitudeDegrees><LongitudeDegrees>60.66965571917546</LongitudeDegrees></Position></Trackpoint><Trackpoint><Time>2026-06-14T11:36:02.000Z</Time><Position><LatitudeDegrees>56.841788164185225</LatitudeDegrees><LongitudeDegrees>60.669632608328875</LongitudeDegrees></Position></Trackpoint><Trackpoint><Time>2026-06-14T11:36:03.000Z</Time><Position><LatitudeDegrees>56.84178652228008</LatitudeDegrees><LongitudeDegrees>60.669609297946515</LongitudeDegrees></Position></Trackpoint><Trackpoint><Time>2026-06-14T11:36:04.000Z</Time><Position><LatitudeDegrees>56.84178521640224</LatitudeDegrees><LongitudeDegrees>60.66958644918786</LongitudeDegrees></Position></Trackpoint><Trackpoint><Time>2026-06-14T11:36:05.000Z</Time><Position><LatitudeDegrees>56.8417842165191</LatitudeDegrees><LongitudeDegrees>60.66956378548111</LongitudeDegrees></Position></Trackpoint><Trackpoint><Time>2026-06-14T11:36:06.000Z</Time><Position><LatitudeDegrees>56.84178347098826</LatitudeDegrees><LongitudeDegrees>60.66954116917364</LongitudeDegrees></Position></Trackpoint><Trackpoint><Time>2026-06-14T11:36:07.000Z</Time><Position><LatitudeDegrees>56.84178292589594</LatitudeDegrees><LongitudeDegrees>60.66951804788127</LongitudeDegrees></Position></Trackpoint><Trackpoint><Time>2026-06-14T11:36:08.000Z</Time><Position><LatitudeDegrees>56.84178253331266</LatitudeDegrees><LongitudeDegrees>60.66949425892782</LongitudeDegrees></Position></Trackpoint><Trackpoint><Time>2026-06-14T11:36:09.000Z</Time><Position><LatitudeDegrees>56.84178225392515</LatitudeDegrees><LongitudeDegrees>60.66947080023233</LongitudeDegrees></Position></Trackpoint><Trackpoint><Time>2026-06-14T11:36:10.000Z</Time><Position><LatitudeDegrees>56.841782057014406</LatitudeDegrees><LongitudeDegrees>60.66944755077243</LongitudeDegrees></Position></Trackpoint><Trackpoint><Time>2026-06-14T11:36:11.000Z</Time><Position><LatitudeDegrees>56.84178191934354</LatitudeDegrees><LongitudeDegrees>60.66942492346261</LongitudeDegrees></Position></Trackpoint><Trackpoint><Time>2026-06-14T11:36:12.000Z</Time><Position><LatitudeDegrees>56.841781334128854</LatitudeDegrees><LongitudeDegrees>60.66940251889218</LongitudeDegrees></Position></Trackpoint><Trackpoint><Time>2026-06-14T11:36:13.000Z</Time><Position><LatitudeDegrees>56.84178112932274</LatitudeDegrees><LongitudeDegrees>60.66938014398224</LongitudeDegrees></Position></Trackpoint><Trackpoint><Time>2026-06-14T11:36:14.000Z</Time><Position><LatitudeDegrees>56.841781107468115</LatitudeDegrees><LongitudeDegrees>60.66935722579897</LongitudeDegrees></Position></Trackpoint><Trackpoint><Time>2026-06-14T11:36:15.000Z</Time><Position><LatitudeDegrees>56.841780674153405</LatitudeDegrees><LongitudeDegrees>60.66933408772803</LongitudeDegrees></Position></Trackpoint><Trackpoint><Time>2026-06-14T11:36:16.000Z</Time><Position><LatitudeDegrees>56.841780127000995</LatitudeDegrees><LongitudeDegrees>60.669310401562065</LongitudeDegrees></Position></Trackpoint><Trackpoint><Time>2026-06-14T11:36:17.000Z</Time><Position><LatitudeDegrees>56.841779603192606</LatitudeDegrees><LongitudeDegrees>60.6692861024815</LongitudeDegrees></Position></Trackpoint><Trackpoint><Time>2026-06-14T11:36:18.000Z</Time><Position><LatitudeDegrees>56.841779156228085</LatitudeDegrees><LongitudeDegrees>60.669260752847514</LongitudeDegrees></Position></Trackpoint><Trackpoint><Time>2026-06-14T11:36:19.000Z</Time><Position><LatitudeDegrees>56.841778798277645</LatitudeDegrees><LongitudeDegrees>60.66923479687341</LongitudeDegrees></Position></Trackpoint><Trackpoint><Time>2026-06-14T11:36:20.000Z</Time><Position><LatitudeDegrees>56.84177803331795</LatitudeDegrees><LongitudeDegrees>60.66920849532388</LongitudeDegrees></Position></Trackpoint><Trackpoint><Time>2026-06-14T11:36:21.000Z</Time><Position><LatitudeDegrees>56.841777198919694</LatitudeDegrees><LongitudeDegrees>60.669182979165825</LongitudeDegrees></Position></Trackpoint><Trackpoint><Time>2026-06-14T11:36:22.000Z</Time><Position><LatitudeDegrees>56.841775953407456</LatitudeDegrees><LongitudeDegrees>60.66915861336534</LongitudeDegrees></Position></Trackpoint><Trackpoint><Time>2026-06-14T11:36:23.000Z</Time><Position><LatitudeDegrees>56.841774698444375</LatitudeDegrees><LongitudeDegrees>60.669134421359736</LongitudeDegrees></Position></Trackpoint><Trackpoint><Time>2026-06-14T11:36:24.000Z</Time><Position><LatitudeDegrees>56.84177311105112</LatitudeDegrees><LongitudeDegrees>60.669109978661616</LongitudeDegrees></Position></Trackpoint><Trackpoint><Time>2026-06-14T11:36:25.000Z</Time><Position><LatitudeDegrees>56.84177110088093</LatitudeDegrees><LongitudeDegrees>60.66908563223955</LongitudeDegrees></Position></Trackpoint><Trackpoint><Time>2026-06-14T11:36:26.000Z</Time><Position><LatitudeDegrees>56.84176966421003</LatitudeDegrees><LongitudeDegrees>60.66906200224049</LongitudeDegrees></Position></Trackpoint><Trackpoint><Time>2026-06-14T11:36:27.000Z</Time><Position><LatitudeDegrees>56.84176864811979</LatitudeDegrees><LongitudeDegrees>60.669039252109826</LongitudeDegrees></Position></Trackpoint><Trackpoint><Time>2026-06-14T11:36:28.000Z</Time><Position><LatitudeDegrees>56.841767935652335</LatitudeDegrees><LongitudeDegrees>60.66901733623004</LongitudeDegrees></Position></Trackpoint><Trackpoint><Time>2026-06-14T11:36:29.000Z</Time><Position><LatitudeDegrees>56.84176743967099</LatitudeDegrees><LongitudeDegrees>60.66899465990763</LongitudeDegrees></Position></Trackpoint><Trackpoint><Time>2026-06-14T11:36:30.000Z</Time><Position><LatitudeDegrees>56.8417670965043</LatitudeDegrees><LongitudeDegrees>60.66897066399629</LongitudeDegrees></Position></Trackpoint><Trackpoint><Time>2026-06-14T11:36:31.000Z</Time><Position><LatitudeDegrees>56.84176637070608</LatitudeDegrees><LongitudeDegrees>60.66894577719878</LongitudeDegrees></Position></Trackpoint><Trackpoint><Time>2026-06-14T11:36:32.000Z</Time><Position><LatitudeDegrees>56.841766070093165</LatitudeDegrees><LongitudeDegrees>60.66892029041309</LongitudeDegrees></Position></Trackpoint><Trackpoint><Time>2026-06-14T11:36:33.000Z</Time><Position><LatitudeDegrees>56.84176647277957</LatitudeDegrees><LongitudeDegrees>60.66889440044829</LongitudeDegrees></Position></Trackpoint><Trackpoint><Time>2026-06-14T11:36:34.000Z</Time><Position><LatitudeDegrees>56.84176711342389</LatitudeDegrees><LongitudeDegrees>60.66886872971495</LongitudeDegrees></Position></Trackpoint><Trackpoint><Time>2026-06-14T11:36:35.000Z</Time><Position><LatitudeDegrees>56.84176776984149</LatitudeDegrees><LongitudeDegrees>60.66884399601511</LongitudeDegrees></Position></Trackpoint><Trackpoint><Time>2026-06-14T11:36:36.000Z</Time><Position><LatitudeDegrees>56.84176785889423</LatitudeDegrees><LongitudeDegrees>60.66882086430737</LongitudeDegrees></Position></Trackpoint><Trackpoint><Time>2026-06-14T11:36:37.000Z</Time><Position><LatitudeDegrees>56.8417672132468</LatitudeDegrees><LongitudeDegrees>60.668798423609346</LongitudeDegrees></Position></Trackpoint><Trackpoint><Time>2026-06-14T11:36:38.000Z</Time><Position><LatitudeDegrees>56.84176585828258</LatitudeDegrees><LongitudeDegrees>60.6687766996687</LongitudeDegrees></Position></Trackpoint><Trackpoint><Time>2026-06-14T11:36:39.000Z</Time><Position><LatitudeDegrees>56.84176438510566</LatitudeDegrees><LongitudeDegrees>60.66875463187319</LongitudeDegrees></Position></Trackpoint><Trackpoint><Time>2026-06-14T11:36:40.000Z</Time><Position><LatitudeDegrees>56.84176305232484</LatitudeDegrees><LongitudeDegrees>60.668731827560606</LongitudeDegrees></Position></Trackpoint><Trackpoint><Time>2026-06-14T11:36:41.000Z</Time><Position><LatitudeDegrees>56.84176194842422</LatitudeDegrees><LongitudeDegrees>60.66870870916101</LongitudeDegrees></Position></Trackpoint><Trackpoint><Time>2026-06-14T11:36:42.000Z</Time><Position><LatitudeDegrees>56.84176157007869</LatitudeDegrees><LongitudeDegrees>60.66868549095778</LongitudeDegrees></Position></Trackpoint><Trackpoint><Time>2026-06-14T11:36:43.000Z</Time><Position><LatitudeDegrees>56.841761049490394</LatitudeDegrees><LongitudeDegrees>60.66866178439899</LongitudeDegrees></Position></Trackpoint><Trackpoint><Time>2026-06-14T11:36:44.000Z</Time><Position><LatitudeDegrees>56.841761026749126</LatitudeDegrees><LongitudeDegrees>60.66863700253508</LongitudeDegrees></Position></Trackpoint><Trackpoint><Time>2026-06-14T11:36:45.000Z</Time><Position><LatitudeDegrees>56.84176072234605</LatitudeDegrees><LongitudeDegrees>60.668612020875656</LongitudeDegrees></Position></Trackpoint><Trackpoint><Time>2026-06-14T11:36:46.000Z</Time><Position><LatitudeDegrees>56.841760341014925</LatitudeDegrees><LongitudeDegrees>60.66858722562824</LongitudeDegrees></Position></Trackpoint><Trackpoint><Time>2026-06-14T11:36:47.000Z</Time><Position><LatitudeDegrees>56.84175997694554</LatitudeDegrees><LongitudeDegrees>60.66856324153087</LongitudeDegrees></Position></Trackpoint><Trackpoint><Time>2026-06-14T11:36:48.000Z</Time><Position><LatitudeDegrees>56.84175966671287</LatitudeDegrees><LongitudeDegrees>60.66853973215101</LongitudeDegrees></Position></Trackpoint><Trackpoint><Time>2026-06-14T11:36:49.000Z</Time><Position><LatitudeDegrees>56.84175892885922</LatitudeDegrees><LongitudeDegrees>60.66851698761588</LongitudeDegrees></Position></Trackpoint><Trackpoint><Time>2026-06-14T11:36:50.000Z</Time><Position><LatitudeDegrees>56.8417581095994</LatitudeDegrees><LongitudeDegrees>60.66849453963225</LongitudeDegrees></Position></Trackpoint><Trackpoint><Time>2026-06-14T11:36:51.000Z</Time><Position><LatitudeDegrees>56.841757361964554</LatitudeDegrees><LongitudeDegrees>60.66847215727941</LongitudeDegrees></Position></Trackpoint><Trackpoint><Time>2026-06-14T11:36:52.000Z</Time><Position><LatitudeDegrees>56.84175673978507</LatitudeDegrees><LongitudeDegrees>60.668449737032915</LongitudeDegrees></Position></Trackpoint><Trackpoint><Time>2026-06-14T11:36:53.000Z</Time><Position><LatitudeDegrees>56.841756249128075</LatitudeDegrees><LongitudeDegrees>60.66842724112153</LongitudeDegrees></Position></Trackpoint><Trackpoint><Time>2026-06-14T11:36:54.000Z</Time><Position><LatitudeDegrees>56.84175538600089</LatitudeDegrees><LongitudeDegrees>60.66840466370127</LongitudeDegrees></Position></Trackpoint><Trackpoint><Time>2026-06-14T11:36:55.000Z</Time><Position><LatitudeDegrees>56.841754480259134</LatitudeDegrees><LongitudeDegrees>60.66838152321632</LongitudeDegrees></Position></Trackpoint><Trackpoint><Time>2026-06-14T11:36:56.000Z</Time><Position><LatitudeDegrees>56.84175318360723</LatitudeDegrees><LongitudeDegrees>60.66835769361443</LongitudeDegrees></Position></Trackpoint><Trackpoint><Time>2026-06-14T11:36:57.000Z</Time><Position><LatitudeDegrees>56.841752381999434</LatitudeDegrees><LongitudeDegrees>60.6683332114302</LongitudeDegrees></Position></Trackpoint><Trackpoint><Time>2026-06-14T11:36:58.000Z</Time><Position><LatitudeDegrees>56.84175237676307</LatitudeDegrees><LongitudeDegrees>60.66830817546775</LongitudeDegrees></Position></Trackpoint><Trackpoint><Time>2026-06-14T11:36:59.000Z</Time><Position><LatitudeDegrees>56.84175172094985</LatitudeDegrees><LongitudeDegrees>60.668282697494504</LongitudeDegrees></Position></Trackpoint><Trackpoint><Time>2026-06-14T11:37:00.000Z</Time><Position><LatitudeDegrees>56.84175088138003</LatitudeDegrees><LongitudeDegrees>60.668257369882056</LongitudeDegrees></Position></Trackpoint><Trackpoint><Time>2026-06-14T11:37:01.000Z</Time><Position><LatitudeDegrees>56.84175007389063</LatitudeDegrees><LongitudeDegrees>60.66823192767958</LongitudeDegrees></Position></Trackpoint><Trackpoint><Time>2026-06-14T11:37:02.000Z</Time><Position><LatitudeDegrees>56.84174938325305</LatitudeDegrees><LongitudeDegrees>60.66820725570019</LongitudeDegrees></Position></Trackpoint><Trackpoint><Time>2026-06-14T11:37:03.000Z</Time><Position><LatitudeDegrees>56.841748829381245</LatitudeDegrees><LongitudeDegrees>60.668183129871835</LongitudeDegrees></Position></Trackpoint><Trackpoint><Time>2026-06-14T11:37:04.000Z</Time><Position><LatitudeDegrees>56.84174889253337</LatitudeDegrees><LongitudeDegrees>60.6681588982059</LongitudeDegrees></Position></Trackpoint><Trackpoint><Time>2026-06-14T11:37:05.000Z</Time><Position><LatitudeDegrees>56.841749201691044</LatitudeDegrees><LongitudeDegrees>60.66813430577584</LongitudeDegrees></Position></Trackpoint><Trackpoint><Time>2026-06-14T11:37:06.000Z</Time><Position><LatitudeDegrees>56.84175006209271</LatitudeDegrees><LongitudeDegrees>60.6681092938979</LongitudeDegrees></Position></Trackpoint><Trackpoint><Time>2026-06-14T11:37:07.000Z</Time><Position><LatitudeDegrees>56.841750549473154</LatitudeDegrees><LongitudeDegrees>60.66808340262906</LongitudeDegrees></Position></Trackpoint><Trackpoint><Time>2026-06-14T11:37:08.000Z</Time><Position><LatitudeDegrees>56.84175082067649</LatitudeDegrees><LongitudeDegrees>60.66805753463917</LongitudeDegrees></Position></Trackpoint><Trackpoint><Time>2026-06-14T11:37:09.000Z</Time><Position><LatitudeDegrees>56.84175047843172</LatitudeDegrees><LongitudeDegrees>60.66803156907933</LongitudeDegrees></Position></Trackpoint><Trackpoint><Time>2026-06-14T11:37:10.000Z</Time><Position><LatitudeDegrees>56.84174943786454</LatitudeDegrees><LongitudeDegrees>60.668005958313515</LongitudeDegrees></Position></Trackpoint><Trackpoint><Time>2026-06-14T11:37:11.000Z</Time><Position><LatitudeDegrees>56.841747753649514</LatitudeDegrees><LongitudeDegrees>60.66798084310302</LongitudeDegrees></Position></Trackpoint><Trackpoint><Time>2026-06-14T11:37:12.000Z</Time><Position><LatitudeDegrees>56.841746020525285</LatitudeDegrees><LongitudeDegrees>60.6679547489824</LongitudeDegrees></Position></Trackpoint><Trackpoint><Time>2026-06-14T11:37:13.000Z</Time><Position><LatitudeDegrees>56.84174400009187</LatitudeDegrees><LongitudeDegrees>60.6679281735805</LongitudeDegrees></Position></Trackpoint><Trackpoint><Time>2026-06-14T11:37:14.000Z</Time><Position><LatitudeDegrees>56.84174212065452</LatitudeDegrees><LongitudeDegrees>60.6679018732198</LongitudeDegrees></Position></Trackpoint><Trackpoint><Time>2026-06-14T11:37:15.000Z</Time><Position><LatitudeDegrees>56.84174005089638</LatitudeDegrees><LongitudeDegrees>60.66787661368862</LongitudeDegrees></Position></Trackpoint><Trackpoint><Time>2026-06-14T11:37:16.000Z</Time><Position><LatitudeDegrees>56.84173865801872</LatitudeDegrees><LongitudeDegrees>60.667852576775246</LongitudeDegrees></Position></Trackpoint><Trackpoint><Time>2026-06-14T11:37:17.000Z</Time><Position><LatitudeDegrees>56.84173723306615</LatitudeDegrees><LongitudeDegrees>60.667830170035614</LongitudeDegrees></Position></Trackpoint><Trackpoint><Time>2026-06-14T11:37:18.000Z</Time><Position><LatitudeDegrees>56.84173646740517</LatitudeDegrees><LongitudeDegrees>60.66780788325267</LongitudeDegrees></Position></Trackpoint><Trackpoint><Time>2026-06-14T11:37:19.000Z</Time><Position><LatitudeDegrees>56.84173607153389</LatitudeDegrees><LongitudeDegrees>60.66778556868303</LongitudeDegrees></Position></Trackpoint><Trackpoint><Time>2026-06-14T11:37:20.000Z</Time><Position><LatitudeDegrees>56.841736368374434</LatitudeDegrees><LongitudeDegrees>60.66776218982618</LongitudeDegrees></Position></Trackpoint><Trackpoint><Time>2026-06-14T11:37:21.000Z</Time><Position><LatitudeDegrees>56.84173691239778</LatitudeDegrees><LongitudeDegrees>60.66773794602692</LongitudeDegrees></Position></Trackpoint><Trackpoint><Time>2026-06-14T11:37:22.000Z</Time><Position><LatitudeDegrees>56.841737488394664</LatitudeDegrees><LongitudeDegrees>60.66771303039612</LongitudeDegrees></Position></Trackpoint><Trackpoint><Time>2026-06-14T11:37:23.000Z</Time><Position><LatitudeDegrees>56.841738003630994</LatitudeDegrees><LongitudeDegrees>60.6676885879131</LongitudeDegrees></Position></Trackpoint><Trackpoint><Time>2026-06-14T11:37:24.000Z</Time><Position><LatitudeDegrees>56.8417384277143</LatitudeDegrees><LongitudeDegrees>60.667664539780084</LongitudeDegrees></Position></Trackpoint><Trackpoint><Time>2026-06-14T11:37:25.000Z</Time><Position><LatitudeDegrees>56.841738759827294</LatitudeDegrees><LongitudeDegrees>60.66764031332069</LongitudeDegrees></Position></Trackpoint><Trackpoint><Time>2026-06-14T11:37:26.000Z</Time><Position><LatitudeDegrees>56.841739501048274</LatitudeDegrees><LongitudeDegrees>60.6676156955756</LongitudeDegrees></Position></Trackpoint><Trackpoint><Time>2026-06-14T11:37:27.000Z</Time><Position><LatitudeDegrees>56.84174031561897</LatitudeDegrees><LongitudeDegrees>60.667590649061985</LongitudeDegrees></Position></Trackpoint><Trackpoint><Time>2026-06-14T11:37:28.000Z</Time><Position><LatitudeDegrees>56.841741545459236</LatitudeDegrees><LongitudeDegrees>60.66756619259621</LongitudeDegrees></Position></Trackpoint><Trackpoint><Time>2026-06-14T11:37:29.000Z</Time><Position><LatitudeDegrees>56.84174278847321</LatitudeDegrees><LongitudeDegrees>60.66754169080784</LongitudeDegrees></Position></Trackpoint><Trackpoint><Time>2026-06-14T11:37:30.000Z</Time><Position><LatitudeDegrees>56.84174436698422</LatitudeDegrees><LongitudeDegrees>60.66751688784721</LongitudeDegrees></Position></Trackpoint><Trackpoint><Time>2026-06-14T11:37:31.000Z</Time><Position><LatitudeDegrees>56.84174539145398</LatitudeDegrees><LongitudeDegrees>60.66749220661255</LongitudeDegrees></Position></Trackpoint><Trackpoint><Time>2026-06-14T11:37:32.000Z</Time><Position><LatitudeDegrees>56.84174556665132</LatitudeDegrees><LongitudeDegrees>60.66746780564409</LongitudeDegrees></Position></Trackpoint><Trackpoint><Time>2026-06-14T11:37:33.000Z</Time><Position><LatitudeDegrees>56.841744879993016</LatitudeDegrees><LongitudeDegrees>60.66744322465162</LongitudeDegrees></Position></Trackpoint><Trackpoint><Time>2026-06-14T11:37:34.000Z</Time><Position><LatitudeDegrees>56.841743926525375</LatitudeDegrees><LongitudeDegrees>60.66741780756748</LongitudeDegrees></Position></Trackpoint><Trackpoint><Time>2026-06-14T11:37:35.000Z</Time><Position><LatitudeDegrees>56.84174249594226</LatitudeDegrees><LongitudeDegrees>60.66739139151223</LongitudeDegrees></Position></Trackpoint><Trackpoint><Time>2026-06-14T11:37:36.000Z</Time><Position><LatitudeDegrees>56.841741052480266</LatitudeDegrees><LongitudeDegrees>60.66736452723373</LongitudeDegrees></Position></Trackpoint><Trackpoint><Time>2026-06-14T11:37:37.000Z</Time><Position><LatitudeDegrees>56.841739788980476</LatitudeDegrees><LongitudeDegrees>60.66733749907709</LongitudeDegrees></Position></Trackpoint><Trackpoint><Time>2026-06-14T11:37:38.000Z</Time><Position><LatitudeDegrees>56.84173876176341</LatitudeDegrees><LongitudeDegrees>60.66731093478924</LongitudeDegrees></Position></Trackpoint><Trackpoint><Time>2026-06-14T11:37:39.000Z</Time><Position><LatitudeDegrees>56.84173845330782</LatitudeDegrees><LongitudeDegrees>60.66728454374983</LongitudeDegrees></Position></Trackpoint><Trackpoint><Time>2026-06-14T11:37:40.000Z</Time><Position><LatitudeDegrees>56.84173848045198</LatitudeDegrees><LongitudeDegrees>60.66725867364614</LongitudeDegrees></Position></Trackpoint><Trackpoint><Time>2026-06-14T11:37:41.000Z</Time><Position><LatitudeDegrees>56.8417386423234</LatitudeDegrees><LongitudeDegrees>60.66723340080608</LongitudeDegrees></Position></Trackpoint><Trackpoint><Time>2026-06-14T11:37:42.000Z</Time><Position><LatitudeDegrees>56.84173834929343</LatitudeDegrees><LongitudeDegrees>60.667209169616775</LongitudeDegrees></Position></Trackpoint><Trackpoint><Time>2026-06-14T11:37:43.000Z</Time><Position><LatitudeDegrees>56.84173790652985</LatitudeDegrees><LongitudeDegrees>60.66718602939735</LongitudeDegrees></Position></Trackpoint><Trackpoint><Time>2026-06-14T11:37:44.000Z</Time><Position><LatitudeDegrees>56.84173696931839</LatitudeDegrees><LongitudeDegrees>60.66716337082411</LongitudeDegrees></Position></Trackpoint><Trackpoint><Time>2026-06-14T11:37:45.000Z</Time><Position><LatitudeDegrees>56.84173594876648</LatitudeDegrees><LongitudeDegrees>60.66714088113871</LongitudeDegrees></Position></Trackpoint><Trackpoint><Time>2026-06-14T11:37:46.000Z</Time><Position><LatitudeDegrees>56.84173502487848</LatitudeDegrees><LongitudeDegrees>60.66711743063906</LongitudeDegrees></Position></Trackpoint><Trackpoint><Time>2026-06-14T11:37:47.000Z</Time><Position><LatitudeDegrees>56.841734259379535</LatitudeDegrees><LongitudeDegrees>60.667092677395246</LongitudeDegrees></Position></Trackpoint><Trackpoint><Time>2026-06-14T11:37:48.000Z</Time><Position><LatitudeDegrees>56.84173414697173</LatitudeDegrees><LongitudeDegrees>60.66706713740497</LongitudeDegrees></Position></Trackpoint><Trackpoint><Time>2026-06-14T11:37:49.000Z</Time><Position><LatitudeDegrees>56.84173382834539</LatitudeDegrees><LongitudeDegrees>60.667040634540406</LongitudeDegrees></Position></Trackpoint><Trackpoint><Time>2026-06-14T11:37:50.000Z</Time><Position><LatitudeDegrees>56.84173297607597</LatitudeDegrees><LongitudeDegrees>60.66701370946031</LongitudeDegrees></Position></Trackpoint><Trackpoint><Time>2026-06-14T11:37:51.000Z</Time><Position><LatitudeDegrees>56.8417315238114</LatitudeDegrees><LongitudeDegrees>60.66698712862734</LongitudeDegrees></Position></Trackpoint><Trackpoint><Time>2026-06-14T11:37:52.000Z</Time><Position><LatitudeDegrees>56.841730010844785</LatitudeDegrees><LongitudeDegrees>60.66696067390215</LongitudeDegrees></Position></Trackpoint><Trackpoint><Time>2026-06-14T11:37:53.000Z</Time><Position><LatitudeDegrees>56.841728177455394</LatitudeDegrees><LongitudeDegrees>60.66693472887257</LongitudeDegrees></Position></Trackpoint><Trackpoint><Time>2026-06-14T11:37:54.000Z</Time><Position><LatitudeDegrees>56.841725957807355</LatitudeDegrees><LongitudeDegrees>60.66690840687295</LongitudeDegrees></Position></Trackpoint><Trackpoint><Time>2026-06-14T11:37:55.000Z</Time><Position><LatitudeDegrees>56.84172337436297</LatitudeDegrees><LongitudeDegrees>60.66688237034958</LongitudeDegrees></Position></Trackpoint><Trackpoint><Time>2026-06-14T11:37:56.000Z</Time><Position><LatitudeDegrees>56.8417209726763</LatitudeDegrees><LongitudeDegrees>60.6668568554795</LongitudeDegrees></Position></Trackpoint><Trackpoint><Time>2026-06-14T11:37:57.000Z</Time><Position><LatitudeDegrees>56.84171846448574</LatitudeDegrees><LongitudeDegrees>60.66683189257487</LongitudeDegrees></Position></Trackpoint><Trackpoint><Time>2026-06-14T11:37:58.000Z</Time><Position><LatitudeDegrees>56.841716234355786</LatitudeDegrees><LongitudeDegrees>60.66680791288594</LongitudeDegrees></Position></Trackpoint><Trackpoint><Time>2026-06-14T11:37:59.000Z</Time><Position><LatitudeDegrees>56.84171440497427</LatitudeDegrees><LongitudeDegrees>60.66678447821109</LongitudeDegrees></Position></Trackpoint><Trackpoint><Time>2026-06-14T11:38:00.000Z</Time><Position><LatitudeDegrees>56.84171248582205</LatitudeDegrees><LongitudeDegrees>60.66676133813253</LongitudeDegrees></Position></Trackpoint><Trackpoint><Time>2026-06-14T11:38:01.000Z</Time><Position><LatitudeDegrees>56.841710776019546</LatitudeDegrees><LongitudeDegrees>60.66673835170889</LongitudeDegrees></Position></Trackpoint><Trackpoint><Time>2026-06-14T11:38:02.000Z</Time><Position><LatitudeDegrees>56.841709371884804</LatitudeDegrees><LongitudeDegrees>60.666714951563804</LongitudeDegrees></Position></Trackpoint><Trackpoint><Time>2026-06-14T11:38:03.000Z</Time><Position><LatitudeDegrees>56.8417082738528</LatitudeDegrees><LongitudeDegrees>60.6666909571333</LongitudeDegrees></Position></Trackpoint><Trackpoint><Time>2026-06-14T11:38:04.000Z</Time><Position><LatitudeDegrees>56.84170744281486</LatitudeDegrees><LongitudeDegrees>60.6666653911095</LongitudeDegrees></Position></Trackpoint><Trackpoint><Time>2026-06-14T11:38:05.000Z</Time><Position><LatitudeDegrees>56.84170682839644</LatitudeDegrees><LongitudeDegrees>60.66663854232667</LongitudeDegrees></Position></Trackpoint><Trackpoint><Time>2026-06-14T11:38:06.000Z</Time><Position><LatitudeDegrees>56.841706382048834</LatitudeDegrees><LongitudeDegrees>60.6666111839872</LongitudeDegrees></Position></Trackpoint><Trackpoint><Time>2026-06-14T11:38:07.000Z</Time><Position><LatitudeDegrees>56.841705572595814</LatitudeDegrees><LongitudeDegrees>60.66658369992243</LongitudeDegrees></Position></Trackpoint><Trackpoint><Time>2026-06-14T11:38:08.000Z</Time><Position><LatitudeDegrees>56.84170422788533</LatitudeDegrees><LongitudeDegrees>60.666557243564796</LongitudeDegrees></Position></Trackpoint><Trackpoint><Time>2026-06-14T11:38:09.000Z</Time><Position><LatitudeDegrees>56.84170283532953</LatitudeDegrees><LongitudeDegrees>60.666531668420966</LongitudeDegrees></Position></Trackpoint><Trackpoint><Time>2026-06-14T11:38:10.000Z</Time><Position><LatitudeDegrees>56.84170160180186</LatitudeDegrees><LongitudeDegrees>60.66650680105765</LongitudeDegrees></Position></Trackpoint><Trackpoint><Time>2026-06-14T11:38:11.000Z</Time><Position><LatitudeDegrees>56.841700102478065</LatitudeDegrees><LongitudeDegrees>60.66648296881729</LongitudeDegrees></Position></Trackpoint><Trackpoint><Time>2026-06-14T11:38:12.000Z</Time><Position><LatitudeDegrees>56.84169819651588</LatitudeDegrees><LongitudeDegrees>60.66646017365396</LongitudeDegrees></Position></Trackpoint><Trackpoint><Time>2026-06-14T11:38:13.000Z</Time><Position><LatitudeDegrees>56.84169636771381</LatitudeDegrees><LongitudeDegrees>60.66643779365452</LongitudeDegrees></Position></Trackpoint><Trackpoint><Time>2026-06-14T11:38:14.000Z</Time><Position><LatitudeDegrees>56.84169431580221</LatitudeDegrees><LongitudeDegrees>60.666415519408744</LongitudeDegrees></Position></Trackpoint><Trackpoint><Time>2026-06-14T11:38:15.000Z</Time><Position><LatitudeDegrees>56.841691945755784</LatitudeDegrees><LongitudeDegrees>60.66639272030725</LongitudeDegrees></Position></Trackpoint><Trackpoint><Time>2026-06-14T11:38:16.000Z</Time><Position><LatitudeDegrees>56.84168974888271</LatitudeDegrees><LongitudeDegrees>60.66636969361912</LongitudeDegrees></Position></Trackpoint><Trackpoint><Time>2026-06-14T11:38:17.000Z</Time><Position><LatitudeDegrees>56.84168839490414</LatitudeDegrees><LongitudeDegrees>60.66634610136945</LongitudeDegrees></Position></Trackpoint><Trackpoint><Time>2026-06-14T11:38:18.000Z</Time><Position><LatitudeDegrees>56.84168707222812</LatitudeDegrees><LongitudeDegrees>60.666321876957866</LongitudeDegrees></Position></Trackpoint><Trackpoint><Time>2026-06-14T11:38:19.000Z</Time><Position><LatitudeDegrees>56.841685932207</LatitudeDegrees><LongitudeDegrees>60.66629707409315</LongitudeDegrees></Position></Trackpoint><Trackpoint><Time>2026-06-14T11:38:20.000Z</Time><Position><LatitudeDegrees>56.84168501372925</LatitudeDegrees><LongitudeDegrees>60.66627227874857</LongitudeDegrees></Position></Trackpoint><Trackpoint><Time>2026-06-14T11:38:21.000Z</Time><Position><LatitudeDegrees>56.84168381476504</LatitudeDegrees><LongitudeDegrees>60.66624773128226</LongitudeDegrees></Position></Trackpoint><Trackpoint><Time>2026-06-14T11:38:22.000Z</Time><Position><LatitudeDegrees>56.84168216456179</LatitudeDegrees><LongitudeDegrees>60.66622300925629</LongitudeDegrees></Position></Trackpoint><Trackpoint><Time>2026-06-14T11:38:23.000Z</Time><Position><LatitudeDegrees>56.84168054032434</LatitudeDegrees><LongitudeDegrees>60.666198940322346</LongitudeDegrees></Position></Trackpoint><Trackpoint><Time>2026-06-14T11:38:24.000Z</Time><Position><LatitudeDegrees>56.84167815602765</LatitudeDegrees><LongitudeDegrees>60.66617627112223</LongitudeDegrees></Position></Trackpoint><Trackpoint><Time>2026-06-14T11:38:25.000Z</Time><Position><LatitudeDegrees>56.84167576473409</LatitudeDegrees><LongitudeDegrees>60.666153660662374</LongitudeDegrees></Position></Trackpoint><Trackpoint><Time>2026-06-14T11:38:26.000Z</Time><Position><LatitudeDegrees>56.84167416708851</LatitudeDegrees><LongitudeDegrees>60.66613054913767</LongitudeDegrees></Position></Trackpoint><Trackpoint><Time>2026-06-14T11:38:27.000Z</Time><Position><LatitudeDegrees>56.84167310134904</LatitudeDegrees><LongitudeDegrees>60.666107749533865</LongitudeDegrees></Position></Trackpoint><Trackpoint><Time>2026-06-14T11:38:28.000Z</Time><Position><LatitudeDegrees>56.84167239145228</LatitudeDegrees><LongitudeDegrees>60.666085556631025</LongitudeDegrees></Position></Trackpoint><Trackpoint><Time>2026-06-14T11:38:29.000Z</Time><Position><LatitudeDegrees>56.84167191921759</LatitudeDegrees><LongitudeDegrees>60.666063034739025</LongitudeDegrees></Position></Trackpoint><Trackpoint><Time>2026-06-14T11:38:30.000Z</Time><Position><LatitudeDegrees>56.84167111586005</LatitudeDegrees><LongitudeDegrees>60.666040330345346</LongitudeDegrees></Position></Trackpoint><Trackpoint><Time>2026-06-14T11:38:31.000Z</Time><Position><LatitudeDegrees>56.84166978963419</LatitudeDegrees><LongitudeDegrees>60.66601752720223</LongitudeDegrees></Position></Trackpoint><Trackpoint><Time>2026-06-14T11:38:32.000Z</Time><Position><LatitudeDegrees>56.8416684182928</LatitudeDegrees><LongitudeDegrees>60.66599418286537</LongitudeDegrees></Position></Trackpoint><Trackpoint><Time>2026-06-14T11:38:33.000Z</Time><Position><LatitudeDegrees>56.84166720438092</LatitudeDegrees><LongitudeDegrees>60.66597018458284</LongitudeDegrees></Position></Trackpoint><Trackpoint><Time>2026-06-14T11:38:34.000Z</Time><Position><LatitudeDegrees>56.84166621110751</LatitudeDegrees><LongitudeDegrees>60.665945569852575</LongitudeDegrees></Position></Trackpoint><Trackpoint><Time>2026-06-14T11:38:35.000Z</Time><Position><LatitudeDegrees>56.8416649465749</LatitudeDegrees><LongitudeDegrees>60.66592092284822</LongitudeDegrees></Position></Trackpoint><Trackpoint><Time>2026-06-14T11:38:36.000Z</Time><Position><LatitudeDegrees>56.841663243018935</LatitudeDegrees><LongitudeDegrees>60.66589697790493</LongitudeDegrees></Position></Trackpoint><Trackpoint><Time>2026-06-14T11:38:37.000Z</Time><Position><LatitudeDegrees>56.84166157730734</LatitudeDegrees><LongitudeDegrees>60.6658734577273</LongitudeDegrees></Position></Trackpoint><Trackpoint><Time>2026-06-14T11:38:38.000Z</Time><Position><LatitudeDegrees>56.841660140972884</LatitudeDegrees><LongitudeDegrees>60.66585019359781</LongitudeDegrees></Position></Trackpoint><Trackpoint><Time>2026-06-14T11:38:39.000Z</Time><Position><LatitudeDegrees>56.841658983454934</LatitudeDegrees><LongitudeDegrees>60.665826593558954</LongitudeDegrees></Position></Trackpoint><Trackpoint><Time>2026-06-14T11:38:40.000Z</Time><Position><LatitudeDegrees>56.841657599717976</LatitudeDegrees><LongitudeDegrees>60.66580245693635</LongitudeDegrees></Position></Trackpoint><Trackpoint><Time>2026-06-14T11:38:41.000Z</Time><Position><LatitudeDegrees>56.84165630041703</LatitudeDegrees><LongitudeDegrees>60.66577776995529</LongitudeDegrees></Position></Trackpoint><Trackpoint><Time>2026-06-14T11:38:42.000Z</Time><Position><LatitudeDegrees>56.841654713042345</LatitudeDegrees><LongitudeDegrees>60.66575210796997</LongitudeDegrees></Position></Trackpoint><Trackpoint><Time>2026-06-14T11:38:43.000Z</Time><Position><LatitudeDegrees>56.841653210766424</LatitudeDegrees><LongitudeDegrees>60.66572542123739</LongitudeDegrees></Position></Trackpoint><Trackpoint><Time>2026-06-14T11:38:44.000Z</Time><Position><LatitudeDegrees>56.841651936351845</LatitudeDegrees><LongitudeDegrees>60.66569831040711</LongitudeDegrees></Position></Trackpoint><Trackpoint><Time>2026-06-14T11:38:45.000Z</Time><Position><LatitudeDegrees>56.84165091934735</LatitudeDegrees><LongitudeDegrees>60.665671077278944</LongitudeDegrees></Position></Trackpoint><Trackpoint><Time>2026-06-14T11:38:46.000Z</Time><Position><LatitudeDegrees>56.8416501388839</LatitudeDegrees><LongitudeDegrees>60.66564337223026</LongitudeDegrees></Position></Trackpoint><Trackpoint><Time>2026-06-14T11:38:47.000Z</Time><Position><LatitudeDegrees>56.84164906639663</LatitudeDegrees><LongitudeDegrees>60.6656160910663</LongitudeDegrees></Position></Trackpoint><Trackpoint><Time>2026-06-14T11:38:48.000Z</Time><Position><LatitudeDegrees>56.8416475216857</LatitudeDegrees><LongitudeDegrees>60.66558954830459</LongitudeDegrees></Position></Trackpoint><Trackpoint><Time>2026-06-14T11:38:49.000Z</Time><Position><LatitudeDegrees>56.841645980758635</LatitudeDegrees><LongitudeDegrees>60.6655632890905</LongitudeDegrees></Position></Trackpoint><Trackpoint><Time>2026-06-14T11:38:50.000Z</Time><Position><LatitudeDegrees>56.841644639165544</LatitudeDegrees><LongitudeDegrees>60.66553806892805</LongitudeDegrees></Position></Trackpoint><Trackpoint><Time>2026-06-14T11:38:51.000Z</Time><Position><LatitudeDegrees>56.84164355185628</LatitudeDegrees><LongitudeDegrees>60.665513575987674</LongitudeDegrees></Position></Trackpoint><Trackpoint><Time>2026-06-14T11:38:52.000Z</Time><Position><LatitudeDegrees>56.84164270882407</LatitudeDegrees><LongitudeDegrees>60.6654895885097</LongitudeDegrees></Position></Trackpoint><Trackpoint><Time>2026-06-14T11:38:53.000Z</Time><Position><LatitudeDegrees>56.84164158498458</LatitudeDegrees><LongitudeDegrees>60.665466929512014</LongitudeDegrees></Position></Trackpoint><Trackpoint><Time>2026-06-14T11:38:54.000Z</Time><Position><LatitudeDegrees>56.841640489742396</LatitudeDegrees><LongitudeDegrees>60.66544478821114</LongitudeDegrees></Position></Trackpoint><Trackpoint><Time>2026-06-14T11:38:55.000Z</Time><Position><LatitudeDegrees>56.84163905723958</LatitudeDegrees><LongitudeDegrees>60.66542227464319</LongitudeDegrees></Position></Trackpoint><Trackpoint><Time>2026-06-14T11:38:56.000Z</Time><Position><LatitudeDegrees>56.84163718009055</LatitudeDegrees><LongitudeDegrees>60.6653995596819</LongitudeDegrees></Position></Trackpoint><Trackpoint><Time>2026-06-14T11:38:57.000Z</Time><Position><LatitudeDegrees>56.841634871139995</LatitudeDegrees><LongitudeDegrees>60.66537673954729</LongitudeDegrees></Position></Trackpoint><Trackpoint><Time>2026-06-14T11:38:58.000Z</Time><Position><LatitudeDegrees>56.84163268070948</LatitudeDegrees><LongitudeDegrees>60.66535386736482</LongitudeDegrees></Position></Trackpoint><Trackpoint><Time>2026-06-14T11:38:59.000Z</Time><Position><LatitudeDegrees>56.84163033061729</LatitudeDegrees><LongitudeDegrees>60.665330482082965</LongitudeDegrees></Position></Trackpoint><Trackpoint><Time>2026-06-14T11:39:00.000Z</Time><Position><LatitudeDegrees>56.84162772679126</LatitudeDegrees><LongitudeDegrees>60.66530645968086</LongitudeDegrees></Position></Trackpoint><Trackpoint><Time>2026-06-14T11:39:01.000Z</Time><Position><LatitudeDegrees>56.84162486305567</LatitudeDegrees><LongitudeDegrees>60.66528183085601</LongitudeDegrees></Position></Trackpoint><Trackpoint><Time>2026-06-14T11:39:02.000Z</Time><Position><LatitudeDegrees>56.841621770226176</LatitudeDegrees><LongitudeDegrees>60.66525668608409</LongitudeDegrees></Position></Trackpoint><Trackpoint><Time>2026-06-14T11:39:03.000Z</Time><Position><LatitudeDegrees>56.84161898000816</LatitudeDegrees><LongitudeDegrees>60.66523063923643</LongitudeDegrees></Position></Trackpoint><Trackpoint><Time>2026-06-14T11:39:04.000Z</Time><Position><LatitudeDegrees>56.84161618292527</LatitudeDegrees><LongitudeDegrees>60.66520413668302</LongitudeDegrees></Position></Trackpoint><Trackpoint><Time>2026-06-14T11:39:05.000Z</Time><Position><LatitudeDegrees>56.841613742016555</LatitudeDegrees><LongitudeDegrees>60.66517693113245</LongitudeDegrees></Position></Trackpoint><Trackpoint><Time>2026-06-14T11:39:06.000Z</Time><Position><LatitudeDegrees>56.84161078185794</LatitudeDegrees><LongitudeDegrees>60.6651495005811</LongitudeDegrees></Position></Trackpoint><Trackpoint><Time>2026-06-14T11:39:07.000Z</Time><Position><LatitudeDegrees>56.84160749817616</LatitudeDegrees><LongitudeDegrees>60.66512158115171</LongitudeDegrees></Position></Trackpoint><Trackpoint><Time>2026-06-14T11:39:08.000Z</Time><Position><LatitudeDegrees>56.84160450271234</LatitudeDegrees><LongitudeDegrees>60.665094106138824</LongitudeDegrees></Position></Trackpoint><Trackpoint><Time>2026-06-14T11:39:09.000Z</Time><Position><LatitudeDegrees>56.84160201040953</LatitudeDegrees><LongitudeDegrees>60.66506838208531</LongitudeDegrees></Position></Trackpoint><Trackpoint><Time>2026-06-14T11:39:10.000Z</Time><Position><LatitudeDegrees>56.8416000452085</LatitudeDegrees><LongitudeDegrees>60.665043743114865</LongitudeDegrees></Position></Trackpoint><Trackpoint><Time>2026-06-14T11:39:11.000Z</Time><Position><LatitudeDegrees>56.84159854931613</LatitudeDegrees><LongitudeDegrees>60.66502026533927</LongitudeDegrees></Position></Trackpoint><Trackpoint><Time>2026-06-14T11:39:12.000Z</Time><Position><LatitudeDegrees>56.84159694908563</LatitudeDegrees><LongitudeDegrees>60.66499734145568</LongitudeDegrees></Position></Trackpoint><Trackpoint><Time>2026-06-14T11:39:13.000Z</Time><Position><LatitudeDegrees>56.84159551127236</LatitudeDegrees><LongitudeDegrees>60.66497465026533</LongitudeDegrees></Position></Trackpoint><Trackpoint><Time>2026-06-14T11:39:14.000Z</Time><Position><LatitudeDegrees>56.84159383527846</LatitudeDegrees><LongitudeDegrees>60.66495154001141</LongitudeDegrees></Position></Trackpoint><Trackpoint><Time>2026-06-14T11:39:15.000Z</Time><Position><LatitudeDegrees>56.8415917866945</LatitudeDegrees><LongitudeDegrees>60.66492779606491</LongitudeDegrees></Position></Trackpoint><Trackpoint><Time>2026-06-14T11:39:16.000Z</Time><Position><LatitudeDegrees>56.84158935798756</LatitudeDegrees><LongitudeDegrees>60.664903900978544</LongitudeDegrees></Position></Trackpoint><Trackpoint><Time>2026-06-14T11:39:17.000Z</Time><Position><LatitudeDegrees>56.841587574064775</LatitudeDegrees><LongitudeDegrees>60.66488007288219</LongitudeDegrees></Position></Trackpoint><Trackpoint><Time>2026-06-14T11:39:18.000Z</Time><Position><LatitudeDegrees>56.841585795038775</LatitudeDegrees><LongitudeDegrees>60.6648554137897</LongitudeDegrees></Position></Trackpoint><Trackpoint><Time>2026-06-14T11:39:19.000Z</Time><Position><LatitudeDegrees>56.84158424636473</LatitudeDegrees><LongitudeDegrees>60.66482917092691</LongitudeDegrees></Position></Trackpoint><Trackpoint><Time>2026-06-14T11:39:20.000Z</Time><Position><LatitudeDegrees>56.84158348093789</LatitudeDegrees><LongitudeDegrees>60.66480074794021</LongitudeDegrees></Position></Trackpoint><Trackpoint><Time>2026-06-14T11:39:21.000Z</Time><Position><LatitudeDegrees>56.84158264670913</LatitudeDegrees><LongitudeDegrees>60.66477164787877</LongitudeDegrees></Position></Trackpoint><Trackpoint><Time>2026-06-14T11:39:22.000Z</Time><Position><LatitudeDegrees>56.841580911996196</LatitudeDegrees><LongitudeDegrees>60.66474257664987</LongitudeDegrees></Position></Trackpoint><Trackpoint><Time>2026-06-14T11:39:23.000Z</Time><Position><LatitudeDegrees>56.841578539471016</LatitudeDegrees><LongitudeDegrees>60.66471382126906</LongitudeDegrees></Position></Trackpoint><Trackpoint><Time>2026-06-14T11:39:24.000Z</Time><Position><LatitudeDegrees>56.84157571917288</LatitudeDegrees><LongitudeDegrees>60.6646859490109</LongitudeDegrees></Position></Trackpoint><Trackpoint><Time>2026-06-14T11:39:25.000Z</Time><Position><LatitudeDegrees>56.84157209722667</LatitudeDegrees><LongitudeDegrees>60.66465956976115</LongitudeDegrees></Position></Trackpoint><Trackpoint><Time>2026-06-14T11:39:26.000Z</Time><Position><LatitudeDegrees>56.84156763078512</LatitudeDegrees><LongitudeDegrees>60.66463376384448</LongitudeDegrees></Position></Trackpoint><Trackpoint><Time>2026-06-14T11:39:27.000Z</Time><Position><LatitudeDegrees>56.841562900202625</LatitudeDegrees><LongitudeDegrees>60.66460905814273</LongitudeDegrees></Position></Trackpoint><Trackpoint><Time>2026-06-14T11:39:28.000Z</Time><Position><LatitudeDegrees>56.84155817839056</LatitudeDegrees><LongitudeDegrees>60.66458405960065</LongitudeDegrees></Position></Trackpoint><Trackpoint><Time>2026-06-14T11:39:29.000Z</Time><Position><LatitudeDegrees>56.84155406622788</LatitudeDegrees><LongitudeDegrees>60.66455823209723</LongitudeDegrees></Position></Trackpoint><Trackpoint><Time>2026-06-14T11:39:30.000Z</Time><Position><LatitudeDegrees>56.84155122253962</LatitudeDegrees><LongitudeDegrees>60.664531461235896</LongitudeDegrees></Position></Trackpoint><Trackpoint><Time>2026-06-14T11:39:31.000Z</Time><Position><LatitudeDegrees>56.84154926623451</LatitudeDegrees><LongitudeDegrees>60.66450480020413</LongitudeDegrees></Position></Trackpoint><Trackpoint><Time>2026-06-14T11:39:32.000Z</Time><Position><LatitudeDegrees>56.84154743686155</LatitudeDegrees><LongitudeDegrees>60.66447866864319</LongitudeDegrees></Position></Trackpoint><Trackpoint><Time>2026-06-14T11:39:33.000Z</Time><Position><LatitudeDegrees>56.84154589456074</LatitudeDegrees><LongitudeDegrees>60.664453661029185</LongitudeDegrees></Position></Trackpoint><Trackpoint><Time>2026-06-14T11:39:34.000Z</Time><Position><LatitudeDegrees>56.841544178827164</LatitudeDegrees><LongitudeDegrees>60.6644293883197</LongitudeDegrees></Position></Trackpoint><Trackpoint><Time>2026-06-14T11:39:35.000Z</Time><Position><LatitudeDegrees>56.84154212226938</LatitudeDegrees><LongitudeDegrees>60.66440559597019</LongitudeDegrees></Position></Trackpoint><Trackpoint><Time>2026-06-14T11:39:36.000Z</Time><Position><LatitudeDegrees>56.84153969969428</LatitudeDegrees><LongitudeDegrees>60.66438211749727</LongitudeDegrees></Position></Trackpoint><Trackpoint><Time>2026-06-14T11:39:37.000Z</Time><Position><LatitudeDegrees>56.84153694770427</LatitudeDegrees><LongitudeDegrees>60.664357864830706</LongitudeDegrees></Position></Trackpoint><Trackpoint><Time>2026-06-14T11:39:38.000Z</Time><Position><LatitudeDegrees>56.84153392365335</LatitudeDegrees><LongitudeDegrees>60.6643334684547</LongitudeDegrees></Position></Trackpoint><Trackpoint><Time>2026-06-14T11:39:39.000Z</Time><Position><LatitudeDegrees>56.84153068608041</LatitudeDegrees><LongitudeDegrees>60.66430822724733</LongitudeDegrees></Position></Trackpoint><Trackpoint><Time>2026-06-14T11:39:40.000Z</Time><Position><LatitudeDegrees>56.84152728649895</LatitudeDegrees><LongitudeDegrees>60.664282940117275</LongitudeDegrees></Position></Trackpoint><Trackpoint><Time>2026-06-14T11:39:41.000Z</Time><Position><LatitudeDegrees>56.8415237669175</LatitudeDegrees><LongitudeDegrees>60.66425843158649</LongitudeDegrees></Position></Trackpoint><Trackpoint><Time>2026-06-14T11:39:42.000Z</Time><Position><LatitudeDegrees>56.841520649649</LatitudeDegrees><LongitudeDegrees>60.664234451677956</LongitudeDegrees></Position></Trackpoint><Trackpoint><Time>2026-06-14T11:39:43.000Z</Time><Position><LatitudeDegrees>56.84151809816308</LatitudeDegrees><LongitudeDegrees>60.664210339984315</LongitudeDegrees></Position></Trackpoint><Trackpoint><Time>2026-06-14T11:39:44.000Z</Time><Position><LatitudeDegrees>56.84151414872217</LatitudeDegrees><LongitudeDegrees>60.66418241416788</LongitudeDegrees></Position></Trackpoint><Trackpoint><Time>2026-06-14T11:39:45.000Z</Time><Position><LatitudeDegrees>56.8415091512403</LatitudeDegrees><LongitudeDegrees>60.664153564141046</LongitudeDegrees></Position></Trackpoint><Trackpoint><Time>2026-06-14T11:39:47.000Z</Time><Position><LatitudeDegrees>56.8415028947276</LatitudeDegrees><LongitudeDegrees>60.664125098687094</LongitudeDegrees></Position></Trackpoint><Trackpoint><Time>2026-06-14T11:39:48.000Z</Time><Position><LatitudeDegrees>56.841496922717944</LatitudeDegrees><LongitudeDegrees>60.664097507447295</LongitudeDegrees></Position></Trackpoint><Trackpoint><Time>2026-06-14T11:39:49.000Z</Time><Position><LatitudeDegrees>56.84149134476391</LatitudeDegrees><LongitudeDegrees>60.66407039025756</LongitudeDegrees></Position></Trackpoint><Trackpoint><Time>2026-06-14T11:39:50.000Z</Time><Position><LatitudeDegrees>56.84148615540646</LatitudeDegrees><LongitudeDegrees>60.66404352147336</LongitudeDegrees></Position></Trackpoint><Trackpoint><Time>2026-06-14T11:39:51.000Z</Time><Position><LatitudeDegrees>56.84148081291097</LatitudeDegrees><LongitudeDegrees>60.66401677628429</LongitudeDegrees></Position></Trackpoint><Trackpoint><Time>2026-06-14T11:39:52.000Z</Time><Position><LatitudeDegrees>56.84147511382811</LatitudeDegrees><LongitudeDegrees>60.663990577036635</LongitudeDegrees></Position></Trackpoint><Trackpoint><Time>2026-06-14T11:39:53.000Z</Time><Position><LatitudeDegrees>56.84146902013809</LatitudeDegrees><LongitudeDegrees>60.663965517206535</LongitudeDegrees></Position></Trackpoint><Trackpoint><Time>2026-06-14T11:39:54.000Z</Time><Position><LatitudeDegrees>56.84146305644096</LatitudeDegrees><LongitudeDegrees>60.663941694964734</LongitudeDegrees></Position></Trackpoint><Trackpoint><Time>2026-06-14T11:39:55.000Z</Time><Position><LatitudeDegrees>56.841457422100106</LatitudeDegrees><LongitudeDegrees>60.66391899189865</LongitudeDegrees></Position></Trackpoint><Trackpoint><Time>2026-06-14T11:39:56.000Z</Time><Position><LatitudeDegrees>56.84145166733704</LatitudeDegrees><LongitudeDegrees>60.663896236376274</LongitudeDegrees></Position></Trackpoint><Trackpoint><Time>2026-06-14T11:39:57.000Z</Time><Position><LatitudeDegrees>56.841445622373975</LatitudeDegrees><LongitudeDegrees>60.66387295261316</LongitudeDegrees></Position></Trackpoint><Trackpoint><Time>2026-06-14T11:39:58.000Z</Time><Position><LatitudeDegrees>56.84144023375873</LatitudeDegrees><LongitudeDegrees>60.66384852285369</LongitudeDegrees></Position></Trackpoint><Trackpoint><Time>2026-06-14T11:39:59.000Z</Time><Position><LatitudeDegrees>56.84143482784878</LatitudeDegrees><LongitudeDegrees>60.663823818993635</LongitudeDegrees></Position></Trackpoint><Trackpoint><Time>2026-06-14T11:40:00.000Z</Time><Position><LatitudeDegrees>56.84142961904603</LatitudeDegrees><LongitudeDegrees>60.66379923528915</LongitudeDegrees></Position></Trackpoint><Trackpoint><Time>2026-06-14T11:40:01.000Z</Time><Position><LatitudeDegrees>56.841425649571164</LatitudeDegrees><LongitudeDegrees>60.663775408296885</LongitudeDegrees></Position></Trackpoint><Trackpoint><Time>2026-06-14T11:40:02.000Z</Time><Position><LatitudeDegrees>56.84142318957956</LatitudeDegrees><LongitudeDegrees>60.663751523828005</LongitudeDegrees></Position></Trackpoint><Trackpoint><Time>2026-06-14T11:40:03.000Z</Time><Position><LatitudeDegrees>56.84142166697969</LatitudeDegrees><LongitudeDegrees>60.663727743560045</LongitudeDegrees></Position></Trackpoint><Trackpoint><Time>2026-06-14T11:40:04.000Z</Time><Position><LatitudeDegrees>56.841420725852394</LatitudeDegrees><LongitudeDegrees>60.66370412070317</LongitudeDegrees></Position></Trackpoint><Trackpoint><Time>2026-06-14T11:40:05.000Z</Time><Position><LatitudeDegrees>56.841420634597775</LatitudeDegrees><LongitudeDegrees>60.66368016735702</LongitudeDegrees></Position></Trackpoint><Trackpoint><Time>2026-06-14T11:40:06.000Z</Time><Position><LatitudeDegrees>56.841420905061455</LatitudeDegrees><LongitudeDegrees>60.66365719383761</LongitudeDegrees></Position></Trackpoint><Trackpoint><Time>2026-06-14T11:40:07.000Z</Time><Position><LatitudeDegrees>56.84142080016857</LatitudeDegrees><LongitudeDegrees>60.66363463479624</LongitudeDegrees></Position></Trackpoint><Trackpoint><Time>2026-06-14T11:40:08.000Z</Time><Position><LatitudeDegrees>56.8414210437648</LatitudeDegrees><LongitudeDegrees>60.66361171459523</LongitudeDegrees></Position></Trackpoint><Trackpoint><Time>2026-06-14T11:40:09.000Z</Time><Position><LatitudeDegrees>56.841420910004636</LatitudeDegrees><LongitudeDegrees>60.6635881601554</LongitudeDegrees></Position></Trackpoint><Trackpoint><Time>2026-06-14T11:40:10.000Z</Time><Position><LatitudeDegrees>56.841421127615064</LatitudeDegrees><LongitudeDegrees>60.663563940417234</LongitudeDegrees></Position></Trackpoint><Trackpoint><Time>2026-06-14T11:40:11.000Z</Time><Position><LatitudeDegrees>56.84142097239103</LatitudeDegrees><LongitudeDegrees>60.66353961759004</LongitudeDegrees></Position></Trackpoint><Trackpoint><Time>2026-06-14T11:40:12.000Z</Time><Position><LatitudeDegrees>56.84142019393348</LatitudeDegrees><LongitudeDegrees>60.6635159260523</LongitudeDegrees></Position></Trackpoint><Trackpoint><Time>2026-06-14T11:40:13.000Z</Time><Position><LatitudeDegrees>56.841418279500196</LatitudeDegrees><LongitudeDegrees>60.663493087220516</LongitudeDegrees></Position></Trackpoint><Trackpoint><Time>2026-06-14T11:40:14.000Z</Time><Position><LatitudeDegrees>56.84141565333822</LatitudeDegrees><LongitudeDegrees>60.66347059322725</LongitudeDegrees></Position></Trackpoint><Trackpoint><Time>2026-06-14T11:40:15.000Z</Time><Position><LatitudeDegrees>56.841412581515925</LatitudeDegrees><LongitudeDegrees>60.66344819065626</LongitudeDegrees></Position></Trackpoint><Trackpoint><Time>2026-06-14T11:40:16.000Z</Time><Position><LatitudeDegrees>56.84140923080898</LatitudeDegrees><LongitudeDegrees>60.66342625301898</LongitudeDegrees></Position></Trackpoint><Trackpoint><Time>2026-06-14T11:40:17.000Z</Time><Position><LatitudeDegrees>56.84140570569557</LatitudeDegrees><LongitudeDegrees>60.66340438485573</LongitudeDegrees></Position></Trackpoint><Trackpoint><Time>2026-06-14T11:40:18.000Z</Time><Position><LatitudeDegrees>56.84140256119874</LatitudeDegrees><LongitudeDegrees>60.663381924775514</LongitudeDegrees></Position></Trackpoint><Trackpoint><Time>2026-06-14T11:40:19.000Z</Time><Position><LatitudeDegrees>56.84139997704391</LatitudeDegrees><LongitudeDegrees>60.66335867636712</LongitudeDegrees></Position></Trackpoint><Trackpoint><Time>2026-06-14T11:40:20.000Z</Time><Position><LatitudeDegrees>56.84139746571835</LatitudeDegrees><LongitudeDegrees>60.663334170311956</LongitudeDegrees></Position></Trackpoint><Trackpoint><Time>2026-06-14T11:40:21.000Z</Time><Position><LatitudeDegrees>56.84139481710052</LatitudeDegrees><LongitudeDegrees>60.663307885135424</LongitudeDegrees></Position></Trackpoint><Trackpoint><Time>2026-06-14T11:40:22.000Z</Time><Position><LatitudeDegrees>56.84139245188725</LatitudeDegrees><LongitudeDegrees>60.66327983442443</LongitudeDegrees></Position></Trackpoint><Trackpoint><Time>2026-06-14T11:40:23.000Z</Time><Position><LatitudeDegrees>56.84139001735035</LatitudeDegrees><LongitudeDegrees>60.66325073998881</LongitudeDegrees></Position></Trackpoint><Trackpoint><Time>2026-06-14T11:40:24.000Z</Time><Position><LatitudeDegrees>56.841387377122174</LatitudeDegrees><LongitudeDegrees>60.66322152266501</LongitudeDegrees></Position></Trackpoint><Trackpoint><Time>2026-06-14T11:40:25.000Z</Time><Position><LatitudeDegrees>56.84138450144214</LatitudeDegrees><LongitudeDegrees>60.66319306706733</LongitudeDegrees></Position></Trackpoint><Trackpoint><Time>2026-06-14T11:40:26.000Z</Time><Position><LatitudeDegrees>56.84138189788436</LatitudeDegrees><LongitudeDegrees>60.663165150132414</LongitudeDegrees></Position></Trackpoint><Trackpoint><Time>2026-06-14T11:40:27.000Z</Time><Position><LatitudeDegrees>56.841379740558295</LatitudeDegrees><LongitudeDegrees>60.663138590080024</LongitudeDegrees></Position></Trackpoint><Trackpoint><Time>2026-06-14T11:40:28.000Z</Time><Position><LatitudeDegrees>56.84137755428425</LatitudeDegrees><LongitudeDegrees>60.66311354972653</LongitudeDegrees></Position></Trackpoint><Trackpoint><Time>2026-06-14T11:40:29.000Z</Time><Position><LatitudeDegrees>56.84137563669343</LatitudeDegrees><LongitudeDegrees>60.66309039068471</LongitudeDegrees></Position></Trackpoint><Trackpoint><Time>2026-06-14T11:40:30.000Z</Time><Position><LatitudeDegrees>56.841374075875194</LatitudeDegrees><LongitudeDegrees>60.663068041194</LongitudeDegrees></Position></Trackpoint><Trackpoint><Time>2026-06-14T11:40:31.000Z</Time><Position><LatitudeDegrees>56.84137237270585</LatitudeDegrees><LongitudeDegrees>60.663046445573656</LongitudeDegrees></Position></Trackpoint><Trackpoint><Time>2026-06-14T11:40:32.000Z</Time><Position><LatitudeDegrees>56.84137033990015</LatitudeDegrees><LongitudeDegrees>60.6630245049131</LongitudeDegrees></Position></Trackpoint><Trackpoint><Time>2026-06-14T11:40:33.000Z</Time><Position><LatitudeDegrees>56.84136794263613</LatitudeDegrees><LongitudeDegrees>60.66300181092972</LongitudeDegrees></Position></Trackpoint><Trackpoint><Time>2026-06-14T11:40:34.000Z</Time><Position><LatitudeDegrees>56.841365213350606</LatitudeDegrees><LongitudeDegrees>60.662978292166954</LongitudeDegrees></Position></Trackpoint><Trackpoint><Time>2026-06-14T11:40:35.000Z</Time><Position><LatitudeDegrees>56.8413622080166</LatitudeDegrees><LongitudeDegrees>60.66295451466641</LongitudeDegrees></Position></Trackpoint><Trackpoint><Time>2026-06-14T11:40:36.000Z</Time><Position><LatitudeDegrees>56.841358985116074</LatitudeDegrees><LongitudeDegrees>60.66293123436213</LongitudeDegrees></Position></Trackpoint><Trackpoint><Time>2026-06-14T11:40:37.000Z</Time><Position><LatitudeDegrees>56.84135559665818</LatitudeDegrees><LongitudeDegrees>60.6629072299267</LongitudeDegrees></Position></Trackpoint><Trackpoint><Time>2026-06-14T11:40:38.000Z</Time><Position><LatitudeDegrees>56.84135208531107</LatitudeDegrees><LongitudeDegrees>60.662882580928546</LongitudeDegrees></Position></Trackpoint><Trackpoint><Time>2026-06-14T11:40:39.000Z</Time><Position><LatitudeDegrees>56.84134897403017</LatitudeDegrees><LongitudeDegrees>60.66285838208646</LongitudeDegrees></Position></Trackpoint><Trackpoint><Time>2026-06-14T11:40:40.000Z</Time><Position><LatitudeDegrees>56.841345447616824</LatitudeDegrees><LongitudeDegrees>60.66283404724407</LongitudeDegrees></Position></Trackpoint><Trackpoint><Time>2026-06-14T11:40:41.000Z</Time><Position><LatitudeDegrees>56.84134220284792</LatitudeDegrees><LongitudeDegrees>60.6628103316793</LongitudeDegrees></Position></Trackpoint><Trackpoint><Time>2026-06-14T11:40:42.000Z</Time><Position><LatitudeDegrees>56.841338021698895</LatitudeDegrees><LongitudeDegrees>60.66278648773622</LongitudeDegrees></Position></Trackpoint><Trackpoint><Time>2026-06-14T11:40:43.000Z</Time><Position><LatitudeDegrees>56.84133301234023</LatitudeDegrees><LongitudeDegrees>60.66276320320356</LongitudeDegrees></Position></Trackpoint><Trackpoint><Time>2026-06-14T11:40:44.000Z</Time><Position><LatitudeDegrees>56.841327325619574</LatitudeDegrees><LongitudeDegrees>60.66274019992558</LongitudeDegrees></Position></Trackpoint><Trackpoint><Time>2026-06-14T11:40:45.000Z</Time><Position><LatitudeDegrees>56.84132257943127</LatitudeDegrees><LongitudeDegrees>60.66271781686046</LongitudeDegrees></Position></Trackpoint><Trackpoint><Time>2026-06-14T11:40:46.000Z</Time><Position><LatitudeDegrees>56.84131882975164</LatitudeDegrees><LongitudeDegrees>60.66269562438848</LongitudeDegrees></Position></Trackpoint><Trackpoint><Time>2026-06-14T11:40:47.000Z</Time><Position><LatitudeDegrees>56.841315482122596</LatitudeDegrees><LongitudeDegrees>60.66267293150497</LongitudeDegrees></Position></Trackpoint><Trackpoint><Time>2026-06-14T11:40:48.000Z</Time><Position><LatitudeDegrees>56.84131175051327</LatitudeDegrees><LongitudeDegrees>60.66265049707945</LongitudeDegrees></Position></Trackpoint><Trackpoint><Time>2026-06-14T11:40:49.000Z</Time><Position><LatitudeDegrees>56.841307850103846</LatitudeDegrees><LongitudeDegrees>60.66262811085638</LongitudeDegrees></Position></Trackpoint><Trackpoint><Time>2026-06-14T11:40:50.000Z</Time><Position><LatitudeDegrees>56.84130389117794</LatitudeDegrees><LongitudeDegrees>60.662605680058824</LongitudeDegrees></Position></Trackpoint><Trackpoint><Time>2026-06-14T11:40:51.000Z</Time><Position><LatitudeDegrees>56.841299437053905</LatitudeDegrees><LongitudeDegrees>60.66258268258858</LongitudeDegrees></Position></Trackpoint><Trackpoint><Time>2026-06-14T11:40:52.000Z</Time><Position><LatitudeDegrees>56.84129535067084</LatitudeDegrees><LongitudeDegrees>60.6625594657704</LongitudeDegrees></Position></Trackpoint><Trackpoint><Time>2026-06-14T11:40:53.000Z</Time><Position><LatitudeDegrees>56.841291940216855</LatitudeDegrees><LongitudeDegrees>60.66253620079718</LongitudeDegrees></Position></Trackpoint><Trackpoint><Time>2026-06-14T11:40:54.000Z</Time><Position><LatitudeDegrees>56.841289245859606</LatitudeDegrees><LongitudeDegrees>60.66251296435248</LongitudeDegrees></Position></Trackpoint><Trackpoint><Time>2026-06-14T11:40:55.000Z</Time><Position><LatitudeDegrees>56.84128719223155</LatitudeDegrees><LongitudeDegrees>60.66248929474495</LongitudeDegrees></Position></Trackpoint><Trackpoint><Time>2026-06-14T11:40:56.000Z</Time><Position><LatitudeDegrees>56.841285176446576</LatitudeDegrees><LongitudeDegrees>60.66246407820924</LongitudeDegrees></Position></Trackpoint><Trackpoint><Time>2026-06-14T11:40:57.000Z</Time><Position><LatitudeDegrees>56.841282455748356</LatitudeDegrees><LongitudeDegrees>60.66243901304801</LongitudeDegrees></Position></Trackpoint><Trackpoint><Time>2026-06-14T11:40:58.000Z</Time><Position><LatitudeDegrees>56.841279304330236</LatitudeDegrees><LongitudeDegrees>60.662413800029</LongitudeDegrees></Position></Trackpoint><Trackpoint><Time>2026-06-14T11:40:59.000Z</Time><Position><LatitudeDegrees>56.84127638000704</LatitudeDegrees><LongitudeDegrees>60.66238833489572</LongitudeDegrees></Position></Trackpoint><Trackpoint><Time>2026-06-14T11:41:00.000Z</Time><Position><LatitudeDegrees>56.84127294532032</LatitudeDegrees><LongitudeDegrees>60.6623616278491</LongitudeDegrees></Position></Trackpoint><Trackpoint><Time>2026-06-14T11:41:01.000Z</Time><Position><LatitudeDegrees>56.84126974128573</LatitudeDegrees><LongitudeDegrees>60.66233587870769</LongitudeDegrees></Position></Trackpoint><Trackpoint><Time>2026-06-14T11:41:02.000Z</Time><Position><LatitudeDegrees>56.84126655386375</LatitudeDegrees><LongitudeDegrees>60.6623113808738</LongitudeDegrees></Position></Trackpoint><Trackpoint><Time>2026-06-14T11:41:03.000Z</Time><Position><LatitudeDegrees>56.841263782384175</LatitudeDegrees><LongitudeDegrees>60.66228809457689</LongitudeDegrees></Position></Trackpoint><Trackpoint><Time>2026-06-14T11:41:04.000Z</Time><Position><LatitudeDegrees>56.84126104830814</LatitudeDegrees><LongitudeDegrees>60.66226486871792</LongitudeDegrees></Position></Trackpoint><Trackpoint><Time>2026-06-14T11:41:05.000Z</Time><Position><LatitudeDegrees>56.84125819094004</LatitudeDegrees><LongitudeDegrees>60.66224220070005</LongitudeDegrees></Position></Trackpoint><Trackpoint><Time>2026-06-14T11:41:06.000Z</Time><Position><LatitudeDegrees>56.8412551599244</LatitudeDegrees><LongitudeDegrees>60.66222022377244</LongitudeDegrees></Position></Trackpoint><Trackpoint><Time>2026-06-14T11:41:07.000Z</Time><Position><LatitudeDegrees>56.84125195681057</LatitudeDegrees><LongitudeDegrees>60.66219939372174</LongitudeDegrees></Position></Trackpoint><Trackpoint><Time>2026-06-14T11:41:08.000Z</Time><Position><LatitudeDegrees>56.841249093935765</LatitudeDegrees><LongitudeDegrees>60.66217975105621</LongitudeDegrees></Position></Trackpoint><Trackpoint><Time>2026-06-14T11:41:09.000Z</Time><Position><LatitudeDegrees>56.84124624901777</LatitudeDegrees><LongitudeDegrees>60.66215969122753</LongitudeDegrees></Position></Trackpoint><Trackpoint><Time>2026-06-14T11:41:10.000Z</Time><Position><LatitudeDegrees>56.84124328702529</LatitudeDegrees><LongitudeDegrees>60.66213860697147</LongitudeDegrees></Position></Trackpoint><Trackpoint><Time>2026-06-14T11:41:11.000Z</Time><Position><LatitudeDegrees>56.841240167374266</LatitudeDegrees><LongitudeDegrees>60.66211686929068</LongitudeDegrees></Position></Trackpoint><Trackpoint><Time>2026-06-14T11:41:12.000Z</Time><Position><LatitudeDegrees>56.84123738319668</LatitudeDegrees><LongitudeDegrees>60.66209569406374</LongitudeDegrees></Position></Trackpoint><Trackpoint><Time>2026-06-14T11:41:13.000Z</Time><Position><LatitudeDegrees>56.84123411530198</LatitudeDegrees><LongitudeDegrees>60.66207502022928</LongitudeDegrees></Position></Trackpoint><Trackpoint><Time>2026-06-14T11:41:14.000Z</Time><Position><LatitudeDegrees>56.841230088404544</LatitudeDegrees><LongitudeDegrees>60.662054758287226</LongitudeDegrees></Position></Trackpoint><Trackpoint><Time>2026-06-14T11:41:15.000Z</Time><Position><LatitudeDegrees>56.841225286549424</LatitudeDegrees><LongitudeDegrees>60.66203481851269</LongitudeDegrees></Position></Trackpoint><Trackpoint><Time>2026-06-14T11:41:16.000Z</Time><Position><LatitudeDegrees>56.8412202922411</LatitudeDegrees><LongitudeDegrees>60.66201463299364</LongitudeDegrees></Position></Trackpoint><Trackpoint><Time>2026-06-14T11:41:17.000Z</Time><Position><LatitudeDegrees>56.841215370075425</LatitudeDegrees><LongitudeDegrees>60.661993999385906</LongitudeDegrees></Position></Trackpoint><Trackpoint><Time>2026-06-14T11:41:18.000Z</Time><Position><LatitudeDegrees>56.841210619762386</LatitudeDegrees><LongitudeDegrees>60.661972402258286</LongitudeDegrees></Position></Trackpoint><Trackpoint><Time>2026-06-14T11:41:19.000Z</Time><Position><LatitudeDegrees>56.84120606030887</LatitudeDegrees><LongitudeDegrees>60.66195024261597</LongitudeDegrees></Position></Trackpoint><Trackpoint><Time>2026-06-14T11:41:20.000Z</Time><Position><LatitudeDegrees>56.84120216465662</LatitudeDegrees><LongitudeDegrees>60.66192677858294</LongitudeDegrees></Position></Trackpoint><Trackpoint><Time>2026-06-14T11:41:21.000Z</Time><Position><LatitudeDegrees>56.84119855277032</LatitudeDegrees><LongitudeDegrees>60.66190187204648</LongitudeDegrees></Position></Trackpoint><Trackpoint><Time>2026-06-14T11:41:22.000Z</Time><Position><LatitudeDegrees>56.841195031717824</LatitudeDegrees><LongitudeDegrees>60.6618756512703</LongitudeDegrees></Position></Trackpoint><Trackpoint><Time>2026-06-14T11:41:23.000Z</Time><Position><LatitudeDegrees>56.841191999995466</LatitudeDegrees><LongitudeDegrees>60.66184931697959</LongitudeDegrees></Position></Trackpoint><Trackpoint><Time>2026-06-14T11:41:24.000Z</Time><Position><LatitudeDegrees>56.84118906930194</LatitudeDegrees><LongitudeDegrees>60.661822888631825</LongitudeDegrees></Position></Trackpoint><Trackpoint><Time>2026-06-14T11:41:25.000Z</Time><Position><LatitudeDegrees>56.841185577144294</LatitudeDegrees><LongitudeDegrees>60.66179687592294</LongitudeDegrees></Position></Trackpoint><Trackpoint><Time>2026-06-14T11:41:26.000Z</Time><Position><LatitudeDegrees>56.84118181235953</LatitudeDegrees><LongitudeDegrees>60.66177143541609</LongitudeDegrees></Position></Trackpoint><Trackpoint><Time>2026-06-14T11:41:27.000Z</Time><Position><LatitudeDegrees>56.84117792889163</LatitudeDegrees><LongitudeDegrees>60.661747537369195</LongitudeDegrees></Position></Trackpoint><Trackpoint><Time>2026-06-14T11:41:28.000Z</Time><Position><LatitudeDegrees>56.841174005372665</LatitudeDegrees><LongitudeDegrees>60.661724404173164</LongitudeDegrees></Position></Trackpoint><Trackpoint><Time>2026-06-14T11:41:29.000Z</Time><Position><LatitudeDegrees>56.84117056893705</LatitudeDegrees><LongitudeDegrees>60.661701127804584</LongitudeDegrees></Position></Trackpoint><Trackpoint><Time>2026-06-14T11:41:30.000Z</Time><Position><LatitudeDegrees>56.84116777415992</LatitudeDegrees><LongitudeDegrees>60.66167735268511</LongitudeDegrees></Position></Trackpoint><Trackpoint><Time>2026-06-14T11:41:31.000Z</Time><Position><LatitudeDegrees>56.84116462312332</LatitudeDegrees><LongitudeDegrees>60.66165397561088</LongitudeDegrees></Position></Trackpoint><Trackpoint><Time>2026-06-14T11:41:32.000Z</Time><Position><LatitudeDegrees>56.84116124018735</LatitudeDegrees><LongitudeDegrees>60.66163082521333</LongitudeDegrees></Position></Trackpoint><Trackpoint><Time>2026-06-14T11:41:33.000Z</Time><Position><LatitudeDegrees>56.84115819594219</LatitudeDegrees><LongitudeDegrees>60.66160780182356</LongitudeDegrees></Position></Trackpoint><Trackpoint><Time>2026-06-14T11:41:34.000Z</Time><Position><LatitudeDegrees>56.84115519229485</LatitudeDegrees><LongitudeDegrees>60.661584848093334</LongitudeDegrees></Position></Trackpoint><Trackpoint><Time>2026-06-14T11:41:35.000Z</Time><Position><LatitudeDegrees>56.84115210127001</LatitudeDegrees><LongitudeDegrees>60.66156193146405</LongitudeDegrees></Position></Trackpoint><Trackpoint><Time>2026-06-14T11:41:36.000Z</Time><Position><LatitudeDegrees>56.84114888137795</LatitudeDegrees><LongitudeDegrees>60.661539523375744</LongitudeDegrees></Position></Trackpoint><Trackpoint><Time>2026-06-14T11:41:37.000Z</Time><Position><LatitudeDegrees>56.84114553207171</LatitudeDegrees><LongitudeDegrees>60.66151726310207</LongitudeDegrees></Position></Trackpoint><Trackpoint><Time>2026-06-14T11:41:38.000Z</Time><Position><LatitudeDegrees>56.841142559346785</LatitudeDegrees><LongitudeDegrees>60.66149498311211</LongitudeDegrees></Position></Trackpoint><Trackpoint><Time>2026-06-14T11:41:39.000Z</Time><Position><LatitudeDegrees>56.84114012325535</LatitudeDegrees><LongitudeDegrees>60.66147163772035</LongitudeDegrees></Position></Trackpoint><Trackpoint><Time>2026-06-14T11:41:40.000Z</Time><Position><LatitudeDegrees>56.84113822083613</LatitudeDegrees><LongitudeDegrees>60.66144742263195</LongitudeDegrees></Position></Trackpoint><Trackpoint><Time>2026-06-14T11:41:41.000Z</Time><Position><LatitudeDegrees>56.84113678237355</LatitudeDegrees><LongitudeDegrees>60.6614230196797</LongitudeDegrees></Position></Trackpoint><Trackpoint><Time>2026-06-14T11:41:42.000Z</Time><Position><LatitudeDegrees>56.84113571960828</LatitudeDegrees><LongitudeDegrees>60.661398244166506</LongitudeDegrees></Position></Trackpoint><Trackpoint><Time>2026-06-14T11:41:43.000Z</Time><Position><LatitudeDegrees>56.84113494797201</LatitudeDegrees><LongitudeDegrees>60.66137404706679</LongitudeDegrees></Position></Trackpoint><Trackpoint><Time>2026-06-14T11:41:44.000Z</Time><Position><LatitudeDegrees>56.84113439527071</LatitudeDegrees><LongitudeDegrees>60.66135074578507</LongitudeDegrees></Position></Trackpoint><Trackpoint><Time>2026-06-14T11:41:45.000Z</Time><Position><LatitudeDegrees>56.84113400367251</LatitudeDegrees><LongitudeDegrees>60.661327866451586</LongitudeDegrees></Position></Trackpoint><Trackpoint><Time>2026-06-14T11:41:46.000Z</Time><Position><LatitudeDegrees>56.84113372868297</LatitudeDegrees><LongitudeDegrees>60.66130564936518</LongitudeDegrees></Position></Trackpoint><Trackpoint><Time>2026-06-14T11:41:47.000Z</Time><Position><LatitudeDegrees>56.84113353701126</LatitudeDegrees><LongitudeDegrees>60.66128215004804</LongitudeDegrees></Position></Trackpoint><Trackpoint><Time>2026-06-14T11:41:48.000Z</Time><Position><LatitudeDegrees>56.841133404253384</LatitudeDegrees><LongitudeDegrees>60.66125722188235</LongitudeDegrees></Position></Trackpoint><Trackpoint><Time>2026-06-14T11:41:49.000Z</Time><Position><LatitudeDegrees>56.8411342920187</LatitudeDegrees><LongitudeDegrees>60.66123147748717</LongitudeDegrees></Position></Trackpoint><Trackpoint><Time>2026-06-14T11:41:50.000Z</Time><Position><LatitudeDegrees>56.84113450690493</LatitudeDegrees><LongitudeDegrees>60.66120478431067</LongitudeDegrees></Position></Trackpoint><Trackpoint><Time>2026-06-14T11:41:51.000Z</Time><Position><LatitudeDegrees>56.84113343787555</LatitudeDegrees><LongitudeDegrees>60.66117818875946</LongitudeDegrees></Position></Trackpoint><Trackpoint><Time>2026-06-14T11:41:52.000Z</Time><Position><LatitudeDegrees>56.841130998073965</LatitudeDegrees><LongitudeDegrees>60.661151619638</LongitudeDegrees></Position></Trackpoint><Trackpoint><Time>2026-06-14T11:41:53.000Z</Time><Position><LatitudeDegrees>56.841127817276906</LatitudeDegrees><LongitudeDegrees>60.66112504423337</LongitudeDegrees></Position></Trackpoint><Trackpoint><Time>2026-06-14T11:41:54.000Z</Time><Position><LatitudeDegrees>56.84112473956368</LatitudeDegrees><LongitudeDegrees>60.66109796026913</LongitudeDegrees></Position></Trackpoint><Trackpoint><Time>2026-06-14T11:41:55.000Z</Time><Position><LatitudeDegrees>56.841122099323655</LatitudeDegrees><LongitudeDegrees>60.6610716949958</LongitudeDegrees></Position></Trackpoint><Trackpoint><Time>2026-06-14T11:41:56.000Z</Time><Position><LatitudeDegrees>56.84111997812049</LatitudeDegrees><LongitudeDegrees>60.661045710720416</LongitudeDegrees></Position></Trackpoint><Trackpoint><Time>2026-06-14T11:41:57.000Z</Time><Position><LatitudeDegrees>56.841118342927224</LatitudeDegrees><LongitudeDegrees>60.66101974993743</LongitudeDegrees></Position></Trackpoint><Trackpoint><Time>2026-06-14T11:41:58.000Z</Time><Position><LatitudeDegrees>56.84111711776362</LatitudeDegrees><LongitudeDegrees>60.660993703582264</LongitudeDegrees></Position></Trackpoint><Trackpoint><Time>2026-06-14T11:41:59.000Z</Time><Position><LatitudeDegrees>56.84111572910119</LatitudeDegrees><LongitudeDegrees>60.66096753772154</LongitudeDegrees></Position></Trackpoint><Trackpoint><Time>2026-06-14T11:42:00.000Z</Time><Position><LatitudeDegrees>56.841113472115964</LatitudeDegrees><LongitudeDegrees>60.660939784886864</LongitudeDegrees></Position></Trackpoint><Trackpoint><Time>2026-06-14T11:42:01.000Z</Time><Position><LatitudeDegrees>56.841111147207094</LatitudeDegrees><LongitudeDegrees>60.66091347168585</LongitudeDegrees></Position></Trackpoint><Trackpoint><Time>2026-06-14T11:42:03.000Z</Time><Position><LatitudeDegrees>56.841109092723535</LatitudeDegrees><LongitudeDegrees>60.66088917019103</LongitudeDegrees></Position></Trackpoint><Trackpoint><Time>2026-06-14T11:42:04.000Z</Time><Position><LatitudeDegrees>56.841106923689374</LatitudeDegrees><LongitudeDegrees>60.660866368190874</LongitudeDegrees></Position></Trackpoint><Trackpoint><Time>2026-06-14T11:42:05.000Z</Time><Position><LatitudeDegrees>56.84110449626108</LatitudeDegrees><LongitudeDegrees>60.66084466228173</LongitudeDegrees></Position></Trackpoint><Trackpoint><Time>2026-06-14T11:42:06.000Z</Time><Position><LatitudeDegrees>56.84110227397422</LatitudeDegrees><LongitudeDegrees>60.66082423525753</LongitudeDegrees></Position></Trackpoint><Trackpoint><Time>2026-06-14T11:42:07.000Z</Time><Position><LatitudeDegrees>56.8411004213986</LatitudeDegrees><LongitudeDegrees>60.66080450864532</LongitudeDegrees></Position></Trackpoint><Trackpoint><Time>2026-06-14T11:42:08.000Z</Time><Position><LatitudeDegrees>56.841098958857664</LatitudeDegrees><LongitudeDegrees>60.66078515431385</LongitudeDegrees></Position></Trackpoint><Trackpoint><Time>2026-06-14T11:42:09.000Z</Time><Position><LatitudeDegrees>56.841097844660936</LatitudeDegrees><LongitudeDegrees>60.66076549973543</LongitudeDegrees></Position></Trackpoint><Trackpoint><Time>2026-06-14T11:42:10.000Z</Time><Position><LatitudeDegrees>56.84109701692944</LatitudeDegrees><LongitudeDegrees>60.660745306476976</LongitudeDegrees></Position></Trackpoint><Trackpoint><Time>2026-06-14T11:42:11.000Z</Time><Position><LatitudeDegrees>56.84109592380133</LatitudeDegrees><LongitudeDegrees>60.6607230766507</LongitudeDegrees></Position></Trackpoint><Trackpoint><Time>2026-06-14T11:42:12.000Z</Time><Position><LatitudeDegrees>56.84109437206478</LatitudeDegrees><LongitudeDegrees>60.66069796515624</LongitudeDegrees></Position></Trackpoint><Trackpoint><Time>2026-06-14T11:42:13.000Z</Time><Position><LatitudeDegrees>56.84109234101039</LatitudeDegrees><LongitudeDegrees>60.660670483421455</LongitudeDegrees></Position></Trackpoint><Trackpoint><Time>2026-06-14T11:42:14.000Z</Time><Position><LatitudeDegrees>56.84108988362907</LatitudeDegrees><LongitudeDegrees>60.660641635896766</LongitudeDegrees></Position></Trackpoint><Trackpoint><Time>2026-06-14T11:42:15.000Z</Time><Position><LatitudeDegrees>56.841086586852036</LatitudeDegrees><LongitudeDegrees>60.66061250115604</LongitudeDegrees></Position></Trackpoint><Trackpoint><Time>2026-06-14T11:42:16.000Z</Time><Position><LatitudeDegrees>56.8410833675202</LatitudeDegrees><LongitudeDegrees>60.66058404986632</LongitudeDegrees></Position></Trackpoint><Trackpoint><Time>2026-06-14T11:42:17.000Z</Time><Position><LatitudeDegrees>56.84107912444738</LatitudeDegrees><LongitudeDegrees>60.66055708367139</LongitudeDegrees></Position></Trackpoint><Trackpoint><Time>2026-06-14T11:42:18.000Z</Time><Position><LatitudeDegrees>56.841074514745245</LatitudeDegrees><LongitudeDegrees>60.66053125249459</LongitudeDegrees></Position></Trackpoint><Trackpoint><Time>2026-06-14T11:42:19.000Z</Time><Position><LatitudeDegrees>56.84107083531184</LatitudeDegrees><LongitudeDegrees>60.6605052872636</LongitudeDegrees></Position></Trackpoint><Trackpoint><Time>2026-06-14T11:42:20.000Z</Time><Position><LatitudeDegrees>56.84106801124383</LatitudeDegrees><LongitudeDegrees>60.660477703316516</LongitudeDegrees></Position></Trackpoint><Trackpoint><Time>2026-06-14T11:42:21.000Z</Time><Position><LatitudeDegrees>56.84106639151928</LatitudeDegrees><LongitudeDegrees>60.66044907620107</LongitudeDegrees></Position></Trackpoint><Trackpoint><Time>2026-06-14T11:42:22.000Z</Time><Position><LatitudeDegrees>56.84106547567273</LatitudeDegrees><LongitudeDegrees>60.66042124566793</LongitudeDegrees></Position></Trackpoint><Trackpoint><Time>2026-06-14T11:42:23.000Z</Time><Position><LatitudeDegrees>56.84106496725413</LatitudeDegrees><LongitudeDegrees>60.66039388792642</LongitudeDegrees></Position></Trackpoint><Trackpoint><Time>2026-06-14T11:42:24.000Z</Time><Position><LatitudeDegrees>56.841065671103934</LatitudeDegrees><LongitudeDegrees>60.66036631933601</LongitudeDegrees></Position></Trackpoint><Trackpoint><Time>2026-06-14T11:42:25.000Z</Time><Position><LatitudeDegrees>56.84106629425762</LatitudeDegrees><LongitudeDegrees>60.66033926463414</LongitudeDegrees></Position></Trackpoint><Trackpoint><Time>2026-06-14T11:42:26.000Z</Time><Position><LatitudeDegrees>56.84106582497589</LatitudeDegrees><LongitudeDegrees>60.660312466724385</LongitudeDegrees></Position></Trackpoint><Trackpoint><Time>2026-06-14T11:42:27.000Z</Time><Position><LatitudeDegrees>56.8410644764138</LatitudeDegrees><LongitudeDegrees>60.660286276377626</LongitudeDegrees></Position></Trackpoint><Trackpoint><Time>2026-06-14T11:42:28.000Z</Time><Position><LatitudeDegrees>56.84106244921002</LatitudeDegrees><LongitudeDegrees>60.660260760073214</LongitudeDegrees></Position></Trackpoint><Trackpoint><Time>2026-06-14T11:42:29.000Z</Time><Position><LatitudeDegrees>56.841059423486264</LatitudeDegrees><LongitudeDegrees>60.66023585867725</LongitudeDegrees></Position></Trackpoint><Trackpoint><Time>2026-06-14T11:42:30.000Z</Time><Position><LatitudeDegrees>56.841055885275125</LatitudeDegrees><LongitudeDegrees>60.66021195852446</LongitudeDegrees></Position></Trackpoint><Trackpoint><Time>2026-06-14T11:42:31.000Z</Time><Position><LatitudeDegrees>56.84105259012863</LatitudeDegrees><LongitudeDegrees>60.660189090212334</LongitudeDegrees></Position></Trackpoint><Trackpoint><Time>2026-06-14T11:42:32.000Z</Time><Position><LatitudeDegrees>56.841049328400715</LatitudeDegrees><LongitudeDegrees>60.66016664429613</LongitudeDegrees></Position></Trackpoint><Trackpoint><Time>2026-06-14T11:42:33.000Z</Time><Position><LatitudeDegrees>56.8410460094629</LatitudeDegrees><LongitudeDegrees>60.66014382596169</LongitudeDegrees></Position></Trackpoint><Trackpoint><Time>2026-06-14T11:42:34.000Z</Time><Position><LatitudeDegrees>56.841042603334174</LatitudeDegrees><LongitudeDegrees>60.660120845287956</LongitudeDegrees></Position></Trackpoint><Trackpoint><Time>2026-06-14T11:42:35.000Z</Time><Position><LatitudeDegrees>56.84103959846878</LatitudeDegrees><LongitudeDegrees>60.66009780962847</LongitudeDegrees></Position></Trackpoint><Trackpoint><Time>2026-06-14T11:42:36.000Z</Time><Position><LatitudeDegrees>56.841037144526936</LatitudeDegrees><LongitudeDegrees>60.660074770252315</LongitudeDegrees></Position></Trackpoint><Trackpoint><Time>2026-06-14T11:42:37.000Z</Time><Position><LatitudeDegrees>56.84103621165474</LatitudeDegrees><LongitudeDegrees>60.66005125914023</LongitudeDegrees></Position></Trackpoint><Trackpoint><Time>2026-06-14T11:42:38.000Z</Time><Position><LatitudeDegrees>56.841036514553096</LatitudeDegrees><LongitudeDegrees>60.66002910253535</LongitudeDegrees></Position></Trackpoint><Trackpoint><Time>2026-06-14T11:42:39.000Z</Time><Position><LatitudeDegrees>56.84103728750644</LatitudeDegrees><LongitudeDegrees>60.66000887869654</LongitudeDegrees></Position></Trackpoint><Trackpoint><Time>2026-06-14T11:42:41.000Z</Time><Position><LatitudeDegrees>56.841038644447316</LatitudeDegrees><LongitudeDegrees>60.65999253614496</LongitudeDegrees></Position></Trackpoint><Trackpoint><Time>2026-06-14T11:42:43.000Z</Time><Position><LatitudeDegrees>56.84104104695368</LatitudeDegrees><LongitudeDegrees>60.65997988957865</LongitudeDegrees></Position></Trackpoint><Trackpoint><Time>2026-06-14T11:42:46.000Z</Time><Position><LatitudeDegrees>56.84105682373047</LatitudeDegrees><LongitudeDegrees>60.65994644165039</LongitudeDegrees></Position></Trackpoint><Trackpoint><Time>2026-06-14T11:42:48.000Z</Time><Position><LatitudeDegrees>56.84104455092195</LatitudeDegrees><LongitudeDegrees>60.65997087792058</LongitudeDegrees></Position></Trackpoint><Trackpoint><Time>2026-06-14T11:43:13.000Z</Time><Position><LatitudeDegrees>56.84105246527552</LatitudeDegrees><LongitudeDegrees>60.65996207181851</LongitudeDegrees></Position></Trackpoint><Trackpoint><Time>2026-06-14T11:43:14.000Z</Time><Position><LatitudeDegrees>56.84106215939876</LatitudeDegrees><LongitudeDegrees>60.65995497023175</LongitudeDegrees></Position></Trackpoint><Trackpoint><Time>2026-06-14T11:43:15.000Z</Time><Position><LatitudeDegrees>56.8410723214857</LatitudeDegrees><LongitudeDegrees>60.659949971709764</LongitudeDegrees></Position></Trackpoint><Trackpoint><Time>2026-06-14T11:43:16.000Z</Time><Position><LatitudeDegrees>56.84108235122846</LatitudeDegrees><LongitudeDegrees>60.65994599124209</LongitudeDegrees></Position></Trackpoint><Trackpoint><Time>2026-06-14T11:43:17.000Z</Time><Position><LatitudeDegrees>56.84109201838641</LatitudeDegrees><LongitudeDegrees>60.65994245131951</LongitudeDegrees></Position></Trackpoint><Trackpoint><Time>2026-06-14T11:43:18.000Z</Time><Position><LatitudeDegrees>56.84110176428661</LatitudeDegrees><LongitudeDegrees>60.65993856795056</LongitudeDegrees></Position></Trackpoint><Trackpoint><Time>2026-06-14T11:43:19.000Z</Time><Position><LatitudeDegrees>56.84111176057583</LatitudeDegrees><LongitudeDegrees>60.65993455195285</LongitudeDegrees></Position></Trackpoint><Trackpoint><Time>2026-06-14T11:43:20.000Z</Time><Position><LatitudeDegrees>56.84112204580685</LatitudeDegrees><LongitudeDegrees>60.65992952794956</LongitudeDegrees></Position></Trackpoint><Trackpoint><Time>2026-06-14T11:43:21.000Z</Time><Position><LatitudeDegrees>56.84113259877177</LatitudeDegrees><LongitudeDegrees>60.65992326480732</LongitudeDegrees></Position></Trackpoint><Trackpoint><Time>2026-06-14T11:43:22.000Z</Time><Position><LatitudeDegrees>56.841143376373225</LatitudeDegrees><LongitudeDegrees>60.659915826379304</LongitudeDegrees></Position></Trackpoint><Trackpoint><Time>2026-06-14T11:43:23.000Z</Time><Position><LatitudeDegrees>56.84115482164114</LatitudeDegrees><LongitudeDegrees>60.65990787941915</LongitudeDegrees></Position></Trackpoint><Trackpoint><Time>2026-06-14T11:43:24.000Z</Time><Position><LatitudeDegrees>56.841167520946655</LatitudeDegrees><LongitudeDegrees>60.65990074300881</LongitudeDegrees></Position></Trackpoint><Trackpoint><Time>2026-06-14T11:43:25.000Z</Time><Position><LatitudeDegrees>56.84118106521252</LatitudeDegrees><LongitudeDegrees>60.659894366746755</LongitudeDegrees></Position></Trackpoint><Trackpoint><Time>2026-06-14T11:43:26.000Z</Time><Position><LatitudeDegrees>56.841194687907056</LatitudeDegrees><LongitudeDegrees>60.659889121922696</LongitudeDegrees></Position></Trackpoint><Trackpoint><Time>2026-06-14T11:43:27.000Z</Time><Position><LatitudeDegrees>56.841209042502015</LatitudeDegrees><LongitudeDegrees>60.65988452661714</LongitudeDegrees></Position></Trackpoint><Trackpoint><Time>2026-06-14T11:43:28.000Z</Time><Position><LatitudeDegrees>56.841224793791156</LatitudeDegrees><LongitudeDegrees>60.659878830163</LongitudeDegrees></Position></Trackpoint><Trackpoint><Time>2026-06-14T11:43:29.000Z</Time><Position><LatitudeDegrees>56.8412410570739</LatitudeDegrees><LongitudeDegrees>60.65987194251856</LongitudeDegrees></Position></Trackpoint><Trackpoint><Time>2026-06-14T11:43:30.000Z</Time><Position><LatitudeDegrees>56.84125740228744</LatitudeDegrees><LongitudeDegrees>60.65986300026788</LongitudeDegrees></Position></Trackpoint><Trackpoint><Time>2026-06-14T11:43:31.000Z</Time><Position><LatitudeDegrees>56.84127364180188</LatitudeDegrees><LongitudeDegrees>60.659851911533075</LongitudeDegrees></Position></Trackpoint><Trackpoint><Time>2026-06-14T11:43:32.000Z</Time><Position><LatitudeDegrees>56.84128971191128</LatitudeDegrees><LongitudeDegrees>60.65983989319499</LongitudeDegrees></Position></Trackpoint><Trackpoint><Time>2026-06-14T11:43:33.000Z</Time><Position><LatitudeDegrees>56.84130413929044</LatitudeDegrees><LongitudeDegrees>60.65982756571892</LongitudeDegrees></Position></Trackpoint><Trackpoint><Time>2026-06-14T11:43:34.000Z</Time><Position><LatitudeDegrees>56.84131701762748</LatitudeDegrees><LongitudeDegrees>60.6598162035318</LongitudeDegrees></Position></Trackpoint><Trackpoint><Time>2026-06-14T11:43:35.000Z</Time><Position><LatitudeDegrees>56.84132809471288</LatitudeDegrees><LongitudeDegrees>60.65980571798112</LongitudeDegrees></Position></Trackpoint><Trackpoint><Time>2026-06-14T11:43:36.000Z</Time><Position><LatitudeDegrees>56.84133798747687</LatitudeDegrees><LongitudeDegrees>60.65979644965251</LongitudeDegrees></Position></Trackpoint><Trackpoint><Time>2026-06-14T11:43:37.000Z</Time><Position><LatitudeDegrees>56.841346612387156</LatitudeDegrees><LongitudeDegrees>60.65978838258186</LongitudeDegrees></Position></Trackpoint><Trackpoint><Time>2026-06-14T11:43:38.000Z</Time><Position><LatitudeDegrees>56.841353608158826</LatitudeDegrees><LongitudeDegrees>60.65978331445746</LongitudeDegrees></Position></Trackpoint><Trackpoint><Time>2026-06-14T11:43:39.000Z</Time><Position><LatitudeDegrees>56.841360014321424</LatitudeDegrees><LongitudeDegrees>60.6597820903277</LongitudeDegrees></Position></Trackpoint><Trackpoint><Time>2026-06-14T11:43:40.000Z</Time><Position><LatitudeDegrees>56.84136584505269</LatitudeDegrees><LongitudeDegrees>60.6597845648408</LongitudeDegrees></Position></Trackpoint><Trackpoint><Time>2026-06-14T11:43:41.000Z</Time><Position><LatitudeDegrees>56.84137118004723</LatitudeDegrees><LongitudeDegrees>60.65979069303145</LongitudeDegrees></Position></Trackpoint><Trackpoint><Time>2026-06-14T11:43:42.000Z</Time><Position><LatitudeDegrees>56.84137660536363</LatitudeDegrees><LongitudeDegrees>60.65980047704807</LongitudeDegrees></Position></Trackpoint><Trackpoint><Time>2026-06-14T11:43:43.000Z</Time><Position><LatitudeDegrees>56.84138235076767</LatitudeDegrees><LongitudeDegrees>60.659813448555745</LongitudeDegrees></Position></Trackpoint><Trackpoint><Time>2026-06-14T11:43:44.000Z</Time><Position><LatitudeDegrees>56.8413884698018</LatitudeDegrees><LongitudeDegrees>60.65982949517948</LongitudeDegrees></Position></Trackpoint><Trackpoint><Time>2026-06-14T11:43:45.000Z</Time><Position><LatitudeDegrees>56.841395426172355</LatitudeDegrees><LongitudeDegrees>60.65984719673178</LongitudeDegrees></Position></Trackpoint><Trackpoint><Time>2026-06-14T11:43:46.000Z</Time><Position><LatitudeDegrees>56.841403792988814</LatitudeDegrees><LongitudeDegrees>60.65986575592452</LongitudeDegrees></Position></Trackpoint><Trackpoint><Time>2026-06-14T11:43:47.000Z</Time><Position><LatitudeDegrees>56.841412646026946</LatitudeDegrees><LongitudeDegrees>60.65988522394161</LongitudeDegrees></Position></Trackpoint><Trackpoint><Time>2026-06-14T11:43:48.000Z</Time><Position><LatitudeDegrees>56.84142203186519</LatitudeDegrees><LongitudeDegrees>60.6599064844373</LongitudeDegrees></Position></Trackpoint><Trackpoint><Time>2026-06-14T11:43:49.000Z</Time><Position><LatitudeDegrees>56.841431901302016</LatitudeDegrees><LongitudeDegrees>60.659929181657354</LongitudeDegrees></Position></Trackpoint><Trackpoint><Time>2026-06-14T11:43:50.000Z</Time><Position><LatitudeDegrees>56.84144070317359</LatitudeDegrees><LongitudeDegrees>60.65995298468891</LongitudeDegrees></Position></Trackpoint><Trackpoint><Time>2026-06-14T11:43:51.000Z</Time><Position><LatitudeDegrees>56.84144842528992</LatitudeDegrees><LongitudeDegrees>60.659976636100545</LongitudeDegrees></Position></Trackpoint><Trackpoint><Time>2026-06-14T11:43:52.000Z</Time><Position><LatitudeDegrees>56.841454711605095</LatitudeDegrees><LongitudeDegrees>60.65999865827902</LongitudeDegrees></Position></Trackpoint><Trackpoint><Time>2026-06-14T11:43:53.000Z</Time><Position><LatitudeDegrees>56.84145959977044</LatitudeDegrees><LongitudeDegrees>60.66001865180355</LongitudeDegrees></Position></Trackpoint><Trackpoint><Time>2026-06-14T11:43:54.000Z</Time><Position><LatitudeDegrees>56.84146328474243</LatitudeDegrees><LongitudeDegrees>60.660036712553975</LongitudeDegrees></Position></Trackpoint><Trackpoint><Time>2026-06-14T11:43:55.000Z</Time><Position><LatitudeDegrees>56.84146600123871</LatitudeDegrees><LongitudeDegrees>60.66005508652793</LongitudeDegrees></Position></Trackpoint><Trackpoint><Time>2026-06-14T11:43:56.000Z</Time><Position><LatitudeDegrees>56.84146748061558</LatitudeDegrees><LongitudeDegrees>60.66007318966852</LongitudeDegrees></Position></Trackpoint><Trackpoint><Time>2026-06-14T11:43:57.000Z</Time><Position><LatitudeDegrees>56.841467771019026</LatitudeDegrees><LongitudeDegrees>60.660091795423924</LongitudeDegrees></Position></Trackpoint><Trackpoint><Time>2026-06-14T11:43:58.000Z</Time><Position><LatitudeDegrees>56.841468024101346</LatitudeDegrees><LongitudeDegrees>60.660110178594806</LongitudeDegrees></Position></Trackpoint><Trackpoint><Time>2026-06-14T11:43:59.000Z</Time><Position><LatitudeDegrees>56.84146822933085</LatitudeDegrees><LongitudeDegrees>60.66012806908828</LongitudeDegrees></Position></Trackpoint><Trackpoint><Time>2026-06-14T11:44:00.000Z</Time><Position><LatitudeDegrees>56.84146838851207</LatitudeDegrees><LongitudeDegrees>60.66014492929487</LongitudeDegrees></Position></Trackpoint><Trackpoint><Time>2026-06-14T11:44:02.000Z</Time><Position><LatitudeDegrees>56.84146899790902</LatitudeDegrees><LongitudeDegrees>60.6601572427705</LongitudeDegrees></Position></Trackpoint><Trackpoint><Time>2026-06-14T11:44:03.000Z</Time><Position><LatitudeDegrees>56.84147020411527</LatitudeDegrees><LongitudeDegrees>60.66016512411351</LongitudeDegrees></Position></Trackpoint><Trackpoint><Time>2026-06-14T11:44:04.000Z</Time><Position><LatitudeDegrees>56.84147382491098</LatitudeDegrees><LongitudeDegrees>60.66017783807776</LongitudeDegrees></Position></Trackpoint><Trackpoint><Time>2026-06-14T11:44:05.000Z</Time><Position><LatitudeDegrees>56.84147183699061</LatitudeDegrees><LongitudeDegrees>60.66016788741158</LongitudeDegrees></Position></Trackpoint><Trackpoint><Time>2026-06-14T11:44:06.000Z</Time><Position><LatitudeDegrees>56.841474079528794</LatitudeDegrees><LongitudeDegrees>60.6601670421751</LongitudeDegrees></Position></Trackpoint><Trackpoint><Time>2026-06-14T11:44:07.000Z</Time><Position><LatitudeDegrees>56.84147726454133</LatitudeDegrees><LongitudeDegrees>60.660162860866095</LongitudeDegrees></Position></Trackpoint><Trackpoint><Time>2026-06-14T11:44:08.000Z</Time><Position><LatitudeDegrees>56.841481408125944</LatitudeDegrees><LongitudeDegrees>60.66015735270525</LongitudeDegrees></Position></Trackpoint><Trackpoint><Time>2026-06-14T11:44:09.000Z</Time><Position><LatitudeDegrees>56.8414859042703</LatitudeDegrees><LongitudeDegrees>60.66015102584543</LongitudeDegrees></Position></Trackpoint><Trackpoint><Time>2026-06-14T11:44:10.000Z</Time><Position><LatitudeDegrees>56.84149094775844</LatitudeDegrees><LongitudeDegrees>60.66014419463971</LongitudeDegrees></Position></Trackpoint><Trackpoint><Time>2026-06-14T11:44:11.000Z</Time><Position><LatitudeDegrees>56.84149654855816</LatitudeDegrees><LongitudeDegrees>60.66013705328121</LongitudeDegrees></Position></Trackpoint><Trackpoint><Time>2026-06-14T11:44:12.000Z</Time><Position><LatitudeDegrees>56.84150263924446</LatitudeDegrees><LongitudeDegrees>60.660130211163384</LongitudeDegrees></Position></Trackpoint><Trackpoint><Time>2026-06-14T11:44:13.000Z</Time><Position><LatitudeDegrees>56.841509129173254</LatitudeDegrees><LongitudeDegrees>60.66012339123707</LongitudeDegrees></Position></Trackpoint><Trackpoint><Time>2026-06-14T11:44:14.000Z</Time><Position><LatitudeDegrees>56.84151641938274</LatitudeDegrees><LongitudeDegrees>60.66011696616657</LongitudeDegrees></Position></Trackpoint><Trackpoint><Time>2026-06-14T11:44:15.000Z</Time><Position><LatitudeDegrees>56.84152457231902</LatitudeDegrees><LongitudeDegrees>60.660110549137684</LongitudeDegrees></Position></Trackpoint><Trackpoint><Time>2026-06-14T11:44:16.000Z</Time><Position><LatitudeDegrees>56.84153350296978</LatitudeDegrees><LongitudeDegrees>60.66010495903655</LongitudeDegrees></Position></Trackpoint><Trackpoint><Time>2026-06-14T11:44:17.000Z</Time><Position><LatitudeDegrees>56.84154307650565</LatitudeDegrees><LongitudeDegrees>60.66009993736224</LongitudeDegrees></Position></Trackpoint><Trackpoint><Time>2026-06-14T11:44:18.000Z</Time><Position><LatitudeDegrees>56.84155315488607</LatitudeDegrees><LongitudeDegrees>60.66009530469873</LongitudeDegrees></Position></Trackpoint><Trackpoint><Time>2026-06-14T11:44:19.000Z</Time><Position><LatitudeDegrees>56.84156410607592</LatitudeDegrees><LongitudeDegrees>60.66009142683818</LongitudeDegrees></Position></Trackpoint><Trackpoint><Time>2026-06-14T11:44:20.000Z</Time><Position><LatitudeDegrees>56.84157645920226</LatitudeDegrees><LongitudeDegrees>60.6600883575482</LongitudeDegrees></Position></Trackpoint><Trackpoint><Time>2026-06-14T11:44:21.000Z</Time><Position><LatitudeDegrees>56.8415897626302</LatitudeDegrees><LongitudeDegrees>60.66008650480388</LongitudeDegrees></Position></Trackpoint><Trackpoint><Time>2026-06-14T11:44:22.000Z</Time><Position><LatitudeDegrees>56.84160419800229</LatitudeDegrees><LongitudeDegrees>60.660085880481176</LongitudeDegrees></Position></Trackpoint><Trackpoint><Time>2026-06-14T11:44:23.000Z</Time><Position><LatitudeDegrees>56.84161920523105</LatitudeDegrees><LongitudeDegrees>60.66008877985805</LongitudeDegrees></Position></Trackpoint><Trackpoint><Time>2026-06-14T11:44:24.000Z</Time><Position><LatitudeDegrees>56.841634480256836</LatitudeDegrees><LongitudeDegrees>60.66009422711314</LongitudeDegrees></Position></Trackpoint><Trackpoint><Time>2026-06-14T11:44:25.000Z</Time><Position><LatitudeDegrees>56.841649373875796</LatitudeDegrees><LongitudeDegrees>60.660101493354354</LongitudeDegrees></Position></Trackpoint><Trackpoint><Time>2026-06-14T11:44:26.000Z</Time><Position><LatitudeDegrees>56.84166415728774</LatitudeDegrees><LongitudeDegrees>60.66011004493551</LongitudeDegrees></Position></Trackpoint><Trackpoint><Time>2026-06-14T11:44:27.000Z</Time><Position><LatitudeDegrees>56.84167846671606</LatitudeDegrees><LongitudeDegrees>60.66011949711188</LongitudeDegrees></Position></Trackpoint><Trackpoint><Time>2026-06-14T11:44:28.000Z</Time><Position><LatitudeDegrees>56.84169172356991</LatitudeDegrees><LongitudeDegrees>60.66013006545334</LongitudeDegrees></Position></Trackpoint><Trackpoint><Time>2026-06-14T11:44:29.000Z</Time><Position><LatitudeDegrees>56.841703824662595</LatitudeDegrees><LongitudeDegrees>60.66014169548065</LongitudeDegrees></Position></Trackpoint><Trackpoint><Time>2026-06-14T11:44:30.000Z</Time><Position><LatitudeDegrees>56.84171487583861</LatitudeDegrees><LongitudeDegrees>60.66015422849168</LongitudeDegrees></Position></Trackpoint><Trackpoint><Time>2026-06-14T11:44:31.000Z</Time><Position><LatitudeDegrees>56.841725055443455</LatitudeDegrees><LongitudeDegrees>60.660168952062854</LongitudeDegrees></Position></Trackpoint><Trackpoint><Time>2026-06-14T11:44:32.000Z</Time><Position><LatitudeDegrees>56.84173503840121</LatitudeDegrees><LongitudeDegrees>60.660186115306004</LongitudeDegrees></Position></Trackpoint><Trackpoint><Time>2026-06-14T11:44:33.000Z</Time><Position><LatitudeDegrees>56.841744638296866</LatitudeDegrees><LongitudeDegrees>60.66020599729612</LongitudeDegrees></Position></Trackpoint><Trackpoint><Time>2026-06-14T11:44:34.000Z</Time><Position><LatitudeDegrees>56.84175480674517</LatitudeDegrees><LongitudeDegrees>60.66022787440788</LongitudeDegrees></Position></Trackpoint><Trackpoint><Time>2026-06-14T11:44:35.000Z</Time><Position><LatitudeDegrees>56.841764883458715</LatitudeDegrees><LongitudeDegrees>60.66024923411496</LongitudeDegrees></Position></Trackpoint><Trackpoint><Time>2026-06-14T11:44:36.000Z</Time><Position><LatitudeDegrees>56.84177460828313</LatitudeDegrees><LongitudeDegrees>60.66026959769394</LongitudeDegrees></Position></Trackpoint><Trackpoint><Time>2026-06-14T11:44:37.000Z</Time><Position><LatitudeDegrees>56.841782940021375</LatitudeDegrees><LongitudeDegrees>60.6602888958421</LongitudeDegrees></Position></Trackpoint><Trackpoint><Time>2026-06-14T11:44:38.000Z</Time><Position><LatitudeDegrees>56.84178962867429</LatitudeDegrees><LongitudeDegrees>60.66030723676469</LongitudeDegrees></Position></Trackpoint><Trackpoint><Time>2026-06-14T11:44:39.000Z</Time><Position><LatitudeDegrees>56.84179576139264</LatitudeDegrees><LongitudeDegrees>60.6603247878827</LongitudeDegrees></Position></Trackpoint><Trackpoint><Time>2026-06-14T11:44:40.000Z</Time><Position><LatitudeDegrees>56.841801857254715</LatitudeDegrees><LongitudeDegrees>60.66034122990528</LongitudeDegrees></Position></Trackpoint><Trackpoint><Time>2026-06-14T11:44:41.000Z</Time><Position><LatitudeDegrees>56.84180862437534</LatitudeDegrees><LongitudeDegrees>60.66035657368852</LongitudeDegrees></Position></Trackpoint><Trackpoint><Time>2026-06-14T11:44:42.000Z</Time><Position><LatitudeDegrees>56.84181528900355</LatitudeDegrees><LongitudeDegrees>60.660370475050065</LongitudeDegrees></Position></Trackpoint><Trackpoint><Time>2026-06-14T11:44:43.000Z</Time><Position><LatitudeDegrees>56.841822035248256</LatitudeDegrees><LongitudeDegrees>60.660383466987405</LongitudeDegrees></Position></Trackpoint><Trackpoint><Time>2026-06-14T11:44:44.000Z</Time><Position><LatitudeDegrees>56.84182941806693</LatitudeDegrees><LongitudeDegrees>60.66039735456176</LongitudeDegrees></Position></Trackpoint><Trackpoint><Time>2026-06-14T11:44:45.000Z</Time><Position><LatitudeDegrees>56.84183758430624</LatitudeDegrees><LongitudeDegrees>60.66041178698263</LongitudeDegrees></Position></Trackpoint><Trackpoint><Time>2026-06-14T11:44:46.000Z</Time><Position><LatitudeDegrees>56.84184600428108</LatitudeDegrees><LongitudeDegrees>60.66042606024195</LongitudeDegrees></Position></Trackpoint><Trackpoint><Time>2026-06-14T11:44:47.000Z</Time><Position><LatitudeDegrees>56.8418549168935</LatitudeDegrees><LongitudeDegrees>60.66043990483388</LongitudeDegrees></Position></Trackpoint><Trackpoint><Time>2026-06-14T11:44:48.000Z</Time><Position><LatitudeDegrees>56.841864357302065</LatitudeDegrees><LongitudeDegrees>60.660453754396336</LongitudeDegrees></Position></Trackpoint><Trackpoint><Time>2026-06-14T11:44:49.000Z</Time><Position><LatitudeDegrees>56.84187378263376</LatitudeDegrees><LongitudeDegrees>60.66046778687792</LongitudeDegrees></Position></Trackpoint><Trackpoint><Time>2026-06-14T11:44:50.000Z</Time><Position><LatitudeDegrees>56.841882971250485</LatitudeDegrees><LongitudeDegrees>60.660481562475795</LongitudeDegrees></Position></Trackpoint><Trackpoint><Time>2026-06-14T11:44:51.000Z</Time><Position><LatitudeDegrees>56.84189137264566</LatitudeDegrees><LongitudeDegrees>60.66049493303512</LongitudeDegrees></Position></Trackpoint><Trackpoint><Time>2026-06-14T11:44:52.000Z</Time><Position><LatitudeDegrees>56.841899350751646</LatitudeDegrees><LongitudeDegrees>60.66050788952686</LongitudeDegrees></Position></Trackpoint><Trackpoint><Time>2026-06-14T11:44:53.000Z</Time><Position><LatitudeDegrees>56.84190759938705</LatitudeDegrees><LongitudeDegrees>60.66051950215629</LongitudeDegrees></Position></Trackpoint><Trackpoint><Time>2026-06-14T11:44:54.000Z</Time><Position><LatitudeDegrees>56.841915879956865</LatitudeDegrees><LongitudeDegrees>60.660529070875</LongitudeDegrees></Position></Trackpoint><Trackpoint><Time>2026-06-14T11:44:55.000Z</Time><Position><LatitudeDegrees>56.841924090100974</LatitudeDegrees><LongitudeDegrees>60.660536569712555</LongitudeDegrees></Position></Trackpoint><Trackpoint><Time>2026-06-14T11:44:56.000Z</Time><Position><LatitudeDegrees>56.84193268631372</LatitudeDegrees><LongitudeDegrees>60.660542253639576</LongitudeDegrees></Position></Trackpoint><Trackpoint><Time>2026-06-14T11:44:57.000Z</Time><Position><LatitudeDegrees>56.84194180704336</LatitudeDegrees><LongitudeDegrees>60.66054695021311</LongitudeDegrees></Position></Trackpoint><Trackpoint><Time>2026-06-14T11:44:58.000Z</Time><Position><LatitudeDegrees>56.84195144198658</LatitudeDegrees><LongitudeDegrees>60.660552106195304</LongitudeDegrees></Position></Trackpoint><Trackpoint><Time>2026-06-14T11:44:59.000Z</Time><Position><LatitudeDegrees>56.84196103129095</LatitudeDegrees><LongitudeDegrees>60.66055825844665</LongitudeDegrees></Position></Trackpoint><Trackpoint><Time>2026-06-14T11:45:00.000Z</Time><Position><LatitudeDegrees>56.84197083985888</LatitudeDegrees><LongitudeDegrees>60.66056403136271</LongitudeDegrees></Position></Trackpoint><Trackpoint><Time>2026-06-14T11:45:01.000Z</Time><Position><LatitudeDegrees>56.84198045903325</LatitudeDegrees><LongitudeDegrees>60.660569396721435</LongitudeDegrees></Position></Trackpoint><Trackpoint><Time>2026-06-14T11:45:02.000Z</Time><Position><LatitudeDegrees>56.841989744823806</LatitudeDegrees><LongitudeDegrees>60.66057390559879</LongitudeDegrees></Position></Trackpoint><Trackpoint><Time>2026-06-14T11:45:03.000Z</Time><Position><LatitudeDegrees>56.84199868071987</LatitudeDegrees><LongitudeDegrees>60.66057797265159</LongitudeDegrees></Position></Trackpoint><Trackpoint><Time>2026-06-14T11:45:04.000Z</Time><Position><LatitudeDegrees>56.8420068152196</LatitudeDegrees><LongitudeDegrees>60.66058231496747</LongitudeDegrees></Position></Trackpoint><Trackpoint><Time>2026-06-14T11:45:05.000Z</Time><Position><LatitudeDegrees>56.842014554848106</LatitudeDegrees><LongitudeDegrees>60.660587682148055</LongitudeDegrees></Position></Trackpoint><Trackpoint><Time>2026-06-14T11:45:06.000Z</Time><Position><LatitudeDegrees>56.84202211770712</LatitudeDegrees><LongitudeDegrees>60.66059425136446</LongitudeDegrees></Position></Trackpoint><Trackpoint><Time>2026-06-14T11:45:07.000Z</Time><Position><LatitudeDegrees>56.842029616306284</LatitudeDegrees><LongitudeDegrees>60.66060292052341</LongitudeDegrees></Position></Trackpoint><Trackpoint><Time>2026-06-14T11:45:08.000Z</Time><Position><LatitudeDegrees>56.84203710522849</LatitudeDegrees><LongitudeDegrees>60.660613300277774</LongitudeDegrees></Position></Trackpoint><Trackpoint><Time>2026-06-14T11:45:09.000Z</Time><Position><LatitudeDegrees>56.84204460819481</LatitudeDegrees><LongitudeDegrees>60.66062550033971</LongitudeDegrees></Position></Trackpoint><Trackpoint><Time>2026-06-14T11:45:10.000Z</Time><Position><LatitudeDegrees>56.84205164356122</LatitudeDegrees><LongitudeDegrees>60.66063884264801</LongitudeDegrees></Position></Trackpoint><Trackpoint><Time>2026-06-14T11:45:11.000Z</Time><Position><LatitudeDegrees>56.84205807298638</LatitudeDegrees><LongitudeDegrees>60.660652901348854</LongitudeDegrees></Position></Trackpoint><Trackpoint><Time>2026-06-14T11:45:12.000Z</Time><Position><LatitudeDegrees>56.84206391726836</LatitudeDegrees><LongitudeDegrees>60.66066691950292</LongitudeDegrees></Position></Trackpoint><Trackpoint><Time>2026-06-14T11:45:13.000Z</Time><Position><LatitudeDegrees>56.842069260074744</LatitudeDegrees><LongitudeDegrees>60.66068059058148</LongitudeDegrees></Position></Trackpoint><Trackpoint><Time>2026-06-14T11:45:14.000Z</Time><Position><LatitudeDegrees>56.84207468983688</LatitudeDegrees><LongitudeDegrees>60.66069432250301</LongitudeDegrees></Position></Trackpoint><Trackpoint><Time>2026-06-14T11:45:15.000Z</Time><Position><LatitudeDegrees>56.842079948119164</LatitudeDegrees><LongitudeDegrees>60.66070827545284</LongitudeDegrees></Position></Trackpoint><Trackpoint><Time>2026-06-14T11:45:17.000Z</Time><Position><LatitudeDegrees>56.842084460887754</LatitudeDegrees><LongitudeDegrees>60.66072150781075</LongitudeDegrees></Position></Trackpoint><Trackpoint><Time>2026-06-14T11:45:18.000Z</Time><Position><LatitudeDegrees>56.84208906664317</LatitudeDegrees><LongitudeDegrees>60.66073421388362</LongitudeDegrees></Position></Trackpoint><Trackpoint><Time>2026-06-14T11:45:19.000Z</Time><Position><LatitudeDegrees>56.84209360916254</LatitudeDegrees><LongitudeDegrees>60.66074556202017</LongitudeDegrees></Position></Trackpoint><Trackpoint><Time>2026-06-14T11:45:20.000Z</Time><Position><LatitudeDegrees>56.842098032224335</LatitudeDegrees><LongitudeDegrees>60.66075440478649</LongitudeDegrees></Position></Trackpoint><Trackpoint><Time>2026-06-14T11:45:21.000Z</Time><Position><LatitudeDegrees>56.84210134878561</LatitudeDegrees><LongitudeDegrees>60.66075961197028</LongitudeDegrees></Position></Trackpoint><Trackpoint><Time>2026-06-14T11:45:22.000Z</Time><Position><LatitudeDegrees>56.842103294366844</LatitudeDegrees><LongitudeDegrees>60.66076069512331</LongitudeDegrees></Position></Trackpoint><Trackpoint><Time>2026-06-14T11:45:23.000Z</Time><Position><LatitudeDegrees>56.84210393600974</LatitudeDegrees><LongitudeDegrees>60.66075602395695</LongitudeDegrees></Position></Trackpoint><Trackpoint><Time>2026-06-14T11:45:24.000Z</Time><Position><LatitudeDegrees>56.842103958293464</LatitudeDegrees><LongitudeDegrees>60.66074664484339</LongitudeDegrees></Position></Trackpoint><Trackpoint><Time>2026-06-14T11:45:25.000Z</Time><Position><LatitudeDegrees>56.84210323303372</LatitudeDegrees><LongitudeDegrees>60.660732124139635</LongitudeDegrees></Position></Trackpoint><Trackpoint><Time>2026-06-14T11:45:26.000Z</Time><Position><LatitudeDegrees>56.842101313775395</LatitudeDegrees><LongitudeDegrees>60.66071343278297</LongitudeDegrees></Position></Trackpoint><Trackpoint><Time>2026-06-14T11:45:27.000Z</Time><Position><LatitudeDegrees>56.842098659511926</LatitudeDegrees><LongitudeDegrees>60.66069248515598</LongitudeDegrees></Position></Trackpoint><Trackpoint><Time>2026-06-14T11:45:28.000Z</Time><Position><LatitudeDegrees>56.84209457438767</LatitudeDegrees><LongitudeDegrees>60.66067035925412</LongitudeDegrees></Position></Trackpoint><Trackpoint><Time>2026-06-14T11:45:29.000Z</Time><Position><LatitudeDegrees>56.842088955474885</LatitudeDegrees><LongitudeDegrees>60.66064960870415</LongitudeDegrees></Position></Trackpoint><Trackpoint><Time>2026-06-14T11:45:30.000Z</Time><Position><LatitudeDegrees>56.84208195724393</LatitudeDegrees><LongitudeDegrees>60.660631598261006</LongitudeDegrees></Position></Trackpoint><Trackpoint><Time>2026-06-14T11:45:31.000Z</Time><Position><LatitudeDegrees>56.84207382034424</LatitudeDegrees><LongitudeDegrees>60.6606160486771</LongitudeDegrees></Position></Trackpoint><Trackpoint><Time>2026-06-14T11:45:32.000Z</Time><Position><LatitudeDegrees>56.84206381080846</LatitudeDegrees><LongitudeDegrees>60.66060154988017</LongitudeDegrees></Position></Trackpoint><Trackpoint><Time>2026-06-14T11:45:33.000Z</Time><Position><LatitudeDegrees>56.84205235632498</LatitudeDegrees><LongitudeDegrees>60.66058787589914</LongitudeDegrees></Position></Trackpoint><Trackpoint><Time>2026-06-14T11:45:34.000Z</Time><Position><LatitudeDegrees>56.84203981848698</LatitudeDegrees><LongitudeDegrees>60.66057482780771</LongitudeDegrees></Position></Trackpoint><Trackpoint><Time>2026-06-14T11:45:35.000Z</Time><Position><LatitudeDegrees>56.84202697486815</LatitudeDegrees><LongitudeDegrees>60.660563222570644</LongitudeDegrees></Position></Trackpoint><Trackpoint><Time>2026-06-14T11:45:36.000Z</Time><Position><LatitudeDegrees>56.84201418494574</LatitudeDegrees><LongitudeDegrees>60.6605527218425</LongitudeDegrees></Position></Trackpoint><Trackpoint><Time>2026-06-14T11:45:37.000Z</Time><Position><LatitudeDegrees>56.84200158987263</LatitudeDegrees><LongitudeDegrees>60.66054353412989</LongitudeDegrees></Position></Trackpoint><Trackpoint><Time>2026-06-14T11:45:38.000Z</Time><Position><LatitudeDegrees>56.84199020199291</LatitudeDegrees><LongitudeDegrees>60.66053508716864</LongitudeDegrees></Position></Trackpoint><Trackpoint><Time>2026-06-14T11:45:39.000Z</Time><Position><LatitudeDegrees>56.84197979367156</LatitudeDegrees><LongitudeDegrees>60.66052656059633</LongitudeDegrees></Position></Trackpoint><Trackpoint><Time>2026-06-14T11:45:40.000Z</Time><Position><LatitudeDegrees>56.84197063504669</LatitudeDegrees><LongitudeDegrees>60.66051762677832</LongitudeDegrees></Position></Trackpoint><Trackpoint><Time>2026-06-14T11:45:41.000Z</Time><Position><LatitudeDegrees>56.84196071853105</LatitudeDegrees><LongitudeDegrees>60.66050820305312</LongitudeDegrees></Position></Trackpoint><Trackpoint><Time>2026-06-14T11:45:42.000Z</Time><Position><LatitudeDegrees>56.841949804218</LatitudeDegrees><LongitudeDegrees>60.6604983182568</LongitudeDegrees></Position></Trackpoint><Trackpoint><Time>2026-06-14T11:45:43.000Z</Time><Position><LatitudeDegrees>56.84193841098241</LatitudeDegrees><LongitudeDegrees>60.66048755383218</LongitudeDegrees></Position></Trackpoint><Trackpoint><Time>2026-06-14T11:45:44.000Z</Time><Position><LatitudeDegrees>56.84192681398323</LatitudeDegrees><LongitudeDegrees>60.660476339913046</LongitudeDegrees></Position></Trackpoint><Trackpoint><Time>2026-06-14T11:45:45.000Z</Time><Position><LatitudeDegrees>56.841915152692835</LatitudeDegrees><LongitudeDegrees>60.66046540094539</LongitudeDegrees></Position></Trackpoint><Trackpoint><Time>2026-06-14T11:45:46.000Z</Time><Position><LatitudeDegrees>56.84190300319167</LatitudeDegrees><LongitudeDegrees>60.660456468822474</LongitudeDegrees></Position></Trackpoint><Trackpoint><Time>2026-06-14T11:45:47.000Z</Time><Position><LatitudeDegrees>56.841890253556635</LatitudeDegrees><LongitudeDegrees>60.66045048883083</LongitudeDegrees></Position></Trackpoint><Trackpoint><Time>2026-06-14T11:45:48.000Z</Time><Position><LatitudeDegrees>56.84187791394157</LatitudeDegrees><LongitudeDegrees>60.66044845059065</LongitudeDegrees></Position></Trackpoint><Trackpoint><Time>2026-06-14T11:45:49.000Z</Time><Position><LatitudeDegrees>56.841865858125466</LatitudeDegrees><LongitudeDegrees>60.66045172457454</LongitudeDegrees></Position></Trackpoint><Trackpoint><Time>2026-06-14T11:45:50.000Z</Time><Position><LatitudeDegrees>56.84185448731174</LatitudeDegrees><LongitudeDegrees>60.66045823493043</LongitudeDegrees></Position></Trackpoint><Trackpoint><Time>2026-06-14T11:45:51.000Z</Time><Position><LatitudeDegrees>56.84184387881033</LatitudeDegrees><LongitudeDegrees>60.66046622175915</LongitudeDegrees></Position></Trackpoint><Trackpoint><Time>2026-06-14T11:45:52.000Z</Time><Position><LatitudeDegrees>56.84183347700779</LatitudeDegrees><LongitudeDegrees>60.66047379155124</LongitudeDegrees></Position></Trackpoint><Trackpoint><Time>2026-06-14T11:45:53.000Z</Time><Position><LatitudeDegrees>56.84182400577573</LatitudeDegrees><LongitudeDegrees>60.660480707633006</LongitudeDegrees></Position></Trackpoint><Trackpoint><Time>2026-06-14T11:45:54.000Z</Time><Position><LatitudeDegrees>56.84181515418068</LatitudeDegrees><LongitudeDegrees>60.660486956437055</LongitudeDegrees></Position></Trackpoint><Trackpoint><Time>2026-06-14T11:45:55.000Z</Time><Position><LatitudeDegrees>56.8418067146404</LatitudeDegrees><LongitudeDegrees>60.660493107630586</LongitudeDegrees></Position></Trackpoint><Trackpoint><Time>2026-06-14T11:45:56.000Z</Time><Position><LatitudeDegrees>56.84179903838962</LatitudeDegrees><LongitudeDegrees>60.66050038757095</LongitudeDegrees></Position></Trackpoint><Trackpoint><Time>2026-06-14T11:45:57.000Z</Time><Position><LatitudeDegrees>56.84179217211145</LatitudeDegrees><LongitudeDegrees>60.66050915644005</LongitudeDegrees></Position></Trackpoint><Trackpoint><Time>2026-06-14T11:45:58.000Z</Time><Position><LatitudeDegrees>56.84178652068342</LatitudeDegrees><LongitudeDegrees>60.660519861081674</LongitudeDegrees></Position></Trackpoint><Trackpoint><Time>2026-06-14T11:45:59.000Z</Time><Position><LatitudeDegrees>56.841782094923424</LatitudeDegrees><LongitudeDegrees>60.660533416288764</LongitudeDegrees></Position></Trackpoint><Trackpoint><Time>2026-06-14T11:46:00.000Z</Time><Position><LatitudeDegrees>56.84177874197399</LatitudeDegrees><LongitudeDegrees>60.66054885371656</LongitudeDegrees></Position></Trackpoint><Trackpoint><Time>2026-06-14T11:46:01.000Z</Time><Position><LatitudeDegrees>56.84177626118971</LatitudeDegrees><LongitudeDegrees>60.66056700182007</LongitudeDegrees></Position></Trackpoint><Trackpoint><Time>2026-06-14T11:46:02.000Z</Time><Position><LatitudeDegrees>56.841774457997026</LatitudeDegrees><LongitudeDegrees>60.66058687465234</LongitudeDegrees></Position></Trackpoint><Trackpoint><Time>2026-06-14T11:46:03.000Z</Time><Position><LatitudeDegrees>56.84177316529621</LatitudeDegrees><LongitudeDegrees>60.66060882402244</LongitudeDegrees></Position></Trackpoint><Trackpoint><Time>2026-06-14T11:46:04.000Z</Time><Position><LatitudeDegrees>56.84177273835978</LatitudeDegrees><LongitudeDegrees>60.66063223868598</LongitudeDegrees></Position></Trackpoint><Trackpoint><Time>2026-06-14T11:46:05.000Z</Time><Position><LatitudeDegrees>56.84177223316002</LatitudeDegrees><LongitudeDegrees>60.66065667884393</LongitudeDegrees></Position></Trackpoint><Trackpoint><Time>2026-06-14T11:46:06.000Z</Time><Position><LatitudeDegrees>56.84177176057044</LatitudeDegrees><LongitudeDegrees>60.66068232136235</LongitudeDegrees></Position></Trackpoint><Trackpoint><Time>2026-06-14T11:46:07.000Z</Time><Position><LatitudeDegrees>56.841771851677585</LatitudeDegrees><LongitudeDegrees>60.66070761592759</LongitudeDegrees></Position></Trackpoint><Trackpoint><Time>2026-06-14T11:46:08.000Z</Time><Position><LatitudeDegrees>56.84177314246162</LatitudeDegrees><LongitudeDegrees>60.660731968728044</LongitudeDegrees></Position></Trackpoint><Trackpoint><Time>2026-06-14T11:46:09.000Z</Time><Position><LatitudeDegrees>56.84177623047428</LatitudeDegrees><LongitudeDegrees>60.66075329764391</LongitudeDegrees></Position></Trackpoint><Trackpoint><Time>2026-06-14T11:46:10.000Z</Time><Position><LatitudeDegrees>56.8417801519145</LatitudeDegrees><LongitudeDegrees>60.660769174857336</LongitudeDegrees></Position></Trackpoint><Trackpoint><Time>2026-06-14T11:46:11.000Z</Time><Position><LatitudeDegrees>56.84178538210891</LatitudeDegrees><LongitudeDegrees>60.66077881061912</LongitudeDegrees></Position></Trackpoint><Trackpoint><Time>2026-06-14T11:46:12.000Z</Time><Position><LatitudeDegrees>56.84179145922565</LatitudeDegrees><LongitudeDegrees>60.660783170375694</LongitudeDegrees></Position></Trackpoint><Trackpoint><Time>2026-06-14T11:46:13.000Z</Time><Position><LatitudeDegrees>56.84179808436575</LatitudeDegrees><LongitudeDegrees>60.6607843081186</LongitudeDegrees></Position></Trackpoint><Trackpoint><Time>2026-06-14T11:46:14.000Z</Time><Position><LatitudeDegrees>56.8418055537053</LatitudeDegrees><LongitudeDegrees>60.66078397290126</LongitudeDegrees></Position></Trackpoint><Trackpoint><Time>2026-06-14T11:46:16.000Z</Time><Position><LatitudeDegrees>56.84181290164653</LatitudeDegrees><LongitudeDegrees>60.660783074094404</LongitudeDegrees></Position></Trackpoint></Track></Lap></Activity></Activities></TrainingCenterDatabase>