<?xml version='1.0' encoding='UTF-8' standalone='yes' ?><TrainingCenterDatabase creator="Mi Fitness" version="1.0" xmlns="http://www.garmin.com/xmlschemas/TrainingCenterDatabase/v2" xmlns:xsi="http://www.w3.org/2001/XMLSchema-instance" xsi:schemaLocation="http://www.garmin.com/xmlschemas/TrainingCenterDatabase/v2 http://www.garmin.com/xmlschemas/TrainingCenterDatabasev2.xsd"><Activities><Activity Sport=""><Id>2026-07-25T20:23:00.000Z</Id><Calories>394</Calories><Lap><TotalTimeSeconds>2511</TotalTimeSeconds><DistanceMeters>3193</DistanceMeters><Calories>260</Calories><HeartRateBpm>118</HeartRateBpm><AverageSpeed>4.5777774</AverageSpeed><Steps>4256</Steps><Track><Trackpoint><Time>2026-07-25T20:23:01.000Z</Time><Position><LatitudeDegrees>58.69386291503906</LatitudeDegrees><LongitudeDegrees>59.47021484375</LongitudeDegrees></Position></Trackpoint><Trackpoint><Time>2026-07-25T20:23:02.000Z</Time><Position><LatitudeDegrees>58.692626953125</LatitudeDegrees><LongitudeDegrees>59.46950912475586</LongitudeDegrees></Position></Trackpoint><Trackpoint><Time>2026-07-25T20:23:03.000Z</Time><Position><LatitudeDegrees>58.6926155090332</LatitudeDegrees><LongitudeDegrees>59.469482421875</LongitudeDegrees></Position></Trackpoint><Trackpoint><Time>2026-07-25T20:23:04.000Z</Time><Position><LatitudeDegrees>58.692831479773226</LatitudeDegrees><LongitudeDegrees>59.46959471702576</LongitudeDegrees></Position></Trackpoint><Trackpoint><Time>2026-07-25T20:23:06.000Z</Time><Position><LatitudeDegrees>58.692626953125</LatitudeDegrees><LongitudeDegrees>59.46945571899414</LongitudeDegrees></Position></Trackpoint><Trackpoint><Time>2026-07-25T20:23:07.000Z</Time><Position><LatitudeDegrees>58.69263458251953</LatitudeDegrees><LongitudeDegrees>59.469451904296875</LongitudeDegrees></Position></Trackpoint><Trackpoint><Time>2026-07-25T20:23:08.000Z</Time><Position><LatitudeDegrees>58.69264221191406</LatitudeDegrees><LongitudeDegrees>59.469444274902344</LongitudeDegrees></Position></Trackpoint><Trackpoint><Time>2026-07-25T20:23:09.000Z</Time><Position><LatitudeDegrees>58.692657470703125</LatitudeDegrees><LongitudeDegrees>59.46943664550781</LongitudeDegrees></Position></Trackpoint><Trackpoint><Time>2026-07-25T20:23:10.000Z</Time><Position><LatitudeDegrees>58.692665100097656</LatitudeDegrees><LongitudeDegrees>59.46943664550781</LongitudeDegrees></Position></Trackpoint><Trackpoint><Time>2026-07-25T20:23:11.000Z</Time><Position><LatitudeDegrees>58.69267654418945</LatitudeDegrees><LongitudeDegrees>59.46943664550781</LongitudeDegrees></Position></Trackpoint><Trackpoint><Time>2026-07-25T20:23:12.000Z</Time><Position><LatitudeDegrees>58.69275396331831</LatitudeDegrees><LongitudeDegrees>59.46951153556707</LongitudeDegrees></Position></Trackpoint><Trackpoint><Time>2026-07-25T20:23:13.000Z</Time><Position><LatitudeDegrees>58.6927354971652</LatitudeDegrees><LongitudeDegrees>59.469498573211865</LongitudeDegrees></Position></Trackpoint><Trackpoint><Time>2026-07-25T20:23:14.000Z</Time><Position><LatitudeDegrees>58.69272404494933</LatitudeDegrees><LongitudeDegrees>59.469484635322075</LongitudeDegrees></Position></Trackpoint><Trackpoint><Time>2026-07-25T20:23:15.000Z</Time><Position><LatitudeDegrees>58.69271745694766</LatitudeDegrees><LongitudeDegrees>59.46947222593067</LongitudeDegrees></Position></Trackpoint><Trackpoint><Time>2026-07-25T20:23:16.000Z</Time><Position><LatitudeDegrees>58.69271501013824</LatitudeDegrees><LongitudeDegrees>59.469461077936536</LongitudeDegrees></Position></Trackpoint><Trackpoint><Time>2026-07-25T20:23:17.000Z</Time><Position><LatitudeDegrees>58.69271547296832</LatitudeDegrees><LongitudeDegrees>59.469451398690005</LongitudeDegrees></Position></Trackpoint><Trackpoint><Time>2026-07-25T20:23:18.000Z</Time><Position><LatitudeDegrees>58.692718025368904</LatitudeDegrees><LongitudeDegrees>59.46944307382341</LongitudeDegrees></Position></Trackpoint><Trackpoint><Time>2026-07-25T20:23:19.000Z</Time><Position><LatitudeDegrees>58.69272208060158</LatitudeDegrees><LongitudeDegrees>59.469435392695125</LongitudeDegrees></Position></Trackpoint><Trackpoint><Time>2026-07-25T20:23:20.000Z</Time><Position><LatitudeDegrees>58.69272721037697</LatitudeDegrees><LongitudeDegrees>59.469427983168394</LongitudeDegrees></Position></Trackpoint><Trackpoint><Time>2026-07-25T20:23:21.000Z</Time><Position><LatitudeDegrees>58.69273310245311</LatitudeDegrees><LongitudeDegrees>59.469420167648686</LongitudeDegrees></Position></Trackpoint><Trackpoint><Time>2026-07-25T20:23:22.000Z</Time><Position><LatitudeDegrees>58.69273953108774</LatitudeDegrees><LongitudeDegrees>59.46941122974591</LongitudeDegrees></Position></Trackpoint><Trackpoint><Time>2026-07-25T20:23:23.000Z</Time><Position><LatitudeDegrees>58.69274584503256</LatitudeDegrees><LongitudeDegrees>59.46940052886883</LongitudeDegrees></Position></Trackpoint><Trackpoint><Time>2026-07-25T20:23:24.000Z</Time><Position><LatitudeDegrees>58.69275325981878</LatitudeDegrees><LongitudeDegrees>59.46938851706742</LongitudeDegrees></Position></Trackpoint><Trackpoint><Time>2026-07-25T20:23:25.000Z</Time><Position><LatitudeDegrees>58.69276066585693</LatitudeDegrees><LongitudeDegrees>59.469375548684276</LongitudeDegrees></Position></Trackpoint><Trackpoint><Time>2026-07-25T20:23:26.000Z</Time><Position><LatitudeDegrees>58.69276760734146</LatitudeDegrees><LongitudeDegrees>59.46936238200908</LongitudeDegrees></Position></Trackpoint><Trackpoint><Time>2026-07-25T20:23:27.000Z</Time><Position><LatitudeDegrees>58.69277395618784</LatitudeDegrees><LongitudeDegrees>59.46934886515503</LongitudeDegrees></Position></Trackpoint><Trackpoint><Time>2026-07-25T20:23:28.000Z</Time><Position><LatitudeDegrees>58.69278022532286</LatitudeDegrees><LongitudeDegrees>59.469334980512926</LongitudeDegrees></Position></Trackpoint><Trackpoint><Time>2026-07-25T20:23:29.000Z</Time><Position><LatitudeDegrees>58.69278663621715</LatitudeDegrees><LongitudeDegrees>59.46932125764544</LongitudeDegrees></Position></Trackpoint><Trackpoint><Time>2026-07-25T20:23:30.000Z</Time><Position><LatitudeDegrees>58.69279228266375</LatitudeDegrees><LongitudeDegrees>59.46930838349053</LongitudeDegrees></Position></Trackpoint><Trackpoint><Time>2026-07-25T20:23:31.000Z</Time><Position><LatitudeDegrees>58.69279737918308</LatitudeDegrees><LongitudeDegrees>59.46929751124216</LongitudeDegrees></Position></Trackpoint><Trackpoint><Time>2026-07-25T20:23:32.000Z</Time><Position><LatitudeDegrees>58.692802574314726</LatitudeDegrees><LongitudeDegrees>59.46928592121847</LongitudeDegrees></Position></Trackpoint><Trackpoint><Time>2026-07-25T20:23:33.000Z</Time><Position><LatitudeDegrees>58.69280714327092</LatitudeDegrees><LongitudeDegrees>59.46927503354239</LongitudeDegrees></Position></Trackpoint><Trackpoint><Time>2026-07-25T20:23:35.000Z</Time><Position><LatitudeDegrees>58.69281092099574</LatitudeDegrees><LongitudeDegrees>59.46926596668794</LongitudeDegrees></Position></Trackpoint><Trackpoint><Time>2026-07-25T20:23:36.000Z</Time><Position><LatitudeDegrees>58.69281329225487</LatitudeDegrees><LongitudeDegrees>59.46926050355864</LongitudeDegrees></Position></Trackpoint><Trackpoint><Time>2026-07-25T20:23:37.000Z</Time><Position><LatitudeDegrees>58.69282032621805</LatitudeDegrees><LongitudeDegrees>59.46924899542145</LongitudeDegrees></Position></Trackpoint><Trackpoint><Time>2026-07-25T20:23:38.000Z</Time><Position><LatitudeDegrees>58.69281596322325</LatitudeDegrees><LongitudeDegrees>59.46925500553369</LongitudeDegrees></Position></Trackpoint><Trackpoint><Time>2026-07-25T20:23:53.000Z</Time><Position><LatitudeDegrees>58.692817774198694</LatitudeDegrees><LongitudeDegrees>59.46924765706347</LongitudeDegrees></Position></Trackpoint><Trackpoint><Time>2026-07-25T20:23:54.000Z</Time><Position><LatitudeDegrees>58.69281997778565</LatitudeDegrees><LongitudeDegrees>59.46923853124073</LongitudeDegrees></Position></Trackpoint><Trackpoint><Time>2026-07-25T20:23:55.000Z</Time><Position><LatitudeDegrees>58.69282352906794</LatitudeDegrees><LongitudeDegrees>59.46922739667738</LongitudeDegrees></Position></Trackpoint><Trackpoint><Time>2026-07-25T20:23:56.000Z</Time><Position><LatitudeDegrees>58.69282864840624</LatitudeDegrees><LongitudeDegrees>59.46921735356265</LongitudeDegrees></Position></Trackpoint><Trackpoint><Time>2026-07-25T20:23:57.000Z</Time><Position><LatitudeDegrees>58.69283522529485</LatitudeDegrees><LongitudeDegrees>59.469207580129556</LongitudeDegrees></Position></Trackpoint><Trackpoint><Time>2026-07-25T20:23:58.000Z</Time><Position><LatitudeDegrees>58.692843027149436</LatitudeDegrees><LongitudeDegrees>59.46919966177632</LongitudeDegrees></Position></Trackpoint><Trackpoint><Time>2026-07-25T20:23:59.000Z</Time><Position><LatitudeDegrees>58.69285229057211</LatitudeDegrees><LongitudeDegrees>59.46919254449424</LongitudeDegrees></Position></Trackpoint><Trackpoint><Time>2026-07-25T20:24:00.000Z</Time><Position><LatitudeDegrees>58.692862435802844</LatitudeDegrees><LongitudeDegrees>59.469185201780505</LongitudeDegrees></Position></Trackpoint><Trackpoint><Time>2026-07-25T20:24:01.000Z</Time><Position><LatitudeDegrees>58.69287360050901</LatitudeDegrees><LongitudeDegrees>59.46917772943144</LongitudeDegrees></Position></Trackpoint><Trackpoint><Time>2026-07-25T20:24:02.000Z</Time><Position><LatitudeDegrees>58.692884731317264</LatitudeDegrees><LongitudeDegrees>59.469171162758926</LongitudeDegrees></Position></Trackpoint><Trackpoint><Time>2026-07-25T20:24:03.000Z</Time><Position><LatitudeDegrees>58.69289588837469</LatitudeDegrees><LongitudeDegrees>59.46916532228607</LongitudeDegrees></Position></Trackpoint><Trackpoint><Time>2026-07-25T20:24:04.000Z</Time><Position><LatitudeDegrees>58.69290709308283</LatitudeDegrees><LongitudeDegrees>59.46916053050229</LongitudeDegrees></Position></Trackpoint><Trackpoint><Time>2026-07-25T20:24:05.000Z</Time><Position><LatitudeDegrees>58.692918348139656</LatitudeDegrees><LongitudeDegrees>59.46915629601123</LongitudeDegrees></Position></Trackpoint><Trackpoint><Time>2026-07-25T20:24:06.000Z</Time><Position><LatitudeDegrees>58.6929296481941</LatitudeDegrees><LongitudeDegrees>59.469153813743645</LongitudeDegrees></Position></Trackpoint><Trackpoint><Time>2026-07-25T20:24:07.000Z</Time><Position><LatitudeDegrees>58.69294049565642</LatitudeDegrees><LongitudeDegrees>59.46915188208479</LongitudeDegrees></Position></Trackpoint><Trackpoint><Time>2026-07-25T20:24:08.000Z</Time><Position><LatitudeDegrees>58.69295074369209</LatitudeDegrees><LongitudeDegrees>59.469150425110456</LongitudeDegrees></Position></Trackpoint><Trackpoint><Time>2026-07-25T20:24:09.000Z</Time><Position><LatitudeDegrees>58.69296089837586</LatitudeDegrees><LongitudeDegrees>59.46914984023811</LongitudeDegrees></Position></Trackpoint><Trackpoint><Time>2026-07-25T20:24:10.000Z</Time><Position><LatitudeDegrees>58.692970690497155</LatitudeDegrees><LongitudeDegrees>59.46915017920454</LongitudeDegrees></Position></Trackpoint><Trackpoint><Time>2026-07-25T20:24:11.000Z</Time><Position><LatitudeDegrees>58.69298054533105</LatitudeDegrees><LongitudeDegrees>59.46915036552214</LongitudeDegrees></Position></Trackpoint><Trackpoint><Time>2026-07-25T20:24:12.000Z</Time><Position><LatitudeDegrees>58.6929901403603</LatitudeDegrees><LongitudeDegrees>59.469148017007186</LongitudeDegrees></Position></Trackpoint><Trackpoint><Time>2026-07-25T20:24:13.000Z</Time><Position><LatitudeDegrees>58.6929993761071</LatitudeDegrees><LongitudeDegrees>59.469144925992</LongitudeDegrees></Position></Trackpoint><Trackpoint><Time>2026-07-25T20:24:14.000Z</Time><Position><LatitudeDegrees>58.69300825771653</LatitudeDegrees><LongitudeDegrees>59.46914045708571</LongitudeDegrees></Position></Trackpoint><Trackpoint><Time>2026-07-25T20:24:15.000Z</Time><Position><LatitudeDegrees>58.693016832760485</LatitudeDegrees><LongitudeDegrees>59.46913305663156</LongitudeDegrees></Position></Trackpoint><Trackpoint><Time>2026-07-25T20:24:16.000Z</Time><Position><LatitudeDegrees>58.69302467056727</LatitudeDegrees><LongitudeDegrees>59.46912295065224</LongitudeDegrees></Position></Trackpoint><Trackpoint><Time>2026-07-25T20:24:17.000Z</Time><Position><LatitudeDegrees>58.69303168839519</LatitudeDegrees><LongitudeDegrees>59.46911057948149</LongitudeDegrees></Position></Trackpoint><Trackpoint><Time>2026-07-25T20:24:18.000Z</Time><Position><LatitudeDegrees>58.69303795741149</LatitudeDegrees><LongitudeDegrees>59.46909592558668</LongitudeDegrees></Position></Trackpoint><Trackpoint><Time>2026-07-25T20:24:19.000Z</Time><Position><LatitudeDegrees>58.69304360303407</LatitudeDegrees><LongitudeDegrees>59.46907878512087</LongitudeDegrees></Position></Trackpoint><Trackpoint><Time>2026-07-25T20:24:20.000Z</Time><Position><LatitudeDegrees>58.69304777770459</LatitudeDegrees><LongitudeDegrees>59.46905939328071</LongitudeDegrees></Position></Trackpoint><Trackpoint><Time>2026-07-25T20:24:21.000Z</Time><Position><LatitudeDegrees>58.69305032116475</LatitudeDegrees><LongitudeDegrees>59.4690381358885</LongitudeDegrees></Position></Trackpoint><Trackpoint><Time>2026-07-25T20:24:22.000Z</Time><Position><LatitudeDegrees>58.6930513767782</LatitudeDegrees><LongitudeDegrees>59.46901688011139</LongitudeDegrees></Position></Trackpoint><Trackpoint><Time>2026-07-25T20:24:23.000Z</Time><Position><LatitudeDegrees>58.69305168416037</LatitudeDegrees><LongitudeDegrees>59.468995415482524</LongitudeDegrees></Position></Trackpoint><Trackpoint><Time>2026-07-25T20:24:24.000Z</Time><Position><LatitudeDegrees>58.693051154333304</LatitudeDegrees><LongitudeDegrees>59.468973682130446</LongitudeDegrees></Position></Trackpoint><Trackpoint><Time>2026-07-25T20:24:25.000Z</Time><Position><LatitudeDegrees>58.69304985810743</LatitudeDegrees><LongitudeDegrees>59.468952179498935</LongitudeDegrees></Position></Trackpoint><Trackpoint><Time>2026-07-25T20:24:26.000Z</Time><Position><LatitudeDegrees>58.69304743340036</LatitudeDegrees><LongitudeDegrees>59.46893108366295</LongitudeDegrees></Position></Trackpoint><Trackpoint><Time>2026-07-25T20:24:27.000Z</Time><Position><LatitudeDegrees>58.69304387593335</LatitudeDegrees><LongitudeDegrees>59.468910414924444</LongitudeDegrees></Position></Trackpoint><Trackpoint><Time>2026-07-25T20:24:28.000Z</Time><Position><LatitudeDegrees>58.69304030855352</LatitudeDegrees><LongitudeDegrees>59.46889061643775</LongitudeDegrees></Position></Trackpoint><Trackpoint><Time>2026-07-25T20:24:29.000Z</Time><Position><LatitudeDegrees>58.69303670534845</LatitudeDegrees><LongitudeDegrees>59.4688722486237</LongitudeDegrees></Position></Trackpoint><Trackpoint><Time>2026-07-25T20:24:30.000Z</Time><Position><LatitudeDegrees>58.69303403946588</LatitudeDegrees><LongitudeDegrees>59.468853889825766</LongitudeDegrees></Position></Trackpoint><Trackpoint><Time>2026-07-25T20:24:31.000Z</Time><Position><LatitudeDegrees>58.693031612155345</LatitudeDegrees><LongitudeDegrees>59.468834463790564</LongitudeDegrees></Position></Trackpoint><Trackpoint><Time>2026-07-25T20:24:32.000Z</Time><Position><LatitudeDegrees>58.69303008424899</LatitudeDegrees><LongitudeDegrees>59.468814153869964</LongitudeDegrees></Position></Trackpoint><Trackpoint><Time>2026-07-25T20:24:33.000Z</Time><Position><LatitudeDegrees>58.693028633241106</LatitudeDegrees><LongitudeDegrees>59.468793149019724</LongitudeDegrees></Position></Trackpoint><Trackpoint><Time>2026-07-25T20:24:34.000Z</Time><Position><LatitudeDegrees>58.693026910526626</LatitudeDegrees><LongitudeDegrees>59.4687716162513</LongitudeDegrees></Position></Trackpoint><Trackpoint><Time>2026-07-25T20:24:35.000Z</Time><Position><LatitudeDegrees>58.69302529702211</LatitudeDegrees><LongitudeDegrees>59.4687501817137</LongitudeDegrees></Position></Trackpoint><Trackpoint><Time>2026-07-25T20:24:36.000Z</Time><Position><LatitudeDegrees>58.693023935584755</LatitudeDegrees><LongitudeDegrees>59.46872860105756</LongitudeDegrees></Position></Trackpoint><Trackpoint><Time>2026-07-25T20:24:37.000Z</Time><Position><LatitudeDegrees>58.69302236308487</LatitudeDegrees><LongitudeDegrees>59.468706302795155</LongitudeDegrees></Position></Trackpoint><Trackpoint><Time>2026-07-25T20:24:38.000Z</Time><Position><LatitudeDegrees>58.69302139510099</LatitudeDegrees><LongitudeDegrees>59.4686846125043</LongitudeDegrees></Position></Trackpoint><Trackpoint><Time>2026-07-25T20:24:39.000Z</Time><Position><LatitudeDegrees>58.69302031070561</LatitudeDegrees><LongitudeDegrees>59.468664977291155</LongitudeDegrees></Position></Trackpoint><Trackpoint><Time>2026-07-25T20:24:40.000Z</Time><Position><LatitudeDegrees>58.693019807159224</LatitudeDegrees><LongitudeDegrees>59.46864626052434</LongitudeDegrees></Position></Trackpoint><Trackpoint><Time>2026-07-25T20:24:41.000Z</Time><Position><LatitudeDegrees>58.693019117844614</LatitudeDegrees><LongitudeDegrees>59.46862689699869</LongitudeDegrees></Position></Trackpoint><Trackpoint><Time>2026-07-25T20:24:42.000Z</Time><Position><LatitudeDegrees>58.69301795088632</LatitudeDegrees><LongitudeDegrees>59.468606814731686</LongitudeDegrees></Position></Trackpoint><Trackpoint><Time>2026-07-25T20:24:43.000Z</Time><Position><LatitudeDegrees>58.693016247385145</LatitudeDegrees><LongitudeDegrees>59.46858656593849</LongitudeDegrees></Position></Trackpoint><Trackpoint><Time>2026-07-25T20:24:44.000Z</Time><Position><LatitudeDegrees>58.69301454155951</LatitudeDegrees><LongitudeDegrees>59.46856639941311</LongitudeDegrees></Position></Trackpoint><Trackpoint><Time>2026-07-25T20:24:45.000Z</Time><Position><LatitudeDegrees>58.69301207449549</LatitudeDegrees><LongitudeDegrees>59.46854640705828</LongitudeDegrees></Position></Trackpoint><Trackpoint><Time>2026-07-25T20:24:46.000Z</Time><Position><LatitudeDegrees>58.693009120961435</LatitudeDegrees><LongitudeDegrees>59.46852611475744</LongitudeDegrees></Position></Trackpoint><Trackpoint><Time>2026-07-25T20:24:47.000Z</Time><Position><LatitudeDegrees>58.69300732538565</LatitudeDegrees><LongitudeDegrees>59.46850487614059</LongitudeDegrees></Position></Trackpoint><Trackpoint><Time>2026-07-25T20:24:48.000Z</Time><Position><LatitudeDegrees>58.6930052579339</LatitudeDegrees><LongitudeDegrees>59.4684840153011</LongitudeDegrees></Position></Trackpoint><Trackpoint><Time>2026-07-25T20:24:49.000Z</Time><Position><LatitudeDegrees>58.69300334386886</LatitudeDegrees><LongitudeDegrees>59.468464518668235</LongitudeDegrees></Position></Trackpoint><Trackpoint><Time>2026-07-25T20:24:50.000Z</Time><Position><LatitudeDegrees>58.69300124903031</LatitudeDegrees><LongitudeDegrees>59.46844563817137</LongitudeDegrees></Position></Trackpoint><Trackpoint><Time>2026-07-25T20:24:51.000Z</Time><Position><LatitudeDegrees>58.69299885900194</LatitudeDegrees><LongitudeDegrees>59.468426497039324</LongitudeDegrees></Position></Trackpoint><Trackpoint><Time>2026-07-25T20:24:52.000Z</Time><Position><LatitudeDegrees>58.692995674939844</LatitudeDegrees><LongitudeDegrees>59.46840676764063</LongitudeDegrees></Position></Trackpoint><Trackpoint><Time>2026-07-25T20:24:53.000Z</Time><Position><LatitudeDegrees>58.69299257253773</LatitudeDegrees><LongitudeDegrees>59.46838590093824</LongitudeDegrees></Position></Trackpoint><Trackpoint><Time>2026-07-25T20:24:54.000Z</Time><Position><LatitudeDegrees>58.69298990195454</LatitudeDegrees><LongitudeDegrees>59.468364796012814</LongitudeDegrees></Position></Trackpoint><Trackpoint><Time>2026-07-25T20:24:55.000Z</Time><Position><LatitudeDegrees>58.69298726236347</LatitudeDegrees><LongitudeDegrees>59.468343364100726</LongitudeDegrees></Position></Trackpoint><Trackpoint><Time>2026-07-25T20:24:56.000Z</Time><Position><LatitudeDegrees>58.6929849743235</LatitudeDegrees><LongitudeDegrees>59.468322100224995</LongitudeDegrees></Position></Trackpoint><Trackpoint><Time>2026-07-25T20:24:57.000Z</Time><Position><LatitudeDegrees>58.69298263511985</LatitudeDegrees><LongitudeDegrees>59.46830069707479</LongitudeDegrees></Position></Trackpoint><Trackpoint><Time>2026-07-25T20:24:58.000Z</Time><Position><LatitudeDegrees>58.692980085467916</LatitudeDegrees><LongitudeDegrees>59.46827904596492</LongitudeDegrees></Position></Trackpoint><Trackpoint><Time>2026-07-25T20:24:59.000Z</Time><Position><LatitudeDegrees>58.69297826600095</LatitudeDegrees><LongitudeDegrees>59.46825762357107</LongitudeDegrees></Position></Trackpoint><Trackpoint><Time>2026-07-25T20:25:00.000Z</Time><Position><LatitudeDegrees>58.69297649116371</LatitudeDegrees><LongitudeDegrees>59.46823561762759</LongitudeDegrees></Position></Trackpoint><Trackpoint><Time>2026-07-25T20:25:01.000Z</Time><Position><LatitudeDegrees>58.69297496250415</LatitudeDegrees><LongitudeDegrees>59.468212768514114</LongitudeDegrees></Position></Trackpoint><Trackpoint><Time>2026-07-25T20:25:02.000Z</Time><Position><LatitudeDegrees>58.692973241819296</LatitudeDegrees><LongitudeDegrees>59.46818956714053</LongitudeDegrees></Position></Trackpoint><Trackpoint><Time>2026-07-25T20:25:03.000Z</Time><Position><LatitudeDegrees>58.69297166289931</LatitudeDegrees><LongitudeDegrees>59.46816626089194</LongitudeDegrees></Position></Trackpoint><Trackpoint><Time>2026-07-25T20:25:04.000Z</Time><Position><LatitudeDegrees>58.69297132423606</LatitudeDegrees><LongitudeDegrees>59.46814394433158</LongitudeDegrees></Position></Trackpoint><Trackpoint><Time>2026-07-25T20:25:05.000Z</Time><Position><LatitudeDegrees>58.69297153981881</LatitudeDegrees><LongitudeDegrees>59.468122451601474</LongitudeDegrees></Position></Trackpoint><Trackpoint><Time>2026-07-25T20:25:06.000Z</Time><Position><LatitudeDegrees>58.69297195598882</LatitudeDegrees><LongitudeDegrees>59.468102098269036</LongitudeDegrees></Position></Trackpoint><Trackpoint><Time>2026-07-25T20:25:07.000Z</Time><Position><LatitudeDegrees>58.69297289096318</LatitudeDegrees><LongitudeDegrees>59.46808188883424</LongitudeDegrees></Position></Trackpoint><Trackpoint><Time>2026-07-25T20:25:08.000Z</Time><Position><LatitudeDegrees>58.692973429985315</LatitudeDegrees><LongitudeDegrees>59.46806139484794</LongitudeDegrees></Position></Trackpoint><Trackpoint><Time>2026-07-25T20:25:09.000Z</Time><Position><LatitudeDegrees>58.69297373675844</LatitudeDegrees><LongitudeDegrees>59.46804047638225</LongitudeDegrees></Position></Trackpoint><Trackpoint><Time>2026-07-25T20:25:10.000Z</Time><Position><LatitudeDegrees>58.69297292928857</LatitudeDegrees><LongitudeDegrees>59.468019619902094</LongitudeDegrees></Position></Trackpoint><Trackpoint><Time>2026-07-25T20:25:11.000Z</Time><Position><LatitudeDegrees>58.69297176657382</LatitudeDegrees><LongitudeDegrees>59.467998528183585</LongitudeDegrees></Position></Trackpoint><Trackpoint><Time>2026-07-25T20:25:12.000Z</Time><Position><LatitudeDegrees>58.69296962756882</LatitudeDegrees><LongitudeDegrees>59.46797759862313</LongitudeDegrees></Position></Trackpoint><Trackpoint><Time>2026-07-25T20:25:13.000Z</Time><Position><LatitudeDegrees>58.69296687142237</LatitudeDegrees><LongitudeDegrees>59.46795648445845</LongitudeDegrees></Position></Trackpoint><Trackpoint><Time>2026-07-25T20:25:14.000Z</Time><Position><LatitudeDegrees>58.6929637252531</LatitudeDegrees><LongitudeDegrees>59.46793555618557</LongitudeDegrees></Position></Trackpoint><Trackpoint><Time>2026-07-25T20:25:15.000Z</Time><Position><LatitudeDegrees>58.69296082226549</LatitudeDegrees><LongitudeDegrees>59.46791445291757</LongitudeDegrees></Position></Trackpoint><Trackpoint><Time>2026-07-25T20:25:16.000Z</Time><Position><LatitudeDegrees>58.69295790241164</LatitudeDegrees><LongitudeDegrees>59.467894027710756</LongitudeDegrees></Position></Trackpoint><Trackpoint><Time>2026-07-25T20:25:17.000Z</Time><Position><LatitudeDegrees>58.69295486075992</LatitudeDegrees><LongitudeDegrees>59.46787258641157</LongitudeDegrees></Position></Trackpoint><Trackpoint><Time>2026-07-25T20:25:18.000Z</Time><Position><LatitudeDegrees>58.69295215933916</LatitudeDegrees><LongitudeDegrees>59.467851030556865</LongitudeDegrees></Position></Trackpoint><Trackpoint><Time>2026-07-25T20:25:19.000Z</Time><Position><LatitudeDegrees>58.69294994476012</LatitudeDegrees><LongitudeDegrees>59.467830235743214</LongitudeDegrees></Position></Trackpoint><Trackpoint><Time>2026-07-25T20:25:20.000Z</Time><Position><LatitudeDegrees>58.69294821491661</LatitudeDegrees><LongitudeDegrees>59.467808996060164</LongitudeDegrees></Position></Trackpoint><Trackpoint><Time>2026-07-25T20:25:21.000Z</Time><Position><LatitudeDegrees>58.69294592750491</LatitudeDegrees><LongitudeDegrees>59.467786871971896</LongitudeDegrees></Position></Trackpoint><Trackpoint><Time>2026-07-25T20:25:22.000Z</Time><Position><LatitudeDegrees>58.69294321444324</LatitudeDegrees><LongitudeDegrees>59.46776428558559</LongitudeDegrees></Position></Trackpoint><Trackpoint><Time>2026-07-25T20:25:23.000Z</Time><Position><LatitudeDegrees>58.692940184691466</LatitudeDegrees><LongitudeDegrees>59.46774293890616</LongitudeDegrees></Position></Trackpoint><Trackpoint><Time>2026-07-25T20:25:24.000Z</Time><Position><LatitudeDegrees>58.69293692376957</LatitudeDegrees><LongitudeDegrees>59.46772239454027</LongitudeDegrees></Position></Trackpoint><Trackpoint><Time>2026-07-25T20:25:25.000Z</Time><Position><LatitudeDegrees>58.692933006957276</LatitudeDegrees><LongitudeDegrees>59.467701390157764</LongitudeDegrees></Position></Trackpoint><Trackpoint><Time>2026-07-25T20:25:26.000Z</Time><Position><LatitudeDegrees>58.69292932274436</LatitudeDegrees><LongitudeDegrees>59.467680444152684</LongitudeDegrees></Position></Trackpoint><Trackpoint><Time>2026-07-25T20:25:27.000Z</Time><Position><LatitudeDegrees>58.6929266967974</LatitudeDegrees><LongitudeDegrees>59.4676592729137</LongitudeDegrees></Position></Trackpoint><Trackpoint><Time>2026-07-25T20:25:28.000Z</Time><Position><LatitudeDegrees>58.692924843715964</LatitudeDegrees><LongitudeDegrees>59.46763778854864</LongitudeDegrees></Position></Trackpoint><Trackpoint><Time>2026-07-25T20:25:29.000Z</Time><Position><LatitudeDegrees>58.69292354676652</LatitudeDegrees><LongitudeDegrees>59.46761550543922</LongitudeDegrees></Position></Trackpoint><Trackpoint><Time>2026-07-25T20:25:30.000Z</Time><Position><LatitudeDegrees>58.69292215570166</LatitudeDegrees><LongitudeDegrees>59.46759281571988</LongitudeDegrees></Position></Trackpoint><Trackpoint><Time>2026-07-25T20:25:31.000Z</Time><Position><LatitudeDegrees>58.692920904417996</LatitudeDegrees><LongitudeDegrees>59.46756993307243</LongitudeDegrees></Position></Trackpoint><Trackpoint><Time>2026-07-25T20:25:32.000Z</Time><Position><LatitudeDegrees>58.692919381690636</LatitudeDegrees><LongitudeDegrees>59.46754745987082</LongitudeDegrees></Position></Trackpoint><Trackpoint><Time>2026-07-25T20:25:33.000Z</Time><Position><LatitudeDegrees>58.69291696339222</LatitudeDegrees><LongitudeDegrees>59.46752510203034</LongitudeDegrees></Position></Trackpoint><Trackpoint><Time>2026-07-25T20:25:34.000Z</Time><Position><LatitudeDegrees>58.69291399704211</LatitudeDegrees><LongitudeDegrees>59.467503702851936</LongitudeDegrees></Position></Trackpoint><Trackpoint><Time>2026-07-25T20:25:35.000Z</Time><Position><LatitudeDegrees>58.692911185712575</LatitudeDegrees><LongitudeDegrees>59.467482507370974</LongitudeDegrees></Position></Trackpoint><Trackpoint><Time>2026-07-25T20:25:36.000Z</Time><Position><LatitudeDegrees>58.69290928866619</LatitudeDegrees><LongitudeDegrees>59.467461668134206</LongitudeDegrees></Position></Trackpoint><Trackpoint><Time>2026-07-25T20:25:37.000Z</Time><Position><LatitudeDegrees>58.69290850124575</LatitudeDegrees><LongitudeDegrees>59.46744071263146</LongitudeDegrees></Position></Trackpoint><Trackpoint><Time>2026-07-25T20:25:38.000Z</Time><Position><LatitudeDegrees>58.69290827187049</LatitudeDegrees><LongitudeDegrees>59.46741897157922</LongitudeDegrees></Position></Trackpoint><Trackpoint><Time>2026-07-25T20:25:39.000Z</Time><Position><LatitudeDegrees>58.69290830175682</LatitudeDegrees><LongitudeDegrees>59.46739627016832</LongitudeDegrees></Position></Trackpoint><Trackpoint><Time>2026-07-25T20:25:40.000Z</Time><Position><LatitudeDegrees>58.692907455358615</LatitudeDegrees><LongitudeDegrees>59.467373638888326</LongitudeDegrees></Position></Trackpoint><Trackpoint><Time>2026-07-25T20:25:41.000Z</Time><Position><LatitudeDegrees>58.69290586710052</LatitudeDegrees><LongitudeDegrees>59.467351003517386</LongitudeDegrees></Position></Trackpoint><Trackpoint><Time>2026-07-25T20:25:42.000Z</Time><Position><LatitudeDegrees>58.69290368755969</LatitudeDegrees><LongitudeDegrees>59.467327354792296</LongitudeDegrees></Position></Trackpoint><Trackpoint><Time>2026-07-25T20:25:43.000Z</Time><Position><LatitudeDegrees>58.69290154424968</LatitudeDegrees><LongitudeDegrees>59.467302896737905</LongitudeDegrees></Position></Trackpoint><Trackpoint><Time>2026-07-25T20:25:44.000Z</Time><Position><LatitudeDegrees>58.69289969095132</LatitudeDegrees><LongitudeDegrees>59.46727879647588</LongitudeDegrees></Position></Trackpoint><Trackpoint><Time>2026-07-25T20:25:45.000Z</Time><Position><LatitudeDegrees>58.69289819495747</LatitudeDegrees><LongitudeDegrees>59.46725548874373</LongitudeDegrees></Position></Trackpoint><Trackpoint><Time>2026-07-25T20:25:46.000Z</Time><Position><LatitudeDegrees>58.692897038122084</LatitudeDegrees><LongitudeDegrees>59.467234030082096</LongitudeDegrees></Position></Trackpoint><Trackpoint><Time>2026-07-25T20:25:47.000Z</Time><Position><LatitudeDegrees>58.69289470060967</LatitudeDegrees><LongitudeDegrees>59.467213149452384</LongitudeDegrees></Position></Trackpoint><Trackpoint><Time>2026-07-25T20:25:48.000Z</Time><Position><LatitudeDegrees>58.69289168726065</LatitudeDegrees><LongitudeDegrees>59.467191269987744</LongitudeDegrees></Position></Trackpoint><Trackpoint><Time>2026-07-25T20:25:49.000Z</Time><Position><LatitudeDegrees>58.69288878233836</LatitudeDegrees><LongitudeDegrees>59.46716884970203</LongitudeDegrees></Position></Trackpoint><Trackpoint><Time>2026-07-25T20:25:50.000Z</Time><Position><LatitudeDegrees>58.69288629491219</LatitudeDegrees><LongitudeDegrees>59.46714565702356</LongitudeDegrees></Position></Trackpoint><Trackpoint><Time>2026-07-25T20:25:51.000Z</Time><Position><LatitudeDegrees>58.69288380907161</LatitudeDegrees><LongitudeDegrees>59.467122185329444</LongitudeDegrees></Position></Trackpoint><Trackpoint><Time>2026-07-25T20:25:52.000Z</Time><Position><LatitudeDegrees>58.692881153327285</LatitudeDegrees><LongitudeDegrees>59.4670991632307</LongitudeDegrees></Position></Trackpoint><Trackpoint><Time>2026-07-25T20:25:53.000Z</Time><Position><LatitudeDegrees>58.69287827886107</LatitudeDegrees><LongitudeDegrees>59.46707683308875</LongitudeDegrees></Position></Trackpoint><Trackpoint><Time>2026-07-25T20:25:54.000Z</Time><Position><LatitudeDegrees>58.69287519364067</LatitudeDegrees><LongitudeDegrees>59.467055695515114</LongitudeDegrees></Position></Trackpoint><Trackpoint><Time>2026-07-25T20:25:55.000Z</Time><Position><LatitudeDegrees>58.69287241760802</LatitudeDegrees><LongitudeDegrees>59.46703580361398</LongitudeDegrees></Position></Trackpoint><Trackpoint><Time>2026-07-25T20:25:56.000Z</Time><Position><LatitudeDegrees>58.6928701252088</LatitudeDegrees><LongitudeDegrees>59.46701701937525</LongitudeDegrees></Position></Trackpoint><Trackpoint><Time>2026-07-25T20:25:57.000Z</Time><Position><LatitudeDegrees>58.692867836601295</LatitudeDegrees><LongitudeDegrees>59.466997674963096</LongitudeDegrees></Position></Trackpoint><Trackpoint><Time>2026-07-25T20:25:58.000Z</Time><Position><LatitudeDegrees>58.692865843294655</LatitudeDegrees><LongitudeDegrees>59.46697813462577</LongitudeDegrees></Position></Trackpoint><Trackpoint><Time>2026-07-25T20:25:59.000Z</Time><Position><LatitudeDegrees>58.692864227440644</LatitudeDegrees><LongitudeDegrees>59.46695808390892</LongitudeDegrees></Position></Trackpoint><Trackpoint><Time>2026-07-25T20:26:00.000Z</Time><Position><LatitudeDegrees>58.69286297442663</LatitudeDegrees><LongitudeDegrees>59.46693696920559</LongitudeDegrees></Position></Trackpoint><Trackpoint><Time>2026-07-25T20:26:01.000Z</Time><Position><LatitudeDegrees>58.69286056283283</LatitudeDegrees><LongitudeDegrees>59.466915678304254</LongitudeDegrees></Position></Trackpoint><Trackpoint><Time>2026-07-25T20:26:02.000Z</Time><Position><LatitudeDegrees>58.69285798362164</LatitudeDegrees><LongitudeDegrees>59.466894599440565</LongitudeDegrees></Position></Trackpoint><Trackpoint><Time>2026-07-25T20:26:03.000Z</Time><Position><LatitudeDegrees>58.69285517680726</LatitudeDegrees><LongitudeDegrees>59.46687288606696</LongitudeDegrees></Position></Trackpoint><Trackpoint><Time>2026-07-25T20:26:04.000Z</Time><Position><LatitudeDegrees>58.69285214689805</LatitudeDegrees><LongitudeDegrees>59.466851250206545</LongitudeDegrees></Position></Trackpoint><Trackpoint><Time>2026-07-25T20:26:05.000Z</Time><Position><LatitudeDegrees>58.69284892438459</LatitudeDegrees><LongitudeDegrees>59.466829485534866</LongitudeDegrees></Position></Trackpoint><Trackpoint><Time>2026-07-25T20:26:06.000Z</Time><Position><LatitudeDegrees>58.692847504986865</LatitudeDegrees><LongitudeDegrees>59.466807034002734</LongitudeDegrees></Position></Trackpoint><Trackpoint><Time>2026-07-25T20:26:07.000Z</Time><Position><LatitudeDegrees>58.69284652073925</LatitudeDegrees><LongitudeDegrees>59.46678473316563</LongitudeDegrees></Position></Trackpoint><Trackpoint><Time>2026-07-25T20:26:08.000Z</Time><Position><LatitudeDegrees>58.69284486280642</LatitudeDegrees><LongitudeDegrees>59.46676339822597</LongitudeDegrees></Position></Trackpoint><Trackpoint><Time>2026-07-25T20:26:09.000Z</Time><Position><LatitudeDegrees>58.69284216099948</LatitudeDegrees><LongitudeDegrees>59.46674422016106</LongitudeDegrees></Position></Trackpoint><Trackpoint><Time>2026-07-25T20:26:10.000Z</Time><Position><LatitudeDegrees>58.692839376063205</LatitudeDegrees><LongitudeDegrees>59.466727412623456</LongitudeDegrees></Position></Trackpoint><Trackpoint><Time>2026-07-25T20:26:11.000Z</Time><Position><LatitudeDegrees>58.69283691433385</LatitudeDegrees><LongitudeDegrees>59.46671324895943</LongitudeDegrees></Position></Trackpoint><Trackpoint><Time>2026-07-25T20:26:12.000Z</Time><Position><LatitudeDegrees>58.692833432839265</LatitudeDegrees><LongitudeDegrees>59.466701992015544</LongitudeDegrees></Position></Trackpoint><Trackpoint><Time>2026-07-25T20:26:13.000Z</Time><Position><LatitudeDegrees>58.69282899899467</LatitudeDegrees><LongitudeDegrees>59.46669190813579</LongitudeDegrees></Position></Trackpoint><Trackpoint><Time>2026-07-25T20:26:14.000Z</Time><Position><LatitudeDegrees>58.69282523162845</LatitudeDegrees><LongitudeDegrees>59.4666816431712</LongitudeDegrees></Position></Trackpoint><Trackpoint><Time>2026-07-25T20:26:15.000Z</Time><Position><LatitudeDegrees>58.69282222227599</LatitudeDegrees><LongitudeDegrees>59.466670662680016</LongitudeDegrees></Position></Trackpoint><Trackpoint><Time>2026-07-25T20:26:16.000Z</Time><Position><LatitudeDegrees>58.69281942173409</LatitudeDegrees><LongitudeDegrees>59.46665883839806</LongitudeDegrees></Position></Trackpoint><Trackpoint><Time>2026-07-25T20:26:17.000Z</Time><Position><LatitudeDegrees>58.692817066632664</LatitudeDegrees><LongitudeDegrees>59.46664622580115</LongitudeDegrees></Position></Trackpoint><Trackpoint><Time>2026-07-25T20:26:18.000Z</Time><Position><LatitudeDegrees>58.692815686862794</LatitudeDegrees><LongitudeDegrees>59.46663245930447</LongitudeDegrees></Position></Trackpoint><Trackpoint><Time>2026-07-25T20:26:19.000Z</Time><Position><LatitudeDegrees>58.692814885858354</LatitudeDegrees><LongitudeDegrees>59.46661704683868</LongitudeDegrees></Position></Trackpoint><Trackpoint><Time>2026-07-25T20:26:20.000Z</Time><Position><LatitudeDegrees>58.69281393640591</LatitudeDegrees><LongitudeDegrees>59.46659999701086</LongitudeDegrees></Position></Trackpoint><Trackpoint><Time>2026-07-25T20:26:21.000Z</Time><Position><LatitudeDegrees>58.69281304767841</LatitudeDegrees><LongitudeDegrees>59.46658250273987</LongitudeDegrees></Position></Trackpoint><Trackpoint><Time>2026-07-25T20:26:22.000Z</Time><Position><LatitudeDegrees>58.692812298026304</LatitudeDegrees><LongitudeDegrees>59.46656413313184</LongitudeDegrees></Position></Trackpoint><Trackpoint><Time>2026-07-25T20:26:23.000Z</Time><Position><LatitudeDegrees>58.69281219147741</LatitudeDegrees><LongitudeDegrees>59.46654433346788</LongitudeDegrees></Position></Trackpoint><Trackpoint><Time>2026-07-25T20:26:24.000Z</Time><Position><LatitudeDegrees>58.692812363455246</LatitudeDegrees><LongitudeDegrees>59.466524038063</LongitudeDegrees></Position></Trackpoint><Trackpoint><Time>2026-07-25T20:26:25.000Z</Time><Position><LatitudeDegrees>58.69281213845597</LatitudeDegrees><LongitudeDegrees>59.46650369532687</LongitudeDegrees></Position></Trackpoint><Trackpoint><Time>2026-07-25T20:26:26.000Z</Time><Position><LatitudeDegrees>58.692811778846604</LatitudeDegrees><LongitudeDegrees>59.46648349600444</LongitudeDegrees></Position></Trackpoint><Trackpoint><Time>2026-07-25T20:26:27.000Z</Time><Position><LatitudeDegrees>58.69281043073438</LatitudeDegrees><LongitudeDegrees>59.466463500243925</LongitudeDegrees></Position></Trackpoint><Trackpoint><Time>2026-07-25T20:26:28.000Z</Time><Position><LatitudeDegrees>58.69280884855189</LatitudeDegrees><LongitudeDegrees>59.46644370668948</LongitudeDegrees></Position></Trackpoint><Trackpoint><Time>2026-07-25T20:26:29.000Z</Time><Position><LatitudeDegrees>58.6928078626528</LatitudeDegrees><LongitudeDegrees>59.466423599219276</LongitudeDegrees></Position></Trackpoint><Trackpoint><Time>2026-07-25T20:26:30.000Z</Time><Position><LatitudeDegrees>58.692806759251134</LatitudeDegrees><LongitudeDegrees>59.46640251595712</LongitudeDegrees></Position></Trackpoint><Trackpoint><Time>2026-07-25T20:26:31.000Z</Time><Position><LatitudeDegrees>58.692805259467306</LatitudeDegrees><LongitudeDegrees>59.46638079917236</LongitudeDegrees></Position></Trackpoint><Trackpoint><Time>2026-07-25T20:26:32.000Z</Time><Position><LatitudeDegrees>58.6928018304926</LatitudeDegrees><LongitudeDegrees>59.46635916074523</LongitudeDegrees></Position></Trackpoint><Trackpoint><Time>2026-07-25T20:26:33.000Z</Time><Position><LatitudeDegrees>58.6927965782846</LatitudeDegrees><LongitudeDegrees>59.466337883794644</LongitudeDegrees></Position></Trackpoint><Trackpoint><Time>2026-07-25T20:26:34.000Z</Time><Position><LatitudeDegrees>58.69279027010005</LatitudeDegrees><LongitudeDegrees>59.46631703852346</LongitudeDegrees></Position></Trackpoint><Trackpoint><Time>2026-07-25T20:26:35.000Z</Time><Position><LatitudeDegrees>58.69278335745383</LatitudeDegrees><LongitudeDegrees>59.46629610882753</LongitudeDegrees></Position></Trackpoint><Trackpoint><Time>2026-07-25T20:26:36.000Z</Time><Position><LatitudeDegrees>58.6927765934872</LatitudeDegrees><LongitudeDegrees>59.466275382604366</LongitudeDegrees></Position></Trackpoint><Trackpoint><Time>2026-07-25T20:26:37.000Z</Time><Position><LatitudeDegrees>58.692770269286044</LatitudeDegrees><LongitudeDegrees>59.46625495230435</LongitudeDegrees></Position></Trackpoint><Trackpoint><Time>2026-07-25T20:26:38.000Z</Time><Position><LatitudeDegrees>58.69276493789662</LatitudeDegrees><LongitudeDegrees>59.466235307630946</LongitudeDegrees></Position></Trackpoint><Trackpoint><Time>2026-07-25T20:26:39.000Z</Time><Position><LatitudeDegrees>58.692760210045314</LatitudeDegrees><LongitudeDegrees>59.466216059815785</LongitudeDegrees></Position></Trackpoint><Trackpoint><Time>2026-07-25T20:26:40.000Z</Time><Position><LatitudeDegrees>58.69275633756369</LatitudeDegrees><LongitudeDegrees>59.466196018593685</LongitudeDegrees></Position></Trackpoint><Trackpoint><Time>2026-07-25T20:26:41.000Z</Time><Position><LatitudeDegrees>58.692753803989596</LatitudeDegrees><LongitudeDegrees>59.46617332677447</LongitudeDegrees></Position></Trackpoint><Trackpoint><Time>2026-07-25T20:26:42.000Z</Time><Position><LatitudeDegrees>58.69275214700267</LatitudeDegrees><LongitudeDegrees>59.46614804931605</LongitudeDegrees></Position></Trackpoint><Trackpoint><Time>2026-07-25T20:26:43.000Z</Time><Position><LatitudeDegrees>58.69275057408472</LatitudeDegrees><LongitudeDegrees>59.466122013664986</LongitudeDegrees></Position></Trackpoint><Trackpoint><Time>2026-07-25T20:26:44.000Z</Time><Position><LatitudeDegrees>58.6927487480602</LatitudeDegrees><LongitudeDegrees>59.466096559348216</LongitudeDegrees></Position></Trackpoint><Trackpoint><Time>2026-07-25T20:26:45.000Z</Time><Position><LatitudeDegrees>58.69274656255481</LatitudeDegrees><LongitudeDegrees>59.46607265302484</LongitudeDegrees></Position></Trackpoint><Trackpoint><Time>2026-07-25T20:26:46.000Z</Time><Position><LatitudeDegrees>58.69274450950952</LatitudeDegrees><LongitudeDegrees>59.46604951489346</LongitudeDegrees></Position></Trackpoint><Trackpoint><Time>2026-07-25T20:26:47.000Z</Time><Position><LatitudeDegrees>58.692743264131586</LatitudeDegrees><LongitudeDegrees>59.46602574598835</LongitudeDegrees></Position></Trackpoint><Trackpoint><Time>2026-07-25T20:26:48.000Z</Time><Position><LatitudeDegrees>58.69274202160977</LatitudeDegrees><LongitudeDegrees>59.466002319959465</LongitudeDegrees></Position></Trackpoint><Trackpoint><Time>2026-07-25T20:26:49.000Z</Time><Position><LatitudeDegrees>58.69274045012936</LatitudeDegrees><LongitudeDegrees>59.46597910417008</LongitudeDegrees></Position></Trackpoint><Trackpoint><Time>2026-07-25T20:26:50.000Z</Time><Position><LatitudeDegrees>58.692739434480586</LatitudeDegrees><LongitudeDegrees>59.46595650662266</LongitudeDegrees></Position></Trackpoint><Trackpoint><Time>2026-07-25T20:26:51.000Z</Time><Position><LatitudeDegrees>58.692737798877566</LatitudeDegrees><LongitudeDegrees>59.46593363677456</LongitudeDegrees></Position></Trackpoint><Trackpoint><Time>2026-07-25T20:26:52.000Z</Time><Position><LatitudeDegrees>58.692736117883875</LatitudeDegrees><LongitudeDegrees>59.46591163165186</LongitudeDegrees></Position></Trackpoint><Trackpoint><Time>2026-07-25T20:26:53.000Z</Time><Position><LatitudeDegrees>58.6927346339498</LatitudeDegrees><LongitudeDegrees>59.46589035892302</LongitudeDegrees></Position></Trackpoint><Trackpoint><Time>2026-07-25T20:26:54.000Z</Time><Position><LatitudeDegrees>58.69273342163213</LatitudeDegrees><LongitudeDegrees>59.465870159698454</LongitudeDegrees></Position></Trackpoint><Trackpoint><Time>2026-07-25T20:26:55.000Z</Time><Position><LatitudeDegrees>58.69273247677429</LatitudeDegrees><LongitudeDegrees>59.465851526286784</LongitudeDegrees></Position></Trackpoint><Trackpoint><Time>2026-07-25T20:26:56.000Z</Time><Position><LatitudeDegrees>58.69273078411516</LatitudeDegrees><LongitudeDegrees>59.465832991635544</LongitudeDegrees></Position></Trackpoint><Trackpoint><Time>2026-07-25T20:26:57.000Z</Time><Position><LatitudeDegrees>58.69272900073676</LatitudeDegrees><LongitudeDegrees>59.465814428498476</LongitudeDegrees></Position></Trackpoint><Trackpoint><Time>2026-07-25T20:26:58.000Z</Time><Position><LatitudeDegrees>58.69272740889106</LatitudeDegrees><LongitudeDegrees>59.46579627773806</LongitudeDegrees></Position></Trackpoint><Trackpoint><Time>2026-07-25T20:26:59.000Z</Time><Position><LatitudeDegrees>58.692726100235895</LatitudeDegrees><LongitudeDegrees>59.46577817837762</LongitudeDegrees></Position></Trackpoint><Trackpoint><Time>2026-07-25T20:27:00.000Z</Time><Position><LatitudeDegrees>58.69272507617195</LatitudeDegrees><LongitudeDegrees>59.46575997515782</LongitudeDegrees></Position></Trackpoint><Trackpoint><Time>2026-07-25T20:27:01.000Z</Time><Position><LatitudeDegrees>58.69272430074922</LatitudeDegrees><LongitudeDegrees>59.46574112785727</LongitudeDegrees></Position></Trackpoint><Trackpoint><Time>2026-07-25T20:27:02.000Z</Time><Position><LatitudeDegrees>58.69272323763894</LatitudeDegrees><LongitudeDegrees>59.465721496661565</LongitudeDegrees></Position></Trackpoint><Trackpoint><Time>2026-07-25T20:27:03.000Z</Time><Position><LatitudeDegrees>58.69272170288731</LatitudeDegrees><LongitudeDegrees>59.46570112460223</LongitudeDegrees></Position></Trackpoint><Trackpoint><Time>2026-07-25T20:27:04.000Z</Time><Position><LatitudeDegrees>58.692720170881095</LatitudeDegrees><LongitudeDegrees>59.46567963487918</LongitudeDegrees></Position></Trackpoint><Trackpoint><Time>2026-07-25T20:27:05.000Z</Time><Position><LatitudeDegrees>58.6927183470256</LatitudeDegrees><LongitudeDegrees>59.46565701576404</LongitudeDegrees></Position></Trackpoint><Trackpoint><Time>2026-07-25T20:27:06.000Z</Time><Position><LatitudeDegrees>58.69271565784468</LatitudeDegrees><LongitudeDegrees>59.46563340738242</LongitudeDegrees></Position></Trackpoint><Trackpoint><Time>2026-07-25T20:27:07.000Z</Time><Position><LatitudeDegrees>58.6927129574462</LatitudeDegrees><LongitudeDegrees>59.465608994413586</LongitudeDegrees></Position></Trackpoint><Trackpoint><Time>2026-07-25T20:27:08.000Z</Time><Position><LatitudeDegrees>58.69271059902001</LatitudeDegrees><LongitudeDegrees>59.465583956182165</LongitudeDegrees></Position></Trackpoint><Trackpoint><Time>2026-07-25T20:27:09.000Z</Time><Position><LatitudeDegrees>58.69270868412985</LatitudeDegrees><LongitudeDegrees>59.46555844679152</LongitudeDegrees></Position></Trackpoint><Trackpoint><Time>2026-07-25T20:27:10.000Z</Time><Position><LatitudeDegrees>58.692706708065245</LatitudeDegrees><LongitudeDegrees>59.46553405901099</LongitudeDegrees></Position></Trackpoint><Trackpoint><Time>2026-07-25T20:27:11.000Z</Time><Position><LatitudeDegrees>58.69270496043187</LatitudeDegrees><LongitudeDegrees>59.46551081522853</LongitudeDegrees></Position></Trackpoint><Trackpoint><Time>2026-07-25T20:27:12.000Z</Time><Position><LatitudeDegrees>58.692703041569565</LatitudeDegrees><LongitudeDegrees>59.46548808822319</LongitudeDegrees></Position></Trackpoint><Trackpoint><Time>2026-07-25T20:27:13.000Z</Time><Position><LatitudeDegrees>58.69270178808317</LatitudeDegrees><LongitudeDegrees>59.46546653257816</LongitudeDegrees></Position></Trackpoint><Trackpoint><Time>2026-07-25T20:27:14.000Z</Time><Position><LatitudeDegrees>58.692700479893226</LatitudeDegrees><LongitudeDegrees>59.46544528830906</LongitudeDegrees></Position></Trackpoint><Trackpoint><Time>2026-07-25T20:27:15.000Z</Time><Position><LatitudeDegrees>58.692698827468114</LatitudeDegrees><LongitudeDegrees>59.46542445089164</LongitudeDegrees></Position></Trackpoint><Trackpoint><Time>2026-07-25T20:27:16.000Z</Time><Position><LatitudeDegrees>58.69269724536174</LatitudeDegrees><LongitudeDegrees>59.46540253859533</LongitudeDegrees></Position></Trackpoint><Trackpoint><Time>2026-07-25T20:27:17.000Z</Time><Position><LatitudeDegrees>58.69269589527593</LatitudeDegrees><LongitudeDegrees>59.46538152720625</LongitudeDegrees></Position></Trackpoint><Trackpoint><Time>2026-07-25T20:27:18.000Z</Time><Position><LatitudeDegrees>58.692695793246635</LatitudeDegrees><LongitudeDegrees>59.46536162517831</LongitudeDegrees></Position></Trackpoint><Trackpoint><Time>2026-07-25T20:27:19.000Z</Time><Position><LatitudeDegrees>58.69269768713579</LatitudeDegrees><LongitudeDegrees>59.465342286364354</LongitudeDegrees></Position></Trackpoint><Trackpoint><Time>2026-07-25T20:27:20.000Z</Time><Position><LatitudeDegrees>58.69270113915415</LatitudeDegrees><LongitudeDegrees>59.46532321355509</LongitudeDegrees></Position></Trackpoint><Trackpoint><Time>2026-07-25T20:27:21.000Z</Time><Position><LatitudeDegrees>58.692703810579516</LatitudeDegrees><LongitudeDegrees>59.46530522942977</LongitudeDegrees></Position></Trackpoint><Trackpoint><Time>2026-07-25T20:27:22.000Z</Time><Position><LatitudeDegrees>58.69270483843601</LatitudeDegrees><LongitudeDegrees>59.46528657462172</LongitudeDegrees></Position></Trackpoint><Trackpoint><Time>2026-07-25T20:27:23.000Z</Time><Position><LatitudeDegrees>58.69270358866036</LatitudeDegrees><LongitudeDegrees>59.465268079478065</LongitudeDegrees></Position></Trackpoint><Trackpoint><Time>2026-07-25T20:27:24.000Z</Time><Position><LatitudeDegrees>58.692700582065406</LatitudeDegrees><LongitudeDegrees>59.4652490862495</LongitudeDegrees></Position></Trackpoint><Trackpoint><Time>2026-07-25T20:27:25.000Z</Time><Position><LatitudeDegrees>58.69269723784559</LatitudeDegrees><LongitudeDegrees>59.465230856813236</LongitudeDegrees></Position></Trackpoint><Trackpoint><Time>2026-07-25T20:27:26.000Z</Time><Position><LatitudeDegrees>58.692694673416774</LatitudeDegrees><LongitudeDegrees>59.46521332321018</LongitudeDegrees></Position></Trackpoint><Trackpoint><Time>2026-07-25T20:27:27.000Z</Time><Position><LatitudeDegrees>58.69269275927245</LatitudeDegrees><LongitudeDegrees>59.465195878532754</LongitudeDegrees></Position></Trackpoint><Trackpoint><Time>2026-07-25T20:27:28.000Z</Time><Position><LatitudeDegrees>58.6926918482251</LatitudeDegrees><LongitudeDegrees>59.465178751033335</LongitudeDegrees></Position></Trackpoint><Trackpoint><Time>2026-07-25T20:27:29.000Z</Time><Position><LatitudeDegrees>58.69269097760748</LatitudeDegrees><LongitudeDegrees>59.465161994004546</LongitudeDegrees></Position></Trackpoint><Trackpoint><Time>2026-07-25T20:27:30.000Z</Time><Position><LatitudeDegrees>58.69268974577199</LatitudeDegrees><LongitudeDegrees>59.46514607145533</LongitudeDegrees></Position></Trackpoint><Trackpoint><Time>2026-07-25T20:27:31.000Z</Time><Position><LatitudeDegrees>58.692688523279166</LatitudeDegrees><LongitudeDegrees>59.46513008815462</LongitudeDegrees></Position></Trackpoint><Trackpoint><Time>2026-07-25T20:27:32.000Z</Time><Position><LatitudeDegrees>58.692686971928445</LatitudeDegrees><LongitudeDegrees>59.46511368321378</LongitudeDegrees></Position></Trackpoint><Trackpoint><Time>2026-07-25T20:27:33.000Z</Time><Position><LatitudeDegrees>58.69268499464597</LatitudeDegrees><LongitudeDegrees>59.46509529329184</LongitudeDegrees></Position></Trackpoint><Trackpoint><Time>2026-07-25T20:27:34.000Z</Time><Position><LatitudeDegrees>58.69268260612119</LatitudeDegrees><LongitudeDegrees>59.465075508543414</LongitudeDegrees></Position></Trackpoint><Trackpoint><Time>2026-07-25T20:27:35.000Z</Time><Position><LatitudeDegrees>58.69268035479665</LatitudeDegrees><LongitudeDegrees>59.465054261427106</LongitudeDegrees></Position></Trackpoint><Trackpoint><Time>2026-07-25T20:27:36.000Z</Time><Position><LatitudeDegrees>58.69267844892985</LatitudeDegrees><LongitudeDegrees>59.46503269104105</LongitudeDegrees></Position></Trackpoint><Trackpoint><Time>2026-07-25T20:27:37.000Z</Time><Position><LatitudeDegrees>58.69267644033856</LatitudeDegrees><LongitudeDegrees>59.46501081838442</LongitudeDegrees></Position></Trackpoint><Trackpoint><Time>2026-07-25T20:27:38.000Z</Time><Position><LatitudeDegrees>58.69267366802032</LatitudeDegrees><LongitudeDegrees>59.464988690901336</LongitudeDegrees></Position></Trackpoint><Trackpoint><Time>2026-07-25T20:27:39.000Z</Time><Position><LatitudeDegrees>58.6926709369967</LatitudeDegrees><LongitudeDegrees>59.46496685044808</LongitudeDegrees></Position></Trackpoint><Trackpoint><Time>2026-07-25T20:27:40.000Z</Time><Position><LatitudeDegrees>58.692669063112945</LatitudeDegrees><LongitudeDegrees>59.46494450411806</LongitudeDegrees></Position></Trackpoint><Trackpoint><Time>2026-07-25T20:27:41.000Z</Time><Position><LatitudeDegrees>58.69266778273811</LatitudeDegrees><LongitudeDegrees>59.46492187990503</LongitudeDegrees></Position></Trackpoint><Trackpoint><Time>2026-07-25T20:27:42.000Z</Time><Position><LatitudeDegrees>58.69266691112422</LatitudeDegrees><LongitudeDegrees>59.46489861775967</LongitudeDegrees></Position></Trackpoint><Trackpoint><Time>2026-07-25T20:27:43.000Z</Time><Position><LatitudeDegrees>58.692666319722036</LatitudeDegrees><LongitudeDegrees>59.46487514088993</LongitudeDegrees></Position></Trackpoint><Trackpoint><Time>2026-07-25T20:27:44.000Z</Time><Position><LatitudeDegrees>58.69266591962595</LatitudeDegrees><LongitudeDegrees>59.464852140757124</LongitudeDegrees></Position></Trackpoint><Trackpoint><Time>2026-07-25T20:27:45.000Z</Time><Position><LatitudeDegrees>58.69266516005721</LatitudeDegrees><LongitudeDegrees>59.464829840939615</LongitudeDegrees></Position></Trackpoint><Trackpoint><Time>2026-07-25T20:27:46.000Z</Time><Position><LatitudeDegrees>58.692663370713895</LatitudeDegrees><LongitudeDegrees>59.46480726440879</LongitudeDegrees></Position></Trackpoint><Trackpoint><Time>2026-07-25T20:27:47.000Z</Time><Position><LatitudeDegrees>58.69266089732396</LatitudeDegrees><LongitudeDegrees>59.46478551313927</LongitudeDegrees></Position></Trackpoint><Trackpoint><Time>2026-07-25T20:27:48.000Z</Time><Position><LatitudeDegrees>58.69265797006605</LatitudeDegrees><LongitudeDegrees>59.46476395581867</LongitudeDegrees></Position></Trackpoint><Trackpoint><Time>2026-07-25T20:27:49.000Z</Time><Position><LatitudeDegrees>58.69265376276744</LatitudeDegrees><LongitudeDegrees>59.464742797169066</LongitudeDegrees></Position></Trackpoint><Trackpoint><Time>2026-07-25T20:27:50.000Z</Time><Position><LatitudeDegrees>58.69264956830579</LatitudeDegrees><LongitudeDegrees>59.46472011189056</LongitudeDegrees></Position></Trackpoint><Trackpoint><Time>2026-07-25T20:27:51.000Z</Time><Position><LatitudeDegrees>58.69264591748363</LatitudeDegrees><LongitudeDegrees>59.464697261463414</LongitudeDegrees></Position></Trackpoint><Trackpoint><Time>2026-07-25T20:27:52.000Z</Time><Position><LatitudeDegrees>58.69264295912784</LatitudeDegrees><LongitudeDegrees>59.464674827787185</LongitudeDegrees></Position></Trackpoint><Trackpoint><Time>2026-07-25T20:27:53.000Z</Time><Position><LatitudeDegrees>58.69264017604266</LatitudeDegrees><LongitudeDegrees>59.46465250740755</LongitudeDegrees></Position></Trackpoint><Trackpoint><Time>2026-07-25T20:27:54.000Z</Time><Position><LatitudeDegrees>58.69263782234453</LatitudeDegrees><LongitudeDegrees>59.46463016081046</LongitudeDegrees></Position></Trackpoint><Trackpoint><Time>2026-07-25T20:27:55.000Z</Time><Position><LatitudeDegrees>58.692635947575894</LatitudeDegrees><LongitudeDegrees>59.46460724429371</LongitudeDegrees></Position></Trackpoint><Trackpoint><Time>2026-07-25T20:27:56.000Z</Time><Position><LatitudeDegrees>58.69263353144888</LatitudeDegrees><LongitudeDegrees>59.464584096701564</LongitudeDegrees></Position></Trackpoint><Trackpoint><Time>2026-07-25T20:27:57.000Z</Time><Position><LatitudeDegrees>58.69263071286805</LatitudeDegrees><LongitudeDegrees>59.464559908018316</LongitudeDegrees></Position></Trackpoint><Trackpoint><Time>2026-07-25T20:27:58.000Z</Time><Position><LatitudeDegrees>58.69262711108267</LatitudeDegrees><LongitudeDegrees>59.46453594710682</LongitudeDegrees></Position></Trackpoint><Trackpoint><Time>2026-07-25T20:27:59.000Z</Time><Position><LatitudeDegrees>58.69262315942062</LatitudeDegrees><LongitudeDegrees>59.464511728071706</LongitudeDegrees></Position></Trackpoint><Trackpoint><Time>2026-07-25T20:28:00.000Z</Time><Position><LatitudeDegrees>58.69261908124691</LatitudeDegrees><LongitudeDegrees>59.46448806315608</LongitudeDegrees></Position></Trackpoint><Trackpoint><Time>2026-07-25T20:28:01.000Z</Time><Position><LatitudeDegrees>58.692614984788285</LatitudeDegrees><LongitudeDegrees>59.46446472613772</LongitudeDegrees></Position></Trackpoint><Trackpoint><Time>2026-07-25T20:28:02.000Z</Time><Position><LatitudeDegrees>58.69261140657358</LatitudeDegrees><LongitudeDegrees>59.46444207137626</LongitudeDegrees></Position></Trackpoint><Trackpoint><Time>2026-07-25T20:28:03.000Z</Time><Position><LatitudeDegrees>58.692609480268686</LatitudeDegrees><LongitudeDegrees>59.464420157242195</LongitudeDegrees></Position></Trackpoint><Trackpoint><Time>2026-07-25T20:28:04.000Z</Time><Position><LatitudeDegrees>58.69260848151365</LatitudeDegrees><LongitudeDegrees>59.46439891271602</LongitudeDegrees></Position></Trackpoint><Trackpoint><Time>2026-07-25T20:28:05.000Z</Time><Position><LatitudeDegrees>58.69260799294328</LatitudeDegrees><LongitudeDegrees>59.464377243385144</LongitudeDegrees></Position></Trackpoint><Trackpoint><Time>2026-07-25T20:28:06.000Z</Time><Position><LatitudeDegrees>58.692607777191235</LatitudeDegrees><LongitudeDegrees>59.46435475305701</LongitudeDegrees></Position></Trackpoint><Trackpoint><Time>2026-07-25T20:28:07.000Z</Time><Position><LatitudeDegrees>58.6926072118757</LatitudeDegrees><LongitudeDegrees>59.46433285277191</LongitudeDegrees></Position></Trackpoint><Trackpoint><Time>2026-07-25T20:28:08.000Z</Time><Position><LatitudeDegrees>58.692606575155665</LatitudeDegrees><LongitudeDegrees>59.464312537522794</LongitudeDegrees></Position></Trackpoint><Trackpoint><Time>2026-07-25T20:28:09.000Z</Time><Position><LatitudeDegrees>58.6926055011403</LatitudeDegrees><LongitudeDegrees>59.4642949928652</LongitudeDegrees></Position></Trackpoint><Trackpoint><Time>2026-07-25T20:28:10.000Z</Time><Position><LatitudeDegrees>58.692604874491</LatitudeDegrees><LongitudeDegrees>59.46428035144921</LongitudeDegrees></Position></Trackpoint><Trackpoint><Time>2026-07-25T20:28:11.000Z</Time><Position><LatitudeDegrees>58.69260458446373</LatitudeDegrees><LongitudeDegrees>59.464266263465696</LongitudeDegrees></Position></Trackpoint><Trackpoint><Time>2026-07-25T20:28:12.000Z</Time><Position><LatitudeDegrees>58.692604326388654</LatitudeDegrees><LongitudeDegrees>59.46426072325296</LongitudeDegrees></Position></Trackpoint><Trackpoint><Time>2026-07-25T20:28:14.000Z</Time><Position><LatitudeDegrees>58.69260369693775</LatitudeDegrees><LongitudeDegrees>59.46425591373115</LongitudeDegrees></Position></Trackpoint><Trackpoint><Time>2026-07-25T20:28:15.000Z</Time><Position><LatitudeDegrees>58.69260250572036</LatitudeDegrees><LongitudeDegrees>59.464250553595214</LongitudeDegrees></Position></Trackpoint><Trackpoint><Time>2026-07-25T20:28:16.000Z</Time><Position><LatitudeDegrees>58.692601236039735</LatitudeDegrees><LongitudeDegrees>59.464243696220876</LongitudeDegrees></Position></Trackpoint><Trackpoint><Time>2026-07-25T20:28:17.000Z</Time><Position><LatitudeDegrees>58.692600097006924</LatitudeDegrees><LongitudeDegrees>59.464235143924974</LongitudeDegrees></Position></Trackpoint><Trackpoint><Time>2026-07-25T20:28:18.000Z</Time><Position><LatitudeDegrees>58.692598668361754</LatitudeDegrees><LongitudeDegrees>59.46422454322499</LongitudeDegrees></Position></Trackpoint><Trackpoint><Time>2026-07-25T20:28:19.000Z</Time><Position><LatitudeDegrees>58.69259681419838</LatitudeDegrees><LongitudeDegrees>59.464212501065205</LongitudeDegrees></Position></Trackpoint><Trackpoint><Time>2026-07-25T20:28:20.000Z</Time><Position><LatitudeDegrees>58.69259453316087</LatitudeDegrees><LongitudeDegrees>59.464198473193484</LongitudeDegrees></Position></Trackpoint><Trackpoint><Time>2026-07-25T20:28:21.000Z</Time><Position><LatitudeDegrees>58.692591879479444</LatitudeDegrees><LongitudeDegrees>59.46418151111051</LongitudeDegrees></Position></Trackpoint><Trackpoint><Time>2026-07-25T20:28:22.000Z</Time><Position><LatitudeDegrees>58.6925889233162</LatitudeDegrees><LongitudeDegrees>59.46416306962607</LongitudeDegrees></Position></Trackpoint><Trackpoint><Time>2026-07-25T20:28:23.000Z</Time><Position><LatitudeDegrees>58.69258573238932</LatitudeDegrees><LongitudeDegrees>59.4641444273689</LongitudeDegrees></Position></Trackpoint><Trackpoint><Time>2026-07-25T20:28:24.000Z</Time><Position><LatitudeDegrees>58.69258236471896</LatitudeDegrees><LongitudeDegrees>59.46412613668984</LongitudeDegrees></Position></Trackpoint><Trackpoint><Time>2026-07-25T20:28:25.000Z</Time><Position><LatitudeDegrees>58.69257837727389</LatitudeDegrees><LongitudeDegrees>59.46410789033024</LongitudeDegrees></Position></Trackpoint><Trackpoint><Time>2026-07-25T20:28:26.000Z</Time><Position><LatitudeDegrees>58.692574156756855</LatitudeDegrees><LongitudeDegrees>59.46408906645179</LongitudeDegrees></Position></Trackpoint><Trackpoint><Time>2026-07-25T20:28:27.000Z</Time><Position><LatitudeDegrees>58.69256989233936</LatitudeDegrees><LongitudeDegrees>59.46406997269503</LongitudeDegrees></Position></Trackpoint><Trackpoint><Time>2026-07-25T20:28:28.000Z</Time><Position><LatitudeDegrees>58.692566157173715</LatitudeDegrees><LongitudeDegrees>59.464050770395055</LongitudeDegrees></Position></Trackpoint><Trackpoint><Time>2026-07-25T20:28:29.000Z</Time><Position><LatitudeDegrees>58.69256262976388</LatitudeDegrees><LongitudeDegrees>59.46403105031579</LongitudeDegrees></Position></Trackpoint><Trackpoint><Time>2026-07-25T20:28:30.000Z</Time><Position><LatitudeDegrees>58.6925591510419</LatitudeDegrees><LongitudeDegrees>59.464011689597584</LongitudeDegrees></Position></Trackpoint><Trackpoint><Time>2026-07-25T20:28:31.000Z</Time><Position><LatitudeDegrees>58.692555649249286</LatitudeDegrees><LongitudeDegrees>59.46399251374202</LongitudeDegrees></Position></Trackpoint><Trackpoint><Time>2026-07-25T20:28:32.000Z</Time><Position><LatitudeDegrees>58.692552097794575</LatitudeDegrees><LongitudeDegrees>59.46397293754738</LongitudeDegrees></Position></Trackpoint><Trackpoint><Time>2026-07-25T20:28:33.000Z</Time><Position><LatitudeDegrees>58.6925489817112</LatitudeDegrees><LongitudeDegrees>59.46395424022285</LongitudeDegrees></Position></Trackpoint><Trackpoint><Time>2026-07-25T20:28:34.000Z</Time><Position><LatitudeDegrees>58.69254595526221</LatitudeDegrees><LongitudeDegrees>59.46393634617715</LongitudeDegrees></Position></Trackpoint><Trackpoint><Time>2026-07-25T20:28:35.000Z</Time><Position><LatitudeDegrees>58.69254286455719</LatitudeDegrees><LongitudeDegrees>59.46391814195843</LongitudeDegrees></Position></Trackpoint><Trackpoint><Time>2026-07-25T20:28:36.000Z</Time><Position><LatitudeDegrees>58.692539654466074</LatitudeDegrees><LongitudeDegrees>59.46390018804155</LongitudeDegrees></Position></Trackpoint><Trackpoint><Time>2026-07-25T20:28:37.000Z</Time><Position><LatitudeDegrees>58.692536317607505</LatitudeDegrees><LongitudeDegrees>59.463881214291035</LongitudeDegrees></Position></Trackpoint><Trackpoint><Time>2026-07-25T20:28:38.000Z</Time><Position><LatitudeDegrees>58.692532867212</LatitudeDegrees><LongitudeDegrees>59.463861807738084</LongitudeDegrees></Position></Trackpoint><Trackpoint><Time>2026-07-25T20:28:39.000Z</Time><Position><LatitudeDegrees>58.69252981291124</LatitudeDegrees><LongitudeDegrees>59.46384226569125</LongitudeDegrees></Position></Trackpoint><Trackpoint><Time>2026-07-25T20:28:40.000Z</Time><Position><LatitudeDegrees>58.692527313750375</LatitudeDegrees><LongitudeDegrees>59.463822727982546</LongitudeDegrees></Position></Trackpoint><Trackpoint><Time>2026-07-25T20:28:41.000Z</Time><Position><LatitudeDegrees>58.69252536397815</LatitudeDegrees><LongitudeDegrees>59.46380227242143</LongitudeDegrees></Position></Trackpoint><Trackpoint><Time>2026-07-25T20:28:42.000Z</Time><Position><LatitudeDegrees>58.69252340110218</LatitudeDegrees><LongitudeDegrees>59.46378161624529</LongitudeDegrees></Position></Trackpoint><Trackpoint><Time>2026-07-25T20:28:43.000Z</Time><Position><LatitudeDegrees>58.69252168476181</LatitudeDegrees><LongitudeDegrees>59.46376108058504</LongitudeDegrees></Position></Trackpoint><Trackpoint><Time>2026-07-25T20:28:44.000Z</Time><Position><LatitudeDegrees>58.69251980063209</LatitudeDegrees><LongitudeDegrees>59.46374176144629</LongitudeDegrees></Position></Trackpoint><Trackpoint><Time>2026-07-25T20:28:45.000Z</Time><Position><LatitudeDegrees>58.692517110005085</LatitudeDegrees><LongitudeDegrees>59.463722974840785</LongitudeDegrees></Position></Trackpoint><Trackpoint><Time>2026-07-25T20:28:46.000Z</Time><Position><LatitudeDegrees>58.6925144325735</LatitudeDegrees><LongitudeDegrees>59.46370388111889</LongitudeDegrees></Position></Trackpoint><Trackpoint><Time>2026-07-25T20:28:47.000Z</Time><Position><LatitudeDegrees>58.692512104220526</LatitudeDegrees><LongitudeDegrees>59.463684663513426</LongitudeDegrees></Position></Trackpoint><Trackpoint><Time>2026-07-25T20:28:48.000Z</Time><Position><LatitudeDegrees>58.69251021847034</LatitudeDegrees><LongitudeDegrees>59.46366541338605</LongitudeDegrees></Position></Trackpoint><Trackpoint><Time>2026-07-25T20:28:49.000Z</Time><Position><LatitudeDegrees>58.69250728820006</LatitudeDegrees><LongitudeDegrees>59.4636466621473</LongitudeDegrees></Position></Trackpoint><Trackpoint><Time>2026-07-25T20:28:50.000Z</Time><Position><LatitudeDegrees>58.69250430385734</LatitudeDegrees><LongitudeDegrees>59.46362856461815</LongitudeDegrees></Position></Trackpoint><Trackpoint><Time>2026-07-25T20:28:51.000Z</Time><Position><LatitudeDegrees>58.69250070106041</LatitudeDegrees><LongitudeDegrees>59.46361061104578</LongitudeDegrees></Position></Trackpoint><Trackpoint><Time>2026-07-25T20:28:52.000Z</Time><Position><LatitudeDegrees>58.69249632675571</LatitudeDegrees><LongitudeDegrees>59.46359208340974</LongitudeDegrees></Position></Trackpoint><Trackpoint><Time>2026-07-25T20:28:53.000Z</Time><Position><LatitudeDegrees>58.692491706543144</LatitudeDegrees><LongitudeDegrees>59.46357324929608</LongitudeDegrees></Position></Trackpoint><Trackpoint><Time>2026-07-25T20:28:54.000Z</Time><Position><LatitudeDegrees>58.692487088444196</LatitudeDegrees><LongitudeDegrees>59.463555237462835</LongitudeDegrees></Position></Trackpoint><Trackpoint><Time>2026-07-25T20:28:55.000Z</Time><Position><LatitudeDegrees>58.69248257433109</LatitudeDegrees><LongitudeDegrees>59.46353742801051</LongitudeDegrees></Position></Trackpoint><Trackpoint><Time>2026-07-25T20:28:56.000Z</Time><Position><LatitudeDegrees>58.692478192811784</LatitudeDegrees><LongitudeDegrees>59.46351905005794</LongitudeDegrees></Position></Trackpoint><Trackpoint><Time>2026-07-25T20:28:57.000Z</Time><Position><LatitudeDegrees>58.692474917871024</LatitudeDegrees><LongitudeDegrees>59.46350083831792</LongitudeDegrees></Position></Trackpoint><Trackpoint><Time>2026-07-25T20:28:58.000Z</Time><Position><LatitudeDegrees>58.692472518989895</LatitudeDegrees><LongitudeDegrees>59.46348258442593</LongitudeDegrees></Position></Trackpoint><Trackpoint><Time>2026-07-25T20:28:59.000Z</Time><Position><LatitudeDegrees>58.69247029918148</LatitudeDegrees><LongitudeDegrees>59.46346420798067</LongitudeDegrees></Position></Trackpoint><Trackpoint><Time>2026-07-25T20:29:00.000Z</Time><Position><LatitudeDegrees>58.692468438030225</LatitudeDegrees><LongitudeDegrees>59.463445201989096</LongitudeDegrees></Position></Trackpoint><Trackpoint><Time>2026-07-25T20:29:01.000Z</Time><Position><LatitudeDegrees>58.692466473851276</LatitudeDegrees><LongitudeDegrees>59.46342641767713</LongitudeDegrees></Position></Trackpoint><Trackpoint><Time>2026-07-25T20:29:02.000Z</Time><Position><LatitudeDegrees>58.6924652089521</LatitudeDegrees><LongitudeDegrees>59.4634071979345</LongitudeDegrees></Position></Trackpoint><Trackpoint><Time>2026-07-25T20:29:03.000Z</Time><Position><LatitudeDegrees>58.69246439438755</LatitudeDegrees><LongitudeDegrees>59.46338732802817</LongitudeDegrees></Position></Trackpoint><Trackpoint><Time>2026-07-25T20:29:04.000Z</Time><Position><LatitudeDegrees>58.6924628906127</LatitudeDegrees><LongitudeDegrees>59.46336729258204</LongitudeDegrees></Position></Trackpoint><Trackpoint><Time>2026-07-25T20:29:05.000Z</Time><Position><LatitudeDegrees>58.692461296005305</LatitudeDegrees><LongitudeDegrees>59.46334829164843</LongitudeDegrees></Position></Trackpoint><Trackpoint><Time>2026-07-25T20:29:06.000Z</Time><Position><LatitudeDegrees>58.69246035826609</LatitudeDegrees><LongitudeDegrees>59.46333019706015</LongitudeDegrees></Position></Trackpoint><Trackpoint><Time>2026-07-25T20:29:07.000Z</Time><Position><LatitudeDegrees>58.69245981140451</LatitudeDegrees><LongitudeDegrees>59.46331235009503</LongitudeDegrees></Position></Trackpoint><Trackpoint><Time>2026-07-25T20:29:08.000Z</Time><Position><LatitudeDegrees>58.69245949570823</LatitudeDegrees><LongitudeDegrees>59.463293468466</LongitudeDegrees></Position></Trackpoint><Trackpoint><Time>2026-07-25T20:29:09.000Z</Time><Position><LatitudeDegrees>58.69245931573267</LatitudeDegrees><LongitudeDegrees>59.46327315688204</LongitudeDegrees></Position></Trackpoint><Trackpoint><Time>2026-07-25T20:29:10.000Z</Time><Position><LatitudeDegrees>58.6924587251404</LatitudeDegrees><LongitudeDegrees>59.46325290491353</LongitudeDegrees></Position></Trackpoint><Trackpoint><Time>2026-07-25T20:29:11.000Z</Time><Position><LatitudeDegrees>58.692457551633474</LatitudeDegrees><LongitudeDegrees>59.463231849531816</LongitudeDegrees></Position></Trackpoint><Trackpoint><Time>2026-07-25T20:29:12.000Z</Time><Position><LatitudeDegrees>58.6924562886807</LatitudeDegrees><LongitudeDegrees>59.46321022804041</LongitudeDegrees></Position></Trackpoint><Trackpoint><Time>2026-07-25T20:29:13.000Z</Time><Position><LatitudeDegrees>58.6924546613786</LatitudeDegrees><LongitudeDegrees>59.46318821082813</LongitudeDegrees></Position></Trackpoint><Trackpoint><Time>2026-07-25T20:29:14.000Z</Time><Position><LatitudeDegrees>58.692452603276436</LatitudeDegrees><LongitudeDegrees>59.46316689807818</LongitudeDegrees></Position></Trackpoint><Trackpoint><Time>2026-07-25T20:29:15.000Z</Time><Position><LatitudeDegrees>58.69245063191074</LatitudeDegrees><LongitudeDegrees>59.46314665246602</LongitudeDegrees></Position></Trackpoint><Trackpoint><Time>2026-07-25T20:29:16.000Z</Time><Position><LatitudeDegrees>58.69244894928781</LatitudeDegrees><LongitudeDegrees>59.46312797599862</LongitudeDegrees></Position></Trackpoint><Trackpoint><Time>2026-07-25T20:29:17.000Z</Time><Position><LatitudeDegrees>58.69244711193027</LatitudeDegrees><LongitudeDegrees>59.46310940518995</LongitudeDegrees></Position></Trackpoint><Trackpoint><Time>2026-07-25T20:29:18.000Z</Time><Position><LatitudeDegrees>58.69244446744868</LatitudeDegrees><LongitudeDegrees>59.46309130298776</LongitudeDegrees></Position></Trackpoint><Trackpoint><Time>2026-07-25T20:29:19.000Z</Time><Position><LatitudeDegrees>58.692441829981696</LatitudeDegrees><LongitudeDegrees>59.463072779499896</LongitudeDegrees></Position></Trackpoint><Trackpoint><Time>2026-07-25T20:29:20.000Z</Time><Position><LatitudeDegrees>58.69243904430784</LatitudeDegrees><LongitudeDegrees>59.46305450153168</LongitudeDegrees></Position></Trackpoint><Trackpoint><Time>2026-07-25T20:29:21.000Z</Time><Position><LatitudeDegrees>58.69243655513447</LatitudeDegrees><LongitudeDegrees>59.46303671218372</LongitudeDegrees></Position></Trackpoint><Trackpoint><Time>2026-07-25T20:29:22.000Z</Time><Position><LatitudeDegrees>58.692434017940904</LatitudeDegrees><LongitudeDegrees>59.463019448859285</LongitudeDegrees></Position></Trackpoint><Trackpoint><Time>2026-07-25T20:29:23.000Z</Time><Position><LatitudeDegrees>58.69243178661598</LatitudeDegrees><LongitudeDegrees>59.46300168022671</LongitudeDegrees></Position></Trackpoint><Trackpoint><Time>2026-07-25T20:29:24.000Z</Time><Position><LatitudeDegrees>58.692429967645126</LatitudeDegrees><LongitudeDegrees>59.46298304640477</LongitudeDegrees></Position></Trackpoint><Trackpoint><Time>2026-07-25T20:29:25.000Z</Time><Position><LatitudeDegrees>58.69242806234698</LatitudeDegrees><LongitudeDegrees>59.46296448944937</LongitudeDegrees></Position></Trackpoint><Trackpoint><Time>2026-07-25T20:29:26.000Z</Time><Position><LatitudeDegrees>58.69242685564912</LatitudeDegrees><LongitudeDegrees>59.462946387464825</LongitudeDegrees></Position></Trackpoint><Trackpoint><Time>2026-07-25T20:29:27.000Z</Time><Position><LatitudeDegrees>58.69242560192537</LatitudeDegrees><LongitudeDegrees>59.46292834816166</LongitudeDegrees></Position></Trackpoint><Trackpoint><Time>2026-07-25T20:29:28.000Z</Time><Position><LatitudeDegrees>58.69242400013773</LatitudeDegrees><LongitudeDegrees>59.46290971232632</LongitudeDegrees></Position></Trackpoint><Trackpoint><Time>2026-07-25T20:29:29.000Z</Time><Position><LatitudeDegrees>58.69242197098217</LatitudeDegrees><LongitudeDegrees>59.462889795426065</LongitudeDegrees></Position></Trackpoint><Trackpoint><Time>2026-07-25T20:29:30.000Z</Time><Position><LatitudeDegrees>58.69241904704005</LatitudeDegrees><LongitudeDegrees>59.46286994880207</LongitudeDegrees></Position></Trackpoint><Trackpoint><Time>2026-07-25T20:29:31.000Z</Time><Position><LatitudeDegrees>58.69241710909977</LatitudeDegrees><LongitudeDegrees>59.462849740740616</LongitudeDegrees></Position></Trackpoint><Trackpoint><Time>2026-07-25T20:29:32.000Z</Time><Position><LatitudeDegrees>58.692415825959635</LatitudeDegrees><LongitudeDegrees>59.4628305086694</LongitudeDegrees></Position></Trackpoint><Trackpoint><Time>2026-07-25T20:29:33.000Z</Time><Position><LatitudeDegrees>58.692415956398364</LatitudeDegrees><LongitudeDegrees>59.4628107196764</LongitudeDegrees></Position></Trackpoint><Trackpoint><Time>2026-07-25T20:29:34.000Z</Time><Position><LatitudeDegrees>58.692416652254394</LatitudeDegrees><LongitudeDegrees>59.46279030354802</LongitudeDegrees></Position></Trackpoint><Trackpoint><Time>2026-07-25T20:29:35.000Z</Time><Position><LatitudeDegrees>58.69241700204544</LatitudeDegrees><LongitudeDegrees>59.46277029108107</LongitudeDegrees></Position></Trackpoint><Trackpoint><Time>2026-07-25T20:29:36.000Z</Time><Position><LatitudeDegrees>58.69241716442023</LatitudeDegrees><LongitudeDegrees>59.4627505653721</LongitudeDegrees></Position></Trackpoint><Trackpoint><Time>2026-07-25T20:29:37.000Z</Time><Position><LatitudeDegrees>58.692416739159576</LatitudeDegrees><LongitudeDegrees>59.462731041471415</LongitudeDegrees></Position></Trackpoint><Trackpoint><Time>2026-07-25T20:29:38.000Z</Time><Position><LatitudeDegrees>58.692415147251374</LatitudeDegrees><LongitudeDegrees>59.4627111688815</LongitudeDegrees></Position></Trackpoint><Trackpoint><Time>2026-07-25T20:29:39.000Z</Time><Position><LatitudeDegrees>58.6924127895872</LatitudeDegrees><LongitudeDegrees>59.46269125525346</LongitudeDegrees></Position></Trackpoint><Trackpoint><Time>2026-07-25T20:29:40.000Z</Time><Position><LatitudeDegrees>58.69240992955119</LatitudeDegrees><LongitudeDegrees>59.462671432555474</LongitudeDegrees></Position></Trackpoint><Trackpoint><Time>2026-07-25T20:29:41.000Z</Time><Position><LatitudeDegrees>58.692407719313614</LatitudeDegrees><LongitudeDegrees>59.46265272268693</LongitudeDegrees></Position></Trackpoint><Trackpoint><Time>2026-07-25T20:29:42.000Z</Time><Position><LatitudeDegrees>58.69240606036535</LatitudeDegrees><LongitudeDegrees>59.46263393483826</LongitudeDegrees></Position></Trackpoint><Trackpoint><Time>2026-07-25T20:29:43.000Z</Time><Position><LatitudeDegrees>58.692404841379904</LatitudeDegrees><LongitudeDegrees>59.46261458860298</LongitudeDegrees></Position></Trackpoint><Trackpoint><Time>2026-07-25T20:29:44.000Z</Time><Position><LatitudeDegrees>58.69240444965138</LatitudeDegrees><LongitudeDegrees>59.46259455780178</LongitudeDegrees></Position></Trackpoint><Trackpoint><Time>2026-07-25T20:29:45.000Z</Time><Position><LatitudeDegrees>58.69240591772446</LatitudeDegrees><LongitudeDegrees>59.4625738783328</LongitudeDegrees></Position></Trackpoint><Trackpoint><Time>2026-07-25T20:29:46.000Z</Time><Position><LatitudeDegrees>58.69240698407966</LatitudeDegrees><LongitudeDegrees>59.462553627456856</LongitudeDegrees></Position></Trackpoint><Trackpoint><Time>2026-07-25T20:29:47.000Z</Time><Position><LatitudeDegrees>58.692407748128964</LatitudeDegrees><LongitudeDegrees>59.46253370420599</LongitudeDegrees></Position></Trackpoint><Trackpoint><Time>2026-07-25T20:29:48.000Z</Time><Position><LatitudeDegrees>58.69240828961405</LatitudeDegrees><LongitudeDegrees>59.46251402494805</LongitudeDegrees></Position></Trackpoint><Trackpoint><Time>2026-07-25T20:29:49.000Z</Time><Position><LatitudeDegrees>58.69240866994098</LatitudeDegrees><LongitudeDegrees>59.4624945239244</LongitudeDegrees></Position></Trackpoint><Trackpoint><Time>2026-07-25T20:29:50.000Z</Time><Position><LatitudeDegrees>58.69240893508322</LatitudeDegrees><LongitudeDegrees>59.46247466156672</LongitudeDegrees></Position></Trackpoint><Trackpoint><Time>2026-07-25T20:29:51.000Z</Time><Position><LatitudeDegrees>58.692409118757965</LatitudeDegrees><LongitudeDegrees>59.46245426203947</LongitudeDegrees></Position></Trackpoint><Trackpoint><Time>2026-07-25T20:29:52.000Z</Time><Position><LatitudeDegrees>58.692408266086055</LatitudeDegrees><LongitudeDegrees>59.46243381148322</LongitudeDegrees></Position></Trackpoint><Trackpoint><Time>2026-07-25T20:29:53.000Z</Time><Position><LatitudeDegrees>58.69240709605119</LatitudeDegrees><LongitudeDegrees>59.46241302704575</LongitudeDegrees></Position></Trackpoint><Trackpoint><Time>2026-07-25T20:29:54.000Z</Time><Position><LatitudeDegrees>58.69240545587726</LatitudeDegrees><LongitudeDegrees>59.46239281431346</LongitudeDegrees></Position></Trackpoint><Trackpoint><Time>2026-07-25T20:29:55.000Z</Time><Position><LatitudeDegrees>58.692403832598224</LatitudeDegrees><LongitudeDegrees>59.462372983248926</LongitudeDegrees></Position></Trackpoint><Trackpoint><Time>2026-07-25T20:29:56.000Z</Time><Position><LatitudeDegrees>58.69240193501186</LatitudeDegrees><LongitudeDegrees>59.4623529169913</LongitudeDegrees></Position></Trackpoint><Trackpoint><Time>2026-07-25T20:29:57.000Z</Time><Position><LatitudeDegrees>58.69239918878768</LatitudeDegrees><LongitudeDegrees>59.46233239168339</LongitudeDegrees></Position></Trackpoint><Trackpoint><Time>2026-07-25T20:29:58.000Z</Time><Position><LatitudeDegrees>58.69239644553988</LatitudeDegrees><LongitudeDegrees>59.462311863662364</LongitudeDegrees></Position></Trackpoint><Trackpoint><Time>2026-07-25T20:29:59.000Z</Time><Position><LatitudeDegrees>58.69239356599892</LatitudeDegrees><LongitudeDegrees>59.4622910316007</LongitudeDegrees></Position></Trackpoint><Trackpoint><Time>2026-07-25T20:30:00.000Z</Time><Position><LatitudeDegrees>58.692390999912625</LatitudeDegrees><LongitudeDegrees>59.46226981042482</LongitudeDegrees></Position></Trackpoint><Trackpoint><Time>2026-07-25T20:30:01.000Z</Time><Position><LatitudeDegrees>58.69239036110256</LatitudeDegrees><LongitudeDegrees>59.46224870465144</LongitudeDegrees></Position></Trackpoint><Trackpoint><Time>2026-07-25T20:30:02.000Z</Time><Position><LatitudeDegrees>58.69238961877818</LatitudeDegrees><LongitudeDegrees>59.46222692802438</LongitudeDegrees></Position></Trackpoint><Trackpoint><Time>2026-07-25T20:30:03.000Z</Time><Position><LatitudeDegrees>58.692388439488745</LatitudeDegrees><LongitudeDegrees>59.46220571167204</LongitudeDegrees></Position></Trackpoint><Trackpoint><Time>2026-07-25T20:30:04.000Z</Time><Position><LatitudeDegrees>58.692387231602545</LatitudeDegrees><LongitudeDegrees>59.462185001093125</LongitudeDegrees></Position></Trackpoint><Trackpoint><Time>2026-07-25T20:30:05.000Z</Time><Position><LatitudeDegrees>58.692386166969605</LatitudeDegrees><LongitudeDegrees>59.46216470892693</LongitudeDegrees></Position></Trackpoint><Trackpoint><Time>2026-07-25T20:30:06.000Z</Time><Position><LatitudeDegrees>58.69238431875593</LatitudeDegrees><LongitudeDegrees>59.46214523510337</LongitudeDegrees></Position></Trackpoint><Trackpoint><Time>2026-07-25T20:30:07.000Z</Time><Position><LatitudeDegrees>58.692382385052994</LatitudeDegrees><LongitudeDegrees>59.46212566007267</LongitudeDegrees></Position></Trackpoint><Trackpoint><Time>2026-07-25T20:30:08.000Z</Time><Position><LatitudeDegrees>58.692379685109344</LatitudeDegrees><LongitudeDegrees>59.46210610773395</LongitudeDegrees></Position></Trackpoint><Trackpoint><Time>2026-07-25T20:30:09.000Z</Time><Position><LatitudeDegrees>58.69237652652527</LatitudeDegrees><LongitudeDegrees>59.462086626200524</LongitudeDegrees></Position></Trackpoint><Trackpoint><Time>2026-07-25T20:30:10.000Z</Time><Position><LatitudeDegrees>58.69237309484665</LatitudeDegrees><LongitudeDegrees>59.46206673658869</LongitudeDegrees></Position></Trackpoint><Trackpoint><Time>2026-07-25T20:30:11.000Z</Time><Position><LatitudeDegrees>58.69236999114934</LatitudeDegrees><LongitudeDegrees>59.46204629405441</LongitudeDegrees></Position></Trackpoint><Trackpoint><Time>2026-07-25T20:30:12.000Z</Time><Position><LatitudeDegrees>58.6923669312699</LatitudeDegrees><LongitudeDegrees>59.46202530991284</LongitudeDegrees></Position></Trackpoint><Trackpoint><Time>2026-07-25T20:30:13.000Z</Time><Position><LatitudeDegrees>58.69236428216702</LatitudeDegrees><LongitudeDegrees>59.4620033687278</LongitudeDegrees></Position></Trackpoint><Trackpoint><Time>2026-07-25T20:30:14.000Z</Time><Position><LatitudeDegrees>58.692361652633345</LatitudeDegrees><LongitudeDegrees>59.46198091185451</LongitudeDegrees></Position></Trackpoint><Trackpoint><Time>2026-07-25T20:30:15.000Z</Time><Position><LatitudeDegrees>58.69235936865559</LatitudeDegrees><LongitudeDegrees>59.46195916646682</LongitudeDegrees></Position></Trackpoint><Trackpoint><Time>2026-07-25T20:30:16.000Z</Time><Position><LatitudeDegrees>58.69235703052375</LatitudeDegrees><LongitudeDegrees>59.46193854663773</LongitudeDegrees></Position></Trackpoint><Trackpoint><Time>2026-07-25T20:30:17.000Z</Time><Position><LatitudeDegrees>58.692355949406384</LatitudeDegrees><LongitudeDegrees>59.46191809921135</LongitudeDegrees></Position></Trackpoint><Trackpoint><Time>2026-07-25T20:30:18.000Z</Time><Position><LatitudeDegrees>58.692355524729265</LatitudeDegrees><LongitudeDegrees>59.46189643029742</LongitudeDegrees></Position></Trackpoint><Trackpoint><Time>2026-07-25T20:30:19.000Z</Time><Position><LatitudeDegrees>58.69235444568156</LatitudeDegrees><LongitudeDegrees>59.46187459145339</LongitudeDegrees></Position></Trackpoint><Trackpoint><Time>2026-07-25T20:30:20.000Z</Time><Position><LatitudeDegrees>58.69235323563636</LatitudeDegrees><LongitudeDegrees>59.46185303755595</LongitudeDegrees></Position></Trackpoint><Trackpoint><Time>2026-07-25T20:30:21.000Z</Time><Position><LatitudeDegrees>58.69235163733888</LatitudeDegrees><LongitudeDegrees>59.46183240897665</LongitudeDegrees></Position></Trackpoint><Trackpoint><Time>2026-07-25T20:30:22.000Z</Time><Position><LatitudeDegrees>58.6923495946746</LatitudeDegrees><LongitudeDegrees>59.46181236106804</LongitudeDegrees></Position></Trackpoint><Trackpoint><Time>2026-07-25T20:30:23.000Z</Time><Position><LatitudeDegrees>58.69234812078875</LatitudeDegrees><LongitudeDegrees>59.46179267736461</LongitudeDegrees></Position></Trackpoint><Trackpoint><Time>2026-07-25T20:30:24.000Z</Time><Position><LatitudeDegrees>58.69234707031583</LatitudeDegrees><LongitudeDegrees>59.461772242752225</LongitudeDegrees></Position></Trackpoint><Trackpoint><Time>2026-07-25T20:30:25.000Z</Time><Position><LatitudeDegrees>58.692346818655714</LatitudeDegrees><LongitudeDegrees>59.46175069436772</LongitudeDegrees></Position></Trackpoint><Trackpoint><Time>2026-07-25T20:30:26.000Z</Time><Position><LatitudeDegrees>58.692345949052296</LatitudeDegrees><LongitudeDegrees>59.461729984165395</LongitudeDegrees></Position></Trackpoint><Trackpoint><Time>2026-07-25T20:30:27.000Z</Time><Position><LatitudeDegrees>58.69234542618213</LatitudeDegrees><LongitudeDegrees>59.461710808445694</LongitudeDegrees></Position></Trackpoint><Trackpoint><Time>2026-07-25T20:30:28.000Z</Time><Position><LatitudeDegrees>58.69234462360725</LatitudeDegrees><LongitudeDegrees>59.46169423624108</LongitudeDegrees></Position></Trackpoint><Trackpoint><Time>2026-07-25T20:30:29.000Z</Time><Position><LatitudeDegrees>58.69234282962867</LatitudeDegrees><LongitudeDegrees>59.4616813528788</LongitudeDegrees></Position></Trackpoint><Trackpoint><Time>2026-07-25T20:30:31.000Z</Time><Position><LatitudeDegrees>58.69234036800081</LatitudeDegrees><LongitudeDegrees>59.46167164226484</LongitudeDegrees></Position></Trackpoint><Trackpoint><Time>2026-07-25T20:30:32.000Z</Time><Position><LatitudeDegrees>58.692337947358915</LatitudeDegrees><LongitudeDegrees>59.46166399502643</LongitudeDegrees></Position></Trackpoint><Trackpoint><Time>2026-07-25T20:30:33.000Z</Time><Position><LatitudeDegrees>58.69233488761692</LatitudeDegrees><LongitudeDegrees>59.46165518521143</LongitudeDegrees></Position></Trackpoint><Trackpoint><Time>2026-07-25T20:30:34.000Z</Time><Position><LatitudeDegrees>58.692334869937106</LatitudeDegrees><LongitudeDegrees>59.4616510566024</LongitudeDegrees></Position></Trackpoint><Trackpoint><Time>2026-07-25T20:30:35.000Z</Time><Position><LatitudeDegrees>58.69233465107329</LatitudeDegrees><LongitudeDegrees>59.46164492308404</LongitudeDegrees></Position></Trackpoint><Trackpoint><Time>2026-07-25T20:30:36.000Z</Time><Position><LatitudeDegrees>58.69233437744603</LatitudeDegrees><LongitudeDegrees>59.461636792662475</LongitudeDegrees></Position></Trackpoint><Trackpoint><Time>2026-07-25T20:30:37.000Z</Time><Position><LatitudeDegrees>58.692333626774385</LatitudeDegrees><LongitudeDegrees>59.46162643532379</LongitudeDegrees></Position></Trackpoint><Trackpoint><Time>2026-07-25T20:30:38.000Z</Time><Position><LatitudeDegrees>58.69233179676628</LatitudeDegrees><LongitudeDegrees>59.46161355255139</LongitudeDegrees></Position></Trackpoint><Trackpoint><Time>2026-07-25T20:30:39.000Z</Time><Position><LatitudeDegrees>58.69232926751959</LatitudeDegrees><LongitudeDegrees>59.4615983455418</LongitudeDegrees></Position></Trackpoint><Trackpoint><Time>2026-07-25T20:30:40.000Z</Time><Position><LatitudeDegrees>58.69232628531749</LatitudeDegrees><LongitudeDegrees>59.46158217468801</LongitudeDegrees></Position></Trackpoint><Trackpoint><Time>2026-07-25T20:30:41.000Z</Time><Position><LatitudeDegrees>58.69232398894499</LatitudeDegrees><LongitudeDegrees>59.4615667031744</LongitudeDegrees></Position></Trackpoint><Trackpoint><Time>2026-07-25T20:30:42.000Z</Time><Position><LatitudeDegrees>58.69232275936655</LatitudeDegrees><LongitudeDegrees>59.46155350541775</LongitudeDegrees></Position></Trackpoint><Trackpoint><Time>2026-07-25T20:30:43.000Z</Time><Position><LatitudeDegrees>58.692322126944006</LatitudeDegrees><LongitudeDegrees>59.461541958760876</LongitudeDegrees></Position></Trackpoint><Trackpoint><Time>2026-07-25T20:30:45.000Z</Time><Position><LatitudeDegrees>58.692320635052894</LatitudeDegrees><LongitudeDegrees>59.46152903681578</LongitudeDegrees></Position></Trackpoint><Trackpoint><Time>2026-07-25T20:30:46.000Z</Time><Position><LatitudeDegrees>58.69231854141029</LatitudeDegrees><LongitudeDegrees>59.46151303012096</LongitudeDegrees></Position></Trackpoint><Trackpoint><Time>2026-07-25T20:30:47.000Z</Time><Position><LatitudeDegrees>58.692319810706124</LatitudeDegrees><LongitudeDegrees>59.461519937805605</LongitudeDegrees></Position></Trackpoint><Trackpoint><Time>2026-07-25T20:30:48.000Z</Time><Position><LatitudeDegrees>58.69231923401698</LatitudeDegrees><LongitudeDegrees>59.461509491395226</LongitudeDegrees></Position></Trackpoint><Trackpoint><Time>2026-07-25T20:30:49.000Z</Time><Position><LatitudeDegrees>58.69231834372806</LatitudeDegrees><LongitudeDegrees>59.46149689319776</LongitudeDegrees></Position></Trackpoint><Trackpoint><Time>2026-07-25T20:30:50.000Z</Time><Position><LatitudeDegrees>58.692317438555534</LatitudeDegrees><LongitudeDegrees>59.46148257772909</LongitudeDegrees></Position></Trackpoint><Trackpoint><Time>2026-07-25T20:30:51.000Z</Time><Position><LatitudeDegrees>58.69231566420972</LatitudeDegrees><LongitudeDegrees>59.46146743395713</LongitudeDegrees></Position></Trackpoint><Trackpoint><Time>2026-07-25T20:30:52.000Z</Time><Position><LatitudeDegrees>58.69231375964397</LatitudeDegrees><LongitudeDegrees>59.461450955078746</LongitudeDegrees></Position></Trackpoint><Trackpoint><Time>2026-07-25T20:30:53.000Z</Time><Position><LatitudeDegrees>58.69231253550806</LatitudeDegrees><LongitudeDegrees>59.46143310373439</LongitudeDegrees></Position></Trackpoint><Trackpoint><Time>2026-07-25T20:30:54.000Z</Time><Position><LatitudeDegrees>58.69231223832245</LatitudeDegrees><LongitudeDegrees>59.46141404069209</LongitudeDegrees></Position></Trackpoint><Trackpoint><Time>2026-07-25T20:30:55.000Z</Time><Position><LatitudeDegrees>58.69231236102921</LatitudeDegrees><LongitudeDegrees>59.46139349807046</LongitudeDegrees></Position></Trackpoint><Trackpoint><Time>2026-07-25T20:30:56.000Z</Time><Position><LatitudeDegrees>58.69231264091242</LatitudeDegrees><LongitudeDegrees>59.461372045059385</LongitudeDegrees></Position></Trackpoint><Trackpoint><Time>2026-07-25T20:30:57.000Z</Time><Position><LatitudeDegrees>58.69231197038231</LatitudeDegrees><LongitudeDegrees>59.46135101213861</LongitudeDegrees></Position></Trackpoint><Trackpoint><Time>2026-07-25T20:30:58.000Z</Time><Position><LatitudeDegrees>58.6923100152806</LatitudeDegrees><LongitudeDegrees>59.461330893326085</LongitudeDegrees></Position></Trackpoint><Trackpoint><Time>2026-07-25T20:30:59.000Z</Time><Position><LatitudeDegrees>58.692308271694415</LatitudeDegrees><LongitudeDegrees>59.461310795529236</LongitudeDegrees></Position></Trackpoint><Trackpoint><Time>2026-07-25T20:31:00.000Z</Time><Position><LatitudeDegrees>58.69230634939341</LatitudeDegrees><LongitudeDegrees>59.46129083785605</LongitudeDegrees></Position></Trackpoint><Trackpoint><Time>2026-07-25T20:31:01.000Z</Time><Position><LatitudeDegrees>58.69230411060549</LatitudeDegrees><LongitudeDegrees>59.46127056176388</LongitudeDegrees></Position></Trackpoint><Trackpoint><Time>2026-07-25T20:31:02.000Z</Time><Position><LatitudeDegrees>58.692302028822745</LatitudeDegrees><LongitudeDegrees>59.46125030888881</LongitudeDegrees></Position></Trackpoint><Trackpoint><Time>2026-07-25T20:31:03.000Z</Time><Position><LatitudeDegrees>58.69230027889363</LatitudeDegrees><LongitudeDegrees>59.46123070655868</LongitudeDegrees></Position></Trackpoint><Trackpoint><Time>2026-07-25T20:31:04.000Z</Time><Position><LatitudeDegrees>58.69229889023366</LatitudeDegrees><LongitudeDegrees>59.461212419242194</LongitudeDegrees></Position></Trackpoint><Trackpoint><Time>2026-07-25T20:31:05.000Z</Time><Position><LatitudeDegrees>58.69229831819939</LatitudeDegrees><LongitudeDegrees>59.46119506219909</LongitudeDegrees></Position></Trackpoint><Trackpoint><Time>2026-07-25T20:31:06.000Z</Time><Position><LatitudeDegrees>58.6922991351198</LatitudeDegrees><LongitudeDegrees>59.46117786797069</LongitudeDegrees></Position></Trackpoint><Trackpoint><Time>2026-07-25T20:31:07.000Z</Time><Position><LatitudeDegrees>58.69230041920755</LatitudeDegrees><LongitudeDegrees>59.461160989205524</LongitudeDegrees></Position></Trackpoint><Trackpoint><Time>2026-07-25T20:31:08.000Z</Time><Position><LatitudeDegrees>58.69230173087968</LatitudeDegrees><LongitudeDegrees>59.46114297944827</LongitudeDegrees></Position></Trackpoint><Trackpoint><Time>2026-07-25T20:31:09.000Z</Time><Position><LatitudeDegrees>58.69230288556084</LatitudeDegrees><LongitudeDegrees>59.46112436738274</LongitudeDegrees></Position></Trackpoint><Trackpoint><Time>2026-07-25T20:31:10.000Z</Time><Position><LatitudeDegrees>58.69230382738631</LatitudeDegrees><LongitudeDegrees>59.46110495843329</LongitudeDegrees></Position></Trackpoint><Trackpoint><Time>2026-07-25T20:31:11.000Z</Time><Position><LatitudeDegrees>58.69230407105822</LatitudeDegrees><LongitudeDegrees>59.461084774746034</LongitudeDegrees></Position></Trackpoint><Trackpoint><Time>2026-07-25T20:31:12.000Z</Time><Position><LatitudeDegrees>58.692303016711044</LatitudeDegrees><LongitudeDegrees>59.461063924877905</LongitudeDegrees></Position></Trackpoint><Trackpoint><Time>2026-07-25T20:31:13.000Z</Time><Position><LatitudeDegrees>58.69230156312019</LatitudeDegrees><LongitudeDegrees>59.461043028650195</LongitudeDegrees></Position></Trackpoint><Trackpoint><Time>2026-07-25T20:31:14.000Z</Time><Position><LatitudeDegrees>58.69230013167366</LatitudeDegrees><LongitudeDegrees>59.461022347276156</LongitudeDegrees></Position></Trackpoint><Trackpoint><Time>2026-07-25T20:31:15.000Z</Time><Position><LatitudeDegrees>58.692298403460285</LatitudeDegrees><LongitudeDegrees>59.46100196075598</LongitudeDegrees></Position></Trackpoint><Trackpoint><Time>2026-07-25T20:31:16.000Z</Time><Position><LatitudeDegrees>58.69229579562075</LatitudeDegrees><LongitudeDegrees>59.4609828434136</LongitudeDegrees></Position></Trackpoint><Trackpoint><Time>2026-07-25T20:31:17.000Z</Time><Position><LatitudeDegrees>58.692293160234094</LatitudeDegrees><LongitudeDegrees>59.4609637647792</LongitudeDegrees></Position></Trackpoint><Trackpoint><Time>2026-07-25T20:31:18.000Z</Time><Position><LatitudeDegrees>58.69229036213988</LatitudeDegrees><LongitudeDegrees>59.460944213136166</LongitudeDegrees></Position></Trackpoint><Trackpoint><Time>2026-07-25T20:31:19.000Z</Time><Position><LatitudeDegrees>58.69228834577904</LatitudeDegrees><LongitudeDegrees>59.460924038452475</LongitudeDegrees></Position></Trackpoint><Trackpoint><Time>2026-07-25T20:31:20.000Z</Time><Position><LatitudeDegrees>58.692286420548314</LatitudeDegrees><LongitudeDegrees>59.46090472773812</LongitudeDegrees></Position></Trackpoint><Trackpoint><Time>2026-07-25T20:31:21.000Z</Time><Position><LatitudeDegrees>58.692283800727225</LatitudeDegrees><LongitudeDegrees>59.460884824061765</LongitudeDegrees></Position></Trackpoint><Trackpoint><Time>2026-07-25T20:31:22.000Z</Time><Position><LatitudeDegrees>58.69228074149011</LatitudeDegrees><LongitudeDegrees>59.460864293126896</LongitudeDegrees></Position></Trackpoint><Trackpoint><Time>2026-07-25T20:31:23.000Z</Time><Position><LatitudeDegrees>58.69227789393528</LatitudeDegrees><LongitudeDegrees>59.46084418053799</LongitudeDegrees></Position></Trackpoint><Trackpoint><Time>2026-07-25T20:31:24.000Z</Time><Position><LatitudeDegrees>58.69227451981638</LatitudeDegrees><LongitudeDegrees>59.46082339438391</LongitudeDegrees></Position></Trackpoint><Trackpoint><Time>2026-07-25T20:31:25.000Z</Time><Position><LatitudeDegrees>58.69227038268265</LatitudeDegrees><LongitudeDegrees>59.460801571430295</LongitudeDegrees></Position></Trackpoint><Trackpoint><Time>2026-07-25T20:31:26.000Z</Time><Position><LatitudeDegrees>58.6922659726982</LatitudeDegrees><LongitudeDegrees>59.46077918476741</LongitudeDegrees></Position></Trackpoint><Trackpoint><Time>2026-07-25T20:31:27.000Z</Time><Position><LatitudeDegrees>58.69226152674894</LatitudeDegrees><LongitudeDegrees>59.460756501580825</LongitudeDegrees></Position></Trackpoint><Trackpoint><Time>2026-07-25T20:31:28.000Z</Time><Position><LatitudeDegrees>58.69225714700841</LatitudeDegrees><LongitudeDegrees>59.46073415957545</LongitudeDegrees></Position></Trackpoint><Trackpoint><Time>2026-07-25T20:31:29.000Z</Time><Position><LatitudeDegrees>58.692254335889146</LatitudeDegrees><LongitudeDegrees>59.46071237758935</LongitudeDegrees></Position></Trackpoint><Trackpoint><Time>2026-07-25T20:31:30.000Z</Time><Position><LatitudeDegrees>58.69225204197271</LatitudeDegrees><LongitudeDegrees>59.46069068425909</LongitudeDegrees></Position></Trackpoint><Trackpoint><Time>2026-07-25T20:31:31.000Z</Time><Position><LatitudeDegrees>58.69224976586773</LatitudeDegrees><LongitudeDegrees>59.46066838447203</LongitudeDegrees></Position></Trackpoint><Trackpoint><Time>2026-07-25T20:31:32.000Z</Time><Position><LatitudeDegrees>58.6922472996221</LatitudeDegrees><LongitudeDegrees>59.46064624901664</LongitudeDegrees></Position></Trackpoint><Trackpoint><Time>2026-07-25T20:31:33.000Z</Time><Position><LatitudeDegrees>58.6922445819985</LatitudeDegrees><LongitudeDegrees>59.46062408462699</LongitudeDegrees></Position></Trackpoint><Trackpoint><Time>2026-07-25T20:31:34.000Z</Time><Position><LatitudeDegrees>58.692241620041315</LatitudeDegrees><LongitudeDegrees>59.460602794644636</LongitudeDegrees></Position></Trackpoint><Trackpoint><Time>2026-07-25T20:31:35.000Z</Time><Position><LatitudeDegrees>58.692238448011516</LatitudeDegrees><LongitudeDegrees>59.46058165964565</LongitudeDegrees></Position></Trackpoint><Trackpoint><Time>2026-07-25T20:31:36.000Z</Time><Position><LatitudeDegrees>58.692236086202655</LatitudeDegrees><LongitudeDegrees>59.46056036345539</LongitudeDegrees></Position></Trackpoint><Trackpoint><Time>2026-07-25T20:31:37.000Z</Time><Position><LatitudeDegrees>58.69223534042562</LatitudeDegrees><LongitudeDegrees>59.460539775772496</LongitudeDegrees></Position></Trackpoint><Trackpoint><Time>2026-07-25T20:31:38.000Z</Time><Position><LatitudeDegrees>58.692235845514354</LatitudeDegrees><LongitudeDegrees>59.460520653442636</LongitudeDegrees></Position></Trackpoint><Trackpoint><Time>2026-07-25T20:31:39.000Z</Time><Position><LatitudeDegrees>58.692238269755805</LatitudeDegrees><LongitudeDegrees>59.460503120084255</LongitudeDegrees></Position></Trackpoint><Trackpoint><Time>2026-07-25T20:31:40.000Z</Time><Position><LatitudeDegrees>58.69224117322062</LatitudeDegrees><LongitudeDegrees>59.46048653305484</LongitudeDegrees></Position></Trackpoint><Trackpoint><Time>2026-07-25T20:31:41.000Z</Time><Position><LatitudeDegrees>58.69224537022215</LatitudeDegrees><LongitudeDegrees>59.46047050623289</LongitudeDegrees></Position></Trackpoint><Trackpoint><Time>2026-07-25T20:31:42.000Z</Time><Position><LatitudeDegrees>58.69225054048768</LatitudeDegrees><LongitudeDegrees>59.46045480869891</LongitudeDegrees></Position></Trackpoint><Trackpoint><Time>2026-07-25T20:31:43.000Z</Time><Position><LatitudeDegrees>58.69225642720126</LatitudeDegrees><LongitudeDegrees>59.460439303088954</LongitudeDegrees></Position></Trackpoint><Trackpoint><Time>2026-07-25T20:31:44.000Z</Time><Position><LatitudeDegrees>58.69226332225312</LatitudeDegrees><LongitudeDegrees>59.46042341858817</LongitudeDegrees></Position></Trackpoint><Trackpoint><Time>2026-07-25T20:31:45.000Z</Time><Position><LatitudeDegrees>58.69227072682408</LatitudeDegrees><LongitudeDegrees>59.46040696874604</LongitudeDegrees></Position></Trackpoint><Trackpoint><Time>2026-07-25T20:31:46.000Z</Time><Position><LatitudeDegrees>58.692277880477135</LatitudeDegrees><LongitudeDegrees>59.46038945972612</LongitudeDegrees></Position></Trackpoint><Trackpoint><Time>2026-07-25T20:31:47.000Z</Time><Position><LatitudeDegrees>58.6922840126333</LatitudeDegrees><LongitudeDegrees>59.460372292925804</LongitudeDegrees></Position></Trackpoint><Trackpoint><Time>2026-07-25T20:31:48.000Z</Time><Position><LatitudeDegrees>58.69228991627126</LatitudeDegrees><LongitudeDegrees>59.46035551195329</LongitudeDegrees></Position></Trackpoint><Trackpoint><Time>2026-07-25T20:31:49.000Z</Time><Position><LatitudeDegrees>58.69229594729604</LatitudeDegrees><LongitudeDegrees>59.46033957485809</LongitudeDegrees></Position></Trackpoint><Trackpoint><Time>2026-07-25T20:31:50.000Z</Time><Position><LatitudeDegrees>58.69230272554192</LatitudeDegrees><LongitudeDegrees>59.46032309313804</LongitudeDegrees></Position></Trackpoint><Trackpoint><Time>2026-07-25T20:31:51.000Z</Time><Position><LatitudeDegrees>58.692309431151386</LatitudeDegrees><LongitudeDegrees>59.46030654408465</LongitudeDegrees></Position></Trackpoint><Trackpoint><Time>2026-07-25T20:31:52.000Z</Time><Position><LatitudeDegrees>58.69231573580255</LatitudeDegrees><LongitudeDegrees>59.460290622515245</LongitudeDegrees></Position></Trackpoint><Trackpoint><Time>2026-07-25T20:31:53.000Z</Time><Position><LatitudeDegrees>58.69232204535452</LatitudeDegrees><LongitudeDegrees>59.46027651326337</LongitudeDegrees></Position></Trackpoint><Trackpoint><Time>2026-07-25T20:31:54.000Z</Time><Position><LatitudeDegrees>58.69232852632461</LatitudeDegrees><LongitudeDegrees>59.460263492453564</LongitudeDegrees></Position></Trackpoint><Trackpoint><Time>2026-07-25T20:31:55.000Z</Time><Position><LatitudeDegrees>58.69233522528892</LatitudeDegrees><LongitudeDegrees>59.46025161188048</LongitudeDegrees></Position></Trackpoint><Trackpoint><Time>2026-07-25T20:31:56.000Z</Time><Position><LatitudeDegrees>58.69234213344984</LatitudeDegrees><LongitudeDegrees>59.460240746527234</LongitudeDegrees></Position></Trackpoint><Trackpoint><Time>2026-07-25T20:31:57.000Z</Time><Position><LatitudeDegrees>58.692349220334144</LatitudeDegrees><LongitudeDegrees>59.46022973538453</LongitudeDegrees></Position></Trackpoint><Trackpoint><Time>2026-07-25T20:31:58.000Z</Time><Position><LatitudeDegrees>58.692356940063675</LatitudeDegrees><LongitudeDegrees>59.46021958785375</LongitudeDegrees></Position></Trackpoint><Trackpoint><Time>2026-07-25T20:31:59.000Z</Time><Position><LatitudeDegrees>58.69236588804686</LatitudeDegrees><LongitudeDegrees>59.46021011918613</LongitudeDegrees></Position></Trackpoint><Trackpoint><Time>2026-07-25T20:32:00.000Z</Time><Position><LatitudeDegrees>58.69237615184823</LatitudeDegrees><LongitudeDegrees>59.460198718111826</LongitudeDegrees></Position></Trackpoint><Trackpoint><Time>2026-07-25T20:32:01.000Z</Time><Position><LatitudeDegrees>58.692386619425285</LatitudeDegrees><LongitudeDegrees>59.46018651568677</LongitudeDegrees></Position></Trackpoint><Trackpoint><Time>2026-07-25T20:32:02.000Z</Time><Position><LatitudeDegrees>58.69239680664753</LatitudeDegrees><LongitudeDegrees>59.46017505979092</LongitudeDegrees></Position></Trackpoint><Trackpoint><Time>2026-07-25T20:32:03.000Z</Time><Position><LatitudeDegrees>58.69240703972762</LatitudeDegrees><LongitudeDegrees>59.46016440246635</LongitudeDegrees></Position></Trackpoint><Trackpoint><Time>2026-07-25T20:32:04.000Z</Time><Position><LatitudeDegrees>58.69241744712502</LatitudeDegrees><LongitudeDegrees>59.46015495226091</LongitudeDegrees></Position></Trackpoint><Trackpoint><Time>2026-07-25T20:32:05.000Z</Time><Position><LatitudeDegrees>58.69242805937025</LatitudeDegrees><LongitudeDegrees>59.46014378483261</LongitudeDegrees></Position></Trackpoint><Trackpoint><Time>2026-07-25T20:32:06.000Z</Time><Position><LatitudeDegrees>58.69243837313428</LatitudeDegrees><LongitudeDegrees>59.46013138507471</LongitudeDegrees></Position></Trackpoint><Trackpoint><Time>2026-07-25T20:32:07.000Z</Time><Position><LatitudeDegrees>58.69244772982842</LatitudeDegrees><LongitudeDegrees>59.46011860046069</LongitudeDegrees></Position></Trackpoint><Trackpoint><Time>2026-07-25T20:32:08.000Z</Time><Position><LatitudeDegrees>58.69245549145174</LatitudeDegrees><LongitudeDegrees>59.46010533979346</LongitudeDegrees></Position></Trackpoint><Trackpoint><Time>2026-07-25T20:32:09.000Z</Time><Position><LatitudeDegrees>58.69246208958972</LatitudeDegrees><LongitudeDegrees>59.46009211622635</LongitudeDegrees></Position></Trackpoint><Trackpoint><Time>2026-07-25T20:32:10.000Z</Time><Position><LatitudeDegrees>58.69246834092585</LatitudeDegrees><LongitudeDegrees>59.46008060516313</LongitudeDegrees></Position></Trackpoint><Trackpoint><Time>2026-07-25T20:32:11.000Z</Time><Position><LatitudeDegrees>58.69247413669851</LatitudeDegrees><LongitudeDegrees>59.460069807961794</LongitudeDegrees></Position></Trackpoint><Trackpoint><Time>2026-07-25T20:32:12.000Z</Time><Position><LatitudeDegrees>58.692480469808146</LatitudeDegrees><LongitudeDegrees>59.46005922172518</LongitudeDegrees></Position></Trackpoint><Trackpoint><Time>2026-07-25T20:32:13.000Z</Time><Position><LatitudeDegrees>58.69248719058727</LatitudeDegrees><LongitudeDegrees>59.46004861226646</LongitudeDegrees></Position></Trackpoint><Trackpoint><Time>2026-07-25T20:32:14.000Z</Time><Position><LatitudeDegrees>58.69249467725165</LatitudeDegrees><LongitudeDegrees>59.46003837573083</LongitudeDegrees></Position></Trackpoint><Trackpoint><Time>2026-07-25T20:32:15.000Z</Time><Position><LatitudeDegrees>58.69250249765232</LatitudeDegrees><LongitudeDegrees>59.46002813778936</LongitudeDegrees></Position></Trackpoint><Trackpoint><Time>2026-07-25T20:32:16.000Z</Time><Position><LatitudeDegrees>58.69251043098137</LatitudeDegrees><LongitudeDegrees>59.460017254850726</LongitudeDegrees></Position></Trackpoint><Trackpoint><Time>2026-07-25T20:32:17.000Z</Time><Position><LatitudeDegrees>58.69251837180856</LatitudeDegrees><LongitudeDegrees>59.46000652386821</LongitudeDegrees></Position></Trackpoint><Trackpoint><Time>2026-07-25T20:32:18.000Z</Time><Position><LatitudeDegrees>58.692526275751824</LatitudeDegrees><LongitudeDegrees>59.459995763939794</LongitudeDegrees></Position></Trackpoint><Trackpoint><Time>2026-07-25T20:32:19.000Z</Time><Position><LatitudeDegrees>58.692534129267145</LatitudeDegrees><LongitudeDegrees>59.45998490427916</LongitudeDegrees></Position></Trackpoint><Trackpoint><Time>2026-07-25T20:32:20.000Z</Time><Position><LatitudeDegrees>58.69254193324899</LatitudeDegrees><LongitudeDegrees>59.45997441814524</LongitudeDegrees></Position></Trackpoint><Trackpoint><Time>2026-07-25T20:32:21.000Z</Time><Position><LatitudeDegrees>58.69254969442328</LatitudeDegrees><LongitudeDegrees>59.45996396288963</LongitudeDegrees></Position></Trackpoint><Trackpoint><Time>2026-07-25T20:32:22.000Z</Time><Position><LatitudeDegrees>58.69255693144364</LatitudeDegrees><LongitudeDegrees>59.459953393435114</LongitudeDegrees></Position></Trackpoint><Trackpoint><Time>2026-07-25T20:32:23.000Z</Time><Position><LatitudeDegrees>58.692563513349945</LatitudeDegrees><LongitudeDegrees>59.45994413352316</LongitudeDegrees></Position></Trackpoint><Trackpoint><Time>2026-07-25T20:32:24.000Z</Time><Position><LatitudeDegrees>58.692568980680726</LatitudeDegrees><LongitudeDegrees>59.45993464297771</LongitudeDegrees></Position></Trackpoint><Trackpoint><Time>2026-07-25T20:32:25.000Z</Time><Position><LatitudeDegrees>58.69257377687913</LatitudeDegrees><LongitudeDegrees>59.45992382749374</LongitudeDegrees></Position></Trackpoint><Trackpoint><Time>2026-07-25T20:32:26.000Z</Time><Position><LatitudeDegrees>58.69257817070866</LatitudeDegrees><LongitudeDegrees>59.459910427232565</LongitudeDegrees></Position></Trackpoint><Trackpoint><Time>2026-07-25T20:32:27.000Z</Time><Position><LatitudeDegrees>58.69258281410913</LatitudeDegrees><LongitudeDegrees>59.45989523432409</LongitudeDegrees></Position></Trackpoint><Trackpoint><Time>2026-07-25T20:32:28.000Z</Time><Position><LatitudeDegrees>58.69258794353906</LatitudeDegrees><LongitudeDegrees>59.45987831546675</LongitudeDegrees></Position></Trackpoint><Trackpoint><Time>2026-07-25T20:32:29.000Z</Time><Position><LatitudeDegrees>58.69259310438818</LatitudeDegrees><LongitudeDegrees>59.45986089887338</LongitudeDegrees></Position></Trackpoint><Trackpoint><Time>2026-07-25T20:32:30.000Z</Time><Position><LatitudeDegrees>58.692599084621456</LatitudeDegrees><LongitudeDegrees>59.45984208541476</LongitudeDegrees></Position></Trackpoint><Trackpoint><Time>2026-07-25T20:32:31.000Z</Time><Position><LatitudeDegrees>58.692606593193034</LatitudeDegrees><LongitudeDegrees>59.4598226633063</LongitudeDegrees></Position></Trackpoint><Trackpoint><Time>2026-07-25T20:32:32.000Z</Time><Position><LatitudeDegrees>58.69261523630336</LatitudeDegrees><LongitudeDegrees>59.45980352489127</LongitudeDegrees></Position></Trackpoint><Trackpoint><Time>2026-07-25T20:32:33.000Z</Time><Position><LatitudeDegrees>58.69262519576692</LatitudeDegrees><LongitudeDegrees>59.45978598047602</LongitudeDegrees></Position></Trackpoint><Trackpoint><Time>2026-07-25T20:32:34.000Z</Time><Position><LatitudeDegrees>58.69263588789843</LatitudeDegrees><LongitudeDegrees>59.459771833932784</LongitudeDegrees></Position></Trackpoint><Trackpoint><Time>2026-07-25T20:32:35.000Z</Time><Position><LatitudeDegrees>58.69264648866938</LatitudeDegrees><LongitudeDegrees>59.45976041282334</LongitudeDegrees></Position></Trackpoint><Trackpoint><Time>2026-07-25T20:32:36.000Z</Time><Position><LatitudeDegrees>58.69265618083272</LatitudeDegrees><LongitudeDegrees>59.459749621578055</LongitudeDegrees></Position></Trackpoint><Trackpoint><Time>2026-07-25T20:32:37.000Z</Time><Position><LatitudeDegrees>58.69266474443727</LatitudeDegrees><LongitudeDegrees>59.45973802671873</LongitudeDegrees></Position></Trackpoint><Trackpoint><Time>2026-07-25T20:32:38.000Z</Time><Position><LatitudeDegrees>58.69267321296986</LatitudeDegrees><LongitudeDegrees>59.459726120255134</LongitudeDegrees></Position></Trackpoint><Trackpoint><Time>2026-07-25T20:32:39.000Z</Time><Position><LatitudeDegrees>58.69268251386778</LatitudeDegrees><LongitudeDegrees>59.45971267597537</LongitudeDegrees></Position></Trackpoint><Trackpoint><Time>2026-07-25T20:32:40.000Z</Time><Position><LatitudeDegrees>58.692692432637195</LatitudeDegrees><LongitudeDegrees>59.459698365482105</LongitudeDegrees></Position></Trackpoint><Trackpoint><Time>2026-07-25T20:32:41.000Z</Time><Position><LatitudeDegrees>58.692702312028885</LatitudeDegrees><LongitudeDegrees>59.459683576540904</LongitudeDegrees></Position></Trackpoint><Trackpoint><Time>2026-07-25T20:32:42.000Z</Time><Position><LatitudeDegrees>58.692712376030414</LatitudeDegrees><LongitudeDegrees>59.459668530254625</LongitudeDegrees></Position></Trackpoint><Trackpoint><Time>2026-07-25T20:32:43.000Z</Time><Position><LatitudeDegrees>58.69272318280355</LatitudeDegrees><LongitudeDegrees>59.45965335071065</LongitudeDegrees></Position></Trackpoint><Trackpoint><Time>2026-07-25T20:32:44.000Z</Time><Position><LatitudeDegrees>58.69273388766306</LatitudeDegrees><LongitudeDegrees>59.459638106115726</LongitudeDegrees></Position></Trackpoint><Trackpoint><Time>2026-07-25T20:32:45.000Z</Time><Position><LatitudeDegrees>58.692744155819874</LatitudeDegrees><LongitudeDegrees>59.459622832908856</LongitudeDegrees></Position></Trackpoint><Trackpoint><Time>2026-07-25T20:32:46.000Z</Time><Position><LatitudeDegrees>58.69275341583619</LatitudeDegrees><LongitudeDegrees>59.4596065705479</LongitudeDegrees></Position></Trackpoint><Trackpoint><Time>2026-07-25T20:32:47.000Z</Time><Position><LatitudeDegrees>58.692762540989406</LatitudeDegrees><LongitudeDegrees>59.459590029627236</LongitudeDegrees></Position></Trackpoint><Trackpoint><Time>2026-07-25T20:32:48.000Z</Time><Position><LatitudeDegrees>58.69277141862314</LatitudeDegrees><LongitudeDegrees>59.459574028156666</LongitudeDegrees></Position></Trackpoint><Trackpoint><Time>2026-07-25T20:32:49.000Z</Time><Position><LatitudeDegrees>58.692780523721105</LatitudeDegrees><LongitudeDegrees>59.459558833782296</LongitudeDegrees></Position></Trackpoint><Trackpoint><Time>2026-07-25T20:32:50.000Z</Time><Position><LatitudeDegrees>58.69279002270274</LatitudeDegrees><LongitudeDegrees>59.45954396352953</LongitudeDegrees></Position></Trackpoint><Trackpoint><Time>2026-07-25T20:32:51.000Z</Time><Position><LatitudeDegrees>58.69279993355075</LatitudeDegrees><LongitudeDegrees>59.45952917689281</LongitudeDegrees></Position></Trackpoint><Trackpoint><Time>2026-07-25T20:32:52.000Z</Time><Position><LatitudeDegrees>58.692809231587354</LatitudeDegrees><LongitudeDegrees>59.459514364091916</LongitudeDegrees></Position></Trackpoint><Trackpoint><Time>2026-07-25T20:32:53.000Z</Time><Position><LatitudeDegrees>58.69281953191196</LatitudeDegrees><LongitudeDegrees>59.459499483273845</LongitudeDegrees></Position></Trackpoint><Trackpoint><Time>2026-07-25T20:32:54.000Z</Time><Position><LatitudeDegrees>58.69283039181297</LatitudeDegrees><LongitudeDegrees>59.45948452593203</LongitudeDegrees></Position></Trackpoint><Trackpoint><Time>2026-07-25T20:32:55.000Z</Time><Position><LatitudeDegrees>58.69284057792497</LatitudeDegrees><LongitudeDegrees>59.45946949838488</LongitudeDegrees></Position></Trackpoint><Trackpoint><Time>2026-07-25T20:32:56.000Z</Time><Position><LatitudeDegrees>58.69285015839737</LatitudeDegrees><LongitudeDegrees>59.4594549018559</LongitudeDegrees></Position></Trackpoint><Trackpoint><Time>2026-07-25T20:32:57.000Z</Time><Position><LatitudeDegrees>58.692859239029296</LatitudeDegrees><LongitudeDegrees>59.459439908223885</LongitudeDegrees></Position></Trackpoint><Trackpoint><Time>2026-07-25T20:32:58.000Z</Time><Position><LatitudeDegrees>58.692867437935504</LatitudeDegrees><LongitudeDegrees>59.45942520662971</LongitudeDegrees></Position></Trackpoint><Trackpoint><Time>2026-07-25T20:32:59.000Z</Time><Position><LatitudeDegrees>58.6928752006217</LatitudeDegrees><LongitudeDegrees>59.459410553791336</LongitudeDegrees></Position></Trackpoint><Trackpoint><Time>2026-07-25T20:33:00.000Z</Time><Position><LatitudeDegrees>58.69288276655016</LatitudeDegrees><LongitudeDegrees>59.45939486403813</LongitudeDegrees></Position></Trackpoint><Trackpoint><Time>2026-07-25T20:33:01.000Z</Time><Position><LatitudeDegrees>58.69289025959301</LatitudeDegrees><LongitudeDegrees>59.459376844119944</LongitudeDegrees></Position></Trackpoint><Trackpoint><Time>2026-07-25T20:33:02.000Z</Time><Position><LatitudeDegrees>58.69289822973027</LatitudeDegrees><LongitudeDegrees>59.459356750116996</LongitudeDegrees></Position></Trackpoint><Trackpoint><Time>2026-07-25T20:33:03.000Z</Time><Position><LatitudeDegrees>58.692905863006494</LatitudeDegrees><LongitudeDegrees>59.45933642252916</LongitudeDegrees></Position></Trackpoint><Trackpoint><Time>2026-07-25T20:33:04.000Z</Time><Position><LatitudeDegrees>58.6929133570539</LatitudeDegrees><LongitudeDegrees>59.45931762853717</LongitudeDegrees></Position></Trackpoint><Trackpoint><Time>2026-07-25T20:33:05.000Z</Time><Position><LatitudeDegrees>58.69292130074445</LatitudeDegrees><LongitudeDegrees>59.45930138870089</LongitudeDegrees></Position></Trackpoint><Trackpoint><Time>2026-07-25T20:33:06.000Z</Time><Position><LatitudeDegrees>58.69292987888424</LatitudeDegrees><LongitudeDegrees>59.45928730588826</LongitudeDegrees></Position></Trackpoint><Trackpoint><Time>2026-07-25T20:33:07.000Z</Time><Position><LatitudeDegrees>58.692939086151995</LatitudeDegrees><LongitudeDegrees>59.45927493969635</LongitudeDegrees></Position></Trackpoint><Trackpoint><Time>2026-07-25T20:33:08.000Z</Time><Position><LatitudeDegrees>58.69294981882984</LatitudeDegrees><LongitudeDegrees>59.45926388842687</LongitudeDegrees></Position></Trackpoint><Trackpoint><Time>2026-07-25T20:33:09.000Z</Time><Position><LatitudeDegrees>58.69296176064194</LatitudeDegrees><LongitudeDegrees>59.45925430748938</LongitudeDegrees></Position></Trackpoint><Trackpoint><Time>2026-07-25T20:33:10.000Z</Time><Position><LatitudeDegrees>58.69297413653421</LatitudeDegrees><LongitudeDegrees>59.4592450929506</LongitudeDegrees></Position></Trackpoint><Trackpoint><Time>2026-07-25T20:33:11.000Z</Time><Position><LatitudeDegrees>58.69298706121061</LatitudeDegrees><LongitudeDegrees>59.459235743147275</LongitudeDegrees></Position></Trackpoint><Trackpoint><Time>2026-07-25T20:33:12.000Z</Time><Position><LatitudeDegrees>58.69300002186382</LatitudeDegrees><LongitudeDegrees>59.459226068838746</LongitudeDegrees></Position></Trackpoint><Trackpoint><Time>2026-07-25T20:33:13.000Z</Time><Position><LatitudeDegrees>58.69301329229573</LatitudeDegrees><LongitudeDegrees>59.45921701296039</LongitudeDegrees></Position></Trackpoint><Trackpoint><Time>2026-07-25T20:33:14.000Z</Time><Position><LatitudeDegrees>58.69302694550748</LatitudeDegrees><LongitudeDegrees>59.45920937408047</LongitudeDegrees></Position></Trackpoint><Trackpoint><Time>2026-07-25T20:33:15.000Z</Time><Position><LatitudeDegrees>58.693040472823526</LatitudeDegrees><LongitudeDegrees>59.4592023199852</LongitudeDegrees></Position></Trackpoint><Trackpoint><Time>2026-07-25T20:33:16.000Z</Time><Position><LatitudeDegrees>58.693053191302226</LatitudeDegrees><LongitudeDegrees>59.45919445366373</LongitudeDegrees></Position></Trackpoint><Trackpoint><Time>2026-07-25T20:33:17.000Z</Time><Position><LatitudeDegrees>58.693065902719724</LatitudeDegrees><LongitudeDegrees>59.45918677286024</LongitudeDegrees></Position></Trackpoint><Trackpoint><Time>2026-07-25T20:33:18.000Z</Time><Position><LatitudeDegrees>58.69307844856985</LatitudeDegrees><LongitudeDegrees>59.45917917505752</LongitudeDegrees></Position></Trackpoint><Trackpoint><Time>2026-07-25T20:33:19.000Z</Time><Position><LatitudeDegrees>58.6930907848248</LatitudeDegrees><LongitudeDegrees>59.4591711177719</LongitudeDegrees></Position></Trackpoint><Trackpoint><Time>2026-07-25T20:33:20.000Z</Time><Position><LatitudeDegrees>58.69310194103243</LatitudeDegrees><LongitudeDegrees>59.45916096773259</LongitudeDegrees></Position></Trackpoint><Trackpoint><Time>2026-07-25T20:33:21.000Z</Time><Position><LatitudeDegrees>58.69311264820673</LatitudeDegrees><LongitudeDegrees>59.459148810516616</LongitudeDegrees></Position></Trackpoint><Trackpoint><Time>2026-07-25T20:33:22.000Z</Time><Position><LatitudeDegrees>58.69312277542575</LatitudeDegrees><LongitudeDegrees>59.45913542859614</LongitudeDegrees></Position></Trackpoint><Trackpoint><Time>2026-07-25T20:33:23.000Z</Time><Position><LatitudeDegrees>58.69313234320785</LatitudeDegrees><LongitudeDegrees>59.459121301408274</LongitudeDegrees></Position></Trackpoint><Trackpoint><Time>2026-07-25T20:33:24.000Z</Time><Position><LatitudeDegrees>58.69314143180607</LatitudeDegrees><LongitudeDegrees>59.45910721166576</LongitudeDegrees></Position></Trackpoint><Trackpoint><Time>2026-07-25T20:33:25.000Z</Time><Position><LatitudeDegrees>58.6931501357738</LatitudeDegrees><LongitudeDegrees>59.45909347690976</LongitudeDegrees></Position></Trackpoint><Trackpoint><Time>2026-07-25T20:33:26.000Z</Time><Position><LatitudeDegrees>58.69315854341802</LatitudeDegrees><LongitudeDegrees>59.45907871352046</LongitudeDegrees></Position></Trackpoint><Trackpoint><Time>2026-07-25T20:33:27.000Z</Time><Position><LatitudeDegrees>58.69316672913918</LatitudeDegrees><LongitudeDegrees>59.45906297331125</LongitudeDegrees></Position></Trackpoint><Trackpoint><Time>2026-07-25T20:33:28.000Z</Time><Position><LatitudeDegrees>58.69317524167195</LatitudeDegrees><LongitudeDegrees>59.45904689260456</LongitudeDegrees></Position></Trackpoint><Trackpoint><Time>2026-07-25T20:33:29.000Z</Time><Position><LatitudeDegrees>58.69318377544719</LatitudeDegrees><LongitudeDegrees>59.459031266772165</LongitudeDegrees></Position></Trackpoint><Trackpoint><Time>2026-07-25T20:33:30.000Z</Time><Position><LatitudeDegrees>58.69319269150551</LatitudeDegrees><LongitudeDegrees>59.459016364992245</LongitudeDegrees></Position></Trackpoint><Trackpoint><Time>2026-07-25T20:33:31.000Z</Time><Position><LatitudeDegrees>58.6932015998594</LatitudeDegrees><LongitudeDegrees>59.45900269480094</LongitudeDegrees></Position></Trackpoint><Trackpoint><Time>2026-07-25T20:33:32.000Z</Time><Position><LatitudeDegrees>58.69321034088785</LatitudeDegrees><LongitudeDegrees>59.45898981753539</LongitudeDegrees></Position></Trackpoint><Trackpoint><Time>2026-07-25T20:33:33.000Z</Time><Position><LatitudeDegrees>58.69321887032958</LatitudeDegrees><LongitudeDegrees>59.45897745076879</LongitudeDegrees></Position></Trackpoint><Trackpoint><Time>2026-07-25T20:33:34.000Z</Time><Position><LatitudeDegrees>58.69322768672376</LatitudeDegrees><LongitudeDegrees>59.4589654126666</LongitudeDegrees></Position></Trackpoint><Trackpoint><Time>2026-07-25T20:33:35.000Z</Time><Position><LatitudeDegrees>58.69323695855554</LatitudeDegrees><LongitudeDegrees>59.45895358615971</LongitudeDegrees></Position></Trackpoint><Trackpoint><Time>2026-07-25T20:33:36.000Z</Time><Position><LatitudeDegrees>58.693246207147375</LatitudeDegrees><LongitudeDegrees>59.45894091665597</LongitudeDegrees></Position></Trackpoint><Trackpoint><Time>2026-07-25T20:33:37.000Z</Time><Position><LatitudeDegrees>58.69325572795733</LatitudeDegrees><LongitudeDegrees>59.45892756764717</LongitudeDegrees></Position></Trackpoint><Trackpoint><Time>2026-07-25T20:33:38.000Z</Time><Position><LatitudeDegrees>58.69326560772609</LatitudeDegrees><LongitudeDegrees>59.45891369367813</LongitudeDegrees></Position></Trackpoint><Trackpoint><Time>2026-07-25T20:33:39.000Z</Time><Position><LatitudeDegrees>58.693275346493934</LatitudeDegrees><LongitudeDegrees>59.45889991538401</LongitudeDegrees></Position></Trackpoint><Trackpoint><Time>2026-07-25T20:33:40.000Z</Time><Position><LatitudeDegrees>58.69328475645803</LatitudeDegrees><LongitudeDegrees>59.45888696569397</LongitudeDegrees></Position></Trackpoint><Trackpoint><Time>2026-07-25T20:33:41.000Z</Time><Position><LatitudeDegrees>58.69329429208698</LatitudeDegrees><LongitudeDegrees>59.458874550491984</LongitudeDegrees></Position></Trackpoint><Trackpoint><Time>2026-07-25T20:33:42.000Z</Time><Position><LatitudeDegrees>58.69330363480661</LatitudeDegrees><LongitudeDegrees>59.4588619904399</LongitudeDegrees></Position></Trackpoint><Trackpoint><Time>2026-07-25T20:33:43.000Z</Time><Position><LatitudeDegrees>58.69331267817707</LatitudeDegrees><LongitudeDegrees>59.458849513965525</LongitudeDegrees></Position></Trackpoint><Trackpoint><Time>2026-07-25T20:33:44.000Z</Time><Position><LatitudeDegrees>58.69332141678389</LatitudeDegrees><LongitudeDegrees>59.458836714805365</LongitudeDegrees></Position></Trackpoint><Trackpoint><Time>2026-07-25T20:33:45.000Z</Time><Position><LatitudeDegrees>58.69333037712377</LatitudeDegrees><LongitudeDegrees>59.45882346706279</LongitudeDegrees></Position></Trackpoint><Trackpoint><Time>2026-07-25T20:33:46.000Z</Time><Position><LatitudeDegrees>58.69333974756653</LatitudeDegrees><LongitudeDegrees>59.45880977646425</LongitudeDegrees></Position></Trackpoint><Trackpoint><Time>2026-07-25T20:33:47.000Z</Time><Position><LatitudeDegrees>58.693348573831805</LatitudeDegrees><LongitudeDegrees>59.458796681429206</LongitudeDegrees></Position></Trackpoint><Trackpoint><Time>2026-07-25T20:33:49.000Z</Time><Position><LatitudeDegrees>58.69335604314885</LatitudeDegrees><LongitudeDegrees>59.45878453317376</LongitudeDegrees></Position></Trackpoint><Trackpoint><Time>2026-07-25T20:33:50.000Z</Time><Position><LatitudeDegrees>58.69336248456446</LatitudeDegrees><LongitudeDegrees>59.45877286521207</LongitudeDegrees></Position></Trackpoint><Trackpoint><Time>2026-07-25T20:33:51.000Z</Time><Position><LatitudeDegrees>58.69336914474189</LatitudeDegrees><LongitudeDegrees>59.458760934174094</LongitudeDegrees></Position></Trackpoint><Trackpoint><Time>2026-07-25T20:33:52.000Z</Time><Position><LatitudeDegrees>58.69337601941027</LatitudeDegrees><LongitudeDegrees>59.45874895729135</LongitudeDegrees></Position></Trackpoint><Trackpoint><Time>2026-07-25T20:33:53.000Z</Time><Position><LatitudeDegrees>58.693383079281155</LatitudeDegrees><LongitudeDegrees>59.458737029911106</LongitudeDegrees></Position></Trackpoint><Trackpoint><Time>2026-07-25T20:33:54.000Z</Time><Position><LatitudeDegrees>58.693390288522096</LatitudeDegrees><LongitudeDegrees>59.458724695336365</LongitudeDegrees></Position></Trackpoint><Trackpoint><Time>2026-07-25T20:33:55.000Z</Time><Position><LatitudeDegrees>58.69339859242592</LatitudeDegrees><LongitudeDegrees>59.45871230735749</LongitudeDegrees></Position></Trackpoint><Trackpoint><Time>2026-07-25T20:33:56.000Z</Time><Position><LatitudeDegrees>58.69340726057618</LatitudeDegrees><LongitudeDegrees>59.45869952892087</LongitudeDegrees></Position></Trackpoint><Trackpoint><Time>2026-07-25T20:33:57.000Z</Time><Position><LatitudeDegrees>58.69341594541254</LatitudeDegrees><LongitudeDegrees>59.45868676094186</LongitudeDegrees></Position></Trackpoint><Trackpoint><Time>2026-07-25T20:33:58.000Z</Time><Position><LatitudeDegrees>58.69342499126706</LatitudeDegrees><LongitudeDegrees>59.458673187967335</LongitudeDegrees></Position></Trackpoint><Trackpoint><Time>2026-07-25T20:33:59.000Z</Time><Position><LatitudeDegrees>58.69343449361101</LatitudeDegrees><LongitudeDegrees>59.458658577486446</LongitudeDegrees></Position></Trackpoint><Trackpoint><Time>2026-07-25T20:34:00.000Z</Time><Position><LatitudeDegrees>58.693443943562315</LatitudeDegrees><LongitudeDegrees>59.45864345651646</LongitudeDegrees></Position></Trackpoint><Trackpoint><Time>2026-07-25T20:34:01.000Z</Time><Position><LatitudeDegrees>58.693452648660255</LatitudeDegrees><LongitudeDegrees>59.458628597231794</LongitudeDegrees></Position></Trackpoint><Trackpoint><Time>2026-07-25T20:34:02.000Z</Time><Position><LatitudeDegrees>58.69346139854845</LatitudeDegrees><LongitudeDegrees>59.45861477366333</LongitudeDegrees></Position></Trackpoint><Trackpoint><Time>2026-07-25T20:34:03.000Z</Time><Position><LatitudeDegrees>58.693471002290345</LatitudeDegrees><LongitudeDegrees>59.45860168203955</LongitudeDegrees></Position></Trackpoint><Trackpoint><Time>2026-07-25T20:34:04.000Z</Time><Position><LatitudeDegrees>58.693481193883784</LatitudeDegrees><LongitudeDegrees>59.458588613702624</LongitudeDegrees></Position></Trackpoint><Trackpoint><Time>2026-07-25T20:34:05.000Z</Time><Position><LatitudeDegrees>58.69349178833037</LatitudeDegrees><LongitudeDegrees>59.45857576342541</LongitudeDegrees></Position></Trackpoint><Trackpoint><Time>2026-07-25T20:34:06.000Z</Time><Position><LatitudeDegrees>58.69350216812536</LatitudeDegrees><LongitudeDegrees>59.458562693823595</LongitudeDegrees></Position></Trackpoint><Trackpoint><Time>2026-07-25T20:34:07.000Z</Time><Position><LatitudeDegrees>58.69351259612056</LatitudeDegrees><LongitudeDegrees>59.458549252917734</LongitudeDegrees></Position></Trackpoint><Trackpoint><Time>2026-07-25T20:34:08.000Z</Time><Position><LatitudeDegrees>58.69352317438067</LatitudeDegrees><LongitudeDegrees>59.45853542577393</LongitudeDegrees></Position></Trackpoint><Trackpoint><Time>2026-07-25T20:34:09.000Z</Time><Position><LatitudeDegrees>58.693533925653064</LatitudeDegrees><LongitudeDegrees>59.45852125581496</LongitudeDegrees></Position></Trackpoint><Trackpoint><Time>2026-07-25T20:34:10.000Z</Time><Position><LatitudeDegrees>58.69354434748939</LatitudeDegrees><LongitudeDegrees>59.45850680492357</LongitudeDegrees></Position></Trackpoint><Trackpoint><Time>2026-07-25T20:34:11.000Z</Time><Position><LatitudeDegrees>58.69355427524729</LatitudeDegrees><LongitudeDegrees>59.458492624253026</LongitudeDegrees></Position></Trackpoint><Trackpoint><Time>2026-07-25T20:34:12.000Z</Time><Position><LatitudeDegrees>58.69356419414636</LatitudeDegrees><LongitudeDegrees>59.458477926882935</LongitudeDegrees></Position></Trackpoint><Trackpoint><Time>2026-07-25T20:34:13.000Z</Time><Position><LatitudeDegrees>58.69357430515326</LatitudeDegrees><LongitudeDegrees>59.458464413493324</LongitudeDegrees></Position></Trackpoint><Trackpoint><Time>2026-07-25T20:34:14.000Z</Time><Position><LatitudeDegrees>58.693584666376</LatitudeDegrees><LongitudeDegrees>59.45845116368697</LongitudeDegrees></Position></Trackpoint><Trackpoint><Time>2026-07-25T20:34:15.000Z</Time><Position><LatitudeDegrees>58.69359526963056</LatitudeDegrees><LongitudeDegrees>59.458437274972496</LongitudeDegrees></Position></Trackpoint><Trackpoint><Time>2026-07-25T20:34:16.000Z</Time><Position><LatitudeDegrees>58.69360510126086</LatitudeDegrees><LongitudeDegrees>59.458422457676726</LongitudeDegrees></Position></Trackpoint><Trackpoint><Time>2026-07-25T20:34:17.000Z</Time><Position><LatitudeDegrees>58.69361433245691</LatitudeDegrees><LongitudeDegrees>59.45840818051646</LongitudeDegrees></Position></Trackpoint><Trackpoint><Time>2026-07-25T20:34:18.000Z</Time><Position><LatitudeDegrees>58.693623110785325</LatitudeDegrees><LongitudeDegrees>59.458393999811435</LongitudeDegrees></Position></Trackpoint><Trackpoint><Time>2026-07-25T20:34:19.000Z</Time><Position><LatitudeDegrees>58.693631555143824</LatitudeDegrees><LongitudeDegrees>59.4583787412382</LongitudeDegrees></Position></Trackpoint><Trackpoint><Time>2026-07-25T20:34:20.000Z</Time><Position><LatitudeDegrees>58.69363975736297</LatitudeDegrees><LongitudeDegrees>59.45836254912457</LongitudeDegrees></Position></Trackpoint><Trackpoint><Time>2026-07-25T20:34:21.000Z</Time><Position><LatitudeDegrees>58.6936477863399</LatitudeDegrees><LongitudeDegrees>59.45834560272806</LongitudeDegrees></Position></Trackpoint><Trackpoint><Time>2026-07-25T20:34:22.000Z</Time><Position><LatitudeDegrees>58.693656182294724</LatitudeDegrees><LongitudeDegrees>59.45832856229456</LongitudeDegrees></Position></Trackpoint><Trackpoint><Time>2026-07-25T20:34:23.000Z</Time><Position><LatitudeDegrees>58.69366512060705</LatitudeDegrees><LongitudeDegrees>59.45831220141548</LongitudeDegrees></Position></Trackpoint><Trackpoint><Time>2026-07-25T20:34:24.000Z</Time><Position><LatitudeDegrees>58.69367460389328</LatitudeDegrees><LongitudeDegrees>59.458297730683014</LongitudeDegrees></Position></Trackpoint><Trackpoint><Time>2026-07-25T20:34:25.000Z</Time><Position><LatitudeDegrees>58.693684563284364</LatitudeDegrees><LongitudeDegrees>59.4582844268407</LongitudeDegrees></Position></Trackpoint><Trackpoint><Time>2026-07-25T20:34:26.000Z</Time><Position><LatitudeDegrees>58.693694419699774</LatitudeDegrees><LongitudeDegrees>59.45827135264821</LongitudeDegrees></Position></Trackpoint><Trackpoint><Time>2026-07-25T20:34:27.000Z</Time><Position><LatitudeDegrees>58.69370394787161</LatitudeDegrees><LongitudeDegrees>59.45825907186475</LongitudeDegrees></Position></Trackpoint><Trackpoint><Time>2026-07-25T20:34:28.000Z</Time><Position><LatitudeDegrees>58.693713586767224</LatitudeDegrees><LongitudeDegrees>59.4582472252217</LongitudeDegrees></Position></Trackpoint><Trackpoint><Time>2026-07-25T20:34:29.000Z</Time><Position><LatitudeDegrees>58.69372301334616</LatitudeDegrees><LongitudeDegrees>59.45823560903898</LongitudeDegrees></Position></Trackpoint><Trackpoint><Time>2026-07-25T20:34:30.000Z</Time><Position><LatitudeDegrees>58.693733101041346</LatitudeDegrees><LongitudeDegrees>59.458225089076365</LongitudeDegrees></Position></Trackpoint><Trackpoint><Time>2026-07-25T20:34:31.000Z</Time><Position><LatitudeDegrees>58.693743635097704</LatitudeDegrees><LongitudeDegrees>59.45821539157378</LongitudeDegrees></Position></Trackpoint><Trackpoint><Time>2026-07-25T20:34:32.000Z</Time><Position><LatitudeDegrees>58.69375398017153</LatitudeDegrees><LongitudeDegrees>59.45820580861558</LongitudeDegrees></Position></Trackpoint><Trackpoint><Time>2026-07-25T20:34:33.000Z</Time><Position><LatitudeDegrees>58.69376389886272</LatitudeDegrees><LongitudeDegrees>59.4581960339569</LongitudeDegrees></Position></Trackpoint><Trackpoint><Time>2026-07-25T20:34:34.000Z</Time><Position><LatitudeDegrees>58.69377334812756</LatitudeDegrees><LongitudeDegrees>59.45818596608036</LongitudeDegrees></Position></Trackpoint><Trackpoint><Time>2026-07-25T20:34:35.000Z</Time><Position><LatitudeDegrees>58.69378188087875</LatitudeDegrees><LongitudeDegrees>59.45817560081178</LongitudeDegrees></Position></Trackpoint><Trackpoint><Time>2026-07-25T20:34:36.000Z</Time><Position><LatitudeDegrees>58.69378992023461</LatitudeDegrees><LongitudeDegrees>59.45816546421253</LongitudeDegrees></Position></Trackpoint><Trackpoint><Time>2026-07-25T20:34:37.000Z</Time><Position><LatitudeDegrees>58.69379819338651</LatitudeDegrees><LongitudeDegrees>59.458156722804105</LongitudeDegrees></Position></Trackpoint><Trackpoint><Time>2026-07-25T20:34:38.000Z</Time><Position><LatitudeDegrees>58.69380648019814</LatitudeDegrees><LongitudeDegrees>59.458148698707085</LongitudeDegrees></Position></Trackpoint><Trackpoint><Time>2026-07-25T20:34:39.000Z</Time><Position><LatitudeDegrees>58.693815177867435</LatitudeDegrees><LongitudeDegrees>59.45814248951415</LongitudeDegrees></Position></Trackpoint><Trackpoint><Time>2026-07-25T20:34:40.000Z</Time><Position><LatitudeDegrees>58.6938248868514</LatitudeDegrees><LongitudeDegrees>59.458137335089134</LongitudeDegrees></Position></Trackpoint><Trackpoint><Time>2026-07-25T20:34:41.000Z</Time><Position><LatitudeDegrees>58.69383523502694</LatitudeDegrees><LongitudeDegrees>59.458133276615364</LongitudeDegrees></Position></Trackpoint><Trackpoint><Time>2026-07-25T20:34:42.000Z</Time><Position><LatitudeDegrees>58.69384598710207</LatitudeDegrees><LongitudeDegrees>59.45812970077921</LongitudeDegrees></Position></Trackpoint><Trackpoint><Time>2026-07-25T20:34:43.000Z</Time><Position><LatitudeDegrees>58.693856504725204</LatitudeDegrees><LongitudeDegrees>59.45812580344124</LongitudeDegrees></Position></Trackpoint><Trackpoint><Time>2026-07-25T20:34:44.000Z</Time><Position><LatitudeDegrees>58.69386704470403</LatitudeDegrees><LongitudeDegrees>59.458121294694294</LongitudeDegrees></Position></Trackpoint><Trackpoint><Time>2026-07-25T20:34:45.000Z</Time><Position><LatitudeDegrees>58.69387722032059</LatitudeDegrees><LongitudeDegrees>59.458114664786486</LongitudeDegrees></Position></Trackpoint><Trackpoint><Time>2026-07-25T20:34:46.000Z</Time><Position><LatitudeDegrees>58.69388740868749</LatitudeDegrees><LongitudeDegrees>59.45810605381006</LongitudeDegrees></Position></Trackpoint><Trackpoint><Time>2026-07-25T20:34:47.000Z</Time><Position><LatitudeDegrees>58.693897763475796</LatitudeDegrees><LongitudeDegrees>59.458096263337445</LongitudeDegrees></Position></Trackpoint><Trackpoint><Time>2026-07-25T20:34:48.000Z</Time><Position><LatitudeDegrees>58.693908816223065</LatitudeDegrees><LongitudeDegrees>59.458086264480066</LongitudeDegrees></Position></Trackpoint><Trackpoint><Time>2026-07-25T20:34:49.000Z</Time><Position><LatitudeDegrees>58.693919717030965</LatitudeDegrees><LongitudeDegrees>59.458075015088006</LongitudeDegrees></Position></Trackpoint><Trackpoint><Time>2026-07-25T20:34:50.000Z</Time><Position><LatitudeDegrees>58.693931114605455</LatitudeDegrees><LongitudeDegrees>59.45806175686279</LongitudeDegrees></Position></Trackpoint><Trackpoint><Time>2026-07-25T20:34:51.000Z</Time><Position><LatitudeDegrees>58.693942233124794</LatitudeDegrees><LongitudeDegrees>59.45804594573189</LongitudeDegrees></Position></Trackpoint><Trackpoint><Time>2026-07-25T20:34:52.000Z</Time><Position><LatitudeDegrees>58.69395327850665</LatitudeDegrees><LongitudeDegrees>59.458030133342774</LongitudeDegrees></Position></Trackpoint><Trackpoint><Time>2026-07-25T20:34:53.000Z</Time><Position><LatitudeDegrees>58.69396434494187</LatitudeDegrees><LongitudeDegrees>59.458015370710456</LongitudeDegrees></Position></Trackpoint><Trackpoint><Time>2026-07-25T20:34:54.000Z</Time><Position><LatitudeDegrees>58.69397595812983</LatitudeDegrees><LongitudeDegrees>59.457999018279544</LongitudeDegrees></Position></Trackpoint><Trackpoint><Time>2026-07-25T20:34:55.000Z</Time><Position><LatitudeDegrees>58.69398777478557</LatitudeDegrees><LongitudeDegrees>59.45798215148383</LongitudeDegrees></Position></Trackpoint><Trackpoint><Time>2026-07-25T20:34:56.000Z</Time><Position><LatitudeDegrees>58.69399962741811</LatitudeDegrees><LongitudeDegrees>59.45796527924077</LongitudeDegrees></Position></Trackpoint><Trackpoint><Time>2026-07-25T20:34:57.000Z</Time><Position><LatitudeDegrees>58.69401095282088</LatitudeDegrees><LongitudeDegrees>59.457948611838674</LongitudeDegrees></Position></Trackpoint><Trackpoint><Time>2026-07-25T20:34:58.000Z</Time><Position><LatitudeDegrees>58.69402207632642</LatitudeDegrees><LongitudeDegrees>59.45793318881151</LongitudeDegrees></Position></Trackpoint><Trackpoint><Time>2026-07-25T20:34:59.000Z</Time><Position><LatitudeDegrees>58.6940331578307</LatitudeDegrees><LongitudeDegrees>59.45791976817101</LongitudeDegrees></Position></Trackpoint><Trackpoint><Time>2026-07-25T20:35:00.000Z</Time><Position><LatitudeDegrees>58.69404426857503</LatitudeDegrees><LongitudeDegrees>59.45790742586715</LongitudeDegrees></Position></Trackpoint><Trackpoint><Time>2026-07-25T20:35:01.000Z</Time><Position><LatitudeDegrees>58.6940549445354</LatitudeDegrees><LongitudeDegrees>59.45789515333181</LongitudeDegrees></Position></Trackpoint><Trackpoint><Time>2026-07-25T20:35:02.000Z</Time><Position><LatitudeDegrees>58.694065050415134</LatitudeDegrees><LongitudeDegrees>59.45788154702709</LongitudeDegrees></Position></Trackpoint><Trackpoint><Time>2026-07-25T20:35:03.000Z</Time><Position><LatitudeDegrees>58.694074603663516</LatitudeDegrees><LongitudeDegrees>59.45786668972719</LongitudeDegrees></Position></Trackpoint><Trackpoint><Time>2026-07-25T20:35:04.000Z</Time><Position><LatitudeDegrees>58.69408417200677</LatitudeDegrees><LongitudeDegrees>59.45785126569522</LongitudeDegrees></Position></Trackpoint><Trackpoint><Time>2026-07-25T20:35:05.000Z</Time><Position><LatitudeDegrees>58.694093008094846</LatitudeDegrees><LongitudeDegrees>59.45783611908339</LongitudeDegrees></Position></Trackpoint><Trackpoint><Time>2026-07-25T20:35:06.000Z</Time><Position><LatitudeDegrees>58.69410187734915</LatitudeDegrees><LongitudeDegrees>59.45782156193526</LongitudeDegrees></Position></Trackpoint><Trackpoint><Time>2026-07-25T20:35:07.000Z</Time><Position><LatitudeDegrees>58.69411109073891</LatitudeDegrees><LongitudeDegrees>59.457808626325246</LongitudeDegrees></Position></Trackpoint><Trackpoint><Time>2026-07-25T20:35:08.000Z</Time><Position><LatitudeDegrees>58.694120242551726</LatitudeDegrees><LongitudeDegrees>59.457797529174044</LongitudeDegrees></Position></Trackpoint><Trackpoint><Time>2026-07-25T20:35:09.000Z</Time><Position><LatitudeDegrees>58.69412966321565</LatitudeDegrees><LongitudeDegrees>59.4577900822959</LongitudeDegrees></Position></Trackpoint><Trackpoint><Time>2026-07-25T20:35:10.000Z</Time><Position><LatitudeDegrees>58.69413896469471</LatitudeDegrees><LongitudeDegrees>59.45778558412808</LongitudeDegrees></Position></Trackpoint><Trackpoint><Time>2026-07-25T20:35:11.000Z</Time><Position><LatitudeDegrees>58.69414800247995</LatitudeDegrees><LongitudeDegrees>59.45778287767054</LongitudeDegrees></Position></Trackpoint><Trackpoint><Time>2026-07-25T20:35:12.000Z</Time><Position><LatitudeDegrees>58.694156750902465</LatitudeDegrees><LongitudeDegrees>59.45778076685815</LongitudeDegrees></Position></Trackpoint><Trackpoint><Time>2026-07-25T20:35:13.000Z</Time><Position><LatitudeDegrees>58.69416572614083</LatitudeDegrees><LongitudeDegrees>59.45777819305063</LongitudeDegrees></Position></Trackpoint><Trackpoint><Time>2026-07-25T20:35:14.000Z</Time><Position><LatitudeDegrees>58.69417511166313</LatitudeDegrees><LongitudeDegrees>59.45777477968934</LongitudeDegrees></Position></Trackpoint><Trackpoint><Time>2026-07-25T20:35:15.000Z</Time><Position><LatitudeDegrees>58.69418444075769</LatitudeDegrees><LongitudeDegrees>59.457769989839704</LongitudeDegrees></Position></Trackpoint><Trackpoint><Time>2026-07-25T20:35:16.000Z</Time><Position><LatitudeDegrees>58.69419401807012</LatitudeDegrees><LongitudeDegrees>59.457763779044356</LongitudeDegrees></Position></Trackpoint><Trackpoint><Time>2026-07-25T20:35:17.000Z</Time><Position><LatitudeDegrees>58.69420393720525</LatitudeDegrees><LongitudeDegrees>59.45775533214927</LongitudeDegrees></Position></Trackpoint><Trackpoint><Time>2026-07-25T20:35:18.000Z</Time><Position><LatitudeDegrees>58.694214192840256</LatitudeDegrees><LongitudeDegrees>59.45774509005746</LongitudeDegrees></Position></Trackpoint><Trackpoint><Time>2026-07-25T20:35:19.000Z</Time><Position><LatitudeDegrees>58.69422522920437</LatitudeDegrees><LongitudeDegrees>59.45773444397952</LongitudeDegrees></Position></Trackpoint><Trackpoint><Time>2026-07-25T20:35:20.000Z</Time><Position><LatitudeDegrees>58.69423663943</LatitudeDegrees><LongitudeDegrees>59.45772352910274</LongitudeDegrees></Position></Trackpoint><Trackpoint><Time>2026-07-25T20:35:21.000Z</Time><Position><LatitudeDegrees>58.694248207970944</LatitudeDegrees><LongitudeDegrees>59.457713904433554</LongitudeDegrees></Position></Trackpoint><Trackpoint><Time>2026-07-25T20:35:22.000Z</Time><Position><LatitudeDegrees>58.694258846517315</LatitudeDegrees><LongitudeDegrees>59.457702619152265</LongitudeDegrees></Position></Trackpoint><Trackpoint><Time>2026-07-25T20:35:23.000Z</Time><Position><LatitudeDegrees>58.69426871584082</LatitudeDegrees><LongitudeDegrees>59.45768965037121</LongitudeDegrees></Position></Trackpoint><Trackpoint><Time>2026-07-25T20:35:24.000Z</Time><Position><LatitudeDegrees>58.69427798088121</LatitudeDegrees><LongitudeDegrees>59.457675694349746</LongitudeDegrees></Position></Trackpoint><Trackpoint><Time>2026-07-25T20:35:25.000Z</Time><Position><LatitudeDegrees>58.69428727673561</LatitudeDegrees><LongitudeDegrees>59.457662143762754</LongitudeDegrees></Position></Trackpoint><Trackpoint><Time>2026-07-25T20:35:26.000Z</Time><Position><LatitudeDegrees>58.69429735061388</LatitudeDegrees><LongitudeDegrees>59.45764952012328</LongitudeDegrees></Position></Trackpoint><Trackpoint><Time>2026-07-25T20:35:27.000Z</Time><Position><LatitudeDegrees>58.69430792077316</LatitudeDegrees><LongitudeDegrees>59.45763840884611</LongitudeDegrees></Position></Trackpoint><Trackpoint><Time>2026-07-25T20:35:28.000Z</Time><Position><LatitudeDegrees>58.69431880748543</LatitudeDegrees><LongitudeDegrees>59.45762738808329</LongitudeDegrees></Position></Trackpoint><Trackpoint><Time>2026-07-25T20:35:29.000Z</Time><Position><LatitudeDegrees>58.69432940649297</LatitudeDegrees><LongitudeDegrees>59.45761586065305</LongitudeDegrees></Position></Trackpoint><Trackpoint><Time>2026-07-25T20:35:30.000Z</Time><Position><LatitudeDegrees>58.694339995479396</LatitudeDegrees><LongitudeDegrees>59.45760364564601</LongitudeDegrees></Position></Trackpoint><Trackpoint><Time>2026-07-25T20:35:31.000Z</Time><Position><LatitudeDegrees>58.694350200479654</LatitudeDegrees><LongitudeDegrees>59.45759173602834</LongitudeDegrees></Position></Trackpoint><Trackpoint><Time>2026-07-25T20:35:32.000Z</Time><Position><LatitudeDegrees>58.69436040637712</LatitudeDegrees><LongitudeDegrees>59.45758099115098</LongitudeDegrees></Position></Trackpoint><Trackpoint><Time>2026-07-25T20:35:33.000Z</Time><Position><LatitudeDegrees>58.694370281953844</LatitudeDegrees><LongitudeDegrees>59.4575706362094</LongitudeDegrees></Position></Trackpoint><Trackpoint><Time>2026-07-25T20:35:34.000Z</Time><Position><LatitudeDegrees>58.69437973319938</LatitudeDegrees><LongitudeDegrees>59.457560302065595</LongitudeDegrees></Position></Trackpoint><Trackpoint><Time>2026-07-25T20:35:35.000Z</Time><Position><LatitudeDegrees>58.694389265469994</LatitudeDegrees><LongitudeDegrees>59.457550813248105</LongitudeDegrees></Position></Trackpoint><Trackpoint><Time>2026-07-25T20:35:36.000Z</Time><Position><LatitudeDegrees>58.69439907648878</LatitudeDegrees><LongitudeDegrees>59.45754240082892</LongitudeDegrees></Position></Trackpoint><Trackpoint><Time>2026-07-25T20:35:37.000Z</Time><Position><LatitudeDegrees>58.69440872229719</LatitudeDegrees><LongitudeDegrees>59.4575350218171</LongitudeDegrees></Position></Trackpoint><Trackpoint><Time>2026-07-25T20:35:38.000Z</Time><Position><LatitudeDegrees>58.69441804126279</LatitudeDegrees><LongitudeDegrees>59.457527546650034</LongitudeDegrees></Position></Trackpoint><Trackpoint><Time>2026-07-25T20:35:39.000Z</Time><Position><LatitudeDegrees>58.69442798799098</LatitudeDegrees><LongitudeDegrees>59.45751903286693</LongitudeDegrees></Position></Trackpoint><Trackpoint><Time>2026-07-25T20:35:40.000Z</Time><Position><LatitudeDegrees>58.69443838543708</LatitudeDegrees><LongitudeDegrees>59.45751069446766</LongitudeDegrees></Position></Trackpoint><Trackpoint><Time>2026-07-25T20:35:41.000Z</Time><Position><LatitudeDegrees>58.69444910283924</LatitudeDegrees><LongitudeDegrees>59.45750349851822</LongitudeDegrees></Position></Trackpoint><Trackpoint><Time>2026-07-25T20:35:42.000Z</Time><Position><LatitudeDegrees>58.69446004527949</LatitudeDegrees><LongitudeDegrees>59.45749622782509</LongitudeDegrees></Position></Trackpoint><Trackpoint><Time>2026-07-25T20:35:43.000Z</Time><Position><LatitudeDegrees>58.694471634394766</LatitudeDegrees><LongitudeDegrees>59.457489369921845</LongitudeDegrees></Position></Trackpoint><Trackpoint><Time>2026-07-25T20:35:44.000Z</Time><Position><LatitudeDegrees>58.69448347121884</LatitudeDegrees><LongitudeDegrees>59.45748209338888</LongitudeDegrees></Position></Trackpoint><Trackpoint><Time>2026-07-25T20:35:45.000Z</Time><Position><LatitudeDegrees>58.69449487004044</LatitudeDegrees><LongitudeDegrees>59.457474599160996</LongitudeDegrees></Position></Trackpoint><Trackpoint><Time>2026-07-25T20:35:46.000Z</Time><Position><LatitudeDegrees>58.69450609428838</LatitudeDegrees><LongitudeDegrees>59.457466508320024</LongitudeDegrees></Position></Trackpoint><Trackpoint><Time>2026-07-25T20:35:47.000Z</Time><Position><LatitudeDegrees>58.69451678524707</LatitudeDegrees><LongitudeDegrees>59.45745774138922</LongitudeDegrees></Position></Trackpoint><Trackpoint><Time>2026-07-25T20:35:48.000Z</Time><Position><LatitudeDegrees>58.694528332464195</LatitudeDegrees><LongitudeDegrees>59.45744884202314</LongitudeDegrees></Position></Trackpoint><Trackpoint><Time>2026-07-25T20:35:49.000Z</Time><Position><LatitudeDegrees>58.69454021908112</LatitudeDegrees><LongitudeDegrees>59.45743809267225</LongitudeDegrees></Position></Trackpoint><Trackpoint><Time>2026-07-25T20:35:50.000Z</Time><Position><LatitudeDegrees>58.694552188676774</LatitudeDegrees><LongitudeDegrees>59.457425023435114</LongitudeDegrees></Position></Trackpoint><Trackpoint><Time>2026-07-25T20:35:51.000Z</Time><Position><LatitudeDegrees>58.6945641249982</LatitudeDegrees><LongitudeDegrees>59.457409738544555</LongitudeDegrees></Position></Trackpoint><Trackpoint><Time>2026-07-25T20:35:52.000Z</Time><Position><LatitudeDegrees>58.69457598443927</LatitudeDegrees><LongitudeDegrees>59.457393544524116</LongitudeDegrees></Position></Trackpoint><Trackpoint><Time>2026-07-25T20:35:53.000Z</Time><Position><LatitudeDegrees>58.694587758908995</LatitudeDegrees><LongitudeDegrees>59.45737709612921</LongitudeDegrees></Position></Trackpoint><Trackpoint><Time>2026-07-25T20:35:54.000Z</Time><Position><LatitudeDegrees>58.694598966370556</LatitudeDegrees><LongitudeDegrees>59.45736265410099</LongitudeDegrees></Position></Trackpoint><Trackpoint><Time>2026-07-25T20:35:55.000Z</Time><Position><LatitudeDegrees>58.69460997069038</LatitudeDegrees><LongitudeDegrees>59.457350402363325</LongitudeDegrees></Position></Trackpoint><Trackpoint><Time>2026-07-25T20:35:56.000Z</Time><Position><LatitudeDegrees>58.69462094779373</LatitudeDegrees><LongitudeDegrees>59.45733915632047</LongitudeDegrees></Position></Trackpoint><Trackpoint><Time>2026-07-25T20:35:57.000Z</Time><Position><LatitudeDegrees>58.69463197362569</LatitudeDegrees><LongitudeDegrees>59.457328299037</LongitudeDegrees></Position></Trackpoint><Trackpoint><Time>2026-07-25T20:35:58.000Z</Time><Position><LatitudeDegrees>58.69464307320873</LatitudeDegrees><LongitudeDegrees>59.457318505762885</LongitudeDegrees></Position></Trackpoint><Trackpoint><Time>2026-07-25T20:35:59.000Z</Time><Position><LatitudeDegrees>58.69465375777149</LatitudeDegrees><LongitudeDegrees>59.45730942841397</LongitudeDegrees></Position></Trackpoint><Trackpoint><Time>2026-07-25T20:36:00.000Z</Time><Position><LatitudeDegrees>58.69466436889946</LatitudeDegrees><LongitudeDegrees>59.45730181097092</LongitudeDegrees></Position></Trackpoint><Trackpoint><Time>2026-07-25T20:36:01.000Z</Time><Position><LatitudeDegrees>58.69467505669417</LatitudeDegrees><LongitudeDegrees>59.45729479323183</LongitudeDegrees></Position></Trackpoint><Trackpoint><Time>2026-07-25T20:36:02.000Z</Time><Position><LatitudeDegrees>58.69468538352178</LatitudeDegrees><LongitudeDegrees>59.45728647513393</LongitudeDegrees></Position></Trackpoint><Trackpoint><Time>2026-07-25T20:36:03.000Z</Time><Position><LatitudeDegrees>58.69469521547965</LatitudeDegrees><LongitudeDegrees>59.45727722028831</LongitudeDegrees></Position></Trackpoint><Trackpoint><Time>2026-07-25T20:36:04.000Z</Time><Position><LatitudeDegrees>58.6947050505486</LatitudeDegrees><LongitudeDegrees>59.45726778828294</LongitudeDegrees></Position></Trackpoint><Trackpoint><Time>2026-07-25T20:36:05.000Z</Time><Position><LatitudeDegrees>58.694715093414445</LatitudeDegrees><LongitudeDegrees>59.45725753545841</LongitudeDegrees></Position></Trackpoint><Trackpoint><Time>2026-07-25T20:36:06.000Z</Time><Position><LatitudeDegrees>58.69472540170321</LatitudeDegrees><LongitudeDegrees>59.457247770917064</LongitudeDegrees></Position></Trackpoint><Trackpoint><Time>2026-07-25T20:36:07.000Z</Time><Position><LatitudeDegrees>58.69473547546997</LatitudeDegrees><LongitudeDegrees>59.45724043995235</LongitudeDegrees></Position></Trackpoint><Trackpoint><Time>2026-07-25T20:36:08.000Z</Time><Position><LatitudeDegrees>58.694745628531884</LatitudeDegrees><LongitudeDegrees>59.45723358330201</LongitudeDegrees></Position></Trackpoint><Trackpoint><Time>2026-07-25T20:36:09.000Z</Time><Position><LatitudeDegrees>58.69475597995192</LatitudeDegrees><LongitudeDegrees>59.45722780203085</LongitudeDegrees></Position></Trackpoint><Trackpoint><Time>2026-07-25T20:36:10.000Z</Time><Position><LatitudeDegrees>58.694766553305215</LatitudeDegrees><LongitudeDegrees>59.45722320565409</LongitudeDegrees></Position></Trackpoint><Trackpoint><Time>2026-07-25T20:36:11.000Z</Time><Position><LatitudeDegrees>58.69477684020537</LatitudeDegrees><LongitudeDegrees>59.45721919758373</LongitudeDegrees></Position></Trackpoint><Trackpoint><Time>2026-07-25T20:36:12.000Z</Time><Position><LatitudeDegrees>58.69478764726899</LatitudeDegrees><LongitudeDegrees>59.457215456616716</LongitudeDegrees></Position></Trackpoint><Trackpoint><Time>2026-07-25T20:36:13.000Z</Time><Position><LatitudeDegrees>58.69479875031487</LatitudeDegrees><LongitudeDegrees>59.45721132657798</LongitudeDegrees></Position></Trackpoint><Trackpoint><Time>2026-07-25T20:36:14.000Z</Time><Position><LatitudeDegrees>58.69481050863946</LatitudeDegrees><LongitudeDegrees>59.45720756639076</LongitudeDegrees></Position></Trackpoint><Trackpoint><Time>2026-07-25T20:36:15.000Z</Time><Position><LatitudeDegrees>58.694822496498375</LatitudeDegrees><LongitudeDegrees>59.457203951524434</LongitudeDegrees></Position></Trackpoint><Trackpoint><Time>2026-07-25T20:36:16.000Z</Time><Position><LatitudeDegrees>58.69483450909549</LatitudeDegrees><LongitudeDegrees>59.45719939163687</LongitudeDegrees></Position></Trackpoint><Trackpoint><Time>2026-07-25T20:36:17.000Z</Time><Position><LatitudeDegrees>58.69484645891383</LatitudeDegrees><LongitudeDegrees>59.45719502781271</LongitudeDegrees></Position></Trackpoint><Trackpoint><Time>2026-07-25T20:36:18.000Z</Time><Position><LatitudeDegrees>58.69485831796853</LatitudeDegrees><LongitudeDegrees>59.45719032560298</LongitudeDegrees></Position></Trackpoint><Trackpoint><Time>2026-07-25T20:36:19.000Z</Time><Position><LatitudeDegrees>58.694869596773266</LatitudeDegrees><LongitudeDegrees>59.45718461872444</LongitudeDegrees></Position></Trackpoint><Trackpoint><Time>2026-07-25T20:36:20.000Z</Time><Position><LatitudeDegrees>58.694880657826054</LatitudeDegrees><LongitudeDegrees>59.45717776172714</LongitudeDegrees></Position></Trackpoint><Trackpoint><Time>2026-07-25T20:36:21.000Z</Time><Position><LatitudeDegrees>58.694890699142576</LatitudeDegrees><LongitudeDegrees>59.457169842325946</LongitudeDegrees></Position></Trackpoint><Trackpoint><Time>2026-07-25T20:36:22.000Z</Time><Position><LatitudeDegrees>58.69490050054178</LatitudeDegrees><LongitudeDegrees>59.457160053781465</LongitudeDegrees></Position></Trackpoint><Trackpoint><Time>2026-07-25T20:36:23.000Z</Time><Position><LatitudeDegrees>58.69491090358275</LatitudeDegrees><LongitudeDegrees>59.457147814142594</LongitudeDegrees></Position></Trackpoint><Trackpoint><Time>2026-07-25T20:36:24.000Z</Time><Position><LatitudeDegrees>58.69492168801717</LatitudeDegrees><LongitudeDegrees>59.45713368794734</LongitudeDegrees></Position></Trackpoint><Trackpoint><Time>2026-07-25T20:36:25.000Z</Time><Position><LatitudeDegrees>58.69493222457753</LatitudeDegrees><LongitudeDegrees>59.45711912904918</LongitudeDegrees></Position></Trackpoint><Trackpoint><Time>2026-07-25T20:36:26.000Z</Time><Position><LatitudeDegrees>58.694942775535374</LatitudeDegrees><LongitudeDegrees>59.45710528134083</LongitudeDegrees></Position></Trackpoint><Trackpoint><Time>2026-07-25T20:36:27.000Z</Time><Position><LatitudeDegrees>58.69495393666559</LatitudeDegrees><LongitudeDegrees>59.45709203502471</LongitudeDegrees></Position></Trackpoint><Trackpoint><Time>2026-07-25T20:36:28.000Z</Time><Position><LatitudeDegrees>58.69496489579221</LatitudeDegrees><LongitudeDegrees>59.45707926769472</LongitudeDegrees></Position></Trackpoint><Trackpoint><Time>2026-07-25T20:36:29.000Z</Time><Position><LatitudeDegrees>58.69497632358218</LatitudeDegrees><LongitudeDegrees>59.457068336294675</LongitudeDegrees></Position></Trackpoint><Trackpoint><Time>2026-07-25T20:36:30.000Z</Time><Position><LatitudeDegrees>58.694987946475656</LatitudeDegrees><LongitudeDegrees>59.45705809518859</LongitudeDegrees></Position></Trackpoint><Trackpoint><Time>2026-07-25T20:36:31.000Z</Time><Position><LatitudeDegrees>58.69500011638096</LatitudeDegrees><LongitudeDegrees>59.45704896318842</LongitudeDegrees></Position></Trackpoint><Trackpoint><Time>2026-07-25T20:36:32.000Z</Time><Position><LatitudeDegrees>58.69501290801753</LatitudeDegrees><LongitudeDegrees>59.45703999120159</LongitudeDegrees></Position></Trackpoint><Trackpoint><Time>2026-07-25T20:36:33.000Z</Time><Position><LatitudeDegrees>58.69502529313782</LatitudeDegrees><LongitudeDegrees>59.457030278212045</LongitudeDegrees></Position></Trackpoint><Trackpoint><Time>2026-07-25T20:36:34.000Z</Time><Position><LatitudeDegrees>58.695036900450944</LatitudeDegrees><LongitudeDegrees>59.45702003786852</LongitudeDegrees></Position></Trackpoint><Trackpoint><Time>2026-07-25T20:36:35.000Z</Time><Position><LatitudeDegrees>58.69504767687731</LatitudeDegrees><LongitudeDegrees>59.457009915454385</LongitudeDegrees></Position></Trackpoint><Trackpoint><Time>2026-07-25T20:36:36.000Z</Time><Position><LatitudeDegrees>58.69505770720003</LatitudeDegrees><LongitudeDegrees>59.456999182361564</LongitudeDegrees></Position></Trackpoint><Trackpoint><Time>2026-07-25T20:36:37.000Z</Time><Position><LatitudeDegrees>58.695066632486274</LatitudeDegrees><LongitudeDegrees>59.456987616904634</LongitudeDegrees></Position></Trackpoint><Trackpoint><Time>2026-07-25T20:36:38.000Z</Time><Position><LatitudeDegrees>58.69507542596652</LatitudeDegrees><LongitudeDegrees>59.45697670345067</LongitudeDegrees></Position></Trackpoint><Trackpoint><Time>2026-07-25T20:36:39.000Z</Time><Position><LatitudeDegrees>58.69508450536665</LatitudeDegrees><LongitudeDegrees>59.456965500796095</LongitudeDegrees></Position></Trackpoint><Trackpoint><Time>2026-07-25T20:36:40.000Z</Time><Position><LatitudeDegrees>58.69509449563333</LatitudeDegrees><LongitudeDegrees>59.45695463766158</LongitudeDegrees></Position></Trackpoint><Trackpoint><Time>2026-07-25T20:36:41.000Z</Time><Position><LatitudeDegrees>58.69510504762148</LatitudeDegrees><LongitudeDegrees>59.45694383978776</LongitudeDegrees></Position></Trackpoint><Trackpoint><Time>2026-07-25T20:36:42.000Z</Time><Position><LatitudeDegrees>58.69511545583481</LatitudeDegrees><LongitudeDegrees>59.45693298584937</LongitudeDegrees></Position></Trackpoint><Trackpoint><Time>2026-07-25T20:36:43.000Z</Time><Position><LatitudeDegrees>58.6951259377903</LatitudeDegrees><LongitudeDegrees>59.456923012297665</LongitudeDegrees></Position></Trackpoint><Trackpoint><Time>2026-07-25T20:36:44.000Z</Time><Position><LatitudeDegrees>58.69513657360401</LatitudeDegrees><LongitudeDegrees>59.45691370218758</LongitudeDegrees></Position></Trackpoint><Trackpoint><Time>2026-07-25T20:36:45.000Z</Time><Position><LatitudeDegrees>58.69514688691231</LatitudeDegrees><LongitudeDegrees>59.45690488102217</LongitudeDegrees></Position></Trackpoint><Trackpoint><Time>2026-07-25T20:36:46.000Z</Time><Position><LatitudeDegrees>58.695157212536486</LatitudeDegrees><LongitudeDegrees>59.456896414182474</LongitudeDegrees></Position></Trackpoint><Trackpoint><Time>2026-07-25T20:36:47.000Z</Time><Position><LatitudeDegrees>58.69516768678637</LatitudeDegrees><LongitudeDegrees>59.45688771114012</LongitudeDegrees></Position></Trackpoint><Trackpoint><Time>2026-07-25T20:36:48.000Z</Time><Position><LatitudeDegrees>58.69517834672302</LatitudeDegrees><LongitudeDegrees>59.45687757979085</LongitudeDegrees></Position></Trackpoint><Trackpoint><Time>2026-07-25T20:36:49.000Z</Time><Position><LatitudeDegrees>58.69518869416618</LatitudeDegrees><LongitudeDegrees>59.45686571250741</LongitudeDegrees></Position></Trackpoint><Trackpoint><Time>2026-07-25T20:36:50.000Z</Time><Position><LatitudeDegrees>58.69519905366729</LatitudeDegrees><LongitudeDegrees>59.45685367423501</LongitudeDegrees></Position></Trackpoint><Trackpoint><Time>2026-07-25T20:36:51.000Z</Time><Position><LatitudeDegrees>58.695209557339844</LatitudeDegrees><LongitudeDegrees>59.456842131416465</LongitudeDegrees></Position></Trackpoint><Trackpoint><Time>2026-07-25T20:36:52.000Z</Time><Position><LatitudeDegrees>58.69522122030963</LatitudeDegrees><LongitudeDegrees>59.456831784535</LongitudeDegrees></Position></Trackpoint><Trackpoint><Time>2026-07-25T20:36:53.000Z</Time><Position><LatitudeDegrees>58.69523333262401</LatitudeDegrees><LongitudeDegrees>59.456821299744405</LongitudeDegrees></Position></Trackpoint><Trackpoint><Time>2026-07-25T20:36:54.000Z</Time><Position><LatitudeDegrees>58.69524603383874</LatitudeDegrees><LongitudeDegrees>59.45681063503337</LongitudeDegrees></Position></Trackpoint><Trackpoint><Time>2026-07-25T20:36:55.000Z</Time><Position><LatitudeDegrees>58.69525832662183</LatitudeDegrees><LongitudeDegrees>59.45680028580338</LongitudeDegrees></Position></Trackpoint><Trackpoint><Time>2026-07-25T20:36:56.000Z</Time><Position><LatitudeDegrees>58.695269852660296</LatitudeDegrees><LongitudeDegrees>59.45678943636453</LongitudeDegrees></Position></Trackpoint><Trackpoint><Time>2026-07-25T20:36:57.000Z</Time><Position><LatitudeDegrees>58.69528105241002</LatitudeDegrees><LongitudeDegrees>59.456778794210805</LongitudeDegrees></Position></Trackpoint><Trackpoint><Time>2026-07-25T20:36:58.000Z</Time><Position><LatitudeDegrees>58.695292149144095</LatitudeDegrees><LongitudeDegrees>59.45676666566461</LongitudeDegrees></Position></Trackpoint><Trackpoint><Time>2026-07-25T20:36:59.000Z</Time><Position><LatitudeDegrees>58.69530275842511</LatitudeDegrees><LongitudeDegrees>59.45675548165297</LongitudeDegrees></Position></Trackpoint><Trackpoint><Time>2026-07-25T20:37:00.000Z</Time><Position><LatitudeDegrees>58.69531278449278</LatitudeDegrees><LongitudeDegrees>59.45674465325126</LongitudeDegrees></Position></Trackpoint><Trackpoint><Time>2026-07-25T20:37:01.000Z</Time><Position><LatitudeDegrees>58.69532226276438</LatitudeDegrees><LongitudeDegrees>59.45673340266808</LongitudeDegrees></Position></Trackpoint><Trackpoint><Time>2026-07-25T20:37:02.000Z</Time><Position><LatitudeDegrees>58.69533127813472</LatitudeDegrees><LongitudeDegrees>59.45672195337995</LongitudeDegrees></Position></Trackpoint><Trackpoint><Time>2026-07-25T20:37:03.000Z</Time><Position><LatitudeDegrees>58.69533992497898</LatitudeDegrees><LongitudeDegrees>59.45670993331481</LongitudeDegrees></Position></Trackpoint><Trackpoint><Time>2026-07-25T20:37:04.000Z</Time><Position><LatitudeDegrees>58.69534926868502</LatitudeDegrees><LongitudeDegrees>59.45669775210998</LongitudeDegrees></Position></Trackpoint><Trackpoint><Time>2026-07-25T20:37:05.000Z</Time><Position><LatitudeDegrees>58.695359168963314</LatitudeDegrees><LongitudeDegrees>59.45668608876041</LongitudeDegrees></Position></Trackpoint><Trackpoint><Time>2026-07-25T20:37:06.000Z</Time><Position><LatitudeDegrees>58.695369496602744</LatitudeDegrees><LongitudeDegrees>59.45667515643292</LongitudeDegrees></Position></Trackpoint><Trackpoint><Time>2026-07-25T20:37:07.000Z</Time><Position><LatitudeDegrees>58.6953796539281</LatitudeDegrees><LongitudeDegrees>59.456664459480535</LongitudeDegrees></Position></Trackpoint><Trackpoint><Time>2026-07-25T20:37:08.000Z</Time><Position><LatitudeDegrees>58.69538941665634</LatitudeDegrees><LongitudeDegrees>59.45665376356925</LongitudeDegrees></Position></Trackpoint><Trackpoint><Time>2026-07-25T20:37:09.000Z</Time><Position><LatitudeDegrees>58.6953992326768</LatitudeDegrees><LongitudeDegrees>59.456642482448274</LongitudeDegrees></Position></Trackpoint><Trackpoint><Time>2026-07-25T20:37:10.000Z</Time><Position><LatitudeDegrees>58.695408789994644</LatitudeDegrees><LongitudeDegrees>59.45663093940137</LongitudeDegrees></Position></Trackpoint><Trackpoint><Time>2026-07-25T20:37:11.000Z</Time><Position><LatitudeDegrees>58.695418482934706</LatitudeDegrees><LongitudeDegrees>59.45661930118538</LongitudeDegrees></Position></Trackpoint><Trackpoint><Time>2026-07-25T20:37:12.000Z</Time><Position><LatitudeDegrees>58.69542845648619</LatitudeDegrees><LongitudeDegrees>59.45660813830174</LongitudeDegrees></Position></Trackpoint><Trackpoint><Time>2026-07-25T20:37:13.000Z</Time><Position><LatitudeDegrees>58.69543873434444</LatitudeDegrees><LongitudeDegrees>59.45659664547256</LongitudeDegrees></Position></Trackpoint><Trackpoint><Time>2026-07-25T20:37:14.000Z</Time><Position><LatitudeDegrees>58.69544928721068</LatitudeDegrees><LongitudeDegrees>59.456585023016174</LongitudeDegrees></Position></Trackpoint><Trackpoint><Time>2026-07-25T20:37:15.000Z</Time><Position><LatitudeDegrees>58.695459578111205</LatitudeDegrees><LongitudeDegrees>59.45657385967842</LongitudeDegrees></Position></Trackpoint><Trackpoint><Time>2026-07-25T20:37:16.000Z</Time><Position><LatitudeDegrees>58.695469419525246</LatitudeDegrees><LongitudeDegrees>59.45656284938668</LongitudeDegrees></Position></Trackpoint><Trackpoint><Time>2026-07-25T20:37:17.000Z</Time><Position><LatitudeDegrees>58.695478791916415</LatitudeDegrees><LongitudeDegrees>59.45655184644681</LongitudeDegrees></Position></Trackpoint><Trackpoint><Time>2026-07-25T20:37:18.000Z</Time><Position><LatitudeDegrees>58.69548774743734</LatitudeDegrees><LongitudeDegrees>59.45654127952412</LongitudeDegrees></Position></Trackpoint><Trackpoint><Time>2026-07-25T20:37:19.000Z</Time><Position><LatitudeDegrees>58.6954968506815</LatitudeDegrees><LongitudeDegrees>59.45653077958452</LongitudeDegrees></Position></Trackpoint><Trackpoint><Time>2026-07-25T20:37:20.000Z</Time><Position><LatitudeDegrees>58.69550680481789</LatitudeDegrees><LongitudeDegrees>59.4565206756609</LongitudeDegrees></Position></Trackpoint><Trackpoint><Time>2026-07-25T20:37:21.000Z</Time><Position><LatitudeDegrees>58.695516811002975</LatitudeDegrees><LongitudeDegrees>59.456510073210694</LongitudeDegrees></Position></Trackpoint><Trackpoint><Time>2026-07-25T20:37:22.000Z</Time><Position><LatitudeDegrees>58.695526533565975</LatitudeDegrees><LongitudeDegrees>59.45650013664843</LongitudeDegrees></Position></Trackpoint><Trackpoint><Time>2026-07-25T20:37:23.000Z</Time><Position><LatitudeDegrees>58.69553636027956</LatitudeDegrees><LongitudeDegrees>59.45649174966375</LongitudeDegrees></Position></Trackpoint><Trackpoint><Time>2026-07-25T20:37:24.000Z</Time><Position><LatitudeDegrees>58.69554643747388</LatitudeDegrees><LongitudeDegrees>59.456485077303576</LongitudeDegrees></Position></Trackpoint><Trackpoint><Time>2026-07-25T20:37:25.000Z</Time><Position><LatitudeDegrees>58.69555630365311</LatitudeDegrees><LongitudeDegrees>59.45647898824904</LongitudeDegrees></Position></Trackpoint><Trackpoint><Time>2026-07-25T20:37:26.000Z</Time><Position><LatitudeDegrees>58.69556628545199</LatitudeDegrees><LongitudeDegrees>59.45647392094015</LongitudeDegrees></Position></Trackpoint><Trackpoint><Time>2026-07-25T20:37:27.000Z</Time><Position><LatitudeDegrees>58.69557699216059</LatitudeDegrees><LongitudeDegrees>59.456468945580376</LongitudeDegrees></Position></Trackpoint><Trackpoint><Time>2026-07-25T20:37:28.000Z</Time><Position><LatitudeDegrees>58.69558809205321</LatitudeDegrees><LongitudeDegrees>59.45646464666821</LongitudeDegrees></Position></Trackpoint><Trackpoint><Time>2026-07-25T20:37:29.000Z</Time><Position><LatitudeDegrees>58.69559939804956</LatitudeDegrees><LongitudeDegrees>59.45645970926674</LongitudeDegrees></Position></Trackpoint><Trackpoint><Time>2026-07-25T20:37:30.000Z</Time><Position><LatitudeDegrees>58.69561031704002</LatitudeDegrees><LongitudeDegrees>59.45645367379022</LongitudeDegrees></Position></Trackpoint><Trackpoint><Time>2026-07-25T20:37:31.000Z</Time><Position><LatitudeDegrees>58.695620654433895</LatitudeDegrees><LongitudeDegrees>59.456445512680965</LongitudeDegrees></Position></Trackpoint><Trackpoint><Time>2026-07-25T20:37:32.000Z</Time><Position><LatitudeDegrees>58.695630894349904</LatitudeDegrees><LongitudeDegrees>59.456436054799426</LongitudeDegrees></Position></Trackpoint><Trackpoint><Time>2026-07-25T20:37:33.000Z</Time><Position><LatitudeDegrees>58.69564124867542</LatitudeDegrees><LongitudeDegrees>59.4564248287155</LongitudeDegrees></Position></Trackpoint><Trackpoint><Time>2026-07-25T20:37:34.000Z</Time><Position><LatitudeDegrees>58.69565178998843</LatitudeDegrees><LongitudeDegrees>59.456412846445886</LongitudeDegrees></Position></Trackpoint><Trackpoint><Time>2026-07-25T20:37:35.000Z</Time><Position><LatitudeDegrees>58.695662524179426</LatitudeDegrees><LongitudeDegrees>59.45639915299624</LongitudeDegrees></Position></Trackpoint><Trackpoint><Time>2026-07-25T20:37:36.000Z</Time><Position><LatitudeDegrees>58.695673428918695</LatitudeDegrees><LongitudeDegrees>59.45638357469541</LongitudeDegrees></Position></Trackpoint><Trackpoint><Time>2026-07-25T20:37:37.000Z</Time><Position><LatitudeDegrees>58.695683983509895</LatitudeDegrees><LongitudeDegrees>59.45636726115886</LongitudeDegrees></Position></Trackpoint><Trackpoint><Time>2026-07-25T20:37:38.000Z</Time><Position><LatitudeDegrees>58.69569401845388</LatitudeDegrees><LongitudeDegrees>59.45635224903482</LongitudeDegrees></Position></Trackpoint><Trackpoint><Time>2026-07-25T20:37:39.000Z</Time><Position><LatitudeDegrees>58.695703530641175</LatitudeDegrees><LongitudeDegrees>59.45633872043801</LongitudeDegrees></Position></Trackpoint><Trackpoint><Time>2026-07-25T20:37:40.000Z</Time><Position><LatitudeDegrees>58.69571307549686</LatitudeDegrees><LongitudeDegrees>59.456327049571485</LongitudeDegrees></Position></Trackpoint><Trackpoint><Time>2026-07-25T20:37:41.000Z</Time><Position><LatitudeDegrees>58.69572287757055</LatitudeDegrees><LongitudeDegrees>59.4563151936652</LongitudeDegrees></Position></Trackpoint><Trackpoint><Time>2026-07-25T20:37:42.000Z</Time><Position><LatitudeDegrees>58.69573299632574</LatitudeDegrees><LongitudeDegrees>59.456303314409126</LongitudeDegrees></Position></Trackpoint><Trackpoint><Time>2026-07-25T20:37:43.000Z</Time><Position><LatitudeDegrees>58.69574341560587</LatitudeDegrees><LongitudeDegrees>59.456292460610754</LongitudeDegrees></Position></Trackpoint><Trackpoint><Time>2026-07-25T20:37:44.000Z</Time><Position><LatitudeDegrees>58.6957536005746</LatitudeDegrees><LongitudeDegrees>59.45628146375617</LongitudeDegrees></Position></Trackpoint><Trackpoint><Time>2026-07-25T20:37:45.000Z</Time><Position><LatitudeDegrees>58.695763361042005</LatitudeDegrees><LongitudeDegrees>59.45627181941591</LongitudeDegrees></Position></Trackpoint><Trackpoint><Time>2026-07-25T20:37:46.000Z</Time><Position><LatitudeDegrees>58.69577316277625</LatitudeDegrees><LongitudeDegrees>59.45626299070138</LongitudeDegrees></Position></Trackpoint><Trackpoint><Time>2026-07-25T20:37:47.000Z</Time><Position><LatitudeDegrees>58.69578319229966</LatitudeDegrees><LongitudeDegrees>59.456254651819634</LongitudeDegrees></Position></Trackpoint><Trackpoint><Time>2026-07-25T20:37:48.000Z</Time><Position><LatitudeDegrees>58.69579300758134</LatitudeDegrees><LongitudeDegrees>59.45624611611835</LongitudeDegrees></Position></Trackpoint><Trackpoint><Time>2026-07-25T20:37:49.000Z</Time><Position><LatitudeDegrees>58.69580294368644</LatitudeDegrees><LongitudeDegrees>59.456237615683314</LongitudeDegrees></Position></Trackpoint><Trackpoint><Time>2026-07-25T20:37:50.000Z</Time><Position><LatitudeDegrees>58.69581312309846</LatitudeDegrees><LongitudeDegrees>59.456228262347594</LongitudeDegrees></Position></Trackpoint><Trackpoint><Time>2026-07-25T20:37:51.000Z</Time><Position><LatitudeDegrees>58.69582356503213</LatitudeDegrees><LongitudeDegrees>59.45621731019231</LongitudeDegrees></Position></Trackpoint><Trackpoint><Time>2026-07-25T20:37:52.000Z</Time><Position><LatitudeDegrees>58.695834243706436</LatitudeDegrees><LongitudeDegrees>59.456205636450505</LongitudeDegrees></Position></Trackpoint><Trackpoint><Time>2026-07-25T20:37:53.000Z</Time><Position><LatitudeDegrees>58.69584511811861</LatitudeDegrees><LongitudeDegrees>59.45619418462116</LongitudeDegrees></Position></Trackpoint><Trackpoint><Time>2026-07-25T20:37:54.000Z</Time><Position><LatitudeDegrees>58.695856146259686</LatitudeDegrees><LongitudeDegrees>59.45618282517587</LongitudeDegrees></Position></Trackpoint><Trackpoint><Time>2026-07-25T20:37:55.000Z</Time><Position><LatitudeDegrees>58.69586729109809</LatitudeDegrees><LongitudeDegrees>59.45617100330255</LongitudeDegrees></Position></Trackpoint><Trackpoint><Time>2026-07-25T20:37:56.000Z</Time><Position><LatitudeDegrees>58.69587852240507</LatitudeDegrees><LongitudeDegrees>59.456159529084246</LongitudeDegrees></Position></Trackpoint><Trackpoint><Time>2026-07-25T20:37:57.000Z</Time><Position><LatitudeDegrees>58.6958898166333</LatitudeDegrees><LongitudeDegrees>59.45614820190856</LongitudeDegrees></Position></Trackpoint><Trackpoint><Time>2026-07-25T20:37:58.000Z</Time><Position><LatitudeDegrees>58.695901156009356</LatitudeDegrees><LongitudeDegrees>59.456138389115786</LongitudeDegrees></Position></Trackpoint><Trackpoint><Time>2026-07-25T20:37:59.000Z</Time><Position><LatitudeDegrees>58.69591203780829</LatitudeDegrees><LongitudeDegrees>59.456128501011015</LongitudeDegrees></Position></Trackpoint><Trackpoint><Time>2026-07-25T20:38:00.000Z</Time><Position><LatitudeDegrees>58.69592280333114</LatitudeDegrees><LongitudeDegrees>59.45611789257105</LongitudeDegrees></Position></Trackpoint><Trackpoint><Time>2026-07-25T20:38:01.000Z</Time><Position><LatitudeDegrees>58.6959331184503</LatitudeDegrees><LongitudeDegrees>59.456106390607765</LongitudeDegrees></Position></Trackpoint><Trackpoint><Time>2026-07-25T20:38:02.000Z</Time><Position><LatitudeDegrees>58.69594388259075</LatitudeDegrees><LongitudeDegrees>59.4560945280895</LongitudeDegrees></Position></Trackpoint><Trackpoint><Time>2026-07-25T20:38:03.000Z</Time><Position><LatitudeDegrees>58.69595442931324</LatitudeDegrees><LongitudeDegrees>59.45608403961893</LongitudeDegrees></Position></Trackpoint><Trackpoint><Time>2026-07-25T20:38:04.000Z</Time><Position><LatitudeDegrees>58.695964512061146</LatitudeDegrees><LongitudeDegrees>59.45607497359572</LongitudeDegrees></Position></Trackpoint><Trackpoint><Time>2026-07-25T20:38:05.000Z</Time><Position><LatitudeDegrees>58.69597408884465</LatitudeDegrees><LongitudeDegrees>59.45606716738351</LongitudeDegrees></Position></Trackpoint><Trackpoint><Time>2026-07-25T20:38:06.000Z</Time><Position><LatitudeDegrees>58.69598320731071</LatitudeDegrees><LongitudeDegrees>59.45605892347652</LongitudeDegrees></Position></Trackpoint><Trackpoint><Time>2026-07-25T20:38:07.000Z</Time><Position><LatitudeDegrees>58.69599194590629</LatitudeDegrees><LongitudeDegrees>59.45605057818396</LongitudeDegrees></Position></Trackpoint><Trackpoint><Time>2026-07-25T20:38:08.000Z</Time><Position><LatitudeDegrees>58.69600038569427</LatitudeDegrees><LongitudeDegrees>59.45604179341126</LongitudeDegrees></Position></Trackpoint><Trackpoint><Time>2026-07-25T20:38:09.000Z</Time><Position><LatitudeDegrees>58.69600908802116</LatitudeDegrees><LongitudeDegrees>59.45603297593702</LongitudeDegrees></Position></Trackpoint><Trackpoint><Time>2026-07-25T20:38:10.000Z</Time><Position><LatitudeDegrees>58.69601776076108</LatitudeDegrees><LongitudeDegrees>59.45602380787281</LongitudeDegrees></Position></Trackpoint><Trackpoint><Time>2026-07-25T20:38:11.000Z</Time><Position><LatitudeDegrees>58.696026777014914</LatitudeDegrees><LongitudeDegrees>59.456015672131116</LongitudeDegrees></Position></Trackpoint><Trackpoint><Time>2026-07-25T20:38:12.000Z</Time><Position><LatitudeDegrees>58.69603624634856</LatitudeDegrees><LongitudeDegrees>59.45600802652315</LongitudeDegrees></Position></Trackpoint><Trackpoint><Time>2026-07-25T20:38:13.000Z</Time><Position><LatitudeDegrees>58.69604615573281</LatitudeDegrees><LongitudeDegrees>59.456000584849576</LongitudeDegrees></Position></Trackpoint><Trackpoint><Time>2026-07-25T20:38:14.000Z</Time><Position><LatitudeDegrees>58.69605644332196</LatitudeDegrees><LongitudeDegrees>59.45599418229052</LongitudeDegrees></Position></Trackpoint><Trackpoint><Time>2026-07-25T20:38:15.000Z</Time><Position><LatitudeDegrees>58.69606703510386</LatitudeDegrees><LongitudeDegrees>59.45598951904285</LongitudeDegrees></Position></Trackpoint><Trackpoint><Time>2026-07-25T20:38:16.000Z</Time><Position><LatitudeDegrees>58.69607786155517</LatitudeDegrees><LongitudeDegrees>59.455985191401155</LongitudeDegrees></Position></Trackpoint><Trackpoint><Time>2026-07-25T20:38:17.000Z</Time><Position><LatitudeDegrees>58.696089353535</LatitudeDegrees><LongitudeDegrees>59.455980578198215</LongitudeDegrees></Position></Trackpoint><Trackpoint><Time>2026-07-25T20:38:18.000Z</Time><Position><LatitudeDegrees>58.6961006238447</LatitudeDegrees><LongitudeDegrees>59.45597643948924</LongitudeDegrees></Position></Trackpoint><Trackpoint><Time>2026-07-25T20:38:19.000Z</Time><Position><LatitudeDegrees>58.69611182516791</LatitudeDegrees><LongitudeDegrees>59.45597155855788</LongitudeDegrees></Position></Trackpoint><Trackpoint><Time>2026-07-25T20:38:20.000Z</Time><Position><LatitudeDegrees>58.69612302923917</LatitudeDegrees><LongitudeDegrees>59.45596503997226</LongitudeDegrees></Position></Trackpoint><Trackpoint><Time>2026-07-25T20:38:21.000Z</Time><Position><LatitudeDegrees>58.69613426524844</LatitudeDegrees><LongitudeDegrees>59.45595672515413</LongitudeDegrees></Position></Trackpoint><Trackpoint><Time>2026-07-25T20:38:22.000Z</Time><Position><LatitudeDegrees>58.69614554111792</LatitudeDegrees><LongitudeDegrees>59.45594775856063</LongitudeDegrees></Position></Trackpoint><Trackpoint><Time>2026-07-25T20:38:23.000Z</Time><Position><LatitudeDegrees>58.69615636538363</LatitudeDegrees><LongitudeDegrees>59.45593918478239</LongitudeDegrees></Position></Trackpoint><Trackpoint><Time>2026-07-25T20:38:24.000Z</Time><Position><LatitudeDegrees>58.69616708321758</LatitudeDegrees><LongitudeDegrees>59.455930404378165</LongitudeDegrees></Position></Trackpoint><Trackpoint><Time>2026-07-25T20:38:25.000Z</Time><Position><LatitudeDegrees>58.696176871212245</LatitudeDegrees><LongitudeDegrees>59.455922665830066</LongitudeDegrees></Position></Trackpoint><Trackpoint><Time>2026-07-25T20:38:26.000Z</Time><Position><LatitudeDegrees>58.696186488825646</LatitudeDegrees><LongitudeDegrees>59.45591732880523</LongitudeDegrees></Position></Trackpoint><Trackpoint><Time>2026-07-25T20:38:27.000Z</Time><Position><LatitudeDegrees>58.6961962706961</LatitudeDegrees><LongitudeDegrees>59.45591415541743</LongitudeDegrees></Position></Trackpoint><Trackpoint><Time>2026-07-25T20:38:28.000Z</Time><Position><LatitudeDegrees>58.696206333556674</LatitudeDegrees><LongitudeDegrees>59.45591276999766</LongitudeDegrees></Position></Trackpoint><Trackpoint><Time>2026-07-25T20:38:29.000Z</Time><Position><LatitudeDegrees>58.696216689417284</LatitudeDegrees><LongitudeDegrees>59.455913767571126</LongitudeDegrees></Position></Trackpoint><Trackpoint><Time>2026-07-25T20:38:30.000Z</Time><Position><LatitudeDegrees>58.69622730561791</LatitudeDegrees><LongitudeDegrees>59.45591610811425</LongitudeDegrees></Position></Trackpoint><Trackpoint><Time>2026-07-25T20:38:31.000Z</Time><Position><LatitudeDegrees>58.69623764568319</LatitudeDegrees><LongitudeDegrees>59.455921149385</LongitudeDegrees></Position></Trackpoint><Trackpoint><Time>2026-07-25T20:38:32.000Z</Time><Position><LatitudeDegrees>58.696247524116245</LatitudeDegrees><LongitudeDegrees>59.45592861430844</LongitudeDegrees></Position></Trackpoint><Trackpoint><Time>2026-07-25T20:38:33.000Z</Time><Position><LatitudeDegrees>58.69625643416244</LatitudeDegrees><LongitudeDegrees>59.45593709848251</LongitudeDegrees></Position></Trackpoint><Trackpoint><Time>2026-07-25T20:38:34.000Z</Time><Position><LatitudeDegrees>58.696264781024944</LatitudeDegrees><LongitudeDegrees>59.45594687192955</LongitudeDegrees></Position></Trackpoint><Trackpoint><Time>2026-07-25T20:38:35.000Z</Time><Position><LatitudeDegrees>58.696272314253065</LatitudeDegrees><LongitudeDegrees>59.45595836998815</LongitudeDegrees></Position></Trackpoint><Trackpoint><Time>2026-07-25T20:38:36.000Z</Time><Position><LatitudeDegrees>58.69628001435285</LatitudeDegrees><LongitudeDegrees>59.455972040204614</LongitudeDegrees></Position></Trackpoint><Trackpoint><Time>2026-07-25T20:38:37.000Z</Time><Position><LatitudeDegrees>58.696287284490424</LatitudeDegrees><LongitudeDegrees>59.45598827771086</LongitudeDegrees></Position></Trackpoint><Trackpoint><Time>2026-07-25T20:38:38.000Z</Time><Position><LatitudeDegrees>58.69629442366531</LatitudeDegrees><LongitudeDegrees>59.45600446767454</LongitudeDegrees></Position></Trackpoint><Trackpoint><Time>2026-07-25T20:38:39.000Z</Time><Position><LatitudeDegrees>58.69630157182433</LatitudeDegrees><LongitudeDegrees>59.4560190497119</LongitudeDegrees></Position></Trackpoint><Trackpoint><Time>2026-07-25T20:38:40.000Z</Time><Position><LatitudeDegrees>58.69630927505979</LatitudeDegrees><LongitudeDegrees>59.45603158757978</LongitudeDegrees></Position></Trackpoint><Trackpoint><Time>2026-07-25T20:38:41.000Z</Time><Position><LatitudeDegrees>58.69631719741687</LatitudeDegrees><LongitudeDegrees>59.45604559125909</LongitudeDegrees></Position></Trackpoint><Trackpoint><Time>2026-07-25T20:38:42.000Z</Time><Position><LatitudeDegrees>58.69632468280362</LatitudeDegrees><LongitudeDegrees>59.456062807752964</LongitudeDegrees></Position></Trackpoint><Trackpoint><Time>2026-07-25T20:38:43.000Z</Time><Position><LatitudeDegrees>58.6963320067146</LatitudeDegrees><LongitudeDegrees>59.45608501300751</LongitudeDegrees></Position></Trackpoint><Trackpoint><Time>2026-07-25T20:38:44.000Z</Time><Position><LatitudeDegrees>58.6963388137222</LatitudeDegrees><LongitudeDegrees>59.45611033967421</LongitudeDegrees></Position></Trackpoint><Trackpoint><Time>2026-07-25T20:38:45.000Z</Time><Position><LatitudeDegrees>58.69634502379325</LatitudeDegrees><LongitudeDegrees>59.456136149256295</LongitudeDegrees></Position></Trackpoint><Trackpoint><Time>2026-07-25T20:38:46.000Z</Time><Position><LatitudeDegrees>58.69635117019394</LatitudeDegrees><LongitudeDegrees>59.45616178276197</LongitudeDegrees></Position></Trackpoint><Trackpoint><Time>2026-07-25T20:38:47.000Z</Time><Position><LatitudeDegrees>58.696357480713075</LatitudeDegrees><LongitudeDegrees>59.45618748100618</LongitudeDegrees></Position></Trackpoint><Trackpoint><Time>2026-07-25T20:38:48.000Z</Time><Position><LatitudeDegrees>58.69636304887608</LatitudeDegrees><LongitudeDegrees>59.45621284524486</LongitudeDegrees></Position></Trackpoint><Trackpoint><Time>2026-07-25T20:38:49.000Z</Time><Position><LatitudeDegrees>58.69636857586802</LatitudeDegrees><LongitudeDegrees>59.456237754131</LongitudeDegrees></Position></Trackpoint><Trackpoint><Time>2026-07-25T20:38:50.000Z</Time><Position><LatitudeDegrees>58.69637435574453</LatitudeDegrees><LongitudeDegrees>59.45626417457615</LongitudeDegrees></Position></Trackpoint><Trackpoint><Time>2026-07-25T20:38:51.000Z</Time><Position><LatitudeDegrees>58.69638047715018</LatitudeDegrees><LongitudeDegrees>59.45628978495004</LongitudeDegrees></Position></Trackpoint><Trackpoint><Time>2026-07-25T20:38:52.000Z</Time><Position><LatitudeDegrees>58.69638644314639</LatitudeDegrees><LongitudeDegrees>59.45631422270994</LongitudeDegrees></Position></Trackpoint><Trackpoint><Time>2026-07-25T20:38:53.000Z</Time><Position><LatitudeDegrees>58.696392069023844</LatitudeDegrees><LongitudeDegrees>59.4563369994413</LongitudeDegrees></Position></Trackpoint><Trackpoint><Time>2026-07-25T20:38:54.000Z</Time><Position><LatitudeDegrees>58.69639732236682</LatitudeDegrees><LongitudeDegrees>59.45635763757858</LongitudeDegrees></Position></Trackpoint><Trackpoint><Time>2026-07-25T20:38:55.000Z</Time><Position><LatitudeDegrees>58.696402237639674</LatitudeDegrees><LongitudeDegrees>59.4563767045403</LongitudeDegrees></Position></Trackpoint><Trackpoint><Time>2026-07-25T20:38:56.000Z</Time><Position><LatitudeDegrees>58.696407362037384</LatitudeDegrees><LongitudeDegrees>59.456395125276956</LongitudeDegrees></Position></Trackpoint><Trackpoint><Time>2026-07-25T20:38:57.000Z</Time><Position><LatitudeDegrees>58.69641338368286</LatitudeDegrees><LongitudeDegrees>59.45641336365601</LongitudeDegrees></Position></Trackpoint><Trackpoint><Time>2026-07-25T20:38:58.000Z</Time><Position><LatitudeDegrees>58.69641998119704</LatitudeDegrees><LongitudeDegrees>59.4564321237295</LongitudeDegrees></Position></Trackpoint><Trackpoint><Time>2026-07-25T20:38:59.000Z</Time><Position><LatitudeDegrees>58.69642694831343</LatitudeDegrees><LongitudeDegrees>59.45645309732269</LongitudeDegrees></Position></Trackpoint><Trackpoint><Time>2026-07-25T20:39:00.000Z</Time><Position><LatitudeDegrees>58.69643366303612</LatitudeDegrees><LongitudeDegrees>59.45647522825189</LongitudeDegrees></Position></Trackpoint><Trackpoint><Time>2026-07-25T20:39:01.000Z</Time><Position><LatitudeDegrees>58.69644088082203</LatitudeDegrees><LongitudeDegrees>59.45649695378187</LongitudeDegrees></Position></Trackpoint><Trackpoint><Time>2026-07-25T20:39:02.000Z</Time><Position><LatitudeDegrees>58.6964483586155</LatitudeDegrees><LongitudeDegrees>59.45651719274791</LongitudeDegrees></Position></Trackpoint><Trackpoint><Time>2026-07-25T20:39:03.000Z</Time><Position><LatitudeDegrees>58.696455962946516</LatitudeDegrees><LongitudeDegrees>59.45653569068855</LongitudeDegrees></Position></Trackpoint><Trackpoint><Time>2026-07-25T20:39:04.000Z</Time><Position><LatitudeDegrees>58.69646411221739</LatitudeDegrees><LongitudeDegrees>59.45655207665543</LongitudeDegrees></Position></Trackpoint><Trackpoint><Time>2026-07-25T20:39:05.000Z</Time><Position><LatitudeDegrees>58.69647241918734</LatitudeDegrees><LongitudeDegrees>59.456567448169515</LongitudeDegrees></Position></Trackpoint><Trackpoint><Time>2026-07-25T20:39:06.000Z</Time><Position><LatitudeDegrees>58.69648119374786</LatitudeDegrees><LongitudeDegrees>59.45658238743003</LongitudeDegrees></Position></Trackpoint><Trackpoint><Time>2026-07-25T20:39:07.000Z</Time><Position><LatitudeDegrees>58.696490503508066</LatitudeDegrees><LongitudeDegrees>59.456594741632024</LongitudeDegrees></Position></Trackpoint><Trackpoint><Time>2026-07-25T20:39:08.000Z</Time><Position><LatitudeDegrees>58.69650030761959</LatitudeDegrees><LongitudeDegrees>59.45660395596697</LongitudeDegrees></Position></Trackpoint><Trackpoint><Time>2026-07-25T20:39:09.000Z</Time><Position><LatitudeDegrees>58.696510525810446</LatitudeDegrees><LongitudeDegrees>59.4566102049434</LongitudeDegrees></Position></Trackpoint><Trackpoint><Time>2026-07-25T20:39:10.000Z</Time><Position><LatitudeDegrees>58.69652107187551</LatitudeDegrees><LongitudeDegrees>59.45661492025027</LongitudeDegrees></Position></Trackpoint><Trackpoint><Time>2026-07-25T20:39:11.000Z</Time><Position><LatitudeDegrees>58.696531378619866</LatitudeDegrees><LongitudeDegrees>59.45661888834898</LongitudeDegrees></Position></Trackpoint><Trackpoint><Time>2026-07-25T20:39:12.000Z</Time><Position><LatitudeDegrees>58.69654222239141</LatitudeDegrees><LongitudeDegrees>59.456621549812375</LongitudeDegrees></Position></Trackpoint><Trackpoint><Time>2026-07-25T20:39:13.000Z</Time><Position><LatitudeDegrees>58.69655434360009</LatitudeDegrees><LongitudeDegrees>59.45662235234374</LongitudeDegrees></Position></Trackpoint><Trackpoint><Time>2026-07-25T20:39:14.000Z</Time><Position><LatitudeDegrees>58.69656739360368</LatitudeDegrees><LongitudeDegrees>59.45662277591184</LongitudeDegrees></Position></Trackpoint><Trackpoint><Time>2026-07-25T20:39:15.000Z</Time><Position><LatitudeDegrees>58.69658159922087</LatitudeDegrees><LongitudeDegrees>59.45662445787776</LongitudeDegrees></Position></Trackpoint><Trackpoint><Time>2026-07-25T20:39:16.000Z</Time><Position><LatitudeDegrees>58.696596415931296</LatitudeDegrees><LongitudeDegrees>59.456627911047946</LongitudeDegrees></Position></Trackpoint><Trackpoint><Time>2026-07-25T20:39:17.000Z</Time><Position><LatitudeDegrees>58.696611541050416</LatitudeDegrees><LongitudeDegrees>59.456632629671184</LongitudeDegrees></Position></Trackpoint><Trackpoint><Time>2026-07-25T20:39:18.000Z</Time><Position><LatitudeDegrees>58.69662632072824</LatitudeDegrees><LongitudeDegrees>59.45663726382204</LongitudeDegrees></Position></Trackpoint><Trackpoint><Time>2026-07-25T20:39:19.000Z</Time><Position><LatitudeDegrees>58.69664004041378</LatitudeDegrees><LongitudeDegrees>59.45664175800872</LongitudeDegrees></Position></Trackpoint><Trackpoint><Time>2026-07-25T20:39:20.000Z</Time><Position><LatitudeDegrees>58.6966520522689</LatitudeDegrees><LongitudeDegrees>59.456648065784535</LongitudeDegrees></Position></Trackpoint><Trackpoint><Time>2026-07-25T20:39:21.000Z</Time><Position><LatitudeDegrees>58.69666279830032</LatitudeDegrees><LongitudeDegrees>59.456656269305824</LongitudeDegrees></Position></Trackpoint><Trackpoint><Time>2026-07-25T20:39:22.000Z</Time><Position><LatitudeDegrees>58.69667262300771</LatitudeDegrees><LongitudeDegrees>59.456665669480635</LongitudeDegrees></Position></Trackpoint><Trackpoint><Time>2026-07-25T20:39:23.000Z</Time><Position><LatitudeDegrees>58.69668227612867</LatitudeDegrees><LongitudeDegrees>59.45667631442154</LongitudeDegrees></Position></Trackpoint><Trackpoint><Time>2026-07-25T20:39:24.000Z</Time><Position><LatitudeDegrees>58.69669159884239</LatitudeDegrees><LongitudeDegrees>59.45668855378968</LongitudeDegrees></Position></Trackpoint><Trackpoint><Time>2026-07-25T20:39:25.000Z</Time><Position><LatitudeDegrees>58.696701057759064</LatitudeDegrees><LongitudeDegrees>59.456700368502375</LongitudeDegrees></Position></Trackpoint><Trackpoint><Time>2026-07-25T20:39:26.000Z</Time><Position><LatitudeDegrees>58.696710827562875</LatitudeDegrees><LongitudeDegrees>59.456710981537924</LongitudeDegrees></Position></Trackpoint><Trackpoint><Time>2026-07-25T20:39:27.000Z</Time><Position><LatitudeDegrees>58.69672045068208</LatitudeDegrees><LongitudeDegrees>59.456720716736946</LongitudeDegrees></Position></Trackpoint><Trackpoint><Time>2026-07-25T20:39:28.000Z</Time><Position><LatitudeDegrees>58.696729267889516</LatitudeDegrees><LongitudeDegrees>59.45673128896865</LongitudeDegrees></Position></Trackpoint><Trackpoint><Time>2026-07-25T20:39:29.000Z</Time><Position><LatitudeDegrees>58.69673760074162</LatitudeDegrees><LongitudeDegrees>59.456742807430864</LongitudeDegrees></Position></Trackpoint><Trackpoint><Time>2026-07-25T20:39:30.000Z</Time><Position><LatitudeDegrees>58.69674564383233</LatitudeDegrees><LongitudeDegrees>59.45675470603703</LongitudeDegrees></Position></Trackpoint><Trackpoint><Time>2026-07-25T20:39:31.000Z</Time><Position><LatitudeDegrees>58.69675400410298</LatitudeDegrees><LongitudeDegrees>59.45676523403107</LongitudeDegrees></Position></Trackpoint><Trackpoint><Time>2026-07-25T20:39:32.000Z</Time><Position><LatitudeDegrees>58.696763380413294</LatitudeDegrees><LongitudeDegrees>59.45677531514108</LongitudeDegrees></Position></Trackpoint><Trackpoint><Time>2026-07-25T20:39:33.000Z</Time><Position><LatitudeDegrees>58.696773440559255</LatitudeDegrees><LongitudeDegrees>59.456785387146</LongitudeDegrees></Position></Trackpoint><Trackpoint><Time>2026-07-25T20:39:34.000Z</Time><Position><LatitudeDegrees>58.69678347034827</LatitudeDegrees><LongitudeDegrees>59.456794652285176</LongitudeDegrees></Position></Trackpoint><Trackpoint><Time>2026-07-25T20:39:35.000Z</Time><Position><LatitudeDegrees>58.69679317954829</LatitudeDegrees><LongitudeDegrees>59.4568038647954</LongitudeDegrees></Position></Trackpoint><Trackpoint><Time>2026-07-25T20:39:36.000Z</Time><Position><LatitudeDegrees>58.696802489779174</LatitudeDegrees><LongitudeDegrees>59.456813342051376</LongitudeDegrees></Position></Trackpoint><Trackpoint><Time>2026-07-25T20:39:37.000Z</Time><Position><LatitudeDegrees>58.69681093035785</LatitudeDegrees><LongitudeDegrees>59.45682367038951</LongitudeDegrees></Position></Trackpoint><Trackpoint><Time>2026-07-25T20:39:38.000Z</Time><Position><LatitudeDegrees>58.69681890867049</LatitudeDegrees><LongitudeDegrees>59.45683547165819</LongitudeDegrees></Position></Trackpoint><Trackpoint><Time>2026-07-25T20:39:39.000Z</Time><Position><LatitudeDegrees>58.69682616221283</LatitudeDegrees><LongitudeDegrees>59.456848812906905</LongitudeDegrees></Position></Trackpoint><Trackpoint><Time>2026-07-25T20:39:40.000Z</Time><Position><LatitudeDegrees>58.69683218628941</LatitudeDegrees><LongitudeDegrees>59.45686450331601</LongitudeDegrees></Position></Trackpoint><Trackpoint><Time>2026-07-25T20:39:41.000Z</Time><Position><LatitudeDegrees>58.696837420460504</LatitudeDegrees><LongitudeDegrees>59.45688257462179</LongitudeDegrees></Position></Trackpoint><Trackpoint><Time>2026-07-25T20:39:42.000Z</Time><Position><LatitudeDegrees>58.696841657524246</LatitudeDegrees><LongitudeDegrees>59.45690273430979</LongitudeDegrees></Position></Trackpoint><Trackpoint><Time>2026-07-25T20:39:43.000Z</Time><Position><LatitudeDegrees>58.6968449401252</LatitudeDegrees><LongitudeDegrees>59.456925083482766</LongitudeDegrees></Position></Trackpoint><Trackpoint><Time>2026-07-25T20:39:44.000Z</Time><Position><LatitudeDegrees>58.696848387550936</LatitudeDegrees><LongitudeDegrees>59.45694742431862</LongitudeDegrees></Position></Trackpoint><Trackpoint><Time>2026-07-25T20:39:45.000Z</Time><Position><LatitudeDegrees>58.69685146038514</LatitudeDegrees><LongitudeDegrees>59.45696885275098</LongitudeDegrees></Position></Trackpoint><Trackpoint><Time>2026-07-25T20:39:46.000Z</Time><Position><LatitudeDegrees>58.696853984556434</LatitudeDegrees><LongitudeDegrees>59.45699009278202</LongitudeDegrees></Position></Trackpoint><Trackpoint><Time>2026-07-25T20:39:47.000Z</Time><Position><LatitudeDegrees>58.696856938017724</LatitudeDegrees><LongitudeDegrees>59.45700950831853</LongitudeDegrees></Position></Trackpoint><Trackpoint><Time>2026-07-25T20:39:48.000Z</Time><Position><LatitudeDegrees>58.69685968920266</LatitudeDegrees><LongitudeDegrees>59.45702910778696</LongitudeDegrees></Position></Trackpoint><Trackpoint><Time>2026-07-25T20:39:49.000Z</Time><Position><LatitudeDegrees>58.69686249358365</LatitudeDegrees><LongitudeDegrees>59.457049694716915</LongitudeDegrees></Position></Trackpoint><Trackpoint><Time>2026-07-25T20:39:50.000Z</Time><Position><LatitudeDegrees>58.696864959934494</LatitudeDegrees><LongitudeDegrees>59.4570714732895</LongitudeDegrees></Position></Trackpoint><Trackpoint><Time>2026-07-25T20:39:51.000Z</Time><Position><LatitudeDegrees>58.696865012078376</LatitudeDegrees><LongitudeDegrees>59.45709339542653</LongitudeDegrees></Position></Trackpoint><Trackpoint><Time>2026-07-25T20:39:52.000Z</Time><Position><LatitudeDegrees>58.6968630840575</LatitudeDegrees><LongitudeDegrees>59.45711501106818</LongitudeDegrees></Position></Trackpoint><Trackpoint><Time>2026-07-25T20:39:53.000Z</Time><Position><LatitudeDegrees>58.696858629554825</LatitudeDegrees><LongitudeDegrees>59.457138622256124</LongitudeDegrees></Position></Trackpoint><Trackpoint><Time>2026-07-25T20:39:54.000Z</Time><Position><LatitudeDegrees>58.69685223745952</LatitudeDegrees><LongitudeDegrees>59.45716198325883</LongitudeDegrees></Position></Trackpoint><Trackpoint><Time>2026-07-25T20:39:55.000Z</Time><Position><LatitudeDegrees>58.69684684703594</LatitudeDegrees><LongitudeDegrees>59.45718469093067</LongitudeDegrees></Position></Trackpoint><Trackpoint><Time>2026-07-25T20:39:56.000Z</Time><Position><LatitudeDegrees>58.69684451942937</LatitudeDegrees><LongitudeDegrees>59.45720568387562</LongitudeDegrees></Position></Trackpoint><Trackpoint><Time>2026-07-25T20:39:57.000Z</Time><Position><LatitudeDegrees>58.69684717921209</LatitudeDegrees><LongitudeDegrees>59.4572242554474</LongitudeDegrees></Position></Trackpoint><Trackpoint><Time>2026-07-25T20:39:58.000Z</Time><Position><LatitudeDegrees>58.696854978863286</LatitudeDegrees><LongitudeDegrees>59.45724238384755</LongitudeDegrees></Position></Trackpoint><Trackpoint><Time>2026-07-25T20:39:59.000Z</Time><Position><LatitudeDegrees>58.696866342263384</LatitudeDegrees><LongitudeDegrees>59.457260451035225</LongitudeDegrees></Position></Trackpoint><Trackpoint><Time>2026-07-25T20:40:00.000Z</Time><Position><LatitudeDegrees>58.6968796733014</LatitudeDegrees><LongitudeDegrees>59.45727911178109</LongitudeDegrees></Position></Trackpoint><Trackpoint><Time>2026-07-25T20:40:01.000Z</Time><Position><LatitudeDegrees>58.69689357249164</LatitudeDegrees><LongitudeDegrees>59.45729806994862</LongitudeDegrees></Position></Trackpoint><Trackpoint><Time>2026-07-25T20:40:02.000Z</Time><Position><LatitudeDegrees>58.69690739055774</LatitudeDegrees><LongitudeDegrees>59.45731716540531</LongitudeDegrees></Position></Trackpoint><Trackpoint><Time>2026-07-25T20:40:03.000Z</Time><Position><LatitudeDegrees>58.696920870518206</LatitudeDegrees><LongitudeDegrees>59.45733582497177</LongitudeDegrees></Position></Trackpoint><Trackpoint><Time>2026-07-25T20:40:04.000Z</Time><Position><LatitudeDegrees>58.69693346032422</LatitudeDegrees><LongitudeDegrees>59.45735386853947</LongitudeDegrees></Position></Trackpoint><Trackpoint><Time>2026-07-25T20:40:05.000Z</Time><Position><LatitudeDegrees>58.69694504687364</LatitudeDegrees><LongitudeDegrees>59.457370321774974</LongitudeDegrees></Position></Trackpoint><Trackpoint><Time>2026-07-25T20:40:06.000Z</Time><Position><LatitudeDegrees>58.69695571235369</LatitudeDegrees><LongitudeDegrees>59.45738645636387</LongitudeDegrees></Position></Trackpoint><Trackpoint><Time>2026-07-25T20:40:07.000Z</Time><Position><LatitudeDegrees>58.69696609844031</LatitudeDegrees><LongitudeDegrees>59.45740234731589</LongitudeDegrees></Position></Trackpoint><Trackpoint><Time>2026-07-25T20:40:08.000Z</Time><Position><LatitudeDegrees>58.696976015646136</LatitudeDegrees><LongitudeDegrees>59.45741952562482</LongitudeDegrees></Position></Trackpoint><Trackpoint><Time>2026-07-25T20:40:09.000Z</Time><Position><LatitudeDegrees>58.6969854461141</LatitudeDegrees><LongitudeDegrees>59.45743698774278</LongitudeDegrees></Position></Trackpoint><Trackpoint><Time>2026-07-25T20:40:10.000Z</Time><Position><LatitudeDegrees>58.69699444496214</LatitudeDegrees><LongitudeDegrees>59.45745379433822</LongitudeDegrees></Position></Trackpoint><Trackpoint><Time>2026-07-25T20:40:11.000Z</Time><Position><LatitudeDegrees>58.6970030902874</LatitudeDegrees><LongitudeDegrees>59.45747062191964</LongitudeDegrees></Position></Trackpoint><Trackpoint><Time>2026-07-25T20:40:12.000Z</Time><Position><LatitudeDegrees>58.697011459627035</LatitudeDegrees><LongitudeDegrees>59.45748774640228</LongitudeDegrees></Position></Trackpoint><Trackpoint><Time>2026-07-25T20:40:13.000Z</Time><Position><LatitudeDegrees>58.697019620335745</LatitudeDegrees><LongitudeDegrees>59.457505243310415</LongitudeDegrees></Position></Trackpoint><Trackpoint><Time>2026-07-25T20:40:14.000Z</Time><Position><LatitudeDegrees>58.69702811654054</LatitudeDegrees><LongitudeDegrees>59.45752309594721</LongitudeDegrees></Position></Trackpoint><Trackpoint><Time>2026-07-25T20:40:15.000Z</Time><Position><LatitudeDegrees>58.6970361500494</LatitudeDegrees><LongitudeDegrees>59.457540762168506</LongitudeDegrees></Position></Trackpoint><Trackpoint><Time>2026-07-25T20:40:16.000Z</Time><Position><LatitudeDegrees>58.6970444307478</LatitudeDegrees><LongitudeDegrees>59.45755902184864</LongitudeDegrees></Position></Trackpoint><Trackpoint><Time>2026-07-25T20:40:17.000Z</Time><Position><LatitudeDegrees>58.69705272965324</LatitudeDegrees><LongitudeDegrees>59.45757665116446</LongitudeDegrees></Position></Trackpoint><Trackpoint><Time>2026-07-25T20:40:18.000Z</Time><Position><LatitudeDegrees>58.6970604605156</LatitudeDegrees><LongitudeDegrees>59.457594206232336</LongitudeDegrees></Position></Trackpoint><Trackpoint><Time>2026-07-25T20:40:19.000Z</Time><Position><LatitudeDegrees>58.69706745480502</LatitudeDegrees><LongitudeDegrees>59.457612415219764</LongitudeDegrees></Position></Trackpoint><Trackpoint><Time>2026-07-25T20:40:20.000Z</Time><Position><LatitudeDegrees>58.697074227263926</LatitudeDegrees><LongitudeDegrees>59.457630514859574</LongitudeDegrees></Position></Trackpoint><Trackpoint><Time>2026-07-25T20:40:21.000Z</Time><Position><LatitudeDegrees>58.697081507962636</LatitudeDegrees><LongitudeDegrees>59.45764771523688</LongitudeDegrees></Position></Trackpoint><Trackpoint><Time>2026-07-25T20:40:22.000Z</Time><Position><LatitudeDegrees>58.69708953233665</LatitudeDegrees><LongitudeDegrees>59.4576647856786</LongitudeDegrees></Position></Trackpoint><Trackpoint><Time>2026-07-25T20:40:23.000Z</Time><Position><LatitudeDegrees>58.697098301896546</LatitudeDegrees><LongitudeDegrees>59.45768205969626</LongitudeDegrees></Position></Trackpoint><Trackpoint><Time>2026-07-25T20:40:24.000Z</Time><Position><LatitudeDegrees>58.69710772162096</LatitudeDegrees><LongitudeDegrees>59.45769915890174</LongitudeDegrees></Position></Trackpoint><Trackpoint><Time>2026-07-25T20:40:25.000Z</Time><Position><LatitudeDegrees>58.697117179318674</LatitudeDegrees><LongitudeDegrees>59.457715949899075</LongitudeDegrees></Position></Trackpoint><Trackpoint><Time>2026-07-25T20:40:26.000Z</Time><Position><LatitudeDegrees>58.697125928384494</LatitudeDegrees><LongitudeDegrees>59.45773241730941</LongitudeDegrees></Position></Trackpoint><Trackpoint><Time>2026-07-25T20:40:27.000Z</Time><Position><LatitudeDegrees>58.69713375229334</LatitudeDegrees><LongitudeDegrees>59.45774957555235</LongitudeDegrees></Position></Trackpoint><Trackpoint><Time>2026-07-25T20:40:28.000Z</Time><Position><LatitudeDegrees>58.69714117022607</LatitudeDegrees><LongitudeDegrees>59.457766774511164</LongitudeDegrees></Position></Trackpoint><Trackpoint><Time>2026-07-25T20:40:29.000Z</Time><Position><LatitudeDegrees>58.6971484481051</LatitudeDegrees><LongitudeDegrees>59.4577842308309</LongitudeDegrees></Position></Trackpoint><Trackpoint><Time>2026-07-25T20:40:30.000Z</Time><Position><LatitudeDegrees>58.69715571342183</LatitudeDegrees><LongitudeDegrees>59.457802000701335</LongitudeDegrees></Position></Trackpoint><Trackpoint><Time>2026-07-25T20:40:31.000Z</Time><Position><LatitudeDegrees>58.69716302029382</LatitudeDegrees><LongitudeDegrees>59.457820067019526</LongitudeDegrees></Position></Trackpoint><Trackpoint><Time>2026-07-25T20:40:32.000Z</Time><Position><LatitudeDegrees>58.69717087528555</LatitudeDegrees><LongitudeDegrees>59.4578383846933</LongitudeDegrees></Position></Trackpoint><Trackpoint><Time>2026-07-25T20:40:33.000Z</Time><Position><LatitudeDegrees>58.697178437445594</LatitudeDegrees><LongitudeDegrees>59.45785592366983</LongitudeDegrees></Position></Trackpoint><Trackpoint><Time>2026-07-25T20:40:34.000Z</Time><Position><LatitudeDegrees>58.697185398026605</LatitudeDegrees><LongitudeDegrees>59.457872849294276</LongitudeDegrees></Position></Trackpoint><Trackpoint><Time>2026-07-25T20:40:35.000Z</Time><Position><LatitudeDegrees>58.697191707087896</LatitudeDegrees><LongitudeDegrees>59.45789028760531</LongitudeDegrees></Position></Trackpoint><Trackpoint><Time>2026-07-25T20:40:36.000Z</Time><Position><LatitudeDegrees>58.69719840690503</LatitudeDegrees><LongitudeDegrees>59.45790814693005</LongitudeDegrees></Position></Trackpoint><Trackpoint><Time>2026-07-25T20:40:37.000Z</Time><Position><LatitudeDegrees>58.69720734540078</LatitudeDegrees><LongitudeDegrees>59.45792486664622</LongitudeDegrees></Position></Trackpoint><Trackpoint><Time>2026-07-25T20:40:38.000Z</Time><Position><LatitudeDegrees>58.697218017059114</LatitudeDegrees><LongitudeDegrees>59.457939950304564</LongitudeDegrees></Position></Trackpoint><Trackpoint><Time>2026-07-25T20:40:39.000Z</Time><Position><LatitudeDegrees>58.697229501632265</LatitudeDegrees><LongitudeDegrees>59.45795389304688</LongitudeDegrees></Position></Trackpoint><Trackpoint><Time>2026-07-25T20:40:40.000Z</Time><Position><LatitudeDegrees>58.69724180540574</LatitudeDegrees><LongitudeDegrees>59.45796704522391</LongitudeDegrees></Position></Trackpoint><Trackpoint><Time>2026-07-25T20:40:41.000Z</Time><Position><LatitudeDegrees>58.697254336214385</LatitudeDegrees><LongitudeDegrees>59.45798014220026</LongitudeDegrees></Position></Trackpoint><Trackpoint><Time>2026-07-25T20:40:42.000Z</Time><Position><LatitudeDegrees>58.697267310655846</LatitudeDegrees><LongitudeDegrees>59.457993004297904</LongitudeDegrees></Position></Trackpoint><Trackpoint><Time>2026-07-25T20:40:43.000Z</Time><Position><LatitudeDegrees>58.69727978177141</LatitudeDegrees><LongitudeDegrees>59.45800558766576</LongitudeDegrees></Position></Trackpoint><Trackpoint><Time>2026-07-25T20:40:44.000Z</Time><Position><LatitudeDegrees>58.69729142417302</LatitudeDegrees><LongitudeDegrees>59.45801839962965</LongitudeDegrees></Position></Trackpoint><Trackpoint><Time>2026-07-25T20:40:45.000Z</Time><Position><LatitudeDegrees>58.6973022102192</LatitudeDegrees><LongitudeDegrees>59.45803161978332</LongitudeDegrees></Position></Trackpoint><Trackpoint><Time>2026-07-25T20:40:46.000Z</Time><Position><LatitudeDegrees>58.69731174882758</LatitudeDegrees><LongitudeDegrees>59.458046248920155</LongitudeDegrees></Position></Trackpoint><Trackpoint><Time>2026-07-25T20:40:47.000Z</Time><Position><LatitudeDegrees>58.69732101826539</LatitudeDegrees><LongitudeDegrees>59.45806153913816</LongitudeDegrees></Position></Trackpoint><Trackpoint><Time>2026-07-25T20:40:48.000Z</Time><Position><LatitudeDegrees>58.69732996635271</LatitudeDegrees><LongitudeDegrees>59.45807660796695</LongitudeDegrees></Position></Trackpoint><Trackpoint><Time>2026-07-25T20:40:49.000Z</Time><Position><LatitudeDegrees>58.69733861284496</LatitudeDegrees><LongitudeDegrees>59.45809209961202</LongitudeDegrees></Position></Trackpoint><Trackpoint><Time>2026-07-25T20:40:50.000Z</Time><Position><LatitudeDegrees>58.69734749419797</LatitudeDegrees><LongitudeDegrees>59.458107735500214</LongitudeDegrees></Position></Trackpoint><Trackpoint><Time>2026-07-25T20:40:51.000Z</Time><Position><LatitudeDegrees>58.69735680119811</LatitudeDegrees><LongitudeDegrees>59.458122892781816</LongitudeDegrees></Position></Trackpoint><Trackpoint><Time>2026-07-25T20:40:52.000Z</Time><Position><LatitudeDegrees>58.69736557856518</LatitudeDegrees><LongitudeDegrees>59.45813737637497</LongitudeDegrees></Position></Trackpoint><Trackpoint><Time>2026-07-25T20:40:53.000Z</Time><Position><LatitudeDegrees>58.69737399047115</LatitudeDegrees><LongitudeDegrees>59.45815168201598</LongitudeDegrees></Position></Trackpoint><Trackpoint><Time>2026-07-25T20:40:54.000Z</Time><Position><LatitudeDegrees>58.69738215143389</LatitudeDegrees><LongitudeDegrees>59.45816554709485</LongitudeDegrees></Position></Trackpoint><Trackpoint><Time>2026-07-25T20:40:55.000Z</Time><Position><LatitudeDegrees>58.69738965121326</LatitudeDegrees><LongitudeDegrees>59.458179409616136</LongitudeDegrees></Position></Trackpoint><Trackpoint><Time>2026-07-25T20:40:56.000Z</Time><Position><LatitudeDegrees>58.697396405720546</LatitudeDegrees><LongitudeDegrees>59.45819296068236</LongitudeDegrees></Position></Trackpoint><Trackpoint><Time>2026-07-25T20:40:57.000Z</Time><Position><LatitudeDegrees>58.69740345520101</LatitudeDegrees><LongitudeDegrees>59.45820758188588</LongitudeDegrees></Position></Trackpoint><Trackpoint><Time>2026-07-25T20:40:58.000Z</Time><Position><LatitudeDegrees>58.697410210981744</LatitudeDegrees><LongitudeDegrees>59.458222725640766</LongitudeDegrees></Position></Trackpoint><Trackpoint><Time>2026-07-25T20:40:59.000Z</Time><Position><LatitudeDegrees>58.69741744754476</LatitudeDegrees><LongitudeDegrees>59.45823858897481</LongitudeDegrees></Position></Trackpoint><Trackpoint><Time>2026-07-25T20:41:00.000Z</Time><Position><LatitudeDegrees>58.6974254221399</LatitudeDegrees><LongitudeDegrees>59.45825467106311</LongitudeDegrees></Position></Trackpoint><Trackpoint><Time>2026-07-25T20:41:01.000Z</Time><Position><LatitudeDegrees>58.69743365637531</LatitudeDegrees><LongitudeDegrees>59.458270737572505</LongitudeDegrees></Position></Trackpoint><Trackpoint><Time>2026-07-25T20:41:02.000Z</Time><Position><LatitudeDegrees>58.69744240951945</LatitudeDegrees><LongitudeDegrees>59.45828718360692</LongitudeDegrees></Position></Trackpoint><Trackpoint><Time>2026-07-25T20:41:03.000Z</Time><Position><LatitudeDegrees>58.69745123213594</LatitudeDegrees><LongitudeDegrees>59.45830363356125</LongitudeDegrees></Position></Trackpoint><Trackpoint><Time>2026-07-25T20:41:04.000Z</Time><Position><LatitudeDegrees>58.69746041982585</LatitudeDegrees><LongitudeDegrees>59.45831993224567</LongitudeDegrees></Position></Trackpoint><Trackpoint><Time>2026-07-25T20:41:05.000Z</Time><Position><LatitudeDegrees>58.69747053708156</LatitudeDegrees><LongitudeDegrees>59.45833603516311</LongitudeDegrees></Position></Trackpoint><Trackpoint><Time>2026-07-25T20:41:06.000Z</Time><Position><LatitudeDegrees>58.697481207460854</LatitudeDegrees><LongitudeDegrees>59.45835243872519</LongitudeDegrees></Position></Trackpoint><Trackpoint><Time>2026-07-25T20:41:07.000Z</Time><Position><LatitudeDegrees>58.69749220493972</LatitudeDegrees><LongitudeDegrees>59.45836979839412</LongitudeDegrees></Position></Trackpoint><Trackpoint><Time>2026-07-25T20:41:08.000Z</Time><Position><LatitudeDegrees>58.697502904840576</LatitudeDegrees><LongitudeDegrees>59.45838728217498</LongitudeDegrees></Position></Trackpoint><Trackpoint><Time>2026-07-25T20:41:09.000Z</Time><Position><LatitudeDegrees>58.69751308809404</LatitudeDegrees><LongitudeDegrees>59.45840502110556</LongitudeDegrees></Position></Trackpoint><Trackpoint><Time>2026-07-25T20:41:10.000Z</Time><Position><LatitudeDegrees>58.69752322040158</LatitudeDegrees><LongitudeDegrees>59.45842352601414</LongitudeDegrees></Position></Trackpoint><Trackpoint><Time>2026-07-25T20:41:11.000Z</Time><Position><LatitudeDegrees>58.69753350009341</LatitudeDegrees><LongitudeDegrees>59.458442908964706</LongitudeDegrees></Position></Trackpoint><Trackpoint><Time>2026-07-25T20:41:12.000Z</Time><Position><LatitudeDegrees>58.69754398993197</LatitudeDegrees><LongitudeDegrees>59.458462124192366</LongitudeDegrees></Position></Trackpoint><Trackpoint><Time>2026-07-25T20:41:13.000Z</Time><Position><LatitudeDegrees>58.69755468879293</LatitudeDegrees><LongitudeDegrees>59.458481252153845</LongitudeDegrees></Position></Trackpoint><Trackpoint><Time>2026-07-25T20:41:14.000Z</Time><Position><LatitudeDegrees>58.697565569385524</LatitudeDegrees><LongitudeDegrees>59.45849984757378</LongitudeDegrees></Position></Trackpoint><Trackpoint><Time>2026-07-25T20:41:15.000Z</Time><Position><LatitudeDegrees>58.6975756179243</LatitudeDegrees><LongitudeDegrees>59.45851828503446</LongitudeDegrees></Position></Trackpoint><Trackpoint><Time>2026-07-25T20:41:16.000Z</Time><Position><LatitudeDegrees>58.69758501330207</LatitudeDegrees><LongitudeDegrees>59.458537228685785</LongitudeDegrees></Position></Trackpoint><Trackpoint><Time>2026-07-25T20:41:17.000Z</Time><Position><LatitudeDegrees>58.69759342341446</LatitudeDegrees><LongitudeDegrees>59.458556887078046</LongitudeDegrees></Position></Trackpoint><Trackpoint><Time>2026-07-25T20:41:18.000Z</Time><Position><LatitudeDegrees>58.697601327557756</LatitudeDegrees><LongitudeDegrees>59.45857627514205</LongitudeDegrees></Position></Trackpoint><Trackpoint><Time>2026-07-25T20:41:19.000Z</Time><Position><LatitudeDegrees>58.6976084984519</LatitudeDegrees><LongitudeDegrees>59.45859502188968</LongitudeDegrees></Position></Trackpoint><Trackpoint><Time>2026-07-25T20:41:20.000Z</Time><Position><LatitudeDegrees>58.697614936606804</LatitudeDegrees><LongitudeDegrees>59.45861354645825</LongitudeDegrees></Position></Trackpoint><Trackpoint><Time>2026-07-25T20:41:21.000Z</Time><Position><LatitudeDegrees>58.69762122588906</LatitudeDegrees><LongitudeDegrees>59.458632049978846</LongitudeDegrees></Position></Trackpoint><Trackpoint><Time>2026-07-25T20:41:22.000Z</Time><Position><LatitudeDegrees>58.69762811547259</LatitudeDegrees><LongitudeDegrees>59.4586501283748</LongitudeDegrees></Position></Trackpoint><Trackpoint><Time>2026-07-25T20:41:23.000Z</Time><Position><LatitudeDegrees>58.69763485762321</LatitudeDegrees><LongitudeDegrees>59.458667669797975</LongitudeDegrees></Position></Trackpoint><Trackpoint><Time>2026-07-25T20:41:24.000Z</Time><Position><LatitudeDegrees>58.69764214254307</LatitudeDegrees><LongitudeDegrees>59.45868567632646</LongitudeDegrees></Position></Trackpoint><Trackpoint><Time>2026-07-25T20:41:25.000Z</Time><Position><LatitudeDegrees>58.69764871598496</LatitudeDegrees><LongitudeDegrees>59.45870401134324</LongitudeDegrees></Position></Trackpoint><Trackpoint><Time>2026-07-25T20:41:26.000Z</Time><Position><LatitudeDegrees>58.69765513194643</LatitudeDegrees><LongitudeDegrees>59.45872306603452</LongitudeDegrees></Position></Trackpoint><Trackpoint><Time>2026-07-25T20:41:27.000Z</Time><Position><LatitudeDegrees>58.69766212840513</LatitudeDegrees><LongitudeDegrees>59.458742419524086</LongitudeDegrees></Position></Trackpoint><Trackpoint><Time>2026-07-25T20:41:28.000Z</Time><Position><LatitudeDegrees>58.69766993477891</LatitudeDegrees><LongitudeDegrees>59.45876088090951</LongitudeDegrees></Position></Trackpoint><Trackpoint><Time>2026-07-25T20:41:29.000Z</Time><Position><LatitudeDegrees>58.69767903120895</LatitudeDegrees><LongitudeDegrees>59.458779053458926</LongitudeDegrees></Position></Trackpoint><Trackpoint><Time>2026-07-25T20:41:30.000Z</Time><Position><LatitudeDegrees>58.69768847063539</LatitudeDegrees><LongitudeDegrees>59.4587962434687</LongitudeDegrees></Position></Trackpoint><Trackpoint><Time>2026-07-25T20:41:31.000Z</Time><Position><LatitudeDegrees>58.69769830861496</LatitudeDegrees><LongitudeDegrees>59.458812291356</LongitudeDegrees></Position></Trackpoint><Trackpoint><Time>2026-07-25T20:41:32.000Z</Time><Position><LatitudeDegrees>58.697708516874066</LatitudeDegrees><LongitudeDegrees>59.45882678837838</LongitudeDegrees></Position></Trackpoint><Trackpoint><Time>2026-07-25T20:41:33.000Z</Time><Position><LatitudeDegrees>58.69771903624388</LatitudeDegrees><LongitudeDegrees>59.45884025486385</LongitudeDegrees></Position></Trackpoint><Trackpoint><Time>2026-07-25T20:41:34.000Z</Time><Position><LatitudeDegrees>58.69772980242614</LatitudeDegrees><LongitudeDegrees>59.45885303736869</LongitudeDegrees></Position></Trackpoint><Trackpoint><Time>2026-07-25T20:41:35.000Z</Time><Position><LatitudeDegrees>58.69774026765203</LatitudeDegrees><LongitudeDegrees>59.45886487679359</LongitudeDegrees></Position></Trackpoint><Trackpoint><Time>2026-07-25T20:41:36.000Z</Time><Position><LatitudeDegrees>58.69775024495939</LatitudeDegrees><LongitudeDegrees>59.45887676669694</LongitudeDegrees></Position></Trackpoint><Trackpoint><Time>2026-07-25T20:41:37.000Z</Time><Position><LatitudeDegrees>58.69775971997457</LatitudeDegrees><LongitudeDegrees>59.458891068222854</LongitudeDegrees></Position></Trackpoint><Trackpoint><Time>2026-07-25T20:41:38.000Z</Time><Position><LatitudeDegrees>58.697769730467705</LatitudeDegrees><LongitudeDegrees>59.458905996188015</LongitudeDegrees></Position></Trackpoint><Trackpoint><Time>2026-07-25T20:41:39.000Z</Time><Position><LatitudeDegrees>58.697779655878115</LatitudeDegrees><LongitudeDegrees>59.45892073499188</LongitudeDegrees></Position></Trackpoint><Trackpoint><Time>2026-07-25T20:41:40.000Z</Time><Position><LatitudeDegrees>58.69778925155846</LatitudeDegrees><LongitudeDegrees>59.45893546263212</LongitudeDegrees></Position></Trackpoint><Trackpoint><Time>2026-07-25T20:41:41.000Z</Time><Position><LatitudeDegrees>58.697798459075166</LatitudeDegrees><LongitudeDegrees>59.45894976423634</LongitudeDegrees></Position></Trackpoint><Trackpoint><Time>2026-07-25T20:41:42.000Z</Time><Position><LatitudeDegrees>58.69780779379416</LatitudeDegrees><LongitudeDegrees>59.45896401323794</LongitudeDegrees></Position></Trackpoint><Trackpoint><Time>2026-07-25T20:41:43.000Z</Time><Position><LatitudeDegrees>58.69781794124473</LatitudeDegrees><LongitudeDegrees>59.458978859791344</LongitudeDegrees></Position></Trackpoint><Trackpoint><Time>2026-07-25T20:41:44.000Z</Time><Position><LatitudeDegrees>58.69782810021658</LatitudeDegrees><LongitudeDegrees>59.45899351573571</LongitudeDegrees></Position></Trackpoint><Trackpoint><Time>2026-07-25T20:41:45.000Z</Time><Position><LatitudeDegrees>58.69783793926586</LatitudeDegrees><LongitudeDegrees>59.45900866016574</LongitudeDegrees></Position></Trackpoint><Trackpoint><Time>2026-07-25T20:41:46.000Z</Time><Position><LatitudeDegrees>58.69784736295452</LatitudeDegrees><LongitudeDegrees>59.45902402044827</LongitudeDegrees></Position></Trackpoint><Trackpoint><Time>2026-07-25T20:41:47.000Z</Time><Position><LatitudeDegrees>58.6978568748995</LatitudeDegrees><LongitudeDegrees>59.45904043582076</LongitudeDegrees></Position></Trackpoint><Trackpoint><Time>2026-07-25T20:41:48.000Z</Time><Position><LatitudeDegrees>58.697866181568884</LatitudeDegrees><LongitudeDegrees>59.459058606100605</LongitudeDegrees></Position></Trackpoint><Trackpoint><Time>2026-07-25T20:41:49.000Z</Time><Position><LatitudeDegrees>58.69787518842324</LatitudeDegrees><LongitudeDegrees>59.459077615035</LongitudeDegrees></Position></Trackpoint><Trackpoint><Time>2026-07-25T20:41:50.000Z</Time><Position><LatitudeDegrees>58.697884384619506</LatitudeDegrees><LongitudeDegrees>59.459095998419215</LongitudeDegrees></Position></Trackpoint><Trackpoint><Time>2026-07-25T20:41:51.000Z</Time><Position><LatitudeDegrees>58.69789345769645</LatitudeDegrees><LongitudeDegrees>59.45911274392271</LongitudeDegrees></Position></Trackpoint><Trackpoint><Time>2026-07-25T20:41:52.000Z</Time><Position><LatitudeDegrees>58.69790229477431</LatitudeDegrees><LongitudeDegrees>59.45912862407476</LongitudeDegrees></Position></Trackpoint><Trackpoint><Time>2026-07-25T20:41:53.000Z</Time><Position><LatitudeDegrees>58.69791136926616</LatitudeDegrees><LongitudeDegrees>59.45914455770584</LongitudeDegrees></Position></Trackpoint><Trackpoint><Time>2026-07-25T20:41:54.000Z</Time><Position><LatitudeDegrees>58.697920356056954</LatitudeDegrees><LongitudeDegrees>59.45916042674643</LongitudeDegrees></Position></Trackpoint><Trackpoint><Time>2026-07-25T20:41:55.000Z</Time><Position><LatitudeDegrees>58.69792913250978</LatitudeDegrees><LongitudeDegrees>59.459176680472254</LongitudeDegrees></Position></Trackpoint><Trackpoint><Time>2026-07-25T20:41:56.000Z</Time><Position><LatitudeDegrees>58.69793767511521</LatitudeDegrees><LongitudeDegrees>59.459193454536276</LongitudeDegrees></Position></Trackpoint><Trackpoint><Time>2026-07-25T20:41:57.000Z</Time><Position><LatitudeDegrees>58.69794551459464</LatitudeDegrees><LongitudeDegrees>59.45921122763092</LongitudeDegrees></Position></Trackpoint><Trackpoint><Time>2026-07-25T20:41:58.000Z</Time><Position><LatitudeDegrees>58.69795352714988</LatitudeDegrees><LongitudeDegrees>59.45923055828422</LongitudeDegrees></Position></Trackpoint><Trackpoint><Time>2026-07-25T20:41:59.000Z</Time><Position><LatitudeDegrees>58.69796254102664</LatitudeDegrees><LongitudeDegrees>59.45925098699574</LongitudeDegrees></Position></Trackpoint><Trackpoint><Time>2026-07-25T20:42:00.000Z</Time><Position><LatitudeDegrees>58.69797129997418</LatitudeDegrees><LongitudeDegrees>59.45927120437254</LongitudeDegrees></Position></Trackpoint><Trackpoint><Time>2026-07-25T20:42:01.000Z</Time><Position><LatitudeDegrees>58.697979319346324</LatitudeDegrees><LongitudeDegrees>59.459290698287425</LongitudeDegrees></Position></Trackpoint><Trackpoint><Time>2026-07-25T20:42:02.000Z</Time><Position><LatitudeDegrees>58.69798698408363</LatitudeDegrees><LongitudeDegrees>59.45930935068458</LongitudeDegrees></Position></Trackpoint><Trackpoint><Time>2026-07-25T20:42:03.000Z</Time><Position><LatitudeDegrees>58.6979949878449</LatitudeDegrees><LongitudeDegrees>59.459327710562825</LongitudeDegrees></Position></Trackpoint><Trackpoint><Time>2026-07-25T20:42:04.000Z</Time><Position><LatitudeDegrees>58.69800357278877</LatitudeDegrees><LongitudeDegrees>59.45934310389883</LongitudeDegrees></Position></Trackpoint><Trackpoint><Time>2026-07-25T20:42:05.000Z</Time><Position><LatitudeDegrees>58.69801178482908</LatitudeDegrees><LongitudeDegrees>59.45935823746616</LongitudeDegrees></Position></Trackpoint><Trackpoint><Time>2026-07-25T20:42:06.000Z</Time><Position><LatitudeDegrees>58.69802025812418</LatitudeDegrees><LongitudeDegrees>59.459374748955966</LongitudeDegrees></Position></Trackpoint><Trackpoint><Time>2026-07-25T20:42:07.000Z</Time><Position><LatitudeDegrees>58.69802873069936</LatitudeDegrees><LongitudeDegrees>59.45939215674857</LongitudeDegrees></Position></Trackpoint><Trackpoint><Time>2026-07-25T20:42:08.000Z</Time><Position><LatitudeDegrees>58.6980370947571</LatitudeDegrees><LongitudeDegrees>59.459410147457824</LongitudeDegrees></Position></Trackpoint><Trackpoint><Time>2026-07-25T20:42:09.000Z</Time><Position><LatitudeDegrees>58.69804629905205</LatitudeDegrees><LongitudeDegrees>59.45942802759377</LongitudeDegrees></Position></Trackpoint><Trackpoint><Time>2026-07-25T20:42:10.000Z</Time><Position><LatitudeDegrees>58.69805564724863</LatitudeDegrees><LongitudeDegrees>59.45944552574604</LongitudeDegrees></Position></Trackpoint><Trackpoint><Time>2026-07-25T20:42:11.000Z</Time><Position><LatitudeDegrees>58.69806483410306</LatitudeDegrees><LongitudeDegrees>59.459461599944575</LongitudeDegrees></Position></Trackpoint><Trackpoint><Time>2026-07-25T20:42:12.000Z</Time><Position><LatitudeDegrees>58.69807424422441</LatitudeDegrees><LongitudeDegrees>59.459476983054905</LongitudeDegrees></Position></Trackpoint><Trackpoint><Time>2026-07-25T20:42:13.000Z</Time><Position><LatitudeDegrees>58.69808400735155</LatitudeDegrees><LongitudeDegrees>59.459492065595626</LongitudeDegrees></Position></Trackpoint><Trackpoint><Time>2026-07-25T20:42:14.000Z</Time><Position><LatitudeDegrees>58.698094131607505</LatitudeDegrees><LongitudeDegrees>59.45950704697296</LongitudeDegrees></Position></Trackpoint><Trackpoint><Time>2026-07-25T20:42:15.000Z</Time><Position><LatitudeDegrees>58.69810506359791</LatitudeDegrees><LongitudeDegrees>59.459521532682594</LongitudeDegrees></Position></Trackpoint><Trackpoint><Time>2026-07-25T20:42:16.000Z</Time><Position><LatitudeDegrees>58.69811639396773</LatitudeDegrees><LongitudeDegrees>59.45953395504084</LongitudeDegrees></Position></Trackpoint><Trackpoint><Time>2026-07-25T20:42:17.000Z</Time><Position><LatitudeDegrees>58.69812790299952</LatitudeDegrees><LongitudeDegrees>59.45954589169378</LongitudeDegrees></Position></Trackpoint><Trackpoint><Time>2026-07-25T20:42:18.000Z</Time><Position><LatitudeDegrees>58.69813849805409</LatitudeDegrees><LongitudeDegrees>59.45955854431884</LongitudeDegrees></Position></Trackpoint><Trackpoint><Time>2026-07-25T20:42:19.000Z</Time><Position><LatitudeDegrees>58.69814833606438</LatitudeDegrees><LongitudeDegrees>59.45957427435539</LongitudeDegrees></Position></Trackpoint><Trackpoint><Time>2026-07-25T20:42:20.000Z</Time><Position><LatitudeDegrees>58.698157089215485</LatitudeDegrees><LongitudeDegrees>59.45959268012057</LongitudeDegrees></Position></Trackpoint><Trackpoint><Time>2026-07-25T20:42:21.000Z</Time><Position><LatitudeDegrees>58.69816574096356</LatitudeDegrees><LongitudeDegrees>59.459613252762274</LongitudeDegrees></Position></Trackpoint><Trackpoint><Time>2026-07-25T20:42:22.000Z</Time><Position><LatitudeDegrees>58.698174709343576</LatitudeDegrees><LongitudeDegrees>59.45963403577104</LongitudeDegrees></Position></Trackpoint><Trackpoint><Time>2026-07-25T20:42:23.000Z</Time><Position><LatitudeDegrees>58.69818363626643</LatitudeDegrees><LongitudeDegrees>59.45965468600136</LongitudeDegrees></Position></Trackpoint><Trackpoint><Time>2026-07-25T20:42:24.000Z</Time><Position><LatitudeDegrees>58.69819237958004</LatitudeDegrees><LongitudeDegrees>59.459675568787</LongitudeDegrees></Position></Trackpoint><Trackpoint><Time>2026-07-25T20:42:25.000Z</Time><Position><LatitudeDegrees>58.69820139391803</LatitudeDegrees><LongitudeDegrees>59.459694846294</LongitudeDegrees></Position></Trackpoint><Trackpoint><Time>2026-07-25T20:42:26.000Z</Time><Position><LatitudeDegrees>58.69821034211751</LatitudeDegrees><LongitudeDegrees>59.459712946897355</LongitudeDegrees></Position></Trackpoint><Trackpoint><Time>2026-07-25T20:42:27.000Z</Time><Position><LatitudeDegrees>58.69821909381232</LatitudeDegrees><LongitudeDegrees>59.459730198069984</LongitudeDegrees></Position></Trackpoint><Trackpoint><Time>2026-07-25T20:42:28.000Z</Time><Position><LatitudeDegrees>58.69822811014503</LatitudeDegrees><LongitudeDegrees>59.45974684369929</LongitudeDegrees></Position></Trackpoint><Trackpoint><Time>2026-07-25T20:42:29.000Z</Time><Position><LatitudeDegrees>58.69823656784242</LatitudeDegrees><LongitudeDegrees>59.45976355155745</LongitudeDegrees></Position></Trackpoint><Trackpoint><Time>2026-07-25T20:42:30.000Z</Time><Position><LatitudeDegrees>58.698245178774364</LatitudeDegrees><LongitudeDegrees>59.459780588668316</LongitudeDegrees></Position></Trackpoint><Trackpoint><Time>2026-07-25T20:42:31.000Z</Time><Position><LatitudeDegrees>58.69825421644518</LatitudeDegrees><LongitudeDegrees>59.459797533131514</LongitudeDegrees></Position></Trackpoint><Trackpoint><Time>2026-07-25T20:42:32.000Z</Time><Position><LatitudeDegrees>58.698263249111164</LatitudeDegrees><LongitudeDegrees>59.45981471269621</LongitudeDegrees></Position></Trackpoint><Trackpoint><Time>2026-07-25T20:42:33.000Z</Time><Position><LatitudeDegrees>58.698272589218845</LatitudeDegrees><LongitudeDegrees>59.45983174255489</LongitudeDegrees></Position></Trackpoint><Trackpoint><Time>2026-07-25T20:42:34.000Z</Time><Position><LatitudeDegrees>58.698282325984444</LatitudeDegrees><LongitudeDegrees>59.45984897305616</LongitudeDegrees></Position></Trackpoint><Trackpoint><Time>2026-07-25T20:42:35.000Z</Time><Position><LatitudeDegrees>58.69829244523973</LatitudeDegrees><LongitudeDegrees>59.45986505390123</LongitudeDegrees></Position></Trackpoint><Trackpoint><Time>2026-07-25T20:42:36.000Z</Time><Position><LatitudeDegrees>58.69830240244717</LatitudeDegrees><LongitudeDegrees>59.45988202460175</LongitudeDegrees></Position></Trackpoint><Trackpoint><Time>2026-07-25T20:42:37.000Z</Time><Position><LatitudeDegrees>58.69831199414664</LatitudeDegrees><LongitudeDegrees>59.45989865244255</LongitudeDegrees></Position></Trackpoint><Trackpoint><Time>2026-07-25T20:42:38.000Z</Time><Position><LatitudeDegrees>58.69832020423764</LatitudeDegrees><LongitudeDegrees>59.45991447375595</LongitudeDegrees></Position></Trackpoint><Trackpoint><Time>2026-07-25T20:42:39.000Z</Time><Position><LatitudeDegrees>58.698327770804674</LatitudeDegrees><LongitudeDegrees>59.45993038032594</LongitudeDegrees></Position></Trackpoint><Trackpoint><Time>2026-07-25T20:42:40.000Z</Time><Position><LatitudeDegrees>58.698334590800286</LatitudeDegrees><LongitudeDegrees>59.45994721808698</LongitudeDegrees></Position></Trackpoint><Trackpoint><Time>2026-07-25T20:42:41.000Z</Time><Position><LatitudeDegrees>58.69834169682863</LatitudeDegrees><LongitudeDegrees>59.45996423668488</LongitudeDegrees></Position></Trackpoint><Trackpoint><Time>2026-07-25T20:42:42.000Z</Time><Position><LatitudeDegrees>58.69834947743867</LatitudeDegrees><LongitudeDegrees>59.45998061427802</LongitudeDegrees></Position></Trackpoint><Trackpoint><Time>2026-07-25T20:42:43.000Z</Time><Position><LatitudeDegrees>58.69835800606628</LatitudeDegrees><LongitudeDegrees>59.45999609467658</LongitudeDegrees></Position></Trackpoint><Trackpoint><Time>2026-07-25T20:42:44.000Z</Time><Position><LatitudeDegrees>58.69836721694789</LatitudeDegrees><LongitudeDegrees>59.4600121563585</LongitudeDegrees></Position></Trackpoint><Trackpoint><Time>2026-07-25T20:42:45.000Z</Time><Position><LatitudeDegrees>58.69837699543359</LatitudeDegrees><LongitudeDegrees>59.4600283543822</LongitudeDegrees></Position></Trackpoint><Trackpoint><Time>2026-07-25T20:42:46.000Z</Time><Position><LatitudeDegrees>58.69838673184499</LatitudeDegrees><LongitudeDegrees>59.46004399839603</LongitudeDegrees></Position></Trackpoint><Trackpoint><Time>2026-07-25T20:42:47.000Z</Time><Position><LatitudeDegrees>58.69839569088574</LatitudeDegrees><LongitudeDegrees>59.46005985441773</LongitudeDegrees></Position></Trackpoint><Trackpoint><Time>2026-07-25T20:42:48.000Z</Time><Position><LatitudeDegrees>58.69840366951064</LatitudeDegrees><LongitudeDegrees>59.460076210708046</LongitudeDegrees></Position></Trackpoint><Trackpoint><Time>2026-07-25T20:42:49.000Z</Time><Position><LatitudeDegrees>58.69841119954441</LatitudeDegrees><LongitudeDegrees>59.46009263216305</LongitudeDegrees></Position></Trackpoint><Trackpoint><Time>2026-07-25T20:42:50.000Z</Time><Position><LatitudeDegrees>58.69841904719681</LatitudeDegrees><LongitudeDegrees>59.46010991044985</LongitudeDegrees></Position></Trackpoint><Trackpoint><Time>2026-07-25T20:42:51.000Z</Time><Position><LatitudeDegrees>58.69842699764209</LatitudeDegrees><LongitudeDegrees>59.46012875124095</LongitudeDegrees></Position></Trackpoint><Trackpoint><Time>2026-07-25T20:42:52.000Z</Time><Position><LatitudeDegrees>58.69843494921452</LatitudeDegrees><LongitudeDegrees>59.460147775778886</LongitudeDegrees></Position></Trackpoint><Trackpoint><Time>2026-07-25T20:42:53.000Z</Time><Position><LatitudeDegrees>58.69844334951074</LatitudeDegrees><LongitudeDegrees>59.460166392661726</LongitudeDegrees></Position></Trackpoint><Trackpoint><Time>2026-07-25T20:42:54.000Z</Time><Position><LatitudeDegrees>58.6984518356623</LatitudeDegrees><LongitudeDegrees>59.46018490026297</LongitudeDegrees></Position></Trackpoint><Trackpoint><Time>2026-07-25T20:42:55.000Z</Time><Position><LatitudeDegrees>58.69846024720849</LatitudeDegrees><LongitudeDegrees>59.46020343548891</LongitudeDegrees></Position></Trackpoint><Trackpoint><Time>2026-07-25T20:42:56.000Z</Time><Position><LatitudeDegrees>58.698468038031095</LatitudeDegrees><LongitudeDegrees>59.460222051176515</LongitudeDegrees></Position></Trackpoint><Trackpoint><Time>2026-07-25T20:42:57.000Z</Time><Position><LatitudeDegrees>58.698475552499985</LatitudeDegrees><LongitudeDegrees>59.460240758758694</LongitudeDegrees></Position></Trackpoint><Trackpoint><Time>2026-07-25T20:42:58.000Z</Time><Position><LatitudeDegrees>58.69848296790774</LatitudeDegrees><LongitudeDegrees>59.46025955114937</LongitudeDegrees></Position></Trackpoint><Trackpoint><Time>2026-07-25T20:42:59.000Z</Time><Position><LatitudeDegrees>58.6984908595943</LatitudeDegrees><LongitudeDegrees>59.460278904155835</LongitudeDegrees></Position></Trackpoint><Trackpoint><Time>2026-07-25T20:43:00.000Z</Time><Position><LatitudeDegrees>58.69849891376358</LatitudeDegrees><LongitudeDegrees>59.460298941777204</LongitudeDegrees></Position></Trackpoint><Trackpoint><Time>2026-07-25T20:43:01.000Z</Time><Position><LatitudeDegrees>58.698507959550696</LatitudeDegrees><LongitudeDegrees>59.46031815837931</LongitudeDegrees></Position></Trackpoint><Trackpoint><Time>2026-07-25T20:43:02.000Z</Time><Position><LatitudeDegrees>58.69851772153788</LatitudeDegrees><LongitudeDegrees>59.460335549657756</LongitudeDegrees></Position></Trackpoint><Trackpoint><Time>2026-07-25T20:43:03.000Z</Time><Position><LatitudeDegrees>58.698527994375716</LatitudeDegrees><LongitudeDegrees>59.46034995706279</LongitudeDegrees></Position></Trackpoint><Trackpoint><Time>2026-07-25T20:43:04.000Z</Time><Position><LatitudeDegrees>58.69853862792756</LatitudeDegrees><LongitudeDegrees>59.46036177605124</LongitudeDegrees></Position></Trackpoint><Trackpoint><Time>2026-07-25T20:43:05.000Z</Time><Position><LatitudeDegrees>58.69854902445442</LatitudeDegrees><LongitudeDegrees>59.46037346014725</LongitudeDegrees></Position></Trackpoint><Trackpoint><Time>2026-07-25T20:43:06.000Z</Time><Position><LatitudeDegrees>58.69855896820924</LatitudeDegrees><LongitudeDegrees>59.460386526717734</LongitudeDegrees></Position></Trackpoint><Trackpoint><Time>2026-07-25T20:43:07.000Z</Time><Position><LatitudeDegrees>58.698568428452795</LatitudeDegrees><LongitudeDegrees>59.46040044400524</LongitudeDegrees></Position></Trackpoint><Trackpoint><Time>2026-07-25T20:43:08.000Z</Time><Position><LatitudeDegrees>58.69857745458359</LatitudeDegrees><LongitudeDegrees>59.46041635265794</LongitudeDegrees></Position></Trackpoint><Trackpoint><Time>2026-07-25T20:43:09.000Z</Time><Position><LatitudeDegrees>58.69858612266329</LatitudeDegrees><LongitudeDegrees>59.460432508401595</LongitudeDegrees></Position></Trackpoint><Trackpoint><Time>2026-07-25T20:43:10.000Z</Time><Position><LatitudeDegrees>58.69859402036132</LatitudeDegrees><LongitudeDegrees>59.46044865078279</LongitudeDegrees></Position></Trackpoint><Trackpoint><Time>2026-07-25T20:43:11.000Z</Time><Position><LatitudeDegrees>58.698602055964756</LatitudeDegrees><LongitudeDegrees>59.46046467425315</LongitudeDegrees></Position></Trackpoint><Trackpoint><Time>2026-07-25T20:43:12.000Z</Time><Position><LatitudeDegrees>58.69861009622594</LatitudeDegrees><LongitudeDegrees>59.46048006099577</LongitudeDegrees></Position></Trackpoint><Trackpoint><Time>2026-07-25T20:43:13.000Z</Time><Position><LatitudeDegrees>58.69861857528185</LatitudeDegrees><LongitudeDegrees>59.46049370025817</LongitudeDegrees></Position></Trackpoint><Trackpoint><Time>2026-07-25T20:43:14.000Z</Time><Position><LatitudeDegrees>58.69862761560592</LatitudeDegrees><LongitudeDegrees>59.460505848492495</LongitudeDegrees></Position></Trackpoint><Trackpoint><Time>2026-07-25T20:43:15.000Z</Time><Position><LatitudeDegrees>58.69863670598828</LatitudeDegrees><LongitudeDegrees>59.46051925073859</LongitudeDegrees></Position></Trackpoint><Trackpoint><Time>2026-07-25T20:43:16.000Z</Time><Position><LatitudeDegrees>58.698645629470725</LatitudeDegrees><LongitudeDegrees>59.46053340771303</LongitudeDegrees></Position></Trackpoint><Trackpoint><Time>2026-07-25T20:43:17.000Z</Time><Position><LatitudeDegrees>58.69865480773462</LatitudeDegrees><LongitudeDegrees>59.460548016926005</LongitudeDegrees></Position></Trackpoint><Trackpoint><Time>2026-07-25T20:43:18.000Z</Time><Position><LatitudeDegrees>58.69866438174159</LatitudeDegrees><LongitudeDegrees>59.46056240614738</LongitudeDegrees></Position></Trackpoint><Trackpoint><Time>2026-07-25T20:43:19.000Z</Time><Position><LatitudeDegrees>58.69867337953007</LatitudeDegrees><LongitudeDegrees>59.46057583715534</LongitudeDegrees></Position></Trackpoint><Trackpoint><Time>2026-07-25T20:43:20.000Z</Time><Position><LatitudeDegrees>58.69868147477065</LatitudeDegrees><LongitudeDegrees>59.46059008735323</LongitudeDegrees></Position></Trackpoint><Trackpoint><Time>2026-07-25T20:43:21.000Z</Time><Position><LatitudeDegrees>58.69868913852128</LatitudeDegrees><LongitudeDegrees>59.460605293982624</LongitudeDegrees></Position></Trackpoint><Trackpoint><Time>2026-07-25T20:43:22.000Z</Time><Position><LatitudeDegrees>58.69869710977102</LatitudeDegrees><LongitudeDegrees>59.46062237002887</LongitudeDegrees></Position></Trackpoint><Trackpoint><Time>2026-07-25T20:43:23.000Z</Time><Position><LatitudeDegrees>58.69870565339317</LatitudeDegrees><LongitudeDegrees>59.46063998272112</LongitudeDegrees></Position></Trackpoint><Trackpoint><Time>2026-07-25T20:43:24.000Z</Time><Position><LatitudeDegrees>58.69871480500825</LatitudeDegrees><LongitudeDegrees>59.46065800391279</LongitudeDegrees></Position></Trackpoint><Trackpoint><Time>2026-07-25T20:43:25.000Z</Time><Position><LatitudeDegrees>58.69872352202977</LatitudeDegrees><LongitudeDegrees>59.46067681800919</LongitudeDegrees></Position></Trackpoint><Trackpoint><Time>2026-07-25T20:43:26.000Z</Time><Position><LatitudeDegrees>58.69873143086528</LatitudeDegrees><LongitudeDegrees>59.46069648155312</LongitudeDegrees></Position></Trackpoint><Trackpoint><Time>2026-07-25T20:43:27.000Z</Time><Position><LatitudeDegrees>58.69873946060763</LatitudeDegrees><LongitudeDegrees>59.460716908805495</LongitudeDegrees></Position></Trackpoint><Trackpoint><Time>2026-07-25T20:43:28.000Z</Time><Position><LatitudeDegrees>58.69874797837003</LatitudeDegrees><LongitudeDegrees>59.46073796643527</LongitudeDegrees></Position></Trackpoint><Trackpoint><Time>2026-07-25T20:43:29.000Z</Time><Position><LatitudeDegrees>58.698757072705305</LatitudeDegrees><LongitudeDegrees>59.460759029013666</LongitudeDegrees></Position></Trackpoint><Trackpoint><Time>2026-07-25T20:43:30.000Z</Time><Position><LatitudeDegrees>58.69876572685898</LatitudeDegrees><LongitudeDegrees>59.4607793487225</LongitudeDegrees></Position></Trackpoint><Trackpoint><Time>2026-07-25T20:43:31.000Z</Time><Position><LatitudeDegrees>58.698774068204905</LatitudeDegrees><LongitudeDegrees>59.46079969215272</LongitudeDegrees></Position></Trackpoint><Trackpoint><Time>2026-07-25T20:43:32.000Z</Time><Position><LatitudeDegrees>58.6987826789589</LatitudeDegrees><LongitudeDegrees>59.46081890313558</LongitudeDegrees></Position></Trackpoint><Trackpoint><Time>2026-07-25T20:43:33.000Z</Time><Position><LatitudeDegrees>58.69879176431874</LatitudeDegrees><LongitudeDegrees>59.46083714048077</LongitudeDegrees></Position></Trackpoint><Trackpoint><Time>2026-07-25T20:43:34.000Z</Time><Position><LatitudeDegrees>58.698801347876774</LatitudeDegrees><LongitudeDegrees>59.460855084166944</LongitudeDegrees></Position></Trackpoint><Trackpoint><Time>2026-07-25T20:43:35.000Z</Time><Position><LatitudeDegrees>58.69881088579551</LatitudeDegrees><LongitudeDegrees>59.46087256231207</LongitudeDegrees></Position></Trackpoint><Trackpoint><Time>2026-07-25T20:43:36.000Z</Time><Position><LatitudeDegrees>58.69882015996227</LatitudeDegrees><LongitudeDegrees>59.46088956388087</LongitudeDegrees></Position></Trackpoint><Trackpoint><Time>2026-07-25T20:43:37.000Z</Time><Position><LatitudeDegrees>58.69882911440314</LatitudeDegrees><LongitudeDegrees>59.46090663510713</LongitudeDegrees></Position></Trackpoint><Trackpoint><Time>2026-07-25T20:43:38.000Z</Time><Position><LatitudeDegrees>58.69883776710254</LatitudeDegrees><LongitudeDegrees>59.46092350239708</LongitudeDegrees></Position></Trackpoint><Trackpoint><Time>2026-07-25T20:43:39.000Z</Time><Position><LatitudeDegrees>58.6988461641951</LatitudeDegrees><LongitudeDegrees>59.460940079250605</LongitudeDegrees></Position></Trackpoint><Trackpoint><Time>2026-07-25T20:43:40.000Z</Time><Position><LatitudeDegrees>58.69885435748737</LatitudeDegrees><LongitudeDegrees>59.460957346542386</LongitudeDegrees></Position></Trackpoint><Trackpoint><Time>2026-07-25T20:43:41.000Z</Time><Position><LatitudeDegrees>58.69886190486184</LatitudeDegrees><LongitudeDegrees>59.46097464039138</LongitudeDegrees></Position></Trackpoint><Trackpoint><Time>2026-07-25T20:43:42.000Z</Time><Position><LatitudeDegrees>58.698869686363594</LatitudeDegrees><LongitudeDegrees>59.46099168398065</LongitudeDegrees></Position></Trackpoint><Trackpoint><Time>2026-07-25T20:43:43.000Z</Time><Position><LatitudeDegrees>58.69887754476404</LatitudeDegrees><LongitudeDegrees>59.46100839542823</LongitudeDegrees></Position></Trackpoint><Trackpoint><Time>2026-07-25T20:43:44.000Z</Time><Position><LatitudeDegrees>58.69888540544136</LatitudeDegrees><LongitudeDegrees>59.4610257628635</LongitudeDegrees></Position></Trackpoint><Trackpoint><Time>2026-07-25T20:43:45.000Z</Time><Position><LatitudeDegrees>58.698893726982206</LatitudeDegrees><LongitudeDegrees>59.4610450882573</LongitudeDegrees></Position></Trackpoint><Trackpoint><Time>2026-07-25T20:43:46.000Z</Time><Position><LatitudeDegrees>58.6989026390967</LatitudeDegrees><LongitudeDegrees>59.46106616689301</LongitudeDegrees></Position></Trackpoint><Trackpoint><Time>2026-07-25T20:43:47.000Z</Time><Position><LatitudeDegrees>58.698911629793955</LatitudeDegrees><LongitudeDegrees>59.461087220603694</LongitudeDegrees></Position></Trackpoint><Trackpoint><Time>2026-07-25T20:43:48.000Z</Time><Position><LatitudeDegrees>58.6989214573543</LatitudeDegrees><LongitudeDegrees>59.461106541058776</LongitudeDegrees></Position></Trackpoint><Trackpoint><Time>2026-07-25T20:43:49.000Z</Time><Position><LatitudeDegrees>58.698932326652766</LatitudeDegrees><LongitudeDegrees>59.46112315756085</LongitudeDegrees></Position></Trackpoint><Trackpoint><Time>2026-07-25T20:43:50.000Z</Time><Position><LatitudeDegrees>58.69894369874758</LatitudeDegrees><LongitudeDegrees>59.461137507003265</LongitudeDegrees></Position></Trackpoint><Trackpoint><Time>2026-07-25T20:43:51.000Z</Time><Position><LatitudeDegrees>58.69895430793016</LatitudeDegrees><LongitudeDegrees>59.461151039508174</LongitudeDegrees></Position></Trackpoint><Trackpoint><Time>2026-07-25T20:43:52.000Z</Time><Position><LatitudeDegrees>58.69896471007937</LatitudeDegrees><LongitudeDegrees>59.46116445713694</LongitudeDegrees></Position></Trackpoint><Trackpoint><Time>2026-07-25T20:43:53.000Z</Time><Position><LatitudeDegrees>58.698975160697096</LatitudeDegrees><LongitudeDegrees>59.46117904298725</LongitudeDegrees></Position></Trackpoint><Trackpoint><Time>2026-07-25T20:43:54.000Z</Time><Position><LatitudeDegrees>58.69898477956543</LatitudeDegrees><LongitudeDegrees>59.4611937067102</LongitudeDegrees></Position></Trackpoint><Trackpoint><Time>2026-07-25T20:43:55.000Z</Time><Position><LatitudeDegrees>58.698994290156286</LatitudeDegrees><LongitudeDegrees>59.461208478879534</LongitudeDegrees></Position></Trackpoint><Trackpoint><Time>2026-07-25T20:43:56.000Z</Time><Position><LatitudeDegrees>58.69900351470617</LatitudeDegrees><LongitudeDegrees>59.46122482699947</LongitudeDegrees></Position></Trackpoint><Trackpoint><Time>2026-07-25T20:43:57.000Z</Time><Position><LatitudeDegrees>58.69901192710845</LatitudeDegrees><LongitudeDegrees>59.46124217394507</LongitudeDegrees></Position></Trackpoint><Trackpoint><Time>2026-07-25T20:43:58.000Z</Time><Position><LatitudeDegrees>58.699019904543405</LatitudeDegrees><LongitudeDegrees>59.46125819539679</LongitudeDegrees></Position></Trackpoint><Trackpoint><Time>2026-07-25T20:43:59.000Z</Time><Position><LatitudeDegrees>58.69902765817385</LatitudeDegrees><LongitudeDegrees>59.46127308346872</LongitudeDegrees></Position></Trackpoint><Trackpoint><Time>2026-07-25T20:44:00.000Z</Time><Position><LatitudeDegrees>58.69903530368864</LatitudeDegrees><LongitudeDegrees>59.46128755235803</LongitudeDegrees></Position></Trackpoint><Trackpoint><Time>2026-07-25T20:44:01.000Z</Time><Position><LatitudeDegrees>58.69904290260879</LatitudeDegrees><LongitudeDegrees>59.461301949996404</LongitudeDegrees></Position></Trackpoint><Trackpoint><Time>2026-07-25T20:44:02.000Z</Time><Position><LatitudeDegrees>58.69904950702982</LatitudeDegrees><LongitudeDegrees>59.461316428818655</LongitudeDegrees></Position></Trackpoint><Trackpoint><Time>2026-07-25T20:44:03.000Z</Time><Position><LatitudeDegrees>58.699054854215504</LatitudeDegrees><LongitudeDegrees>59.46133202040393</LongitudeDegrees></Position></Trackpoint><Trackpoint><Time>2026-07-25T20:44:04.000Z</Time><Position><LatitudeDegrees>58.699059976547794</LatitudeDegrees><LongitudeDegrees>59.46134655871638</LongitudeDegrees></Position></Trackpoint><Trackpoint><Time>2026-07-25T20:44:05.000Z</Time><Position><LatitudeDegrees>58.69906532805561</LatitudeDegrees><LongitudeDegrees>59.46136075572804</LongitudeDegrees></Position></Trackpoint><Trackpoint><Time>2026-07-25T20:44:06.000Z</Time><Position><LatitudeDegrees>58.699072045530094</LatitudeDegrees><LongitudeDegrees>59.461374948458165</LongitudeDegrees></Position></Trackpoint><Trackpoint><Time>2026-07-25T20:44:07.000Z</Time><Position><LatitudeDegrees>58.69907895298814</LatitudeDegrees><LongitudeDegrees>59.46139025547331</LongitudeDegrees></Position></Trackpoint><Trackpoint><Time>2026-07-25T20:44:08.000Z</Time><Position><LatitudeDegrees>58.69908554173659</LatitudeDegrees><LongitudeDegrees>59.461406994419676</LongitudeDegrees></Position></Trackpoint><Trackpoint><Time>2026-07-25T20:44:09.000Z</Time><Position><LatitudeDegrees>58.69909115357392</LatitudeDegrees><LongitudeDegrees>59.46142560193898</LongitudeDegrees></Position></Trackpoint><Trackpoint><Time>2026-07-25T20:44:10.000Z</Time><Position><LatitudeDegrees>58.69909662203707</LatitudeDegrees><LongitudeDegrees>59.46144454919447</LongitudeDegrees></Position></Trackpoint><Trackpoint><Time>2026-07-25T20:44:11.000Z</Time><Position><LatitudeDegrees>58.69910279841685</LatitudeDegrees><LongitudeDegrees>59.4614641421768</LongitudeDegrees></Position></Trackpoint><Trackpoint><Time>2026-07-25T20:44:12.000Z</Time><Position><LatitudeDegrees>58.69910945283255</LatitudeDegrees><LongitudeDegrees>59.46148442402508</LongitudeDegrees></Position></Trackpoint><Trackpoint><Time>2026-07-25T20:44:13.000Z</Time><Position><LatitudeDegrees>58.69911642925644</LatitudeDegrees><LongitudeDegrees>59.46150679292237</LongitudeDegrees></Position></Trackpoint><Trackpoint><Time>2026-07-25T20:44:14.000Z</Time><Position><LatitudeDegrees>58.69912460132307</LatitudeDegrees><LongitudeDegrees>59.46153008798566</LongitudeDegrees></Position></Trackpoint><Trackpoint><Time>2026-07-25T20:44:15.000Z</Time><Position><LatitudeDegrees>58.69913368575473</LatitudeDegrees><LongitudeDegrees>59.461553712252595</LongitudeDegrees></Position></Trackpoint><Trackpoint><Time>2026-07-25T20:44:16.000Z</Time><Position><LatitudeDegrees>58.69914344878754</LatitudeDegrees><LongitudeDegrees>59.46157688801077</LongitudeDegrees></Position></Trackpoint><Trackpoint><Time>2026-07-25T20:44:17.000Z</Time><Position><LatitudeDegrees>58.699153707052304</LatitudeDegrees><LongitudeDegrees>59.4615993525377</LongitudeDegrees></Position></Trackpoint><Trackpoint><Time>2026-07-25T20:44:18.000Z</Time><Position><LatitudeDegrees>58.69916432146921</LatitudeDegrees><LongitudeDegrees>59.46162157853157</LongitudeDegrees></Position></Trackpoint><Trackpoint><Time>2026-07-25T20:44:19.000Z</Time><Position><LatitudeDegrees>58.699174209827724</LatitudeDegrees><LongitudeDegrees>59.46164428089125</LongitudeDegrees></Position></Trackpoint><Trackpoint><Time>2026-07-25T20:44:20.000Z</Time><Position><LatitudeDegrees>58.69918350923657</LatitudeDegrees><LongitudeDegrees>59.46166720328447</LongitudeDegrees></Position></Trackpoint><Trackpoint><Time>2026-07-25T20:44:21.000Z</Time><Position><LatitudeDegrees>58.69919186214188</LatitudeDegrees><LongitudeDegrees>59.461690701514705</LongitudeDegrees></Position></Trackpoint><Trackpoint><Time>2026-07-25T20:44:22.000Z</Time><Position><LatitudeDegrees>58.69919973238395</LatitudeDegrees><LongitudeDegrees>59.46171386898464</LongitudeDegrees></Position></Trackpoint><Trackpoint><Time>2026-07-25T20:44:23.000Z</Time><Position><LatitudeDegrees>58.69920688332618</LatitudeDegrees><LongitudeDegrees>59.46173588516924</LongitudeDegrees></Position></Trackpoint><Trackpoint><Time>2026-07-25T20:44:24.000Z</Time><Position><LatitudeDegrees>58.69921330983474</LatitudeDegrees><LongitudeDegrees>59.461757049525275</LongitudeDegrees></Position></Trackpoint><Trackpoint><Time>2026-07-25T20:44:25.000Z</Time><Position><LatitudeDegrees>58.699219102775345</LatitudeDegrees><LongitudeDegrees>59.46177759470994</LongitudeDegrees></Position></Trackpoint><Trackpoint><Time>2026-07-25T20:44:26.000Z</Time><Position><LatitudeDegrees>58.69922291205514</LatitudeDegrees><LongitudeDegrees>59.46179818561956</LongitudeDegrees></Position></Trackpoint><Trackpoint><Time>2026-07-25T20:44:27.000Z</Time><Position><LatitudeDegrees>58.69922492587135</LatitudeDegrees><LongitudeDegrees>59.461818110990635</LongitudeDegrees></Position></Trackpoint><Trackpoint><Time>2026-07-25T20:44:28.000Z</Time><Position><LatitudeDegrees>58.699226921006755</LatitudeDegrees><LongitudeDegrees>59.46183618410077</LongitudeDegrees></Position></Trackpoint><Trackpoint><Time>2026-07-25T20:44:29.000Z</Time><Position><LatitudeDegrees>58.69922963159741</LatitudeDegrees><LongitudeDegrees>59.46185264356361</LongitudeDegrees></Position></Trackpoint><Trackpoint><Time>2026-07-25T20:44:30.000Z</Time><Position><LatitudeDegrees>58.699233757768056</LatitudeDegrees><LongitudeDegrees>59.46186828436802</LongitudeDegrees></Position></Trackpoint><Trackpoint><Time>2026-07-25T20:44:31.000Z</Time><Position><LatitudeDegrees>58.69923891655522</LatitudeDegrees><LongitudeDegrees>59.461884028601126</LongitudeDegrees></Position></Trackpoint><Trackpoint><Time>2026-07-25T20:44:32.000Z</Time><Position><LatitudeDegrees>58.69924481770702</LatitudeDegrees><LongitudeDegrees>59.46189926351298</LongitudeDegrees></Position></Trackpoint><Trackpoint><Time>2026-07-25T20:44:33.000Z</Time><Position><LatitudeDegrees>58.69925124640667</LatitudeDegrees><LongitudeDegrees>59.46191478134459</LongitudeDegrees></Position></Trackpoint><Trackpoint><Time>2026-07-25T20:44:34.000Z</Time><Position><LatitudeDegrees>58.699257556864865</LatitudeDegrees><LongitudeDegrees>59.461931361665506</LongitudeDegrees></Position></Trackpoint><Trackpoint><Time>2026-07-25T20:44:35.000Z</Time><Position><LatitudeDegrees>58.699263498300155</LatitudeDegrees><LongitudeDegrees>59.461948699548955</LongitudeDegrees></Position></Trackpoint><Trackpoint><Time>2026-07-25T20:44:36.000Z</Time><Position><LatitudeDegrees>58.699269994017136</LatitudeDegrees><LongitudeDegrees>59.46196657218392</LongitudeDegrees></Position></Trackpoint><Trackpoint><Time>2026-07-25T20:44:37.000Z</Time><Position><LatitudeDegrees>58.699278332343454</LatitudeDegrees><LongitudeDegrees>59.461985308785465</LongitudeDegrees></Position></Trackpoint><Trackpoint><Time>2026-07-25T20:44:38.000Z</Time><Position><LatitudeDegrees>58.69928880735928</LatitudeDegrees><LongitudeDegrees>59.46200444443591</LongitudeDegrees></Position></Trackpoint><Trackpoint><Time>2026-07-25T20:44:39.000Z</Time><Position><LatitudeDegrees>58.69930028671453</LatitudeDegrees><LongitudeDegrees>59.46202324683871</LongitudeDegrees></Position></Trackpoint><Trackpoint><Time>2026-07-25T20:44:40.000Z</Time><Position><LatitudeDegrees>58.69931168555362</LatitudeDegrees><LongitudeDegrees>59.462041457181556</LongitudeDegrees></Position></Trackpoint><Trackpoint><Time>2026-07-25T20:44:41.000Z</Time><Position><LatitudeDegrees>58.69932256743096</LatitudeDegrees><LongitudeDegrees>59.46205953447753</LongitudeDegrees></Position></Trackpoint><Trackpoint><Time>2026-07-25T20:44:42.000Z</Time><Position><LatitudeDegrees>58.69933281895498</LatitudeDegrees><LongitudeDegrees>59.46207768483989</LongitudeDegrees></Position></Trackpoint><Trackpoint><Time>2026-07-25T20:44:43.000Z</Time><Position><LatitudeDegrees>58.69934247433212</LatitudeDegrees><LongitudeDegrees>59.46209647338561</LongitudeDegrees></Position></Trackpoint><Trackpoint><Time>2026-07-25T20:44:44.000Z</Time><Position><LatitudeDegrees>58.69935211377492</LatitudeDegrees><LongitudeDegrees>59.462116540549445</LongitudeDegrees></Position></Trackpoint><Trackpoint><Time>2026-07-25T20:44:45.000Z</Time><Position><LatitudeDegrees>58.69936148866877</LatitudeDegrees><LongitudeDegrees>59.46213847558572</LongitudeDegrees></Position></Trackpoint><Trackpoint><Time>2026-07-25T20:44:46.000Z</Time><Position><LatitudeDegrees>58.69937102019097</LatitudeDegrees><LongitudeDegrees>59.46216179181978</LongitudeDegrees></Position></Trackpoint><Trackpoint><Time>2026-07-25T20:44:47.000Z</Time><Position><LatitudeDegrees>58.69938233052522</LatitudeDegrees><LongitudeDegrees>59.46218317388443</LongitudeDegrees></Position></Trackpoint><Trackpoint><Time>2026-07-25T20:44:48.000Z</Time><Position><LatitudeDegrees>58.699394390601164</LatitudeDegrees><LongitudeDegrees>59.462202483869845</LongitudeDegrees></Position></Trackpoint><Trackpoint><Time>2026-07-25T20:44:49.000Z</Time><Position><LatitudeDegrees>58.6994066803851</LatitudeDegrees><LongitudeDegrees>59.46222091014963</LongitudeDegrees></Position></Trackpoint><Trackpoint><Time>2026-07-25T20:44:50.000Z</Time><Position><LatitudeDegrees>58.699419445837776</LatitudeDegrees><LongitudeDegrees>59.46223954516857</LongitudeDegrees></Position></Trackpoint><Trackpoint><Time>2026-07-25T20:44:51.000Z</Time><Position><LatitudeDegrees>58.69943223759202</LatitudeDegrees><LongitudeDegrees>59.4622588120405</LongitudeDegrees></Position></Trackpoint><Trackpoint><Time>2026-07-25T20:44:52.000Z</Time><Position><LatitudeDegrees>58.699444867207696</LatitudeDegrees><LongitudeDegrees>59.46227831430981</LongitudeDegrees></Position></Trackpoint><Trackpoint><Time>2026-07-25T20:44:53.000Z</Time><Position><LatitudeDegrees>58.69945580905725</LatitudeDegrees><LongitudeDegrees>59.46229785848997</LongitudeDegrees></Position></Trackpoint><Trackpoint><Time>2026-07-25T20:44:54.000Z</Time><Position><LatitudeDegrees>58.699464651458605</LatitudeDegrees><LongitudeDegrees>59.462318828349424</LongitudeDegrees></Position></Trackpoint><Trackpoint><Time>2026-07-25T20:44:55.000Z</Time><Position><LatitudeDegrees>58.69947149432836</LatitudeDegrees><LongitudeDegrees>59.462341121175776</LongitudeDegrees></Position></Trackpoint><Trackpoint><Time>2026-07-25T20:44:56.000Z</Time><Position><LatitudeDegrees>58.69947712506296</LatitudeDegrees><LongitudeDegrees>59.462363545646596</LongitudeDegrees></Position></Trackpoint><Trackpoint><Time>2026-07-25T20:44:57.000Z</Time><Position><LatitudeDegrees>58.69948251312487</LatitudeDegrees><LongitudeDegrees>59.46238510462859</LongitudeDegrees></Position></Trackpoint><Trackpoint><Time>2026-07-25T20:44:58.000Z</Time><Position><LatitudeDegrees>58.69948808891771</LatitudeDegrees><LongitudeDegrees>59.462405498553196</LongitudeDegrees></Position></Trackpoint><Trackpoint><Time>2026-07-25T20:44:59.000Z</Time><Position><LatitudeDegrees>58.6994944952117</LatitudeDegrees><LongitudeDegrees>59.46242426397083</LongitudeDegrees></Position></Trackpoint><Trackpoint><Time>2026-07-25T20:45:00.000Z</Time><Position><LatitudeDegrees>58.699501890127486</LatitudeDegrees><LongitudeDegrees>59.46244239825514</LongitudeDegrees></Position></Trackpoint><Trackpoint><Time>2026-07-25T20:45:01.000Z</Time><Position><LatitudeDegrees>58.69951070150692</LatitudeDegrees><LongitudeDegrees>59.462458924331</LongitudeDegrees></Position></Trackpoint><Trackpoint><Time>2026-07-25T20:45:02.000Z</Time><Position><LatitudeDegrees>58.69952092374858</LatitudeDegrees><LongitudeDegrees>59.46247364621741</LongitudeDegrees></Position></Trackpoint><Trackpoint><Time>2026-07-25T20:45:03.000Z</Time><Position><LatitudeDegrees>58.69953188385298</LatitudeDegrees><LongitudeDegrees>59.4624881835997</LongitudeDegrees></Position></Trackpoint><Trackpoint><Time>2026-07-25T20:45:04.000Z</Time><Position><LatitudeDegrees>58.69954272034228</LatitudeDegrees><LongitudeDegrees>59.46250322719913</LongitudeDegrees></Position></Trackpoint><Trackpoint><Time>2026-07-25T20:45:05.000Z</Time><Position><LatitudeDegrees>58.69955309429701</LatitudeDegrees><LongitudeDegrees>59.4625180172843</LongitudeDegrees></Position></Trackpoint><Trackpoint><Time>2026-07-25T20:45:06.000Z</Time><Position><LatitudeDegrees>58.69956292550443</LatitudeDegrees><LongitudeDegrees>59.46253227351067</LongitudeDegrees></Position></Trackpoint><Trackpoint><Time>2026-07-25T20:45:07.000Z</Time><Position><LatitudeDegrees>58.69957176098044</LatitudeDegrees><LongitudeDegrees>59.46254839699605</LongitudeDegrees></Position></Trackpoint><Trackpoint><Time>2026-07-25T20:45:08.000Z</Time><Position><LatitudeDegrees>58.699580521192935</LatitudeDegrees><LongitudeDegrees>59.4625651784985</LongitudeDegrees></Position></Trackpoint><Trackpoint><Time>2026-07-25T20:45:09.000Z</Time><Position><LatitudeDegrees>58.69958861566001</LatitudeDegrees><LongitudeDegrees>59.46258252516699</LongitudeDegrees></Position></Trackpoint><Trackpoint><Time>2026-07-25T20:45:10.000Z</Time><Position><LatitudeDegrees>58.69959637625957</LatitudeDegrees><LongitudeDegrees>59.46260130544538</LongitudeDegrees></Position></Trackpoint><Trackpoint><Time>2026-07-25T20:45:11.000Z</Time><Position><LatitudeDegrees>58.69960398252138</LatitudeDegrees><LongitudeDegrees>59.46262071376494</LongitudeDegrees></Position></Trackpoint><Trackpoint><Time>2026-07-25T20:45:12.000Z</Time><Position><LatitudeDegrees>58.699611528190815</LatitudeDegrees><LongitudeDegrees>59.462640337757456</LongitudeDegrees></Position></Trackpoint><Trackpoint><Time>2026-07-25T20:45:13.000Z</Time><Position><LatitudeDegrees>58.69961857004166</LatitudeDegrees><LongitudeDegrees>59.462659979914655</LongitudeDegrees></Position></Trackpoint><Trackpoint><Time>2026-07-25T20:45:14.000Z</Time><Position><LatitudeDegrees>58.69962450059231</LatitudeDegrees><LongitudeDegrees>59.462679066954</LongitudeDegrees></Position></Trackpoint><Trackpoint><Time>2026-07-25T20:45:15.000Z</Time><Position><LatitudeDegrees>58.6996297019059</LatitudeDegrees><LongitudeDegrees>59.462697923637805</LongitudeDegrees></Position></Trackpoint><Trackpoint><Time>2026-07-25T20:45:16.000Z</Time><Position><LatitudeDegrees>58.699634914535864</LatitudeDegrees><LongitudeDegrees>59.46271622366917</LongitudeDegrees></Position></Trackpoint><Trackpoint><Time>2026-07-25T20:45:17.000Z</Time><Position><LatitudeDegrees>58.69964044201436</LatitudeDegrees><LongitudeDegrees>59.46273390411365</LongitudeDegrees></Position></Trackpoint><Trackpoint><Time>2026-07-25T20:45:18.000Z</Time><Position><LatitudeDegrees>58.69964636893573</LatitudeDegrees><LongitudeDegrees>59.4627515081864</LongitudeDegrees></Position></Trackpoint><Trackpoint><Time>2026-07-25T20:45:19.000Z</Time><Position><LatitudeDegrees>58.69965218926023</LatitudeDegrees><LongitudeDegrees>59.46277024862498</LongitudeDegrees></Position></Trackpoint><Trackpoint><Time>2026-07-25T20:45:20.000Z</Time><Position><LatitudeDegrees>58.699657708265356</LatitudeDegrees><LongitudeDegrees>59.462789989413686</LongitudeDegrees></Position></Trackpoint><Trackpoint><Time>2026-07-25T20:45:21.000Z</Time><Position><LatitudeDegrees>58.6996633740424</LatitudeDegrees><LongitudeDegrees>59.4628105461433</LongitudeDegrees></Position></Trackpoint><Trackpoint><Time>2026-07-25T20:45:22.000Z</Time><Position><LatitudeDegrees>58.69966886268174</LatitudeDegrees><LongitudeDegrees>59.46283124853257</LongitudeDegrees></Position></Trackpoint><Trackpoint><Time>2026-07-25T20:45:23.000Z</Time><Position><LatitudeDegrees>58.699674553132546</LatitudeDegrees><LongitudeDegrees>59.46285278106335</LongitudeDegrees></Position></Trackpoint><Trackpoint><Time>2026-07-25T20:45:24.000Z</Time><Position><LatitudeDegrees>58.699680575556535</LatitudeDegrees><LongitudeDegrees>59.46287385024883</LongitudeDegrees></Position></Trackpoint><Trackpoint><Time>2026-07-25T20:45:25.000Z</Time><Position><LatitudeDegrees>58.69968596172915</LatitudeDegrees><LongitudeDegrees>59.46289496207893</LongitudeDegrees></Position></Trackpoint><Trackpoint><Time>2026-07-25T20:45:26.000Z</Time><Position><LatitudeDegrees>58.69968990495451</LatitudeDegrees><LongitudeDegrees>59.46291680907439</LongitudeDegrees></Position></Trackpoint><Trackpoint><Time>2026-07-25T20:45:27.000Z</Time><Position><LatitudeDegrees>58.69969274781907</LatitudeDegrees><LongitudeDegrees>59.46293860285978</LongitudeDegrees></Position></Trackpoint><Trackpoint><Time>2026-07-25T20:45:28.000Z</Time><Position><LatitudeDegrees>58.69969379341976</LatitudeDegrees><LongitudeDegrees>59.46296002558521</LongitudeDegrees></Position></Trackpoint><Trackpoint><Time>2026-07-25T20:45:29.000Z</Time><Position><LatitudeDegrees>58.69969396464599</LatitudeDegrees><LongitudeDegrees>59.462980993974504</LongitudeDegrees></Position></Trackpoint><Trackpoint><Time>2026-07-25T20:45:30.000Z</Time><Position><LatitudeDegrees>58.699693753799025</LatitudeDegrees><LongitudeDegrees>59.46300104243447</LongitudeDegrees></Position></Trackpoint><Trackpoint><Time>2026-07-25T20:45:31.000Z</Time><Position><LatitudeDegrees>58.69969390227409</LatitudeDegrees><LongitudeDegrees>59.4630210765111</LongitudeDegrees></Position></Trackpoint><Trackpoint><Time>2026-07-25T20:45:32.000Z</Time><Position><LatitudeDegrees>58.6996941796734</LatitudeDegrees><LongitudeDegrees>59.46304147098449</LongitudeDegrees></Position></Trackpoint><Trackpoint><Time>2026-07-25T20:45:33.000Z</Time><Position><LatitudeDegrees>58.699694964174846</LatitudeDegrees><LongitudeDegrees>59.463061844334604</LongitudeDegrees></Position></Trackpoint><Trackpoint><Time>2026-07-25T20:45:34.000Z</Time><Position><LatitudeDegrees>58.69969634643891</LatitudeDegrees><LongitudeDegrees>59.46308204214989</LongitudeDegrees></Position></Trackpoint><Trackpoint><Time>2026-07-25T20:45:35.000Z</Time><Position><LatitudeDegrees>58.69969779747006</LatitudeDegrees><LongitudeDegrees>59.463102512978786</LongitudeDegrees></Position></Trackpoint><Trackpoint><Time>2026-07-25T20:45:36.000Z</Time><Position><LatitudeDegrees>58.69969811136289</LatitudeDegrees><LongitudeDegrees>59.463123896118226</LongitudeDegrees></Position></Trackpoint><Trackpoint><Time>2026-07-25T20:45:37.000Z</Time><Position><LatitudeDegrees>58.699697916656575</LatitudeDegrees><LongitudeDegrees>59.463146337758324</LongitudeDegrees></Position></Trackpoint><Trackpoint><Time>2026-07-25T20:45:38.000Z</Time><Position><LatitudeDegrees>58.699697047871815</LatitudeDegrees><LongitudeDegrees>59.46316976224809</LongitudeDegrees></Position></Trackpoint><Trackpoint><Time>2026-07-25T20:45:39.000Z</Time><Position><LatitudeDegrees>58.69969601298628</LatitudeDegrees><LongitudeDegrees>59.463193033063426</LongitudeDegrees></Position></Trackpoint><Trackpoint><Time>2026-07-25T20:45:40.000Z</Time><Position><LatitudeDegrees>58.69969455291028</LatitudeDegrees><LongitudeDegrees>59.4632161914803</LongitudeDegrees></Position></Trackpoint><Trackpoint><Time>2026-07-25T20:45:41.000Z</Time><Position><LatitudeDegrees>58.69969359473583</LatitudeDegrees><LongitudeDegrees>59.46323877931309</LongitudeDegrees></Position></Trackpoint><Trackpoint><Time>2026-07-25T20:45:42.000Z</Time><Position><LatitudeDegrees>58.699692966241415</LatitudeDegrees><LongitudeDegrees>59.46326166032051</LongitudeDegrees></Position></Trackpoint><Trackpoint><Time>2026-07-25T20:45:43.000Z</Time><Position><LatitudeDegrees>58.69969206457592</LatitudeDegrees><LongitudeDegrees>59.46328466298808</LongitudeDegrees></Position></Trackpoint><Trackpoint><Time>2026-07-25T20:45:44.000Z</Time><Position><LatitudeDegrees>58.699691166136866</LatitudeDegrees><LongitudeDegrees>59.4633077010655</LongitudeDegrees></Position></Trackpoint><Trackpoint><Time>2026-07-25T20:45:45.000Z</Time><Position><LatitudeDegrees>58.69968989472924</LatitudeDegrees><LongitudeDegrees>59.46333073448724</LongitudeDegrees></Position></Trackpoint><Trackpoint><Time>2026-07-25T20:45:46.000Z</Time><Position><LatitudeDegrees>58.69968814329334</LatitudeDegrees><LongitudeDegrees>59.463354236961145</LongitudeDegrees></Position></Trackpoint><Trackpoint><Time>2026-07-25T20:45:47.000Z</Time><Position><LatitudeDegrees>58.69968690857056</LatitudeDegrees><LongitudeDegrees>59.46337785376313</LongitudeDegrees></Position></Trackpoint><Trackpoint><Time>2026-07-25T20:45:48.000Z</Time><Position><LatitudeDegrees>58.69968702434351</LatitudeDegrees><LongitudeDegrees>59.463400444910924</LongitudeDegrees></Position></Trackpoint><Trackpoint><Time>2026-07-25T20:45:49.000Z</Time><Position><LatitudeDegrees>58.69968768143636</LatitudeDegrees><LongitudeDegrees>59.46342167256299</LongitudeDegrees></Position></Trackpoint><Trackpoint><Time>2026-07-25T20:45:50.000Z</Time><Position><LatitudeDegrees>58.69968847712592</LatitudeDegrees><LongitudeDegrees>59.46344255180874</LongitudeDegrees></Position></Trackpoint><Trackpoint><Time>2026-07-25T20:45:51.000Z</Time><Position><LatitudeDegrees>58.699689717379286</LatitudeDegrees><LongitudeDegrees>59.46346305580267</LongitudeDegrees></Position></Trackpoint><Trackpoint><Time>2026-07-25T20:45:52.000Z</Time><Position><LatitudeDegrees>58.69969147114484</LatitudeDegrees><LongitudeDegrees>59.46348273204128</LongitudeDegrees></Position></Trackpoint><Trackpoint><Time>2026-07-25T20:45:53.000Z</Time><Position><LatitudeDegrees>58.6996937009093</LatitudeDegrees><LongitudeDegrees>59.463501500409684</LongitudeDegrees></Position></Trackpoint><Trackpoint><Time>2026-07-25T20:45:54.000Z</Time><Position><LatitudeDegrees>58.69969535090847</LatitudeDegrees><LongitudeDegrees>59.46351993404829</LongitudeDegrees></Position></Trackpoint><Trackpoint><Time>2026-07-25T20:45:55.000Z</Time><Position><LatitudeDegrees>58.699697039976684</LatitudeDegrees><LongitudeDegrees>59.463539291178726</LongitudeDegrees></Position></Trackpoint><Trackpoint><Time>2026-07-25T20:45:56.000Z</Time><Position><LatitudeDegrees>58.699698038734866</LatitudeDegrees><LongitudeDegrees>59.46355997144984</LongitudeDegrees></Position></Trackpoint><Trackpoint><Time>2026-07-25T20:45:57.000Z</Time><Position><LatitudeDegrees>58.69969813540064</LatitudeDegrees><LongitudeDegrees>59.46358294884848</LongitudeDegrees></Position></Trackpoint><Trackpoint><Time>2026-07-25T20:45:58.000Z</Time><Position><LatitudeDegrees>58.699697848147764</LatitudeDegrees><LongitudeDegrees>59.46360784005147</LongitudeDegrees></Position></Trackpoint><Trackpoint><Time>2026-07-25T20:45:59.000Z</Time><Position><LatitudeDegrees>58.699697439652866</LatitudeDegrees><LongitudeDegrees>59.46363473117026</LongitudeDegrees></Position></Trackpoint><Trackpoint><Time>2026-07-25T20:46:00.000Z</Time><Position><LatitudeDegrees>58.69969752326678</LatitudeDegrees><LongitudeDegrees>59.463661932150394</LongitudeDegrees></Position></Trackpoint><Trackpoint><Time>2026-07-25T20:46:01.000Z</Time><Position><LatitudeDegrees>58.69969828842641</LatitudeDegrees><LongitudeDegrees>59.46368870720085</LongitudeDegrees></Position></Trackpoint><Trackpoint><Time>2026-07-25T20:46:02.000Z</Time><Position><LatitudeDegrees>58.699699236062216</LatitudeDegrees><LongitudeDegrees>59.46371480796579</LongitudeDegrees></Position></Trackpoint><Trackpoint><Time>2026-07-25T20:46:03.000Z</Time><Position><LatitudeDegrees>58.69970013722017</LatitudeDegrees><LongitudeDegrees>59.46374021870752</LongitudeDegrees></Position></Trackpoint><Trackpoint><Time>2026-07-25T20:46:04.000Z</Time><Position><LatitudeDegrees>58.69970090357474</LatitudeDegrees><LongitudeDegrees>59.46376453189754</LongitudeDegrees></Position></Trackpoint><Trackpoint><Time>2026-07-25T20:46:05.000Z</Time><Position><LatitudeDegrees>58.69970200566295</LatitudeDegrees><LongitudeDegrees>59.46378723096051</LongitudeDegrees></Position></Trackpoint><Trackpoint><Time>2026-07-25T20:46:06.000Z</Time><Position><LatitudeDegrees>58.69970310456612</LatitudeDegrees><LongitudeDegrees>59.46380928954549</LongitudeDegrees></Position></Trackpoint><Trackpoint><Time>2026-07-25T20:46:07.000Z</Time><Position><LatitudeDegrees>58.69970406111502</LatitudeDegrees><LongitudeDegrees>59.463830701227366</LongitudeDegrees></Position></Trackpoint><Trackpoint><Time>2026-07-25T20:46:08.000Z</Time><Position><LatitudeDegrees>58.699704346655466</LatitudeDegrees><LongitudeDegrees>59.46385203599974</LongitudeDegrees></Position></Trackpoint><Trackpoint><Time>2026-07-25T20:46:09.000Z</Time><Position><LatitudeDegrees>58.69970431920357</LatitudeDegrees><LongitudeDegrees>59.46387402808682</LongitudeDegrees></Position></Trackpoint><Trackpoint><Time>2026-07-25T20:46:10.000Z</Time><Position><LatitudeDegrees>58.699703676763775</LatitudeDegrees><LongitudeDegrees>59.463895916280016</LongitudeDegrees></Position></Trackpoint><Trackpoint><Time>2026-07-25T20:46:11.000Z</Time><Position><LatitudeDegrees>58.69970237389702</LatitudeDegrees><LongitudeDegrees>59.46391789003351</LongitudeDegrees></Position></Trackpoint><Trackpoint><Time>2026-07-25T20:46:12.000Z</Time><Position><LatitudeDegrees>58.69970047665477</LatitudeDegrees><LongitudeDegrees>59.463940505999915</LongitudeDegrees></Position></Trackpoint><Trackpoint><Time>2026-07-25T20:46:13.000Z</Time><Position><LatitudeDegrees>58.699698578137046</LatitudeDegrees><LongitudeDegrees>59.463963421389685</LongitudeDegrees></Position></Trackpoint><Trackpoint><Time>2026-07-25T20:46:14.000Z</Time><Position><LatitudeDegrees>58.69969692276591</LatitudeDegrees><LongitudeDegrees>59.46398547737887</LongitudeDegrees></Position></Trackpoint><Trackpoint><Time>2026-07-25T20:46:15.000Z</Time><Position><LatitudeDegrees>58.69969557999503</LatitudeDegrees><LongitudeDegrees>59.46400728624913</LongitudeDegrees></Position></Trackpoint><Trackpoint><Time>2026-07-25T20:46:16.000Z</Time><Position><LatitudeDegrees>58.69969453830596</LatitudeDegrees><LongitudeDegrees>59.464029131875805</LongitudeDegrees></Position></Trackpoint><Trackpoint><Time>2026-07-25T20:46:17.000Z</Time><Position><LatitudeDegrees>58.699693754311646</LatitudeDegrees><LongitudeDegrees>59.46405161606122</LongitudeDegrees></Position></Trackpoint><Trackpoint><Time>2026-07-25T20:46:18.000Z</Time><Position><LatitudeDegrees>58.69969317706911</LatitudeDegrees><LongitudeDegrees>59.46407441507897</LongitudeDegrees></Position></Trackpoint><Trackpoint><Time>2026-07-25T20:46:19.000Z</Time><Position><LatitudeDegrees>58.699693248672666</LatitudeDegrees><LongitudeDegrees>59.46409735519948</LongitudeDegrees></Position></Trackpoint><Trackpoint><Time>2026-07-25T20:46:20.000Z</Time><Position><LatitudeDegrees>58.69969357830248</LatitudeDegrees><LongitudeDegrees>59.46411985715417</LongitudeDegrees></Position></Trackpoint><Trackpoint><Time>2026-07-25T20:46:21.000Z</Time><Position><LatitudeDegrees>58.699693482278</LatitudeDegrees><LongitudeDegrees>59.464141738618835</LongitudeDegrees></Position></Trackpoint><Trackpoint><Time>2026-07-25T20:46:22.000Z</Time><Position><LatitudeDegrees>58.69969420250072</LatitudeDegrees><LongitudeDegrees>59.46416251453463</LongitudeDegrees></Position></Trackpoint><Trackpoint><Time>2026-07-25T20:46:23.000Z</Time><Position><LatitudeDegrees>58.69969516644177</LatitudeDegrees><LongitudeDegrees>59.46418261664429</LongitudeDegrees></Position></Trackpoint><Trackpoint><Time>2026-07-25T20:46:24.000Z</Time><Position><LatitudeDegrees>58.69969561742315</LatitudeDegrees><LongitudeDegrees>59.4642032884571</LongitudeDegrees></Position></Trackpoint><Trackpoint><Time>2026-07-25T20:46:25.000Z</Time><Position><LatitudeDegrees>58.699695309657244</LatitudeDegrees><LongitudeDegrees>59.46422496897112</LongitudeDegrees></Position></Trackpoint><Trackpoint><Time>2026-07-25T20:46:26.000Z</Time><Position><LatitudeDegrees>58.69969472891519</LatitudeDegrees><LongitudeDegrees>59.46424819912574</LongitudeDegrees></Position></Trackpoint><Trackpoint><Time>2026-07-25T20:46:27.000Z</Time><Position><LatitudeDegrees>58.69969411028982</LatitudeDegrees><LongitudeDegrees>59.464272023582566</LongitudeDegrees></Position></Trackpoint><Trackpoint><Time>2026-07-25T20:46:28.000Z</Time><Position><LatitudeDegrees>58.69969306585185</LatitudeDegrees><LongitudeDegrees>59.46429597262361</LongitudeDegrees></Position></Trackpoint><Trackpoint><Time>2026-07-25T20:46:29.000Z</Time><Position><LatitudeDegrees>58.69969149049145</LatitudeDegrees><LongitudeDegrees>59.46431983681314</LongitudeDegrees></Position></Trackpoint><Trackpoint><Time>2026-07-25T20:46:30.000Z</Time><Position><LatitudeDegrees>58.69969038828525</LatitudeDegrees><LongitudeDegrees>59.46434305117848</LongitudeDegrees></Position></Trackpoint><Trackpoint><Time>2026-07-25T20:46:31.000Z</Time><Position><LatitudeDegrees>58.69968962240621</LatitudeDegrees><LongitudeDegrees>59.46436595605962</LongitudeDegrees></Position></Trackpoint><Trackpoint><Time>2026-07-25T20:46:32.000Z</Time><Position><LatitudeDegrees>58.699689582947954</LatitudeDegrees><LongitudeDegrees>59.46438873134175</LongitudeDegrees></Position></Trackpoint><Trackpoint><Time>2026-07-25T20:46:33.000Z</Time><Position><LatitudeDegrees>58.699690337329024</LatitudeDegrees><LongitudeDegrees>59.464410978130786</LongitudeDegrees></Position></Trackpoint><Trackpoint><Time>2026-07-25T20:46:34.000Z</Time><Position><LatitudeDegrees>58.699691811426554</LatitudeDegrees><LongitudeDegrees>59.46443308959077</LongitudeDegrees></Position></Trackpoint><Trackpoint><Time>2026-07-25T20:46:35.000Z</Time><Position><LatitudeDegrees>58.69969290311851</LatitudeDegrees><LongitudeDegrees>59.464455245009034</LongitudeDegrees></Position></Trackpoint><Trackpoint><Time>2026-07-25T20:46:36.000Z</Time><Position><LatitudeDegrees>58.699693697206094</LatitudeDegrees><LongitudeDegrees>59.46447702296948</LongitudeDegrees></Position></Trackpoint><Trackpoint><Time>2026-07-25T20:46:37.000Z</Time><Position><LatitudeDegrees>58.69969426681033</LatitudeDegrees><LongitudeDegrees>59.46449976719692</LongitudeDegrees></Position></Trackpoint><Trackpoint><Time>2026-07-25T20:46:38.000Z</Time><Position><LatitudeDegrees>58.699694181246386</LatitudeDegrees><LongitudeDegrees>59.46452341745249</LongitudeDegrees></Position></Trackpoint><Trackpoint><Time>2026-07-25T20:46:39.000Z</Time><Position><LatitudeDegrees>58.69969383684433</LatitudeDegrees><LongitudeDegrees>59.464547343029885</LongitudeDegrees></Position></Trackpoint><Trackpoint><Time>2026-07-25T20:46:40.000Z</Time><Position><LatitudeDegrees>58.69969294043698</LatitudeDegrees><LongitudeDegrees>59.464570759235436</LongitudeDegrees></Position></Trackpoint><Trackpoint><Time>2026-07-25T20:46:41.000Z</Time><Position><LatitudeDegrees>58.699691931747964</LatitudeDegrees><LongitudeDegrees>59.46459340828324</LongitudeDegrees></Position></Trackpoint><Trackpoint><Time>2026-07-25T20:46:42.000Z</Time><Position><LatitudeDegrees>58.69969149589194</LatitudeDegrees><LongitudeDegrees>59.464615282472</LongitudeDegrees></Position></Trackpoint><Trackpoint><Time>2026-07-25T20:46:43.000Z</Time><Position><LatitudeDegrees>58.69969282072097</LatitudeDegrees><LongitudeDegrees>59.464636478082056</LongitudeDegrees></Position></Trackpoint><Trackpoint><Time>2026-07-25T20:46:44.000Z</Time><Position><LatitudeDegrees>58.69969616945087</LatitudeDegrees><LongitudeDegrees>59.464657121859396</LongitudeDegrees></Position></Trackpoint><Trackpoint><Time>2026-07-25T20:46:45.000Z</Time><Position><LatitudeDegrees>58.699701880328696</LatitudeDegrees><LongitudeDegrees>59.46467733682915</LongitudeDegrees></Position></Trackpoint><Trackpoint><Time>2026-07-25T20:46:46.000Z</Time><Position><LatitudeDegrees>58.69970929986715</LatitudeDegrees><LongitudeDegrees>59.46469673908335</LongitudeDegrees></Position></Trackpoint><Trackpoint><Time>2026-07-25T20:46:47.000Z</Time><Position><LatitudeDegrees>58.699718429244975</LatitudeDegrees><LongitudeDegrees>59.46471527482671</LongitudeDegrees></Position></Trackpoint><Trackpoint><Time>2026-07-25T20:46:48.000Z</Time><Position><LatitudeDegrees>58.699728559881706</LatitudeDegrees><LongitudeDegrees>59.464733033119884</LongitudeDegrees></Position></Trackpoint><Trackpoint><Time>2026-07-25T20:46:49.000Z</Time><Position><LatitudeDegrees>58.69973976106083</LatitudeDegrees><LongitudeDegrees>59.46475015042558</LongitudeDegrees></Position></Trackpoint><Trackpoint><Time>2026-07-25T20:46:50.000Z</Time><Position><LatitudeDegrees>58.69975143430249</LatitudeDegrees><LongitudeDegrees>59.46476725482408</LongitudeDegrees></Position></Trackpoint><Trackpoint><Time>2026-07-25T20:46:51.000Z</Time><Position><LatitudeDegrees>58.69976278293358</LatitudeDegrees><LongitudeDegrees>59.46478362741517</LongitudeDegrees></Position></Trackpoint><Trackpoint><Time>2026-07-25T20:46:52.000Z</Time><Position><LatitudeDegrees>58.699774010131456</LatitudeDegrees><LongitudeDegrees>59.46479906605814</LongitudeDegrees></Position></Trackpoint><Trackpoint><Time>2026-07-25T20:46:53.000Z</Time><Position><LatitudeDegrees>58.699785215157085</LatitudeDegrees><LongitudeDegrees>59.46481409698615</LongitudeDegrees></Position></Trackpoint><Trackpoint><Time>2026-07-25T20:46:54.000Z</Time><Position><LatitudeDegrees>58.699797420956465</LatitudeDegrees><LongitudeDegrees>59.46482947885979</LongitudeDegrees></Position></Trackpoint><Trackpoint><Time>2026-07-25T20:46:55.000Z</Time><Position><LatitudeDegrees>58.699810430754454</LatitudeDegrees><LongitudeDegrees>59.46484498946682</LongitudeDegrees></Position></Trackpoint><Trackpoint><Time>2026-07-25T20:46:56.000Z</Time><Position><LatitudeDegrees>58.69982357070986</LatitudeDegrees><LongitudeDegrees>59.46485954154886</LongitudeDegrees></Position></Trackpoint><Trackpoint><Time>2026-07-25T20:46:57.000Z</Time><Position><LatitudeDegrees>58.6998365466069</LatitudeDegrees><LongitudeDegrees>59.46487232075127</LongitudeDegrees></Position></Trackpoint><Trackpoint><Time>2026-07-25T20:46:58.000Z</Time><Position><LatitudeDegrees>58.69984974794498</LatitudeDegrees><LongitudeDegrees>59.464884198463295</LongitudeDegrees></Position></Trackpoint><Trackpoint><Time>2026-07-25T20:46:59.000Z</Time><Position><LatitudeDegrees>58.69986232697667</LatitudeDegrees><LongitudeDegrees>59.46489467003578</LongitudeDegrees></Position></Trackpoint><Trackpoint><Time>2026-07-25T20:47:00.000Z</Time><Position><LatitudeDegrees>58.69987450405402</LatitudeDegrees><LongitudeDegrees>59.46490321850264</LongitudeDegrees></Position></Trackpoint><Trackpoint><Time>2026-07-25T20:47:01.000Z</Time><Position><LatitudeDegrees>58.699886421515586</LatitudeDegrees><LongitudeDegrees>59.46490938817708</LongitudeDegrees></Position></Trackpoint><Trackpoint><Time>2026-07-25T20:47:02.000Z</Time><Position><LatitudeDegrees>58.69989817130242</LatitudeDegrees><LongitudeDegrees>59.46491280709585</LongitudeDegrees></Position></Trackpoint><Trackpoint><Time>2026-07-25T20:47:03.000Z</Time><Position><LatitudeDegrees>58.69991030241033</LatitudeDegrees><LongitudeDegrees>59.46491416473805</LongitudeDegrees></Position></Trackpoint><Trackpoint><Time>2026-07-25T20:47:04.000Z</Time><Position><LatitudeDegrees>58.699922012770884</LatitudeDegrees><LongitudeDegrees>59.464914009615875</LongitudeDegrees></Position></Trackpoint><Trackpoint><Time>2026-07-25T20:47:05.000Z</Time><Position><LatitudeDegrees>58.699933515678445</LatitudeDegrees><LongitudeDegrees>59.46491325139658</LongitudeDegrees></Position></Trackpoint><Trackpoint><Time>2026-07-25T20:47:06.000Z</Time><Position><LatitudeDegrees>58.69994492560104</LatitudeDegrees><LongitudeDegrees>59.46491234211808</LongitudeDegrees></Position></Trackpoint><Trackpoint><Time>2026-07-25T20:47:07.000Z</Time><Position><LatitudeDegrees>58.69995581200427</LatitudeDegrees><LongitudeDegrees>59.464910997722264</LongitudeDegrees></Position></Trackpoint><Trackpoint><Time>2026-07-25T20:47:08.000Z</Time><Position><LatitudeDegrees>58.699966554383245</LatitudeDegrees><LongitudeDegrees>59.46490964668179</LongitudeDegrees></Position></Trackpoint><Trackpoint><Time>2026-07-25T20:47:09.000Z</Time><Position><LatitudeDegrees>58.699976837901396</LatitudeDegrees><LongitudeDegrees>59.46490797669821</LongitudeDegrees></Position></Trackpoint><Trackpoint><Time>2026-07-25T20:47:10.000Z</Time><Position><LatitudeDegrees>58.69998757101384</LatitudeDegrees><LongitudeDegrees>59.46490638970308</LongitudeDegrees></Position></Trackpoint><Trackpoint><Time>2026-07-25T20:47:11.000Z</Time><Position><LatitudeDegrees>58.69999907014795</LatitudeDegrees><LongitudeDegrees>59.46490504057379</LongitudeDegrees></Position></Trackpoint><Trackpoint><Time>2026-07-25T20:47:12.000Z</Time><Position><LatitudeDegrees>58.700010388080116</LatitudeDegrees><LongitudeDegrees>59.464902983343045</LongitudeDegrees></Position></Trackpoint><Trackpoint><Time>2026-07-25T20:47:13.000Z</Time><Position><LatitudeDegrees>58.700021647579675</LatitudeDegrees><LongitudeDegrees>59.46490040892434</LongitudeDegrees></Position></Trackpoint><Trackpoint><Time>2026-07-25T20:47:14.000Z</Time><Position><LatitudeDegrees>58.700032906706866</LatitudeDegrees><LongitudeDegrees>59.46489795193314</LongitudeDegrees></Position></Trackpoint><Trackpoint><Time>2026-07-25T20:47:15.000Z</Time><Position><LatitudeDegrees>58.70004369981002</LatitudeDegrees><LongitudeDegrees>59.46489438982174</LongitudeDegrees></Position></Trackpoint><Trackpoint><Time>2026-07-25T20:47:16.000Z</Time><Position><LatitudeDegrees>58.700054384542334</LatitudeDegrees><LongitudeDegrees>59.46489034016597</LongitudeDegrees></Position></Trackpoint><Trackpoint><Time>2026-07-25T20:47:17.000Z</Time><Position><LatitudeDegrees>58.700065122106565</LatitudeDegrees><LongitudeDegrees>59.464887099100984</LongitudeDegrees></Position></Trackpoint><Trackpoint><Time>2026-07-25T20:47:18.000Z</Time><Position><LatitudeDegrees>58.7000764617211</LatitudeDegrees><LongitudeDegrees>59.464883627805186</LongitudeDegrees></Position></Trackpoint><Trackpoint><Time>2026-07-25T20:47:19.000Z</Time><Position><LatitudeDegrees>58.70008855230016</LatitudeDegrees><LongitudeDegrees>59.46488050722823</LongitudeDegrees></Position></Trackpoint><Trackpoint><Time>2026-07-25T20:47:20.000Z</Time><Position><LatitudeDegrees>58.70010184839702</LatitudeDegrees><LongitudeDegrees>59.46487793161031</LongitudeDegrees></Position></Trackpoint><Trackpoint><Time>2026-07-25T20:47:21.000Z</Time><Position><LatitudeDegrees>58.70011540326426</LatitudeDegrees><LongitudeDegrees>59.46487640061198</LongitudeDegrees></Position></Trackpoint><Trackpoint><Time>2026-07-25T20:47:22.000Z</Time><Position><LatitudeDegrees>58.700129283397565</LatitudeDegrees><LongitudeDegrees>59.46487549632415</LongitudeDegrees></Position></Trackpoint><Trackpoint><Time>2026-07-25T20:47:23.000Z</Time><Position><LatitudeDegrees>58.70014298482404</LatitudeDegrees><LongitudeDegrees>59.46487594542181</LongitudeDegrees></Position></Trackpoint><Trackpoint><Time>2026-07-25T20:47:24.000Z</Time><Position><LatitudeDegrees>58.70015681253821</LatitudeDegrees><LongitudeDegrees>59.464875915026504</LongitudeDegrees></Position></Trackpoint><Trackpoint><Time>2026-07-25T20:47:25.000Z</Time><Position><LatitudeDegrees>58.70016940710631</LatitudeDegrees><LongitudeDegrees>59.464871774176245</LongitudeDegrees></Position></Trackpoint><Trackpoint><Time>2026-07-25T20:47:26.000Z</Time><Position><LatitudeDegrees>58.70018134616184</LatitudeDegrees><LongitudeDegrees>59.46486451353295</LongitudeDegrees></Position></Trackpoint><Trackpoint><Time>2026-07-25T20:47:27.000Z</Time><Position><LatitudeDegrees>58.70019295172759</LatitudeDegrees><LongitudeDegrees>59.46485689994743</LongitudeDegrees></Position></Trackpoint><Trackpoint><Time>2026-07-25T20:47:28.000Z</Time><Position><LatitudeDegrees>58.70020439922619</LatitudeDegrees><LongitudeDegrees>59.4648501182007</LongitudeDegrees></Position></Trackpoint><Trackpoint><Time>2026-07-25T20:47:29.000Z</Time><Position><LatitudeDegrees>58.70021627080082</LatitudeDegrees><LongitudeDegrees>59.464844059849234</LongitudeDegrees></Position></Trackpoint><Trackpoint><Time>2026-07-25T20:47:30.000Z</Time><Position><LatitudeDegrees>58.70022924137858</LatitudeDegrees><LongitudeDegrees>59.46483956660691</LongitudeDegrees></Position></Trackpoint><Trackpoint><Time>2026-07-25T20:47:31.000Z</Time><Position><LatitudeDegrees>58.70024099980844</LatitudeDegrees><LongitudeDegrees>59.46483727385082</LongitudeDegrees></Position></Trackpoint><Trackpoint><Time>2026-07-25T20:47:32.000Z</Time><Position><LatitudeDegrees>58.70025221869057</LatitudeDegrees><LongitudeDegrees>59.464836181600106</LongitudeDegrees></Position></Trackpoint><Trackpoint><Time>2026-07-25T20:47:33.000Z</Time><Position><LatitudeDegrees>58.700263244274275</LatitudeDegrees><LongitudeDegrees>59.46483621355689</LongitudeDegrees></Position></Trackpoint><Trackpoint><Time>2026-07-25T20:47:34.000Z</Time><Position><LatitudeDegrees>58.70027424396612</LatitudeDegrees><LongitudeDegrees>59.46483719400883</LongitudeDegrees></Position></Trackpoint><Trackpoint><Time>2026-07-25T20:47:35.000Z</Time><Position><LatitudeDegrees>58.70028675886475</LatitudeDegrees><LongitudeDegrees>59.46483990807503</LongitudeDegrees></Position></Trackpoint><Trackpoint><Time>2026-07-25T20:47:36.000Z</Time><Position><LatitudeDegrees>58.70030024995024</LatitudeDegrees><LongitudeDegrees>59.464843477365726</LongitudeDegrees></Position></Trackpoint><Trackpoint><Time>2026-07-25T20:47:37.000Z</Time><Position><LatitudeDegrees>58.700313880333496</LatitudeDegrees><LongitudeDegrees>59.46484596153209</LongitudeDegrees></Position></Trackpoint><Trackpoint><Time>2026-07-25T20:47:38.000Z</Time><Position><LatitudeDegrees>58.700327287477016</LatitudeDegrees><LongitudeDegrees>59.46484621113723</LongitudeDegrees></Position></Trackpoint><Trackpoint><Time>2026-07-25T20:47:39.000Z</Time><Position><LatitudeDegrees>58.700339861117634</LatitudeDegrees><LongitudeDegrees>59.464843060385995</LongitudeDegrees></Position></Trackpoint><Trackpoint><Time>2026-07-25T20:47:40.000Z</Time><Position><LatitudeDegrees>58.70035145690746</LatitudeDegrees><LongitudeDegrees>59.46483793442753</LongitudeDegrees></Position></Trackpoint><Trackpoint><Time>2026-07-25T20:47:41.000Z</Time><Position><LatitudeDegrees>58.700363120126134</LatitudeDegrees><LongitudeDegrees>59.46483118409001</LongitudeDegrees></Position></Trackpoint><Trackpoint><Time>2026-07-25T20:47:42.000Z</Time><Position><LatitudeDegrees>58.70037478298965</LatitudeDegrees><LongitudeDegrees>59.464822672732154</LongitudeDegrees></Position></Trackpoint><Trackpoint><Time>2026-07-25T20:47:43.000Z</Time><Position><LatitudeDegrees>58.700386907238496</LatitudeDegrees><LongitudeDegrees>59.46481257010482</LongitudeDegrees></Position></Trackpoint><Trackpoint><Time>2026-07-25T20:47:44.000Z</Time><Position><LatitudeDegrees>58.70039913420408</LatitudeDegrees><LongitudeDegrees>59.46480066074348</LongitudeDegrees></Position></Trackpoint><Trackpoint><Time>2026-07-25T20:47:45.000Z</Time><Position><LatitudeDegrees>58.70041130299118</LatitudeDegrees><LongitudeDegrees>59.46478806702547</LongitudeDegrees></Position></Trackpoint><Trackpoint><Time>2026-07-25T20:47:46.000Z</Time><Position><LatitudeDegrees>58.70042286519427</LatitudeDegrees><LongitudeDegrees>59.46477582862995</LongitudeDegrees></Position></Trackpoint><Trackpoint><Time>2026-07-25T20:47:47.000Z</Time><Position><LatitudeDegrees>58.70043416242644</LatitudeDegrees><LongitudeDegrees>59.46476383851578</LongitudeDegrees></Position></Trackpoint><Trackpoint><Time>2026-07-25T20:47:48.000Z</Time><Position><LatitudeDegrees>58.70044536938396</LatitudeDegrees><LongitudeDegrees>59.464751041512045</LongitudeDegrees></Position></Trackpoint><Trackpoint><Time>2026-07-25T20:47:49.000Z</Time><Position><LatitudeDegrees>58.70045656959918</LatitudeDegrees><LongitudeDegrees>59.4647385754591</LongitudeDegrees></Position></Trackpoint><Trackpoint><Time>2026-07-25T20:47:50.000Z</Time><Position><LatitudeDegrees>58.700467798338906</LatitudeDegrees><LongitudeDegrees>59.46472588725928</LongitudeDegrees></Position></Trackpoint><Trackpoint><Time>2026-07-25T20:47:51.000Z</Time><Position><LatitudeDegrees>58.70047808724484</LatitudeDegrees><LongitudeDegrees>59.46471326725134</LongitudeDegrees></Position></Trackpoint><Trackpoint><Time>2026-07-25T20:47:52.000Z</Time><Position><LatitudeDegrees>58.70048862697285</LatitudeDegrees><LongitudeDegrees>59.46470033664353</LongitudeDegrees></Position></Trackpoint><Trackpoint><Time>2026-07-25T20:47:53.000Z</Time><Position><LatitudeDegrees>58.70049938607148</LatitudeDegrees><LongitudeDegrees>59.4646869793018</LongitudeDegrees></Position></Trackpoint><Trackpoint><Time>2026-07-25T20:47:54.000Z</Time><Position><LatitudeDegrees>58.70050934421084</LatitudeDegrees><LongitudeDegrees>59.46467222294769</LongitudeDegrees></Position></Trackpoint><Trackpoint><Time>2026-07-25T20:47:55.000Z</Time><Position><LatitudeDegrees>58.7005186735976</LatitudeDegrees><LongitudeDegrees>59.46465584672562</LongitudeDegrees></Position></Trackpoint><Trackpoint><Time>2026-07-25T20:47:56.000Z</Time><Position><LatitudeDegrees>58.700528015462254</LatitudeDegrees><LongitudeDegrees>59.46463845719813</LongitudeDegrees></Position></Trackpoint><Trackpoint><Time>2026-07-25T20:47:57.000Z</Time><Position><LatitudeDegrees>58.70053763228339</LatitudeDegrees><LongitudeDegrees>59.4646204342241</LongitudeDegrees></Position></Trackpoint><Trackpoint><Time>2026-07-25T20:47:58.000Z</Time><Position><LatitudeDegrees>58.700548086478825</LatitudeDegrees><LongitudeDegrees>59.46460250515462</LongitudeDegrees></Position></Trackpoint><Trackpoint><Time>2026-07-25T20:47:59.000Z</Time><Position><LatitudeDegrees>58.70055901258462</LatitudeDegrees><LongitudeDegrees>59.46458544709524</LongitudeDegrees></Position></Trackpoint><Trackpoint><Time>2026-07-25T20:48:00.000Z</Time><Position><LatitudeDegrees>58.70056970991093</LatitudeDegrees><LongitudeDegrees>59.464569468291096</LongitudeDegrees></Position></Trackpoint><Trackpoint><Time>2026-07-25T20:48:01.000Z</Time><Position><LatitudeDegrees>58.700579919253826</LatitudeDegrees><LongitudeDegrees>59.46455451598372</LongitudeDegrees></Position></Trackpoint><Trackpoint><Time>2026-07-25T20:48:02.000Z</Time><Position><LatitudeDegrees>58.70058959649641</LatitudeDegrees><LongitudeDegrees>59.464539457474864</LongitudeDegrees></Position></Trackpoint><Trackpoint><Time>2026-07-25T20:48:03.000Z</Time><Position><LatitudeDegrees>58.70059879176414</LatitudeDegrees><LongitudeDegrees>59.46452383991241</LongitudeDegrees></Position></Trackpoint><Trackpoint><Time>2026-07-25T20:48:04.000Z</Time><Position><LatitudeDegrees>58.70060807717172</LatitudeDegrees><LongitudeDegrees>59.464508038161064</LongitudeDegrees></Position></Trackpoint><Trackpoint><Time>2026-07-25T20:48:05.000Z</Time><Position><LatitudeDegrees>58.70061718715513</LatitudeDegrees><LongitudeDegrees>59.464493209464216</LongitudeDegrees></Position></Trackpoint><Trackpoint><Time>2026-07-25T20:48:06.000Z</Time><Position><LatitudeDegrees>58.70062603486168</LatitudeDegrees><LongitudeDegrees>59.46447872630198</LongitudeDegrees></Position></Trackpoint><Trackpoint><Time>2026-07-25T20:48:07.000Z</Time><Position><LatitudeDegrees>58.70063461818536</LatitudeDegrees><LongitudeDegrees>59.464464775502506</LongitudeDegrees></Position></Trackpoint><Trackpoint><Time>2026-07-25T20:48:08.000Z</Time><Position><LatitudeDegrees>58.70064248058139</LatitudeDegrees><LongitudeDegrees>59.464451365679906</LongitudeDegrees></Position></Trackpoint><Trackpoint><Time>2026-07-25T20:48:09.000Z</Time><Position><LatitudeDegrees>58.70065050578059</LatitudeDegrees><LongitudeDegrees>59.46443794133758</LongitudeDegrees></Position></Trackpoint><Trackpoint><Time>2026-07-25T20:48:10.000Z</Time><Position><LatitudeDegrees>58.70065854722664</LatitudeDegrees><LongitudeDegrees>59.464423785956456</LongitudeDegrees></Position></Trackpoint><Trackpoint><Time>2026-07-25T20:48:11.000Z</Time><Position><LatitudeDegrees>58.70066654247749</LatitudeDegrees><LongitudeDegrees>59.46440967749907</LongitudeDegrees></Position></Trackpoint><Trackpoint><Time>2026-07-25T20:48:12.000Z</Time><Position><LatitudeDegrees>58.7006739821359</LatitudeDegrees><LongitudeDegrees>59.46439544072311</LongitudeDegrees></Position></Trackpoint><Trackpoint><Time>2026-07-25T20:48:13.000Z</Time><Position><LatitudeDegrees>58.70068121733516</LatitudeDegrees><LongitudeDegrees>59.464380530316824</LongitudeDegrees></Position></Trackpoint><Trackpoint><Time>2026-07-25T20:48:14.000Z</Time><Position><LatitudeDegrees>58.70068939814692</LatitudeDegrees><LongitudeDegrees>59.46436480816209</LongitudeDegrees></Position></Trackpoint><Trackpoint><Time>2026-07-25T20:48:15.000Z</Time><Position><LatitudeDegrees>58.70069887684112</LatitudeDegrees><LongitudeDegrees>59.46435076961703</LongitudeDegrees></Position></Trackpoint><Trackpoint><Time>2026-07-25T20:48:16.000Z</Time><Position><LatitudeDegrees>58.700709631913014</LatitudeDegrees><LongitudeDegrees>59.46433824704335</LongitudeDegrees></Position></Trackpoint><Trackpoint><Time>2026-07-25T20:48:17.000Z</Time><Position><LatitudeDegrees>58.70072051146384</LatitudeDegrees><LongitudeDegrees>59.464325997608135</LongitudeDegrees></Position></Trackpoint><Trackpoint><Time>2026-07-25T20:48:18.000Z</Time><Position><LatitudeDegrees>58.70073151473723</LatitudeDegrees><LongitudeDegrees>59.46431347441443</LongitudeDegrees></Position></Trackpoint><Trackpoint><Time>2026-07-25T20:48:19.000Z</Time><Position><LatitudeDegrees>58.70074213593145</LatitudeDegrees><LongitudeDegrees>59.46429999775772</LongitudeDegrees></Position></Trackpoint><Trackpoint><Time>2026-07-25T20:48:20.000Z</Time><Position><LatitudeDegrees>58.700752215779765</LatitudeDegrees><LongitudeDegrees>59.464285410088536</LongitudeDegrees></Position></Trackpoint><Trackpoint><Time>2026-07-25T20:48:21.000Z</Time><Position><LatitudeDegrees>58.70076175817175</LatitudeDegrees><LongitudeDegrees>59.46427027873014</LongitudeDegrees></Position></Trackpoint><Trackpoint><Time>2026-07-25T20:48:22.000Z</Time><Position><LatitudeDegrees>58.700771323301595</LatitudeDegrees><LongitudeDegrees>59.46425490710687</LongitudeDegrees></Position></Trackpoint><Trackpoint><Time>2026-07-25T20:48:23.000Z</Time><Position><LatitudeDegrees>58.700780159736325</LatitudeDegrees><LongitudeDegrees>59.46424043023785</LongitudeDegrees></Position></Trackpoint><Trackpoint><Time>2026-07-25T20:48:24.000Z</Time><Position><LatitudeDegrees>58.70078854114833</LatitudeDegrees><LongitudeDegrees>59.464226711110825</LongitudeDegrees></Position></Trackpoint><Trackpoint><Time>2026-07-25T20:48:25.000Z</Time><Position><LatitudeDegrees>58.70079663864649</LatitudeDegrees><LongitudeDegrees>59.46421359604456</LongitudeDegrees></Position></Trackpoint><Trackpoint><Time>2026-07-25T20:48:26.000Z</Time><Position><LatitudeDegrees>58.70080455913907</LatitudeDegrees><LongitudeDegrees>59.46420045460708</LongitudeDegrees></Position></Trackpoint><Trackpoint><Time>2026-07-25T20:48:27.000Z</Time><Position><LatitudeDegrees>58.70081236937287</LatitudeDegrees><LongitudeDegrees>59.464187520160806</LongitudeDegrees></Position></Trackpoint><Trackpoint><Time>2026-07-25T20:48:28.000Z</Time><Position><LatitudeDegrees>58.70082060059858</LatitudeDegrees><LongitudeDegrees>59.46417388302391</LongitudeDegrees></Position></Trackpoint><Trackpoint><Time>2026-07-25T20:48:29.000Z</Time><Position><LatitudeDegrees>58.70082990717993</LatitudeDegrees><LongitudeDegrees>59.46415925874837</LongitudeDegrees></Position></Trackpoint><Trackpoint><Time>2026-07-25T20:48:30.000Z</Time><Position><LatitudeDegrees>58.700840420585436</LatitudeDegrees><LongitudeDegrees>59.46414463610798</LongitudeDegrees></Position></Trackpoint><Trackpoint><Time>2026-07-25T20:48:31.000Z</Time><Position><LatitudeDegrees>58.70085155045355</LatitudeDegrees><LongitudeDegrees>59.464129932492284</LongitudeDegrees></Position></Trackpoint><Trackpoint><Time>2026-07-25T20:48:32.000Z</Time><Position><LatitudeDegrees>58.70086297453166</LatitudeDegrees><LongitudeDegrees>59.464115613883216</LongitudeDegrees></Position></Trackpoint><Trackpoint><Time>2026-07-25T20:48:33.000Z</Time><Position><LatitudeDegrees>58.70087452234398</LatitudeDegrees><LongitudeDegrees>59.464101822772655</LongitudeDegrees></Position></Trackpoint><Trackpoint><Time>2026-07-25T20:48:34.000Z</Time><Position><LatitudeDegrees>58.70088561819119</LatitudeDegrees><LongitudeDegrees>59.46408806052926</LongitudeDegrees></Position></Trackpoint><Trackpoint><Time>2026-07-25T20:48:35.000Z</Time><Position><LatitudeDegrees>58.70089706221137</LatitudeDegrees><LongitudeDegrees>59.46407460770556</LongitudeDegrees></Position></Trackpoint><Trackpoint><Time>2026-07-25T20:48:36.000Z</Time><Position><LatitudeDegrees>58.7009091392406</LatitudeDegrees><LongitudeDegrees>59.4640610505183</LongitudeDegrees></Position></Trackpoint><Trackpoint><Time>2026-07-25T20:48:37.000Z</Time><Position><LatitudeDegrees>58.70092139572751</LatitudeDegrees><LongitudeDegrees>59.464047721563254</LongitudeDegrees></Position></Trackpoint><Trackpoint><Time>2026-07-25T20:48:38.000Z</Time><Position><LatitudeDegrees>58.70093411146202</LatitudeDegrees><LongitudeDegrees>59.46403570774242</LongitudeDegrees></Position></Trackpoint><Trackpoint><Time>2026-07-25T20:48:39.000Z</Time><Position><LatitudeDegrees>58.700945873895336</LatitudeDegrees><LongitudeDegrees>59.46402381905095</LongitudeDegrees></Position></Trackpoint><Trackpoint><Time>2026-07-25T20:48:40.000Z</Time><Position><LatitudeDegrees>58.70095671325817</LatitudeDegrees><LongitudeDegrees>59.464011549345</LongitudeDegrees></Position></Trackpoint><Trackpoint><Time>2026-07-25T20:48:41.000Z</Time><Position><LatitudeDegrees>58.700967250085846</LatitudeDegrees><LongitudeDegrees>59.463999228690916</LongitudeDegrees></Position></Trackpoint><Trackpoint><Time>2026-07-25T20:48:42.000Z</Time><Position><LatitudeDegrees>58.70097777876543</LatitudeDegrees><LongitudeDegrees>59.46398699956013</LongitudeDegrees></Position></Trackpoint><Trackpoint><Time>2026-07-25T20:48:43.000Z</Time><Position><LatitudeDegrees>58.70098842158112</LatitudeDegrees><LongitudeDegrees>59.46397490888025</LongitudeDegrees></Position></Trackpoint><Trackpoint><Time>2026-07-25T20:48:44.000Z</Time><Position><LatitudeDegrees>58.700999214244455</LatitudeDegrees><LongitudeDegrees>59.46396295820768</LongitudeDegrees></Position></Trackpoint><Trackpoint><Time>2026-07-25T20:48:45.000Z</Time><Position><LatitudeDegrees>58.70100966261928</LatitudeDegrees><LongitudeDegrees>59.46395161982428</LongitudeDegrees></Position></Trackpoint><Trackpoint><Time>2026-07-25T20:48:46.000Z</Time><Position><LatitudeDegrees>58.70101960739275</LatitudeDegrees><LongitudeDegrees>59.46393954081322</LongitudeDegrees></Position></Trackpoint><Trackpoint><Time>2026-07-25T20:48:47.000Z</Time><Position><LatitudeDegrees>58.70102953720164</LatitudeDegrees><LongitudeDegrees>59.463928217499166</LongitudeDegrees></Position></Trackpoint><Trackpoint><Time>2026-07-25T20:48:48.000Z</Time><Position><LatitudeDegrees>58.70103965520353</LatitudeDegrees><LongitudeDegrees>59.46391621068346</LongitudeDegrees></Position></Trackpoint><Trackpoint><Time>2026-07-25T20:48:49.000Z</Time><Position><LatitudeDegrees>58.70104904168997</LatitudeDegrees><LongitudeDegrees>59.4639030153825</LongitudeDegrees></Position></Trackpoint><Trackpoint><Time>2026-07-25T20:48:50.000Z</Time><Position><LatitudeDegrees>58.701056922172626</LatitudeDegrees><LongitudeDegrees>59.46388759694625</LongitudeDegrees></Position></Trackpoint><Trackpoint><Time>2026-07-25T20:48:51.000Z</Time><Position><LatitudeDegrees>58.70106415020592</LatitudeDegrees><LongitudeDegrees>59.46387079382861</LongitudeDegrees></Position></Trackpoint><Trackpoint><Time>2026-07-25T20:48:52.000Z</Time><Position><LatitudeDegrees>58.70107018183169</LatitudeDegrees><LongitudeDegrees>59.463854108275854</LongitudeDegrees></Position></Trackpoint><Trackpoint><Time>2026-07-25T20:48:53.000Z</Time><Position><LatitudeDegrees>58.70107543619751</LatitudeDegrees><LongitudeDegrees>59.463838143873815</LongitudeDegrees></Position></Trackpoint><Trackpoint><Time>2026-07-25T20:48:54.000Z</Time><Position><LatitudeDegrees>58.701081164903734</LatitudeDegrees><LongitudeDegrees>59.463824035861904</LongitudeDegrees></Position></Trackpoint><Trackpoint><Time>2026-07-25T20:48:55.000Z</Time><Position><LatitudeDegrees>58.701087822520236</LatitudeDegrees><LongitudeDegrees>59.463810544672846</LongitudeDegrees></Position></Trackpoint><Trackpoint><Time>2026-07-25T20:48:56.000Z</Time><Position><LatitudeDegrees>58.70109498741921</LatitudeDegrees><LongitudeDegrees>59.463797570253845</LongitudeDegrees></Position></Trackpoint><Trackpoint><Time>2026-07-25T20:48:57.000Z</Time><Position><LatitudeDegrees>58.70110242085132</LatitudeDegrees><LongitudeDegrees>59.46378549468378</LongitudeDegrees></Position></Trackpoint><Trackpoint><Time>2026-07-25T20:48:58.000Z</Time><Position><LatitudeDegrees>58.701110479636434</LatitudeDegrees><LongitudeDegrees>59.46377387033897</LongitudeDegrees></Position></Trackpoint><Trackpoint><Time>2026-07-25T20:48:59.000Z</Time><Position><LatitudeDegrees>58.70111923046176</LatitudeDegrees><LongitudeDegrees>59.46376245495896</LongitudeDegrees></Position></Trackpoint><Trackpoint><Time>2026-07-25T20:49:00.000Z</Time><Position><LatitudeDegrees>58.70112812235837</LatitudeDegrees><LongitudeDegrees>59.46375112195251</LongitudeDegrees></Position></Trackpoint><Trackpoint><Time>2026-07-25T20:49:01.000Z</Time><Position><LatitudeDegrees>58.701137399923226</LatitudeDegrees><LongitudeDegrees>59.46374029822323</LongitudeDegrees></Position></Trackpoint><Trackpoint><Time>2026-07-25T20:49:02.000Z</Time><Position><LatitudeDegrees>58.701147114389585</LatitudeDegrees><LongitudeDegrees>59.46373058382991</LongitudeDegrees></Position></Trackpoint><Trackpoint><Time>2026-07-25T20:49:03.000Z</Time><Position><LatitudeDegrees>58.701157230781355</LatitudeDegrees><LongitudeDegrees>59.46372159390457</LongitudeDegrees></Position></Trackpoint><Trackpoint><Time>2026-07-25T20:49:04.000Z</Time><Position><LatitudeDegrees>58.701167683107705</LatitudeDegrees><LongitudeDegrees>59.46371258735076</LongitudeDegrees></Position></Trackpoint><Trackpoint><Time>2026-07-25T20:49:05.000Z</Time><Position><LatitudeDegrees>58.701177911464086</LatitudeDegrees><LongitudeDegrees>59.46370326109448</LongitudeDegrees></Position></Trackpoint><Trackpoint><Time>2026-07-25T20:49:06.000Z</Time><Position><LatitudeDegrees>58.70118771400935</LatitudeDegrees><LongitudeDegrees>59.46369304174246</LongitudeDegrees></Position></Trackpoint><Trackpoint><Time>2026-07-25T20:49:07.000Z</Time><Position><LatitudeDegrees>58.70119755188141</LatitudeDegrees><LongitudeDegrees>59.463681807779714</LongitudeDegrees></Position></Trackpoint><Trackpoint><Time>2026-07-25T20:49:08.000Z</Time><Position><LatitudeDegrees>58.70120761045809</LatitudeDegrees><LongitudeDegrees>59.46367012899669</LongitudeDegrees></Position></Trackpoint><Trackpoint><Time>2026-07-25T20:49:09.000Z</Time><Position><LatitudeDegrees>58.701217937757065</LatitudeDegrees><LongitudeDegrees>59.46365731792287</LongitudeDegrees></Position></Trackpoint><Trackpoint><Time>2026-07-25T20:49:10.000Z</Time><Position><LatitudeDegrees>58.70122802945289</LatitudeDegrees><LongitudeDegrees>59.4636437263734</LongitudeDegrees></Position></Trackpoint><Trackpoint><Time>2026-07-25T20:49:11.000Z</Time><Position><LatitudeDegrees>58.70123819769746</LatitudeDegrees><LongitudeDegrees>59.46363057863159</LongitudeDegrees></Position></Trackpoint><Trackpoint><Time>2026-07-25T20:49:12.000Z</Time><Position><LatitudeDegrees>58.70124856122041</LatitudeDegrees><LongitudeDegrees>59.46361783232547</LongitudeDegrees></Position></Trackpoint><Trackpoint><Time>2026-07-25T20:49:13.000Z</Time><Position><LatitudeDegrees>58.701259143854884</LatitudeDegrees><LongitudeDegrees>59.46360541848119</LongitudeDegrees></Position></Trackpoint><Trackpoint><Time>2026-07-25T20:49:14.000Z</Time><Position><LatitudeDegrees>58.70126992729354</LatitudeDegrees><LongitudeDegrees>59.463594734853906</LongitudeDegrees></Position></Trackpoint><Trackpoint><Time>2026-07-25T20:49:15.000Z</Time><Position><LatitudeDegrees>58.7012813678345</LatitudeDegrees><LongitudeDegrees>59.463586624625684</LongitudeDegrees></Position></Trackpoint><Trackpoint><Time>2026-07-25T20:49:16.000Z</Time><Position><LatitudeDegrees>58.7012921002266</LatitudeDegrees><LongitudeDegrees>59.46357865670205</LongitudeDegrees></Position></Trackpoint><Trackpoint><Time>2026-07-25T20:49:17.000Z</Time><Position><LatitudeDegrees>58.701303121935595</LatitudeDegrees><LongitudeDegrees>59.46356981161265</LongitudeDegrees></Position></Trackpoint><Trackpoint><Time>2026-07-25T20:49:18.000Z</Time><Position><LatitudeDegrees>58.70131431700712</LatitudeDegrees><LongitudeDegrees>59.46356125092035</LongitudeDegrees></Position></Trackpoint><Trackpoint><Time>2026-07-25T20:49:19.000Z</Time><Position><LatitudeDegrees>58.701325615436495</LatitudeDegrees><LongitudeDegrees>59.46355292688292</LongitudeDegrees></Position></Trackpoint><Trackpoint><Time>2026-07-25T20:49:20.000Z</Time><Position><LatitudeDegrees>58.70133648551701</LatitudeDegrees><LongitudeDegrees>59.46354381024298</LongitudeDegrees></Position></Trackpoint><Trackpoint><Time>2026-07-25T20:49:21.000Z</Time><Position><LatitudeDegrees>58.70134725286266</LatitudeDegrees><LongitudeDegrees>59.46353406845798</LongitudeDegrees></Position></Trackpoint><Trackpoint><Time>2026-07-25T20:49:22.000Z</Time><Position><LatitudeDegrees>58.70135757514739</LatitudeDegrees><LongitudeDegrees>59.46352482995013</LongitudeDegrees></Position></Trackpoint><Trackpoint><Time>2026-07-25T20:49:23.000Z</Time><Position><LatitudeDegrees>58.70136785812343</LatitudeDegrees><LongitudeDegrees>59.46351551562523</LongitudeDegrees></Position></Trackpoint><Trackpoint><Time>2026-07-25T20:49:24.000Z</Time><Position><LatitudeDegrees>58.701377784327676</LatitudeDegrees><LongitudeDegrees>59.463506386334615</LongitudeDegrees></Position></Trackpoint><Trackpoint><Time>2026-07-25T20:49:25.000Z</Time><Position><LatitudeDegrees>58.70138775841996</LatitudeDegrees><LongitudeDegrees>59.46349654653543</LongitudeDegrees></Position></Trackpoint><Trackpoint><Time>2026-07-25T20:49:26.000Z</Time><Position><LatitudeDegrees>58.701397940906354</LatitudeDegrees><LongitudeDegrees>59.46348718743784</LongitudeDegrees></Position></Trackpoint><Trackpoint><Time>2026-07-25T20:49:27.000Z</Time><Position><LatitudeDegrees>58.70140837114153</LatitudeDegrees><LongitudeDegrees>59.46347873792458</LongitudeDegrees></Position></Trackpoint><Trackpoint><Time>2026-07-25T20:49:28.000Z</Time><Position><LatitudeDegrees>58.70141903353489</LatitudeDegrees><LongitudeDegrees>59.4634712578801</LongitudeDegrees></Position></Trackpoint><Trackpoint><Time>2026-07-25T20:49:29.000Z</Time><Position><LatitudeDegrees>58.701429402257915</LatitudeDegrees><LongitudeDegrees>59.46346415792634</LongitudeDegrees></Position></Trackpoint><Trackpoint><Time>2026-07-25T20:49:30.000Z</Time><Position><LatitudeDegrees>58.70143978805966</LatitudeDegrees><LongitudeDegrees>59.46345812577492</LongitudeDegrees></Position></Trackpoint><Trackpoint><Time>2026-07-25T20:49:31.000Z</Time><Position><LatitudeDegrees>58.701450316724916</LatitudeDegrees><LongitudeDegrees>59.463452817987005</LongitudeDegrees></Position></Trackpoint><Trackpoint><Time>2026-07-25T20:49:32.000Z</Time><Position><LatitudeDegrees>58.70146102171974</LatitudeDegrees><LongitudeDegrees>59.463447510541435</LongitudeDegrees></Position></Trackpoint><Trackpoint><Time>2026-07-25T20:49:33.000Z</Time><Position><LatitudeDegrees>58.70147238380556</LatitudeDegrees><LongitudeDegrees>59.4634438636607</LongitudeDegrees></Position></Trackpoint><Trackpoint><Time>2026-07-25T20:49:34.000Z</Time><Position><LatitudeDegrees>58.701483537418085</LatitudeDegrees><LongitudeDegrees>59.463440389506324</LongitudeDegrees></Position></Trackpoint><Trackpoint><Time>2026-07-25T20:49:35.000Z</Time><Position><LatitudeDegrees>58.701493663235695</LatitudeDegrees><LongitudeDegrees>59.46343841161011</LongitudeDegrees></Position></Trackpoint><Trackpoint><Time>2026-07-25T20:49:36.000Z</Time><Position><LatitudeDegrees>58.70150304536096</LatitudeDegrees><LongitudeDegrees>59.463436324561656</LongitudeDegrees></Position></Trackpoint><Trackpoint><Time>2026-07-25T20:49:37.000Z</Time><Position><LatitudeDegrees>58.701511896248576</LatitudeDegrees><LongitudeDegrees>59.4634349500408</LongitudeDegrees></Position></Trackpoint><Trackpoint><Time>2026-07-25T20:49:38.000Z</Time><Position><LatitudeDegrees>58.70152086118865</LatitudeDegrees><LongitudeDegrees>59.46343404538023</LongitudeDegrees></Position></Trackpoint><Trackpoint><Time>2026-07-25T20:49:39.000Z</Time><Position><LatitudeDegrees>58.701530191294694</LatitudeDegrees><LongitudeDegrees>59.463432960725</LongitudeDegrees></Position></Trackpoint><Trackpoint><Time>2026-07-25T20:49:40.000Z</Time><Position><LatitudeDegrees>58.70153945350452</LatitudeDegrees><LongitudeDegrees>59.46343096193458</LongitudeDegrees></Position></Trackpoint><Trackpoint><Time>2026-07-25T20:49:41.000Z</Time><Position><LatitudeDegrees>58.70154896779367</LatitudeDegrees><LongitudeDegrees>59.46342835360391</LongitudeDegrees></Position></Trackpoint><Trackpoint><Time>2026-07-25T20:49:42.000Z</Time><Position><LatitudeDegrees>58.701558833584734</LatitudeDegrees><LongitudeDegrees>59.46342436018768</LongitudeDegrees></Position></Trackpoint><Trackpoint><Time>2026-07-25T20:49:43.000Z</Time><Position><LatitudeDegrees>58.70156904670852</LatitudeDegrees><LongitudeDegrees>59.463419329674714</LongitudeDegrees></Position></Trackpoint><Trackpoint><Time>2026-07-25T20:49:44.000Z</Time><Position><LatitudeDegrees>58.70157858164714</LatitudeDegrees><LongitudeDegrees>59.46341647615193</LongitudeDegrees></Position></Trackpoint><Trackpoint><Time>2026-07-25T20:49:45.000Z</Time><Position><LatitudeDegrees>58.701587592712805</LatitudeDegrees><LongitudeDegrees>59.463413416599764</LongitudeDegrees></Position></Trackpoint><Trackpoint><Time>2026-07-25T20:49:46.000Z</Time><Position><LatitudeDegrees>58.70159670030533</LatitudeDegrees><LongitudeDegrees>59.46340919605487</LongitudeDegrees></Position></Trackpoint><Trackpoint><Time>2026-07-25T20:49:47.000Z</Time><Position><LatitudeDegrees>58.7016066371476</LatitudeDegrees><LongitudeDegrees>59.46340454946437</LongitudeDegrees></Position></Trackpoint><Trackpoint><Time>2026-07-25T20:49:48.000Z</Time><Position><LatitudeDegrees>58.70161759856638</LatitudeDegrees><LongitudeDegrees>59.46340032379695</LongitudeDegrees></Position></Trackpoint><Trackpoint><Time>2026-07-25T20:49:49.000Z</Time><Position><LatitudeDegrees>58.70162806466905</LatitudeDegrees><LongitudeDegrees>59.46339583461646</LongitudeDegrees></Position></Trackpoint><Trackpoint><Time>2026-07-25T20:49:50.000Z</Time><Position><LatitudeDegrees>58.70163894191807</LatitudeDegrees><LongitudeDegrees>59.463390344260176</LongitudeDegrees></Position></Trackpoint><Trackpoint><Time>2026-07-25T20:49:51.000Z</Time><Position><LatitudeDegrees>58.70164957163366</LatitudeDegrees><LongitudeDegrees>59.46338416704398</LongitudeDegrees></Position></Trackpoint><Trackpoint><Time>2026-07-25T20:49:52.000Z</Time><Position><LatitudeDegrees>58.701659714320066</LatitudeDegrees><LongitudeDegrees>59.46337801018171</LongitudeDegrees></Position></Trackpoint><Trackpoint><Time>2026-07-25T20:49:53.000Z</Time><Position><LatitudeDegrees>58.701669333854404</LatitudeDegrees><LongitudeDegrees>59.46337118309395</LongitudeDegrees></Position></Trackpoint><Trackpoint><Time>2026-07-25T20:49:54.000Z</Time><Position><LatitudeDegrees>58.70167848250584</LatitudeDegrees><LongitudeDegrees>59.46336446662074</LongitudeDegrees></Position></Trackpoint><Trackpoint><Time>2026-07-25T20:49:55.000Z</Time><Position><LatitudeDegrees>58.701687731848295</LatitudeDegrees><LongitudeDegrees>59.46335816814084</LongitudeDegrees></Position></Trackpoint><Trackpoint><Time>2026-07-25T20:49:56.000Z</Time><Position><LatitudeDegrees>58.701696325130186</LatitudeDegrees><LongitudeDegrees>59.46335333981551</LongitudeDegrees></Position></Trackpoint><Trackpoint><Time>2026-07-25T20:49:57.000Z</Time><Position><LatitudeDegrees>58.70170403490035</LatitudeDegrees><LongitudeDegrees>59.463351205488955</LongitudeDegrees></Position></Trackpoint><Trackpoint><Time>2026-07-25T20:49:58.000Z</Time><Position><LatitudeDegrees>58.70171137049484</LatitudeDegrees><LongitudeDegrees>59.46335094418914</LongitudeDegrees></Position></Trackpoint><Trackpoint><Time>2026-07-25T20:49:59.000Z</Time><Position><LatitudeDegrees>58.70171907931072</LatitudeDegrees><LongitudeDegrees>59.463351487801624</LongitudeDegrees></Position></Trackpoint><Trackpoint><Time>2026-07-25T20:50:00.000Z</Time><Position><LatitudeDegrees>58.70172791085924</LatitudeDegrees><LongitudeDegrees>59.46335180352138</LongitudeDegrees></Position></Trackpoint><Trackpoint><Time>2026-07-25T20:50:01.000Z</Time><Position><LatitudeDegrees>58.70173851932371</LatitudeDegrees><LongitudeDegrees>59.4633505160333</LongitudeDegrees></Position></Trackpoint><Trackpoint><Time>2026-07-25T20:50:02.000Z</Time><Position><LatitudeDegrees>58.70174996683293</LatitudeDegrees><LongitudeDegrees>59.4633482439273</LongitudeDegrees></Position></Trackpoint><Trackpoint><Time>2026-07-25T20:50:03.000Z</Time><Position><LatitudeDegrees>58.70176175945013</LatitudeDegrees><LongitudeDegrees>59.46334536833355</LongitudeDegrees></Position></Trackpoint><Trackpoint><Time>2026-07-25T20:50:04.000Z</Time><Position><LatitudeDegrees>58.70177315985099</LatitudeDegrees><LongitudeDegrees>59.463342123670905</LongitudeDegrees></Position></Trackpoint><Trackpoint><Time>2026-07-25T20:50:05.000Z</Time><Position><LatitudeDegrees>58.70178391472112</LatitudeDegrees><LongitudeDegrees>59.46334012268216</LongitudeDegrees></Position></Trackpoint><Trackpoint><Time>2026-07-25T20:50:06.000Z</Time><Position><LatitudeDegrees>58.70179498181135</LatitudeDegrees><LongitudeDegrees>59.463340359535536</LongitudeDegrees></Position></Trackpoint><Trackpoint><Time>2026-07-25T20:50:07.000Z</Time><Position><LatitudeDegrees>58.70180573626118</LatitudeDegrees><LongitudeDegrees>59.463340997996525</LongitudeDegrees></Position></Trackpoint><Trackpoint><Time>2026-07-25T20:50:08.000Z</Time><Position><LatitudeDegrees>58.70181645046978</LatitudeDegrees><LongitudeDegrees>59.46334025107557</LongitudeDegrees></Position></Trackpoint><Trackpoint><Time>2026-07-25T20:50:09.000Z</Time><Position><LatitudeDegrees>58.701826752174476</LatitudeDegrees><LongitudeDegrees>59.463339029474305</LongitudeDegrees></Position></Trackpoint><Trackpoint><Time>2026-07-25T20:50:10.000Z</Time><Position><LatitudeDegrees>58.70183654100935</LatitudeDegrees><LongitudeDegrees>59.46333825878515</LongitudeDegrees></Position></Trackpoint><Trackpoint><Time>2026-07-25T20:50:11.000Z</Time><Position><LatitudeDegrees>58.70184486224519</LatitudeDegrees><LongitudeDegrees>59.46333630388157</LongitudeDegrees></Position></Trackpoint><Trackpoint><Time>2026-07-25T20:50:12.000Z</Time><Position><LatitudeDegrees>58.7018520006674</LatitudeDegrees><LongitudeDegrees>59.463333132966675</LongitudeDegrees></Position></Trackpoint><Trackpoint><Time>2026-07-25T20:50:13.000Z</Time><Position><LatitudeDegrees>58.701859204593696</LatitudeDegrees><LongitudeDegrees>59.463328889018655</LongitudeDegrees></Position></Trackpoint><Trackpoint><Time>2026-07-25T20:50:14.000Z</Time><Position><LatitudeDegrees>58.70186551088372</LatitudeDegrees><LongitudeDegrees>59.4633242582535</LongitudeDegrees></Position></Trackpoint><Trackpoint><Time>2026-07-25T20:50:15.000Z</Time><Position><LatitudeDegrees>58.701872106926274</LatitudeDegrees><LongitudeDegrees>59.46331859370399</LongitudeDegrees></Position></Trackpoint><Trackpoint><Time>2026-07-25T20:50:16.000Z</Time><Position><LatitudeDegrees>58.70187895492774</LatitudeDegrees><LongitudeDegrees>59.46331078239086</LongitudeDegrees></Position></Trackpoint><Trackpoint><Time>2026-07-25T20:50:17.000Z</Time><Position><LatitudeDegrees>58.70188551737429</LatitudeDegrees><LongitudeDegrees>59.46330162070725</LongitudeDegrees></Position></Trackpoint><Trackpoint><Time>2026-07-25T20:50:18.000Z</Time><Position><LatitudeDegrees>58.701892588771585</LatitudeDegrees><LongitudeDegrees>59.463290630731166</LongitudeDegrees></Position></Trackpoint><Trackpoint><Time>2026-07-25T20:50:19.000Z</Time><Position><LatitudeDegrees>58.70189945177924</LatitudeDegrees><LongitudeDegrees>59.46327980873945</LongitudeDegrees></Position></Trackpoint><Trackpoint><Time>2026-07-25T20:50:20.000Z</Time><Position><LatitudeDegrees>58.70190730655093</LatitudeDegrees><LongitudeDegrees>59.46326946569432</LongitudeDegrees></Position></Trackpoint><Trackpoint><Time>2026-07-25T20:50:21.000Z</Time><Position><LatitudeDegrees>58.701916030447926</LatitudeDegrees><LongitudeDegrees>59.46325917857769</LongitudeDegrees></Position></Trackpoint><Trackpoint><Time>2026-07-25T20:50:22.000Z</Time><Position><LatitudeDegrees>58.701925461412586</LatitudeDegrees><LongitudeDegrees>59.46324876599826</LongitudeDegrees></Position></Trackpoint><Trackpoint><Time>2026-07-25T20:50:23.000Z</Time><Position><LatitudeDegrees>58.7019349523425</LatitudeDegrees><LongitudeDegrees>59.4632401277985</LongitudeDegrees></Position></Trackpoint><Trackpoint><Time>2026-07-25T20:50:24.000Z</Time><Position><LatitudeDegrees>58.701944229042844</LatitudeDegrees><LongitudeDegrees>59.46323332904731</LongitudeDegrees></Position></Trackpoint><Trackpoint><Time>2026-07-25T20:50:25.000Z</Time><Position><LatitudeDegrees>58.701953695697725</LatitudeDegrees><LongitudeDegrees>59.463225222788104</LongitudeDegrees></Position></Trackpoint><Trackpoint><Time>2026-07-25T20:50:26.000Z</Time><Position><LatitudeDegrees>58.70196349438326</LatitudeDegrees><LongitudeDegrees>59.463214680815874</LongitudeDegrees></Position></Trackpoint><Trackpoint><Time>2026-07-25T20:50:27.000Z</Time><Position><LatitudeDegrees>58.7019741306061</LatitudeDegrees><LongitudeDegrees>59.46320155111825</LongitudeDegrees></Position></Trackpoint><Trackpoint><Time>2026-07-25T20:50:28.000Z</Time><Position><LatitudeDegrees>58.70198472583287</LatitudeDegrees><LongitudeDegrees>59.46318610322213</LongitudeDegrees></Position></Trackpoint><Trackpoint><Time>2026-07-25T20:50:29.000Z</Time><Position><LatitudeDegrees>58.701994923516025</LatitudeDegrees><LongitudeDegrees>59.463168256054296</LongitudeDegrees></Position></Trackpoint><Trackpoint><Time>2026-07-25T20:50:30.000Z</Time><Position><LatitudeDegrees>58.70200511745212</LatitudeDegrees><LongitudeDegrees>59.463147794558395</LongitudeDegrees></Position></Trackpoint><Trackpoint><Time>2026-07-25T20:50:31.000Z</Time><Position><LatitudeDegrees>58.7020144910794</LatitudeDegrees><LongitudeDegrees>59.4631254553227</LongitudeDegrees></Position></Trackpoint><Trackpoint><Time>2026-07-25T20:50:32.000Z</Time><Position><LatitudeDegrees>58.70202330300653</LatitudeDegrees><LongitudeDegrees>59.46310374114636</LongitudeDegrees></Position></Trackpoint><Trackpoint><Time>2026-07-25T20:50:33.000Z</Time><Position><LatitudeDegrees>58.70203075260929</LatitudeDegrees><LongitudeDegrees>59.463083602540124</LongitudeDegrees></Position></Trackpoint><Trackpoint><Time>2026-07-25T20:50:34.000Z</Time><Position><LatitudeDegrees>58.70203815384807</LatitudeDegrees><LongitudeDegrees>59.46306473912333</LongitudeDegrees></Position></Trackpoint><Trackpoint><Time>2026-07-25T20:50:35.000Z</Time><Position><LatitudeDegrees>58.702045074841784</LatitudeDegrees><LongitudeDegrees>59.46304784274183</LongitudeDegrees></Position></Trackpoint><Trackpoint><Time>2026-07-25T20:50:36.000Z</Time><Position><LatitudeDegrees>58.70205188897673</LatitudeDegrees><LongitudeDegrees>59.463031966633565</LongitudeDegrees></Position></Trackpoint><Trackpoint><Time>2026-07-25T20:50:37.000Z</Time><Position><LatitudeDegrees>58.70205925335163</LatitudeDegrees><LongitudeDegrees>59.46301756916107</LongitudeDegrees></Position></Trackpoint><Trackpoint><Time>2026-07-25T20:50:38.000Z</Time><Position><LatitudeDegrees>58.70206687834855</LatitudeDegrees><LongitudeDegrees>59.46300464931265</LongitudeDegrees></Position></Trackpoint><Trackpoint><Time>2026-07-25T20:50:39.000Z</Time><Position><LatitudeDegrees>58.70207412163213</LatitudeDegrees><LongitudeDegrees>59.46299252741023</LongitudeDegrees></Position></Trackpoint><Trackpoint><Time>2026-07-25T20:50:40.000Z</Time><Position><LatitudeDegrees>58.70208027804893</LatitudeDegrees><LongitudeDegrees>59.462980821124546</LongitudeDegrees></Position></Trackpoint><Trackpoint><Time>2026-07-25T20:50:41.000Z</Time><Position><LatitudeDegrees>58.70208666552284</LatitudeDegrees><LongitudeDegrees>59.46296834043464</LongitudeDegrees></Position></Trackpoint><Trackpoint><Time>2026-07-25T20:50:42.000Z</Time><Position><LatitudeDegrees>58.70209477638426</LatitudeDegrees><LongitudeDegrees>59.46295567386506</LongitudeDegrees></Position></Trackpoint><Trackpoint><Time>2026-07-25T20:50:43.000Z</Time><Position><LatitudeDegrees>58.702104024809195</LatitudeDegrees><LongitudeDegrees>59.4629430876472</LongitudeDegrees></Position></Trackpoint><Trackpoint><Time>2026-07-25T20:50:44.000Z</Time><Position><LatitudeDegrees>58.70211353392062</LatitudeDegrees><LongitudeDegrees>59.462930681111004</LongitudeDegrees></Position></Trackpoint><Trackpoint><Time>2026-07-25T20:50:45.000Z</Time><Position><LatitudeDegrees>58.70212241952199</LatitudeDegrees><LongitudeDegrees>59.462917492880756</LongitudeDegrees></Position></Trackpoint><Trackpoint><Time>2026-07-25T20:50:46.000Z</Time><Position><LatitudeDegrees>58.70213088710889</LatitudeDegrees><LongitudeDegrees>59.4629027377485</LongitudeDegrees></Position></Trackpoint><Trackpoint><Time>2026-07-25T20:50:47.000Z</Time><Position><LatitudeDegrees>58.702140054184014</LatitudeDegrees><LongitudeDegrees>59.462887272670166</LongitudeDegrees></Position></Trackpoint><Trackpoint><Time>2026-07-25T20:50:48.000Z</Time><Position><LatitudeDegrees>58.702149801583346</LatitudeDegrees><LongitudeDegrees>59.46287203129989</LongitudeDegrees></Position></Trackpoint><Trackpoint><Time>2026-07-25T20:50:49.000Z</Time><Position><LatitudeDegrees>58.70215902652621</LatitudeDegrees><LongitudeDegrees>59.46285590060314</LongitudeDegrees></Position></Trackpoint><Trackpoint><Time>2026-07-25T20:50:50.000Z</Time><Position><LatitudeDegrees>58.702167831517876</LatitudeDegrees><LongitudeDegrees>59.462838536338886</LongitudeDegrees></Position></Trackpoint><Trackpoint><Time>2026-07-25T20:50:51.000Z</Time><Position><LatitudeDegrees>58.702175823062895</LatitudeDegrees><LongitudeDegrees>59.462819955063715</LongitudeDegrees></Position></Trackpoint><Trackpoint><Time>2026-07-25T20:50:52.000Z</Time><Position><LatitudeDegrees>58.702182943511374</LatitudeDegrees><LongitudeDegrees>59.462799830187066</LongitudeDegrees></Position></Trackpoint><Trackpoint><Time>2026-07-25T20:50:53.000Z</Time><Position><LatitudeDegrees>58.7021897705357</LatitudeDegrees><LongitudeDegrees>59.46277969415883</LongitudeDegrees></Position></Trackpoint><Trackpoint><Time>2026-07-25T20:50:54.000Z</Time><Position><LatitudeDegrees>58.70219657970119</LatitudeDegrees><LongitudeDegrees>59.46275822108179</LongitudeDegrees></Position></Trackpoint><Trackpoint><Time>2026-07-25T20:50:55.000Z</Time><Position><LatitudeDegrees>58.702203486786956</LatitudeDegrees><LongitudeDegrees>59.46273552612606</LongitudeDegrees></Position></Trackpoint><Trackpoint><Time>2026-07-25T20:50:56.000Z</Time><Position><LatitudeDegrees>58.70221101651742</LatitudeDegrees><LongitudeDegrees>59.462713282380676</LongitudeDegrees></Position></Trackpoint><Trackpoint><Time>2026-07-25T20:50:57.000Z</Time><Position><LatitudeDegrees>58.702219305076085</LatitudeDegrees><LongitudeDegrees>59.46269310018857</LongitudeDegrees></Position></Trackpoint><Trackpoint><Time>2026-07-25T20:50:58.000Z</Time><Position><LatitudeDegrees>58.702228311153405</LatitudeDegrees><LongitudeDegrees>59.462675378145406</LongitudeDegrees></Position></Trackpoint><Trackpoint><Time>2026-07-25T20:50:59.000Z</Time><Position><LatitudeDegrees>58.70223743603369</LatitudeDegrees><LongitudeDegrees>59.462659475039175</LongitudeDegrees></Position></Trackpoint><Trackpoint><Time>2026-07-25T20:51:00.000Z</Time><Position><LatitudeDegrees>58.70224641789766</LatitudeDegrees><LongitudeDegrees>59.462642934897104</LongitudeDegrees></Position></Trackpoint><Trackpoint><Time>2026-07-25T20:51:01.000Z</Time><Position><LatitudeDegrees>58.70225516727534</LatitudeDegrees><LongitudeDegrees>59.46262629686215</LongitudeDegrees></Position></Trackpoint><Trackpoint><Time>2026-07-25T20:51:02.000Z</Time><Position><LatitudeDegrees>58.702263677159266</LatitudeDegrees><LongitudeDegrees>59.462610774756996</LongitudeDegrees></Position></Trackpoint><Trackpoint><Time>2026-07-25T20:51:03.000Z</Time><Position><LatitudeDegrees>58.70227246501282</LatitudeDegrees><LongitudeDegrees>59.46259770446765</LongitudeDegrees></Position></Trackpoint><Trackpoint><Time>2026-07-25T20:51:04.000Z</Time><Position><LatitudeDegrees>58.70228170826769</LatitudeDegrees><LongitudeDegrees>59.46258634224843</LongitudeDegrees></Position></Trackpoint><Trackpoint><Time>2026-07-25T20:51:05.000Z</Time><Position><LatitudeDegrees>58.70229093193548</LatitudeDegrees><LongitudeDegrees>59.4625751833506</LongitudeDegrees></Position></Trackpoint><Trackpoint><Time>2026-07-25T20:51:06.000Z</Time><Position><LatitudeDegrees>58.702299942914095</LatitudeDegrees><LongitudeDegrees>59.462563581972475</LongitudeDegrees></Position></Trackpoint><Trackpoint><Time>2026-07-25T20:51:07.000Z</Time><Position><LatitudeDegrees>58.70230917858661</LatitudeDegrees><LongitudeDegrees>59.46255132894304</LongitudeDegrees></Position></Trackpoint><Trackpoint><Time>2026-07-25T20:51:08.000Z</Time><Position><LatitudeDegrees>58.7023178110216</LatitudeDegrees><LongitudeDegrees>59.462536463314706</LongitudeDegrees></Position></Trackpoint><Trackpoint><Time>2026-07-25T20:51:09.000Z</Time><Position><LatitudeDegrees>58.7023250870633</LatitudeDegrees><LongitudeDegrees>59.46251802321633</LongitudeDegrees></Position></Trackpoint><Trackpoint><Time>2026-07-25T20:51:10.000Z</Time><Position><LatitudeDegrees>58.70233184984931</LatitudeDegrees><LongitudeDegrees>59.46249851934824</LongitudeDegrees></Position></Trackpoint><Trackpoint><Time>2026-07-25T20:51:11.000Z</Time><Position><LatitudeDegrees>58.70233900209802</LatitudeDegrees><LongitudeDegrees>59.46247912223376</LongitudeDegrees></Position></Trackpoint><Trackpoint><Time>2026-07-25T20:51:12.000Z</Time><Position><LatitudeDegrees>58.702346375981406</LatitudeDegrees><LongitudeDegrees>59.46246030023179</LongitudeDegrees></Position></Trackpoint><Trackpoint><Time>2026-07-25T20:51:13.000Z</Time><Position><LatitudeDegrees>58.70235436354643</LatitudeDegrees><LongitudeDegrees>59.462442172413304</LongitudeDegrees></Position></Trackpoint><Trackpoint><Time>2026-07-25T20:51:14.000Z</Time><Position><LatitudeDegrees>58.702362557875375</LatitudeDegrees><LongitudeDegrees>59.462423229886454</LongitudeDegrees></Position></Trackpoint><Trackpoint><Time>2026-07-25T20:51:15.000Z</Time><Position><LatitudeDegrees>58.702370275237506</LatitudeDegrees><LongitudeDegrees>59.46240344541646</LongitudeDegrees></Position></Trackpoint><Trackpoint><Time>2026-07-25T20:51:16.000Z</Time><Position><LatitudeDegrees>58.70237778487829</LatitudeDegrees><LongitudeDegrees>59.46238438468112</LongitudeDegrees></Position></Trackpoint><Trackpoint><Time>2026-07-25T20:51:17.000Z</Time><Position><LatitudeDegrees>58.7023852243427</LatitudeDegrees><LongitudeDegrees>59.46236659958852</LongitudeDegrees></Position></Trackpoint><Trackpoint><Time>2026-07-25T20:51:18.000Z</Time><Position><LatitudeDegrees>58.702393148894004</LatitudeDegrees><LongitudeDegrees>59.462350153705984</LongitudeDegrees></Position></Trackpoint><Trackpoint><Time>2026-07-25T20:51:19.000Z</Time><Position><LatitudeDegrees>58.70240172494796</LatitudeDegrees><LongitudeDegrees>59.46233441171647</LongitudeDegrees></Position></Trackpoint><Trackpoint><Time>2026-07-25T20:51:20.000Z</Time><Position><LatitudeDegrees>58.70241044781014</LatitudeDegrees><LongitudeDegrees>59.462318042410374</LongitudeDegrees></Position></Trackpoint><Trackpoint><Time>2026-07-25T20:51:21.000Z</Time><Position><LatitudeDegrees>58.70241909078791</LatitudeDegrees><LongitudeDegrees>59.46230057806633</LongitudeDegrees></Position></Trackpoint><Trackpoint><Time>2026-07-25T20:51:22.000Z</Time><Position><LatitudeDegrees>58.70242757077475</LatitudeDegrees><LongitudeDegrees>59.46228343543942</LongitudeDegrees></Position></Trackpoint><Trackpoint><Time>2026-07-25T20:51:23.000Z</Time><Position><LatitudeDegrees>58.70243587446426</LatitudeDegrees><LongitudeDegrees>59.4622671567047</LongitudeDegrees></Position></Trackpoint><Trackpoint><Time>2026-07-25T20:51:24.000Z</Time><Position><LatitudeDegrees>58.7024440190039</LatitudeDegrees><LongitudeDegrees>59.462251854268686</LongitudeDegrees></Position></Trackpoint><Trackpoint><Time>2026-07-25T20:51:25.000Z</Time><Position><LatitudeDegrees>58.702452031882224</LatitudeDegrees><LongitudeDegrees>59.4622379387283</LongitudeDegrees></Position></Trackpoint><Trackpoint><Time>2026-07-25T20:51:26.000Z</Time><Position><LatitudeDegrees>58.70246043092909</LatitudeDegrees><LongitudeDegrees>59.46222540117509</LongitudeDegrees></Position></Trackpoint><Trackpoint><Time>2026-07-25T20:51:27.000Z</Time><Position><LatitudeDegrees>58.70246937983994</LatitudeDegrees><LongitudeDegrees>59.46221308185644</LongitudeDegrees></Position></Trackpoint><Trackpoint><Time>2026-07-25T20:51:28.000Z</Time><Position><LatitudeDegrees>58.70247887545581</LatitudeDegrees><LongitudeDegrees>59.46220243357997</LongitudeDegrees></Position></Trackpoint><Trackpoint><Time>2026-07-25T20:51:29.000Z</Time><Position><LatitudeDegrees>58.70248884630698</LatitudeDegrees><LongitudeDegrees>59.46219286096331</LongitudeDegrees></Position></Trackpoint><Trackpoint><Time>2026-07-25T20:51:30.000Z</Time><Position><LatitudeDegrees>58.702499201964095</LatitudeDegrees><LongitudeDegrees>59.462183980748854</LongitudeDegrees></Position></Trackpoint><Trackpoint><Time>2026-07-25T20:51:31.000Z</Time><Position><LatitudeDegrees>58.70250936618545</LatitudeDegrees><LongitudeDegrees>59.462174077397705</LongitudeDegrees></Position></Trackpoint><Trackpoint><Time>2026-07-25T20:51:32.000Z</Time><Position><LatitudeDegrees>58.70251961583662</LatitudeDegrees><LongitudeDegrees>59.46216306532239</LongitudeDegrees></Position></Trackpoint><Trackpoint><Time>2026-07-25T20:51:33.000Z</Time><Position><LatitudeDegrees>58.70253005397527</LatitudeDegrees><LongitudeDegrees>59.46215105157822</LongitudeDegrees></Position></Trackpoint><Trackpoint><Time>2026-07-25T20:51:34.000Z</Time><Position><LatitudeDegrees>58.702540209241306</LatitudeDegrees><LongitudeDegrees>59.4621382088168</LongitudeDegrees></Position></Trackpoint><Trackpoint><Time>2026-07-25T20:51:35.000Z</Time><Position><LatitudeDegrees>58.70255041342979</LatitudeDegrees><LongitudeDegrees>59.462124714544956</LongitudeDegrees></Position></Trackpoint><Trackpoint><Time>2026-07-25T20:51:36.000Z</Time><Position><LatitudeDegrees>58.70256030729527</LatitudeDegrees><LongitudeDegrees>59.46211072548627</LongitudeDegrees></Position></Trackpoint><Trackpoint><Time>2026-07-25T20:51:37.000Z</Time><Position><LatitudeDegrees>58.70256978271797</LatitudeDegrees><LongitudeDegrees>59.46209685930051</LongitudeDegrees></Position></Trackpoint><Trackpoint><Time>2026-07-25T20:51:38.000Z</Time><Position><LatitudeDegrees>58.70257884887706</LatitudeDegrees><LongitudeDegrees>59.4620828649794</LongitudeDegrees></Position></Trackpoint><Trackpoint><Time>2026-07-25T20:51:39.000Z</Time><Position><LatitudeDegrees>58.70258707247057</LatitudeDegrees><LongitudeDegrees>59.462069145205945</LongitudeDegrees></Position></Trackpoint><Trackpoint><Time>2026-07-25T20:51:40.000Z</Time><Position><LatitudeDegrees>58.70259487280294</LatitudeDegrees><LongitudeDegrees>59.462055340970046</LongitudeDegrees></Position></Trackpoint><Trackpoint><Time>2026-07-25T20:51:41.000Z</Time><Position><LatitudeDegrees>58.70260345610389</LatitudeDegrees><LongitudeDegrees>59.46204278409186</LongitudeDegrees></Position></Trackpoint><Trackpoint><Time>2026-07-25T20:51:42.000Z</Time><Position><LatitudeDegrees>58.70261272903557</LatitudeDegrees><LongitudeDegrees>59.46203137335224</LongitudeDegrees></Position></Trackpoint><Trackpoint><Time>2026-07-25T20:51:43.000Z</Time><Position><LatitudeDegrees>58.70262305425593</LatitudeDegrees><LongitudeDegrees>59.46201994073938</LongitudeDegrees></Position></Trackpoint><Trackpoint><Time>2026-07-25T20:51:44.000Z</Time><Position><LatitudeDegrees>58.702633956449304</LatitudeDegrees><LongitudeDegrees>59.46200800803447</LongitudeDegrees></Position></Trackpoint><Trackpoint><Time>2026-07-25T20:51:45.000Z</Time><Position><LatitudeDegrees>58.702645165811255</LatitudeDegrees><LongitudeDegrees>59.46199691130897</LongitudeDegrees></Position></Trackpoint><Trackpoint><Time>2026-07-25T20:51:46.000Z</Time><Position><LatitudeDegrees>58.70265506297083</LatitudeDegrees><LongitudeDegrees>59.461983176620016</LongitudeDegrees></Position></Trackpoint><Trackpoint><Time>2026-07-25T20:51:47.000Z</Time><Position><LatitudeDegrees>58.702664128657496</LatitudeDegrees><LongitudeDegrees>59.46196767030318</LongitudeDegrees></Position></Trackpoint><Trackpoint><Time>2026-07-25T20:51:48.000Z</Time><Position><LatitudeDegrees>58.70267315718059</LatitudeDegrees><LongitudeDegrees>59.46195244536196</LongitudeDegrees></Position></Trackpoint><Trackpoint><Time>2026-07-25T20:51:49.000Z</Time><Position><LatitudeDegrees>58.70268297004369</LatitudeDegrees><LongitudeDegrees>59.4619353735138</LongitudeDegrees></Position></Trackpoint><Trackpoint><Time>2026-07-25T20:51:50.000Z</Time><Position><LatitudeDegrees>58.70269380490051</LatitudeDegrees><LongitudeDegrees>59.461916794529934</LongitudeDegrees></Position></Trackpoint><Trackpoint><Time>2026-07-25T20:51:51.000Z</Time><Position><LatitudeDegrees>58.702705138842816</LatitudeDegrees><LongitudeDegrees>59.46189704177806</LongitudeDegrees></Position></Trackpoint><Trackpoint><Time>2026-07-25T20:51:52.000Z</Time><Position><LatitudeDegrees>58.70271669246269</LatitudeDegrees><LongitudeDegrees>59.461876892812086</LongitudeDegrees></Position></Trackpoint><Trackpoint><Time>2026-07-25T20:51:53.000Z</Time><Position><LatitudeDegrees>58.702728322495346</LatitudeDegrees><LongitudeDegrees>59.46185671870811</LongitudeDegrees></Position></Trackpoint><Trackpoint><Time>2026-07-25T20:51:54.000Z</Time><Position><LatitudeDegrees>58.70273996013211</LatitudeDegrees><LongitudeDegrees>59.46183814434594</LongitudeDegrees></Position></Trackpoint><Trackpoint><Time>2026-07-25T20:51:55.000Z</Time><Position><LatitudeDegrees>58.70275108644867</LatitudeDegrees><LongitudeDegrees>59.46182016474896</LongitudeDegrees></Position></Trackpoint><Trackpoint><Time>2026-07-25T20:51:56.000Z</Time><Position><LatitudeDegrees>58.702762042972495</LatitudeDegrees><LongitudeDegrees>59.46180375852893</LongitudeDegrees></Position></Trackpoint><Trackpoint><Time>2026-07-25T20:51:57.000Z</Time><Position><LatitudeDegrees>58.702772502538</LatitudeDegrees><LongitudeDegrees>59.46178912677027</LongitudeDegrees></Position></Trackpoint><Trackpoint><Time>2026-07-25T20:51:58.000Z</Time><Position><LatitudeDegrees>58.70278239419133</LatitudeDegrees><LongitudeDegrees>59.461775634926184</LongitudeDegrees></Position></Trackpoint><Trackpoint><Time>2026-07-25T20:51:59.000Z</Time><Position><LatitudeDegrees>58.70279225121263</LatitudeDegrees><LongitudeDegrees>59.461762875362844</LongitudeDegrees></Position></Trackpoint><Trackpoint><Time>2026-07-25T20:52:00.000Z</Time><Position><LatitudeDegrees>58.702802297669386</LatitudeDegrees><LongitudeDegrees>59.46175107582653</LongitudeDegrees></Position></Trackpoint><Trackpoint><Time>2026-07-25T20:52:01.000Z</Time><Position><LatitudeDegrees>58.70281260152633</LatitudeDegrees><LongitudeDegrees>59.46174020689274</LongitudeDegrees></Position></Trackpoint><Trackpoint><Time>2026-07-25T20:52:02.000Z</Time><Position><LatitudeDegrees>58.702823157736674</LatitudeDegrees><LongitudeDegrees>59.46173111622331</LongitudeDegrees></Position></Trackpoint><Trackpoint><Time>2026-07-25T20:52:03.000Z</Time><Position><LatitudeDegrees>58.70283344222218</LatitudeDegrees><LongitudeDegrees>59.46172490389734</LongitudeDegrees></Position></Trackpoint><Trackpoint><Time>2026-07-25T20:52:04.000Z</Time><Position><LatitudeDegrees>58.70284278441481</LatitudeDegrees><LongitudeDegrees>59.461721653533054</LongitudeDegrees></Position></Trackpoint><Trackpoint><Time>2026-07-25T20:52:05.000Z</Time><Position><LatitudeDegrees>58.70285200831539</LatitudeDegrees><LongitudeDegrees>59.46172199862518</LongitudeDegrees></Position></Trackpoint><Trackpoint><Time>2026-07-25T20:52:06.000Z</Time><Position><LatitudeDegrees>58.70286146845754</LatitudeDegrees><LongitudeDegrees>59.4617262282072</LongitudeDegrees></Position></Trackpoint><Trackpoint><Time>2026-07-25T20:52:07.000Z</Time><Position><LatitudeDegrees>58.702871770139396</LatitudeDegrees><LongitudeDegrees>59.46173249391248</LongitudeDegrees></Position></Trackpoint><Trackpoint><Time>2026-07-25T20:52:08.000Z</Time><Position><LatitudeDegrees>58.70288256502195</LatitudeDegrees><LongitudeDegrees>59.46173781474619</LongitudeDegrees></Position></Trackpoint><Trackpoint><Time>2026-07-25T20:52:09.000Z</Time><Position><LatitudeDegrees>58.70289315673541</LatitudeDegrees><LongitudeDegrees>59.461741573918715</LongitudeDegrees></Position></Trackpoint><Trackpoint><Time>2026-07-25T20:52:10.000Z</Time><Position><LatitudeDegrees>58.70290377417853</LatitudeDegrees><LongitudeDegrees>59.46174518668422</LongitudeDegrees></Position></Trackpoint><Trackpoint><Time>2026-07-25T20:52:11.000Z</Time><Position><LatitudeDegrees>58.702914018706466</LatitudeDegrees><LongitudeDegrees>59.461748275461446</LongitudeDegrees></Position></Trackpoint><Trackpoint><Time>2026-07-25T20:52:12.000Z</Time><Position><LatitudeDegrees>58.7029242636177</LatitudeDegrees><LongitudeDegrees>59.46175173122418</LongitudeDegrees></Position></Trackpoint><Trackpoint><Time>2026-07-25T20:52:13.000Z</Time><Position><LatitudeDegrees>58.70293515221042</LatitudeDegrees><LongitudeDegrees>59.461755873803114</LongitudeDegrees></Position></Trackpoint><Trackpoint><Time>2026-07-25T20:52:14.000Z</Time><Position><LatitudeDegrees>58.7029463771901</LatitudeDegrees><LongitudeDegrees>59.4617592779315</LongitudeDegrees></Position></Trackpoint><Trackpoint><Time>2026-07-25T20:52:15.000Z</Time><Position><LatitudeDegrees>58.702957768827865</LatitudeDegrees><LongitudeDegrees>59.46176145141599</LongitudeDegrees></Position></Trackpoint><Trackpoint><Time>2026-07-25T20:52:16.000Z</Time><Position><LatitudeDegrees>58.70296972544399</LatitudeDegrees><LongitudeDegrees>59.46176430794869</LongitudeDegrees></Position></Trackpoint><Trackpoint><Time>2026-07-25T20:52:17.000Z</Time><Position><LatitudeDegrees>58.70298233856595</LatitudeDegrees><LongitudeDegrees>59.46177001681549</LongitudeDegrees></Position></Trackpoint><Trackpoint><Time>2026-07-25T20:52:18.000Z</Time><Position><LatitudeDegrees>58.70299458240503</LatitudeDegrees><LongitudeDegrees>59.46177959491852</LongitudeDegrees></Position></Trackpoint><Trackpoint><Time>2026-07-25T20:52:19.000Z</Time><Position><LatitudeDegrees>58.70300608190414</LatitudeDegrees><LongitudeDegrees>59.461790516388255</LongitudeDegrees></Position></Trackpoint><Trackpoint><Time>2026-07-25T20:52:20.000Z</Time><Position><LatitudeDegrees>58.70301579891593</LatitudeDegrees><LongitudeDegrees>59.461800099736486</LongitudeDegrees></Position></Trackpoint><Trackpoint><Time>2026-07-25T20:52:21.000Z</Time><Position><LatitudeDegrees>58.703024513897475</LatitudeDegrees><LongitudeDegrees>59.46180888121465</LongitudeDegrees></Position></Trackpoint><Trackpoint><Time>2026-07-25T20:52:22.000Z</Time><Position><LatitudeDegrees>58.703033166486726</LatitudeDegrees><LongitudeDegrees>59.46181571575594</LongitudeDegrees></Position></Trackpoint><Trackpoint><Time>2026-07-25T20:52:23.000Z</Time><Position><LatitudeDegrees>58.703042151665876</LatitudeDegrees><LongitudeDegrees>59.46182087128067</LongitudeDegrees></Position></Trackpoint><Trackpoint><Time>2026-07-25T20:52:24.000Z</Time><Position><LatitudeDegrees>58.70305109980373</LatitudeDegrees><LongitudeDegrees>59.46182369440536</LongitudeDegrees></Position></Trackpoint><Trackpoint><Time>2026-07-25T20:52:25.000Z</Time><Position><LatitudeDegrees>58.70305937381742</LatitudeDegrees><LongitudeDegrees>59.461822746573056</LongitudeDegrees></Position></Trackpoint><Trackpoint><Time>2026-07-25T20:52:26.000Z</Time><Position><LatitudeDegrees>58.70306679785778</LatitudeDegrees><LongitudeDegrees>59.46182134660899</LongitudeDegrees></Position></Trackpoint><Trackpoint><Time>2026-07-25T20:52:27.000Z</Time><Position><LatitudeDegrees>58.70307389820768</LatitudeDegrees><LongitudeDegrees>59.461821898567734</LongitudeDegrees></Position></Trackpoint><Trackpoint><Time>2026-07-25T20:52:28.000Z</Time><Position><LatitudeDegrees>58.70308142276375</LatitudeDegrees><LongitudeDegrees>59.46182465238217</LongitudeDegrees></Position></Trackpoint><Trackpoint><Time>2026-07-25T20:52:29.000Z</Time><Position><LatitudeDegrees>58.70308864586731</LatitudeDegrees><LongitudeDegrees>59.46182844915691</LongitudeDegrees></Position></Trackpoint><Trackpoint><Time>2026-07-25T20:52:30.000Z</Time><Position><LatitudeDegrees>58.7030957969695</LatitudeDegrees><LongitudeDegrees>59.46183316736843</LongitudeDegrees></Position></Trackpoint><Trackpoint><Time>2026-07-25T20:52:31.000Z</Time><Position><LatitudeDegrees>58.703102490196606</LatitudeDegrees><LongitudeDegrees>59.461837169872425</LongitudeDegrees></Position></Trackpoint><Trackpoint><Time>2026-07-25T20:52:32.000Z</Time><Position><LatitudeDegrees>58.70310911501115</LatitudeDegrees><LongitudeDegrees>59.46184281196195</LongitudeDegrees></Position></Trackpoint><Trackpoint><Time>2026-07-25T20:52:33.000Z</Time><Position><LatitudeDegrees>58.70311486136621</LatitudeDegrees><LongitudeDegrees>59.461851832408165</LongitudeDegrees></Position></Trackpoint><Trackpoint><Time>2026-07-25T20:52:34.000Z</Time><Position><LatitudeDegrees>58.70312048762762</LatitudeDegrees><LongitudeDegrees>59.461864513688035</LongitudeDegrees></Position></Trackpoint><Trackpoint><Time>2026-07-25T20:52:35.000Z</Time><Position><LatitudeDegrees>58.70312632152957</LatitudeDegrees><LongitudeDegrees>59.46187903344069</LongitudeDegrees></Position></Trackpoint><Trackpoint><Time>2026-07-25T20:52:36.000Z</Time><Position><LatitudeDegrees>58.703131492172325</LatitudeDegrees><LongitudeDegrees>59.46189391558133</LongitudeDegrees></Position></Trackpoint><Trackpoint><Time>2026-07-25T20:52:37.000Z</Time><Position><LatitudeDegrees>58.7031367052399</LatitudeDegrees><LongitudeDegrees>59.46190752647582</LongitudeDegrees></Position></Trackpoint><Trackpoint><Time>2026-07-25T20:52:38.000Z</Time><Position><LatitudeDegrees>58.70314224591134</LatitudeDegrees><LongitudeDegrees>59.46191788766981</LongitudeDegrees></Position></Trackpoint><Trackpoint><Time>2026-07-25T20:52:39.000Z</Time><Position><LatitudeDegrees>58.70314818958542</LatitudeDegrees><LongitudeDegrees>59.46192411185336</LongitudeDegrees></Position></Trackpoint><Trackpoint><Time>2026-07-25T20:52:40.000Z</Time><Position><LatitudeDegrees>58.70315451558909</LatitudeDegrees><LongitudeDegrees>59.46192636458164</LongitudeDegrees></Position></Trackpoint><Trackpoint><Time>2026-07-25T20:52:41.000Z</Time><Position><LatitudeDegrees>58.7031616559477</LatitudeDegrees><LongitudeDegrees>59.46192620298734</LongitudeDegrees></Position></Trackpoint><Trackpoint><Time>2026-07-25T20:52:42.000Z</Time><Position><LatitudeDegrees>58.70316919445186</LatitudeDegrees><LongitudeDegrees>59.46192457822425</LongitudeDegrees></Position></Trackpoint><Trackpoint><Time>2026-07-25T20:52:43.000Z</Time><Position><LatitudeDegrees>58.7031778878125</LatitudeDegrees><LongitudeDegrees>59.46192206980472</LongitudeDegrees></Position></Trackpoint><Trackpoint><Time>2026-07-25T20:52:44.000Z</Time><Position><LatitudeDegrees>58.70318838905497</LatitudeDegrees><LongitudeDegrees>59.461919519417854</LongitudeDegrees></Position></Trackpoint><Trackpoint><Time>2026-07-25T20:52:45.000Z</Time><Position><LatitudeDegrees>58.70320024546738</LatitudeDegrees><LongitudeDegrees>59.46191678947511</LongitudeDegrees></Position></Trackpoint><Trackpoint><Time>2026-07-25T20:52:46.000Z</Time><Position><LatitudeDegrees>58.70321309667384</LatitudeDegrees><LongitudeDegrees>59.46191433596929</LongitudeDegrees></Position></Trackpoint><Trackpoint><Time>2026-07-25T20:52:47.000Z</Time><Position><LatitudeDegrees>58.703226176968634</LatitudeDegrees><LongitudeDegrees>59.46191084238131</LongitudeDegrees></Position></Trackpoint><Trackpoint><Time>2026-07-25T20:52:48.000Z</Time><Position><LatitudeDegrees>58.703239631216086</LatitudeDegrees><LongitudeDegrees>59.461906389628304</LongitudeDegrees></Position></Trackpoint><Trackpoint><Time>2026-07-25T20:52:49.000Z</Time><Position><LatitudeDegrees>58.70325298146928</LatitudeDegrees><LongitudeDegrees>59.461901623752645</LongitudeDegrees></Position></Trackpoint><Trackpoint><Time>2026-07-25T20:52:50.000Z</Time><Position><LatitudeDegrees>58.70326653385185</LatitudeDegrees><LongitudeDegrees>59.461896851004944</LongitudeDegrees></Position></Trackpoint><Trackpoint><Time>2026-07-25T20:52:51.000Z</Time><Position><LatitudeDegrees>58.703280388492736</LatitudeDegrees><LongitudeDegrees>59.4618941568339</LongitudeDegrees></Position></Trackpoint><Trackpoint><Time>2026-07-25T20:52:52.000Z</Time><Position><LatitudeDegrees>58.70329405822334</LatitudeDegrees><LongitudeDegrees>59.46189315409343</LongitudeDegrees></Position></Trackpoint><Trackpoint><Time>2026-07-25T20:52:53.000Z</Time><Position><LatitudeDegrees>58.703306876533745</LatitudeDegrees><LongitudeDegrees>59.46189444547256</LongitudeDegrees></Position></Trackpoint><Trackpoint><Time>2026-07-25T20:52:54.000Z</Time><Position><LatitudeDegrees>58.70331916782203</LatitudeDegrees><LongitudeDegrees>59.46189700551071</LongitudeDegrees></Position></Trackpoint><Trackpoint><Time>2026-07-25T20:52:55.000Z</Time><Position><LatitudeDegrees>58.70333113332865</LatitudeDegrees><LongitudeDegrees>59.461899269837296</LongitudeDegrees></Position></Trackpoint><Trackpoint><Time>2026-07-25T20:52:56.000Z</Time><Position><LatitudeDegrees>58.7033424081341</LatitudeDegrees><LongitudeDegrees>59.46189916331465</LongitudeDegrees></Position></Trackpoint><Trackpoint><Time>2026-07-25T20:52:57.000Z</Time><Position><LatitudeDegrees>58.7033529306028</LatitudeDegrees><LongitudeDegrees>59.46189662523738</LongitudeDegrees></Position></Trackpoint><Trackpoint><Time>2026-07-25T20:52:58.000Z</Time><Position><LatitudeDegrees>58.703363261523066</LatitudeDegrees><LongitudeDegrees>59.46189194269136</LongitudeDegrees></Position></Trackpoint><Trackpoint><Time>2026-07-25T20:52:59.000Z</Time><Position><LatitudeDegrees>58.70337365643118</LatitudeDegrees><LongitudeDegrees>59.46188452992619</LongitudeDegrees></Position></Trackpoint><Trackpoint><Time>2026-07-25T20:53:00.000Z</Time><Position><LatitudeDegrees>58.70338421235276</LatitudeDegrees><LongitudeDegrees>59.46187547535106</LongitudeDegrees></Position></Trackpoint><Trackpoint><Time>2026-07-25T20:53:01.000Z</Time><Position><LatitudeDegrees>58.703395438190974</LatitudeDegrees><LongitudeDegrees>59.461865437932985</LongitudeDegrees></Position></Trackpoint><Trackpoint><Time>2026-07-25T20:53:02.000Z</Time><Position><LatitudeDegrees>58.70340745754634</LatitudeDegrees><LongitudeDegrees>59.461854815202976</LongitudeDegrees></Position></Trackpoint><Trackpoint><Time>2026-07-25T20:53:03.000Z</Time><Position><LatitudeDegrees>58.703420219474935</LatitudeDegrees><LongitudeDegrees>59.46184384600145</LongitudeDegrees></Position></Trackpoint><Trackpoint><Time>2026-07-25T20:53:04.000Z</Time><Position><LatitudeDegrees>58.70343360768821</LatitudeDegrees><LongitudeDegrees>59.46183169393871</LongitudeDegrees></Position></Trackpoint><Trackpoint><Time>2026-07-25T20:53:05.000Z</Time><Position><LatitudeDegrees>58.703447983522594</LatitudeDegrees><LongitudeDegrees>59.46181718715881</LongitudeDegrees></Position></Trackpoint><Trackpoint><Time>2026-07-25T20:53:06.000Z</Time><Position><LatitudeDegrees>58.70346287941818</LatitudeDegrees><LongitudeDegrees>59.461800634887375</LongitudeDegrees></Position></Trackpoint><Trackpoint><Time>2026-07-25T20:53:07.000Z</Time><Position><LatitudeDegrees>58.70347754645852</LatitudeDegrees><LongitudeDegrees>59.46178242700958</LongitudeDegrees></Position></Trackpoint><Trackpoint><Time>2026-07-25T20:53:08.000Z</Time><Position><LatitudeDegrees>58.70349121597746</LatitudeDegrees><LongitudeDegrees>59.46176342619834</LongitudeDegrees></Position></Trackpoint><Trackpoint><Time>2026-07-25T20:53:09.000Z</Time><Position><LatitudeDegrees>58.70350418905361</LatitudeDegrees><LongitudeDegrees>59.46174066222859</LongitudeDegrees></Position></Trackpoint><Trackpoint><Time>2026-07-25T20:53:10.000Z</Time><Position><LatitudeDegrees>58.70351618945795</LatitudeDegrees><LongitudeDegrees>59.461715842911396</LongitudeDegrees></Position></Trackpoint><Trackpoint><Time>2026-07-25T20:53:11.000Z</Time><Position><LatitudeDegrees>58.70352673866049</LatitudeDegrees><LongitudeDegrees>59.461689445770425</LongitudeDegrees></Position></Trackpoint><Trackpoint><Time>2026-07-25T20:53:12.000Z</Time><Position><LatitudeDegrees>58.70353582584619</LatitudeDegrees><LongitudeDegrees>59.46166431803023</LongitudeDegrees></Position></Trackpoint><Trackpoint><Time>2026-07-25T20:53:13.000Z</Time><Position><LatitudeDegrees>58.70354363420868</LatitudeDegrees><LongitudeDegrees>59.4616424485684</LongitudeDegrees></Position></Trackpoint><Trackpoint><Time>2026-07-25T20:53:14.000Z</Time><Position><LatitudeDegrees>58.703550892938864</LatitudeDegrees><LongitudeDegrees>59.46162325905471</LongitudeDegrees></Position></Trackpoint><Trackpoint><Time>2026-07-25T20:53:15.000Z</Time><Position><LatitudeDegrees>58.703558462496964</LatitudeDegrees><LongitudeDegrees>59.46160518812498</LongitudeDegrees></Position></Trackpoint><Trackpoint><Time>2026-07-25T20:53:16.000Z</Time><Position><LatitudeDegrees>58.7035666573549</LatitudeDegrees><LongitudeDegrees>59.461589407631266</LongitudeDegrees></Position></Trackpoint><Trackpoint><Time>2026-07-25T20:53:17.000Z</Time><Position><LatitudeDegrees>58.70357503715579</LatitudeDegrees><LongitudeDegrees>59.461576595817974</LongitudeDegrees></Position></Trackpoint><Trackpoint><Time>2026-07-25T20:53:18.000Z</Time><Position><LatitudeDegrees>58.703583396808824</LatitudeDegrees><LongitudeDegrees>59.46156616137249</LongitudeDegrees></Position></Trackpoint><Trackpoint><Time>2026-07-25T20:53:19.000Z</Time><Position><LatitudeDegrees>58.703592144047356</LatitudeDegrees><LongitudeDegrees>59.46155755564101</LongitudeDegrees></Position></Trackpoint><Trackpoint><Time>2026-07-25T20:53:20.000Z</Time><Position><LatitudeDegrees>58.703600907432936</LatitudeDegrees><LongitudeDegrees>59.461549828346314</LongitudeDegrees></Position></Trackpoint><Trackpoint><Time>2026-07-25T20:53:21.000Z</Time><Position><LatitudeDegrees>58.70360953192237</LatitudeDegrees><LongitudeDegrees>59.46154345460775</LongitudeDegrees></Position></Trackpoint><Trackpoint><Time>2026-07-25T20:53:22.000Z</Time><Position><LatitudeDegrees>58.703618461101435</LatitudeDegrees><LongitudeDegrees>59.46154041481091</LongitudeDegrees></Position></Trackpoint><Trackpoint><Time>2026-07-25T20:53:23.000Z</Time><Position><LatitudeDegrees>58.70362734893647</LatitudeDegrees><LongitudeDegrees>59.46154060702763</LongitudeDegrees></Position></Trackpoint><Trackpoint><Time>2026-07-25T20:53:24.000Z</Time><Position><LatitudeDegrees>58.703636547836346</LatitudeDegrees><LongitudeDegrees>59.46154357445644</LongitudeDegrees></Position></Trackpoint><Trackpoint><Time>2026-07-25T20:53:25.000Z</Time><Position><LatitudeDegrees>58.703645673399464</LatitudeDegrees><LongitudeDegrees>59.461548772777</LongitudeDegrees></Position></Trackpoint><Trackpoint><Time>2026-07-25T20:53:26.000Z</Time><Position><LatitudeDegrees>58.70365457672908</LatitudeDegrees><LongitudeDegrees>59.46155471226722</LongitudeDegrees></Position></Trackpoint><Trackpoint><Time>2026-07-25T20:53:27.000Z</Time><Position><LatitudeDegrees>58.70366371463851</LatitudeDegrees><LongitudeDegrees>59.46156019467125</LongitudeDegrees></Position></Trackpoint><Trackpoint><Time>2026-07-25T20:53:28.000Z</Time><Position><LatitudeDegrees>58.703672755540126</LatitudeDegrees><LongitudeDegrees>59.461563805952444</LongitudeDegrees></Position></Trackpoint><Trackpoint><Time>2026-07-25T20:53:29.000Z</Time><Position><LatitudeDegrees>58.703681575325895</LatitudeDegrees><LongitudeDegrees>59.46156520391914</LongitudeDegrees></Position></Trackpoint><Trackpoint><Time>2026-07-25T20:53:30.000Z</Time><Position><LatitudeDegrees>58.70369064087449</LatitudeDegrees><LongitudeDegrees>59.4615650213316</LongitudeDegrees></Position></Trackpoint><Trackpoint><Time>2026-07-25T20:53:31.000Z</Time><Position><LatitudeDegrees>58.70370011291883</LatitudeDegrees><LongitudeDegrees>59.461565680085805</LongitudeDegrees></Position></Trackpoint><Trackpoint><Time>2026-07-25T20:53:32.000Z</Time><Position><LatitudeDegrees>58.7037104950916</LatitudeDegrees><LongitudeDegrees>59.46157051766745</LongitudeDegrees></Position></Trackpoint><Trackpoint><Time>2026-07-25T20:53:33.000Z</Time><Position><LatitudeDegrees>58.70372089877068</LatitudeDegrees><LongitudeDegrees>59.46157841377577</LongitudeDegrees></Position></Trackpoint><Trackpoint><Time>2026-07-25T20:53:34.000Z</Time><Position><LatitudeDegrees>58.70373095523156</LatitudeDegrees><LongitudeDegrees>59.46158557681259</LongitudeDegrees></Position></Trackpoint><Trackpoint><Time>2026-07-25T20:53:35.000Z</Time><Position><LatitudeDegrees>58.703740557186116</LatitudeDegrees><LongitudeDegrees>59.46159200819181</LongitudeDegrees></Position></Trackpoint><Trackpoint><Time>2026-07-25T20:53:36.000Z</Time><Position><LatitudeDegrees>58.70374922917409</LatitudeDegrees><LongitudeDegrees>59.46159829201348</LongitudeDegrees></Position></Trackpoint><Trackpoint><Time>2026-07-25T20:53:37.000Z</Time><Position><LatitudeDegrees>58.703758363576775</LatitudeDegrees><LongitudeDegrees>59.46160223971517</LongitudeDegrees></Position></Trackpoint><Trackpoint><Time>2026-07-25T20:53:38.000Z</Time><Position><LatitudeDegrees>58.70376798486235</LatitudeDegrees><LongitudeDegrees>59.46160373942198</LongitudeDegrees></Position></Trackpoint><Trackpoint><Time>2026-07-25T20:53:39.000Z</Time><Position><LatitudeDegrees>58.70377755100634</LatitudeDegrees><LongitudeDegrees>59.46160599692024</LongitudeDegrees></Position></Trackpoint><Trackpoint><Time>2026-07-25T20:53:40.000Z</Time><Position><LatitudeDegrees>58.703787335472946</LatitudeDegrees><LongitudeDegrees>59.461609745587666</LongitudeDegrees></Position></Trackpoint><Trackpoint><Time>2026-07-25T20:53:41.000Z</Time><Position><LatitudeDegrees>58.703797422862465</LatitudeDegrees><LongitudeDegrees>59.46161460645373</LongitudeDegrees></Position></Trackpoint><Trackpoint><Time>2026-07-25T20:53:42.000Z</Time><Position><LatitudeDegrees>58.70380780913642</LatitudeDegrees><LongitudeDegrees>59.461620770307334</LongitudeDegrees></Position></Trackpoint><Trackpoint><Time>2026-07-25T20:53:43.000Z</Time><Position><LatitudeDegrees>58.703817964659656</LatitudeDegrees><LongitudeDegrees>59.46162667965338</LongitudeDegrees></Position></Trackpoint><Trackpoint><Time>2026-07-25T20:53:44.000Z</Time><Position><LatitudeDegrees>58.70382819053788</LatitudeDegrees><LongitudeDegrees>59.461630746507865</LongitudeDegrees></Position></Trackpoint><Trackpoint><Time>2026-07-25T20:53:45.000Z</Time><Position><LatitudeDegrees>58.70383860174649</LatitudeDegrees><LongitudeDegrees>59.461635001420134</LongitudeDegrees></Position></Trackpoint><Trackpoint><Time>2026-07-25T20:53:46.000Z</Time><Position><LatitudeDegrees>58.70384873223872</LatitudeDegrees><LongitudeDegrees>59.461639277279936</LongitudeDegrees></Position></Trackpoint><Trackpoint><Time>2026-07-25T20:53:47.000Z</Time><Position><LatitudeDegrees>58.70385842611047</LatitudeDegrees><LongitudeDegrees>59.4616430129665</LongitudeDegrees></Position></Trackpoint><Trackpoint><Time>2026-07-25T20:53:48.000Z</Time><Position><LatitudeDegrees>58.70386816480545</LatitudeDegrees><LongitudeDegrees>59.461645067500754</LongitudeDegrees></Position></Trackpoint><Trackpoint><Time>2026-07-25T20:53:49.000Z</Time><Position><LatitudeDegrees>58.70387863045584</LatitudeDegrees><LongitudeDegrees>59.46164469715221</LongitudeDegrees></Position></Trackpoint><Trackpoint><Time>2026-07-25T20:53:50.000Z</Time><Position><LatitudeDegrees>58.70388952107219</LatitudeDegrees><LongitudeDegrees>59.46164288607912</LongitudeDegrees></Position></Trackpoint><Trackpoint><Time>2026-07-25T20:53:51.000Z</Time><Position><LatitudeDegrees>58.70390114735205</LatitudeDegrees><LongitudeDegrees>59.46164071411611</LongitudeDegrees></Position></Trackpoint><Trackpoint><Time>2026-07-25T20:53:52.000Z</Time><Position><LatitudeDegrees>58.70391256360849</LatitudeDegrees><LongitudeDegrees>59.46163867229476</LongitudeDegrees></Position></Trackpoint><Trackpoint><Time>2026-07-25T20:53:53.000Z</Time><Position><LatitudeDegrees>58.703924876164145</LatitudeDegrees><LongitudeDegrees>59.46163449808167</LongitudeDegrees></Position></Trackpoint><Trackpoint><Time>2026-07-25T20:53:54.000Z</Time><Position><LatitudeDegrees>58.703937935990304</LatitudeDegrees><LongitudeDegrees>59.46162753337939</LongitudeDegrees></Position></Trackpoint><Trackpoint><Time>2026-07-25T20:53:55.000Z</Time><Position><LatitudeDegrees>58.703951096190316</LatitudeDegrees><LongitudeDegrees>59.461617865316505</LongitudeDegrees></Position></Trackpoint><Trackpoint><Time>2026-07-25T20:53:56.000Z</Time><Position><LatitudeDegrees>58.70396456707836</LatitudeDegrees><LongitudeDegrees>59.46160538713709</LongitudeDegrees></Position></Trackpoint><Trackpoint><Time>2026-07-25T20:53:57.000Z</Time><Position><LatitudeDegrees>58.703978395392475</LatitudeDegrees><LongitudeDegrees>59.46159090516033</LongitudeDegrees></Position></Trackpoint><Trackpoint><Time>2026-07-25T20:53:58.000Z</Time><Position><LatitudeDegrees>58.70399255450587</LatitudeDegrees><LongitudeDegrees>59.461576477471546</LongitudeDegrees></Position></Trackpoint><Trackpoint><Time>2026-07-25T20:53:59.000Z</Time><Position><LatitudeDegrees>58.70400699099514</LatitudeDegrees><LongitudeDegrees>59.46156343430176</LongitudeDegrees></Position></Trackpoint><Trackpoint><Time>2026-07-25T20:54:00.000Z</Time><Position><LatitudeDegrees>58.70402115764736</LatitudeDegrees><LongitudeDegrees>59.46155214578354</LongitudeDegrees></Position></Trackpoint><Trackpoint><Time>2026-07-25T20:54:01.000Z</Time><Position><LatitudeDegrees>58.70403486373518</LatitudeDegrees><LongitudeDegrees>59.46154204953234</LongitudeDegrees></Position></Trackpoint><Trackpoint><Time>2026-07-25T20:54:02.000Z</Time><Position><LatitudeDegrees>58.70404760021284</LatitudeDegrees><LongitudeDegrees>59.4615332505244</LongitudeDegrees></Position></Trackpoint><Trackpoint><Time>2026-07-25T20:54:03.000Z</Time><Position><LatitudeDegrees>58.70405977149692</LatitudeDegrees><LongitudeDegrees>59.46152611510383</LongitudeDegrees></Position></Trackpoint><Trackpoint><Time>2026-07-25T20:54:04.000Z</Time><Position><LatitudeDegrees>58.704071127070804</LatitudeDegrees><LongitudeDegrees>59.46152058062445</LongitudeDegrees></Position></Trackpoint><Trackpoint><Time>2026-07-25T20:54:05.000Z</Time><Position><LatitudeDegrees>58.70408166845854</LatitudeDegrees><LongitudeDegrees>59.461517395029325</LongitudeDegrees></Position></Trackpoint><Trackpoint><Time>2026-07-25T20:54:06.000Z</Time><Position><LatitudeDegrees>58.70409150078736</LatitudeDegrees><LongitudeDegrees>59.46151509603876</LongitudeDegrees></Position></Trackpoint><Trackpoint><Time>2026-07-25T20:54:07.000Z</Time><Position><LatitudeDegrees>58.7041012479694</LatitudeDegrees><LongitudeDegrees>59.46151247803223</LongitudeDegrees></Position></Trackpoint><Trackpoint><Time>2026-07-25T20:54:08.000Z</Time><Position><LatitudeDegrees>58.70411068827034</LatitudeDegrees><LongitudeDegrees>59.46151104388271</LongitudeDegrees></Position></Trackpoint><Trackpoint><Time>2026-07-25T20:54:09.000Z</Time><Position><LatitudeDegrees>58.70412025937093</LatitudeDegrees><LongitudeDegrees>59.46150979174528</LongitudeDegrees></Position></Trackpoint><Trackpoint><Time>2026-07-25T20:54:10.000Z</Time><Position><LatitudeDegrees>58.70412963512415</LatitudeDegrees><LongitudeDegrees>59.46150779605521</LongitudeDegrees></Position></Trackpoint><Trackpoint><Time>2026-07-25T20:54:11.000Z</Time><Position><LatitudeDegrees>58.704139195894925</LatitudeDegrees><LongitudeDegrees>59.46150721912102</LongitudeDegrees></Position></Trackpoint><Trackpoint><Time>2026-07-25T20:54:12.000Z</Time><Position><LatitudeDegrees>58.704149074583505</LatitudeDegrees><LongitudeDegrees>59.46150779013706</LongitudeDegrees></Position></Trackpoint><Trackpoint><Time>2026-07-25T20:54:13.000Z</Time><Position><LatitudeDegrees>58.70415879550776</LatitudeDegrees><LongitudeDegrees>59.46150973984948</LongitudeDegrees></Position></Trackpoint><Trackpoint><Time>2026-07-25T20:54:14.000Z</Time><Position><LatitudeDegrees>58.70416867262534</LatitudeDegrees><LongitudeDegrees>59.46151151750179</LongitudeDegrees></Position></Trackpoint><Trackpoint><Time>2026-07-25T20:54:15.000Z</Time><Position><LatitudeDegrees>58.70417930479793</LatitudeDegrees><LongitudeDegrees>59.46151348574564</LongitudeDegrees></Position></Trackpoint><Trackpoint><Time>2026-07-25T20:54:16.000Z</Time><Position><LatitudeDegrees>58.70419084174658</LatitudeDegrees><LongitudeDegrees>59.46151527986033</LongitudeDegrees></Position></Trackpoint><Trackpoint><Time>2026-07-25T20:54:17.000Z</Time><Position><LatitudeDegrees>58.70420322900476</LatitudeDegrees><LongitudeDegrees>59.4615138343272</LongitudeDegrees></Position></Trackpoint><Trackpoint><Time>2026-07-25T20:54:18.000Z</Time><Position><LatitudeDegrees>58.7042163350054</LatitudeDegrees><LongitudeDegrees>59.461509771299205</LongitudeDegrees></Position></Trackpoint><Trackpoint><Time>2026-07-25T20:54:19.000Z</Time><Position><LatitudeDegrees>58.70422952370467</LatitudeDegrees><LongitudeDegrees>59.46150417256179</LongitudeDegrees></Position></Trackpoint><Trackpoint><Time>2026-07-25T20:54:20.000Z</Time><Position><LatitudeDegrees>58.70424301215488</LatitudeDegrees><LongitudeDegrees>59.46149768073625</LongitudeDegrees></Position></Trackpoint><Trackpoint><Time>2026-07-25T20:54:21.000Z</Time><Position><LatitudeDegrees>58.704255872051604</LatitudeDegrees><LongitudeDegrees>59.46149067510199</LongitudeDegrees></Position></Trackpoint><Trackpoint><Time>2026-07-25T20:54:22.000Z</Time><Position><LatitudeDegrees>58.70426829137262</LatitudeDegrees><LongitudeDegrees>59.46148386741609</LongitudeDegrees></Position></Trackpoint><Trackpoint><Time>2026-07-25T20:54:23.000Z</Time><Position><LatitudeDegrees>58.70428089369129</LatitudeDegrees><LongitudeDegrees>59.46147752539749</LongitudeDegrees></Position></Trackpoint><Trackpoint><Time>2026-07-25T20:54:24.000Z</Time><Position><LatitudeDegrees>58.70429342271784</LatitudeDegrees><LongitudeDegrees>59.4614721891447</LongitudeDegrees></Position></Trackpoint><Trackpoint><Time>2026-07-25T20:54:25.000Z</Time><Position><LatitudeDegrees>58.704305292699885</LatitudeDegrees><LongitudeDegrees>59.46146795199978</LongitudeDegrees></Position></Trackpoint><Trackpoint><Time>2026-07-25T20:54:26.000Z</Time><Position><LatitudeDegrees>58.70431634699245</LatitudeDegrees><LongitudeDegrees>59.46146520094588</LongitudeDegrees></Position></Trackpoint><Trackpoint><Time>2026-07-25T20:54:27.000Z</Time><Position><LatitudeDegrees>58.7043266257764</LatitudeDegrees><LongitudeDegrees>59.46146439422866</LongitudeDegrees></Position></Trackpoint><Trackpoint><Time>2026-07-25T20:54:28.000Z</Time><Position><LatitudeDegrees>58.704336245134925</LatitudeDegrees><LongitudeDegrees>59.46146498140568</LongitudeDegrees></Position></Trackpoint><Trackpoint><Time>2026-07-25T20:54:29.000Z</Time><Position><LatitudeDegrees>58.70434582712182</LatitudeDegrees><LongitudeDegrees>59.46146557766094</LongitudeDegrees></Position></Trackpoint><Trackpoint><Time>2026-07-25T20:54:30.000Z</Time><Position><LatitudeDegrees>58.70435514310556</LatitudeDegrees><LongitudeDegrees>59.46146561151583</LongitudeDegrees></Position></Trackpoint><Trackpoint><Time>2026-07-25T20:54:31.000Z</Time><Position><LatitudeDegrees>58.704364133069156</LatitudeDegrees><LongitudeDegrees>59.46146491979965</LongitudeDegrees></Position></Trackpoint><Trackpoint><Time>2026-07-25T20:54:32.000Z</Time><Position><LatitudeDegrees>58.70437281413981</LatitudeDegrees><LongitudeDegrees>59.461462549217984</LongitudeDegrees></Position></Trackpoint><Trackpoint><Time>2026-07-25T20:54:33.000Z</Time><Position><LatitudeDegrees>58.70438074340639</LatitudeDegrees><LongitudeDegrees>59.46145587459913</LongitudeDegrees></Position></Trackpoint><Trackpoint><Time>2026-07-25T20:54:34.000Z</Time><Position><LatitudeDegrees>58.70438881417748</LatitudeDegrees><LongitudeDegrees>59.46144485683713</LongitudeDegrees></Position></Trackpoint><Trackpoint><Time>2026-07-25T20:54:35.000Z</Time><Position><LatitudeDegrees>58.704396396964206</LatitudeDegrees><LongitudeDegrees>59.46143052687332</LongitudeDegrees></Position></Trackpoint><Trackpoint><Time>2026-07-25T20:54:36.000Z</Time><Position><LatitudeDegrees>58.70440378476474</LatitudeDegrees><LongitudeDegrees>59.46141373439979</LongitudeDegrees></Position></Trackpoint><Trackpoint><Time>2026-07-25T20:54:37.000Z</Time><Position><LatitudeDegrees>58.70441161288231</LatitudeDegrees><LongitudeDegrees>59.46139759346058</LongitudeDegrees></Position></Trackpoint><Trackpoint><Time>2026-07-25T20:54:38.000Z</Time><Position><LatitudeDegrees>58.70442057605255</LatitudeDegrees><LongitudeDegrees>59.46138232367819</LongitudeDegrees></Position></Trackpoint><Trackpoint><Time>2026-07-25T20:54:39.000Z</Time><Position><LatitudeDegrees>58.70442983548724</LatitudeDegrees><LongitudeDegrees>59.4613674140782</LongitudeDegrees></Position></Trackpoint><Trackpoint><Time>2026-07-25T20:54:40.000Z</Time><Position><LatitudeDegrees>58.70443949733094</LatitudeDegrees><LongitudeDegrees>59.4613540768273</LongitudeDegrees></Position></Trackpoint><Trackpoint><Time>2026-07-25T20:54:41.000Z</Time><Position><LatitudeDegrees>58.70444808481707</LatitudeDegrees><LongitudeDegrees>59.46134163010629</LongitudeDegrees></Position></Trackpoint><Trackpoint><Time>2026-07-25T20:54:42.000Z</Time><Position><LatitudeDegrees>58.7044551276561</LatitudeDegrees><LongitudeDegrees>59.46132967882114</LongitudeDegrees></Position></Trackpoint><Trackpoint><Time>2026-07-25T20:54:43.000Z</Time><Position><LatitudeDegrees>58.70446160964144</LatitudeDegrees><LongitudeDegrees>59.46131750705987</LongitudeDegrees></Position></Trackpoint><Trackpoint><Time>2026-07-25T20:54:44.000Z</Time><Position><LatitudeDegrees>58.704468007916766</LatitudeDegrees><LongitudeDegrees>59.461307296336926</LongitudeDegrees></Position></Trackpoint><Trackpoint><Time>2026-07-25T20:54:45.000Z</Time><Position><LatitudeDegrees>58.70447501934042</LatitudeDegrees><LongitudeDegrees>59.46130067259766</LongitudeDegrees></Position></Trackpoint><Trackpoint><Time>2026-07-25T20:54:46.000Z</Time><Position><LatitudeDegrees>58.70448285220525</LatitudeDegrees><LongitudeDegrees>59.46129637624479</LongitudeDegrees></Position></Trackpoint><Trackpoint><Time>2026-07-25T20:54:47.000Z</Time><Position><LatitudeDegrees>58.704490997251845</LatitudeDegrees><LongitudeDegrees>59.461292120985775</LongitudeDegrees></Position></Trackpoint><Trackpoint><Time>2026-07-25T20:54:48.000Z</Time><Position><LatitudeDegrees>58.70450018390338</LatitudeDegrees><LongitudeDegrees>59.461289897638494</LongitudeDegrees></Position></Trackpoint><Trackpoint><Time>2026-07-25T20:54:49.000Z</Time><Position><LatitudeDegrees>58.704509599650976</LatitudeDegrees><LongitudeDegrees>59.461286838021</LongitudeDegrees></Position></Trackpoint><Trackpoint><Time>2026-07-25T20:54:50.000Z</Time><Position><LatitudeDegrees>58.704518880472264</LatitudeDegrees><LongitudeDegrees>59.461282357864974</LongitudeDegrees></Position></Trackpoint><Trackpoint><Time>2026-07-25T20:54:51.000Z</Time><Position><LatitudeDegrees>58.70452740415765</LatitudeDegrees><LongitudeDegrees>59.46127590926257</LongitudeDegrees></Position></Trackpoint><Trackpoint><Time>2026-07-25T20:54:52.000Z</Time><Position><LatitudeDegrees>58.70453599085897</LatitudeDegrees><LongitudeDegrees>59.4612680088248</LongitudeDegrees></Position></Trackpoint><Trackpoint><Time>2026-07-25T20:54:53.000Z</Time><Position><LatitudeDegrees>58.70454448064348</LatitudeDegrees><LongitudeDegrees>59.46125954526081</LongitudeDegrees></Position></Trackpoint><Trackpoint><Time>2026-07-25T20:54:54.000Z</Time><Position><LatitudeDegrees>58.70455282008466</LatitudeDegrees><LongitudeDegrees>59.461249977625805</LongitudeDegrees></Position></Trackpoint><Trackpoint><Time>2026-07-25T20:54:55.000Z</Time><Position><LatitudeDegrees>58.70456198569727</LatitudeDegrees><LongitudeDegrees>59.46123971445716</LongitudeDegrees></Position></Trackpoint><Trackpoint><Time>2026-07-25T20:54:56.000Z</Time><Position><LatitudeDegrees>58.704571294383555</LatitudeDegrees><LongitudeDegrees>59.46122852366424</LongitudeDegrees></Position></Trackpoint><Trackpoint><Time>2026-07-25T20:54:57.000Z</Time><Position><LatitudeDegrees>58.704580446457804</LatitudeDegrees><LongitudeDegrees>59.46121642872357</LongitudeDegrees></Position></Trackpoint><Trackpoint><Time>2026-07-25T20:54:58.000Z</Time><Position><LatitudeDegrees>58.70458933860035</LatitudeDegrees><LongitudeDegrees>59.46120453457079</LongitudeDegrees></Position></Trackpoint><Trackpoint><Time>2026-07-25T20:54:59.000Z</Time><Position><LatitudeDegrees>58.70459796162256</LatitudeDegrees><LongitudeDegrees>59.4611927808738</LongitudeDegrees></Position></Trackpoint><Trackpoint><Time>2026-07-25T20:55:00.000Z</Time><Position><LatitudeDegrees>58.70460634628144</LatitudeDegrees><LongitudeDegrees>59.46118112475855</LongitudeDegrees></Position></Trackpoint><Trackpoint><Time>2026-07-25T20:55:01.000Z</Time><Position><LatitudeDegrees>58.70461502544792</LatitudeDegrees><LongitudeDegrees>59.46116806721175</LongitudeDegrees></Position></Trackpoint><Trackpoint><Time>2026-07-25T20:55:02.000Z</Time><Position><LatitudeDegrees>58.70462369116582</LatitudeDegrees><LongitudeDegrees>59.46115366037197</LongitudeDegrees></Position></Trackpoint><Trackpoint><Time>2026-07-25T20:55:03.000Z</Time><Position><LatitudeDegrees>58.70463221833461</LatitudeDegrees><LongitudeDegrees>59.461138588501946</LongitudeDegrees></Position></Trackpoint><Trackpoint><Time>2026-07-25T20:55:04.000Z</Time><Position><LatitudeDegrees>58.70464106282691</LatitudeDegrees><LongitudeDegrees>59.46112468759137</LongitudeDegrees></Position></Trackpoint><Trackpoint><Time>2026-07-25T20:55:05.000Z</Time><Position><LatitudeDegrees>58.70465037165827</LatitudeDegrees><LongitudeDegrees>59.46111207386054</LongitudeDegrees></Position></Trackpoint><Trackpoint><Time>2026-07-25T20:55:06.000Z</Time><Position><LatitudeDegrees>58.70466014577738</LatitudeDegrees><LongitudeDegrees>59.461099650744025</LongitudeDegrees></Position></Trackpoint><Trackpoint><Time>2026-07-25T20:55:07.000Z</Time><Position><LatitudeDegrees>58.70466885702412</LatitudeDegrees><LongitudeDegrees>59.46108645256395</LongitudeDegrees></Position></Trackpoint><Trackpoint><Time>2026-07-25T20:55:08.000Z</Time><Position><LatitudeDegrees>58.70467699169048</LatitudeDegrees><LongitudeDegrees>59.461072181100185</LongitudeDegrees></Position></Trackpoint><Trackpoint><Time>2026-07-25T20:55:09.000Z</Time><Position><LatitudeDegrees>58.70468482405093</LatitudeDegrees><LongitudeDegrees>59.46105783051132</LongitudeDegrees></Position></Trackpoint><Trackpoint><Time>2026-07-25T20:55:10.000Z</Time><Position><LatitudeDegrees>58.70469250586136</LatitudeDegrees><LongitudeDegrees>59.4610438203806</LongitudeDegrees></Position></Trackpoint><Trackpoint><Time>2026-07-25T20:55:11.000Z</Time><Position><LatitudeDegrees>58.704700118942775</LatitudeDegrees><LongitudeDegrees>59.46103027980911</LongitudeDegrees></Position></Trackpoint><Trackpoint><Time>2026-07-25T20:55:12.000Z</Time><Position><LatitudeDegrees>58.70470770581305</LatitudeDegrees><LongitudeDegrees>59.4610157328659</LongitudeDegrees></Position></Trackpoint><Trackpoint><Time>2026-07-25T20:55:13.000Z</Time><Position><LatitudeDegrees>58.704714797736</LatitudeDegrees><LongitudeDegrees>59.461001659322164</LongitudeDegrees></Position></Trackpoint><Trackpoint><Time>2026-07-25T20:55:14.000Z</Time><Position><LatitudeDegrees>58.70472175480681</LatitudeDegrees><LongitudeDegrees>59.46098909744753</LongitudeDegrees></Position></Trackpoint><Trackpoint><Time>2026-07-25T20:55:15.000Z</Time><Position><LatitudeDegrees>58.704729232243366</LatitudeDegrees><LongitudeDegrees>59.460977791204996</LongitudeDegrees></Position></Trackpoint><Trackpoint><Time>2026-07-25T20:55:16.000Z</Time><Position><LatitudeDegrees>58.704737433098074</LatitudeDegrees><LongitudeDegrees>59.46096845321274</LongitudeDegrees></Position></Trackpoint><Trackpoint><Time>2026-07-25T20:55:17.000Z</Time><Position><LatitudeDegrees>58.70474585853446</LatitudeDegrees><LongitudeDegrees>59.46096161393938</LongitudeDegrees></Position></Trackpoint><Trackpoint><Time>2026-07-25T20:55:18.000Z</Time><Position><LatitudeDegrees>58.704754763900915</LatitudeDegrees><LongitudeDegrees>59.46095815036402</LongitudeDegrees></Position></Trackpoint><Trackpoint><Time>2026-07-25T20:55:19.000Z</Time><Position><LatitudeDegrees>58.70476468237076</LatitudeDegrees><LongitudeDegrees>59.4609560319477</LongitudeDegrees></Position></Trackpoint><Trackpoint><Time>2026-07-25T20:55:20.000Z</Time><Position><LatitudeDegrees>58.704775213881625</LatitudeDegrees><LongitudeDegrees>59.460955229018886</LongitudeDegrees></Position></Trackpoint><Trackpoint><Time>2026-07-25T20:55:21.000Z</Time><Position><LatitudeDegrees>58.704786114991606</LatitudeDegrees><LongitudeDegrees>59.460953602074525</LongitudeDegrees></Position></Trackpoint><Trackpoint><Time>2026-07-25T20:55:22.000Z</Time><Position><LatitudeDegrees>58.704797238005725</LatitudeDegrees><LongitudeDegrees>59.460951844588934</LongitudeDegrees></Position></Trackpoint><Trackpoint><Time>2026-07-25T20:55:23.000Z</Time><Position><LatitudeDegrees>58.7048084936172</LatitudeDegrees><LongitudeDegrees>59.460949769302104</LongitudeDegrees></Position></Trackpoint><Trackpoint><Time>2026-07-25T20:55:24.000Z</Time><Position><LatitudeDegrees>58.70481982802785</LatitudeDegrees><LongitudeDegrees>59.46094733988343</LongitudeDegrees></Position></Trackpoint><Trackpoint><Time>2026-07-25T20:55:25.000Z</Time><Position><LatitudeDegrees>58.704831208968045</LatitudeDegrees><LongitudeDegrees>59.46094409721243</LongitudeDegrees></Position></Trackpoint><Trackpoint><Time>2026-07-25T20:55:26.000Z</Time><Position><LatitudeDegrees>58.70484212756545</LatitudeDegrees><LongitudeDegrees>59.460940935808914</LongitudeDegrees></Position></Trackpoint><Trackpoint><Time>2026-07-25T20:55:27.000Z</Time><Position><LatitudeDegrees>58.7048534128117</LatitudeDegrees><LongitudeDegrees>59.460936744803554</LongitudeDegrees></Position></Trackpoint><Trackpoint><Time>2026-07-25T20:55:28.000Z</Time><Position><LatitudeDegrees>58.70486437983314</LatitudeDegrees><LongitudeDegrees>59.460931198851156</LongitudeDegrees></Position></Trackpoint><Trackpoint><Time>2026-07-25T20:55:29.000Z</Time><Position><LatitudeDegrees>58.704874787419634</LatitudeDegrees><LongitudeDegrees>59.460924827479744</LongitudeDegrees></Position></Trackpoint><Trackpoint><Time>2026-07-25T20:55:30.000Z</Time><Position><LatitudeDegrees>58.70488509764604</LatitudeDegrees><LongitudeDegrees>59.46091795470789</LongitudeDegrees></Position></Trackpoint><Trackpoint><Time>2026-07-25T20:55:31.000Z</Time><Position><LatitudeDegrees>58.70489551330623</LatitudeDegrees><LongitudeDegrees>59.46091175755247</LongitudeDegrees></Position></Trackpoint><Trackpoint><Time>2026-07-25T20:55:32.000Z</Time><Position><LatitudeDegrees>58.70490561477458</LatitudeDegrees><LongitudeDegrees>59.4609051652021</LongitudeDegrees></Position></Trackpoint><Trackpoint><Time>2026-07-25T20:55:33.000Z</Time><Position><LatitudeDegrees>58.704915759171946</LatitudeDegrees><LongitudeDegrees>59.460899256215455</LongitudeDegrees></Position></Trackpoint><Trackpoint><Time>2026-07-25T20:55:34.000Z</Time><Position><LatitudeDegrees>58.70492657767334</LatitudeDegrees><LongitudeDegrees>59.460892428627794</LongitudeDegrees></Position></Trackpoint><Trackpoint><Time>2026-07-25T20:55:35.000Z</Time><Position><LatitudeDegrees>58.704938243697455</LatitudeDegrees><LongitudeDegrees>59.460885119818904</LongitudeDegrees></Position></Trackpoint><Trackpoint><Time>2026-07-25T20:55:36.000Z</Time><Position><LatitudeDegrees>58.70495023027501</LatitudeDegrees><LongitudeDegrees>59.460878061291005</LongitudeDegrees></Position></Trackpoint><Trackpoint><Time>2026-07-25T20:55:37.000Z</Time><Position><LatitudeDegrees>58.70496178962932</LatitudeDegrees><LongitudeDegrees>59.46087054295668</LongitudeDegrees></Position></Trackpoint><Trackpoint><Time>2026-07-25T20:55:38.000Z</Time><Position><LatitudeDegrees>58.70497315824508</LatitudeDegrees><LongitudeDegrees>59.46086331061493</LongitudeDegrees></Position></Trackpoint><Trackpoint><Time>2026-07-25T20:55:39.000Z</Time><Position><LatitudeDegrees>58.7049849476062</LatitudeDegrees><LongitudeDegrees>59.46085614509335</LongitudeDegrees></Position></Trackpoint><Trackpoint><Time>2026-07-25T20:55:40.000Z</Time><Position><LatitudeDegrees>58.704996865929495</LatitudeDegrees><LongitudeDegrees>59.46084894755315</LongitudeDegrees></Position></Trackpoint><Trackpoint><Time>2026-07-25T20:55:41.000Z</Time><Position><LatitudeDegrees>58.70500877649682</LatitudeDegrees><LongitudeDegrees>59.46084119178815</LongitudeDegrees></Position></Trackpoint><Trackpoint><Time>2026-07-25T20:55:42.000Z</Time><Position><LatitudeDegrees>58.70502013438792</LatitudeDegrees><LongitudeDegrees>59.46083322234701</LongitudeDegrees></Position></Trackpoint><Trackpoint><Time>2026-07-25T20:55:43.000Z</Time><Position><LatitudeDegrees>58.70503078612165</LatitudeDegrees><LongitudeDegrees>59.46082520855139</LongitudeDegrees></Position></Trackpoint><Trackpoint><Time>2026-07-25T20:55:44.000Z</Time><Position><LatitudeDegrees>58.70504124873417</LatitudeDegrees><LongitudeDegrees>59.460817715437024</LongitudeDegrees></Position></Trackpoint><Trackpoint><Time>2026-07-25T20:55:45.000Z</Time><Position><LatitudeDegrees>58.705051269821034</LatitudeDegrees><LongitudeDegrees>59.46081090887583</LongitudeDegrees></Position></Trackpoint><Trackpoint><Time>2026-07-25T20:55:46.000Z</Time><Position><LatitudeDegrees>58.705061781324055</LatitudeDegrees><LongitudeDegrees>59.46080476906133</LongitudeDegrees></Position></Trackpoint><Trackpoint><Time>2026-07-25T20:55:47.000Z</Time><Position><LatitudeDegrees>58.70507261449316</LatitudeDegrees><LongitudeDegrees>59.46079969187126</LongitudeDegrees></Position></Trackpoint><Trackpoint><Time>2026-07-25T20:55:48.000Z</Time><Position><LatitudeDegrees>58.705083658546094</LatitudeDegrees><LongitudeDegrees>59.46079423512315</LongitudeDegrees></Position></Trackpoint><Trackpoint><Time>2026-07-25T20:55:49.000Z</Time><Position><LatitudeDegrees>58.70509435118178</LatitudeDegrees><LongitudeDegrees>59.46078736398328</LongitudeDegrees></Position></Trackpoint><Trackpoint><Time>2026-07-25T20:55:50.000Z</Time><Position><LatitudeDegrees>58.70510450592976</LatitudeDegrees><LongitudeDegrees>59.46077981302887</LongitudeDegrees></Position></Trackpoint><Trackpoint><Time>2026-07-25T20:55:51.000Z</Time><Position><LatitudeDegrees>58.70511411503236</LatitudeDegrees><LongitudeDegrees>59.4607719720365</LongitudeDegrees></Position></Trackpoint><Trackpoint><Time>2026-07-25T20:55:52.000Z</Time><Position><LatitudeDegrees>58.70512324532746</LatitudeDegrees><LongitudeDegrees>59.460763059533846</LongitudeDegrees></Position></Trackpoint><Trackpoint><Time>2026-07-25T20:55:53.000Z</Time><Position><LatitudeDegrees>58.70513198579534</LatitudeDegrees><LongitudeDegrees>59.46075240160065</LongitudeDegrees></Position></Trackpoint><Trackpoint><Time>2026-07-25T20:55:54.000Z</Time><Position><LatitudeDegrees>58.70514091272542</LatitudeDegrees><LongitudeDegrees>59.46074043432807</LongitudeDegrees></Position></Trackpoint><Trackpoint><Time>2026-07-25T20:55:55.000Z</Time><Position><LatitudeDegrees>58.70514974991012</LatitudeDegrees><LongitudeDegrees>59.460727994975336</LongitudeDegrees></Position></Trackpoint><Trackpoint><Time>2026-07-25T20:55:56.000Z</Time><Position><LatitudeDegrees>58.70515741589541</LatitudeDegrees><LongitudeDegrees>59.46071499933386</LongitudeDegrees></Position></Trackpoint><Trackpoint><Time>2026-07-25T20:55:57.000Z</Time><Position><LatitudeDegrees>58.70516508445597</LatitudeDegrees><LongitudeDegrees>59.46070197373319</LongitudeDegrees></Position></Trackpoint><Trackpoint><Time>2026-07-25T20:55:58.000Z</Time><Position><LatitudeDegrees>58.70517274905021</LatitudeDegrees><LongitudeDegrees>59.46068864916796</LongitudeDegrees></Position></Trackpoint><Trackpoint><Time>2026-07-25T20:55:59.000Z</Time><Position><LatitudeDegrees>58.70518040749317</LatitudeDegrees><LongitudeDegrees>59.46067446361385</LongitudeDegrees></Position></Trackpoint><Trackpoint><Time>2026-07-25T20:56:00.000Z</Time><Position><LatitudeDegrees>58.70518854928511</LatitudeDegrees><LongitudeDegrees>59.46065978572772</LongitudeDegrees></Position></Trackpoint><Trackpoint><Time>2026-07-25T20:56:01.000Z</Time><Position><LatitudeDegrees>58.70519682437086</LatitudeDegrees><LongitudeDegrees>59.460644830524835</LongitudeDegrees></Position></Trackpoint><Trackpoint><Time>2026-07-25T20:56:02.000Z</Time><Position><LatitudeDegrees>58.70520556108856</LatitudeDegrees><LongitudeDegrees>59.46063021175946</LongitudeDegrees></Position></Trackpoint><Trackpoint><Time>2026-07-25T20:56:03.000Z</Time><Position><LatitudeDegrees>58.70521532501969</LatitudeDegrees><LongitudeDegrees>59.46061662862543</LongitudeDegrees></Position></Trackpoint><Trackpoint><Time>2026-07-25T20:56:04.000Z</Time><Position><LatitudeDegrees>58.70522572763763</LatitudeDegrees><LongitudeDegrees>59.460604725763</LongitudeDegrees></Position></Trackpoint><Trackpoint><Time>2026-07-25T20:56:05.000Z</Time><Position><LatitudeDegrees>58.70523554773847</LatitudeDegrees><LongitudeDegrees>59.46059259455372</LongitudeDegrees></Position></Trackpoint><Trackpoint><Time>2026-07-25T20:56:06.000Z</Time><Position><LatitudeDegrees>58.70524533637611</LatitudeDegrees><LongitudeDegrees>59.46058143671532</LongitudeDegrees></Position></Trackpoint><Trackpoint><Time>2026-07-25T20:56:07.000Z</Time><Position><LatitudeDegrees>58.705255814141815</LatitudeDegrees><LongitudeDegrees>59.46057113261394</LongitudeDegrees></Position></Trackpoint><Trackpoint><Time>2026-07-25T20:56:08.000Z</Time><Position><LatitudeDegrees>58.7052662101293</LatitudeDegrees><LongitudeDegrees>59.46056201301513</LongitudeDegrees></Position></Trackpoint><Trackpoint><Time>2026-07-25T20:56:09.000Z</Time><Position><LatitudeDegrees>58.7052767069604</LatitudeDegrees><LongitudeDegrees>59.46055406211005</LongitudeDegrees></Position></Trackpoint><Trackpoint><Time>2026-07-25T20:56:10.000Z</Time><Position><LatitudeDegrees>58.705287366901736</LatitudeDegrees><LongitudeDegrees>59.46054810260927</LongitudeDegrees></Position></Trackpoint><Trackpoint><Time>2026-07-25T20:56:11.000Z</Time><Position><LatitudeDegrees>58.70529770505121</LatitudeDegrees><LongitudeDegrees>59.46054274890687</LongitudeDegrees></Position></Trackpoint><Trackpoint><Time>2026-07-25T20:56:12.000Z</Time><Position><LatitudeDegrees>58.70530805262209</LatitudeDegrees><LongitudeDegrees>59.460537842221406</LongitudeDegrees></Position></Trackpoint><Trackpoint><Time>2026-07-25T20:56:13.000Z</Time><Position><LatitudeDegrees>58.70531805519919</LatitudeDegrees><LongitudeDegrees>59.46053325978746</LongitudeDegrees></Position></Trackpoint><Trackpoint><Time>2026-07-25T20:56:14.000Z</Time><Position><LatitudeDegrees>58.70532810071259</LatitudeDegrees><LongitudeDegrees>59.460528909428945</LongitudeDegrees></Position></Trackpoint><Trackpoint><Time>2026-07-25T20:56:15.000Z</Time><Position><LatitudeDegrees>58.705337853803385</LatitudeDegrees><LongitudeDegrees>59.460525213008765</LongitudeDegrees></Position></Trackpoint><Trackpoint><Time>2026-07-25T20:56:16.000Z</Time><Position><LatitudeDegrees>58.70534770350222</LatitudeDegrees><LongitudeDegrees>59.460520791500265</LongitudeDegrees></Position></Trackpoint><Trackpoint><Time>2026-07-25T20:56:17.000Z</Time><Position><LatitudeDegrees>58.70535779762539</LatitudeDegrees><LongitudeDegrees>59.46051761809138</LongitudeDegrees></Position></Trackpoint><Trackpoint><Time>2026-07-25T20:56:18.000Z</Time><Position><LatitudeDegrees>58.7053686552877</LatitudeDegrees><LongitudeDegrees>59.460516834825626</LongitudeDegrees></Position></Trackpoint><Trackpoint><Time>2026-07-25T20:56:19.000Z</Time><Position><LatitudeDegrees>58.70537990266823</LatitudeDegrees><LongitudeDegrees>59.460517136431484</LongitudeDegrees></Position></Trackpoint><Trackpoint><Time>2026-07-25T20:56:20.000Z</Time><Position><LatitudeDegrees>58.705390846184685</LatitudeDegrees><LongitudeDegrees>59.46051833572361</LongitudeDegrees></Position></Trackpoint><Trackpoint><Time>2026-07-25T20:56:21.000Z</Time><Position><LatitudeDegrees>58.70540123919726</LatitudeDegrees><LongitudeDegrees>59.46051975078556</LongitudeDegrees></Position></Trackpoint><Trackpoint><Time>2026-07-25T20:56:22.000Z</Time><Position><LatitudeDegrees>58.705411050787774</LatitudeDegrees><LongitudeDegrees>59.46052058347703</LongitudeDegrees></Position></Trackpoint><Trackpoint><Time>2026-07-25T20:56:23.000Z</Time><Position><LatitudeDegrees>58.70542083245837</LatitudeDegrees><LongitudeDegrees>59.46052106945423</LongitudeDegrees></Position></Trackpoint><Trackpoint><Time>2026-07-25T20:56:24.000Z</Time><Position><LatitudeDegrees>58.70543032556557</LatitudeDegrees><LongitudeDegrees>59.46052135026849</LongitudeDegrees></Position></Trackpoint><Trackpoint><Time>2026-07-25T20:56:25.000Z</Time><Position><LatitudeDegrees>58.70544043984928</LatitudeDegrees><LongitudeDegrees>59.460520531326495</LongitudeDegrees></Position></Trackpoint><Trackpoint><Time>2026-07-25T20:56:26.000Z</Time><Position><LatitudeDegrees>58.705450980633046</LatitudeDegrees><LongitudeDegrees>59.46051887496754</LongitudeDegrees></Position></Trackpoint><Trackpoint><Time>2026-07-25T20:56:27.000Z</Time><Position><LatitudeDegrees>58.705461323391354</LatitudeDegrees><LongitudeDegrees>59.46051659671291</LongitudeDegrees></Position></Trackpoint><Trackpoint><Time>2026-07-25T20:56:28.000Z</Time><Position><LatitudeDegrees>58.705471725950666</LatitudeDegrees><LongitudeDegrees>59.460513865140804</LongitudeDegrees></Position></Trackpoint><Trackpoint><Time>2026-07-25T20:56:29.000Z</Time><Position><LatitudeDegrees>58.705482286817144</LatitudeDegrees><LongitudeDegrees>59.460510807859976</LongitudeDegrees></Position></Trackpoint><Trackpoint><Time>2026-07-25T20:56:30.000Z</Time><Position><LatitudeDegrees>58.70549302624042</LatitudeDegrees><LongitudeDegrees>59.4605080088388</LongitudeDegrees></Position></Trackpoint><Trackpoint><Time>2026-07-25T20:56:31.000Z</Time><Position><LatitudeDegrees>58.70550392964248</LatitudeDegrees><LongitudeDegrees>59.46050616503831</LongitudeDegrees></Position></Trackpoint><Trackpoint><Time>2026-07-25T20:56:32.000Z</Time><Position><LatitudeDegrees>58.70551448036257</LatitudeDegrees><LongitudeDegrees>59.46050495127856</LongitudeDegrees></Position></Trackpoint><Trackpoint><Time>2026-07-25T20:56:33.000Z</Time><Position><LatitudeDegrees>58.705524510888736</LatitudeDegrees><LongitudeDegrees>59.46050415277482</LongitudeDegrees></Position></Trackpoint><Trackpoint><Time>2026-07-25T20:56:34.000Z</Time><Position><LatitudeDegrees>58.70553450861071</LatitudeDegrees><LongitudeDegrees>59.460503627774095</LongitudeDegrees></Position></Trackpoint><Trackpoint><Time>2026-07-25T20:56:35.000Z</Time><Position><LatitudeDegrees>58.7055446784622</LatitudeDegrees><LongitudeDegrees>59.460502303572845</LongitudeDegrees></Position></Trackpoint><Trackpoint><Time>2026-07-25T20:56:36.000Z</Time><Position><LatitudeDegrees>58.705555572359806</LatitudeDegrees><LongitudeDegrees>59.46050082019339</LongitudeDegrees></Position></Trackpoint><Trackpoint><Time>2026-07-25T20:56:37.000Z</Time><Position><LatitudeDegrees>58.70556683506033</LatitudeDegrees><LongitudeDegrees>59.46049897203793</LongitudeDegrees></Position></Trackpoint><Trackpoint><Time>2026-07-25T20:56:38.000Z</Time><Position><LatitudeDegrees>58.7055782729275</LatitudeDegrees><LongitudeDegrees>59.460496231642274</LongitudeDegrees></Position></Trackpoint><Trackpoint><Time>2026-07-25T20:56:39.000Z</Time><Position><LatitudeDegrees>58.705589783733046</LatitudeDegrees><LongitudeDegrees>59.46049396512859</LongitudeDegrees></Position></Trackpoint><Trackpoint><Time>2026-07-25T20:56:40.000Z</Time><Position><LatitudeDegrees>58.705601316014445</LatitudeDegrees><LongitudeDegrees>59.46049267428953</LongitudeDegrees></Position></Trackpoint><Trackpoint><Time>2026-07-25T20:56:41.000Z</Time><Position><LatitudeDegrees>58.70561235621069</LatitudeDegrees><LongitudeDegrees>59.46049244055368</LongitudeDegrees></Position></Trackpoint><Trackpoint><Time>2026-07-25T20:56:42.000Z</Time><Position><LatitudeDegrees>58.70562324558925</LatitudeDegrees><LongitudeDegrees>59.46049267216782</LongitudeDegrees></Position></Trackpoint><Trackpoint><Time>2026-07-25T20:56:43.000Z</Time><Position><LatitudeDegrees>58.70563365444204</LatitudeDegrees><LongitudeDegrees>59.46049257609066</LongitudeDegrees></Position></Trackpoint><Trackpoint><Time>2026-07-25T20:56:44.000Z</Time><Position><LatitudeDegrees>58.70564350865903</LatitudeDegrees><LongitudeDegrees>59.460491867780036</LongitudeDegrees></Position></Trackpoint><Trackpoint><Time>2026-07-25T20:56:45.000Z</Time><Position><LatitudeDegrees>58.705653338516534</LatitudeDegrees><LongitudeDegrees>59.46049099824185</LongitudeDegrees></Position></Trackpoint><Trackpoint><Time>2026-07-25T20:56:46.000Z</Time><Position><LatitudeDegrees>58.70566336552651</LatitudeDegrees><LongitudeDegrees>59.460489684298075</LongitudeDegrees></Position></Trackpoint><Trackpoint><Time>2026-07-25T20:56:47.000Z</Time><Position><LatitudeDegrees>58.70567365561076</LatitudeDegrees><LongitudeDegrees>59.46048835597595</LongitudeDegrees></Position></Trackpoint><Trackpoint><Time>2026-07-25T20:56:48.000Z</Time><Position><LatitudeDegrees>58.70568469176351</LatitudeDegrees><LongitudeDegrees>59.46048670260985</LongitudeDegrees></Position></Trackpoint><Trackpoint><Time>2026-07-25T20:56:49.000Z</Time><Position><LatitudeDegrees>58.70569559791988</LatitudeDegrees><LongitudeDegrees>59.46048414836561</LongitudeDegrees></Position></Trackpoint><Trackpoint><Time>2026-07-25T20:56:50.000Z</Time><Position><LatitudeDegrees>58.705706519582606</LatitudeDegrees><LongitudeDegrees>59.4604820405537</LongitudeDegrees></Position></Trackpoint><Trackpoint><Time>2026-07-25T20:56:51.000Z</Time><Position><LatitudeDegrees>58.70571702507373</LatitudeDegrees><LongitudeDegrees>59.46048038713198</LongitudeDegrees></Position></Trackpoint><Trackpoint><Time>2026-07-25T20:56:52.000Z</Time><Position><LatitudeDegrees>58.705727479639485</LatitudeDegrees><LongitudeDegrees>59.460479133057476</LongitudeDegrees></Position></Trackpoint><Trackpoint><Time>2026-07-25T20:56:53.000Z</Time><Position><LatitudeDegrees>58.705738040236646</LatitudeDegrees><LongitudeDegrees>59.46047771479541</LongitudeDegrees></Position></Trackpoint><Trackpoint><Time>2026-07-25T20:56:54.000Z</Time><Position><LatitudeDegrees>58.705748757896274</LatitudeDegrees><LongitudeDegrees>59.46047641094722</LongitudeDegrees></Position></Trackpoint><Trackpoint><Time>2026-07-25T20:56:55.000Z</Time><Position><LatitudeDegrees>58.70575963347593</LatitudeDegrees><LongitudeDegrees>59.460475321565426</LongitudeDegrees></Position></Trackpoint><Trackpoint><Time>2026-07-25T20:56:56.000Z</Time><Position><LatitudeDegrees>58.70577064705999</LatitudeDegrees><LongitudeDegrees>59.46047446032855</LongitudeDegrees></Position></Trackpoint><Trackpoint><Time>2026-07-25T20:56:57.000Z</Time><Position><LatitudeDegrees>58.70578177273389</LatitudeDegrees><LongitudeDegrees>59.4604738035878</LongitudeDegrees></Position></Trackpoint><Trackpoint><Time>2026-07-25T20:56:58.000Z</Time><Position><LatitudeDegrees>58.70579298543858</LatitudeDegrees><LongitudeDegrees>59.460473804967684</LongitudeDegrees></Position></Trackpoint><Trackpoint><Time>2026-07-25T20:56:59.000Z</Time><Position><LatitudeDegrees>58.705804263683625</LatitudeDegrees><LongitudeDegrees>59.46047358759586</LongitudeDegrees></Position></Trackpoint><Trackpoint><Time>2026-07-25T20:57:00.000Z</Time><Position><LatitudeDegrees>58.70581607981718</LatitudeDegrees><LongitudeDegrees>59.46047281842351</LongitudeDegrees></Position></Trackpoint><Trackpoint><Time>2026-07-25T20:57:01.000Z</Time><Position><LatitudeDegrees>58.70582709049893</LatitudeDegrees><LongitudeDegrees>59.460472899944655</LongitudeDegrees></Position></Trackpoint><Trackpoint><Time>2026-07-25T20:57:02.000Z</Time><Position><LatitudeDegrees>58.7058383147069</LatitudeDegrees><LongitudeDegrees>59.46047430056787</LongitudeDegrees></Position></Trackpoint><Trackpoint><Time>2026-07-25T20:57:03.000Z</Time><Position><LatitudeDegrees>58.705849165463235</LatitudeDegrees><LongitudeDegrees>59.460476064673436</LongitudeDegrees></Position></Trackpoint><Trackpoint><Time>2026-07-25T20:57:04.000Z</Time><Position><LatitudeDegrees>58.70585993857343</LatitudeDegrees><LongitudeDegrees>59.460477262442254</LongitudeDegrees></Position></Trackpoint><Trackpoint><Time>2026-07-25T20:57:05.000Z</Time><Position><LatitudeDegrees>58.705871255436456</LatitudeDegrees><LongitudeDegrees>59.46047660441105</LongitudeDegrees></Position></Trackpoint><Trackpoint><Time>2026-07-25T20:57:06.000Z</Time><Position><LatitudeDegrees>58.70588281256465</LatitudeDegrees><LongitudeDegrees>59.46047624577805</LongitudeDegrees></Position></Trackpoint><Trackpoint><Time>2026-07-25T20:57:07.000Z</Time><Position><LatitudeDegrees>58.705894454134</LatitudeDegrees><LongitudeDegrees>59.46047605647722</LongitudeDegrees></Position></Trackpoint><Trackpoint><Time>2026-07-25T20:57:08.000Z</Time><Position><LatitudeDegrees>58.70590561552247</LatitudeDegrees><LongitudeDegrees>59.46047645082012</LongitudeDegrees></Position></Trackpoint><Trackpoint><Time>2026-07-25T20:57:09.000Z</Time><Position><LatitudeDegrees>58.705916615440984</LatitudeDegrees><LongitudeDegrees>59.46047703491365</LongitudeDegrees></Position></Trackpoint><Trackpoint><Time>2026-07-25T20:57:10.000Z</Time><Position><LatitudeDegrees>58.70592760586975</LatitudeDegrees><LongitudeDegrees>59.46047713257468</LongitudeDegrees></Position></Trackpoint><Trackpoint><Time>2026-07-25T20:57:11.000Z</Time><Position><LatitudeDegrees>58.7059386506173</LatitudeDegrees><LongitudeDegrees>59.46047701737194</LongitudeDegrees></Position></Trackpoint><Trackpoint><Time>2026-07-25T20:57:12.000Z</Time><Position><LatitudeDegrees>58.70594976899035</LatitudeDegrees><LongitudeDegrees>59.460476829290904</LongitudeDegrees></Position></Trackpoint><Trackpoint><Time>2026-07-25T20:57:13.000Z</Time><Position><LatitudeDegrees>58.705960959490355</LatitudeDegrees><LongitudeDegrees>59.46047614572545</LongitudeDegrees></Position></Trackpoint><Trackpoint><Time>2026-07-25T20:57:14.000Z</Time><Position><LatitudeDegrees>58.70597221224276</LatitudeDegrees><LongitudeDegrees>59.460474856226966</LongitudeDegrees></Position></Trackpoint><Trackpoint><Time>2026-07-25T20:57:15.000Z</Time><Position><LatitudeDegrees>58.70598253596967</LatitudeDegrees><LongitudeDegrees>59.460473482690226</LongitudeDegrees></Position></Trackpoint><Trackpoint><Time>2026-07-25T20:57:16.000Z</Time><Position><LatitudeDegrees>58.70599262089003</LatitudeDegrees><LongitudeDegrees>59.46047225083509</LongitudeDegrees></Position></Trackpoint><Trackpoint><Time>2026-07-25T20:57:17.000Z</Time><Position><LatitudeDegrees>58.70600278190948</LatitudeDegrees><LongitudeDegrees>59.460472704267765</LongitudeDegrees></Position></Trackpoint><Trackpoint><Time>2026-07-25T20:57:18.000Z</Time><Position><LatitudeDegrees>58.70601264933886</LatitudeDegrees><LongitudeDegrees>59.46047428317138</LongitudeDegrees></Position></Trackpoint><Trackpoint><Time>2026-07-25T20:57:19.000Z</Time><Position><LatitudeDegrees>58.706022108609666</LatitudeDegrees><LongitudeDegrees>59.460476612542195</LongitudeDegrees></Position></Trackpoint><Trackpoint><Time>2026-07-25T20:57:20.000Z</Time><Position><LatitudeDegrees>58.706031654535934</LatitudeDegrees><LongitudeDegrees>59.460478952009204</LongitudeDegrees></Position></Trackpoint><Trackpoint><Time>2026-07-25T20:57:21.000Z</Time><Position><LatitudeDegrees>58.70604099016587</LatitudeDegrees><LongitudeDegrees>59.4604805057565</LongitudeDegrees></Position></Trackpoint><Trackpoint><Time>2026-07-25T20:57:22.000Z</Time><Position><LatitudeDegrees>58.70605050980664</LatitudeDegrees><LongitudeDegrees>59.46048104688648</LongitudeDegrees></Position></Trackpoint><Trackpoint><Time>2026-07-25T20:57:23.000Z</Time><Position><LatitudeDegrees>58.70605986261897</LatitudeDegrees><LongitudeDegrees>59.46047914309119</LongitudeDegrees></Position></Trackpoint><Trackpoint><Time>2026-07-25T20:57:24.000Z</Time><Position><LatitudeDegrees>58.70606941513834</LatitudeDegrees><LongitudeDegrees>59.460475497522154</LongitudeDegrees></Position></Trackpoint><Trackpoint><Time>2026-07-25T20:57:25.000Z</Time><Position><LatitudeDegrees>58.7060797822948</LatitudeDegrees><LongitudeDegrees>59.4604696440934</LongitudeDegrees></Position></Trackpoint><Trackpoint><Time>2026-07-25T20:57:26.000Z</Time><Position><LatitudeDegrees>58.706090133558384</LatitudeDegrees><LongitudeDegrees>59.46046314306248</LongitudeDegrees></Position></Trackpoint><Trackpoint><Time>2026-07-25T20:57:27.000Z</Time><Position><LatitudeDegrees>58.70610012892898</LatitudeDegrees><LongitudeDegrees>59.46045818894611</LongitudeDegrees></Position></Trackpoint><Trackpoint><Time>2026-07-25T20:57:28.000Z</Time><Position><LatitudeDegrees>58.706110653282764</LatitudeDegrees><LongitudeDegrees>59.4604549973647</LongitudeDegrees></Position></Trackpoint><Trackpoint><Time>2026-07-25T20:57:29.000Z</Time><Position><LatitudeDegrees>58.70612053431521</LatitudeDegrees><LongitudeDegrees>59.46045196206736</LongitudeDegrees></Position></Trackpoint><Trackpoint><Time>2026-07-25T20:57:30.000Z</Time><Position><LatitudeDegrees>58.70612986141216</LatitudeDegrees><LongitudeDegrees>59.46044938070883</LongitudeDegrees></Position></Trackpoint><Trackpoint><Time>2026-07-25T20:57:31.000Z</Time><Position><LatitudeDegrees>58.7061397217037</LatitudeDegrees><LongitudeDegrees>59.46044682800028</LongitudeDegrees></Position></Trackpoint><Trackpoint><Time>2026-07-25T20:57:32.000Z</Time><Position><LatitudeDegrees>58.70615049447154</LatitudeDegrees><LongitudeDegrees>59.46044363550578</LongitudeDegrees></Position></Trackpoint><Trackpoint><Time>2026-07-25T20:57:33.000Z</Time><Position><LatitudeDegrees>58.70616172919096</LatitudeDegrees><LongitudeDegrees>59.4604396100567</LongitudeDegrees></Position></Trackpoint><Trackpoint><Time>2026-07-25T20:57:34.000Z</Time><Position><LatitudeDegrees>58.706173181030074</LatitudeDegrees><LongitudeDegrees>59.46043673745068</LongitudeDegrees></Position></Trackpoint><Trackpoint><Time>2026-07-25T20:57:35.000Z</Time><Position><LatitudeDegrees>58.70618521090258</LatitudeDegrees><LongitudeDegrees>59.460435197929115</LongitudeDegrees></Position></Trackpoint><Trackpoint><Time>2026-07-25T20:57:36.000Z</Time><Position><LatitudeDegrees>58.70619740364445</LatitudeDegrees><LongitudeDegrees>59.460434405011455</LongitudeDegrees></Position></Trackpoint><Trackpoint><Time>2026-07-25T20:57:37.000Z</Time><Position><LatitudeDegrees>58.70620858815201</LatitudeDegrees><LongitudeDegrees>59.46043353172934</LongitudeDegrees></Position></Trackpoint><Trackpoint><Time>2026-07-25T20:57:38.000Z</Time><Position><LatitudeDegrees>58.70622036997354</LatitudeDegrees><LongitudeDegrees>59.460431758213666</LongitudeDegrees></Position></Trackpoint><Trackpoint><Time>2026-07-25T20:57:39.000Z</Time><Position><LatitudeDegrees>58.70623235444179</LatitudeDegrees><LongitudeDegrees>59.46042984157984</LongitudeDegrees></Position></Trackpoint><Trackpoint><Time>2026-07-25T20:57:40.000Z</Time><Position><LatitudeDegrees>58.706244353010206</LatitudeDegrees><LongitudeDegrees>59.46042811200224</LongitudeDegrees></Position></Trackpoint><Trackpoint><Time>2026-07-25T20:57:41.000Z</Time><Position><LatitudeDegrees>58.706255796608694</LatitudeDegrees><LongitudeDegrees>59.46042521261744</LongitudeDegrees></Position></Trackpoint><Trackpoint><Time>2026-07-25T20:57:42.000Z</Time><Position><LatitudeDegrees>58.70626701171537</LatitudeDegrees><LongitudeDegrees>59.460421224377434</LongitudeDegrees></Position></Trackpoint><Trackpoint><Time>2026-07-25T20:57:43.000Z</Time><Position><LatitudeDegrees>58.706278651722016</LatitudeDegrees><LongitudeDegrees>59.46041583076326</LongitudeDegrees></Position></Trackpoint><Trackpoint><Time>2026-07-25T20:57:44.000Z</Time><Position><LatitudeDegrees>58.70629044157126</LatitudeDegrees><LongitudeDegrees>59.46041006102073</LongitudeDegrees></Position></Trackpoint><Trackpoint><Time>2026-07-25T20:57:45.000Z</Time><Position><LatitudeDegrees>58.70630224875324</LatitudeDegrees><LongitudeDegrees>59.46040487691372</LongitudeDegrees></Position></Trackpoint><Trackpoint><Time>2026-07-25T20:57:46.000Z</Time><Position><LatitudeDegrees>58.70631401647134</LatitudeDegrees><LongitudeDegrees>59.46039962014199</LongitudeDegrees></Position></Trackpoint><Trackpoint><Time>2026-07-25T20:57:47.000Z</Time><Position><LatitudeDegrees>58.70632572639996</LatitudeDegrees><LongitudeDegrees>59.46039451853259</LongitudeDegrees></Position></Trackpoint><Trackpoint><Time>2026-07-25T20:57:48.000Z</Time><Position><LatitudeDegrees>58.70633688879857</LatitudeDegrees><LongitudeDegrees>59.460390135608044</LongitudeDegrees></Position></Trackpoint><Trackpoint><Time>2026-07-25T20:57:49.000Z</Time><Position><LatitudeDegrees>58.706347861860955</LatitudeDegrees><LongitudeDegrees>59.460386611203624</LongitudeDegrees></Position></Trackpoint><Trackpoint><Time>2026-07-25T20:57:50.000Z</Time><Position><LatitudeDegrees>58.70635881740428</LatitudeDegrees><LongitudeDegrees>59.46038487193963</LongitudeDegrees></Position></Trackpoint><Trackpoint><Time>2026-07-25T20:57:51.000Z</Time><Position><LatitudeDegrees>58.706369828437126</LatitudeDegrees><LongitudeDegrees>59.460383601477275</LongitudeDegrees></Position></Trackpoint><Trackpoint><Time>2026-07-25T20:57:52.000Z</Time><Position><LatitudeDegrees>58.70638091790487</LatitudeDegrees><LongitudeDegrees>59.460382687144985</LongitudeDegrees></Position></Trackpoint><Trackpoint><Time>2026-07-25T20:57:53.000Z</Time><Position><LatitudeDegrees>58.70639159557957</LatitudeDegrees><LongitudeDegrees>59.4603820368321</LongitudeDegrees></Position></Trackpoint><Trackpoint><Time>2026-07-25T20:57:54.000Z</Time><Position><LatitudeDegrees>58.70640171242201</LatitudeDegrees><LongitudeDegrees>59.460381089107265</LongitudeDegrees></Position></Trackpoint><Trackpoint><Time>2026-07-25T20:57:55.000Z</Time><Position><LatitudeDegrees>58.70641176864547</LatitudeDegrees><LongitudeDegrees>59.46038014053732</LongitudeDegrees></Position></Trackpoint><Trackpoint><Time>2026-07-25T20:57:56.000Z</Time><Position><LatitudeDegrees>58.70642197803481</LatitudeDegrees><LongitudeDegrees>59.46037882375622</LongitudeDegrees></Position></Trackpoint><Trackpoint><Time>2026-07-25T20:57:57.000Z</Time><Position><LatitudeDegrees>58.70643289858578</LatitudeDegrees><LongitudeDegrees>59.46037703472974</LongitudeDegrees></Position></Trackpoint><Trackpoint><Time>2026-07-25T20:57:58.000Z</Time><Position><LatitudeDegrees>58.70644466882312</LatitudeDegrees><LongitudeDegrees>59.46037674966755</LongitudeDegrees></Position></Trackpoint><Trackpoint><Time>2026-07-25T20:57:59.000Z</Time><Position><LatitudeDegrees>58.706456747129344</LatitudeDegrees><LongitudeDegrees>59.460377120575316</LongitudeDegrees></Position></Trackpoint><Trackpoint><Time>2026-07-25T20:58:00.000Z</Time><Position><LatitudeDegrees>58.706468870908154</LatitudeDegrees><LongitudeDegrees>59.46037820363855</LongitudeDegrees></Position></Trackpoint><Trackpoint><Time>2026-07-25T20:58:01.000Z</Time><Position><LatitudeDegrees>58.706481415787906</LatitudeDegrees><LongitudeDegrees>59.46037944098163</LongitudeDegrees></Position></Trackpoint><Trackpoint><Time>2026-07-25T20:58:02.000Z</Time><Position><LatitudeDegrees>58.70649399280661</LatitudeDegrees><LongitudeDegrees>59.46038058305118</LongitudeDegrees></Position></Trackpoint><Trackpoint><Time>2026-07-25T20:58:03.000Z</Time><Position><LatitudeDegrees>58.70650594804112</LatitudeDegrees><LongitudeDegrees>59.460380070469164</LongitudeDegrees></Position></Trackpoint><Trackpoint><Time>2026-07-25T20:58:04.000Z</Time><Position><LatitudeDegrees>58.70651758159978</LatitudeDegrees><LongitudeDegrees>59.46037796301434</LongitudeDegrees></Position></Trackpoint><Trackpoint><Time>2026-07-25T20:58:05.000Z</Time><Position><LatitudeDegrees>58.70652905836381</LatitudeDegrees><LongitudeDegrees>59.46037497961573</LongitudeDegrees></Position></Trackpoint><Trackpoint><Time>2026-07-25T20:58:06.000Z</Time><Position><LatitudeDegrees>58.706540466361155</LatitudeDegrees><LongitudeDegrees>59.46037103916771</LongitudeDegrees></Position></Trackpoint><Trackpoint><Time>2026-07-25T20:58:07.000Z</Time><Position><LatitudeDegrees>58.706551361060136</LatitudeDegrees><LongitudeDegrees>59.46036672071475</LongitudeDegrees></Position></Trackpoint><Trackpoint><Time>2026-07-25T20:58:08.000Z</Time><Position><LatitudeDegrees>58.70656162526885</LatitudeDegrees><LongitudeDegrees>59.46036329046427</LongitudeDegrees></Position></Trackpoint><Trackpoint><Time>2026-07-25T20:58:10.000Z</Time><Position><LatitudeDegrees>58.7065732500887</LatitudeDegrees><LongitudeDegrees>59.46036115588327</LongitudeDegrees></Position></Trackpoint><Trackpoint><Time>2026-07-25T20:58:11.000Z</Time><Position><LatitudeDegrees>58.70658590166805</LatitudeDegrees><LongitudeDegrees>59.46036129770425</LongitudeDegrees></Position></Trackpoint><Trackpoint><Time>2026-07-25T20:58:12.000Z</Time><Position><LatitudeDegrees>58.70659882112199</LatitudeDegrees><LongitudeDegrees>59.46036186921037</LongitudeDegrees></Position></Trackpoint><Trackpoint><Time>2026-07-25T20:58:13.000Z</Time><Position><LatitudeDegrees>58.706611661535135</LatitudeDegrees><LongitudeDegrees>59.46036303393382</LongitudeDegrees></Position></Trackpoint><Trackpoint><Time>2026-07-25T20:58:14.000Z</Time><Position><LatitudeDegrees>58.706624779791525</LatitudeDegrees><LongitudeDegrees>59.46036380386284</LongitudeDegrees></Position></Trackpoint><Trackpoint><Time>2026-07-25T20:58:15.000Z</Time><Position><LatitudeDegrees>58.70663779759654</LatitudeDegrees><LongitudeDegrees>59.46036382277251</LongitudeDegrees></Position></Trackpoint><Trackpoint><Time>2026-07-25T20:58:16.000Z</Time><Position><LatitudeDegrees>58.706650572048616</LatitudeDegrees><LongitudeDegrees>59.46036304034971</LongitudeDegrees></Position></Trackpoint><Trackpoint><Time>2026-07-25T20:58:17.000Z</Time><Position><LatitudeDegrees>58.70666307553011</LatitudeDegrees><LongitudeDegrees>59.46036202833427</LongitudeDegrees></Position></Trackpoint><Trackpoint><Time>2026-07-25T20:58:18.000Z</Time><Position><LatitudeDegrees>58.706675331445815</LatitudeDegrees><LongitudeDegrees>59.460360562044954</LongitudeDegrees></Position></Trackpoint><Trackpoint><Time>2026-07-25T20:58:19.000Z</Time><Position><LatitudeDegrees>58.70668738120931</LatitudeDegrees><LongitudeDegrees>59.4603586072559</LongitudeDegrees></Position></Trackpoint><Trackpoint><Time>2026-07-25T20:58:20.000Z</Time><Position><LatitudeDegrees>58.706698778724785</LatitudeDegrees><LongitudeDegrees>59.460357191791196</LongitudeDegrees></Position></Trackpoint><Trackpoint><Time>2026-07-25T20:58:21.000Z</Time><Position><LatitudeDegrees>58.706709913600776</LatitudeDegrees><LongitudeDegrees>59.46035666972162</LongitudeDegrees></Position></Trackpoint><Trackpoint><Time>2026-07-25T20:58:22.000Z</Time><Position><LatitudeDegrees>58.70672098000044</LatitudeDegrees><LongitudeDegrees>59.460355603367546</LongitudeDegrees></Position></Trackpoint><Trackpoint><Time>2026-07-25T20:58:23.000Z</Time><Position><LatitudeDegrees>58.70673206667549</LatitudeDegrees><LongitudeDegrees>59.46035347050266</LongitudeDegrees></Position></Trackpoint><Trackpoint><Time>2026-07-25T20:58:24.000Z</Time><Position><LatitudeDegrees>58.70674320757452</LatitudeDegrees><LongitudeDegrees>59.46035117216304</LongitudeDegrees></Position></Trackpoint><Trackpoint><Time>2026-07-25T20:58:25.000Z</Time><Position><LatitudeDegrees>58.70675489932974</LatitudeDegrees><LongitudeDegrees>59.46034763183195</LongitudeDegrees></Position></Trackpoint><Trackpoint><Time>2026-07-25T20:58:26.000Z</Time><Position><LatitudeDegrees>58.70676678615869</LatitudeDegrees><LongitudeDegrees>59.460343055182264</LongitudeDegrees></Position></Trackpoint><Trackpoint><Time>2026-07-25T20:58:27.000Z</Time><Position><LatitudeDegrees>58.706779186111476</LatitudeDegrees><LongitudeDegrees>59.46033863914808</LongitudeDegrees></Position></Trackpoint><Trackpoint><Time>2026-07-25T20:58:28.000Z</Time><Position><LatitudeDegrees>58.706791185091845</LatitudeDegrees><LongitudeDegrees>59.460333876830774</LongitudeDegrees></Position></Trackpoint><Trackpoint><Time>2026-07-25T20:58:29.000Z</Time><Position><LatitudeDegrees>58.70680245810867</LatitudeDegrees><LongitudeDegrees>59.46033007274937</LongitudeDegrees></Position></Trackpoint><Trackpoint><Time>2026-07-25T20:58:30.000Z</Time><Position><LatitudeDegrees>58.70681394371733</LatitudeDegrees><LongitudeDegrees>59.46032764116018</LongitudeDegrees></Position></Trackpoint><Trackpoint><Time>2026-07-25T20:58:31.000Z</Time><Position><LatitudeDegrees>58.706826001160394</LatitudeDegrees><LongitudeDegrees>59.46032657651045</LongitudeDegrees></Position></Trackpoint><Trackpoint><Time>2026-07-25T20:58:32.000Z</Time><Position><LatitudeDegrees>58.706838215381225</LatitudeDegrees><LongitudeDegrees>59.46032621145816</LongitudeDegrees></Position></Trackpoint><Trackpoint><Time>2026-07-25T20:58:33.000Z</Time><Position><LatitudeDegrees>58.70685039532348</LatitudeDegrees><LongitudeDegrees>59.46032765020919</LongitudeDegrees></Position></Trackpoint><Trackpoint><Time>2026-07-25T20:58:34.000Z</Time><Position><LatitudeDegrees>58.70686197709276</LatitudeDegrees><LongitudeDegrees>59.46032915755444</LongitudeDegrees></Position></Trackpoint><Trackpoint><Time>2026-07-25T20:58:35.000Z</Time><Position><LatitudeDegrees>58.70687329484376</LatitudeDegrees><LongitudeDegrees>59.46033049968361</LongitudeDegrees></Position></Trackpoint><Trackpoint><Time>2026-07-25T20:58:36.000Z</Time><Position><LatitudeDegrees>58.7068850096895</LatitudeDegrees><LongitudeDegrees>59.46033062228979</LongitudeDegrees></Position></Trackpoint><Trackpoint><Time>2026-07-25T20:58:37.000Z</Time><Position><LatitudeDegrees>58.70689636371062</LatitudeDegrees><LongitudeDegrees>59.46032924769818</LongitudeDegrees></Position></Trackpoint><Trackpoint><Time>2026-07-25T20:58:38.000Z</Time><Position><LatitudeDegrees>58.70690709108194</LatitudeDegrees><LongitudeDegrees>59.460326943326734</LongitudeDegrees></Position></Trackpoint><Trackpoint><Time>2026-07-25T20:58:39.000Z</Time><Position><LatitudeDegrees>58.70691814197858</LatitudeDegrees><LongitudeDegrees>59.460325041414144</LongitudeDegrees></Position></Trackpoint><Trackpoint><Time>2026-07-25T20:58:40.000Z</Time><Position><LatitudeDegrees>58.70692937657975</LatitudeDegrees><LongitudeDegrees>59.4603225701339</LongitudeDegrees></Position></Trackpoint><Trackpoint><Time>2026-07-25T20:58:41.000Z</Time><Position><LatitudeDegrees>58.70694022411375</LatitudeDegrees><LongitudeDegrees>59.460319691943525</LongitudeDegrees></Position></Trackpoint><Trackpoint><Time>2026-07-25T20:58:42.000Z</Time><Position><LatitudeDegrees>58.706950499197255</LatitudeDegrees><LongitudeDegrees>59.46031652597475</LongitudeDegrees></Position></Trackpoint><Trackpoint><Time>2026-07-25T20:58:43.000Z</Time><Position><LatitudeDegrees>58.706960688567</LatitudeDegrees><LongitudeDegrees>59.46031266861529</LongitudeDegrees></Position></Trackpoint><Trackpoint><Time>2026-07-25T20:58:44.000Z</Time><Position><LatitudeDegrees>58.70697100367864</LatitudeDegrees><LongitudeDegrees>59.46030902160434</LongitudeDegrees></Position></Trackpoint><Trackpoint><Time>2026-07-25T20:58:45.000Z</Time><Position><LatitudeDegrees>58.70698151547787</LatitudeDegrees><LongitudeDegrees>59.46030592931026</LongitudeDegrees></Position></Trackpoint><Trackpoint><Time>2026-07-25T20:58:46.000Z</Time><Position><LatitudeDegrees>58.70699271754857</LatitudeDegrees><LongitudeDegrees>59.46030346235834</LongitudeDegrees></Position></Trackpoint><Trackpoint><Time>2026-07-25T20:58:47.000Z</Time><Position><LatitudeDegrees>58.70700472456975</LatitudeDegrees><LongitudeDegrees>59.46030205918334</LongitudeDegrees></Position></Trackpoint><Trackpoint><Time>2026-07-25T20:58:48.000Z</Time><Position><LatitudeDegrees>58.70701699084523</LatitudeDegrees><LongitudeDegrees>59.460302253423784</LongitudeDegrees></Position></Trackpoint><Trackpoint><Time>2026-07-25T20:58:49.000Z</Time><Position><LatitudeDegrees>58.707027789532404</LatitudeDegrees><LongitudeDegrees>59.460300632549604</LongitudeDegrees></Position></Trackpoint><Trackpoint><Time>2026-07-25T20:58:50.000Z</Time><Position><LatitudeDegrees>58.70703806665447</LatitudeDegrees><LongitudeDegrees>59.460297982576826</LongitudeDegrees></Position></Trackpoint><Trackpoint><Time>2026-07-25T20:58:51.000Z</Time><Position><LatitudeDegrees>58.70704827875743</LatitudeDegrees><LongitudeDegrees>59.460295248906924</LongitudeDegrees></Position></Trackpoint><Trackpoint><Time>2026-07-25T20:58:52.000Z</Time><Position><LatitudeDegrees>58.70705862220726</LatitudeDegrees><LongitudeDegrees>59.460290383577046</LongitudeDegrees></Position></Trackpoint><Trackpoint><Time>2026-07-25T20:58:53.000Z</Time><Position><LatitudeDegrees>58.707069650626465</LatitudeDegrees><LongitudeDegrees>59.460285754426856</LongitudeDegrees></Position></Trackpoint><Trackpoint><Time>2026-07-25T20:58:54.000Z</Time><Position><LatitudeDegrees>58.707081014489845</LatitudeDegrees><LongitudeDegrees>59.46028132707713</LongitudeDegrees></Position></Trackpoint><Trackpoint><Time>2026-07-25T20:58:55.000Z</Time><Position><LatitudeDegrees>58.7070920371869</LatitudeDegrees><LongitudeDegrees>59.46027950952168</LongitudeDegrees></Position></Trackpoint><Trackpoint><Time>2026-07-25T20:58:56.000Z</Time><Position><LatitudeDegrees>58.70710297346565</LatitudeDegrees><LongitudeDegrees>59.46027948965765</LongitudeDegrees></Position></Trackpoint><Trackpoint><Time>2026-07-25T20:58:57.000Z</Time><Position><LatitudeDegrees>58.70711442894213</LatitudeDegrees><LongitudeDegrees>59.46028070230304</LongitudeDegrees></Position></Trackpoint><Trackpoint><Time>2026-07-25T20:58:58.000Z</Time><Position><LatitudeDegrees>58.707126586390956</LatitudeDegrees><LongitudeDegrees>59.460282266895696</LongitudeDegrees></Position></Trackpoint><Trackpoint><Time>2026-07-25T20:58:59.000Z</Time><Position><LatitudeDegrees>58.70713943098773</LatitudeDegrees><LongitudeDegrees>59.46028328600826</LongitudeDegrees></Position></Trackpoint><Trackpoint><Time>2026-07-25T20:59:00.000Z</Time><Position><LatitudeDegrees>58.707152868432864</LatitudeDegrees><LongitudeDegrees>59.46028394967238</LongitudeDegrees></Position></Trackpoint><Trackpoint><Time>2026-07-25T20:59:01.000Z</Time><Position><LatitudeDegrees>58.70716629418884</LatitudeDegrees><LongitudeDegrees>59.46028438177069</LongitudeDegrees></Position></Trackpoint><Trackpoint><Time>2026-07-25T20:59:02.000Z</Time><Position><LatitudeDegrees>58.70717946078723</LatitudeDegrees><LongitudeDegrees>59.46028515265394</LongitudeDegrees></Position></Trackpoint><Trackpoint><Time>2026-07-25T20:59:03.000Z</Time><Position><LatitudeDegrees>58.70719180996416</LatitudeDegrees><LongitudeDegrees>59.46028645372903</LongitudeDegrees></Position></Trackpoint><Trackpoint><Time>2026-07-25T20:59:04.000Z</Time><Position><LatitudeDegrees>58.70720370633336</LatitudeDegrees><LongitudeDegrees>59.46028829577442</LongitudeDegrees></Position></Trackpoint><Trackpoint><Time>2026-07-25T20:59:05.000Z</Time><Position><LatitudeDegrees>58.7072148685615</LatitudeDegrees><LongitudeDegrees>59.46029110340691</LongitudeDegrees></Position></Trackpoint><Trackpoint><Time>2026-07-25T20:59:06.000Z</Time><Position><LatitudeDegrees>58.70722527501203</LatitudeDegrees><LongitudeDegrees>59.460294927566224</LongitudeDegrees></Position></Trackpoint><Trackpoint><Time>2026-07-25T20:59:07.000Z</Time><Position><LatitudeDegrees>58.70723550338782</LatitudeDegrees><LongitudeDegrees>59.46029916915075</LongitudeDegrees></Position></Trackpoint><Trackpoint><Time>2026-07-25T20:59:08.000Z</Time><Position><LatitudeDegrees>58.70724532485118</LatitudeDegrees><LongitudeDegrees>59.460303527854556</LongitudeDegrees></Position></Trackpoint><Trackpoint><Time>2026-07-25T20:59:09.000Z</Time><Position><LatitudeDegrees>58.707255676606955</LatitudeDegrees><LongitudeDegrees>59.4603083545802</LongitudeDegrees></Position></Trackpoint><Trackpoint><Time>2026-07-25T20:59:10.000Z</Time><Position><LatitudeDegrees>58.70726638695451</LatitudeDegrees><LongitudeDegrees>59.460314223381765</LongitudeDegrees></Position></Trackpoint><Trackpoint><Time>2026-07-25T20:59:11.000Z</Time><Position><LatitudeDegrees>58.70727733915707</LatitudeDegrees><LongitudeDegrees>59.46032074731439</LongitudeDegrees></Position></Trackpoint><Trackpoint><Time>2026-07-25T20:59:12.000Z</Time><Position><LatitudeDegrees>58.7072874748756</LatitudeDegrees><LongitudeDegrees>59.460326703714955</LongitudeDegrees></Position></Trackpoint><Trackpoint><Time>2026-07-25T20:59:13.000Z</Time><Position><LatitudeDegrees>58.7072974422665</LatitudeDegrees><LongitudeDegrees>59.46033264111313</LongitudeDegrees></Position></Trackpoint><Trackpoint><Time>2026-07-25T20:59:14.000Z</Time><Position><LatitudeDegrees>58.707307529866796</LatitudeDegrees><LongitudeDegrees>59.46033976707191</LongitudeDegrees></Position></Trackpoint><Trackpoint><Time>2026-07-25T20:59:15.000Z</Time><Position><LatitudeDegrees>58.70731833068758</LatitudeDegrees><LongitudeDegrees>59.46034891596664</LongitudeDegrees></Position></Trackpoint><Trackpoint><Time>2026-07-25T20:59:16.000Z</Time><Position><LatitudeDegrees>58.7073295077992</LatitudeDegrees><LongitudeDegrees>59.46035772372707</LongitudeDegrees></Position></Trackpoint><Trackpoint><Time>2026-07-25T20:59:17.000Z</Time><Position><LatitudeDegrees>58.707340384535826</LatitudeDegrees><LongitudeDegrees>59.46036575014492</LongitudeDegrees></Position></Trackpoint><Trackpoint><Time>2026-07-25T20:59:18.000Z</Time><Position><LatitudeDegrees>58.70735121038718</LatitudeDegrees><LongitudeDegrees>59.46037536226498</LongitudeDegrees></Position></Trackpoint><Trackpoint><Time>2026-07-25T20:59:19.000Z</Time><Position><LatitudeDegrees>58.707361605021894</LatitudeDegrees><LongitudeDegrees>59.460386352171504</LongitudeDegrees></Position></Trackpoint><Trackpoint><Time>2026-07-25T20:59:20.000Z</Time><Position><LatitudeDegrees>58.707371956763446</LatitudeDegrees><LongitudeDegrees>59.46039747817981</LongitudeDegrees></Position></Trackpoint><Trackpoint><Time>2026-07-25T20:59:21.000Z</Time><Position><LatitudeDegrees>58.70738194143104</LatitudeDegrees><LongitudeDegrees>59.46040870106491</LongitudeDegrees></Position></Trackpoint><Trackpoint><Time>2026-07-25T20:59:22.000Z</Time><Position><LatitudeDegrees>58.70739245185084</LatitudeDegrees><LongitudeDegrees>59.460419992238634</LongitudeDegrees></Position></Trackpoint><Trackpoint><Time>2026-07-25T20:59:23.000Z</Time><Position><LatitudeDegrees>58.70740329862833</LatitudeDegrees><LongitudeDegrees>59.46042986233085</LongitudeDegrees></Position></Trackpoint><Trackpoint><Time>2026-07-25T20:59:24.000Z</Time><Position><LatitudeDegrees>58.70741387098289</LatitudeDegrees><LongitudeDegrees>59.46043885958415</LongitudeDegrees></Position></Trackpoint><Trackpoint><Time>2026-07-25T20:59:25.000Z</Time><Position><LatitudeDegrees>58.70742346298586</LatitudeDegrees><LongitudeDegrees>59.46044879064254</LongitudeDegrees></Position></Trackpoint><Trackpoint><Time>2026-07-25T20:59:26.000Z</Time><Position><LatitudeDegrees>58.70743239934952</LatitudeDegrees><LongitudeDegrees>59.460460279689784</LongitudeDegrees></Position></Trackpoint><Trackpoint><Time>2026-07-25T20:59:27.000Z</Time><Position><LatitudeDegrees>58.70744089795156</LatitudeDegrees><LongitudeDegrees>59.46047191498821</LongitudeDegrees></Position></Trackpoint><Trackpoint><Time>2026-07-25T20:59:28.000Z</Time><Position><LatitudeDegrees>58.7074495943179</LatitudeDegrees><LongitudeDegrees>59.46048358597667</LongitudeDegrees></Position></Trackpoint><Trackpoint><Time>2026-07-25T20:59:29.000Z</Time><Position><LatitudeDegrees>58.70745872479658</LatitudeDegrees><LongitudeDegrees>59.46049426332039</LongitudeDegrees></Position></Trackpoint><Trackpoint><Time>2026-07-25T20:59:30.000Z</Time><Position><LatitudeDegrees>58.70746784139533</LatitudeDegrees><LongitudeDegrees>59.46050609869089</LongitudeDegrees></Position></Trackpoint><Trackpoint><Time>2026-07-25T20:59:31.000Z</Time><Position><LatitudeDegrees>58.70747725100806</LatitudeDegrees><LongitudeDegrees>59.46051836075541</LongitudeDegrees></Position></Trackpoint><Trackpoint><Time>2026-07-25T20:59:32.000Z</Time><Position><LatitudeDegrees>58.70748704241603</LatitudeDegrees><LongitudeDegrees>59.46053020395057</LongitudeDegrees></Position></Trackpoint><Trackpoint><Time>2026-07-25T20:59:33.000Z</Time><Position><LatitudeDegrees>58.70749720317947</LatitudeDegrees><LongitudeDegrees>59.460540844195805</LongitudeDegrees></Position></Trackpoint><Trackpoint><Time>2026-07-25T20:59:34.000Z</Time><Position><LatitudeDegrees>58.7075081703797</LatitudeDegrees><LongitudeDegrees>59.46055158180926</LongitudeDegrees></Position></Trackpoint><Trackpoint><Time>2026-07-25T20:59:35.000Z</Time><Position><LatitudeDegrees>58.707519041295164</LatitudeDegrees><LongitudeDegrees>59.46056293980824</LongitudeDegrees></Position></Trackpoint><Trackpoint><Time>2026-07-25T20:59:36.000Z</Time><Position><LatitudeDegrees>58.70752896690244</LatitudeDegrees><LongitudeDegrees>59.46057456435255</LongitudeDegrees></Position></Trackpoint><Trackpoint><Time>2026-07-25T20:59:37.000Z</Time><Position><LatitudeDegrees>58.70753722926361</LatitudeDegrees><LongitudeDegrees>59.46058774434016</LongitudeDegrees></Position></Trackpoint><Trackpoint><Time>2026-07-25T20:59:38.000Z</Time><Position><LatitudeDegrees>58.70754423579364</LatitudeDegrees><LongitudeDegrees>59.460602321332836</LongitudeDegrees></Position></Trackpoint><Trackpoint><Time>2026-07-25T20:59:39.000Z</Time><Position><LatitudeDegrees>58.70755031546363</LatitudeDegrees><LongitudeDegrees>59.46061805077693</LongitudeDegrees></Position></Trackpoint><Trackpoint><Time>2026-07-25T20:59:40.000Z</Time><Position><LatitudeDegrees>58.70755670193716</LatitudeDegrees><LongitudeDegrees>59.460634194431094</LongitudeDegrees></Position></Trackpoint><Trackpoint><Time>2026-07-25T20:59:41.000Z</Time><Position><LatitudeDegrees>58.70756386390026</LatitudeDegrees><LongitudeDegrees>59.46065039509968</LongitudeDegrees></Position></Trackpoint><Trackpoint><Time>2026-07-25T20:59:42.000Z</Time><Position><LatitudeDegrees>58.70757238445119</LatitudeDegrees><LongitudeDegrees>59.46066551913865</LongitudeDegrees></Position></Trackpoint><Trackpoint><Time>2026-07-25T20:59:43.000Z</Time><Position><LatitudeDegrees>58.707581350135314</LatitudeDegrees><LongitudeDegrees>59.46067972747</LongitudeDegrees></Position></Trackpoint><Trackpoint><Time>2026-07-25T20:59:44.000Z</Time><Position><LatitudeDegrees>58.70759032762939</LatitudeDegrees><LongitudeDegrees>59.460694672728316</LongitudeDegrees></Position></Trackpoint><Trackpoint><Time>2026-07-25T20:59:45.000Z</Time><Position><LatitudeDegrees>58.70759913696065</LatitudeDegrees><LongitudeDegrees>59.46070996171892</LongitudeDegrees></Position></Trackpoint><Trackpoint><Time>2026-07-25T20:59:46.000Z</Time><Position><LatitudeDegrees>58.707607235983154</LatitudeDegrees><LongitudeDegrees>59.46072538839362</LongitudeDegrees></Position></Trackpoint><Trackpoint><Time>2026-07-25T20:59:47.000Z</Time><Position><LatitudeDegrees>58.70761449259017</LatitudeDegrees><LongitudeDegrees>59.46074085022336</LongitudeDegrees></Position></Trackpoint><Trackpoint><Time>2026-07-25T20:59:48.000Z</Time><Position><LatitudeDegrees>58.70762096049848</LatitudeDegrees><LongitudeDegrees>59.460756300471154</LongitudeDegrees></Position></Trackpoint><Trackpoint><Time>2026-07-25T20:59:49.000Z</Time><Position><LatitudeDegrees>58.70762725266937</LatitudeDegrees><LongitudeDegrees>59.46077172137567</LongitudeDegrees></Position></Trackpoint><Trackpoint><Time>2026-07-25T20:59:50.000Z</Time><Position><LatitudeDegrees>58.70763217526449</LatitudeDegrees><LongitudeDegrees>59.46078955744148</LongitudeDegrees></Position></Trackpoint><Trackpoint><Time>2026-07-25T20:59:51.000Z</Time><Position><LatitudeDegrees>58.707637370846875</LatitudeDegrees><LongitudeDegrees>59.46081001580415</LongitudeDegrees></Position></Trackpoint><Trackpoint><Time>2026-07-25T20:59:52.000Z</Time><Position><LatitudeDegrees>58.707643480841234</LatitudeDegrees><LongitudeDegrees>59.460830886758714</LongitudeDegrees></Position></Trackpoint><Trackpoint><Time>2026-07-25T20:59:53.000Z</Time><Position><LatitudeDegrees>58.70765016243365</LatitudeDegrees><LongitudeDegrees>59.46085218654067</LongitudeDegrees></Position></Trackpoint><Trackpoint><Time>2026-07-25T20:59:54.000Z</Time><Position><LatitudeDegrees>58.70765720107818</LatitudeDegrees><LongitudeDegrees>59.460873377186374</LongitudeDegrees></Position></Trackpoint><Trackpoint><Time>2026-07-25T20:59:55.000Z</Time><Position><LatitudeDegrees>58.707664462590536</LatitudeDegrees><LongitudeDegrees>59.46089376154131</LongitudeDegrees></Position></Trackpoint><Trackpoint><Time>2026-07-25T20:59:56.000Z</Time><Position><LatitudeDegrees>58.70767186310442</LatitudeDegrees><LongitudeDegrees>59.460913645590814</LongitudeDegrees></Position></Trackpoint><Trackpoint><Time>2026-07-25T20:59:57.000Z</Time><Position><LatitudeDegrees>58.707679839850876</LatitudeDegrees><LongitudeDegrees>59.46093175073145</LongitudeDegrees></Position></Trackpoint><Trackpoint><Time>2026-07-25T20:59:58.000Z</Time><Position><LatitudeDegrees>58.70768849893764</LatitudeDegrees><LongitudeDegrees>59.46094924754379</LongitudeDegrees></Position></Trackpoint><Trackpoint><Time>2026-07-25T20:59:59.000Z</Time><Position><LatitudeDegrees>58.70769779648608</LatitudeDegrees><LongitudeDegrees>59.46096620657935</LongitudeDegrees></Position></Trackpoint><Trackpoint><Time>2026-07-25T21:00:00.000Z</Time><Position><LatitudeDegrees>58.70770763247992</LatitudeDegrees><LongitudeDegrees>59.460982236305824</LongitudeDegrees></Position></Trackpoint><Trackpoint><Time>2026-07-25T21:00:01.000Z</Time><Position><LatitudeDegrees>58.707717407009845</LatitudeDegrees><LongitudeDegrees>59.46099778436317</LongitudeDegrees></Position></Trackpoint><Trackpoint><Time>2026-07-25T21:00:02.000Z</Time><Position><LatitudeDegrees>58.70772590168077</LatitudeDegrees><LongitudeDegrees>59.46101358653659</LongitudeDegrees></Position></Trackpoint><Trackpoint><Time>2026-07-25T21:00:03.000Z</Time><Position><LatitudeDegrees>58.70773326859553</LatitudeDegrees><LongitudeDegrees>59.46103089245277</LongitudeDegrees></Position></Trackpoint><Trackpoint><Time>2026-07-25T21:00:04.000Z</Time><Position><LatitudeDegrees>58.707739715140974</LatitudeDegrees><LongitudeDegrees>59.461048554914704</LongitudeDegrees></Position></Trackpoint><Trackpoint><Time>2026-07-25T21:00:05.000Z</Time><Position><LatitudeDegrees>58.707745444853906</LatitudeDegrees><LongitudeDegrees>59.46106556609568</LongitudeDegrees></Position></Trackpoint><Trackpoint><Time>2026-07-25T21:00:06.000Z</Time><Position><LatitudeDegrees>58.70775014395132</LatitudeDegrees><LongitudeDegrees>59.46108355297243</LongitudeDegrees></Position></Trackpoint><Trackpoint><Time>2026-07-25T21:00:07.000Z</Time><Position><LatitudeDegrees>58.707753815484864</LatitudeDegrees><LongitudeDegrees>59.461102570748565</LongitudeDegrees></Position></Trackpoint><Trackpoint><Time>2026-07-25T21:00:08.000Z</Time><Position><LatitudeDegrees>58.70775708220818</LatitudeDegrees><LongitudeDegrees>59.46112202023376</LongitudeDegrees></Position></Trackpoint><Trackpoint><Time>2026-07-25T21:00:09.000Z</Time><Position><LatitudeDegrees>58.707760742159394</LatitudeDegrees><LongitudeDegrees>59.46114110964164</LongitudeDegrees></Position></Trackpoint><Trackpoint><Time>2026-07-25T21:00:10.000Z</Time><Position><LatitudeDegrees>58.70776507352701</LatitudeDegrees><LongitudeDegrees>59.46115906949292</LongitudeDegrees></Position></Trackpoint><Trackpoint><Time>2026-07-25T21:00:11.000Z</Time><Position><LatitudeDegrees>58.70777010470305</LatitudeDegrees><LongitudeDegrees>59.461176217477885</LongitudeDegrees></Position></Trackpoint><Trackpoint><Time>2026-07-25T21:00:12.000Z</Time><Position><LatitudeDegrees>58.70777575756095</LatitudeDegrees><LongitudeDegrees>59.46119425746565</LongitudeDegrees></Position></Trackpoint><Trackpoint><Time>2026-07-25T21:00:13.000Z</Time><Position><LatitudeDegrees>58.707782409744276</LatitudeDegrees><LongitudeDegrees>59.46121279745789</LongitudeDegrees></Position></Trackpoint><Trackpoint><Time>2026-07-25T21:00:14.000Z</Time><Position><LatitudeDegrees>58.70778959890671</LatitudeDegrees><LongitudeDegrees>59.461232101452424</LongitudeDegrees></Position></Trackpoint><Trackpoint><Time>2026-07-25T21:00:15.000Z</Time><Position><LatitudeDegrees>58.707796576107555</LatitudeDegrees><LongitudeDegrees>59.46125218011382</LongitudeDegrees></Position></Trackpoint><Trackpoint><Time>2026-07-25T21:00:16.000Z</Time><Position><LatitudeDegrees>58.70780354972362</LatitudeDegrees><LongitudeDegrees>59.461271959185545</LongitudeDegrees></Position></Trackpoint><Trackpoint><Time>2026-07-25T21:00:17.000Z</Time><Position><LatitudeDegrees>58.70780962681029</LatitudeDegrees><LongitudeDegrees>59.461292503536676</LongitudeDegrees></Position></Trackpoint><Trackpoint><Time>2026-07-25T21:00:18.000Z</Time><Position><LatitudeDegrees>58.70781455469138</LatitudeDegrees><LongitudeDegrees>59.461313663882734</LongitudeDegrees></Position></Trackpoint><Trackpoint><Time>2026-07-25T21:00:19.000Z</Time><Position><LatitudeDegrees>58.707819356026455</LatitudeDegrees><LongitudeDegrees>59.46133481007075</LongitudeDegrees></Position></Trackpoint><Trackpoint><Time>2026-07-25T21:00:20.000Z</Time><Position><LatitudeDegrees>58.70782348900157</LatitudeDegrees><LongitudeDegrees>59.4613556843999</LongitudeDegrees></Position></Trackpoint><Trackpoint><Time>2026-07-25T21:00:21.000Z</Time><Position><LatitudeDegrees>58.70782730587329</LatitudeDegrees><LongitudeDegrees>59.461376215633045</LongitudeDegrees></Position></Trackpoint><Trackpoint><Time>2026-07-25T21:00:22.000Z</Time><Position><LatitudeDegrees>58.707830502673374</LatitudeDegrees><LongitudeDegrees>59.46139641846822</LongitudeDegrees></Position></Trackpoint><Trackpoint><Time>2026-07-25T21:00:23.000Z</Time><Position><LatitudeDegrees>58.707833523413456</LatitudeDegrees><LongitudeDegrees>59.46141634110794</LongitudeDegrees></Position></Trackpoint><Trackpoint><Time>2026-07-25T21:00:24.000Z</Time><Position><LatitudeDegrees>58.70783706315998</LatitudeDegrees><LongitudeDegrees>59.461436528976904</LongitudeDegrees></Position></Trackpoint><Trackpoint><Time>2026-07-25T21:00:25.000Z</Time><Position><LatitudeDegrees>58.70784085194017</LatitudeDegrees><LongitudeDegrees>59.461456683046784</LongitudeDegrees></Position></Trackpoint><Trackpoint><Time>2026-07-25T21:00:26.000Z</Time><Position><LatitudeDegrees>58.70784523621777</LatitudeDegrees><LongitudeDegrees>59.46147717411643</LongitudeDegrees></Position></Trackpoint><Trackpoint><Time>2026-07-25T21:00:27.000Z</Time><Position><LatitudeDegrees>58.70784979263629</LatitudeDegrees><LongitudeDegrees>59.46149713241853</LongitudeDegrees></Position></Trackpoint><Trackpoint><Time>2026-07-25T21:00:28.000Z</Time><Position><LatitudeDegrees>58.707853835138756</LatitudeDegrees><LongitudeDegrees>59.4615162681338</LongitudeDegrees></Position></Trackpoint><Trackpoint><Time>2026-07-25T21:00:29.000Z</Time><Position><LatitudeDegrees>58.70785714714439</LatitudeDegrees><LongitudeDegrees>59.46153505709339</LongitudeDegrees></Position></Trackpoint><Trackpoint><Time>2026-07-25T21:00:30.000Z</Time><Position><LatitudeDegrees>58.70786071243739</LatitudeDegrees><LongitudeDegrees>59.4615532501554</LongitudeDegrees></Position></Trackpoint><Trackpoint><Time>2026-07-25T21:00:31.000Z</Time><Position><LatitudeDegrees>58.70786441405323</LatitudeDegrees><LongitudeDegrees>59.46157229002927</LongitudeDegrees></Position></Trackpoint><Trackpoint><Time>2026-07-25T21:00:32.000Z</Time><Position><LatitudeDegrees>58.7078681863252</LatitudeDegrees><LongitudeDegrees>59.461592172573226</LongitudeDegrees></Position></Trackpoint><Trackpoint><Time>2026-07-25T21:00:33.000Z</Time><Position><LatitudeDegrees>58.70787248275156</LatitudeDegrees><LongitudeDegrees>59.46161278792612</LongitudeDegrees></Position></Trackpoint><Trackpoint><Time>2026-07-25T21:00:34.000Z</Time><Position><LatitudeDegrees>58.70787693321298</LatitudeDegrees><LongitudeDegrees>59.461633996788564</LongitudeDegrees></Position></Trackpoint><Trackpoint><Time>2026-07-25T21:00:35.000Z</Time><Position><LatitudeDegrees>58.70788087590118</LatitudeDegrees><LongitudeDegrees>59.46165566561635</LongitudeDegrees></Position></Trackpoint><Trackpoint><Time>2026-07-25T21:00:36.000Z</Time><Position><LatitudeDegrees>58.70788410343338</LatitudeDegrees><LongitudeDegrees>59.46167768037568</LongitudeDegrees></Position></Trackpoint><Trackpoint><Time>2026-07-25T21:00:37.000Z</Time><Position><LatitudeDegrees>58.707885642970375</LatitudeDegrees><LongitudeDegrees>59.461699949703835</LongitudeDegrees></Position></Trackpoint><Trackpoint><Time>2026-07-25T21:00:38.000Z</Time><Position><LatitudeDegrees>58.7078858001268</LatitudeDegrees><LongitudeDegrees>59.461722892911695</LongitudeDegrees></Position></Trackpoint><Trackpoint><Time>2026-07-25T21:00:39.000Z</Time><Position><LatitudeDegrees>58.7078848781914</LatitudeDegrees><LongitudeDegrees>59.46174610658341</LongitudeDegrees></Position></Trackpoint><Trackpoint><Time>2026-07-25T21:00:40.000Z</Time><Position><LatitudeDegrees>58.70788411978963</LatitudeDegrees><LongitudeDegrees>59.46176938986526</LongitudeDegrees></Position></Trackpoint><Trackpoint><Time>2026-07-25T21:00:41.000Z</Time><Position><LatitudeDegrees>58.70788352607618</LatitudeDegrees><LongitudeDegrees>59.461792651104616</LongitudeDegrees></Position></Trackpoint><Trackpoint><Time>2026-07-25T21:00:42.000Z</Time><Position><LatitudeDegrees>58.70788258677848</LatitudeDegrees><LongitudeDegrees>59.46181536577438</LongitudeDegrees></Position></Trackpoint><Trackpoint><Time>2026-07-25T21:00:43.000Z</Time><Position><LatitudeDegrees>58.70788211532572</LatitudeDegrees><LongitudeDegrees>59.461837877618784</LongitudeDegrees></Position></Trackpoint><Trackpoint><Time>2026-07-25T21:00:44.000Z</Time><Position><LatitudeDegrees>58.70788189705735</LatitudeDegrees><LongitudeDegrees>59.46186084384614</LongitudeDegrees></Position></Trackpoint><Trackpoint><Time>2026-07-25T21:00:45.000Z</Time><Position><LatitudeDegrees>58.707882300683785</LatitudeDegrees><LongitudeDegrees>59.46188398718674</LongitudeDegrees></Position></Trackpoint><Trackpoint><Time>2026-07-25T21:00:46.000Z</Time><Position><LatitudeDegrees>58.70788290862241</LatitudeDegrees><LongitudeDegrees>59.46190717071947</LongitudeDegrees></Position></Trackpoint><Trackpoint><Time>2026-07-25T21:00:47.000Z</Time><Position><LatitudeDegrees>58.707883522675594</LatitudeDegrees><LongitudeDegrees>59.46192984328643</LongitudeDegrees></Position></Trackpoint><Trackpoint><Time>2026-07-25T21:00:48.000Z</Time><Position><LatitudeDegrees>58.70788455004478</LatitudeDegrees><LongitudeDegrees>59.4619523330947</LongitudeDegrees></Position></Trackpoint><Trackpoint><Time>2026-07-25T21:00:49.000Z</Time><Position><LatitudeDegrees>58.707886105380624</LatitudeDegrees><LongitudeDegrees>59.46197479876773</LongitudeDegrees></Position></Trackpoint><Trackpoint><Time>2026-07-25T21:00:50.000Z</Time><Position><LatitudeDegrees>58.707887678525736</LatitudeDegrees><LongitudeDegrees>59.46199730872965</LongitudeDegrees></Position></Trackpoint><Trackpoint><Time>2026-07-25T21:00:51.000Z</Time><Position><LatitudeDegrees>58.70788905709451</LatitudeDegrees><LongitudeDegrees>59.46201939586477</LongitudeDegrees></Position></Trackpoint><Trackpoint><Time>2026-07-25T21:00:52.000Z</Time><Position><LatitudeDegrees>58.70789066820367</LatitudeDegrees><LongitudeDegrees>59.462041411679074</LongitudeDegrees></Position></Trackpoint><Trackpoint><Time>2026-07-25T21:00:53.000Z</Time><Position><LatitudeDegrees>58.70789314751852</LatitudeDegrees><LongitudeDegrees>59.46206302047775</LongitudeDegrees></Position></Trackpoint><Trackpoint><Time>2026-07-25T21:00:54.000Z</Time><Position><LatitudeDegrees>58.70789566617312</LatitudeDegrees><LongitudeDegrees>59.46208364663969</LongitudeDegrees></Position></Trackpoint><Trackpoint><Time>2026-07-25T21:00:55.000Z</Time><Position><LatitudeDegrees>58.70789787776364</LatitudeDegrees><LongitudeDegrees>59.462103668835496</LongitudeDegrees></Position></Trackpoint><Trackpoint><Time>2026-07-25T21:00:56.000Z</Time><Position><LatitudeDegrees>58.707899679040636</LatitudeDegrees><LongitudeDegrees>59.4621238101431</LongitudeDegrees></Position></Trackpoint><Trackpoint><Time>2026-07-25T21:00:57.000Z</Time><Position><LatitudeDegrees>58.70790059053505</LatitudeDegrees><LongitudeDegrees>59.46214533228353</LongitudeDegrees></Position></Trackpoint><Trackpoint><Time>2026-07-25T21:00:58.000Z</Time><Position><LatitudeDegrees>58.707901018598385</LatitudeDegrees><LongitudeDegrees>59.462167598426525</LongitudeDegrees></Position></Trackpoint><Trackpoint><Time>2026-07-25T21:00:59.000Z</Time><Position><LatitudeDegrees>58.70790119262741</LatitudeDegrees><LongitudeDegrees>59.46218927159133</LongitudeDegrees></Position></Trackpoint><Trackpoint><Time>2026-07-25T21:01:00.000Z</Time><Position><LatitudeDegrees>58.70790123970027</LatitudeDegrees><LongitudeDegrees>59.462211346104375</LongitudeDegrees></Position></Trackpoint><Trackpoint><Time>2026-07-25T21:01:01.000Z</Time><Position><LatitudeDegrees>58.707901228446616</LatitudeDegrees><LongitudeDegrees>59.46223417995002</LongitudeDegrees></Position></Trackpoint><Trackpoint><Time>2026-07-25T21:01:02.000Z</Time><Position><LatitudeDegrees>58.70790119461655</LatitudeDegrees><LongitudeDegrees>59.462256354267105</LongitudeDegrees></Position></Trackpoint><Trackpoint><Time>2026-07-25T21:01:03.000Z</Time><Position><LatitudeDegrees>58.7079011558308</LatitudeDegrees><LongitudeDegrees>59.46227687976016</LongitudeDegrees></Position></Trackpoint><Trackpoint><Time>2026-07-25T21:01:04.000Z</Time><Position><LatitudeDegrees>58.707901119982225</LatitudeDegrees><LongitudeDegrees>59.46229702946025</LongitudeDegrees></Position></Trackpoint><Trackpoint><Time>2026-07-25T21:01:05.000Z</Time><Position><LatitudeDegrees>58.70790108994439</LatitudeDegrees><LongitudeDegrees>59.46231737587648</LongitudeDegrees></Position></Trackpoint><Trackpoint><Time>2026-07-25T21:01:06.000Z</Time><Position><LatitudeDegrees>58.707901066154925</LatitudeDegrees><LongitudeDegrees>59.46233763992835</LongitudeDegrees></Position></Trackpoint><Trackpoint><Time>2026-07-25T21:01:07.000Z</Time><Position><LatitudeDegrees>58.70790104799209</LatitudeDegrees><LongitudeDegrees>59.462357717252544</LongitudeDegrees></Position></Trackpoint><Trackpoint><Time>2026-07-25T21:01:08.000Z</Time><Position><LatitudeDegrees>58.70790054486704</LatitudeDegrees><LongitudeDegrees>59.4623780784456</LongitudeDegrees></Position></Trackpoint><Trackpoint><Time>2026-07-25T21:01:09.000Z</Time><Position><LatitudeDegrees>58.70789990659371</LatitudeDegrees><LongitudeDegrees>59.462398880880734</LongitudeDegrees></Position></Trackpoint><Trackpoint><Time>2026-07-25T21:01:10.000Z</Time><Position><LatitudeDegrees>58.707898804972615</LatitudeDegrees><LongitudeDegrees>59.462420622347345</LongitudeDegrees></Position></Trackpoint><Trackpoint><Time>2026-07-25T21:01:11.000Z</Time><Position><LatitudeDegrees>58.70789765392085</LatitudeDegrees><LongitudeDegrees>59.462443876939055</LongitudeDegrees></Position></Trackpoint><Trackpoint><Time>2026-07-25T21:01:12.000Z</Time><Position><LatitudeDegrees>58.70789663024765</LatitudeDegrees><LongitudeDegrees>59.46246770765822</LongitudeDegrees></Position></Trackpoint><Trackpoint><Time>2026-07-25T21:01:13.000Z</Time><Position><LatitudeDegrees>58.70789579042009</LatitudeDegrees><LongitudeDegrees>59.46249116506225</LongitudeDegrees></Position></Trackpoint><Trackpoint><Time>2026-07-25T21:01:14.000Z</Time><Position><LatitudeDegrees>58.707895134096894</LatitudeDegrees><LongitudeDegrees>59.46251341644283</LongitudeDegrees></Position></Trackpoint><Trackpoint><Time>2026-07-25T21:01:15.000Z</Time><Position><LatitudeDegrees>58.70789512719562</LatitudeDegrees><LongitudeDegrees>59.46253427365421</LongitudeDegrees></Position></Trackpoint><Trackpoint><Time>2026-07-25T21:01:16.000Z</Time><Position><LatitudeDegrees>58.70789587824434</LatitudeDegrees><LongitudeDegrees>59.4625543277618</LongitudeDegrees></Position></Trackpoint><Trackpoint><Time>2026-07-25T21:01:17.000Z</Time><Position><LatitudeDegrees>58.70789684504617</LatitudeDegrees><LongitudeDegrees>59.46257490448446</LongitudeDegrees></Position></Trackpoint><Trackpoint><Time>2026-07-25T21:01:18.000Z</Time><Position><LatitudeDegrees>58.70789777661478</LatitudeDegrees><LongitudeDegrees>59.46259550349933</LongitudeDegrees></Position></Trackpoint><Trackpoint><Time>2026-07-25T21:01:19.000Z</Time><Position><LatitudeDegrees>58.70789857410775</LatitudeDegrees><LongitudeDegrees>59.46261591589559</LongitudeDegrees></Position></Trackpoint><Trackpoint><Time>2026-07-25T21:01:20.000Z</Time><Position><LatitudeDegrees>58.70789970363751</LatitudeDegrees><LongitudeDegrees>59.46263705881026</LongitudeDegrees></Position></Trackpoint><Trackpoint><Time>2026-07-25T21:01:21.000Z</Time><Position><LatitudeDegrees>58.70790082493765</LatitudeDegrees><LongitudeDegrees>59.46265872657939</LongitudeDegrees></Position></Trackpoint><Trackpoint><Time>2026-07-25T21:01:22.000Z</Time><Position><LatitudeDegrees>58.70790179893139</LatitudeDegrees><LongitudeDegrees>59.462681256750066</LongitudeDegrees></Position></Trackpoint><Trackpoint><Time>2026-07-25T21:01:23.000Z</Time><Position><LatitudeDegrees>58.7079020976382</LatitudeDegrees><LongitudeDegrees>59.462704677647494</LongitudeDegrees></Position></Trackpoint><Trackpoint><Time>2026-07-25T21:01:24.000Z</Time><Position><LatitudeDegrees>58.70790207990076</LatitudeDegrees><LongitudeDegrees>59.462727907392264</LongitudeDegrees></Position></Trackpoint><Trackpoint><Time>2026-07-25T21:01:25.000Z</Time><Position><LatitudeDegrees>58.70790144450699</LatitudeDegrees><LongitudeDegrees>59.46275101457513</LongitudeDegrees></Position></Trackpoint><Trackpoint><Time>2026-07-25T21:01:26.000Z</Time><Position><LatitudeDegrees>58.707900636293566</LatitudeDegrees><LongitudeDegrees>59.462773553564084</LongitudeDegrees></Position></Trackpoint><Trackpoint><Time>2026-07-25T21:01:27.000Z</Time><Position><LatitudeDegrees>58.70789986064022</LatitudeDegrees><LongitudeDegrees>59.462795903370434</LongitudeDegrees></Position></Trackpoint><Trackpoint><Time>2026-07-25T21:01:28.000Z</Time><Position><LatitudeDegrees>58.70789919795013</LatitudeDegrees><LongitudeDegrees>59.46281775475436</LongitudeDegrees></Position></Trackpoint><Trackpoint><Time>2026-07-25T21:01:29.000Z</Time><Position><LatitudeDegrees>58.707898666837345</LatitudeDegrees><LongitudeDegrees>59.46283953394299</LongitudeDegrees></Position></Trackpoint><Trackpoint><Time>2026-07-25T21:01:30.000Z</Time><Position><LatitudeDegrees>58.70789825808001</LatitudeDegrees><LongitudeDegrees>59.462861915347624</LongitudeDegrees></Position></Trackpoint><Trackpoint><Time>2026-07-25T21:01:31.000Z</Time><Position><LatitudeDegrees>58.707897952176104</LatitudeDegrees><LongitudeDegrees>59.46288509941983</LongitudeDegrees></Position></Trackpoint><Trackpoint><Time>2026-07-25T21:01:32.000Z</Time><Position><LatitudeDegrees>58.707897727892984</LatitudeDegrees><LongitudeDegrees>59.462909065691065</LongitudeDegrees></Position></Trackpoint><Trackpoint><Time>2026-07-25T21:01:33.000Z</Time><Position><LatitudeDegrees>58.707897076399796</LatitudeDegrees><LongitudeDegrees>59.46293272611641</LongitudeDegrees></Position></Trackpoint><Trackpoint><Time>2026-07-25T21:01:34.000Z</Time><Position><LatitudeDegrees>58.70789682219605</LatitudeDegrees><LongitudeDegrees>59.46295665107878</LongitudeDegrees></Position></Trackpoint><Trackpoint><Time>2026-07-25T21:01:35.000Z</Time><Position><LatitudeDegrees>58.707896764236</LatitudeDegrees><LongitudeDegrees>59.462980551917326</LongitudeDegrees></Position></Trackpoint><Trackpoint><Time>2026-07-25T21:01:36.000Z</Time><Position><LatitudeDegrees>58.70789679453473</LatitudeDegrees><LongitudeDegrees>59.46300431284815</LongitudeDegrees></Position></Trackpoint><Trackpoint><Time>2026-07-25T21:01:37.000Z</Time><Position><LatitudeDegrees>58.70789685729259</LatitudeDegrees><LongitudeDegrees>59.463027414533904</LongitudeDegrees></Position></Trackpoint><Trackpoint><Time>2026-07-25T21:01:38.000Z</Time><Position><LatitudeDegrees>58.70789790458455</LatitudeDegrees><LongitudeDegrees>59.46304923809664</LongitudeDegrees></Position></Trackpoint><Trackpoint><Time>2026-07-25T21:01:39.000Z</Time><Position><LatitudeDegrees>58.707899222922144</LatitudeDegrees><LongitudeDegrees>59.46306920309631</LongitudeDegrees></Position></Trackpoint><Trackpoint><Time>2026-07-25T21:01:40.000Z</Time><Position><LatitudeDegrees>58.70790097328936</LatitudeDegrees><LongitudeDegrees>59.463088288253346</LongitudeDegrees></Position></Trackpoint><Trackpoint><Time>2026-07-25T21:01:41.000Z</Time><Position><LatitudeDegrees>58.70790316653442</LatitudeDegrees><LongitudeDegrees>59.46310651995331</LongitudeDegrees></Position></Trackpoint><Trackpoint><Time>2026-07-25T21:01:42.000Z</Time><Position><LatitudeDegrees>58.70790477106104</LatitudeDegrees><LongitudeDegrees>59.46312450821319</LongitudeDegrees></Position></Trackpoint><Trackpoint><Time>2026-07-25T21:01:43.000Z</Time><Position><LatitudeDegrees>58.70790592719521</LatitudeDegrees><LongitudeDegrees>59.46314302511413</LongitudeDegrees></Position></Trackpoint><Trackpoint><Time>2026-07-25T21:01:44.000Z</Time><Position><LatitudeDegrees>58.70790723988897</LatitudeDegrees><LongitudeDegrees>59.463161831163966</LongitudeDegrees></Position></Trackpoint><Trackpoint><Time>2026-07-25T21:01:45.000Z</Time><Position><LatitudeDegrees>58.70790844857693</LatitudeDegrees><LongitudeDegrees>59.46318128023066</LongitudeDegrees></Position></Trackpoint><Trackpoint><Time>2026-07-25T21:01:46.000Z</Time><Position><LatitudeDegrees>58.70790994890918</LatitudeDegrees><LongitudeDegrees>59.46320094590796</LongitudeDegrees></Position></Trackpoint><Trackpoint><Time>2026-07-25T21:01:47.000Z</Time><Position><LatitudeDegrees>58.70791186639553</LatitudeDegrees><LongitudeDegrees>59.46322062478591</LongitudeDegrees></Position></Trackpoint><Trackpoint><Time>2026-07-25T21:01:48.000Z</Time><Position><LatitudeDegrees>58.70791321996275</LatitudeDegrees><LongitudeDegrees>59.463241700231094</LongitudeDegrees></Position></Trackpoint><Trackpoint><Time>2026-07-25T21:01:49.000Z</Time><Position><LatitudeDegrees>58.707914167560965</LatitudeDegrees><LongitudeDegrees>59.46326358349147</LongitudeDegrees></Position></Trackpoint><Trackpoint><Time>2026-07-25T21:01:50.000Z</Time><Position><LatitudeDegrees>58.70791433673419</LatitudeDegrees><LongitudeDegrees>59.46328592841745</LongitudeDegrees></Position></Trackpoint><Trackpoint><Time>2026-07-25T21:01:51.000Z</Time><Position><LatitudeDegrees>58.707913674002306</LatitudeDegrees><LongitudeDegrees>59.46330853319901</LongitudeDegrees></Position></Trackpoint><Trackpoint><Time>2026-07-25T21:01:52.000Z</Time><Position><LatitudeDegrees>58.707912753724784</LatitudeDegrees><LongitudeDegrees>59.46333128137199</LongitudeDegrees></Position></Trackpoint><Trackpoint><Time>2026-07-25T21:01:53.000Z</Time><Position><LatitudeDegrees>58.707911845497605</LatitudeDegrees><LongitudeDegrees>59.46335361695787</LongitudeDegrees></Position></Trackpoint><Trackpoint><Time>2026-07-25T21:01:54.000Z</Time><Position><LatitudeDegrees>58.70791105880274</LatitudeDegrees><LongitudeDegrees>59.46337536394108</LongitudeDegrees></Position></Trackpoint><Trackpoint><Time>2026-07-25T21:01:55.000Z</Time><Position><LatitudeDegrees>58.707909933519424</LatitudeDegrees><LongitudeDegrees>59.46339603576819</LongitudeDegrees></Position></Trackpoint><Trackpoint><Time>2026-07-25T21:01:56.000Z</Time><Position><LatitudeDegrees>58.707908813222495</LatitudeDegrees><LongitudeDegrees>59.46341654927616</LongitudeDegrees></Position></Trackpoint><Trackpoint><Time>2026-07-25T21:01:57.000Z</Time><Position><LatitudeDegrees>58.70790783876754</LatitudeDegrees><LongitudeDegrees>59.46343632314782</LongitudeDegrees></Position></Trackpoint><Trackpoint><Time>2026-07-25T21:01:58.000Z</Time><Position><LatitudeDegrees>58.70790607022376</LatitudeDegrees><LongitudeDegrees>59.46345668174042</LongitudeDegrees></Position></Trackpoint><Trackpoint><Time>2026-07-25T21:01:59.000Z</Time><Position><LatitudeDegrees>58.70790371202701</LatitudeDegrees><LongitudeDegrees>59.46347809542039</LongitudeDegrees></Position></Trackpoint><Trackpoint><Time>2026-07-25T21:02:00.000Z</Time><Position><LatitudeDegrees>58.70790141366249</LatitudeDegrees><LongitudeDegrees>59.4634991536496</LongitudeDegrees></Position></Trackpoint><Trackpoint><Time>2026-07-25T21:02:01.000Z</Time><Position><LatitudeDegrees>58.7078999245411</LatitudeDegrees><LongitudeDegrees>59.4635203003642</LongitudeDegrees></Position></Trackpoint><Trackpoint><Time>2026-07-25T21:02:02.000Z</Time><Position><LatitudeDegrees>58.70789944943012</LatitudeDegrees><LongitudeDegrees>59.46354121742433</LongitudeDegrees></Position></Trackpoint><Trackpoint><Time>2026-07-25T21:02:03.000Z</Time><Position><LatitudeDegrees>58.70789945290221</LatitudeDegrees><LongitudeDegrees>59.4635622928958</LongitudeDegrees></Position></Trackpoint><Trackpoint><Time>2026-07-25T21:02:04.000Z</Time><Position><LatitudeDegrees>58.70789965302514</LatitudeDegrees><LongitudeDegrees>59.46358415587582</LongitudeDegrees></Position></Trackpoint><Trackpoint><Time>2026-07-25T21:02:05.000Z</Time><Position><LatitudeDegrees>58.70789990844995</LatitudeDegrees><LongitudeDegrees>59.46360696437207</LongitudeDegrees></Position></Trackpoint><Trackpoint><Time>2026-07-25T21:02:06.000Z</Time><Position><LatitudeDegrees>58.70790064347717</LatitudeDegrees><LongitudeDegrees>59.46363017249118</LongitudeDegrees></Position></Trackpoint><Trackpoint><Time>2026-07-25T21:02:07.000Z</Time><Position><LatitudeDegrees>58.707901971291626</LatitudeDegrees><LongitudeDegrees>59.463652035293215</LongitudeDegrees></Position></Trackpoint><Trackpoint><Time>2026-07-25T21:02:08.000Z</Time><Position><LatitudeDegrees>58.70790386242329</LatitudeDegrees><LongitudeDegrees>59.46367298604437</LongitudeDegrees></Position></Trackpoint><Trackpoint><Time>2026-07-25T21:02:09.000Z</Time><Position><LatitudeDegrees>58.70790672204511</LatitudeDegrees><LongitudeDegrees>59.463694299459696</LongitudeDegrees></Position></Trackpoint><Trackpoint><Time>2026-07-25T21:02:10.000Z</Time><Position><LatitudeDegrees>58.707909123884725</LatitudeDegrees><LongitudeDegrees>59.463716453961965</LongitudeDegrees></Position></Trackpoint><Trackpoint><Time>2026-07-25T21:02:11.000Z</Time><Position><LatitudeDegrees>58.707910539311264</LatitudeDegrees><LongitudeDegrees>59.46373953862939</LongitudeDegrees></Position></Trackpoint><Trackpoint><Time>2026-07-25T21:02:12.000Z</Time><Position><LatitudeDegrees>58.70791136683215</LatitudeDegrees><LongitudeDegrees>59.46376347076206</LongitudeDegrees></Position></Trackpoint><Trackpoint><Time>2026-07-25T21:02:13.000Z</Time><Position><LatitudeDegrees>58.70791184602283</LatitudeDegrees><LongitudeDegrees>59.46378712830928</LongitudeDegrees></Position></Trackpoint><Trackpoint><Time>2026-07-25T21:02:14.000Z</Time><Position><LatitudeDegrees>58.70791212025612</LatitudeDegrees><LongitudeDegrees>59.463810084415776</LongitudeDegrees></Position></Trackpoint><Trackpoint><Time>2026-07-25T21:02:15.000Z</Time><Position><LatitudeDegrees>58.70791276449431</LatitudeDegrees><LongitudeDegrees>59.46383274292779</LongitudeDegrees></Position></Trackpoint><Trackpoint><Time>2026-07-25T21:02:16.000Z</Time><Position><LatitudeDegrees>58.70791396803648</LatitudeDegrees><LongitudeDegrees>59.463854818747855</LongitudeDegrees></Position></Trackpoint><Trackpoint><Time>2026-07-25T21:02:17.000Z</Time><Position><LatitudeDegrees>58.70791475783525</LatitudeDegrees><LongitudeDegrees>59.46387626925095</LongitudeDegrees></Position></Trackpoint><Trackpoint><Time>2026-07-25T21:02:18.000Z</Time><Position><LatitudeDegrees>58.70791478626059</LatitudeDegrees><LongitudeDegrees>59.46389764675178</LongitudeDegrees></Position></Trackpoint><Trackpoint><Time>2026-07-25T21:02:19.000Z</Time><Position><LatitudeDegrees>58.707914007868</LatitudeDegrees><LongitudeDegrees>59.46391967769232</LongitudeDegrees></Position></Trackpoint><Trackpoint><Time>2026-07-25T21:02:20.000Z</Time><Position><LatitudeDegrees>58.707913486717004</LatitudeDegrees><LongitudeDegrees>59.46394208776695</LongitudeDegrees></Position></Trackpoint><Trackpoint><Time>2026-07-25T21:02:21.000Z</Time><Position><LatitudeDegrees>58.70791313839562</LatitudeDegrees><LongitudeDegrees>59.46396373612498</LongitudeDegrees></Position></Trackpoint><Trackpoint><Time>2026-07-25T21:02:22.000Z</Time><Position><LatitudeDegrees>58.70791290595775</LatitudeDegrees><LongitudeDegrees>59.46398425069121</LongitudeDegrees></Position></Trackpoint><Trackpoint><Time>2026-07-25T21:02:23.000Z</Time><Position><LatitudeDegrees>58.70791275107763</LatitudeDegrees><LongitudeDegrees>59.464005092584976</LongitudeDegrees></Position></Trackpoint><Trackpoint><Time>2026-07-25T21:02:24.000Z</Time><Position><LatitudeDegrees>58.70791313762762</LatitudeDegrees><LongitudeDegrees>59.46402633192134</LongitudeDegrees></Position></Trackpoint><Trackpoint><Time>2026-07-25T21:02:25.000Z</Time><Position><LatitudeDegrees>58.70791369754348</LatitudeDegrees><LongitudeDegrees>59.46404745695425</LongitudeDegrees></Position></Trackpoint><Trackpoint><Time>2026-07-25T21:02:26.000Z</Time><Position><LatitudeDegrees>58.70791425699284</LatitudeDegrees><LongitudeDegrees>59.46406827160028</LongitudeDegrees></Position></Trackpoint><Trackpoint><Time>2026-07-25T21:02:27.000Z</Time><Position><LatitudeDegrees>58.707914744445596</LatitudeDegrees><LongitudeDegrees>59.46408922455406</LongitudeDegrees></Position></Trackpoint><Trackpoint><Time>2026-07-25T21:02:28.000Z</Time><Position><LatitudeDegrees>58.70791513968393</LatitudeDegrees><LongitudeDegrees>59.46410999324077</LongitudeDegrees></Position></Trackpoint><Trackpoint><Time>2026-07-25T21:02:29.000Z</Time><Position><LatitudeDegrees>58.707915446217044</LatitudeDegrees><LongitudeDegrees>59.464131447685</LongitudeDegrees></Position></Trackpoint><Trackpoint><Time>2026-07-25T21:02:30.000Z</Time><Position><LatitudeDegrees>58.70791567687533</LatitudeDegrees><LongitudeDegrees>59.46415336856531</LongitudeDegrees></Position></Trackpoint><Trackpoint><Time>2026-07-25T21:02:31.000Z</Time><Position><LatitudeDegrees>58.707915846681196</LatitudeDegrees><LongitudeDegrees>59.46417560569148</LongitudeDegrees></Position></Trackpoint><Trackpoint><Time>2026-07-25T21:02:32.000Z</Time><Position><LatitudeDegrees>58.70791548002106</LatitudeDegrees><LongitudeDegrees>59.46419805662046</LongitudeDegrees></Position></Trackpoint><Trackpoint><Time>2026-07-25T21:02:33.000Z</Time><Position><LatitudeDegrees>58.7079149394866</LatitudeDegrees><LongitudeDegrees>59.46422163094278</LongitudeDegrees></Position></Trackpoint><Trackpoint><Time>2026-07-25T21:02:34.000Z</Time><Position><LatitudeDegrees>58.70791390711106</LatitudeDegrees><LongitudeDegrees>59.464245579851074</LongitudeDegrees></Position></Trackpoint><Trackpoint><Time>2026-07-25T21:02:35.000Z</Time><Position><LatitudeDegrees>58.707912804682806</LatitudeDegrees><LongitudeDegrees>59.464269057273334</LongitudeDegrees></Position></Trackpoint><Trackpoint><Time>2026-07-25T21:02:36.000Z</Time><Position><LatitudeDegrees>58.7079118148995</LatitudeDegrees><LongitudeDegrees>59.464291775283414</LongitudeDegrees></Position></Trackpoint><Trackpoint><Time>2026-07-25T21:02:37.000Z</Time><Position><LatitudeDegrees>58.70791050893371</LatitudeDegrees><LongitudeDegrees>59.46431420238375</LongitudeDegrees></Position></Trackpoint><Trackpoint><Time>2026-07-25T21:02:38.000Z</Time><Position><LatitudeDegrees>58.70790924037216</LatitudeDegrees><LongitudeDegrees>59.464336568857085</LongitudeDegrees></Position></Trackpoint><Trackpoint><Time>2026-07-25T21:02:39.000Z</Time><Position><LatitudeDegrees>58.7079086396435</LatitudeDegrees><LongitudeDegrees>59.4643584877123</LongitudeDegrees></Position></Trackpoint><Trackpoint><Time>2026-07-25T21:02:40.000Z</Time><Position><LatitudeDegrees>58.7079083910533</LatitudeDegrees><LongitudeDegrees>59.46438034663528</LongitudeDegrees></Position></Trackpoint><Trackpoint><Time>2026-07-25T21:02:41.000Z</Time><Position><LatitudeDegrees>58.70790880900227</LatitudeDegrees><LongitudeDegrees>59.46440182336959</LongitudeDegrees></Position></Trackpoint><Trackpoint><Time>2026-07-25T21:02:42.000Z</Time><Position><LatitudeDegrees>58.70790944781117</LatitudeDegrees><LongitudeDegrees>59.46442381347386</LongitudeDegrees></Position></Trackpoint><Trackpoint><Time>2026-07-25T21:02:43.000Z</Time><Position><LatitudeDegrees>58.70790960597678</LatitudeDegrees><LongitudeDegrees>59.464446130268115</LongitudeDegrees></Position></Trackpoint><Trackpoint><Time>2026-07-25T21:02:44.000Z</Time><Position><LatitudeDegrees>58.70790954589714</LatitudeDegrees><LongitudeDegrees>59.46446865494116</LongitudeDegrees></Position></Trackpoint><Trackpoint><Time>2026-07-25T21:02:45.000Z</Time><Position><LatitudeDegrees>58.70790940364796</LatitudeDegrees><LongitudeDegrees>59.46449131188165</LongitudeDegrees></Position></Trackpoint><Trackpoint><Time>2026-07-25T21:02:46.000Z</Time><Position><LatitudeDegrees>58.70790973542671</LatitudeDegrees><LongitudeDegrees>59.464513563363376</LongitudeDegrees></Position></Trackpoint><Trackpoint><Time>2026-07-25T21:02:47.000Z</Time><Position><LatitudeDegrees>58.70791021984267</LatitudeDegrees><LongitudeDegrees>59.464536219193995</LongitudeDegrees></Position></Trackpoint><Trackpoint><Time>2026-07-25T21:02:48.000Z</Time><Position><LatitudeDegrees>58.70791070494566</LatitudeDegrees><LongitudeDegrees>59.46456005059236</LongitudeDegrees></Position></Trackpoint><Trackpoint><Time>2026-07-25T21:02:49.000Z</Time><Position><LatitudeDegrees>58.70791161767998</LatitudeDegrees><LongitudeDegrees>59.46458424506854</LongitudeDegrees></Position></Trackpoint><Trackpoint><Time>2026-07-25T21:02:50.000Z</Time><Position><LatitudeDegrees>58.70791258937908</LatitudeDegrees><LongitudeDegrees>59.46460793180098</LongitudeDegrees></Position></Trackpoint><Trackpoint><Time>2026-07-25T21:02:51.000Z</Time><Position><LatitudeDegrees>58.70791346064573</LatitudeDegrees><LongitudeDegrees>59.464630817324455</LongitudeDegrees></Position></Trackpoint><Trackpoint><Time>2026-07-25T21:02:52.000Z</Time><Position><LatitudeDegrees>58.70791417872519</LatitudeDegrees><LongitudeDegrees>59.464652883614164</LongitudeDegrees></Position></Trackpoint><Trackpoint><Time>2026-07-25T21:02:53.000Z</Time><Position><LatitudeDegrees>58.70791523116326</LatitudeDegrees><LongitudeDegrees>59.46467471800493</LongitudeDegrees></Position></Trackpoint><Trackpoint><Time>2026-07-25T21:02:54.000Z</Time><Position><LatitudeDegrees>58.707916286222535</LatitudeDegrees><LongitudeDegrees>59.46469708175531</LongitudeDegrees></Position></Trackpoint><Trackpoint><Time>2026-07-25T21:02:55.000Z</Time><Position><LatitudeDegrees>58.707917696556656</LatitudeDegrees><LongitudeDegrees>59.46472022043446</LongitudeDegrees></Position></Trackpoint><Trackpoint><Time>2026-07-25T21:02:56.000Z</Time><Position><LatitudeDegrees>58.707919561801184</LatitudeDegrees><LongitudeDegrees>59.46474413571501</LongitudeDegrees></Position></Trackpoint><Trackpoint><Time>2026-07-25T21:02:57.000Z</Time><Position><LatitudeDegrees>58.70792235421291</LatitudeDegrees><LongitudeDegrees>59.464767749388955</LongitudeDegrees></Position></Trackpoint><Trackpoint><Time>2026-07-25T21:02:58.000Z</Time><Position><LatitudeDegrees>58.70792614928243</LatitudeDegrees><LongitudeDegrees>59.46479016651442</LongitudeDegrees></Position></Trackpoint><Trackpoint><Time>2026-07-25T21:02:59.000Z</Time><Position><LatitudeDegrees>58.70793035979906</LatitudeDegrees><LongitudeDegrees>59.46481166171029</LongitudeDegrees></Position></Trackpoint><Trackpoint><Time>2026-07-25T21:03:00.000Z</Time><Position><LatitudeDegrees>58.707934690607836</LatitudeDegrees><LongitudeDegrees>59.464832956012685</LongitudeDegrees></Position></Trackpoint><Trackpoint><Time>2026-07-25T21:03:01.000Z</Time><Position><LatitudeDegrees>58.70793900471481</LatitudeDegrees><LongitudeDegrees>59.46485437215268</LongitudeDegrees></Position></Trackpoint><Trackpoint><Time>2026-07-25T21:03:02.000Z</Time><Position><LatitudeDegrees>58.70794275823432</LatitudeDegrees><LongitudeDegrees>59.46487602740403</LongitudeDegrees></Position></Trackpoint><Trackpoint><Time>2026-07-25T21:03:03.000Z</Time><Position><LatitudeDegrees>58.70794579912667</LatitudeDegrees><LongitudeDegrees>59.464898428985016</LongitudeDegrees></Position></Trackpoint><Trackpoint><Time>2026-07-25T21:03:04.000Z</Time><Position><LatitudeDegrees>58.707948645852085</LatitudeDegrees><LongitudeDegrees>59.46492071077353</LongitudeDegrees></Position></Trackpoint><Trackpoint><Time>2026-07-25T21:03:05.000Z</Time><Position><LatitudeDegrees>58.70795104724018</LatitudeDegrees><LongitudeDegrees>59.46494302105739</LongitudeDegrees></Position></Trackpoint><Trackpoint><Time>2026-07-25T21:03:06.000Z</Time><Position><LatitudeDegrees>58.70795344661961</LatitudeDegrees><LongitudeDegrees>59.464964438027906</LongitudeDegrees></Position></Trackpoint><Trackpoint><Time>2026-07-25T21:03:07.000Z</Time><Position><LatitudeDegrees>58.707956026825705</LatitudeDegrees><LongitudeDegrees>59.464985186319545</LongitudeDegrees></Position></Trackpoint><Trackpoint><Time>2026-07-25T21:03:08.000Z</Time><Position><LatitudeDegrees>58.707958839947324</LatitudeDegrees><LongitudeDegrees>59.46500544426821</LongitudeDegrees></Position></Trackpoint><Trackpoint><Time>2026-07-25T21:03:09.000Z</Time><Position><LatitudeDegrees>58.70796187754205</LatitudeDegrees><LongitudeDegrees>59.46502681708518</LongitudeDegrees></Position></Trackpoint><Trackpoint><Time>2026-07-25T21:03:10.000Z</Time><Position><LatitudeDegrees>58.70796461771159</LatitudeDegrees><LongitudeDegrees>59.46504884353712</LongitudeDegrees></Position></Trackpoint><Trackpoint><Time>2026-07-25T21:03:11.000Z</Time><Position><LatitudeDegrees>58.70796737330553</LatitudeDegrees><LongitudeDegrees>59.46507027055845</LongitudeDegrees></Position></Trackpoint><Trackpoint><Time>2026-07-25T21:03:12.000Z</Time><Position><LatitudeDegrees>58.70797027118606</LatitudeDegrees><LongitudeDegrees>59.465090659030984</LongitudeDegrees></Position></Trackpoint><Trackpoint><Time>2026-07-25T21:03:13.000Z</Time><Position><LatitudeDegrees>58.707973345336995</LatitudeDegrees><LongitudeDegrees>59.46510996140739</LongitudeDegrees></Position></Trackpoint><Trackpoint><Time>2026-07-25T21:03:14.000Z</Time><Position><LatitudeDegrees>58.70797658712996</LatitudeDegrees><LongitudeDegrees>59.465128787115496</LongitudeDegrees></Position></Trackpoint><Trackpoint><Time>2026-07-25T21:03:15.000Z</Time><Position><LatitudeDegrees>58.70797899227367</LatitudeDegrees><LongitudeDegrees>59.46514744831766</LongitudeDegrees></Position></Trackpoint><Trackpoint><Time>2026-07-25T21:03:16.000Z</Time><Position><LatitudeDegrees>58.70798025455014</LatitudeDegrees><LongitudeDegrees>59.46516658429746</LongitudeDegrees></Position></Trackpoint><Trackpoint><Time>2026-07-25T21:03:17.000Z</Time><Position><LatitudeDegrees>58.70798088414449</LatitudeDegrees><LongitudeDegrees>59.465186397396195</LongitudeDegrees></Position></Trackpoint><Trackpoint><Time>2026-07-25T21:03:18.000Z</Time><Position><LatitudeDegrees>58.707981172371774</LatitudeDegrees><LongitudeDegrees>59.4652073736482</LongitudeDegrees></Position></Trackpoint><Trackpoint><Time>2026-07-25T21:03:19.000Z</Time><Position><LatitudeDegrees>58.70798128301917</LatitudeDegrees><LongitudeDegrees>59.465228584708406</LongitudeDegrees></Position></Trackpoint><Trackpoint><Time>2026-07-25T21:03:20.000Z</Time><Position><LatitudeDegrees>58.70798179594245</LatitudeDegrees><LongitudeDegrees>59.4652496181161</LongitudeDegrees></Position></Trackpoint><Trackpoint><Time>2026-07-25T21:03:21.000Z</Time><Position><LatitudeDegrees>58.70798240870342</LatitudeDegrees><LongitudeDegrees>59.465269837197</LongitudeDegrees></Position></Trackpoint><Trackpoint><Time>2026-07-25T21:03:22.000Z</Time><Position><LatitudeDegrees>58.70798298393394</LatitudeDegrees><LongitudeDegrees>59.46529055309688</LongitudeDegrees></Position></Trackpoint><Trackpoint><Time>2026-07-25T21:03:23.000Z</Time><Position><LatitudeDegrees>58.7079834698782</LatitudeDegrees><LongitudeDegrees>59.46531175241271</LongitudeDegrees></Position></Trackpoint><Trackpoint><Time>2026-07-25T21:03:24.000Z</Time><Position><LatitudeDegrees>58.707984346291816</LatitudeDegrees><LongitudeDegrees>59.46533287796835</LongitudeDegrees></Position></Trackpoint><Trackpoint><Time>2026-07-25T21:03:25.000Z</Time><Position><LatitudeDegrees>58.7079862502486</LatitudeDegrees><LongitudeDegrees>59.465354199377714</LongitudeDegrees></Position></Trackpoint><Trackpoint><Time>2026-07-25T21:03:26.000Z</Time><Position><LatitudeDegrees>58.70798882262259</LatitudeDegrees><LongitudeDegrees>59.46537531292865</LongitudeDegrees></Position></Trackpoint><Trackpoint><Time>2026-07-25T21:03:27.000Z</Time><Position><LatitudeDegrees>58.70799231933399</LatitudeDegrees><LongitudeDegrees>59.465396568647975</LongitudeDegrees></Position></Trackpoint><Trackpoint><Time>2026-07-25T21:03:28.000Z</Time><Position><LatitudeDegrees>58.707995747920755</LatitudeDegrees><LongitudeDegrees>59.46541858205192</LongitudeDegrees></Position></Trackpoint><Trackpoint><Time>2026-07-25T21:03:29.000Z</Time><Position><LatitudeDegrees>58.70799919800822</LatitudeDegrees><LongitudeDegrees>59.4654410197723</LongitudeDegrees></Position></Trackpoint><Trackpoint><Time>2026-07-25T21:03:30.000Z</Time><Position><LatitudeDegrees>58.70800221413688</LatitudeDegrees><LongitudeDegrees>59.46546320044599</LongitudeDegrees></Position></Trackpoint><Trackpoint><Time>2026-07-25T21:03:31.000Z</Time><Position><LatitudeDegrees>58.70800466443129</LatitudeDegrees><LongitudeDegrees>59.465484386845866</LongitudeDegrees></Position></Trackpoint><Trackpoint><Time>2026-07-25T21:03:32.000Z</Time><Position><LatitudeDegrees>58.70800656720471</LatitudeDegrees><LongitudeDegrees>59.465505382192</LongitudeDegrees></Position></Trackpoint><Trackpoint><Time>2026-07-25T21:03:33.000Z</Time><Position><LatitudeDegrees>58.70800897949388</LatitudeDegrees><LongitudeDegrees>59.465526541798646</LongitudeDegrees></Position></Trackpoint><Trackpoint><Time>2026-07-25T21:03:34.000Z</Time><Position><LatitudeDegrees>58.70801129200496</LatitudeDegrees><LongitudeDegrees>59.465547501302865</LongitudeDegrees></Position></Trackpoint><Trackpoint><Time>2026-07-25T21:03:35.000Z</Time><Position><LatitudeDegrees>58.7080132666168</LatitudeDegrees><LongitudeDegrees>59.465568625941316</LongitudeDegrees></Position></Trackpoint><Trackpoint><Time>2026-07-25T21:03:36.000Z</Time><Position><LatitudeDegrees>58.70801484863203</LatitudeDegrees><LongitudeDegrees>59.46558955532527</LongitudeDegrees></Position></Trackpoint><Trackpoint><Time>2026-07-25T21:03:37.000Z</Time><Position><LatitudeDegrees>58.70801655552424</LatitudeDegrees><LongitudeDegrees>59.465610166095274</LongitudeDegrees></Position></Trackpoint><Trackpoint><Time>2026-07-25T21:03:38.000Z</Time><Position><LatitudeDegrees>58.70801809476792</LatitudeDegrees><LongitudeDegrees>59.46563093795201</LongitudeDegrees></Position></Trackpoint><Trackpoint><Time>2026-07-25T21:03:39.000Z</Time><Position><LatitudeDegrees>58.70801985701937</LatitudeDegrees><LongitudeDegrees>59.46565204777698</LongitudeDegrees></Position></Trackpoint><Trackpoint><Time>2026-07-25T21:03:40.000Z</Time><Position><LatitudeDegrees>58.708021484930555</LatitudeDegrees><LongitudeDegrees>59.46567352503818</LongitudeDegrees></Position></Trackpoint><Trackpoint><Time>2026-07-25T21:03:41.000Z</Time><Position><LatitudeDegrees>58.708022848576</LatitudeDegrees><LongitudeDegrees>59.46569533471162</LongitudeDegrees></Position></Trackpoint><Trackpoint><Time>2026-07-25T21:03:42.000Z</Time><Position><LatitudeDegrees>58.708023928366174</LatitudeDegrees><LongitudeDegrees>59.46571839892989</LongitudeDegrees></Position></Trackpoint><Trackpoint><Time>2026-07-25T21:03:43.000Z</Time><Position><LatitudeDegrees>58.70802475266584</LatitudeDegrees><LongitudeDegrees>59.46574146760715</LongitudeDegrees></Position></Trackpoint><Trackpoint><Time>2026-07-25T21:03:44.000Z</Time><Position><LatitudeDegrees>58.70802585555901</LatitudeDegrees><LongitudeDegrees>59.46576402534407</LongitudeDegrees></Position></Trackpoint><Trackpoint><Time>2026-07-25T21:03:45.000Z</Time><Position><LatitudeDegrees>58.70802693163159</LatitudeDegrees><LongitudeDegrees>59.46578543584981</LongitudeDegrees></Position></Trackpoint><Trackpoint><Time>2026-07-25T21:03:46.000Z</Time><Position><LatitudeDegrees>58.70802785854629</LatitudeDegrees><LongitudeDegrees>59.46580607393459</LongitudeDegrees></Position></Trackpoint><Trackpoint><Time>2026-07-25T21:03:47.000Z</Time><Position><LatitudeDegrees>58.70802860506469</LatitudeDegrees><LongitudeDegrees>59.46582717231805</LongitudeDegrees></Position></Trackpoint><Trackpoint><Time>2026-07-25T21:03:48.000Z</Time><Position><LatitudeDegrees>58.708029181475375</LatitudeDegrees><LongitudeDegrees>59.46584820037538</LongitudeDegrees></Position></Trackpoint><Trackpoint><Time>2026-07-25T21:03:49.000Z</Time><Position><LatitudeDegrees>58.70803010345921</LatitudeDegrees><LongitudeDegrees>59.46586845899322</LongitudeDegrees></Position></Trackpoint><Trackpoint><Time>2026-07-25T21:03:50.000Z</Time><Position><LatitudeDegrees>58.70803153903698</LatitudeDegrees><LongitudeDegrees>59.46588775900976</LongitudeDegrees></Position></Trackpoint><Trackpoint><Time>2026-07-25T21:03:51.000Z</Time><Position><LatitudeDegrees>58.70803300187563</LatitudeDegrees><LongitudeDegrees>59.46590712477813</LongitudeDegrees></Position></Trackpoint><Trackpoint><Time>2026-07-25T21:03:52.000Z</Time><Position><LatitudeDegrees>58.70803428818809</LatitudeDegrees><LongitudeDegrees>59.46592745933257</LongitudeDegrees></Position></Trackpoint><Trackpoint><Time>2026-07-25T21:03:53.000Z</Time><Position><LatitudeDegrees>58.70803533670492</LatitudeDegrees><LongitudeDegrees>59.46594803100924</LongitudeDegrees></Position></Trackpoint><Trackpoint><Time>2026-07-25T21:03:54.000Z</Time><Position><LatitudeDegrees>58.70803664232465</LatitudeDegrees><LongitudeDegrees>59.465968997660916</LongitudeDegrees></Position></Trackpoint><Trackpoint><Time>2026-07-25T21:03:55.000Z</Time><Position><LatitudeDegrees>58.70803788625362</LatitudeDegrees><LongitudeDegrees>59.465990373602175</LongitudeDegrees></Position></Trackpoint><Trackpoint><Time>2026-07-25T21:03:56.000Z</Time><Position><LatitudeDegrees>58.708038455509254</LatitudeDegrees><LongitudeDegrees>59.46601211219655</LongitudeDegrees></Position></Trackpoint><Trackpoint><Time>2026-07-25T21:03:57.000Z</Time><Position><LatitudeDegrees>58.70803867384881</LatitudeDegrees><LongitudeDegrees>59.46603316847037</LongitudeDegrees></Position></Trackpoint><Trackpoint><Time>2026-07-25T21:03:58.000Z</Time><Position><LatitudeDegrees>58.70803871964588</LatitudeDegrees><LongitudeDegrees>59.46605319964344</LongitudeDegrees></Position></Trackpoint><Trackpoint><Time>2026-07-25T21:03:59.000Z</Time><Position><LatitudeDegrees>58.70803868850621</LatitudeDegrees><LongitudeDegrees>59.46607366494943</LongitudeDegrees></Position></Trackpoint><Trackpoint><Time>2026-07-25T21:04:00.000Z</Time><Position><LatitudeDegrees>58.70803862967815</LatitudeDegrees><LongitudeDegrees>59.4660946200185</LongitudeDegrees></Position></Trackpoint><Trackpoint><Time>2026-07-25T21:04:01.000Z</Time><Position><LatitudeDegrees>58.708038077386966</LatitudeDegrees><LongitudeDegrees>59.46611651451129</LongitudeDegrees></Position></Trackpoint><Trackpoint><Time>2026-07-25T21:04:02.000Z</Time><Position><LatitudeDegrees>58.70803739275695</LatitudeDegrees><LongitudeDegrees>59.46613843381819</LongitudeDegrees></Position></Trackpoint><Trackpoint><Time>2026-07-25T21:04:03.000Z</Time><Position><LatitudeDegrees>58.70803674149661</LatitudeDegrees><LongitudeDegrees>59.46615901886636</LongitudeDegrees></Position></Trackpoint><Trackpoint><Time>2026-07-25T21:04:04.000Z</Time><Position><LatitudeDegrees>58.70803569795668</LatitudeDegrees><LongitudeDegrees>59.466177391583756</LongitudeDegrees></Position></Trackpoint><Trackpoint><Time>2026-07-25T21:04:05.000Z</Time><Position><LatitudeDegrees>58.70803364757847</LatitudeDegrees><LongitudeDegrees>59.46619298468973</LongitudeDegrees></Position></Trackpoint><Trackpoint><Time>2026-07-25T21:04:06.000Z</Time><Position><LatitudeDegrees>58.708030466492374</LatitudeDegrees><LongitudeDegrees>59.46620592131809</LongitudeDegrees></Position></Trackpoint><Trackpoint><Time>2026-07-25T21:04:07.000Z</Time><Position><LatitudeDegrees>58.70802526958818</LatitudeDegrees><LongitudeDegrees>59.46621708274497</LongitudeDegrees></Position></Trackpoint><Trackpoint><Time>2026-07-25T21:04:08.000Z</Time><Position><LatitudeDegrees>58.70801795107517</LatitudeDegrees><LongitudeDegrees>59.46622657014305</LongitudeDegrees></Position></Trackpoint><Trackpoint><Time>2026-07-25T21:04:09.000Z</Time><Position><LatitudeDegrees>58.70800971891174</LatitudeDegrees><LongitudeDegrees>59.46623415042707</LongitudeDegrees></Position></Trackpoint><Trackpoint><Time>2026-07-25T21:04:10.000Z</Time><Position><LatitudeDegrees>58.70800118784107</LatitudeDegrees><LongitudeDegrees>59.46623997237994</LongitudeDegrees></Position></Trackpoint><Trackpoint><Time>2026-07-25T21:04:11.000Z</Time><Position><LatitudeDegrees>58.70799215978858</LatitudeDegrees><LongitudeDegrees>59.46624383334395</LongitudeDegrees></Position></Trackpoint><Trackpoint><Time>2026-07-25T21:04:12.000Z</Time><Position><LatitudeDegrees>58.707983106578034</LatitudeDegrees><LongitudeDegrees>59.46624590154786</LongitudeDegrees></Position></Trackpoint><Trackpoint><Time>2026-07-25T21:04:13.000Z</Time><Position><LatitudeDegrees>58.70797373614057</LatitudeDegrees><LongitudeDegrees>59.46624647637191</LongitudeDegrees></Position></Trackpoint><Trackpoint><Time>2026-07-25T21:04:14.000Z</Time><Position><LatitudeDegrees>58.707963968908096</LatitudeDegrees><LongitudeDegrees>59.466246852005156</LongitudeDegrees></Position></Trackpoint><Trackpoint><Time>2026-07-25T21:04:15.000Z</Time><Position><LatitudeDegrees>58.707954312650465</LatitudeDegrees><LongitudeDegrees>59.46624709739303</LongitudeDegrees></Position></Trackpoint><Trackpoint><Time>2026-07-25T21:04:16.000Z</Time><Position><LatitudeDegrees>58.70794398301955</LatitudeDegrees><LongitudeDegrees>59.46624725764635</LongitudeDegrees></Position></Trackpoint><Trackpoint><Time>2026-07-25T21:04:17.000Z</Time><Position><LatitudeDegrees>58.7079337226423</LatitudeDegrees><LongitudeDegrees>59.46624736227015</LongitudeDegrees></Position></Trackpoint><Trackpoint><Time>2026-07-25T21:04:18.000Z</Time><Position><LatitudeDegrees>58.7079243180793</LatitudeDegrees><LongitudeDegrees>59.46624792016618</LongitudeDegrees></Position></Trackpoint><Trackpoint><Time>2026-07-25T21:04:19.000Z</Time><Position><LatitudeDegrees>58.70791500419871</LatitudeDegrees><LongitudeDegrees>59.46624908274033</LongitudeDegrees></Position></Trackpoint><Trackpoint><Time>2026-07-25T21:04:20.000Z</Time><Position><LatitudeDegrees>58.70790545425478</LatitudeDegrees><LongitudeDegrees>59.46624985551585</LongitudeDegrees></Position></Trackpoint><Trackpoint><Time>2026-07-25T21:04:21.000Z</Time><Position><LatitudeDegrees>58.707896053591696</LatitudeDegrees><LongitudeDegrees>59.46625085818534</LongitudeDegrees></Position></Trackpoint><Trackpoint><Time>2026-07-25T21:04:22.000Z</Time><Position><LatitudeDegrees>58.707886941747084</LatitudeDegrees><LongitudeDegrees>59.46625182684173</LongitudeDegrees></Position></Trackpoint><Trackpoint><Time>2026-07-25T21:04:23.000Z</Time><Position><LatitudeDegrees>58.707877649507154</LatitudeDegrees><LongitudeDegrees>59.466253636386035</LongitudeDegrees></Position></Trackpoint><Trackpoint><Time>2026-07-25T21:04:24.000Z</Time><Position><LatitudeDegrees>58.70786898600873</LatitudeDegrees><LongitudeDegrees>59.466255559983765</LongitudeDegrees></Position></Trackpoint><Trackpoint><Time>2026-07-25T21:04:25.000Z</Time><Position><LatitudeDegrees>58.70786022456206</LatitudeDegrees><LongitudeDegrees>59.466258262882874</LongitudeDegrees></Position></Trackpoint><Trackpoint><Time>2026-07-25T21:04:26.000Z</Time><Position><LatitudeDegrees>58.70785107846361</LatitudeDegrees><LongitudeDegrees>59.46626142942189</LongitudeDegrees></Position></Trackpoint><Trackpoint><Time>2026-07-25T21:04:27.000Z</Time><Position><LatitudeDegrees>58.70784196861938</LatitudeDegrees><LongitudeDegrees>59.46626487009341</LongitudeDegrees></Position></Trackpoint><Trackpoint><Time>2026-07-25T21:04:28.000Z</Time><Position><LatitudeDegrees>58.7078325741087</LatitudeDegrees><LongitudeDegrees>59.466267982056856</LongitudeDegrees></Position></Trackpoint><Trackpoint><Time>2026-07-25T21:04:29.000Z</Time><Position><LatitudeDegrees>58.70782279930225</LatitudeDegrees><LongitudeDegrees>59.46627055923156</LongitudeDegrees></Position></Trackpoint><Trackpoint><Time>2026-07-25T21:04:30.000Z</Time><Position><LatitudeDegrees>58.70781314323769</LatitudeDegrees><LongitudeDegrees>59.46627258538595</LongitudeDegrees></Position></Trackpoint><Trackpoint><Time>2026-07-25T21:04:31.000Z</Time><Position><LatitudeDegrees>58.707803306584424</LatitudeDegrees><LongitudeDegrees>59.466274124557955</LongitudeDegrees></Position></Trackpoint><Trackpoint><Time>2026-07-25T21:04:32.000Z</Time><Position><LatitudeDegrees>58.70779318924639</LatitudeDegrees><LongitudeDegrees>59.466274286402744</LongitudeDegrees></Position></Trackpoint><Trackpoint><Time>2026-07-25T21:04:33.000Z</Time><Position><LatitudeDegrees>58.70778278602618</LatitudeDegrees><LongitudeDegrees>59.46627337063509</LongitudeDegrees></Position></Trackpoint><Trackpoint><Time>2026-07-25T21:04:34.000Z</Time><Position><LatitudeDegrees>58.70777213147586</LatitudeDegrees><LongitudeDegrees>59.46627163899748</LongitudeDegrees></Position></Trackpoint><Trackpoint><Time>2026-07-25T21:04:35.000Z</Time><Position><LatitudeDegrees>58.70776176169359</LatitudeDegrees><LongitudeDegrees>59.466269303999866</LongitudeDegrees></Position></Trackpoint><Trackpoint><Time>2026-07-25T21:04:36.000Z</Time><Position><LatitudeDegrees>58.707751371302294</LatitudeDegrees><LongitudeDegrees>59.46626653060127</LongitudeDegrees></Position></Trackpoint><Trackpoint><Time>2026-07-25T21:04:37.000Z</Time><Position><LatitudeDegrees>58.70774132679327</LatitudeDegrees><LongitudeDegrees>59.46626393261603</LongitudeDegrees></Position></Trackpoint><Trackpoint><Time>2026-07-25T21:04:38.000Z</Time><Position><LatitudeDegrees>58.707731245095765</LatitudeDegrees><LongitudeDegrees>59.46626174031934</LongitudeDegrees></Position></Trackpoint><Trackpoint><Time>2026-07-25T21:04:39.000Z</Time><Position><LatitudeDegrees>58.70772097322156</LatitudeDegrees><LongitudeDegrees>59.46625999647669</LongitudeDegrees></Position></Trackpoint><Trackpoint><Time>2026-07-25T21:04:40.000Z</Time><Position><LatitudeDegrees>58.70771096218452</LatitudeDegrees><LongitudeDegrees>59.46625670269945</LongitudeDegrees></Position></Trackpoint><Trackpoint><Time>2026-07-25T21:04:41.000Z</Time><Position><LatitudeDegrees>58.70770038502789</LatitudeDegrees><LongitudeDegrees>59.46625172452692</LongitudeDegrees></Position></Trackpoint><Trackpoint><Time>2026-07-25T21:04:42.000Z</Time><Position><LatitudeDegrees>58.70768946345452</LatitudeDegrees><LongitudeDegrees>59.46624669160516</LongitudeDegrees></Position></Trackpoint><Trackpoint><Time>2026-07-25T21:04:43.000Z</Time><Position><LatitudeDegrees>58.7076783329744</LatitudeDegrees><LongitudeDegrees>59.46624228210372</LongitudeDegrees></Position></Trackpoint><Trackpoint><Time>2026-07-25T21:04:44.000Z</Time><Position><LatitudeDegrees>58.70766658659731</LatitudeDegrees><LongitudeDegrees>59.46623820568978</LongitudeDegrees></Position></Trackpoint><Trackpoint><Time>2026-07-25T21:04:45.000Z</Time><Position><LatitudeDegrees>58.707654135760556</LatitudeDegrees><LongitudeDegrees>59.46623381043269</LongitudeDegrees></Position></Trackpoint><Trackpoint><Time>2026-07-25T21:04:46.000Z</Time><Position><LatitudeDegrees>58.70764152401801</LatitudeDegrees><LongitudeDegrees>59.466229358379344</LongitudeDegrees></Position></Trackpoint><Trackpoint><Time>2026-07-25T21:04:47.000Z</Time><Position><LatitudeDegrees>58.7076289958753</LatitudeDegrees><LongitudeDegrees>59.466225454349704</LongitudeDegrees></Position></Trackpoint><Trackpoint><Time>2026-07-25T21:04:48.000Z</Time><Position><LatitudeDegrees>58.707616641298074</LatitudeDegrees><LongitudeDegrees>59.4662222770908</LongitudeDegrees></Position></Trackpoint><Trackpoint><Time>2026-07-25T21:04:50.000Z</Time><Position><LatitudeDegrees>58.707604475060336</LatitudeDegrees><LongitudeDegrees>59.46621980693669</LongitudeDegrees></Position></Trackpoint></Track></Lap></Activity></Activities></TrainingCenterDatabase>