<?xml version='1.0' encoding='UTF-8' standalone='yes' ?><TrainingCenterDatabase creator="Mi Fitness" version="1.0" xmlns="http://www.garmin.com/xmlschemas/TrainingCenterDatabase/v2" xmlns:xsi="http://www.w3.org/2001/XMLSchema-instance" xsi:schemaLocation="http://www.garmin.com/xmlschemas/TrainingCenterDatabase/v2 http://www.garmin.com/xmlschemas/TrainingCenterDatabasev2.xsd"><Activities><Activity Sport=""><Id>2026-08-11T13:01:05.000Z</Id><Lap><TotalTimeSeconds>5019</TotalTimeSeconds><DistanceMeters>6109</DistanceMeters><Calories>486</Calories><HeartRateBpm>112</HeartRateBpm><Steps>7720</Steps><Track><Trackpoint><Time>2026-08-11T13:01:04.000Z</Time><Position><LatitudeDegrees>58.63386917114258</LatitudeDegrees><LongitudeDegrees>59.802921295166016</LongitudeDegrees></Position></Trackpoint><Trackpoint><Time>2026-08-11T13:01:05.000Z</Time><Position><LatitudeDegrees>58.63388815461373</LatitudeDegrees><LongitudeDegrees>59.80289598387115</LongitudeDegrees></Position></Trackpoint><Trackpoint><Time>2026-08-11T13:01:06.000Z</Time><Position><LatitudeDegrees>58.6338996887207</LatitudeDegrees><LongitudeDegrees>59.8028564453125</LongitudeDegrees></Position></Trackpoint><Trackpoint><Time>2026-08-11T13:01:07.000Z</Time><Position><LatitudeDegrees>58.633907318115234</LatitudeDegrees><LongitudeDegrees>59.802833557128906</LongitudeDegrees></Position></Trackpoint><Trackpoint><Time>2026-08-11T13:01:08.000Z</Time><Position><LatitudeDegrees>58.633907318115234</LatitudeDegrees><LongitudeDegrees>59.80282211303711</LongitudeDegrees></Position></Trackpoint><Trackpoint><Time>2026-08-11T13:01:09.000Z</Time><Position><LatitudeDegrees>58.633914947509766</LatitudeDegrees><LongitudeDegrees>59.80279541015625</LongitudeDegrees></Position></Trackpoint><Trackpoint><Time>2026-08-11T13:01:10.000Z</Time><Position><LatitudeDegrees>58.633914947509766</LatitudeDegrees><LongitudeDegrees>59.80277633666992</LongitudeDegrees></Position></Trackpoint><Trackpoint><Time>2026-08-11T13:01:11.000Z</Time><Position><LatitudeDegrees>58.63391314689142</LatitudeDegrees><LongitudeDegrees>59.802787050195036</LongitudeDegrees></Position></Trackpoint><Trackpoint><Time>2026-08-11T13:01:12.000Z</Time><Position><LatitudeDegrees>58.63391384531471</LatitudeDegrees><LongitudeDegrees>59.80276670365623</LongitudeDegrees></Position></Trackpoint><Trackpoint><Time>2026-08-11T13:01:13.000Z</Time><Position><LatitudeDegrees>58.63391222863723</LatitudeDegrees><LongitudeDegrees>59.80276552002327</LongitudeDegrees></Position></Trackpoint><Trackpoint><Time>2026-08-11T13:01:14.000Z</Time><Position><LatitudeDegrees>58.63386917114258</LatitudeDegrees><LongitudeDegrees>59.80269241333008</LongitudeDegrees></Position></Trackpoint><Trackpoint><Time>2026-08-11T13:01:15.000Z</Time><Position><LatitudeDegrees>58.63386154174805</LatitudeDegrees><LongitudeDegrees>59.80267333984375</LongitudeDegrees></Position></Trackpoint><Trackpoint><Time>2026-08-11T13:01:16.000Z</Time><Position><LatitudeDegrees>58.63386154174805</LatitudeDegrees><LongitudeDegrees>59.80266189575195</LongitudeDegrees></Position></Trackpoint><Trackpoint><Time>2026-08-11T13:01:17.000Z</Time><Position><LatitudeDegrees>58.63385772705078</LatitudeDegrees><LongitudeDegrees>59.80265808105469</LongitudeDegrees></Position></Trackpoint><Trackpoint><Time>2026-08-11T13:01:18.000Z</Time><Position><LatitudeDegrees>58.63385772705078</LatitudeDegrees><LongitudeDegrees>59.80264663696289</LongitudeDegrees></Position></Trackpoint><Trackpoint><Time>2026-08-11T13:01:19.000Z</Time><Position><LatitudeDegrees>58.63386376601662</LatitudeDegrees><LongitudeDegrees>59.80266713976069</LongitudeDegrees></Position></Trackpoint><Trackpoint><Time>2026-08-11T13:01:20.000Z</Time><Position><LatitudeDegrees>58.633853912353516</LatitudeDegrees><LongitudeDegrees>59.80266189575195</LongitudeDegrees></Position></Trackpoint><Trackpoint><Time>2026-08-11T13:01:21.000Z</Time><Position><LatitudeDegrees>58.63385009765625</LatitudeDegrees><LongitudeDegrees>59.80266189575195</LongitudeDegrees></Position></Trackpoint><Trackpoint><Time>2026-08-11T13:01:22.000Z</Time><Position><LatitudeDegrees>58.633846282958984</LatitudeDegrees><LongitudeDegrees>59.80265426635742</LongitudeDegrees></Position></Trackpoint><Trackpoint><Time>2026-08-11T13:01:23.000Z</Time><Position><LatitudeDegrees>58.63383865356445</LatitudeDegrees><LongitudeDegrees>59.80265426635742</LongitudeDegrees></Position></Trackpoint><Trackpoint><Time>2026-08-11T13:01:24.000Z</Time><Position><LatitudeDegrees>58.63383102416992</LatitudeDegrees><LongitudeDegrees>59.80265426635742</LongitudeDegrees></Position></Trackpoint><Trackpoint><Time>2026-08-11T13:01:25.000Z</Time><Position><LatitudeDegrees>58.63383383313429</LatitudeDegrees><LongitudeDegrees>59.802654560001244</LongitudeDegrees></Position></Trackpoint><Trackpoint><Time>2026-08-11T13:01:26.000Z</Time><Position><LatitudeDegrees>58.63380813598633</LatitudeDegrees><LongitudeDegrees>59.80265808105469</LongitudeDegrees></Position></Trackpoint><Trackpoint><Time>2026-08-11T13:01:27.000Z</Time><Position><LatitudeDegrees>58.63379669189453</LatitudeDegrees><LongitudeDegrees>59.80266189575195</LongitudeDegrees></Position></Trackpoint><Trackpoint><Time>2026-08-11T13:01:28.000Z</Time><Position><LatitudeDegrees>58.633785247802734</LatitudeDegrees><LongitudeDegrees>59.80266189575195</LongitudeDegrees></Position></Trackpoint><Trackpoint><Time>2026-08-11T13:01:29.000Z</Time><Position><LatitudeDegrees>58.6337776184082</LatitudeDegrees><LongitudeDegrees>59.80266189575195</LongitudeDegrees></Position></Trackpoint><Trackpoint><Time>2026-08-11T13:01:30.000Z</Time><Position><LatitudeDegrees>58.63378578969906</LatitudeDegrees><LongitudeDegrees>59.80265949886464</LongitudeDegrees></Position></Trackpoint><Trackpoint><Time>2026-08-11T13:01:32.000Z</Time><Position><LatitudeDegrees>58.63377874913456</LatitudeDegrees><LongitudeDegrees>59.802658967972555</LongitudeDegrees></Position></Trackpoint><Trackpoint><Time>2026-08-11T13:01:32.000Z</Time><Position><LatitudeDegrees>58.63375473022461</LatitudeDegrees><LongitudeDegrees>59.80261993408203</LongitudeDegrees></Position></Trackpoint><Trackpoint><Time>2026-08-11T13:01:33.000Z</Time><Position><LatitudeDegrees>58.63373947143555</LatitudeDegrees><LongitudeDegrees>59.80260467529297</LongitudeDegrees></Position></Trackpoint><Trackpoint><Time>2026-08-11T13:01:34.000Z</Time><Position><LatitudeDegrees>58.63373565673828</LatitudeDegrees><LongitudeDegrees>59.80259323120117</LongitudeDegrees></Position></Trackpoint><Trackpoint><Time>2026-08-11T13:01:35.000Z</Time><Position><LatitudeDegrees>58.633731842041016</LatitudeDegrees><LongitudeDegrees>59.80259323120117</LongitudeDegrees></Position></Trackpoint><Trackpoint><Time>2026-08-11T13:01:36.000Z</Time><Position><LatitudeDegrees>58.6337396235533</LatitudeDegrees><LongitudeDegrees>59.8026058256499</LongitudeDegrees></Position></Trackpoint><Trackpoint><Time>2026-08-11T13:01:38.000Z</Time><Position><LatitudeDegrees>58.63374030704908</LatitudeDegrees><LongitudeDegrees>59.80260384554605</LongitudeDegrees></Position></Trackpoint><Trackpoint><Time>2026-08-11T13:01:39.000Z</Time><Position><LatitudeDegrees>58.63373947143555</LatitudeDegrees><LongitudeDegrees>59.80259704589844</LongitudeDegrees></Position></Trackpoint><Trackpoint><Time>2026-08-11T13:01:40.000Z</Time><Position><LatitudeDegrees>58.63374328613281</LatitudeDegrees><LongitudeDegrees>59.80259704589844</LongitudeDegrees></Position></Trackpoint><Trackpoint><Time>2026-08-11T13:01:49.000Z</Time><Position><LatitudeDegrees>58.633731842041016</LatitudeDegrees><LongitudeDegrees>59.80256271362305</LongitudeDegrees></Position></Trackpoint><Trackpoint><Time>2026-08-11T13:01:49.000Z</Time><Position><LatitudeDegrees>58.63371658325195</LatitudeDegrees><LongitudeDegrees>59.802547454833984</LongitudeDegrees></Position></Trackpoint><Trackpoint><Time>2026-08-11T13:01:50.000Z</Time><Position><LatitudeDegrees>58.63372092550307</LatitudeDegrees><LongitudeDegrees>59.8025543993779</LongitudeDegrees></Position></Trackpoint><Trackpoint><Time>2026-08-11T13:01:52.000Z</Time><Position><LatitudeDegrees>58.633705139160156</LatitudeDegrees><LongitudeDegrees>59.802490234375</LongitudeDegrees></Position></Trackpoint><Trackpoint><Time>2026-08-11T13:01:52.000Z</Time><Position><LatitudeDegrees>58.633705139160156</LatitudeDegrees><LongitudeDegrees>59.802459716796875</LongitudeDegrees></Position></Trackpoint><Trackpoint><Time>2026-08-11T13:01:53.000Z</Time><Position><LatitudeDegrees>58.633697509765625</LatitudeDegrees><LongitudeDegrees>59.80244445800781</LongitudeDegrees></Position></Trackpoint><Trackpoint><Time>2026-08-11T13:01:54.000Z</Time><Position><LatitudeDegrees>58.63369369506836</LatitudeDegrees><LongitudeDegrees>59.80242919921875</LongitudeDegrees></Position></Trackpoint><Trackpoint><Time>2026-08-11T13:01:55.000Z</Time><Position><LatitudeDegrees>58.63368606567383</LatitudeDegrees><LongitudeDegrees>59.80240249633789</LongitudeDegrees></Position></Trackpoint><Trackpoint><Time>2026-08-11T13:01:56.000Z</Time><Position><LatitudeDegrees>58.63368225097656</LatitudeDegrees><LongitudeDegrees>59.8023796081543</LongitudeDegrees></Position></Trackpoint><Trackpoint><Time>2026-08-11T13:01:57.000Z</Time><Position><LatitudeDegrees>58.63368665677336</LatitudeDegrees><LongitudeDegrees>59.80240124835904</LongitudeDegrees></Position></Trackpoint><Trackpoint><Time>2026-08-11T13:01:58.000Z</Time><Position><LatitudeDegrees>58.633682390312</LatitudeDegrees><LongitudeDegrees>59.80238545110317</LongitudeDegrees></Position></Trackpoint><Trackpoint><Time>2026-08-11T13:01:59.000Z</Time><Position><LatitudeDegrees>58.6336669921875</LatitudeDegrees><LongitudeDegrees>59.80234146118164</LongitudeDegrees></Position></Trackpoint><Trackpoint><Time>2026-08-11T13:02:00.000Z</Time><Position><LatitudeDegrees>58.6336555480957</LatitudeDegrees><LongitudeDegrees>59.80232620239258</LongitudeDegrees></Position></Trackpoint><Trackpoint><Time>2026-08-11T13:02:01.000Z</Time><Position><LatitudeDegrees>58.63366771119731</LatitudeDegrees><LongitudeDegrees>59.802351249956516</LongitudeDegrees></Position></Trackpoint><Trackpoint><Time>2026-08-11T13:02:02.000Z</Time><Position><LatitudeDegrees>58.633644104003906</LatitudeDegrees><LongitudeDegrees>59.802303314208984</LongitudeDegrees></Position></Trackpoint><Trackpoint><Time>2026-08-11T13:02:03.000Z</Time><Position><LatitudeDegrees>58.63363265991211</LatitudeDegrees><LongitudeDegrees>59.80228042602539</LongitudeDegrees></Position></Trackpoint><Trackpoint><Time>2026-08-11T13:02:05.000Z</Time><Position><LatitudeDegrees>58.633609771728516</LatitudeDegrees><LongitudeDegrees>59.80225372314453</LongitudeDegrees></Position></Trackpoint><Trackpoint><Time>2026-08-11T13:02:05.000Z</Time><Position><LatitudeDegrees>58.63359451293945</LatitudeDegrees><LongitudeDegrees>59.8022346496582</LongitudeDegrees></Position></Trackpoint><Trackpoint><Time>2026-08-11T13:02:06.000Z</Time><Position><LatitudeDegrees>58.63357162475586</LatitudeDegrees><LongitudeDegrees>59.80221939086914</LongitudeDegrees></Position></Trackpoint><Trackpoint><Time>2026-08-11T13:02:07.000Z</Time><Position><LatitudeDegrees>58.633596542850306</LatitudeDegrees><LongitudeDegrees>59.80224560323115</LongitudeDegrees></Position></Trackpoint><Trackpoint><Time>2026-08-11T13:02:08.000Z</Time><Position><LatitudeDegrees>58.63352966308594</LatitudeDegrees><LongitudeDegrees>59.802181243896484</LongitudeDegrees></Position></Trackpoint><Trackpoint><Time>2026-08-11T13:02:09.000Z</Time><Position><LatitudeDegrees>58.63354412735955</LatitudeDegrees><LongitudeDegrees>59.80220488195977</LongitudeDegrees></Position></Trackpoint><Trackpoint><Time>2026-08-11T13:02:11.000Z</Time><Position><LatitudeDegrees>58.633487701416016</LatitudeDegrees><LongitudeDegrees>59.80221176147461</LongitudeDegrees></Position></Trackpoint><Trackpoint><Time>2026-08-11T13:02:12.000Z</Time><Position><LatitudeDegrees>58.63353115921761</LatitudeDegrees><LongitudeDegrees>59.80222063394604</LongitudeDegrees></Position></Trackpoint><Trackpoint><Time>2026-08-11T13:02:13.000Z</Time><Position><LatitudeDegrees>58.63346862792969</LatitudeDegrees><LongitudeDegrees>59.802249908447266</LongitudeDegrees></Position></Trackpoint><Trackpoint><Time>2026-08-11T13:02:13.000Z</Time><Position><LatitudeDegrees>58.63348243528306</LatitudeDegrees><LongitudeDegrees>59.80223938269107</LongitudeDegrees></Position></Trackpoint><Trackpoint><Time>2026-08-11T13:02:15.000Z</Time><Position><LatitudeDegrees>58.63348422888557</LatitudeDegrees><LongitudeDegrees>59.80224521807175</LongitudeDegrees></Position></Trackpoint><Trackpoint><Time>2026-08-11T13:02:16.000Z</Time><Position><LatitudeDegrees>58.63344955444336</LatitudeDegrees><LongitudeDegrees>59.80228805541992</LongitudeDegrees></Position></Trackpoint><Trackpoint><Time>2026-08-11T13:02:17.000Z</Time><Position><LatitudeDegrees>58.63343811035156</LatitudeDegrees><LongitudeDegrees>59.80231475830078</LongitudeDegrees></Position></Trackpoint><Trackpoint><Time>2026-08-11T13:02:17.000Z</Time><Position><LatitudeDegrees>58.633426666259766</LatitudeDegrees><LongitudeDegrees>59.80233383178711</LongitudeDegrees></Position></Trackpoint><Trackpoint><Time>2026-08-11T13:02:18.000Z</Time><Position><LatitudeDegrees>58.63341522216797</LatitudeDegrees><LongitudeDegrees>59.80235290527344</LongitudeDegrees></Position></Trackpoint><Trackpoint><Time>2026-08-11T13:02:19.000Z</Time><Position><LatitudeDegrees>58.6334114074707</LatitudeDegrees><LongitudeDegrees>59.802371978759766</LongitudeDegrees></Position></Trackpoint><Trackpoint><Time>2026-08-11T13:02:20.000Z</Time><Position><LatitudeDegrees>58.633399963378906</LatitudeDegrees><LongitudeDegrees>59.80238723754883</LongitudeDegrees></Position></Trackpoint><Trackpoint><Time>2026-08-11T13:02:21.000Z</Time><Position><LatitudeDegrees>58.633406639060226</LatitudeDegrees><LongitudeDegrees>59.80236970189502</LongitudeDegrees></Position></Trackpoint><Trackpoint><Time>2026-08-11T13:02:22.000Z</Time><Position><LatitudeDegrees>58.63340189195815</LatitudeDegrees><LongitudeDegrees>59.8023769338563</LongitudeDegrees></Position></Trackpoint><Trackpoint><Time>2026-08-11T13:02:23.000Z</Time><Position><LatitudeDegrees>58.63336944580078</LatitudeDegrees><LongitudeDegrees>59.80241394042969</LongitudeDegrees></Position></Trackpoint><Trackpoint><Time>2026-08-11T13:02:24.000Z</Time><Position><LatitudeDegrees>58.633365631103516</LatitudeDegrees><LongitudeDegrees>59.80242156982422</LongitudeDegrees></Position></Trackpoint><Trackpoint><Time>2026-08-11T13:02:25.000Z</Time><Position><LatitudeDegrees>58.63336181640625</LatitudeDegrees><LongitudeDegrees>59.80241775512695</LongitudeDegrees></Position></Trackpoint><Trackpoint><Time>2026-08-11T13:02:26.000Z</Time><Position><LatitudeDegrees>58.633358001708984</LatitudeDegrees><LongitudeDegrees>59.80242156982422</LongitudeDegrees></Position></Trackpoint><Trackpoint><Time>2026-08-11T13:02:27.000Z</Time><Position><LatitudeDegrees>58.63335037231445</LatitudeDegrees><LongitudeDegrees>59.802433013916016</LongitudeDegrees></Position></Trackpoint><Trackpoint><Time>2026-08-11T13:02:28.000Z</Time><Position><LatitudeDegrees>58.633338928222656</LatitudeDegrees><LongitudeDegrees>59.802452087402344</LongitudeDegrees></Position></Trackpoint><Trackpoint><Time>2026-08-11T13:02:29.000Z</Time><Position><LatitudeDegrees>58.633331298828125</LatitudeDegrees><LongitudeDegrees>59.80247116088867</LongitudeDegrees></Position></Trackpoint><Trackpoint><Time>2026-08-11T13:02:31.000Z</Time><Position><LatitudeDegrees>58.63331985473633</LatitudeDegrees><LongitudeDegrees>59.802486419677734</LongitudeDegrees></Position></Trackpoint><Trackpoint><Time>2026-08-11T13:02:31.000Z</Time><Position><LatitudeDegrees>58.63330841064453</LatitudeDegrees><LongitudeDegrees>59.8025016784668</LongitudeDegrees></Position></Trackpoint><Trackpoint><Time>2026-08-11T13:02:32.000Z</Time><Position><LatitudeDegrees>58.63329315185547</LatitudeDegrees><LongitudeDegrees>59.802513122558594</LongitudeDegrees></Position></Trackpoint><Trackpoint><Time>2026-08-11T13:02:33.000Z</Time><Position><LatitudeDegrees>58.63328170776367</LatitudeDegrees><LongitudeDegrees>59.80252456665039</LongitudeDegrees></Position></Trackpoint><Trackpoint><Time>2026-08-11T13:02:34.000Z</Time><Position><LatitudeDegrees>58.633270263671875</LatitudeDegrees><LongitudeDegrees>59.80253982543945</LongitudeDegrees></Position></Trackpoint><Trackpoint><Time>2026-08-11T13:02:36.000Z</Time><Position><LatitudeDegrees>58.63325881958008</LatitudeDegrees><LongitudeDegrees>59.802547454833984</LongitudeDegrees></Position></Trackpoint><Trackpoint><Time>2026-08-11T13:02:36.000Z</Time><Position><LatitudeDegrees>58.63327540919315</LatitudeDegrees><LongitudeDegrees>59.80253190176623</LongitudeDegrees></Position></Trackpoint><Trackpoint><Time>2026-08-11T13:02:37.000Z</Time><Position><LatitudeDegrees>58.63323974609375</LatitudeDegrees><LongitudeDegrees>59.80259323120117</LongitudeDegrees></Position></Trackpoint><Trackpoint><Time>2026-08-11T13:02:39.000Z</Time><Position><LatitudeDegrees>58.63322448730469</LatitudeDegrees><LongitudeDegrees>59.80261993408203</LongitudeDegrees></Position></Trackpoint><Trackpoint><Time>2026-08-11T13:02:40.000Z</Time><Position><LatitudeDegrees>58.63321304321289</LatitudeDegrees><LongitudeDegrees>59.80263900756836</LongitudeDegrees></Position></Trackpoint><Trackpoint><Time>2026-08-11T13:02:41.000Z</Time><Position><LatitudeDegrees>58.63323072983982</LatitudeDegrees><LongitudeDegrees>59.802607138144936</LongitudeDegrees></Position></Trackpoint><Trackpoint><Time>2026-08-11T13:02:42.000Z</Time><Position><LatitudeDegrees>58.633182525634766</LatitudeDegrees><LongitudeDegrees>59.80265808105469</LongitudeDegrees></Position></Trackpoint><Trackpoint><Time>2026-08-11T13:02:43.000Z</Time><Position><LatitudeDegrees>58.63317108154297</LatitudeDegrees><LongitudeDegrees>59.802669525146484</LongitudeDegrees></Position></Trackpoint><Trackpoint><Time>2026-08-11T13:02:43.000Z</Time><Position><LatitudeDegrees>58.63315963745117</LatitudeDegrees><LongitudeDegrees>59.80268478393555</LongitudeDegrees></Position></Trackpoint><Trackpoint><Time>2026-08-11T13:02:45.000Z</Time><Position><LatitudeDegrees>58.633148193359375</LatitudeDegrees><LongitudeDegrees>59.80270004272461</LongitudeDegrees></Position></Trackpoint><Trackpoint><Time>2026-08-11T13:02:46.000Z</Time><Position><LatitudeDegrees>58.633140563964844</LatitudeDegrees><LongitudeDegrees>59.80271911621094</LongitudeDegrees></Position></Trackpoint><Trackpoint><Time>2026-08-11T13:02:47.000Z</Time><Position><LatitudeDegrees>58.63312911987305</LatitudeDegrees><LongitudeDegrees>59.802734375</LongitudeDegrees></Position></Trackpoint><Trackpoint><Time>2026-08-11T13:02:48.000Z</Time><Position><LatitudeDegrees>58.63311767578125</LatitudeDegrees><LongitudeDegrees>59.8027458190918</LongitudeDegrees></Position></Trackpoint><Trackpoint><Time>2026-08-11T13:02:49.000Z</Time><Position><LatitudeDegrees>58.63310623168945</LatitudeDegrees><LongitudeDegrees>59.80276107788086</LongitudeDegrees></Position></Trackpoint><Trackpoint><Time>2026-08-11T13:02:49.000Z</Time><Position><LatitudeDegrees>58.633094787597656</LatitudeDegrees><LongitudeDegrees>59.80277633666992</LongitudeDegrees></Position></Trackpoint><Trackpoint><Time>2026-08-11T13:02:50.000Z</Time><Position><LatitudeDegrees>58.63308334350586</LatitudeDegrees><LongitudeDegrees>59.80278778076172</LongitudeDegrees></Position></Trackpoint><Trackpoint><Time>2026-08-11T13:02:51.000Z</Time><Position><LatitudeDegrees>58.63307189941406</LatitudeDegrees><LongitudeDegrees>59.80280303955078</LongitudeDegrees></Position></Trackpoint><Trackpoint><Time>2026-08-11T13:02:53.000Z</Time><Position><LatitudeDegrees>58.633060455322266</LatitudeDegrees><LongitudeDegrees>59.802818298339844</LongitudeDegrees></Position></Trackpoint><Trackpoint><Time>2026-08-11T13:02:54.000Z</Time><Position><LatitudeDegrees>58.63304901123047</LatitudeDegrees><LongitudeDegrees>59.80282974243164</LongitudeDegrees></Position></Trackpoint><Trackpoint><Time>2026-08-11T13:02:54.000Z</Time><Position><LatitudeDegrees>58.63303756713867</LatitudeDegrees><LongitudeDegrees>59.802852630615234</LongitudeDegrees></Position></Trackpoint><Trackpoint><Time>2026-08-11T13:02:56.000Z</Time><Position><LatitudeDegrees>58.633026123046875</LatitudeDegrees><LongitudeDegrees>59.80287170410156</LongitudeDegrees></Position></Trackpoint><Trackpoint><Time>2026-08-11T13:02:56.000Z</Time><Position><LatitudeDegrees>58.63303517346146</LatitudeDegrees><LongitudeDegrees>59.80285551854672</LongitudeDegrees></Position></Trackpoint><Trackpoint><Time>2026-08-11T13:02:57.000Z</Time><Position><LatitudeDegrees>58.63302372611145</LatitudeDegrees><LongitudeDegrees>59.802864057640086</LongitudeDegrees></Position></Trackpoint><Trackpoint><Time>2026-08-11T13:02:58.000Z</Time><Position><LatitudeDegrees>58.63301228503418</LatitudeDegrees><LongitudeDegrees>59.80286679704279</LongitudeDegrees></Position></Trackpoint><Trackpoint><Time>2026-08-11T13:02:59.000Z</Time><Position><LatitudeDegrees>58.63301543343208</LatitudeDegrees><LongitudeDegrees>59.80286208343154</LongitudeDegrees></Position></Trackpoint><Trackpoint><Time>2026-08-11T13:03:00.000Z</Time><Position><LatitudeDegrees>58.632965087890625</LatitudeDegrees><LongitudeDegrees>59.8028450012207</LongitudeDegrees></Position></Trackpoint><Trackpoint><Time>2026-08-11T13:03:01.000Z</Time><Position><LatitudeDegrees>58.63296127319336</LatitudeDegrees><LongitudeDegrees>59.802825927734375</LongitudeDegrees></Position></Trackpoint><Trackpoint><Time>2026-08-11T13:03:02.000Z</Time><Position><LatitudeDegrees>58.63295364379883</LatitudeDegrees><LongitudeDegrees>59.80281066894531</LongitudeDegrees></Position></Trackpoint><Trackpoint><Time>2026-08-11T13:03:03.000Z</Time><Position><LatitudeDegrees>58.6329694197445</LatitudeDegrees><LongitudeDegrees>59.802827599486974</LongitudeDegrees></Position></Trackpoint><Trackpoint><Time>2026-08-11T13:03:04.000Z</Time><Position><LatitudeDegrees>58.63294219970703</LatitudeDegrees><LongitudeDegrees>59.80277633666992</LongitudeDegrees></Position></Trackpoint><Trackpoint><Time>2026-08-11T13:03:05.000Z</Time><Position><LatitudeDegrees>58.632938385009766</LatitudeDegrees><LongitudeDegrees>59.80276107788086</LongitudeDegrees></Position></Trackpoint><Trackpoint><Time>2026-08-11T13:03:06.000Z</Time><Position><LatitudeDegrees>58.632930755615234</LatitudeDegrees><LongitudeDegrees>59.80274963378906</LongitudeDegrees></Position></Trackpoint><Trackpoint><Time>2026-08-11T13:03:07.000Z</Time><Position><LatitudeDegrees>58.63292694091797</LatitudeDegrees><LongitudeDegrees>59.802738189697266</LongitudeDegrees></Position></Trackpoint><Trackpoint><Time>2026-08-11T13:03:08.000Z</Time><Position><LatitudeDegrees>58.63291931152344</LatitudeDegrees><LongitudeDegrees>59.80272674560547</LongitudeDegrees></Position></Trackpoint><Trackpoint><Time>2026-08-11T13:03:09.000Z</Time><Position><LatitudeDegrees>58.63291549682617</LatitudeDegrees><LongitudeDegrees>59.80271911621094</LongitudeDegrees></Position></Trackpoint><Trackpoint><Time>2026-08-11T13:03:10.000Z</Time><Position><LatitudeDegrees>58.632911682128906</LatitudeDegrees><LongitudeDegrees>59.802711486816406</LongitudeDegrees></Position></Trackpoint><Trackpoint><Time>2026-08-11T13:03:12.000Z</Time><Position><LatitudeDegrees>58.63290786743164</LatitudeDegrees><LongitudeDegrees>59.80270004272461</LongitudeDegrees></Position></Trackpoint><Trackpoint><Time>2026-08-11T13:03:12.000Z</Time><Position><LatitudeDegrees>58.632896423339844</LatitudeDegrees><LongitudeDegrees>59.80268096923828</LongitudeDegrees></Position></Trackpoint><Trackpoint><Time>2026-08-11T13:03:13.000Z</Time><Position><LatitudeDegrees>58.63290307159994</LatitudeDegrees><LongitudeDegrees>59.80269092627552</LongitudeDegrees></Position></Trackpoint><Trackpoint><Time>2026-08-11T13:03:14.000Z</Time><Position><LatitudeDegrees>58.63289904984124</LatitudeDegrees><LongitudeDegrees>59.80268502781916</LongitudeDegrees></Position></Trackpoint><Trackpoint><Time>2026-08-11T13:03:16.000Z</Time><Position><LatitudeDegrees>58.632877349853516</LatitudeDegrees><LongitudeDegrees>59.80266189575195</LongitudeDegrees></Position></Trackpoint><Trackpoint><Time>2026-08-11T13:03:16.000Z</Time><Position><LatitudeDegrees>58.632887656519884</LatitudeDegrees><LongitudeDegrees>59.80267347979271</LongitudeDegrees></Position></Trackpoint><Trackpoint><Time>2026-08-11T13:03:17.000Z</Time><Position><LatitudeDegrees>58.63285446166992</LatitudeDegrees><LongitudeDegrees>59.802669525146484</LongitudeDegrees></Position></Trackpoint><Trackpoint><Time>2026-08-11T13:03:18.000Z</Time><Position><LatitudeDegrees>58.632865399127745</LatitudeDegrees><LongitudeDegrees>59.802677987022534</LongitudeDegrees></Position></Trackpoint><Trackpoint><Time>2026-08-11T13:03:19.000Z</Time><Position><LatitudeDegrees>58.63283157348633</LatitudeDegrees><LongitudeDegrees>59.80270004272461</LongitudeDegrees></Position></Trackpoint><Trackpoint><Time>2026-08-11T13:03:20.000Z</Time><Position><LatitudeDegrees>58.6328239440918</LatitudeDegrees><LongitudeDegrees>59.802711486816406</LongitudeDegrees></Position></Trackpoint><Trackpoint><Time>2026-08-11T13:03:21.000Z</Time><Position><LatitudeDegrees>58.632816314697266</LatitudeDegrees><LongitudeDegrees>59.8027229309082</LongitudeDegrees></Position></Trackpoint><Trackpoint><Time>2026-08-11T13:03:22.000Z</Time><Position><LatitudeDegrees>58.63280487060547</LatitudeDegrees><LongitudeDegrees>59.802730560302734</LongitudeDegrees></Position></Trackpoint><Trackpoint><Time>2026-08-11T13:03:23.000Z</Time><Position><LatitudeDegrees>58.63279342651367</LatitudeDegrees><LongitudeDegrees>59.8027229309082</LongitudeDegrees></Position></Trackpoint><Trackpoint><Time>2026-08-11T13:03:24.000Z</Time><Position><LatitudeDegrees>58.63280849522682</LatitudeDegrees><LongitudeDegrees>59.80271944772729</LongitudeDegrees></Position></Trackpoint><Trackpoint><Time>2026-08-11T13:03:25.000Z</Time><Position><LatitudeDegrees>58.63277816772461</LatitudeDegrees><LongitudeDegrees>59.80275344848633</LongitudeDegrees></Position></Trackpoint><Trackpoint><Time>2026-08-11T13:03:26.000Z</Time><Position><LatitudeDegrees>58.63277053833008</LatitudeDegrees><LongitudeDegrees>59.80276870727539</LongitudeDegrees></Position></Trackpoint><Trackpoint><Time>2026-08-11T13:03:27.000Z</Time><Position><LatitudeDegrees>58.63275909423828</LatitudeDegrees><LongitudeDegrees>59.80278396606445</LongitudeDegrees></Position></Trackpoint><Trackpoint><Time>2026-08-11T13:03:28.000Z</Time><Position><LatitudeDegrees>58.632747650146484</LatitudeDegrees><LongitudeDegrees>59.802799224853516</LongitudeDegrees></Position></Trackpoint><Trackpoint><Time>2026-08-11T13:03:29.000Z</Time><Position><LatitudeDegrees>58.63273620605469</LatitudeDegrees><LongitudeDegrees>59.80281448364258</LongitudeDegrees></Position></Trackpoint><Trackpoint><Time>2026-08-11T13:03:30.000Z</Time><Position><LatitudeDegrees>58.63272476196289</LatitudeDegrees><LongitudeDegrees>59.80282974243164</LongitudeDegrees></Position></Trackpoint><Trackpoint><Time>2026-08-11T13:03:32.000Z</Time><Position><LatitudeDegrees>58.63274009725487</LatitudeDegrees><LongitudeDegrees>59.802808460421296</LongitudeDegrees></Position></Trackpoint><Trackpoint><Time>2026-08-11T13:03:33.000Z</Time><Position><LatitudeDegrees>58.6326904296875</LatitudeDegrees><LongitudeDegrees>59.80284881591797</LongitudeDegrees></Position></Trackpoint><Trackpoint><Time>2026-08-11T13:03:33.000Z</Time><Position><LatitudeDegrees>58.6326789855957</LatitudeDegrees><LongitudeDegrees>59.8028564453125</LongitudeDegrees></Position></Trackpoint><Trackpoint><Time>2026-08-11T13:03:35.000Z</Time><Position><LatitudeDegrees>58.63266372680664</LatitudeDegrees><LongitudeDegrees>59.80287551879883</LongitudeDegrees></Position></Trackpoint><Trackpoint><Time>2026-08-11T13:03:36.000Z</Time><Position><LatitudeDegrees>58.63264846801758</LatitudeDegrees><LongitudeDegrees>59.80288314819336</LongitudeDegrees></Position></Trackpoint><Trackpoint><Time>2026-08-11T13:03:37.000Z</Time><Position><LatitudeDegrees>58.63264083862305</LatitudeDegrees><LongitudeDegrees>59.80289077758789</LongitudeDegrees></Position></Trackpoint><Trackpoint><Time>2026-08-11T13:03:38.000Z</Time><Position><LatitudeDegrees>58.63265931599008</LatitudeDegrees><LongitudeDegrees>59.80287711296661</LongitudeDegrees></Position></Trackpoint><Trackpoint><Time>2026-08-11T13:03:39.000Z</Time><Position><LatitudeDegrees>58.63261795043945</LatitudeDegrees><LongitudeDegrees>59.80292510986328</LongitudeDegrees></Position></Trackpoint><Trackpoint><Time>2026-08-11T13:03:39.000Z</Time><Position><LatitudeDegrees>58.63263805189463</LatitudeDegrees><LongitudeDegrees>59.80290205774172</LongitudeDegrees></Position></Trackpoint><Trackpoint><Time>2026-08-11T13:03:40.000Z</Time><Position><LatitudeDegrees>58.632598876953125</LatitudeDegrees><LongitudeDegrees>59.802982330322266</LongitudeDegrees></Position></Trackpoint><Trackpoint><Time>2026-08-11T13:03:41.000Z</Time><Position><LatitudeDegrees>58.63258743286133</LatitudeDegrees><LongitudeDegrees>59.80299758911133</LongitudeDegrees></Position></Trackpoint><Trackpoint><Time>2026-08-11T13:03:42.000Z</Time><Position><LatitudeDegrees>58.6325798034668</LatitudeDegrees><LongitudeDegrees>59.80301284790039</LongitudeDegrees></Position></Trackpoint><Trackpoint><Time>2026-08-11T13:03:43.000Z</Time><Position><LatitudeDegrees>58.632568359375</LatitudeDegrees><LongitudeDegrees>59.80302810668945</LongitudeDegrees></Position></Trackpoint><Trackpoint><Time>2026-08-11T13:03:45.000Z</Time><Position><LatitudeDegrees>58.63256072998047</LatitudeDegrees><LongitudeDegrees>59.80304718017578</LongitudeDegrees></Position></Trackpoint><Trackpoint><Time>2026-08-11T13:03:45.000Z</Time><Position><LatitudeDegrees>58.63254928588867</LatitudeDegrees><LongitudeDegrees>59.80306625366211</LongitudeDegrees></Position></Trackpoint><Trackpoint><Time>2026-08-11T13:03:46.000Z</Time><Position><LatitudeDegrees>58.63254165649414</LatitudeDegrees><LongitudeDegrees>59.803077697753906</LongitudeDegrees></Position></Trackpoint><Trackpoint><Time>2026-08-11T13:03:48.000Z</Time><Position><LatitudeDegrees>58.632555334847865</LatitudeDegrees><LongitudeDegrees>59.8030543879087</LongitudeDegrees></Position></Trackpoint><Trackpoint><Time>2026-08-11T13:03:49.000Z</Time><Position><LatitudeDegrees>58.63251876831055</LatitudeDegrees><LongitudeDegrees>59.80310821533203</LongitudeDegrees></Position></Trackpoint><Trackpoint><Time>2026-08-11T13:03:49.000Z</Time><Position><LatitudeDegrees>58.63250732421875</LatitudeDegrees><LongitudeDegrees>59.803123474121094</LongitudeDegrees></Position></Trackpoint><Trackpoint><Time>2026-08-11T13:03:51.000Z</Time><Position><LatitudeDegrees>58.63249206542969</LatitudeDegrees><LongitudeDegrees>59.803138732910156</LongitudeDegrees></Position></Trackpoint><Trackpoint><Time>2026-08-11T13:03:51.000Z</Time><Position><LatitudeDegrees>58.632484436035156</LatitudeDegrees><LongitudeDegrees>59.80315399169922</LongitudeDegrees></Position></Trackpoint><Trackpoint><Time>2026-08-11T13:03:52.000Z</Time><Position><LatitudeDegrees>58.632476806640625</LatitudeDegrees><LongitudeDegrees>59.803165435791016</LongitudeDegrees></Position></Trackpoint><Trackpoint><Time>2026-08-11T13:03:54.000Z</Time><Position><LatitudeDegrees>58.632469177246094</LatitudeDegrees><LongitudeDegrees>59.80318069458008</LongitudeDegrees></Position></Trackpoint><Trackpoint><Time>2026-08-11T13:03:55.000Z</Time><Position><LatitudeDegrees>58.6324577331543</LatitudeDegrees><LongitudeDegrees>59.80319595336914</LongitudeDegrees></Position></Trackpoint><Trackpoint><Time>2026-08-11T13:03:56.000Z</Time><Position><LatitudeDegrees>58.6324462890625</LatitudeDegrees><LongitudeDegrees>59.80321502685547</LongitudeDegrees></Position></Trackpoint><Trackpoint><Time>2026-08-11T13:03:56.000Z</Time><Position><LatitudeDegrees>58.63243103027344</LatitudeDegrees><LongitudeDegrees>59.8032341003418</LongitudeDegrees></Position></Trackpoint><Trackpoint><Time>2026-08-11T13:03:58.000Z</Time><Position><LatitudeDegrees>58.63241958618164</LatitudeDegrees><LongitudeDegrees>59.80324935913086</LongitudeDegrees></Position></Trackpoint><Trackpoint><Time>2026-08-11T13:03:58.000Z</Time><Position><LatitudeDegrees>58.632408142089844</LatitudeDegrees><LongitudeDegrees>59.80326461791992</LongitudeDegrees></Position></Trackpoint><Trackpoint><Time>2026-08-11T13:04:00.000Z</Time><Position><LatitudeDegrees>58.63240051269531</LatitudeDegrees><LongitudeDegrees>59.803279876708984</LongitudeDegrees></Position></Trackpoint><Trackpoint><Time>2026-08-11T13:04:01.000Z</Time><Position><LatitudeDegrees>58.63239288330078</LatitudeDegrees><LongitudeDegrees>59.80329132080078</LongitudeDegrees></Position></Trackpoint><Trackpoint><Time>2026-08-11T13:04:02.000Z</Time><Position><LatitudeDegrees>58.63237762451172</LatitudeDegrees><LongitudeDegrees>59.803306579589844</LongitudeDegrees></Position></Trackpoint><Trackpoint><Time>2026-08-11T13:04:03.000Z</Time><Position><LatitudeDegrees>58.63236618041992</LatitudeDegrees><LongitudeDegrees>59.803321838378906</LongitudeDegrees></Position></Trackpoint><Trackpoint><Time>2026-08-11T13:04:04.000Z</Time><Position><LatitudeDegrees>58.63235855102539</LatitudeDegrees><LongitudeDegrees>59.803340911865234</LongitudeDegrees></Position></Trackpoint><Trackpoint><Time>2026-08-11T13:04:05.000Z</Time><Position><LatitudeDegrees>58.632347106933594</LatitudeDegrees><LongitudeDegrees>59.80335998535156</LongitudeDegrees></Position></Trackpoint><Trackpoint><Time>2026-08-11T13:04:06.000Z</Time><Position><LatitudeDegrees>58.63233947753906</LatitudeDegrees><LongitudeDegrees>59.80337905883789</LongitudeDegrees></Position></Trackpoint><Trackpoint><Time>2026-08-11T13:04:06.000Z</Time><Position><LatitudeDegrees>58.632328033447266</LatitudeDegrees><LongitudeDegrees>59.80339050292969</LongitudeDegrees></Position></Trackpoint><Trackpoint><Time>2026-08-11T13:04:08.000Z</Time><Position><LatitudeDegrees>58.63230895996094</LatitudeDegrees><LongitudeDegrees>59.80340576171875</LongitudeDegrees></Position></Trackpoint><Trackpoint><Time>2026-08-11T13:04:08.000Z</Time><Position><LatitudeDegrees>58.63229751586914</LatitudeDegrees><LongitudeDegrees>59.80342102050781</LongitudeDegrees></Position></Trackpoint><Trackpoint><Time>2026-08-11T13:04:10.000Z</Time><Position><LatitudeDegrees>58.63230663550812</LatitudeDegrees><LongitudeDegrees>59.80341150730191</LongitudeDegrees></Position></Trackpoint><Trackpoint><Time>2026-08-11T13:04:10.000Z</Time><Position><LatitudeDegrees>58.63229380160168</LatitudeDegrees><LongitudeDegrees>59.80342994895407</LongitudeDegrees></Position></Trackpoint><Trackpoint><Time>2026-08-11T13:04:12.000Z</Time><Position><LatitudeDegrees>58.63225173950195</LatitudeDegrees><LongitudeDegrees>59.8034782409668</LongitudeDegrees></Position></Trackpoint><Trackpoint><Time>2026-08-11T13:04:13.000Z</Time><Position><LatitudeDegrees>58.63223648071289</LatitudeDegrees><LongitudeDegrees>59.803489685058594</LongitudeDegrees></Position></Trackpoint><Trackpoint><Time>2026-08-11T13:04:13.000Z</Time><Position><LatitudeDegrees>58.63222122192383</LatitudeDegrees><LongitudeDegrees>59.803504943847656</LongitudeDegrees></Position></Trackpoint><Trackpoint><Time>2026-08-11T13:04:14.000Z</Time><Position><LatitudeDegrees>58.63220977783203</LatitudeDegrees><LongitudeDegrees>59.80350875854492</LongitudeDegrees></Position></Trackpoint><Trackpoint><Time>2026-08-11T13:04:15.000Z</Time><Position><LatitudeDegrees>58.632198333740234</LatitudeDegrees><LongitudeDegrees>59.80352020263672</LongitudeDegrees></Position></Trackpoint><Trackpoint><Time>2026-08-11T13:04:16.000Z</Time><Position><LatitudeDegrees>58.63218688964844</LatitudeDegrees><LongitudeDegrees>59.803531646728516</LongitudeDegrees></Position></Trackpoint><Trackpoint><Time>2026-08-11T13:04:18.000Z</Time><Position><LatitudeDegrees>58.63217544555664</LatitudeDegrees><LongitudeDegrees>59.803550720214844</LongitudeDegrees></Position></Trackpoint><Trackpoint><Time>2026-08-11T13:04:18.000Z</Time><Position><LatitudeDegrees>58.63216018676758</LatitudeDegrees><LongitudeDegrees>59.80356979370117</LongitudeDegrees></Position></Trackpoint><Trackpoint><Time>2026-08-11T13:04:19.000Z</Time><Position><LatitudeDegrees>58.632144927978516</LatitudeDegrees><LongitudeDegrees>59.803585052490234</LongitudeDegrees></Position></Trackpoint><Trackpoint><Time>2026-08-11T13:04:20.000Z</Time><Position><LatitudeDegrees>58.63212966918945</LatitudeDegrees><LongitudeDegrees>59.8036003112793</LongitudeDegrees></Position></Trackpoint><Trackpoint><Time>2026-08-11T13:04:21.000Z</Time><Position><LatitudeDegrees>58.632118225097656</LatitudeDegrees><LongitudeDegrees>59.803611755371094</LongitudeDegrees></Position></Trackpoint><Trackpoint><Time>2026-08-11T13:04:22.000Z</Time><Position><LatitudeDegrees>58.63212951480823</LatitudeDegrees><LongitudeDegrees>59.80360237272354</LongitudeDegrees></Position></Trackpoint><Trackpoint><Time>2026-08-11T13:04:23.000Z</Time><Position><LatitudeDegrees>58.63209533691406</LatitudeDegrees><LongitudeDegrees>59.80364227294922</LongitudeDegrees></Position></Trackpoint><Trackpoint><Time>2026-08-11T13:04:24.000Z</Time><Position><LatitudeDegrees>58.6321080293175</LatitudeDegrees><LongitudeDegrees>59.8036299644182</LongitudeDegrees></Position></Trackpoint><Trackpoint><Time>2026-08-11T13:04:25.000Z</Time><Position><LatitudeDegrees>58.63208770751953</LatitudeDegrees><LongitudeDegrees>59.80366516113281</LongitudeDegrees></Position></Trackpoint><Trackpoint><Time>2026-08-11T13:04:27.000Z</Time><Position><LatitudeDegrees>58.632083892822266</LatitudeDegrees><LongitudeDegrees>59.803672790527344</LongitudeDegrees></Position></Trackpoint><Trackpoint><Time>2026-08-11T13:04:28.000Z</Time><Position><LatitudeDegrees>58.632080078125</LatitudeDegrees><LongitudeDegrees>59.80368423461914</LongitudeDegrees></Position></Trackpoint><Trackpoint><Time>2026-08-11T13:04:28.000Z</Time><Position><LatitudeDegrees>58.632076263427734</LatitudeDegrees><LongitudeDegrees>59.80369186401367</LongitudeDegrees></Position></Trackpoint><Trackpoint><Time>2026-08-11T13:04:29.000Z</Time><Position><LatitudeDegrees>58.6320686340332</LatitudeDegrees><LongitudeDegrees>59.80370330810547</LongitudeDegrees></Position></Trackpoint><Trackpoint><Time>2026-08-11T13:04:31.000Z</Time><Position><LatitudeDegrees>58.63206100463867</LatitudeDegrees><LongitudeDegrees>59.80371856689453</LongitudeDegrees></Position></Trackpoint><Trackpoint><Time>2026-08-11T13:04:31.000Z</Time><Position><LatitudeDegrees>58.63206593519484</LatitudeDegrees><LongitudeDegrees>59.803709692075245</LongitudeDegrees></Position></Trackpoint><Trackpoint><Time>2026-08-11T13:04:32.000Z</Time><Position><LatitudeDegrees>58.63205989825844</LatitudeDegrees><LongitudeDegrees>59.80372405017348</LongitudeDegrees></Position></Trackpoint><Trackpoint><Time>2026-08-11T13:04:33.000Z</Time><Position><LatitudeDegrees>58.63204574584961</LatitudeDegrees><LongitudeDegrees>59.803768157958984</LongitudeDegrees></Position></Trackpoint><Trackpoint><Time>2026-08-11T13:04:34.000Z</Time><Position><LatitudeDegrees>58.63204574584961</LatitudeDegrees><LongitudeDegrees>59.80378723144531</LongitudeDegrees></Position></Trackpoint><Trackpoint><Time>2026-08-11T13:04:35.000Z</Time><Position><LatitudeDegrees>58.63203811645508</LatitudeDegrees><LongitudeDegrees>59.803810119628906</LongitudeDegrees></Position></Trackpoint><Trackpoint><Time>2026-08-11T13:04:36.000Z</Time><Position><LatitudeDegrees>58.63202667236328</LatitudeDegrees><LongitudeDegrees>59.8038330078125</LongitudeDegrees></Position></Trackpoint><Trackpoint><Time>2026-08-11T13:04:38.000Z</Time><Position><LatitudeDegrees>58.632022857666016</LatitudeDegrees><LongitudeDegrees>59.80384826660156</LongitudeDegrees></Position></Trackpoint><Trackpoint><Time>2026-08-11T13:04:38.000Z</Time><Position><LatitudeDegrees>58.63202836914903</LatitudeDegrees><LongitudeDegrees>59.803830994380505</LongitudeDegrees></Position></Trackpoint><Trackpoint><Time>2026-08-11T13:04:39.000Z</Time><Position><LatitudeDegrees>58.63202597916488</LatitudeDegrees><LongitudeDegrees>59.80383700033284</LongitudeDegrees></Position></Trackpoint><Trackpoint><Time>2026-08-11T13:04:40.000Z</Time><Position><LatitudeDegrees>58.63200378417969</LatitudeDegrees><LongitudeDegrees>59.803871154785156</LongitudeDegrees></Position></Trackpoint><Trackpoint><Time>2026-08-11T13:04:41.000Z</Time><Position><LatitudeDegrees>58.63199996948242</LatitudeDegrees><LongitudeDegrees>59.80387878417969</LongitudeDegrees></Position></Trackpoint><Trackpoint><Time>2026-08-11T13:04:42.000Z</Time><Position><LatitudeDegrees>58.631988525390625</LatitudeDegrees><LongitudeDegrees>59.803890228271484</LongitudeDegrees></Position></Trackpoint><Trackpoint><Time>2026-08-11T13:04:43.000Z</Time><Position><LatitudeDegrees>58.63197708129883</LatitudeDegrees><LongitudeDegrees>59.80391311645508</LongitudeDegrees></Position></Trackpoint><Trackpoint><Time>2026-08-11T13:04:44.000Z</Time><Position><LatitudeDegrees>58.6319694519043</LatitudeDegrees><LongitudeDegrees>59.80392837524414</LongitudeDegrees></Position></Trackpoint><Trackpoint><Time>2026-08-11T13:04:45.000Z</Time><Position><LatitudeDegrees>58.63197389655028</LatitudeDegrees><LongitudeDegrees>59.80392094145813</LongitudeDegrees></Position></Trackpoint><Trackpoint><Time>2026-08-11T13:04:46.000Z</Time><Position><LatitudeDegrees>58.63196873825401</LatitudeDegrees><LongitudeDegrees>59.80393594154229</LongitudeDegrees></Position></Trackpoint><Trackpoint><Time>2026-08-11T13:04:47.000Z</Time><Position><LatitudeDegrees>58.631935119628906</LatitudeDegrees><LongitudeDegrees>59.80402755737305</LongitudeDegrees></Position></Trackpoint><Trackpoint><Time>2026-08-11T13:04:48.000Z</Time><Position><LatitudeDegrees>58.63192367553711</LatitudeDegrees><LongitudeDegrees>59.804073333740234</LongitudeDegrees></Position></Trackpoint><Trackpoint><Time>2026-08-11T13:04:50.000Z</Time><Position><LatitudeDegrees>58.63190841674805</LatitudeDegrees><LongitudeDegrees>59.80411148071289</LongitudeDegrees></Position></Trackpoint><Trackpoint><Time>2026-08-11T13:04:51.000Z</Time><Position><LatitudeDegrees>58.63189697265625</LatitudeDegrees><LongitudeDegrees>59.804134368896484</LongitudeDegrees></Position></Trackpoint><Trackpoint><Time>2026-08-11T13:04:52.000Z</Time><Position><LatitudeDegrees>58.63190721871624</LatitudeDegrees><LongitudeDegrees>59.804106691593624</LongitudeDegrees></Position></Trackpoint><Trackpoint><Time>2026-08-11T13:04:53.000Z</Time><Position><LatitudeDegrees>58.63187789916992</LatitudeDegrees><LongitudeDegrees>59.80418014526367</LongitudeDegrees></Position></Trackpoint><Trackpoint><Time>2026-08-11T13:04:53.000Z</Time><Position><LatitudeDegrees>58.631885666287495</LatitudeDegrees><LongitudeDegrees>59.8041584603591</LongitudeDegrees></Position></Trackpoint><Trackpoint><Time>2026-08-11T13:04:54.000Z</Time><Position><LatitudeDegrees>58.63188677146885</LatitudeDegrees><LongitudeDegrees>59.80415222984346</LongitudeDegrees></Position></Trackpoint><Trackpoint><Time>2026-08-11T13:04:55.000Z</Time><Position><LatitudeDegrees>58.631863046318486</LatitudeDegrees><LongitudeDegrees>59.804177945730004</LongitudeDegrees></Position></Trackpoint><Trackpoint><Time>2026-08-11T13:04:57.000Z</Time><Position><LatitudeDegrees>58.63182067871094</LatitudeDegrees><LongitudeDegrees>59.804195404052734</LongitudeDegrees></Position></Trackpoint><Trackpoint><Time>2026-08-11T13:04:58.000Z</Time><Position><LatitudeDegrees>58.631805419921875</LatitudeDegrees><LongitudeDegrees>59.804203033447266</LongitudeDegrees></Position></Trackpoint><Trackpoint><Time>2026-08-11T13:04:58.000Z</Time><Position><LatitudeDegrees>58.63179016113281</LatitudeDegrees><LongitudeDegrees>59.804203033447266</LongitudeDegrees></Position></Trackpoint><Trackpoint><Time>2026-08-11T13:05:00.000Z</Time><Position><LatitudeDegrees>58.631771087646484</LatitudeDegrees><LongitudeDegrees>59.8042106628418</LongitudeDegrees></Position></Trackpoint><Trackpoint><Time>2026-08-11T13:05:01.000Z</Time><Position><LatitudeDegrees>58.631786075016464</LatitudeDegrees><LongitudeDegrees>59.80420842650822</LongitudeDegrees></Position></Trackpoint><Trackpoint><Time>2026-08-11T13:05:02.000Z</Time><Position><LatitudeDegrees>58.631744384765625</LatitudeDegrees><LongitudeDegrees>59.80423355102539</LongitudeDegrees></Position></Trackpoint><Trackpoint><Time>2026-08-11T13:05:03.000Z</Time><Position><LatitudeDegrees>58.63173294067383</LatitudeDegrees><LongitudeDegrees>59.80424499511719</LongitudeDegrees></Position></Trackpoint><Trackpoint><Time>2026-08-11T13:05:03.000Z</Time><Position><LatitudeDegrees>58.6317253112793</LatitudeDegrees><LongitudeDegrees>59.80425262451172</LongitudeDegrees></Position></Trackpoint><Trackpoint><Time>2026-08-11T13:05:04.000Z</Time><Position><LatitudeDegrees>58.631717681884766</LatitudeDegrees><LongitudeDegrees>59.80426025390625</LongitudeDegrees></Position></Trackpoint><Trackpoint><Time>2026-08-11T13:05:05.000Z</Time><Position><LatitudeDegrees>58.63173323033308</LatitudeDegrees><LongitudeDegrees>59.804246167750534</LongitudeDegrees></Position></Trackpoint><Trackpoint><Time>2026-08-11T13:05:07.000Z</Time><Position><LatitudeDegrees>58.63168716430664</LatitudeDegrees><LongitudeDegrees>59.804256439208984</LongitudeDegrees></Position></Trackpoint><Trackpoint><Time>2026-08-11T13:05:07.000Z</Time><Position><LatitudeDegrees>58.63167190551758</LatitudeDegrees><LongitudeDegrees>59.80425262451172</LongitudeDegrees></Position></Trackpoint><Trackpoint><Time>2026-08-11T13:05:09.000Z</Time><Position><LatitudeDegrees>58.631656646728516</LatitudeDegrees><LongitudeDegrees>59.804256439208984</LongitudeDegrees></Position></Trackpoint><Trackpoint><Time>2026-08-11T13:05:10.000Z</Time><Position><LatitudeDegrees>58.631649017333984</LatitudeDegrees><LongitudeDegrees>59.804264068603516</LongitudeDegrees></Position></Trackpoint><Trackpoint><Time>2026-08-11T13:05:10.000Z</Time><Position><LatitudeDegrees>58.63164520263672</LatitudeDegrees><LongitudeDegrees>59.80425262451172</LongitudeDegrees></Position></Trackpoint><Trackpoint><Time>2026-08-11T13:05:11.000Z</Time><Position><LatitudeDegrees>58.63163757324219</LatitudeDegrees><LongitudeDegrees>59.80424880981445</LongitudeDegrees></Position></Trackpoint><Trackpoint><Time>2026-08-11T13:05:13.000Z</Time><Position><LatitudeDegrees>58.631650857838686</LatitudeDegrees><LongitudeDegrees>59.80425253509709</LongitudeDegrees></Position></Trackpoint><Trackpoint><Time>2026-08-11T13:05:13.000Z</Time><Position><LatitudeDegrees>58.63162612915039</LatitudeDegrees><LongitudeDegrees>59.80426025390625</LongitudeDegrees></Position></Trackpoint><Trackpoint><Time>2026-08-11T13:05:15.000Z</Time><Position><LatitudeDegrees>58.631631613644416</LatitudeDegrees><LongitudeDegrees>59.80426082810427</LongitudeDegrees></Position></Trackpoint><Trackpoint><Time>2026-08-11T13:05:15.000Z</Time><Position><LatitudeDegrees>58.63162982572098</LatitudeDegrees><LongitudeDegrees>59.804269279061685</LongitudeDegrees></Position></Trackpoint><Trackpoint><Time>2026-08-11T13:05:16.000Z</Time><Position><LatitudeDegrees>58.6316032409668</LatitudeDegrees><LongitudeDegrees>59.80431365966797</LongitudeDegrees></Position></Trackpoint><Trackpoint><Time>2026-08-11T13:05:18.000Z</Time><Position><LatitudeDegrees>58.631591796875</LatitudeDegrees><LongitudeDegrees>59.80433654785156</LongitudeDegrees></Position></Trackpoint><Trackpoint><Time>2026-08-11T13:05:18.000Z</Time><Position><LatitudeDegrees>58.63158416748047</LatitudeDegrees><LongitudeDegrees>59.804359436035156</LongitudeDegrees></Position></Trackpoint><Trackpoint><Time>2026-08-11T13:05:20.000Z</Time><Position><LatitudeDegrees>58.63157272338867</LatitudeDegrees><LongitudeDegrees>59.80437469482422</LongitudeDegrees></Position></Trackpoint><Trackpoint><Time>2026-08-11T13:05:21.000Z</Time><Position><LatitudeDegrees>58.63156509399414</LatitudeDegrees><LongitudeDegrees>59.80438232421875</LongitudeDegrees></Position></Trackpoint><Trackpoint><Time>2026-08-11T13:05:22.000Z</Time><Position><LatitudeDegrees>58.63155746459961</LatitudeDegrees><LongitudeDegrees>59.80438995361328</LongitudeDegrees></Position></Trackpoint><Trackpoint><Time>2026-08-11T13:05:23.000Z</Time><Position><LatitudeDegrees>58.63154602050781</LatitudeDegrees><LongitudeDegrees>59.80440902709961</LongitudeDegrees></Position></Trackpoint><Trackpoint><Time>2026-08-11T13:05:24.000Z</Time><Position><LatitudeDegrees>58.63155163363149</LatitudeDegrees><LongitudeDegrees>59.80439913264248</LongitudeDegrees></Position></Trackpoint><Trackpoint><Time>2026-08-11T13:05:25.000Z</Time><Position><LatitudeDegrees>58.63154134386865</LatitudeDegrees><LongitudeDegrees>59.80441228594121</LongitudeDegrees></Position></Trackpoint><Trackpoint><Time>2026-08-11T13:05:26.000Z</Time><Position><LatitudeDegrees>58.63151168823242</LatitudeDegrees><LongitudeDegrees>59.80443572998047</LongitudeDegrees></Position></Trackpoint><Trackpoint><Time>2026-08-11T13:05:26.000Z</Time><Position><LatitudeDegrees>58.631492614746094</LatitudeDegrees><LongitudeDegrees>59.80443572998047</LongitudeDegrees></Position></Trackpoint><Trackpoint><Time>2026-08-11T13:05:28.000Z</Time><Position><LatitudeDegrees>58.63147735595703</LatitudeDegrees><LongitudeDegrees>59.804443359375</LongitudeDegrees></Position></Trackpoint><Trackpoint><Time>2026-08-11T13:05:28.000Z</Time><Position><LatitudeDegrees>58.6314582824707</LatitudeDegrees><LongitudeDegrees>59.80445098876953</LongitudeDegrees></Position></Trackpoint><Trackpoint><Time>2026-08-11T13:05:30.000Z</Time><Position><LatitudeDegrees>58.631446838378906</LatitudeDegrees><LongitudeDegrees>59.80445861816406</LongitudeDegrees></Position></Trackpoint><Trackpoint><Time>2026-08-11T13:05:30.000Z</Time><Position><LatitudeDegrees>58.63146773812697</LatitudeDegrees><LongitudeDegrees>59.804450467566035</LongitudeDegrees></Position></Trackpoint><Trackpoint><Time>2026-08-11T13:05:32.000Z</Time><Position><LatitudeDegrees>58.63145068412483</LatitudeDegrees><LongitudeDegrees>59.80447252059786</LongitudeDegrees></Position></Trackpoint><Trackpoint><Time>2026-08-11T13:05:33.000Z</Time><Position><LatitudeDegrees>58.63143157229714</LatitudeDegrees><LongitudeDegrees>59.80449883760347</LongitudeDegrees></Position></Trackpoint><Trackpoint><Time>2026-08-11T13:05:33.000Z</Time><Position><LatitudeDegrees>58.63139724731445</LatitudeDegrees><LongitudeDegrees>59.8045539855957</LongitudeDegrees></Position></Trackpoint><Trackpoint><Time>2026-08-11T13:05:34.000Z</Time><Position><LatitudeDegrees>58.63138198852539</LatitudeDegrees><LongitudeDegrees>59.8045768737793</LongitudeDegrees></Position></Trackpoint><Trackpoint><Time>2026-08-11T13:05:36.000Z</Time><Position><LatitudeDegrees>58.63136672973633</LatitudeDegrees><LongitudeDegrees>59.80459213256836</LongitudeDegrees></Position></Trackpoint><Trackpoint><Time>2026-08-11T13:05:37.000Z</Time><Position><LatitudeDegrees>58.631351470947266</LatitudeDegrees><LongitudeDegrees>59.804622650146484</LongitudeDegrees></Position></Trackpoint><Trackpoint><Time>2026-08-11T13:05:38.000Z</Time><Position><LatitudeDegrees>58.63134002685547</LatitudeDegrees><LongitudeDegrees>59.80464172363281</LongitudeDegrees></Position></Trackpoint><Trackpoint><Time>2026-08-11T13:05:39.000Z</Time><Position><LatitudeDegrees>58.63135354249035</LatitudeDegrees><LongitudeDegrees>59.804621158618424</LongitudeDegrees></Position></Trackpoint><Trackpoint><Time>2026-08-11T13:05:39.000Z</Time><Position><LatitudeDegrees>58.63134131741185</LatitudeDegrees><LongitudeDegrees>59.80464294967862</LongitudeDegrees></Position></Trackpoint><Trackpoint><Time>2026-08-11T13:05:40.000Z</Time><Position><LatitudeDegrees>58.631309509277344</LatitudeDegrees><LongitudeDegrees>59.80470275878906</LongitudeDegrees></Position></Trackpoint><Trackpoint><Time>2026-08-11T13:05:41.000Z</Time><Position><LatitudeDegrees>58.63129806518555</LatitudeDegrees><LongitudeDegrees>59.80473327636719</LongitudeDegrees></Position></Trackpoint><Trackpoint><Time>2026-08-11T13:05:43.000Z</Time><Position><LatitudeDegrees>58.63128662109375</LatitudeDegrees><LongitudeDegrees>59.80474853515625</LongitudeDegrees></Position></Trackpoint><Trackpoint><Time>2026-08-11T13:05:44.000Z</Time><Position><LatitudeDegrees>58.63127517700195</LatitudeDegrees><LongitudeDegrees>59.804771423339844</LongitudeDegrees></Position></Trackpoint><Trackpoint><Time>2026-08-11T13:05:45.000Z</Time><Position><LatitudeDegrees>58.63127136230469</LatitudeDegrees><LongitudeDegrees>59.80479049682617</LongitudeDegrees></Position></Trackpoint><Trackpoint><Time>2026-08-11T13:05:46.000Z</Time><Position><LatitudeDegrees>58.631263732910156</LatitudeDegrees><LongitudeDegrees>59.804805755615234</LongitudeDegrees></Position></Trackpoint><Trackpoint><Time>2026-08-11T13:05:47.000Z</Time><Position><LatitudeDegrees>58.631256103515625</LatitudeDegrees><LongitudeDegrees>59.80482482910156</LongitudeDegrees></Position></Trackpoint><Trackpoint><Time>2026-08-11T13:05:48.000Z</Time><Position><LatitudeDegrees>58.631248474121094</LatitudeDegrees><LongitudeDegrees>59.80483627319336</LongitudeDegrees></Position></Trackpoint><Trackpoint><Time>2026-08-11T13:05:49.000Z</Time><Position><LatitudeDegrees>58.63125361539833</LatitudeDegrees><LongitudeDegrees>59.80482143222326</LongitudeDegrees></Position></Trackpoint><Trackpoint><Time>2026-08-11T13:05:49.000Z</Time><Position><LatitudeDegrees>58.6312504741723</LatitudeDegrees><LongitudeDegrees>59.804827313277166</LongitudeDegrees></Position></Trackpoint><Trackpoint><Time>2026-08-11T13:05:51.000Z</Time><Position><LatitudeDegrees>58.63123745784128</LatitudeDegrees><LongitudeDegrees>59.80484418967667</LongitudeDegrees></Position></Trackpoint><Trackpoint><Time>2026-08-11T13:05:51.000Z</Time><Position><LatitudeDegrees>58.63119888305664</LatitudeDegrees><LongitudeDegrees>59.80488204956055</LongitudeDegrees></Position></Trackpoint><Trackpoint><Time>2026-08-11T13:05:53.000Z</Time><Position><LatitudeDegrees>58.631187438964844</LatitudeDegrees><LongitudeDegrees>59.804893493652344</LongitudeDegrees></Position></Trackpoint><Trackpoint><Time>2026-08-11T13:05:54.000Z</Time><Position><LatitudeDegrees>58.63117218017578</LatitudeDegrees><LongitudeDegrees>59.804901123046875</LongitudeDegrees></Position></Trackpoint><Trackpoint><Time>2026-08-11T13:05:54.000Z</Time><Position><LatitudeDegrees>58.63115692138672</LatitudeDegrees><LongitudeDegrees>59.80490493774414</LongitudeDegrees></Position></Trackpoint><Trackpoint><Time>2026-08-11T13:05:56.000Z</Time><Position><LatitudeDegrees>58.63114547729492</LatitudeDegrees><LongitudeDegrees>59.80491256713867</LongitudeDegrees></Position></Trackpoint><Trackpoint><Time>2026-08-11T13:05:57.000Z</Time><Position><LatitudeDegrees>58.63113784790039</LatitudeDegrees><LongitudeDegrees>59.80491256713867</LongitudeDegrees></Position></Trackpoint><Trackpoint><Time>2026-08-11T13:05:58.000Z</Time><Position><LatitudeDegrees>58.63113021850586</LatitudeDegrees><LongitudeDegrees>59.8049201965332</LongitudeDegrees></Position></Trackpoint><Trackpoint><Time>2026-08-11T13:05:58.000Z</Time><Position><LatitudeDegrees>58.63111877441406</LatitudeDegrees><LongitudeDegrees>59.804931640625</LongitudeDegrees></Position></Trackpoint><Trackpoint><Time>2026-08-11T13:05:59.000Z</Time><Position><LatitudeDegrees>58.6311149597168</LatitudeDegrees><LongitudeDegrees>59.804935455322266</LongitudeDegrees></Position></Trackpoint><Trackpoint><Time>2026-08-11T13:06:01.000Z</Time><Position><LatitudeDegrees>58.631103515625</LatitudeDegrees><LongitudeDegrees>59.80493927001953</LongitudeDegrees></Position></Trackpoint><Trackpoint><Time>2026-08-11T13:06:02.000Z</Time><Position><LatitudeDegrees>58.63109588623047</LatitudeDegrees><LongitudeDegrees>59.8049430847168</LongitudeDegrees></Position></Trackpoint><Trackpoint><Time>2026-08-11T13:06:02.000Z</Time><Position><LatitudeDegrees>58.63108444213867</LatitudeDegrees><LongitudeDegrees>59.80495834350586</LongitudeDegrees></Position></Trackpoint><Trackpoint><Time>2026-08-11T13:06:03.000Z</Time><Position><LatitudeDegrees>58.63106918334961</LatitudeDegrees><LongitudeDegrees>59.804969787597656</LongitudeDegrees></Position></Trackpoint><Trackpoint><Time>2026-08-11T13:06:04.000Z</Time><Position><LatitudeDegrees>58.63105773925781</LatitudeDegrees><LongitudeDegrees>59.80498504638672</LongitudeDegrees></Position></Trackpoint><Trackpoint><Time>2026-08-11T13:06:05.000Z</Time><Position><LatitudeDegrees>58.63104248046875</LatitudeDegrees><LongitudeDegrees>59.80500030517578</LongitudeDegrees></Position></Trackpoint><Trackpoint><Time>2026-08-11T13:06:07.000Z</Time><Position><LatitudeDegrees>58.6310532160448</LatitudeDegrees><LongitudeDegrees>59.80498816598038</LongitudeDegrees></Position></Trackpoint><Trackpoint><Time>2026-08-11T13:06:07.000Z</Time><Position><LatitudeDegrees>58.63101577758789</LatitudeDegrees><LongitudeDegrees>59.805015563964844</LongitudeDegrees></Position></Trackpoint><Trackpoint><Time>2026-08-11T13:06:09.000Z</Time><Position><LatitudeDegrees>58.631030369732734</LatitudeDegrees><LongitudeDegrees>59.80500272819593</LongitudeDegrees></Position></Trackpoint><Trackpoint><Time>2026-08-11T13:06:10.000Z</Time><Position><LatitudeDegrees>58.63098907470703</LatitudeDegrees><LongitudeDegrees>59.80501174926758</LongitudeDegrees></Position></Trackpoint><Trackpoint><Time>2026-08-11T13:06:11.000Z</Time><Position><LatitudeDegrees>58.63101022230609</LatitudeDegrees><LongitudeDegrees>59.80500664416584</LongitudeDegrees></Position></Trackpoint><Trackpoint><Time>2026-08-11T13:06:11.000Z</Time><Position><LatitudeDegrees>58.63096237182617</LatitudeDegrees><LongitudeDegrees>59.804996490478516</LongitudeDegrees></Position></Trackpoint><Trackpoint><Time>2026-08-11T13:06:13.000Z</Time><Position><LatitudeDegrees>58.630975395862194</LatitudeDegrees><LongitudeDegrees>59.80499844348803</LongitudeDegrees></Position></Trackpoint><Trackpoint><Time>2026-08-11T13:06:13.000Z</Time><Position><LatitudeDegrees>58.630943298339844</LatitudeDegrees><LongitudeDegrees>59.80497741699219</LongitudeDegrees></Position></Trackpoint><Trackpoint><Time>2026-08-11T13:06:15.000Z</Time><Position><LatitudeDegrees>58.63095572422086</LatitudeDegrees><LongitudeDegrees>59.804983182442584</LongitudeDegrees></Position></Trackpoint><Trackpoint><Time>2026-08-11T13:06:15.000Z</Time><Position><LatitudeDegrees>58.630916595458984</LatitudeDegrees><LongitudeDegrees>59.80494689941406</LongitudeDegrees></Position></Trackpoint><Trackpoint><Time>2026-08-11T13:06:16.000Z</Time><Position><LatitudeDegrees>58.630926685299734</LatitudeDegrees><LongitudeDegrees>59.80495451209532</LongitudeDegrees></Position></Trackpoint><Trackpoint><Time>2026-08-11T13:06:18.000Z</Time><Position><LatitudeDegrees>58.630897521972656</LatitudeDegrees><LongitudeDegrees>59.80489730834961</LongitudeDegrees></Position></Trackpoint><Trackpoint><Time>2026-08-11T13:06:18.000Z</Time><Position><LatitudeDegrees>58.63090940231772</LatitudeDegrees><LongitudeDegrees>59.80491680877696</LongitudeDegrees></Position></Trackpoint><Trackpoint><Time>2026-08-11T13:06:19.000Z</Time><Position><LatitudeDegrees>58.63087844848633</LatitudeDegrees><LongitudeDegrees>59.80485916137695</LongitudeDegrees></Position></Trackpoint><Trackpoint><Time>2026-08-11T13:06:20.000Z</Time><Position><LatitudeDegrees>58.6308708190918</LatitudeDegrees><LongitudeDegrees>59.804847717285156</LongitudeDegrees></Position></Trackpoint><Trackpoint><Time>2026-08-11T13:06:21.000Z</Time><Position><LatitudeDegrees>58.63086700439453</LatitudeDegrees><LongitudeDegrees>59.80482864379883</LongitudeDegrees></Position></Trackpoint><Trackpoint><Time>2026-08-11T13:06:23.000Z</Time><Position><LatitudeDegrees>58.63087778738775</LatitudeDegrees><LongitudeDegrees>59.80485449128227</LongitudeDegrees></Position></Trackpoint><Trackpoint><Time>2026-08-11T13:06:24.000Z</Time><Position><LatitudeDegrees>58.63085174560547</LatitudeDegrees><LongitudeDegrees>59.804779052734375</LongitudeDegrees></Position></Trackpoint><Trackpoint><Time>2026-08-11T13:06:24.000Z</Time><Position><LatitudeDegrees>58.63084030151367</LatitudeDegrees><LongitudeDegrees>59.80474853515625</LongitudeDegrees></Position></Trackpoint><Trackpoint><Time>2026-08-11T13:06:25.000Z</Time><Position><LatitudeDegrees>58.63084030151367</LatitudeDegrees><LongitudeDegrees>59.80473709106445</LongitudeDegrees></Position></Trackpoint><Trackpoint><Time>2026-08-11T13:06:26.000Z</Time><Position><LatitudeDegrees>58.63084030151367</LatitudeDegrees><LongitudeDegrees>59.804718017578125</LongitudeDegrees></Position></Trackpoint><Trackpoint><Time>2026-08-11T13:06:27.000Z</Time><Position><LatitudeDegrees>58.63083267211914</LatitudeDegrees><LongitudeDegrees>59.80469512939453</LongitudeDegrees></Position></Trackpoint><Trackpoint><Time>2026-08-11T13:06:28.000Z</Time><Position><LatitudeDegrees>58.63082504272461</LatitudeDegrees><LongitudeDegrees>59.80466842651367</LongitudeDegrees></Position></Trackpoint><Trackpoint><Time>2026-08-11T13:06:29.000Z</Time><Position><LatitudeDegrees>58.63083365530193</LatitudeDegrees><LongitudeDegrees>59.80470154423862</LongitudeDegrees></Position></Trackpoint><Trackpoint><Time>2026-08-11T13:06:30.000Z</Time><Position><LatitudeDegrees>58.63080596923828</LatitudeDegrees><LongitudeDegrees>59.80463409423828</LongitudeDegrees></Position></Trackpoint><Trackpoint><Time>2026-08-11T13:06:31.000Z</Time><Position><LatitudeDegrees>58.63079071044922</LatitudeDegrees><LongitudeDegrees>59.80462646484375</LongitudeDegrees></Position></Trackpoint><Trackpoint><Time>2026-08-11T13:06:33.000Z</Time><Position><LatitudeDegrees>58.63078689575195</LatitudeDegrees><LongitudeDegrees>59.80460739135742</LongitudeDegrees></Position></Trackpoint><Trackpoint><Time>2026-08-11T13:06:33.000Z</Time><Position><LatitudeDegrees>58.630792338782776</LatitudeDegrees><LongitudeDegrees>59.80461912987368</LongitudeDegrees></Position></Trackpoint><Trackpoint><Time>2026-08-11T13:06:34.000Z</Time><Position><LatitudeDegrees>58.630767822265625</LatitudeDegrees><LongitudeDegrees>59.804561614990234</LongitudeDegrees></Position></Trackpoint><Trackpoint><Time>2026-08-11T13:06:35.000Z</Time><Position><LatitudeDegrees>58.630760192871094</LatitudeDegrees><LongitudeDegrees>59.804542541503906</LongitudeDegrees></Position></Trackpoint><Trackpoint><Time>2026-08-11T13:06:36.000Z</Time><Position><LatitudeDegrees>58.63075256347656</LatitudeDegrees><LongitudeDegrees>59.804527282714844</LongitudeDegrees></Position></Trackpoint><Trackpoint><Time>2026-08-11T13:06:37.000Z</Time><Position><LatitudeDegrees>58.63074493408203</LatitudeDegrees><LongitudeDegrees>59.804508209228516</LongitudeDegrees></Position></Trackpoint><Trackpoint><Time>2026-08-11T13:06:38.000Z</Time><Position><LatitudeDegrees>58.6307373046875</LatitudeDegrees><LongitudeDegrees>59.80449295043945</LongitudeDegrees></Position></Trackpoint><Trackpoint><Time>2026-08-11T13:06:40.000Z</Time><Position><LatitudeDegrees>58.630733489990234</LatitudeDegrees><LongitudeDegrees>59.804481506347656</LongitudeDegrees></Position></Trackpoint><Trackpoint><Time>2026-08-11T13:06:40.000Z</Time><Position><LatitudeDegrees>58.6307258605957</LatitudeDegrees><LongitudeDegrees>59.80445861816406</LongitudeDegrees></Position></Trackpoint><Trackpoint><Time>2026-08-11T13:06:41.000Z</Time><Position><LatitudeDegrees>58.630714416503906</LatitudeDegrees><LongitudeDegrees>59.804443359375</LongitudeDegrees></Position></Trackpoint><Trackpoint><Time>2026-08-11T13:06:42.000Z</Time><Position><LatitudeDegrees>58.63072779034609</LatitudeDegrees><LongitudeDegrees>59.804467735554105</LongitudeDegrees></Position></Trackpoint><Trackpoint><Time>2026-08-11T13:06:43.000Z</Time><Position><LatitudeDegrees>58.630706787109375</LatitudeDegrees><LongitudeDegrees>59.80439376831055</LongitudeDegrees></Position></Trackpoint><Trackpoint><Time>2026-08-11T13:06:44.000Z</Time><Position><LatitudeDegrees>58.63070297241211</LatitudeDegrees><LongitudeDegrees>59.804378509521484</LongitudeDegrees></Position></Trackpoint><Trackpoint><Time>2026-08-11T13:06:45.000Z</Time><Position><LatitudeDegrees>58.63070297241211</LatitudeDegrees><LongitudeDegrees>59.80436325073242</LongitudeDegrees></Position></Trackpoint><Trackpoint><Time>2026-08-11T13:06:46.000Z</Time><Position><LatitudeDegrees>58.630699157714844</LatitudeDegrees><LongitudeDegrees>59.804344177246094</LongitudeDegrees></Position></Trackpoint><Trackpoint><Time>2026-08-11T13:06:47.000Z</Time><Position><LatitudeDegrees>58.63069534301758</LatitudeDegrees><LongitudeDegrees>59.8043212890625</LongitudeDegrees></Position></Trackpoint><Trackpoint><Time>2026-08-11T13:06:48.000Z</Time><Position><LatitudeDegrees>58.630700822664984</LatitudeDegrees><LongitudeDegrees>59.80435049847681</LongitudeDegrees></Position></Trackpoint><Trackpoint><Time>2026-08-11T13:06:49.000Z</Time><Position><LatitudeDegrees>58.630680084228516</LatitudeDegrees><LongitudeDegrees>59.80428695678711</LongitudeDegrees></Position></Trackpoint><Trackpoint><Time>2026-08-11T13:06:50.000Z</Time><Position><LatitudeDegrees>58.630672454833984</LatitudeDegrees><LongitudeDegrees>59.80426025390625</LongitudeDegrees></Position></Trackpoint><Trackpoint><Time>2026-08-11T13:06:51.000Z</Time><Position><LatitudeDegrees>58.63066101074219</LatitudeDegrees><LongitudeDegrees>59.80424118041992</LongitudeDegrees></Position></Trackpoint><Trackpoint><Time>2026-08-11T13:06:52.000Z</Time><Position><LatitudeDegrees>58.630653381347656</LatitudeDegrees><LongitudeDegrees>59.80421829223633</LongitudeDegrees></Position></Trackpoint><Trackpoint><Time>2026-08-11T13:06:53.000Z</Time><Position><LatitudeDegrees>58.63064956665039</LatitudeDegrees><LongitudeDegrees>59.80419921875</LongitudeDegrees></Position></Trackpoint><Trackpoint><Time>2026-08-11T13:06:54.000Z</Time><Position><LatitudeDegrees>58.63065912585675</LatitudeDegrees><LongitudeDegrees>59.80422966747251</LongitudeDegrees></Position></Trackpoint><Trackpoint><Time>2026-08-11T13:06:55.000Z</Time><Position><LatitudeDegrees>58.630645751953125</LatitudeDegrees><LongitudeDegrees>59.804161071777344</LongitudeDegrees></Position></Trackpoint><Trackpoint><Time>2026-08-11T13:06:56.000Z</Time><Position><LatitudeDegrees>58.630638122558594</LatitudeDegrees><LongitudeDegrees>59.80414581298828</LongitudeDegrees></Position></Trackpoint><Trackpoint><Time>2026-08-11T13:06:57.000Z</Time><Position><LatitudeDegrees>58.63063049316406</LatitudeDegrees><LongitudeDegrees>59.804115295410156</LongitudeDegrees></Position></Trackpoint><Trackpoint><Time>2026-08-11T13:06:58.000Z</Time><Position><LatitudeDegrees>58.6306266784668</LatitudeDegrees><LongitudeDegrees>59.80409240722656</LongitudeDegrees></Position></Trackpoint><Trackpoint><Time>2026-08-11T13:06:59.000Z</Time><Position><LatitudeDegrees>58.630619049072266</LatitudeDegrees><LongitudeDegrees>59.8040657043457</LongitudeDegrees></Position></Trackpoint><Trackpoint><Time>2026-08-11T13:07:00.000Z</Time><Position><LatitudeDegrees>58.630611419677734</LatitudeDegrees><LongitudeDegrees>59.804046630859375</LongitudeDegrees></Position></Trackpoint><Trackpoint><Time>2026-08-11T13:07:02.000Z</Time><Position><LatitudeDegrees>58.63061761195991</LatitudeDegrees><LongitudeDegrees>59.804066802434946</LongitudeDegrees></Position></Trackpoint><Trackpoint><Time>2026-08-11T13:07:03.000Z</Time><Position><LatitudeDegrees>58.63061778337417</LatitudeDegrees><LongitudeDegrees>59.804069328896674</LongitudeDegrees></Position></Trackpoint><Trackpoint><Time>2026-08-11T13:07:04.000Z</Time><Position><LatitudeDegrees>58.630592346191406</LatitudeDegrees><LongitudeDegrees>59.80400466918945</LongitudeDegrees></Position></Trackpoint><Trackpoint><Time>2026-08-11T13:07:05.000Z</Time><Position><LatitudeDegrees>58.630584716796875</LatitudeDegrees><LongitudeDegrees>59.803985595703125</LongitudeDegrees></Position></Trackpoint><Trackpoint><Time>2026-08-11T13:07:06.000Z</Time><Position><LatitudeDegrees>58.630577087402344</LatitudeDegrees><LongitudeDegrees>59.8039665222168</LongitudeDegrees></Position></Trackpoint><Trackpoint><Time>2026-08-11T13:07:07.000Z</Time><Position><LatitudeDegrees>58.63056945800781</LatitudeDegrees><LongitudeDegrees>59.803955078125</LongitudeDegrees></Position></Trackpoint><Trackpoint><Time>2026-08-11T13:07:07.000Z</Time><Position><LatitudeDegrees>58.63056182861328</LatitudeDegrees><LongitudeDegrees>59.8039436340332</LongitudeDegrees></Position></Trackpoint><Trackpoint><Time>2026-08-11T13:07:08.000Z</Time><Position><LatitudeDegrees>58.630558013916016</LatitudeDegrees><LongitudeDegrees>59.803924560546875</LongitudeDegrees></Position></Trackpoint><Trackpoint><Time>2026-08-11T13:07:10.000Z</Time><Position><LatitudeDegrees>58.630550384521484</LatitudeDegrees><LongitudeDegrees>59.80390167236328</LongitudeDegrees></Position></Trackpoint><Trackpoint><Time>2026-08-11T13:07:10.000Z</Time><Position><LatitudeDegrees>58.63054275512695</LatitudeDegrees><LongitudeDegrees>59.80388641357422</LongitudeDegrees></Position></Trackpoint><Trackpoint><Time>2026-08-11T13:07:12.000Z</Time><Position><LatitudeDegrees>58.63054810182233</LatitudeDegrees><LongitudeDegrees>59.80390216749816</LongitudeDegrees></Position></Trackpoint><Trackpoint><Time>2026-08-11T13:07:13.000Z</Time><Position><LatitudeDegrees>58.630531311035156</LatitudeDegrees><LongitudeDegrees>59.80385208129883</LongitudeDegrees></Position></Trackpoint><Trackpoint><Time>2026-08-11T13:07:13.000Z</Time><Position><LatitudeDegrees>58.630523681640625</LatitudeDegrees><LongitudeDegrees>59.803829193115234</LongitudeDegrees></Position></Trackpoint><Trackpoint><Time>2026-08-11T13:07:15.000Z</Time><Position><LatitudeDegrees>58.630516052246094</LatitudeDegrees><LongitudeDegrees>59.803802490234375</LongitudeDegrees></Position></Trackpoint><Trackpoint><Time>2026-08-11T13:07:16.000Z</Time><Position><LatitudeDegrees>58.63051940070288</LatitudeDegrees><LongitudeDegrees>59.80382017807717</LongitudeDegrees></Position></Trackpoint><Trackpoint><Time>2026-08-11T13:07:16.000Z</Time><Position><LatitudeDegrees>58.6304931640625</LatitudeDegrees><LongitudeDegrees>59.80374526977539</LongitudeDegrees></Position></Trackpoint><Trackpoint><Time>2026-08-11T13:07:18.000Z</Time><Position><LatitudeDegrees>58.630489349365234</LatitudeDegrees><LongitudeDegrees>59.8037109375</LongitudeDegrees></Position></Trackpoint><Trackpoint><Time>2026-08-11T13:07:18.000Z</Time><Position><LatitudeDegrees>58.630494907448195</LatitudeDegrees><LongitudeDegrees>59.80373485498945</LongitudeDegrees></Position></Trackpoint><Trackpoint><Time>2026-08-11T13:07:20.000Z</Time><Position><LatitudeDegrees>58.63049198538653</LatitudeDegrees><LongitudeDegrees>59.8037231819216</LongitudeDegrees></Position></Trackpoint><Trackpoint><Time>2026-08-11T13:07:21.000Z</Time><Position><LatitudeDegrees>58.630470275878906</LatitudeDegrees><LongitudeDegrees>59.803653717041016</LongitudeDegrees></Position></Trackpoint><Trackpoint><Time>2026-08-11T13:07:22.000Z</Time><Position><LatitudeDegrees>58.630480972853924</LatitudeDegrees><LongitudeDegrees>59.803688855588696</LongitudeDegrees></Position></Trackpoint><Trackpoint><Time>2026-08-11T13:07:23.000Z</Time><Position><LatitudeDegrees>58.63045120239258</LatitudeDegrees><LongitudeDegrees>59.80362319946289</LongitudeDegrees></Position></Trackpoint><Trackpoint><Time>2026-08-11T13:07:24.000Z</Time><Position><LatitudeDegrees>58.63046406263877</LatitudeDegrees><LongitudeDegrees>59.80365596216637</LongitudeDegrees></Position></Trackpoint><Trackpoint><Time>2026-08-11T13:07:25.000Z</Time><Position><LatitudeDegrees>58.630401611328125</LatitudeDegrees><LongitudeDegrees>59.8036003112793</LongitudeDegrees></Position></Trackpoint><Trackpoint><Time>2026-08-11T13:07:26.000Z</Time><Position><LatitudeDegrees>58.6303825378418</LatitudeDegrees><LongitudeDegrees>59.8035888671875</LongitudeDegrees></Position></Trackpoint><Trackpoint><Time>2026-08-11T13:07:26.000Z</Time><Position><LatitudeDegrees>58.63036346435547</LatitudeDegrees><LongitudeDegrees>59.8035774230957</LongitudeDegrees></Position></Trackpoint><Trackpoint><Time>2026-08-11T13:07:28.000Z</Time><Position><LatitudeDegrees>58.63040352743902</LatitudeDegrees><LongitudeDegrees>59.80360703481571</LongitudeDegrees></Position></Trackpoint><Trackpoint><Time>2026-08-11T13:07:29.000Z</Time><Position><LatitudeDegrees>58.63037644316452</LatitudeDegrees><LongitudeDegrees>59.803575298148786</LongitudeDegrees></Position></Trackpoint><Trackpoint><Time>2026-08-11T13:07:30.000Z</Time><Position><LatitudeDegrees>58.6303856809037</LatitudeDegrees><LongitudeDegrees>59.80357682984733</LongitudeDegrees></Position></Trackpoint><Trackpoint><Time>2026-08-11T13:07:31.000Z</Time><Position><LatitudeDegrees>58.630374908447266</LatitudeDegrees><LongitudeDegrees>59.803531646728516</LongitudeDegrees></Position></Trackpoint><Trackpoint><Time>2026-08-11T13:07:31.000Z</Time><Position><LatitudeDegrees>58.63037611787365</LatitudeDegrees><LongitudeDegrees>59.80354077195953</LongitudeDegrees></Position></Trackpoint><Trackpoint><Time>2026-08-11T13:07:34.000Z</Time><Position><LatitudeDegrees>58.6303825378418</LatitudeDegrees><LongitudeDegrees>59.80352020263672</LongitudeDegrees></Position></Trackpoint><Trackpoint><Time>2026-08-11T13:07:35.000Z</Time><Position><LatitudeDegrees>58.63038140132525</LatitudeDegrees><LongitudeDegrees>59.803531192125554</LongitudeDegrees></Position></Trackpoint><Trackpoint><Time>2026-08-11T13:07:36.000Z</Time><Position><LatitudeDegrees>58.63039016723633</LatitudeDegrees><LongitudeDegrees>59.803497314453125</LongitudeDegrees></Position></Trackpoint><Trackpoint><Time>2026-08-11T13:07:38.000Z</Time><Position><LatitudeDegrees>58.63039016723633</LatitudeDegrees><LongitudeDegrees>59.80350875854492</LongitudeDegrees></Position></Trackpoint><Trackpoint><Time>2026-08-11T13:07:39.000Z</Time><Position><LatitudeDegrees>58.63038979527522</LatitudeDegrees><LongitudeDegrees>59.8035122166766</LongitudeDegrees></Position></Trackpoint><Trackpoint><Time>2026-08-11T13:07:43.000Z</Time><Position><LatitudeDegrees>58.63040542602539</LatitudeDegrees><LongitudeDegrees>59.80343246459961</LongitudeDegrees></Position></Trackpoint><Trackpoint><Time>2026-08-11T13:07:45.000Z</Time><Position><LatitudeDegrees>58.63039631636394</LatitudeDegrees><LongitudeDegrees>59.80347301229989</LongitudeDegrees></Position></Trackpoint><Trackpoint><Time>2026-08-11T13:07:46.000Z</Time><Position><LatitudeDegrees>58.630401611328125</LatitudeDegrees><LongitudeDegrees>59.803367614746094</LongitudeDegrees></Position></Trackpoint><Trackpoint><Time>2026-08-11T13:07:47.000Z</Time><Position><LatitudeDegrees>58.63039924538343</LatitudeDegrees><LongitudeDegrees>59.80341999138963</LongitudeDegrees></Position></Trackpoint><Trackpoint><Time>2026-08-11T13:07:48.000Z</Time><Position><LatitudeDegrees>58.630393981933594</LatitudeDegrees><LongitudeDegrees>59.80331802368164</LongitudeDegrees></Position></Trackpoint><Trackpoint><Time>2026-08-11T13:07:49.000Z</Time><Position><LatitudeDegrees>58.63039016723633</LatitudeDegrees><LongitudeDegrees>59.80329895019531</LongitudeDegrees></Position></Trackpoint><Trackpoint><Time>2026-08-11T13:07:50.000Z</Time><Position><LatitudeDegrees>58.63039016723633</LatitudeDegrees><LongitudeDegrees>59.80326843261719</LongitudeDegrees></Position></Trackpoint><Trackpoint><Time>2026-08-11T13:07:50.000Z</Time><Position><LatitudeDegrees>58.63039237187925</LatitudeDegrees><LongitudeDegrees>59.80331124180077</LongitudeDegrees></Position></Trackpoint><Trackpoint><Time>2026-08-11T13:07:52.000Z</Time><Position><LatitudeDegrees>58.63037872314453</LatitudeDegrees><LongitudeDegrees>59.803218841552734</LongitudeDegrees></Position></Trackpoint><Trackpoint><Time>2026-08-11T13:07:53.000Z</Time><Position><LatitudeDegrees>58.630367279052734</LatitudeDegrees><LongitudeDegrees>59.803199768066406</LongitudeDegrees></Position></Trackpoint><Trackpoint><Time>2026-08-11T13:07:54.000Z</Time><Position><LatitudeDegrees>58.6303596496582</LatitudeDegrees><LongitudeDegrees>59.80317687988281</LongitudeDegrees></Position></Trackpoint><Trackpoint><Time>2026-08-11T13:07:55.000Z</Time><Position><LatitudeDegrees>58.63035202026367</LatitudeDegrees><LongitudeDegrees>59.80314254760742</LongitudeDegrees></Position></Trackpoint><Trackpoint><Time>2026-08-11T13:07:56.000Z</Time><Position><LatitudeDegrees>58.63036264876728</LatitudeDegrees><LongitudeDegrees>59.80318378665576</LongitudeDegrees></Position></Trackpoint><Trackpoint><Time>2026-08-11T13:07:57.000Z</Time><Position><LatitudeDegrees>58.630348205566406</LatitudeDegrees><LongitudeDegrees>59.80309295654297</LongitudeDegrees></Position></Trackpoint><Trackpoint><Time>2026-08-11T13:07:57.000Z</Time><Position><LatitudeDegrees>58.630340576171875</LatitudeDegrees><LongitudeDegrees>59.803070068359375</LongitudeDegrees></Position></Trackpoint><Trackpoint><Time>2026-08-11T13:07:59.000Z</Time><Position><LatitudeDegrees>58.630340576171875</LatitudeDegrees><LongitudeDegrees>59.803035736083984</LongitudeDegrees></Position></Trackpoint><Trackpoint><Time>2026-08-11T13:08:00.000Z</Time><Position><LatitudeDegrees>58.63034439086914</LatitudeDegrees><LongitudeDegrees>59.80302810668945</LongitudeDegrees></Position></Trackpoint><Trackpoint><Time>2026-08-11T13:08:01.000Z</Time><Position><LatitudeDegrees>58.63034497860654</LatitudeDegrees><LongitudeDegrees>59.803061167257766</LongitudeDegrees></Position></Trackpoint><Trackpoint><Time>2026-08-11T13:08:02.000Z</Time><Position><LatitudeDegrees>58.63033930146848</LatitudeDegrees><LongitudeDegrees>59.80303838990555</LongitudeDegrees></Position></Trackpoint><Trackpoint><Time>2026-08-11T13:08:03.000Z</Time><Position><LatitudeDegrees>58.63031768798828</LatitudeDegrees><LongitudeDegrees>59.802978515625</LongitudeDegrees></Position></Trackpoint><Trackpoint><Time>2026-08-11T13:08:03.000Z</Time><Position><LatitudeDegrees>58.630313873291016</LatitudeDegrees><LongitudeDegrees>59.80296325683594</LongitudeDegrees></Position></Trackpoint><Trackpoint><Time>2026-08-11T13:08:04.000Z</Time><Position><LatitudeDegrees>58.63031005859375</LatitudeDegrees><LongitudeDegrees>59.80294418334961</LongitudeDegrees></Position></Trackpoint><Trackpoint><Time>2026-08-11T13:08:05.000Z</Time><Position><LatitudeDegrees>58.63030242919922</LatitudeDegrees><LongitudeDegrees>59.802921295166016</LongitudeDegrees></Position></Trackpoint><Trackpoint><Time>2026-08-11T13:08:07.000Z</Time><Position><LatitudeDegrees>58.63029479980469</LatitudeDegrees><LongitudeDegrees>59.80289840698242</LongitudeDegrees></Position></Trackpoint><Trackpoint><Time>2026-08-11T13:08:07.000Z</Time><Position><LatitudeDegrees>58.63028335571289</LatitudeDegrees><LongitudeDegrees>59.80288314819336</LongitudeDegrees></Position></Trackpoint><Trackpoint><Time>2026-08-11T13:08:09.000Z</Time><Position><LatitudeDegrees>58.63028335571289</LatitudeDegrees><LongitudeDegrees>59.80287551879883</LongitudeDegrees></Position></Trackpoint><Trackpoint><Time>2026-08-11T13:08:09.000Z</Time><Position><LatitudeDegrees>58.630271911621094</LatitudeDegrees><LongitudeDegrees>59.8028564453125</LongitudeDegrees></Position></Trackpoint><Trackpoint><Time>2026-08-11T13:08:10.000Z</Time><Position><LatitudeDegrees>58.63028322404728</LatitudeDegrees><LongitudeDegrees>59.80288065718345</LongitudeDegrees></Position></Trackpoint><Trackpoint><Time>2026-08-11T13:08:11.000Z</Time><Position><LatitudeDegrees>58.63024139404297</LatitudeDegrees><LongitudeDegrees>59.80281066894531</LongitudeDegrees></Position></Trackpoint><Trackpoint><Time>2026-08-11T13:08:12.000Z</Time><Position><LatitudeDegrees>58.630261752693606</LatitudeDegrees><LongitudeDegrees>59.8028484139498</LongitudeDegrees></Position></Trackpoint><Trackpoint><Time>2026-08-11T13:08:14.000Z</Time><Position><LatitudeDegrees>58.63020324707031</LatitudeDegrees><LongitudeDegrees>59.80280685424805</LongitudeDegrees></Position></Trackpoint><Trackpoint><Time>2026-08-11T13:08:14.000Z</Time><Position><LatitudeDegrees>58.63016891479492</LatitudeDegrees><LongitudeDegrees>59.80280685424805</LongitudeDegrees></Position></Trackpoint><Trackpoint><Time>2026-08-11T13:08:15.000Z</Time><Position><LatitudeDegrees>58.630149841308594</LatitudeDegrees><LongitudeDegrees>59.80278778076172</LongitudeDegrees></Position></Trackpoint><Trackpoint><Time>2026-08-11T13:08:17.000Z</Time><Position><LatitudeDegrees>58.63018413817346</LatitudeDegrees><LongitudeDegrees>59.80280430608868</LongitudeDegrees></Position></Trackpoint><Trackpoint><Time>2026-08-11T13:08:18.000Z</Time><Position><LatitudeDegrees>58.63016638448533</LatitudeDegrees><LongitudeDegrees>59.80278061939099</LongitudeDegrees></Position></Trackpoint><Trackpoint><Time>2026-08-11T13:08:18.000Z</Time><Position><LatitudeDegrees>58.630123138427734</LatitudeDegrees><LongitudeDegrees>59.802711486816406</LongitudeDegrees></Position></Trackpoint><Trackpoint><Time>2026-08-11T13:08:19.000Z</Time><Position><LatitudeDegrees>58.63011932373047</LatitudeDegrees><LongitudeDegrees>59.80268859863281</LongitudeDegrees></Position></Trackpoint><Trackpoint><Time>2026-08-11T13:08:20.000Z</Time><Position><LatitudeDegrees>58.63011169433594</LatitudeDegrees><LongitudeDegrees>59.80265808105469</LongitudeDegrees></Position></Trackpoint><Trackpoint><Time>2026-08-11T13:08:21.000Z</Time><Position><LatitudeDegrees>58.63010025024414</LatitudeDegrees><LongitudeDegrees>59.802642822265625</LongitudeDegrees></Position></Trackpoint><Trackpoint><Time>2026-08-11T13:08:22.000Z</Time><Position><LatitudeDegrees>58.630088806152344</LatitudeDegrees><LongitudeDegrees>59.80262756347656</LongitudeDegrees></Position></Trackpoint><Trackpoint><Time>2026-08-11T13:08:24.000Z</Time><Position><LatitudeDegrees>58.63007736206055</LatitudeDegrees><LongitudeDegrees>59.802616119384766</LongitudeDegrees></Position></Trackpoint><Trackpoint><Time>2026-08-11T13:08:25.000Z</Time><Position><LatitudeDegrees>58.63007354736328</LatitudeDegrees><LongitudeDegrees>59.80259323120117</LongitudeDegrees></Position></Trackpoint><Trackpoint><Time>2026-08-11T13:08:25.000Z</Time><Position><LatitudeDegrees>58.630062103271484</LatitudeDegrees><LongitudeDegrees>59.802581787109375</LongitudeDegrees></Position></Trackpoint><Trackpoint><Time>2026-08-11T13:08:27.000Z</Time><Position><LatitudeDegrees>58.63005447387695</LatitudeDegrees><LongitudeDegrees>59.80256271362305</LongitudeDegrees></Position></Trackpoint><Trackpoint><Time>2026-08-11T13:08:27.000Z</Time><Position><LatitudeDegrees>58.6300591811069</LatitudeDegrees><LongitudeDegrees>59.80257165697455</LongitudeDegrees></Position></Trackpoint><Trackpoint><Time>2026-08-11T13:08:29.000Z</Time><Position><LatitudeDegrees>58.63004922889967</LatitudeDegrees><LongitudeDegrees>59.80254516145513</LongitudeDegrees></Position></Trackpoint><Trackpoint><Time>2026-08-11T13:08:29.000Z</Time><Position><LatitudeDegrees>58.63004290808746</LatitudeDegrees><LongitudeDegrees>59.80252138348039</LongitudeDegrees></Position></Trackpoint><Trackpoint><Time>2026-08-11T13:08:30.000Z</Time><Position><LatitudeDegrees>58.63004408515345</LatitudeDegrees><LongitudeDegrees>59.80251745265688</LongitudeDegrees></Position></Trackpoint><Trackpoint><Time>2026-08-11T13:08:31.000Z</Time><Position><LatitudeDegrees>58.63003158569336</LatitudeDegrees><LongitudeDegrees>59.80244827270508</LongitudeDegrees></Position></Trackpoint><Trackpoint><Time>2026-08-11T13:08:33.000Z</Time><Position><LatitudeDegrees>58.63003158569336</LatitudeDegrees><LongitudeDegrees>59.802425384521484</LongitudeDegrees></Position></Trackpoint><Trackpoint><Time>2026-08-11T13:08:34.000Z</Time><Position><LatitudeDegrees>58.63002395629883</LatitudeDegrees><LongitudeDegrees>59.80240249633789</LongitudeDegrees></Position></Trackpoint><Trackpoint><Time>2026-08-11T13:08:34.000Z</Time><Position><LatitudeDegrees>58.63002014160156</LatitudeDegrees><LongitudeDegrees>59.802371978759766</LongitudeDegrees></Position></Trackpoint><Trackpoint><Time>2026-08-11T13:08:35.000Z</Time><Position><LatitudeDegrees>58.63002014160156</LatitudeDegrees><LongitudeDegrees>59.80235290527344</LongitudeDegrees></Position></Trackpoint><Trackpoint><Time>2026-08-11T13:08:37.000Z</Time><Position><LatitudeDegrees>58.63002014160156</LatitudeDegrees><LongitudeDegrees>59.802330017089844</LongitudeDegrees></Position></Trackpoint><Trackpoint><Time>2026-08-11T13:08:37.000Z</Time><Position><LatitudeDegrees>58.630008697509766</LatitudeDegrees><LongitudeDegrees>59.80230712890625</LongitudeDegrees></Position></Trackpoint><Trackpoint><Time>2026-08-11T13:08:39.000Z</Time><Position><LatitudeDegrees>58.63001584207076</LatitudeDegrees><LongitudeDegrees>59.802339231969675</LongitudeDegrees></Position></Trackpoint><Trackpoint><Time>2026-08-11T13:08:39.000Z</Time><Position><LatitudeDegrees>58.630003877374634</LatitudeDegrees><LongitudeDegrees>59.80229640322303</LongitudeDegrees></Position></Trackpoint><Trackpoint><Time>2026-08-11T13:08:40.000Z</Time><Position><LatitudeDegrees>58.629999598532024</LatitudeDegrees><LongitudeDegrees>59.80228781791456</LongitudeDegrees></Position></Trackpoint><Trackpoint><Time>2026-08-11T13:08:41.000Z</Time><Position><LatitudeDegrees>58.62996292114258</LatitudeDegrees><LongitudeDegrees>59.80220413208008</LongitudeDegrees></Position></Trackpoint><Trackpoint><Time>2026-08-11T13:08:42.000Z</Time><Position><LatitudeDegrees>58.62995147705078</LatitudeDegrees><LongitudeDegrees>59.802188873291016</LongitudeDegrees></Position></Trackpoint><Trackpoint><Time>2026-08-11T13:08:44.000Z</Time><Position><LatitudeDegrees>58.62994384765625</LatitudeDegrees><LongitudeDegrees>59.80216598510742</LongitudeDegrees></Position></Trackpoint><Trackpoint><Time>2026-08-11T13:08:45.000Z</Time><Position><LatitudeDegrees>58.629940032958984</LatitudeDegrees><LongitudeDegrees>59.802162170410156</LongitudeDegrees></Position></Trackpoint><Trackpoint><Time>2026-08-11T13:08:45.000Z</Time><Position><LatitudeDegrees>58.62992477416992</LatitudeDegrees><LongitudeDegrees>59.802127838134766</LongitudeDegrees></Position></Trackpoint><Trackpoint><Time>2026-08-11T13:08:47.000Z</Time><Position><LatitudeDegrees>58.629913330078125</LatitudeDegrees><LongitudeDegrees>59.80210494995117</LongitudeDegrees></Position></Trackpoint><Trackpoint><Time>2026-08-11T13:08:48.000Z</Time><Position><LatitudeDegrees>58.629905700683594</LatitudeDegrees><LongitudeDegrees>59.80208969116211</LongitudeDegrees></Position></Trackpoint><Trackpoint><Time>2026-08-11T13:08:49.000Z</Time><Position><LatitudeDegrees>58.62991546307783</LatitudeDegrees><LongitudeDegrees>59.8021083453052</LongitudeDegrees></Position></Trackpoint><Trackpoint><Time>2026-08-11T13:08:50.000Z</Time><Position><LatitudeDegrees>58.62989807128906</LatitudeDegrees><LongitudeDegrees>59.802066802978516</LongitudeDegrees></Position></Trackpoint><Trackpoint><Time>2026-08-11T13:08:50.000Z</Time><Position><LatitudeDegrees>58.62989044189453</LatitudeDegrees><LongitudeDegrees>59.802040100097656</LongitudeDegrees></Position></Trackpoint><Trackpoint><Time>2026-08-11T13:08:51.000Z</Time><Position><LatitudeDegrees>58.6298828125</LatitudeDegrees><LongitudeDegrees>59.80202102661133</LongitudeDegrees></Position></Trackpoint><Trackpoint><Time>2026-08-11T13:08:53.000Z</Time><Position><LatitudeDegrees>58.6298713684082</LatitudeDegrees><LongitudeDegrees>59.801998138427734</LongitudeDegrees></Position></Trackpoint><Trackpoint><Time>2026-08-11T13:08:54.000Z</Time><Position><LatitudeDegrees>58.629859924316406</LatitudeDegrees><LongitudeDegrees>59.80196762084961</LongitudeDegrees></Position></Trackpoint><Trackpoint><Time>2026-08-11T13:08:55.000Z</Time><Position><LatitudeDegrees>58.62986826787649</LatitudeDegrees><LongitudeDegrees>59.801985714789836</LongitudeDegrees></Position></Trackpoint><Trackpoint><Time>2026-08-11T13:08:56.000Z</Time><Position><LatitudeDegrees>58.629868645656856</LatitudeDegrees><LongitudeDegrees>59.80198832242267</LongitudeDegrees></Position></Trackpoint><Trackpoint><Time>2026-08-11T13:08:57.000Z</Time><Position><LatitudeDegrees>58.62982940673828</LatitudeDegrees><LongitudeDegrees>59.80192565917969</LongitudeDegrees></Position></Trackpoint><Trackpoint><Time>2026-08-11T13:08:57.000Z</Time><Position><LatitudeDegrees>58.62981414794922</LatitudeDegrees><LongitudeDegrees>59.801910400390625</LongitudeDegrees></Position></Trackpoint><Trackpoint><Time>2026-08-11T13:08:58.000Z</Time><Position><LatitudeDegrees>58.62980651855469</LatitudeDegrees><LongitudeDegrees>59.80188751220703</LongitudeDegrees></Position></Trackpoint><Trackpoint><Time>2026-08-11T13:08:59.000Z</Time><Position><LatitudeDegrees>58.62981624860458</LatitudeDegrees><LongitudeDegrees>59.801906132613425</LongitudeDegrees></Position></Trackpoint><Trackpoint><Time>2026-08-11T13:09:00.000Z</Time><Position><LatitudeDegrees>58.629812643579235</LatitudeDegrees><LongitudeDegrees>59.80189932149144</LongitudeDegrees></Position></Trackpoint><Trackpoint><Time>2026-08-11T13:09:02.000Z</Time><Position><LatitudeDegrees>58.629808414329474</LatitudeDegrees><LongitudeDegrees>59.80189010463431</LongitudeDegrees></Position></Trackpoint><Trackpoint><Time>2026-08-11T13:09:02.000Z</Time><Position><LatitudeDegrees>58.629783630371094</LatitudeDegrees><LongitudeDegrees>59.80182647705078</LongitudeDegrees></Position></Trackpoint><Trackpoint><Time>2026-08-11T13:09:03.000Z</Time><Position><LatitudeDegrees>58.62977981567383</LatitudeDegrees><LongitudeDegrees>59.801795959472656</LongitudeDegrees></Position></Trackpoint><Trackpoint><Time>2026-08-11T13:09:04.000Z</Time><Position><LatitudeDegrees>58.62976837158203</LatitudeDegrees><LongitudeDegrees>59.80177688598633</LongitudeDegrees></Position></Trackpoint><Trackpoint><Time>2026-08-11T13:09:05.000Z</Time><Position><LatitudeDegrees>58.6297607421875</LatitudeDegrees><LongitudeDegrees>59.8017578125</LongitudeDegrees></Position></Trackpoint><Trackpoint><Time>2026-08-11T13:09:06.000Z</Time><Position><LatitudeDegrees>58.62975311279297</LatitudeDegrees><LongitudeDegrees>59.80173110961914</LongitudeDegrees></Position></Trackpoint><Trackpoint><Time>2026-08-11T13:09:08.000Z</Time><Position><LatitudeDegrees>58.62974166870117</LatitudeDegrees><LongitudeDegrees>59.80171585083008</LongitudeDegrees></Position></Trackpoint><Trackpoint><Time>2026-08-11T13:09:09.000Z</Time><Position><LatitudeDegrees>58.62975551806867</LatitudeDegrees><LongitudeDegrees>59.80174475209483</LongitudeDegrees></Position></Trackpoint><Trackpoint><Time>2026-08-11T13:09:10.000Z</Time><Position><LatitudeDegrees>58.62974166870117</LatitudeDegrees><LongitudeDegrees>59.80166244506836</LongitudeDegrees></Position></Trackpoint><Trackpoint><Time>2026-08-11T13:09:11.000Z</Time><Position><LatitudeDegrees>58.62973403930664</LatitudeDegrees><LongitudeDegrees>59.80164337158203</LongitudeDegrees></Position></Trackpoint><Trackpoint><Time>2026-08-11T13:09:11.000Z</Time><Position><LatitudeDegrees>58.629722595214844</LatitudeDegrees><LongitudeDegrees>59.80161666870117</LongitudeDegrees></Position></Trackpoint><Trackpoint><Time>2026-08-11T13:09:13.000Z</Time><Position><LatitudeDegrees>58.62971878051758</LatitudeDegrees><LongitudeDegrees>59.801597595214844</LongitudeDegrees></Position></Trackpoint><Trackpoint><Time>2026-08-11T13:09:14.000Z</Time><Position><LatitudeDegrees>58.62971496582031</LatitudeDegrees><LongitudeDegrees>59.801578521728516</LongitudeDegrees></Position></Trackpoint><Trackpoint><Time>2026-08-11T13:09:14.000Z</Time><Position><LatitudeDegrees>58.62971115112305</LatitudeDegrees><LongitudeDegrees>59.80156707763672</LongitudeDegrees></Position></Trackpoint><Trackpoint><Time>2026-08-11T13:09:15.000Z</Time><Position><LatitudeDegrees>58.62970733642578</LatitudeDegrees><LongitudeDegrees>59.80152893066406</LongitudeDegrees></Position></Trackpoint><Trackpoint><Time>2026-08-11T13:09:17.000Z</Time><Position><LatitudeDegrees>58.62969970703125</LatitudeDegrees><LongitudeDegrees>59.8015022277832</LongitudeDegrees></Position></Trackpoint><Trackpoint><Time>2026-08-11T13:09:18.000Z</Time><Position><LatitudeDegrees>58.62970796882516</LatitudeDegrees><LongitudeDegrees>59.801540506714275</LongitudeDegrees></Position></Trackpoint><Trackpoint><Time>2026-08-11T13:09:18.000Z</Time><Position><LatitudeDegrees>58.62968826293945</LatitudeDegrees><LongitudeDegrees>59.80147171020508</LongitudeDegrees></Position></Trackpoint><Trackpoint><Time>2026-08-11T13:09:19.000Z</Time><Position><LatitudeDegrees>58.62968063354492</LatitudeDegrees><LongitudeDegrees>59.80146026611328</LongitudeDegrees></Position></Trackpoint><Trackpoint><Time>2026-08-11T13:09:20.000Z</Time><Position><LatitudeDegrees>58.629669189453125</LatitudeDegrees><LongitudeDegrees>59.801448822021484</LongitudeDegrees></Position></Trackpoint><Trackpoint><Time>2026-08-11T13:09:22.000Z</Time><Position><LatitudeDegrees>58.62968169257553</LatitudeDegrees><LongitudeDegrees>59.80147382094777</LongitudeDegrees></Position></Trackpoint><Trackpoint><Time>2026-08-11T13:09:24.000Z</Time><Position><LatitudeDegrees>58.629661560058594</LatitudeDegrees><LongitudeDegrees>59.80145263671875</LongitudeDegrees></Position></Trackpoint><Trackpoint><Time>2026-08-11T13:09:24.000Z</Time><Position><LatitudeDegrees>58.62965774536133</LatitudeDegrees><LongitudeDegrees>59.801456451416016</LongitudeDegrees></Position></Trackpoint><Trackpoint><Time>2026-08-11T13:09:26.000Z</Time><Position><LatitudeDegrees>58.62965393066406</LatitudeDegrees><LongitudeDegrees>59.80146026611328</LongitudeDegrees></Position></Trackpoint><Trackpoint><Time>2026-08-11T13:09:27.000Z</Time><Position><LatitudeDegrees>58.6296501159668</LatitudeDegrees><LongitudeDegrees>59.801456451416016</LongitudeDegrees></Position></Trackpoint><Trackpoint><Time>2026-08-11T13:09:29.000Z</Time><Position><LatitudeDegrees>58.62964630126953</LatitudeDegrees><LongitudeDegrees>59.801456451416016</LongitudeDegrees></Position></Trackpoint><Trackpoint><Time>2026-08-11T13:09:30.000Z</Time><Position><LatitudeDegrees>58.629642486572266</LatitudeDegrees><LongitudeDegrees>59.801456451416016</LongitudeDegrees></Position></Trackpoint><Trackpoint><Time>2026-08-11T13:09:35.000Z</Time><Position><LatitudeDegrees>58.62962341308594</LatitudeDegrees><LongitudeDegrees>59.80143737792969</LongitudeDegrees></Position></Trackpoint><Trackpoint><Time>2026-08-11T13:09:36.000Z</Time><Position><LatitudeDegrees>58.62961196899414</LatitudeDegrees><LongitudeDegrees>59.80142593383789</LongitudeDegrees></Position></Trackpoint><Trackpoint><Time>2026-08-11T13:09:37.000Z</Time><Position><LatitudeDegrees>58.62961965469635</LatitudeDegrees><LongitudeDegrees>59.80143185025714</LongitudeDegrees></Position></Trackpoint><Trackpoint><Time>2026-08-11T13:09:38.000Z</Time><Position><LatitudeDegrees>58.62961472901952</LatitudeDegrees><LongitudeDegrees>59.801427746880336</LongitudeDegrees></Position></Trackpoint><Trackpoint><Time>2026-08-11T13:09:39.000Z</Time><Position><LatitudeDegrees>58.629573822021484</LatitudeDegrees><LongitudeDegrees>59.8013916015625</LongitudeDegrees></Position></Trackpoint><Trackpoint><Time>2026-08-11T13:09:40.000Z</Time><Position><LatitudeDegrees>58.62956619262695</LatitudeDegrees><LongitudeDegrees>59.801368713378906</LongitudeDegrees></Position></Trackpoint><Trackpoint><Time>2026-08-11T13:09:41.000Z</Time><Position><LatitudeDegrees>58.629547119140625</LatitudeDegrees><LongitudeDegrees>59.801353454589844</LongitudeDegrees></Position></Trackpoint><Trackpoint><Time>2026-08-11T13:09:41.000Z</Time><Position><LatitudeDegrees>58.62953567504883</LatitudeDegrees><LongitudeDegrees>59.80134963989258</LongitudeDegrees></Position></Trackpoint><Trackpoint><Time>2026-08-11T13:09:43.000Z</Time><Position><LatitudeDegrees>58.629520416259766</LatitudeDegrees><LongitudeDegrees>59.801334381103516</LongitudeDegrees></Position></Trackpoint><Trackpoint><Time>2026-08-11T13:09:43.000Z</Time><Position><LatitudeDegrees>58.62954031919345</LatitudeDegrees><LongitudeDegrees>59.80135298964691</LongitudeDegrees></Position></Trackpoint><Trackpoint><Time>2026-08-11T13:09:45.000Z</Time><Position><LatitudeDegrees>58.62953211772596</LatitudeDegrees><LongitudeDegrees>59.80134870533936</LongitudeDegrees></Position></Trackpoint><Trackpoint><Time>2026-08-11T13:09:46.000Z</Time><Position><LatitudeDegrees>58.62952185250587</LatitudeDegrees><LongitudeDegrees>59.80134755047775</LongitudeDegrees></Position></Trackpoint><Trackpoint><Time>2026-08-11T13:09:47.000Z</Time><Position><LatitudeDegrees>58.62946319580078</LatitudeDegrees><LongitudeDegrees>59.80137634277344</LongitudeDegrees></Position></Trackpoint><Trackpoint><Time>2026-08-11T13:09:48.000Z</Time><Position><LatitudeDegrees>58.62944793701172</LatitudeDegrees><LongitudeDegrees>59.801395416259766</LongitudeDegrees></Position></Trackpoint><Trackpoint><Time>2026-08-11T13:09:49.000Z</Time><Position><LatitudeDegrees>58.629432678222656</LatitudeDegrees><LongitudeDegrees>59.801414489746094</LongitudeDegrees></Position></Trackpoint><Trackpoint><Time>2026-08-11T13:09:50.000Z</Time><Position><LatitudeDegrees>58.62945712811863</LatitudeDegrees><LongitudeDegrees>59.801392173465864</LongitudeDegrees></Position></Trackpoint><Trackpoint><Time>2026-08-11T13:09:51.000Z</Time><Position><LatitudeDegrees>58.6294059753418</LatitudeDegrees><LongitudeDegrees>59.80144500732422</LongitudeDegrees></Position></Trackpoint><Trackpoint><Time>2026-08-11T13:09:52.000Z</Time><Position><LatitudeDegrees>58.629390716552734</LatitudeDegrees><LongitudeDegrees>59.80146026611328</LongitudeDegrees></Position></Trackpoint><Trackpoint><Time>2026-08-11T13:09:53.000Z</Time><Position><LatitudeDegrees>58.62937927246094</LatitudeDegrees><LongitudeDegrees>59.801475524902344</LongitudeDegrees></Position></Trackpoint><Trackpoint><Time>2026-08-11T13:09:54.000Z</Time><Position><LatitudeDegrees>58.629371643066406</LatitudeDegrees><LongitudeDegrees>59.80149841308594</LongitudeDegrees></Position></Trackpoint><Trackpoint><Time>2026-08-11T13:09:55.000Z</Time><Position><LatitudeDegrees>58.62936019897461</LatitudeDegrees><LongitudeDegrees>59.801513671875</LongitudeDegrees></Position></Trackpoint><Trackpoint><Time>2026-08-11T13:09:55.000Z</Time><Position><LatitudeDegrees>58.62934494018555</LatitudeDegrees><LongitudeDegrees>59.80153274536133</LongitudeDegrees></Position></Trackpoint><Trackpoint><Time>2026-08-11T13:09:57.000Z</Time><Position><LatitudeDegrees>58.62933349609375</LatitudeDegrees><LongitudeDegrees>59.801544189453125</LongitudeDegrees></Position></Trackpoint><Trackpoint><Time>2026-08-11T13:09:58.000Z</Time><Position><LatitudeDegrees>58.62932586669922</LatitudeDegrees><LongitudeDegrees>59.80155563354492</LongitudeDegrees></Position></Trackpoint><Trackpoint><Time>2026-08-11T13:09:59.000Z</Time><Position><LatitudeDegrees>58.6293339604009</LatitudeDegrees><LongitudeDegrees>59.8015435812222</LongitudeDegrees></Position></Trackpoint><Trackpoint><Time>2026-08-11T13:10:00.000Z</Time><Position><LatitudeDegrees>58.629302978515625</LatitudeDegrees><LongitudeDegrees>59.80157470703125</LongitudeDegrees></Position></Trackpoint><Trackpoint><Time>2026-08-11T13:10:00.000Z</Time><Position><LatitudeDegrees>58.62929153442383</LatitudeDegrees><LongitudeDegrees>59.80158996582031</LongitudeDegrees></Position></Trackpoint><Trackpoint><Time>2026-08-11T13:10:02.000Z</Time><Position><LatitudeDegrees>58.62928009033203</LatitudeDegrees><LongitudeDegrees>59.801605224609375</LongitudeDegrees></Position></Trackpoint><Trackpoint><Time>2026-08-11T13:10:03.000Z</Time><Position><LatitudeDegrees>58.62926483154297</LatitudeDegrees><LongitudeDegrees>59.801612854003906</LongitudeDegrees></Position></Trackpoint><Trackpoint><Time>2026-08-11T13:10:04.000Z</Time><Position><LatitudeDegrees>58.629284500049856</LatitudeDegrees><LongitudeDegrees>59.80159356681486</LongitudeDegrees></Position></Trackpoint><Trackpoint><Time>2026-08-11T13:10:05.000Z</Time><Position><LatitudeDegrees>58.62926699434747</LatitudeDegrees><LongitudeDegrees>59.801600804356035</LongitudeDegrees></Position></Trackpoint><Trackpoint><Time>2026-08-11T13:10:05.000Z</Time><Position><LatitudeDegrees>58.62927098852308</LatitudeDegrees><LongitudeDegrees>59.801595453364335</LongitudeDegrees></Position></Trackpoint><Trackpoint><Time>2026-08-11T13:10:07.000Z</Time><Position><LatitudeDegrees>58.62923812866211</LatitudeDegrees><LongitudeDegrees>59.80155944824219</LongitudeDegrees></Position></Trackpoint><Trackpoint><Time>2026-08-11T13:10:07.000Z</Time><Position><LatitudeDegrees>58.62923049926758</LatitudeDegrees><LongitudeDegrees>59.801536560058594</LongitudeDegrees></Position></Trackpoint><Trackpoint><Time>2026-08-11T13:10:09.000Z</Time><Position><LatitudeDegrees>58.62923959258164</LatitudeDegrees><LongitudeDegrees>59.801545935493984</LongitudeDegrees></Position></Trackpoint><Trackpoint><Time>2026-08-11T13:10:10.000Z</Time><Position><LatitudeDegrees>58.629215240478516</LatitudeDegrees><LongitudeDegrees>59.801483154296875</LongitudeDegrees></Position></Trackpoint><Trackpoint><Time>2026-08-11T13:10:10.000Z</Time><Position><LatitudeDegrees>58.629207611083984</LatitudeDegrees><LongitudeDegrees>59.80146789550781</LongitudeDegrees></Position></Trackpoint><Trackpoint><Time>2026-08-11T13:10:11.000Z</Time><Position><LatitudeDegrees>58.62920379638672</LatitudeDegrees><LongitudeDegrees>59.80144119262695</LongitudeDegrees></Position></Trackpoint><Trackpoint><Time>2026-08-11T13:10:13.000Z</Time><Position><LatitudeDegrees>58.62920956608509</LatitudeDegrees><LongitudeDegrees>59.80145998069752</LongitudeDegrees></Position></Trackpoint><Trackpoint><Time>2026-08-11T13:10:13.000Z</Time><Position><LatitudeDegrees>58.62920460907839</LatitudeDegrees><LongitudeDegrees>59.80145105768921</LongitudeDegrees></Position></Trackpoint><Trackpoint><Time>2026-08-11T13:10:15.000Z</Time><Position><LatitudeDegrees>58.629180908203125</LatitudeDegrees><LongitudeDegrees>59.8014030456543</LongitudeDegrees></Position></Trackpoint><Trackpoint><Time>2026-08-11T13:10:16.000Z</Time><Position><LatitudeDegrees>58.629173278808594</LatitudeDegrees><LongitudeDegrees>59.801395416259766</LongitudeDegrees></Position></Trackpoint><Trackpoint><Time>2026-08-11T13:10:16.000Z</Time><Position><LatitudeDegrees>58.62916564941406</LatitudeDegrees><LongitudeDegrees>59.8013916015625</LongitudeDegrees></Position></Trackpoint><Trackpoint><Time>2026-08-11T13:10:18.000Z</Time><Position><LatitudeDegrees>58.6291618347168</LatitudeDegrees><LongitudeDegrees>59.801387786865234</LongitudeDegrees></Position></Trackpoint><Trackpoint><Time>2026-08-11T13:10:18.000Z</Time><Position><LatitudeDegrees>58.6291618347168</LatitudeDegrees><LongitudeDegrees>59.80138397216797</LongitudeDegrees></Position></Trackpoint><Trackpoint><Time>2026-08-11T13:10:20.000Z</Time><Position><LatitudeDegrees>58.62915802001953</LatitudeDegrees><LongitudeDegrees>59.8013916015625</LongitudeDegrees></Position></Trackpoint><Trackpoint><Time>2026-08-11T13:10:21.000Z</Time><Position><LatitudeDegrees>58.62916419916156</LatitudeDegrees><LongitudeDegrees>59.801392525917166</LongitudeDegrees></Position></Trackpoint><Trackpoint><Time>2026-08-11T13:10:22.000Z</Time><Position><LatitudeDegrees>58.62916488821999</LatitudeDegrees><LongitudeDegrees>59.801391819881324</LongitudeDegrees></Position></Trackpoint><Trackpoint><Time>2026-08-11T13:10:23.000Z</Time><Position><LatitudeDegrees>58.6291618347168</LatitudeDegrees><LongitudeDegrees>59.8013801574707</LongitudeDegrees></Position></Trackpoint><Trackpoint><Time>2026-08-11T13:10:24.000Z</Time><Position><LatitudeDegrees>58.6291618347168</LatitudeDegrees><LongitudeDegrees>59.80137252807617</LongitudeDegrees></Position></Trackpoint><Trackpoint><Time>2026-08-11T13:10:25.000Z</Time><Position><LatitudeDegrees>58.62916564941406</LatitudeDegrees><LongitudeDegrees>59.801368713378906</LongitudeDegrees></Position></Trackpoint><Trackpoint><Time>2026-08-11T13:10:26.000Z</Time><Position><LatitudeDegrees>58.62916564941406</LatitudeDegrees><LongitudeDegrees>59.80137252807617</LongitudeDegrees></Position></Trackpoint><Trackpoint><Time>2026-08-11T13:10:38.000Z</Time><Position><LatitudeDegrees>58.62915802001953</LatitudeDegrees><LongitudeDegrees>59.80131912231445</LongitudeDegrees></Position></Trackpoint><Trackpoint><Time>2026-08-11T13:10:39.000Z</Time><Position><LatitudeDegrees>58.629154205322266</LatitudeDegrees><LongitudeDegrees>59.80131149291992</LongitudeDegrees></Position></Trackpoint><Trackpoint><Time>2026-08-11T13:10:39.000Z</Time><Position><LatitudeDegrees>58.629154205322266</LatitudeDegrees><LongitudeDegrees>59.801307678222656</LongitudeDegrees></Position></Trackpoint><Trackpoint><Time>2026-08-11T13:10:41.000Z</Time><Position><LatitudeDegrees>58.62915645356238</LatitudeDegrees><LongitudeDegrees>59.80132531990696</LongitudeDegrees></Position></Trackpoint><Trackpoint><Time>2026-08-11T13:10:41.000Z</Time><Position><LatitudeDegrees>58.62914276123047</LatitudeDegrees><LongitudeDegrees>59.80128479003906</LongitudeDegrees></Position></Trackpoint><Trackpoint><Time>2026-08-11T13:10:43.000Z</Time><Position><LatitudeDegrees>58.62913513183594</LatitudeDegrees><LongitudeDegrees>59.801273345947266</LongitudeDegrees></Position></Trackpoint><Trackpoint><Time>2026-08-11T13:10:44.000Z</Time><Position><LatitudeDegrees>58.62913131713867</LatitudeDegrees><LongitudeDegrees>59.801265716552734</LongitudeDegrees></Position></Trackpoint><Trackpoint><Time>2026-08-11T13:10:45.000Z</Time><Position><LatitudeDegrees>58.629127502441406</LatitudeDegrees><LongitudeDegrees>59.80125045776367</LongitudeDegrees></Position></Trackpoint><Trackpoint><Time>2026-08-11T13:10:45.000Z</Time><Position><LatitudeDegrees>58.629119873046875</LatitudeDegrees><LongitudeDegrees>59.801231384277344</LongitudeDegrees></Position></Trackpoint><Trackpoint><Time>2026-08-11T13:10:47.000Z</Time><Position><LatitudeDegrees>58.62911605834961</LatitudeDegrees><LongitudeDegrees>59.80121994018555</LongitudeDegrees></Position></Trackpoint><Trackpoint><Time>2026-08-11T13:10:48.000Z</Time><Position><LatitudeDegrees>58.629112243652344</LatitudeDegrees><LongitudeDegrees>59.801204681396484</LongitudeDegrees></Position></Trackpoint><Trackpoint><Time>2026-08-11T13:10:49.000Z</Time><Position><LatitudeDegrees>58.62910461425781</LatitudeDegrees><LongitudeDegrees>59.801185607910156</LongitudeDegrees></Position></Trackpoint><Trackpoint><Time>2026-08-11T13:10:50.000Z</Time><Position><LatitudeDegrees>58.62910461425781</LatitudeDegrees><LongitudeDegrees>59.80116271972656</LongitudeDegrees></Position></Trackpoint><Trackpoint><Time>2026-08-11T13:10:50.000Z</Time><Position><LatitudeDegrees>58.62909698486328</LatitudeDegrees><LongitudeDegrees>59.80113983154297</LongitudeDegrees></Position></Trackpoint><Trackpoint><Time>2026-08-11T13:10:51.000Z</Time><Position><LatitudeDegrees>58.62910392574703</LatitudeDegrees><LongitudeDegrees>59.801168671764174</LongitudeDegrees></Position></Trackpoint><Trackpoint><Time>2026-08-11T13:10:53.000Z</Time><Position><LatitudeDegrees>58.62908172607422</LatitudeDegrees><LongitudeDegrees>59.801109313964844</LongitudeDegrees></Position></Trackpoint><Trackpoint><Time>2026-08-11T13:10:53.000Z</Time><Position><LatitudeDegrees>58.62907028198242</LatitudeDegrees><LongitudeDegrees>59.80110168457031</LongitudeDegrees></Position></Trackpoint><Trackpoint><Time>2026-08-11T13:10:54.000Z</Time><Position><LatitudeDegrees>58.629066467285156</LatitudeDegrees><LongitudeDegrees>59.80107879638672</LongitudeDegrees></Position></Trackpoint><Trackpoint><Time>2026-08-11T13:10:55.000Z</Time><Position><LatitudeDegrees>58.629058837890625</LatitudeDegrees><LongitudeDegrees>59.801055908203125</LongitudeDegrees></Position></Trackpoint><Trackpoint><Time>2026-08-11T13:10:57.000Z</Time><Position><LatitudeDegrees>58.62905502319336</LatitudeDegrees><LongitudeDegrees>59.80104064941406</LongitudeDegrees></Position></Trackpoint><Trackpoint><Time>2026-08-11T13:10:57.000Z</Time><Position><LatitudeDegrees>58.6290397644043</LatitudeDegrees><LongitudeDegrees>59.801025390625</LongitudeDegrees></Position></Trackpoint><Trackpoint><Time>2026-08-11T13:10:58.000Z</Time><Position><LatitudeDegrees>58.6290397644043</LatitudeDegrees><LongitudeDegrees>59.80101776123047</LongitudeDegrees></Position></Trackpoint><Trackpoint><Time>2026-08-11T13:11:00.000Z</Time><Position><LatitudeDegrees>58.629032135009766</LatitudeDegrees><LongitudeDegrees>59.80100631713867</LongitudeDegrees></Position></Trackpoint><Trackpoint><Time>2026-08-11T13:11:01.000Z</Time><Position><LatitudeDegrees>58.6290283203125</LatitudeDegrees><LongitudeDegrees>59.800994873046875</LongitudeDegrees></Position></Trackpoint><Trackpoint><Time>2026-08-11T13:11:02.000Z</Time><Position><LatitudeDegrees>58.629024505615234</LatitudeDegrees><LongitudeDegrees>59.80097961425781</LongitudeDegrees></Position></Trackpoint><Trackpoint><Time>2026-08-11T13:11:03.000Z</Time><Position><LatitudeDegrees>58.6290168762207</LatitudeDegrees><LongitudeDegrees>59.80096435546875</LongitudeDegrees></Position></Trackpoint><Trackpoint><Time>2026-08-11T13:11:04.000Z</Time><Position><LatitudeDegrees>58.6290168762207</LatitudeDegrees><LongitudeDegrees>59.800960540771484</LongitudeDegrees></Position></Trackpoint><Trackpoint><Time>2026-08-11T13:11:04.000Z</Time><Position><LatitudeDegrees>58.62900924682617</LatitudeDegrees><LongitudeDegrees>59.800960540771484</LongitudeDegrees></Position></Trackpoint><Trackpoint><Time>2026-08-11T13:11:07.000Z</Time><Position><LatitudeDegrees>58.62900924682617</LatitudeDegrees><LongitudeDegrees>59.80095672607422</LongitudeDegrees></Position></Trackpoint><Trackpoint><Time>2026-08-11T13:11:08.000Z</Time><Position><LatitudeDegrees>58.62901306152344</LatitudeDegrees><LongitudeDegrees>59.80095291137695</LongitudeDegrees></Position></Trackpoint><Trackpoint><Time>2026-08-11T13:11:08.000Z</Time><Position><LatitudeDegrees>58.62901561705182</LatitudeDegrees><LongitudeDegrees>59.8009633780061</LongitudeDegrees></Position></Trackpoint><Trackpoint><Time>2026-08-11T13:11:11.000Z</Time><Position><LatitudeDegrees>58.62900924682617</LatitudeDegrees><LongitudeDegrees>59.80094528198242</LongitudeDegrees></Position></Trackpoint><Trackpoint><Time>2026-08-11T13:11:12.000Z</Time><Position><LatitudeDegrees>58.629005432128906</LatitudeDegrees><LongitudeDegrees>59.80093002319336</LongitudeDegrees></Position></Trackpoint><Trackpoint><Time>2026-08-11T13:11:13.000Z</Time><Position><LatitudeDegrees>58.629005432128906</LatitudeDegrees><LongitudeDegrees>59.8009147644043</LongitudeDegrees></Position></Trackpoint><Trackpoint><Time>2026-08-11T13:11:13.000Z</Time><Position><LatitudeDegrees>58.62900161743164</LatitudeDegrees><LongitudeDegrees>59.800899505615234</LongitudeDegrees></Position></Trackpoint><Trackpoint><Time>2026-08-11T13:11:14.000Z</Time><Position><LatitudeDegrees>58.62900161743164</LatitudeDegrees><LongitudeDegrees>59.800880432128906</LongitudeDegrees></Position></Trackpoint><Trackpoint><Time>2026-08-11T13:11:16.000Z</Time><Position><LatitudeDegrees>58.628997802734375</LatitudeDegrees><LongitudeDegrees>59.80086135864258</LongitudeDegrees></Position></Trackpoint><Trackpoint><Time>2026-08-11T13:11:17.000Z</Time><Position><LatitudeDegrees>58.62899398803711</LatitudeDegrees><LongitudeDegrees>59.800838470458984</LongitudeDegrees></Position></Trackpoint><Trackpoint><Time>2026-08-11T13:11:18.000Z</Time><Position><LatitudeDegrees>58.62899607235302</LatitudeDegrees><LongitudeDegrees>59.80085492773357</LongitudeDegrees></Position></Trackpoint><Trackpoint><Time>2026-08-11T13:11:19.000Z</Time><Position><LatitudeDegrees>58.62899254390337</LatitudeDegrees><LongitudeDegrees>59.80083662328698</LongitudeDegrees></Position></Trackpoint><Trackpoint><Time>2026-08-11T13:11:20.000Z</Time><Position><LatitudeDegrees>58.62897491455078</LatitudeDegrees><LongitudeDegrees>59.8007926940918</LongitudeDegrees></Position></Trackpoint><Trackpoint><Time>2026-08-11T13:11:20.000Z</Time><Position><LatitudeDegrees>58.628971099853516</LatitudeDegrees><LongitudeDegrees>59.80076599121094</LongitudeDegrees></Position></Trackpoint><Trackpoint><Time>2026-08-11T13:11:22.000Z</Time><Position><LatitudeDegrees>58.628963470458984</LatitudeDegrees><LongitudeDegrees>59.80073928833008</LongitudeDegrees></Position></Trackpoint><Trackpoint><Time>2026-08-11T13:11:23.000Z</Time><Position><LatitudeDegrees>58.62895584106445</LatitudeDegrees><LongitudeDegrees>59.80072021484375</LongitudeDegrees></Position></Trackpoint><Trackpoint><Time>2026-08-11T13:11:23.000Z</Time><Position><LatitudeDegrees>58.62895202636719</LatitudeDegrees><LongitudeDegrees>59.80070495605469</LongitudeDegrees></Position></Trackpoint><Trackpoint><Time>2026-08-11T13:11:25.000Z</Time><Position><LatitudeDegrees>58.628944396972656</LatitudeDegrees><LongitudeDegrees>59.800689697265625</LongitudeDegrees></Position></Trackpoint><Trackpoint><Time>2026-08-11T13:11:26.000Z</Time><Position><LatitudeDegrees>58.62894058227539</LatitudeDegrees><LongitudeDegrees>59.80066680908203</LongitudeDegrees></Position></Trackpoint><Trackpoint><Time>2026-08-11T13:11:26.000Z</Time><Position><LatitudeDegrees>58.628936767578125</LatitudeDegrees><LongitudeDegrees>59.8006477355957</LongitudeDegrees></Position></Trackpoint><Trackpoint><Time>2026-08-11T13:11:27.000Z</Time><Position><LatitudeDegrees>58.62894392397258</LatitudeDegrees><LongitudeDegrees>59.80067672034536</LongitudeDegrees></Position></Trackpoint><Trackpoint><Time>2026-08-11T13:11:28.000Z</Time><Position><LatitudeDegrees>58.62892150878906</LatitudeDegrees><LongitudeDegrees>59.80062484741211</LongitudeDegrees></Position></Trackpoint><Trackpoint><Time>2026-08-11T13:11:30.000Z</Time><Position><LatitudeDegrees>58.6289176940918</LatitudeDegrees><LongitudeDegrees>59.80061340332031</LongitudeDegrees></Position></Trackpoint><Trackpoint><Time>2026-08-11T13:11:30.000Z</Time><Position><LatitudeDegrees>58.628910064697266</LatitudeDegrees><LongitudeDegrees>59.80059051513672</LongitudeDegrees></Position></Trackpoint><Trackpoint><Time>2026-08-11T13:11:31.000Z</Time><Position><LatitudeDegrees>58.62889862060547</LatitudeDegrees><LongitudeDegrees>59.800575256347656</LongitudeDegrees></Position></Trackpoint><Trackpoint><Time>2026-08-11T13:11:32.000Z</Time><Position><LatitudeDegrees>58.6288948059082</LatitudeDegrees><LongitudeDegrees>59.80055618286133</LongitudeDegrees></Position></Trackpoint><Trackpoint><Time>2026-08-11T13:11:34.000Z</Time><Position><LatitudeDegrees>58.62888717651367</LatitudeDegrees><LongitudeDegrees>59.800533294677734</LongitudeDegrees></Position></Trackpoint><Trackpoint><Time>2026-08-11T13:11:35.000Z</Time><Position><LatitudeDegrees>58.62887954711914</LatitudeDegrees><LongitudeDegrees>59.80051803588867</LongitudeDegrees></Position></Trackpoint><Trackpoint><Time>2026-08-11T13:11:36.000Z</Time><Position><LatitudeDegrees>58.62887191772461</LatitudeDegrees><LongitudeDegrees>59.80050277709961</LongitudeDegrees></Position></Trackpoint><Trackpoint><Time>2026-08-11T13:11:36.000Z</Time><Position><LatitudeDegrees>58.628868103027344</LatitudeDegrees><LongitudeDegrees>59.800479888916016</LongitudeDegrees></Position></Trackpoint><Trackpoint><Time>2026-08-11T13:11:38.000Z</Time><Position><LatitudeDegrees>58.62885665893555</LatitudeDegrees><LongitudeDegrees>59.80046844482422</LongitudeDegrees></Position></Trackpoint><Trackpoint><Time>2026-08-11T13:11:39.000Z</Time><Position><LatitudeDegrees>58.62885665893555</LatitudeDegrees><LongitudeDegrees>59.800445556640625</LongitudeDegrees></Position></Trackpoint><Trackpoint><Time>2026-08-11T13:11:39.000Z</Time><Position><LatitudeDegrees>58.62885284423828</LatitudeDegrees><LongitudeDegrees>59.8004264831543</LongitudeDegrees></Position></Trackpoint><Trackpoint><Time>2026-08-11T13:11:40.000Z</Time><Position><LatitudeDegrees>58.62884521484375</LatitudeDegrees><LongitudeDegrees>59.800411224365234</LongitudeDegrees></Position></Trackpoint><Trackpoint><Time>2026-08-11T13:11:42.000Z</Time><Position><LatitudeDegrees>58.62883377075195</LatitudeDegrees><LongitudeDegrees>59.80038833618164</LongitudeDegrees></Position></Trackpoint><Trackpoint><Time>2026-08-11T13:11:43.000Z</Time><Position><LatitudeDegrees>58.62883997648476</LatitudeDegrees><LongitudeDegrees>59.80040250559545</LongitudeDegrees></Position></Trackpoint><Trackpoint><Time>2026-08-11T13:11:44.000Z</Time><Position><LatitudeDegrees>58.62881851196289</LatitudeDegrees><LongitudeDegrees>59.800350189208984</LongitudeDegrees></Position></Trackpoint><Trackpoint><Time>2026-08-11T13:11:45.000Z</Time><Position><LatitudeDegrees>58.62881088256836</LatitudeDegrees><LongitudeDegrees>59.80033493041992</LongitudeDegrees></Position></Trackpoint><Trackpoint><Time>2026-08-11T13:11:45.000Z</Time><Position><LatitudeDegrees>58.62880325317383</LatitudeDegrees><LongitudeDegrees>59.80031967163086</LongitudeDegrees></Position></Trackpoint><Trackpoint><Time>2026-08-11T13:11:47.000Z</Time><Position><LatitudeDegrees>58.6287956237793</LatitudeDegrees><LongitudeDegrees>59.80030059814453</LongitudeDegrees></Position></Trackpoint><Trackpoint><Time>2026-08-11T13:11:48.000Z</Time><Position><LatitudeDegrees>58.6287841796875</LatitudeDegrees><LongitudeDegrees>59.8002815246582</LongitudeDegrees></Position></Trackpoint><Trackpoint><Time>2026-08-11T13:11:49.000Z</Time><Position><LatitudeDegrees>58.628792146013026</LatitudeDegrees><LongitudeDegrees>59.80029641889709</LongitudeDegrees></Position></Trackpoint><Trackpoint><Time>2026-08-11T13:11:49.000Z</Time><Position><LatitudeDegrees>58.62878957505733</LatitudeDegrees><LongitudeDegrees>59.80028890810016</LongitudeDegrees></Position></Trackpoint><Trackpoint><Time>2026-08-11T13:11:51.000Z</Time><Position><LatitudeDegrees>58.628780808904395</LatitudeDegrees><LongitudeDegrees>59.800263029975284</LongitudeDegrees></Position></Trackpoint><Trackpoint><Time>2026-08-11T13:11:52.000Z</Time><Position><LatitudeDegrees>58.62875747680664</LatitudeDegrees><LongitudeDegrees>59.800193786621094</LongitudeDegrees></Position></Trackpoint><Trackpoint><Time>2026-08-11T13:11:53.000Z</Time><Position><LatitudeDegrees>58.628753662109375</LatitudeDegrees><LongitudeDegrees>59.80017852783203</LongitudeDegrees></Position></Trackpoint><Trackpoint><Time>2026-08-11T13:11:53.000Z</Time><Position><LatitudeDegrees>58.628753662109375</LatitudeDegrees><LongitudeDegrees>59.8001708984375</LongitudeDegrees></Position></Trackpoint><Trackpoint><Time>2026-08-11T13:11:56.000Z</Time><Position><LatitudeDegrees>58.62875747680664</LatitudeDegrees><LongitudeDegrees>59.8001708984375</LongitudeDegrees></Position></Trackpoint><Trackpoint><Time>2026-08-11T13:11:57.000Z</Time><Position><LatitudeDegrees>58.62875747680664</LatitudeDegrees><LongitudeDegrees>59.800174713134766</LongitudeDegrees></Position></Trackpoint><Trackpoint><Time>2026-08-11T13:11:58.000Z</Time><Position><LatitudeDegrees>58.62875747680664</LatitudeDegrees><LongitudeDegrees>59.8001823425293</LongitudeDegrees></Position></Trackpoint><Trackpoint><Time>2026-08-11T13:12:00.000Z</Time><Position><LatitudeDegrees>58.628761291503906</LatitudeDegrees><LongitudeDegrees>59.80018615722656</LongitudeDegrees></Position></Trackpoint><Trackpoint><Time>2026-08-11T13:12:01.000Z</Time><Position><LatitudeDegrees>58.628761291503906</LatitudeDegrees><LongitudeDegrees>59.80017852783203</LongitudeDegrees></Position></Trackpoint><Trackpoint><Time>2026-08-11T13:12:02.000Z</Time><Position><LatitudeDegrees>58.628753662109375</LatitudeDegrees><LongitudeDegrees>59.80016326904297</LongitudeDegrees></Position></Trackpoint><Trackpoint><Time>2026-08-11T13:12:02.000Z</Time><Position><LatitudeDegrees>58.62875662029385</LatitudeDegrees><LongitudeDegrees>59.80017486692121</LongitudeDegrees></Position></Trackpoint><Trackpoint><Time>2026-08-11T13:12:04.000Z</Time><Position><LatitudeDegrees>58.62874221801758</LatitudeDegrees><LongitudeDegrees>59.80013656616211</LongitudeDegrees></Position></Trackpoint><Trackpoint><Time>2026-08-11T13:12:05.000Z</Time><Position><LatitudeDegrees>58.62873458862305</LatitudeDegrees><LongitudeDegrees>59.80012512207031</LongitudeDegrees></Position></Trackpoint><Trackpoint><Time>2026-08-11T13:12:06.000Z</Time><Position><LatitudeDegrees>58.62872314453125</LatitudeDegrees><LongitudeDegrees>59.80010986328125</LongitudeDegrees></Position></Trackpoint><Trackpoint><Time>2026-08-11T13:12:07.000Z</Time><Position><LatitudeDegrees>58.628719329833984</LatitudeDegrees><LongitudeDegrees>59.80009841918945</LongitudeDegrees></Position></Trackpoint><Trackpoint><Time>2026-08-11T13:12:08.000Z</Time><Position><LatitudeDegrees>58.62871170043945</LatitudeDegrees><LongitudeDegrees>59.800071716308594</LongitudeDegrees></Position></Trackpoint><Trackpoint><Time>2026-08-11T13:12:09.000Z</Time><Position><LatitudeDegrees>58.62870788574219</LatitudeDegrees><LongitudeDegrees>59.80005645751953</LongitudeDegrees></Position></Trackpoint><Trackpoint><Time>2026-08-11T13:12:10.000Z</Time><Position><LatitudeDegrees>58.628700256347656</LatitudeDegrees><LongitudeDegrees>59.80003356933594</LongitudeDegrees></Position></Trackpoint><Trackpoint><Time>2026-08-11T13:12:10.000Z</Time><Position><LatitudeDegrees>58.628692626953125</LatitudeDegrees><LongitudeDegrees>59.80001449584961</LongitudeDegrees></Position></Trackpoint><Trackpoint><Time>2026-08-11T13:12:12.000Z</Time><Position><LatitudeDegrees>58.628684997558594</LatitudeDegrees><LongitudeDegrees>59.79999542236328</LongitudeDegrees></Position></Trackpoint><Trackpoint><Time>2026-08-11T13:12:13.000Z</Time><Position><LatitudeDegrees>58.62867736816406</LatitudeDegrees><LongitudeDegrees>59.79997634887695</LongitudeDegrees></Position></Trackpoint><Trackpoint><Time>2026-08-11T13:12:13.000Z</Time><Position><LatitudeDegrees>58.6286735534668</LatitudeDegrees><LongitudeDegrees>59.79995346069336</LongitudeDegrees></Position></Trackpoint><Trackpoint><Time>2026-08-11T13:12:15.000Z</Time><Position><LatitudeDegrees>58.628665924072266</LatitudeDegrees><LongitudeDegrees>59.7999382019043</LongitudeDegrees></Position></Trackpoint><Trackpoint><Time>2026-08-11T13:12:15.000Z</Time><Position><LatitudeDegrees>58.62867528541352</LatitudeDegrees><LongitudeDegrees>59.799963782336256</LongitudeDegrees></Position></Trackpoint><Trackpoint><Time>2026-08-11T13:12:17.000Z</Time><Position><LatitudeDegrees>58.628658294677734</LatitudeDegrees><LongitudeDegrees>59.79989242553711</LongitudeDegrees></Position></Trackpoint><Trackpoint><Time>2026-08-11T13:12:18.000Z</Time><Position><LatitudeDegrees>58.62865447998047</LatitudeDegrees><LongitudeDegrees>59.79987335205078</LongitudeDegrees></Position></Trackpoint><Trackpoint><Time>2026-08-11T13:12:19.000Z</Time><Position><LatitudeDegrees>58.62864685058594</LatitudeDegrees><LongitudeDegrees>59.79985046386719</LongitudeDegrees></Position></Trackpoint><Trackpoint><Time>2026-08-11T13:12:19.000Z</Time><Position><LatitudeDegrees>58.628639221191406</LatitudeDegrees><LongitudeDegrees>59.799827575683594</LongitudeDegrees></Position></Trackpoint><Trackpoint><Time>2026-08-11T13:12:20.000Z</Time><Position><LatitudeDegrees>58.62863540649414</LatitudeDegrees><LongitudeDegrees>59.7998046875</LongitudeDegrees></Position></Trackpoint><Trackpoint><Time>2026-08-11T13:12:22.000Z</Time><Position><LatitudeDegrees>58.628638843274985</LatitudeDegrees><LongitudeDegrees>59.799821940900834</LongitudeDegrees></Position></Trackpoint><Trackpoint><Time>2026-08-11T13:12:23.000Z</Time><Position><LatitudeDegrees>58.62863489073733</LatitudeDegrees><LongitudeDegrees>59.79980920773215</LongitudeDegrees></Position></Trackpoint><Trackpoint><Time>2026-08-11T13:12:23.000Z</Time><Position><LatitudeDegrees>58.62860870361328</LatitudeDegrees><LongitudeDegrees>59.79973602294922</LongitudeDegrees></Position></Trackpoint><Trackpoint><Time>2026-08-11T13:12:25.000Z</Time><Position><LatitudeDegrees>58.62862245739813</LatitudeDegrees><LongitudeDegrees>59.799772570122364</LongitudeDegrees></Position></Trackpoint><Trackpoint><Time>2026-08-11T13:12:26.000Z</Time><Position><LatitudeDegrees>58.62859344482422</LatitudeDegrees><LongitudeDegrees>59.7996940612793</LongitudeDegrees></Position></Trackpoint><Trackpoint><Time>2026-08-11T13:12:27.000Z</Time><Position><LatitudeDegrees>58.628578186035156</LatitudeDegrees><LongitudeDegrees>59.79966354370117</LongitudeDegrees></Position></Trackpoint><Trackpoint><Time>2026-08-11T13:12:28.000Z</Time><Position><LatitudeDegrees>58.62856674194336</LatitudeDegrees><LongitudeDegrees>59.799652099609375</LongitudeDegrees></Position></Trackpoint><Trackpoint><Time>2026-08-11T13:12:28.000Z</Time><Position><LatitudeDegrees>58.628562927246094</LatitudeDegrees><LongitudeDegrees>59.79964065551758</LongitudeDegrees></Position></Trackpoint><Trackpoint><Time>2026-08-11T13:12:30.000Z</Time><Position><LatitudeDegrees>58.62855911254883</LatitudeDegrees><LongitudeDegrees>59.79963684082031</LongitudeDegrees></Position></Trackpoint><Trackpoint><Time>2026-08-11T13:12:30.000Z</Time><Position><LatitudeDegrees>58.62855529785156</LatitudeDegrees><LongitudeDegrees>59.79963684082031</LongitudeDegrees></Position></Trackpoint><Trackpoint><Time>2026-08-11T13:12:32.000Z</Time><Position><LatitudeDegrees>58.62855529785156</LatitudeDegrees><LongitudeDegrees>59.79962921142578</LongitudeDegrees></Position></Trackpoint><Trackpoint><Time>2026-08-11T13:12:33.000Z</Time><Position><LatitudeDegrees>58.6285514831543</LatitudeDegrees><LongitudeDegrees>59.799625396728516</LongitudeDegrees></Position></Trackpoint><Trackpoint><Time>2026-08-11T13:12:33.000Z</Time><Position><LatitudeDegrees>58.62855903154358</LatitudeDegrees><LongitudeDegrees>59.79963670053655</LongitudeDegrees></Position></Trackpoint><Trackpoint><Time>2026-08-11T13:12:34.000Z</Time><Position><LatitudeDegrees>58.62854766845703</LatitudeDegrees><LongitudeDegrees>59.79959487915039</LongitudeDegrees></Position></Trackpoint><Trackpoint><Time>2026-08-11T13:12:36.000Z</Time><Position><LatitudeDegrees>58.62854766845703</LatitudeDegrees><LongitudeDegrees>59.7995719909668</LongitudeDegrees></Position></Trackpoint><Trackpoint><Time>2026-08-11T13:12:37.000Z</Time><Position><LatitudeDegrees>58.62854766845703</LatitudeDegrees><LongitudeDegrees>59.79954528808594</LongitudeDegrees></Position></Trackpoint><Trackpoint><Time>2026-08-11T13:12:38.000Z</Time><Position><LatitudeDegrees>58.6285400390625</LatitudeDegrees><LongitudeDegrees>59.79952621459961</LongitudeDegrees></Position></Trackpoint><Trackpoint><Time>2026-08-11T13:12:39.000Z</Time><Position><LatitudeDegrees>58.6285400390625</LatitudeDegrees><LongitudeDegrees>59.79950714111328</LongitudeDegrees></Position></Trackpoint><Trackpoint><Time>2026-08-11T13:12:39.000Z</Time><Position><LatitudeDegrees>58.628536224365234</LatitudeDegrees><LongitudeDegrees>59.79948425292969</LongitudeDegrees></Position></Trackpoint><Trackpoint><Time>2026-08-11T13:12:41.000Z</Time><Position><LatitudeDegrees>58.62853809255469</LatitudeDegrees><LongitudeDegrees>59.799501169833185</LongitudeDegrees></Position></Trackpoint><Trackpoint><Time>2026-08-11T13:12:41.000Z</Time><Position><LatitudeDegrees>58.6285285949707</LatitudeDegrees><LongitudeDegrees>59.799442291259766</LongitudeDegrees></Position></Trackpoint><Trackpoint><Time>2026-08-11T13:12:43.000Z</Time><Position><LatitudeDegrees>58.62853333479059</LatitudeDegrees><LongitudeDegrees>59.79947822519849</LongitudeDegrees></Position></Trackpoint><Trackpoint><Time>2026-08-11T13:12:44.000Z</Time><Position><LatitudeDegrees>58.62850570678711</LatitudeDegrees><LongitudeDegrees>59.79941940307617</LongitudeDegrees></Position></Trackpoint><Trackpoint><Time>2026-08-11T13:12:44.000Z</Time><Position><LatitudeDegrees>58.628515718276084</LatitudeDegrees><LongitudeDegrees>59.799439528055174</LongitudeDegrees></Position></Trackpoint><Trackpoint><Time>2026-08-11T13:12:45.000Z</Time><Position><LatitudeDegrees>58.62849426269531</LatitudeDegrees><LongitudeDegrees>59.79939651489258</LongitudeDegrees></Position></Trackpoint><Trackpoint><Time>2026-08-11T13:12:47.000Z</Time><Position><LatitudeDegrees>58.62848663330078</LatitudeDegrees><LongitudeDegrees>59.79938888549805</LongitudeDegrees></Position></Trackpoint><Trackpoint><Time>2026-08-11T13:12:47.000Z</Time><Position><LatitudeDegrees>58.628475189208984</LatitudeDegrees><LongitudeDegrees>59.799381256103516</LongitudeDegrees></Position></Trackpoint><Trackpoint><Time>2026-08-11T13:12:49.000Z</Time><Position><LatitudeDegrees>58.62846374511719</LatitudeDegrees><LongitudeDegrees>59.79936218261719</LongitudeDegrees></Position></Trackpoint><Trackpoint><Time>2026-08-11T13:12:49.000Z</Time><Position><LatitudeDegrees>58.62845993041992</LatitudeDegrees><LongitudeDegrees>59.79935073852539</LongitudeDegrees></Position></Trackpoint><Trackpoint><Time>2026-08-11T13:12:51.000Z</Time><Position><LatitudeDegrees>58.628448486328125</LatitudeDegrees><LongitudeDegrees>59.79933547973633</LongitudeDegrees></Position></Trackpoint><Trackpoint><Time>2026-08-11T13:12:52.000Z</Time><Position><LatitudeDegrees>58.628461603828015</LatitudeDegrees><LongitudeDegrees>59.79935441728068</LongitudeDegrees></Position></Trackpoint><Trackpoint><Time>2026-08-11T13:12:53.000Z</Time><Position><LatitudeDegrees>58.62843322753906</LatitudeDegrees><LongitudeDegrees>59.79929733276367</LongitudeDegrees></Position></Trackpoint><Trackpoint><Time>2026-08-11T13:12:53.000Z</Time><Position><LatitudeDegrees>58.62842559814453</LatitudeDegrees><LongitudeDegrees>59.799278259277344</LongitudeDegrees></Position></Trackpoint><Trackpoint><Time>2026-08-11T13:12:55.000Z</Time><Position><LatitudeDegrees>58.628421783447266</LatitudeDegrees><LongitudeDegrees>59.799259185791016</LongitudeDegrees></Position></Trackpoint><Trackpoint><Time>2026-08-11T13:12:56.000Z</Time><Position><LatitudeDegrees>58.628414154052734</LatitudeDegrees><LongitudeDegrees>59.79924392700195</LongitudeDegrees></Position></Trackpoint><Trackpoint><Time>2026-08-11T13:12:56.000Z</Time><Position><LatitudeDegrees>58.6284065246582</LatitudeDegrees><LongitudeDegrees>59.799224853515625</LongitudeDegrees></Position></Trackpoint><Trackpoint><Time>2026-08-11T13:12:57.000Z</Time><Position><LatitudeDegrees>58.62840270996094</LatitudeDegrees><LongitudeDegrees>59.79920959472656</LongitudeDegrees></Position></Trackpoint><Trackpoint><Time>2026-08-11T13:12:59.000Z</Time><Position><LatitudeDegrees>58.628395080566406</LatitudeDegrees><LongitudeDegrees>59.7991943359375</LongitudeDegrees></Position></Trackpoint><Trackpoint><Time>2026-08-11T13:12:59.000Z</Time><Position><LatitudeDegrees>58.62838363647461</LatitudeDegrees><LongitudeDegrees>59.79917907714844</LongitudeDegrees></Position></Trackpoint><Trackpoint><Time>2026-08-11T13:13:00.000Z</Time><Position><LatitudeDegrees>58.62839622294401</LatitudeDegrees><LongitudeDegrees>59.79920169453206</LongitudeDegrees></Position></Trackpoint><Trackpoint><Time>2026-08-11T13:13:02.000Z</Time><Position><LatitudeDegrees>58.62837219238281</LatitudeDegrees><LongitudeDegrees>59.799137115478516</LongitudeDegrees></Position></Trackpoint><Trackpoint><Time>2026-08-11T13:13:03.000Z</Time><Position><LatitudeDegrees>58.62836837768555</LatitudeDegrees><LongitudeDegrees>59.799110412597656</LongitudeDegrees></Position></Trackpoint><Trackpoint><Time>2026-08-11T13:13:03.000Z</Time><Position><LatitudeDegrees>58.62836456298828</LatitudeDegrees><LongitudeDegrees>59.799095153808594</LongitudeDegrees></Position></Trackpoint><Trackpoint><Time>2026-08-11T13:13:04.000Z</Time><Position><LatitudeDegrees>58.628353118896484</LatitudeDegrees><LongitudeDegrees>59.79907989501953</LongitudeDegrees></Position></Trackpoint><Trackpoint><Time>2026-08-11T13:13:06.000Z</Time><Position><LatitudeDegrees>58.62834930419922</LatitudeDegrees><LongitudeDegrees>59.79906463623047</LongitudeDegrees></Position></Trackpoint><Trackpoint><Time>2026-08-11T13:13:07.000Z</Time><Position><LatitudeDegrees>58.628356640520344</LatitudeDegrees><LongitudeDegrees>59.79907539182288</LongitudeDegrees></Position></Trackpoint><Trackpoint><Time>2026-08-11T13:13:07.000Z</Time><Position><LatitudeDegrees>58.62834971500469</LatitudeDegrees><LongitudeDegrees>59.79905463963544</LongitudeDegrees></Position></Trackpoint><Trackpoint><Time>2026-08-11T13:13:08.000Z</Time><Position><LatitudeDegrees>58.628326416015625</LatitudeDegrees><LongitudeDegrees>59.79900360107422</LongitudeDegrees></Position></Trackpoint><Trackpoint><Time>2026-08-11T13:13:10.000Z</Time><Position><LatitudeDegrees>58.628318786621094</LatitudeDegrees><LongitudeDegrees>59.798988342285156</LongitudeDegrees></Position></Trackpoint><Trackpoint><Time>2026-08-11T13:13:10.000Z</Time><Position><LatitudeDegrees>58.62831115722656</LatitudeDegrees><LongitudeDegrees>59.79897689819336</LongitudeDegrees></Position></Trackpoint><Trackpoint><Time>2026-08-11T13:13:11.000Z</Time><Position><LatitudeDegrees>58.62830352783203</LatitudeDegrees><LongitudeDegrees>59.7989616394043</LongitudeDegrees></Position></Trackpoint><Trackpoint><Time>2026-08-11T13:13:12.000Z</Time><Position><LatitudeDegrees>58.62831573048318</LatitudeDegrees><LongitudeDegrees>59.798984834634126</LongitudeDegrees></Position></Trackpoint><Trackpoint><Time>2026-08-11T13:13:13.000Z</Time><Position><LatitudeDegrees>58.6282958984375</LatitudeDegrees><LongitudeDegrees>59.79893112182617</LongitudeDegrees></Position></Trackpoint><Trackpoint><Time>2026-08-11T13:13:14.000Z</Time><Position><LatitudeDegrees>58.62828826904297</LatitudeDegrees><LongitudeDegrees>59.798912048339844</LongitudeDegrees></Position></Trackpoint><Trackpoint><Time>2026-08-11T13:13:15.000Z</Time><Position><LatitudeDegrees>58.62828826904297</LatitudeDegrees><LongitudeDegrees>59.79889678955078</LongitudeDegrees></Position></Trackpoint><Trackpoint><Time>2026-08-11T13:13:16.000Z</Time><Position><LatitudeDegrees>58.62828063964844</LatitudeDegrees><LongitudeDegrees>59.79887390136719</LongitudeDegrees></Position></Trackpoint><Trackpoint><Time>2026-08-11T13:13:17.000Z</Time><Position><LatitudeDegrees>58.62828536902962</LatitudeDegrees><LongitudeDegrees>59.79888975483372</LongitudeDegrees></Position></Trackpoint><Trackpoint><Time>2026-08-11T13:13:18.000Z</Time><Position><LatitudeDegrees>58.628265380859375</LatitudeDegrees><LongitudeDegrees>59.79884719848633</LongitudeDegrees></Position></Trackpoint><Trackpoint><Time>2026-08-11T13:13:19.000Z</Time><Position><LatitudeDegrees>58.62826156616211</LatitudeDegrees><LongitudeDegrees>59.798831939697266</LongitudeDegrees></Position></Trackpoint><Trackpoint><Time>2026-08-11T13:13:20.000Z</Time><Position><LatitudeDegrees>58.62825012207031</LatitudeDegrees><LongitudeDegrees>59.7988166809082</LongitudeDegrees></Position></Trackpoint><Trackpoint><Time>2026-08-11T13:13:22.000Z</Time><Position><LatitudeDegrees>58.62825650015821</LatitudeDegrees><LongitudeDegrees>59.798828749011186</LongitudeDegrees></Position></Trackpoint><Trackpoint><Time>2026-08-11T13:13:22.000Z</Time><Position><LatitudeDegrees>58.62825372311388</LatitudeDegrees><LongitudeDegrees>59.79881565449152</LongitudeDegrees></Position></Trackpoint><Trackpoint><Time>2026-08-11T13:13:23.000Z</Time><Position><LatitudeDegrees>58.62823486328125</LatitudeDegrees><LongitudeDegrees>59.79874801635742</LongitudeDegrees></Position></Trackpoint><Trackpoint><Time>2026-08-11T13:13:24.000Z</Time><Position><LatitudeDegrees>58.628231048583984</LatitudeDegrees><LongitudeDegrees>59.798728942871094</LongitudeDegrees></Position></Trackpoint><Trackpoint><Time>2026-08-11T13:13:25.000Z</Time><Position><LatitudeDegrees>58.62822341918945</LatitudeDegrees><LongitudeDegrees>59.798709869384766</LongitudeDegrees></Position></Trackpoint><Trackpoint><Time>2026-08-11T13:13:26.000Z</Time><Position><LatitudeDegrees>58.62821960449219</LatitudeDegrees><LongitudeDegrees>59.79868698120117</LongitudeDegrees></Position></Trackpoint><Trackpoint><Time>2026-08-11T13:13:27.000Z</Time><Position><LatitudeDegrees>58.62822276568151</LatitudeDegrees><LongitudeDegrees>59.79870438169432</LongitudeDegrees></Position></Trackpoint><Trackpoint><Time>2026-08-11T13:13:29.000Z</Time><Position><LatitudeDegrees>58.628223623978805</LatitudeDegrees><LongitudeDegrees>59.79870617082273</LongitudeDegrees></Position></Trackpoint><Trackpoint><Time>2026-08-11T13:13:29.000Z</Time><Position><LatitudeDegrees>58.62821007540968</LatitudeDegrees><LongitudeDegrees>59.7986662439506</LongitudeDegrees></Position></Trackpoint><Trackpoint><Time>2026-08-11T13:13:30.000Z</Time><Position><LatitudeDegrees>58.6281852722168</LatitudeDegrees><LongitudeDegrees>59.79861831665039</LongitudeDegrees></Position></Trackpoint><Trackpoint><Time>2026-08-11T13:13:32.000Z</Time><Position><LatitudeDegrees>58.628177642822266</LatitudeDegrees><LongitudeDegrees>59.798606872558594</LongitudeDegrees></Position></Trackpoint><Trackpoint><Time>2026-08-11T13:13:32.000Z</Time><Position><LatitudeDegrees>58.628170013427734</LatitudeDegrees><LongitudeDegrees>59.798587799072266</LongitudeDegrees></Position></Trackpoint><Trackpoint><Time>2026-08-11T13:13:33.000Z</Time><Position><LatitudeDegrees>58.62816619873047</LatitudeDegrees><LongitudeDegrees>59.79856491088867</LongitudeDegrees></Position></Trackpoint><Trackpoint><Time>2026-08-11T13:13:34.000Z</Time><Position><LatitudeDegrees>58.62815856933594</LatitudeDegrees><LongitudeDegrees>59.798553466796875</LongitudeDegrees></Position></Trackpoint><Trackpoint><Time>2026-08-11T13:13:35.000Z</Time><Position><LatitudeDegrees>58.62814712524414</LatitudeDegrees><LongitudeDegrees>59.79853439331055</LongitudeDegrees></Position></Trackpoint><Trackpoint><Time>2026-08-11T13:13:37.000Z</Time><Position><LatitudeDegrees>58.628143310546875</LatitudeDegrees><LongitudeDegrees>59.79851531982422</LongitudeDegrees></Position></Trackpoint><Trackpoint><Time>2026-08-11T13:13:37.000Z</Time><Position><LatitudeDegrees>58.62813186645508</LatitudeDegrees><LongitudeDegrees>59.79849624633789</LongitudeDegrees></Position></Trackpoint><Trackpoint><Time>2026-08-11T13:13:38.000Z</Time><Position><LatitudeDegrees>58.62814481901594</LatitudeDegrees><LongitudeDegrees>59.79852285493575</LongitudeDegrees></Position></Trackpoint><Trackpoint><Time>2026-08-11T13:13:39.000Z</Time><Position><LatitudeDegrees>58.62812042236328</LatitudeDegrees><LongitudeDegrees>59.798458099365234</LongitudeDegrees></Position></Trackpoint><Trackpoint><Time>2026-08-11T13:13:40.000Z</Time><Position><LatitudeDegrees>58.62812423706055</LatitudeDegrees><LongitudeDegrees>59.798439025878906</LongitudeDegrees></Position></Trackpoint><Trackpoint><Time>2026-08-11T13:13:41.000Z</Time><Position><LatitudeDegrees>58.628116607666016</LatitudeDegrees><LongitudeDegrees>59.79841995239258</LongitudeDegrees></Position></Trackpoint><Trackpoint><Time>2026-08-11T13:13:42.000Z</Time><Position><LatitudeDegrees>58.628108978271484</LatitudeDegrees><LongitudeDegrees>59.79841232299805</LongitudeDegrees></Position></Trackpoint><Trackpoint><Time>2026-08-11T13:13:43.000Z</Time><Position><LatitudeDegrees>58.62810516357422</LatitudeDegrees><LongitudeDegrees>59.798397064208984</LongitudeDegrees></Position></Trackpoint><Trackpoint><Time>2026-08-11T13:13:45.000Z</Time><Position><LatitudeDegrees>58.62809753417969</LatitudeDegrees><LongitudeDegrees>59.79838180541992</LongitudeDegrees></Position></Trackpoint><Trackpoint><Time>2026-08-11T13:13:45.000Z</Time><Position><LatitudeDegrees>58.62809371948242</LatitudeDegrees><LongitudeDegrees>59.79835891723633</LongitudeDegrees></Position></Trackpoint><Trackpoint><Time>2026-08-11T13:13:46.000Z</Time><Position><LatitudeDegrees>58.62810052797663</LatitudeDegrees><LongitudeDegrees>59.798384276504684</LongitudeDegrees></Position></Trackpoint><Trackpoint><Time>2026-08-11T13:13:47.000Z</Time><Position><LatitudeDegrees>58.62807083129883</LatitudeDegrees><LongitudeDegrees>59.798316955566406</LongitudeDegrees></Position></Trackpoint><Trackpoint><Time>2026-08-11T13:13:48.000Z</Time><Position><LatitudeDegrees>58.6280632019043</LatitudeDegrees><LongitudeDegrees>59.79829788208008</LongitudeDegrees></Position></Trackpoint><Trackpoint><Time>2026-08-11T13:13:49.000Z</Time><Position><LatitudeDegrees>58.62805938720703</LatitudeDegrees><LongitudeDegrees>59.798282623291016</LongitudeDegrees></Position></Trackpoint><Trackpoint><Time>2026-08-11T13:13:50.000Z</Time><Position><LatitudeDegrees>58.6280517578125</LatitudeDegrees><LongitudeDegrees>59.79826736450195</LongitudeDegrees></Position></Trackpoint><Trackpoint><Time>2026-08-11T13:13:51.000Z</Time><Position><LatitudeDegrees>58.62804412841797</LatitudeDegrees><LongitudeDegrees>59.798248291015625</LongitudeDegrees></Position></Trackpoint><Trackpoint><Time>2026-08-11T13:13:52.000Z</Time><Position><LatitudeDegrees>58.62803649902344</LatitudeDegrees><LongitudeDegrees>59.7982292175293</LongitudeDegrees></Position></Trackpoint><Trackpoint><Time>2026-08-11T13:13:53.000Z</Time><Position><LatitudeDegrees>58.62802505493164</LatitudeDegrees><LongitudeDegrees>59.798213958740234</LongitudeDegrees></Position></Trackpoint><Trackpoint><Time>2026-08-11T13:13:54.000Z</Time><Position><LatitudeDegrees>58.62801742553711</LatitudeDegrees><LongitudeDegrees>59.79819869995117</LongitudeDegrees></Position></Trackpoint><Trackpoint><Time>2026-08-11T13:13:55.000Z</Time><Position><LatitudeDegrees>58.628013610839844</LatitudeDegrees><LongitudeDegrees>59.79817581176758</LongitudeDegrees></Position></Trackpoint><Trackpoint><Time>2026-08-11T13:13:57.000Z</Time><Position><LatitudeDegrees>58.62800598144531</LatitudeDegrees><LongitudeDegrees>59.798160552978516</LongitudeDegrees></Position></Trackpoint><Trackpoint><Time>2026-08-11T13:13:57.000Z</Time><Position><LatitudeDegrees>58.62799835205078</LatitudeDegrees><LongitudeDegrees>59.79814147949219</LongitudeDegrees></Position></Trackpoint><Trackpoint><Time>2026-08-11T13:13:59.000Z</Time><Position><LatitudeDegrees>58.62800400435008</LatitudeDegrees><LongitudeDegrees>59.79815684898919</LongitudeDegrees></Position></Trackpoint><Trackpoint><Time>2026-08-11T13:13:59.000Z</Time><Position><LatitudeDegrees>58.62799786406349</LatitudeDegrees><LongitudeDegrees>59.79813900228558</LongitudeDegrees></Position></Trackpoint><Trackpoint><Time>2026-08-11T13:14:01.000Z</Time><Position><LatitudeDegrees>58.62798309326172</LatitudeDegrees><LongitudeDegrees>59.79808807373047</LongitudeDegrees></Position></Trackpoint><Trackpoint><Time>2026-08-11T13:14:02.000Z</Time><Position><LatitudeDegrees>58.62797927856445</LatitudeDegrees><LongitudeDegrees>59.798072814941406</LongitudeDegrees></Position></Trackpoint><Trackpoint><Time>2026-08-11T13:14:03.000Z</Time><Position><LatitudeDegrees>58.62798824580898</LatitudeDegrees><LongitudeDegrees>59.79810021129191</LongitudeDegrees></Position></Trackpoint><Trackpoint><Time>2026-08-11T13:14:04.000Z</Time><Position><LatitudeDegrees>58.627994537353516</LatitudeDegrees><LongitudeDegrees>59.798030853271484</LongitudeDegrees></Position></Trackpoint><Trackpoint><Time>2026-08-11T13:14:04.000Z</Time><Position><LatitudeDegrees>58.627996046218186</LatitudeDegrees><LongitudeDegrees>59.79805121735216</LongitudeDegrees></Position></Trackpoint><Trackpoint><Time>2026-08-11T13:14:06.000Z</Time><Position><LatitudeDegrees>58.62800314369351</LatitudeDegrees><LongitudeDegrees>59.7980264269281</LongitudeDegrees></Position></Trackpoint><Trackpoint><Time>2026-08-11T13:14:07.000Z</Time><Position><LatitudeDegrees>58.62802505493164</LatitudeDegrees><LongitudeDegrees>59.79798126220703</LongitudeDegrees></Position></Trackpoint><Trackpoint><Time>2026-08-11T13:14:08.000Z</Time><Position><LatitudeDegrees>58.62803649902344</LatitudeDegrees><LongitudeDegrees>59.797969818115234</LongitudeDegrees></Position></Trackpoint><Trackpoint><Time>2026-08-11T13:14:09.000Z</Time><Position><LatitudeDegrees>58.62802752453217</LatitudeDegrees><LongitudeDegrees>59.79798520584562</LongitudeDegrees></Position></Trackpoint><Trackpoint><Time>2026-08-11T13:14:10.000Z</Time><Position><LatitudeDegrees>58.628055572509766</LatitudeDegrees><LongitudeDegrees>59.797935485839844</LongitudeDegrees></Position></Trackpoint><Trackpoint><Time>2026-08-11T13:14:11.000Z</Time><Position><LatitudeDegrees>58.6280632019043</LatitudeDegrees><LongitudeDegrees>59.79792785644531</LongitudeDegrees></Position></Trackpoint><Trackpoint><Time>2026-08-11T13:14:12.000Z</Time><Position><LatitudeDegrees>58.628074645996094</LatitudeDegrees><LongitudeDegrees>59.79791259765625</LongitudeDegrees></Position></Trackpoint><Trackpoint><Time>2026-08-11T13:14:13.000Z</Time><Position><LatitudeDegrees>58.628082275390625</LatitudeDegrees><LongitudeDegrees>59.797908782958984</LongitudeDegrees></Position></Trackpoint><Trackpoint><Time>2026-08-11T13:14:14.000Z</Time><Position><LatitudeDegrees>58.628089904785156</LatitudeDegrees><LongitudeDegrees>59.79789733886719</LongitudeDegrees></Position></Trackpoint><Trackpoint><Time>2026-08-11T13:14:15.000Z</Time><Position><LatitudeDegrees>58.62810134887695</LatitudeDegrees><LongitudeDegrees>59.79787826538086</LongitudeDegrees></Position></Trackpoint><Trackpoint><Time>2026-08-11T13:14:15.000Z</Time><Position><LatitudeDegrees>58.628108978271484</LatitudeDegrees><LongitudeDegrees>59.79786682128906</LongitudeDegrees></Position></Trackpoint><Trackpoint><Time>2026-08-11T13:14:16.000Z</Time><Position><LatitudeDegrees>58.62812042236328</LatitudeDegrees><LongitudeDegrees>59.7978515625</LongitudeDegrees></Position></Trackpoint><Trackpoint><Time>2026-08-11T13:14:18.000Z</Time><Position><LatitudeDegrees>58.62813186645508</LatitudeDegrees><LongitudeDegrees>59.79783630371094</LongitudeDegrees></Position></Trackpoint><Trackpoint><Time>2026-08-11T13:14:18.000Z</Time><Position><LatitudeDegrees>58.62813949584961</LatitudeDegrees><LongitudeDegrees>59.797821044921875</LongitudeDegrees></Position></Trackpoint><Trackpoint><Time>2026-08-11T13:14:19.000Z</Time><Position><LatitudeDegrees>58.62814712524414</LatitudeDegrees><LongitudeDegrees>59.79780578613281</LongitudeDegrees></Position></Trackpoint><Trackpoint><Time>2026-08-11T13:14:21.000Z</Time><Position><LatitudeDegrees>58.62815475463867</LatitudeDegrees><LongitudeDegrees>59.797794342041016</LongitudeDegrees></Position></Trackpoint><Trackpoint><Time>2026-08-11T13:14:22.000Z</Time><Position><LatitudeDegrees>58.6281465094071</LatitudeDegrees><LongitudeDegrees>59.797805929595306</LongitudeDegrees></Position></Trackpoint><Trackpoint><Time>2026-08-11T13:14:23.000Z</Time><Position><LatitudeDegrees>58.6281549323192</LatitudeDegrees><LongitudeDegrees>59.79779356995279</LongitudeDegrees></Position></Trackpoint><Trackpoint><Time>2026-08-11T13:14:24.000Z</Time><Position><LatitudeDegrees>58.62818145751953</LatitudeDegrees><LongitudeDegrees>59.797767639160156</LongitudeDegrees></Position></Trackpoint><Trackpoint><Time>2026-08-11T13:14:24.000Z</Time><Position><LatitudeDegrees>58.62819290161133</LatitudeDegrees><LongitudeDegrees>59.79775619506836</LongitudeDegrees></Position></Trackpoint><Trackpoint><Time>2026-08-11T13:14:26.000Z</Time><Position><LatitudeDegrees>58.628204345703125</LatitudeDegrees><LongitudeDegrees>59.79774475097656</LongitudeDegrees></Position></Trackpoint><Trackpoint><Time>2026-08-11T13:14:27.000Z</Time><Position><LatitudeDegrees>58.628211975097656</LatitudeDegrees><LongitudeDegrees>59.7977294921875</LongitudeDegrees></Position></Trackpoint><Trackpoint><Time>2026-08-11T13:14:28.000Z</Time><Position><LatitudeDegrees>58.62821960449219</LatitudeDegrees><LongitudeDegrees>59.7977180480957</LongitudeDegrees></Position></Trackpoint><Trackpoint><Time>2026-08-11T13:14:29.000Z</Time><Position><LatitudeDegrees>58.62823486328125</LatitudeDegrees><LongitudeDegrees>59.797706604003906</LongitudeDegrees></Position></Trackpoint><Trackpoint><Time>2026-08-11T13:14:30.000Z</Time><Position><LatitudeDegrees>58.62822725911557</LatitudeDegrees><LongitudeDegrees>59.79771229264914</LongitudeDegrees></Position></Trackpoint><Trackpoint><Time>2026-08-11T13:14:30.000Z</Time><Position><LatitudeDegrees>58.62823833872287</LatitudeDegrees><LongitudeDegrees>59.797696360040284</LongitudeDegrees></Position></Trackpoint><Trackpoint><Time>2026-08-11T13:14:32.000Z</Time><Position><LatitudeDegrees>58.62826919555664</LatitudeDegrees><LongitudeDegrees>59.79764938354492</LongitudeDegrees></Position></Trackpoint><Trackpoint><Time>2026-08-11T13:14:33.000Z</Time><Position><LatitudeDegrees>58.62827682495117</LatitudeDegrees><LongitudeDegrees>59.797630310058594</LongitudeDegrees></Position></Trackpoint><Trackpoint><Time>2026-08-11T13:14:34.000Z</Time><Position><LatitudeDegrees>58.628260580461486</LatitudeDegrees><LongitudeDegrees>59.79765711770246</LongitudeDegrees></Position></Trackpoint><Trackpoint><Time>2026-08-11T13:14:35.000Z</Time><Position><LatitudeDegrees>58.62828063964844</LatitudeDegrees><LongitudeDegrees>59.79758071899414</LongitudeDegrees></Position></Trackpoint><Trackpoint><Time>2026-08-11T13:14:36.000Z</Time><Position><LatitudeDegrees>58.62827682495117</LatitudeDegrees><LongitudeDegrees>59.79755783081055</LongitudeDegrees></Position></Trackpoint><Trackpoint><Time>2026-08-11T13:14:37.000Z</Time><Position><LatitudeDegrees>58.62827682495117</LatitudeDegrees><LongitudeDegrees>59.79752731323242</LongitudeDegrees></Position></Trackpoint><Trackpoint><Time>2026-08-11T13:14:38.000Z</Time><Position><LatitudeDegrees>58.62827682495117</LatitudeDegrees><LongitudeDegrees>59.797508239746094</LongitudeDegrees></Position></Trackpoint><Trackpoint><Time>2026-08-11T13:14:39.000Z</Time><Position><LatitudeDegrees>58.62828063964844</LatitudeDegrees><LongitudeDegrees>59.797489166259766</LongitudeDegrees></Position></Trackpoint><Trackpoint><Time>2026-08-11T13:14:39.000Z</Time><Position><LatitudeDegrees>58.62828826904297</LatitudeDegrees><LongitudeDegrees>59.79746627807617</LongitudeDegrees></Position></Trackpoint><Trackpoint><Time>2026-08-11T13:14:41.000Z</Time><Position><LatitudeDegrees>58.628292083740234</LatitudeDegrees><LongitudeDegrees>59.79745101928711</LongitudeDegrees></Position></Trackpoint><Trackpoint><Time>2026-08-11T13:14:42.000Z</Time><Position><LatitudeDegrees>58.62828826904297</LatitudeDegrees><LongitudeDegrees>59.79743576049805</LongitudeDegrees></Position></Trackpoint><Trackpoint><Time>2026-08-11T13:14:43.000Z</Time><Position><LatitudeDegrees>58.628285429627006</LatitudeDegrees><LongitudeDegrees>59.79746227856424</LongitudeDegrees></Position></Trackpoint><Trackpoint><Time>2026-08-11T13:14:44.000Z</Time><Position><LatitudeDegrees>58.62826919555664</LatitudeDegrees><LongitudeDegrees>59.79739761352539</LongitudeDegrees></Position></Trackpoint><Trackpoint><Time>2026-08-11T13:14:44.000Z</Time><Position><LatitudeDegrees>58.628275657443275</LatitudeDegrees><LongitudeDegrees>59.79743114827144</LongitudeDegrees></Position></Trackpoint><Trackpoint><Time>2026-08-11T13:14:45.000Z</Time><Position><LatitudeDegrees>58.62823486328125</LatitudeDegrees><LongitudeDegrees>59.79737091064453</LongitudeDegrees></Position></Trackpoint><Trackpoint><Time>2026-08-11T13:14:47.000Z</Time><Position><LatitudeDegrees>58.62824756374503</LatitudeDegrees><LongitudeDegrees>59.79739435186387</LongitudeDegrees></Position></Trackpoint><Trackpoint><Time>2026-08-11T13:14:48.000Z</Time><Position><LatitudeDegrees>58.62820816040039</LatitudeDegrees><LongitudeDegrees>59.79735565185547</LongitudeDegrees></Position></Trackpoint><Trackpoint><Time>2026-08-11T13:14:49.000Z</Time><Position><LatitudeDegrees>58.628196716308594</LatitudeDegrees><LongitudeDegrees>59.79734802246094</LongitudeDegrees></Position></Trackpoint><Trackpoint><Time>2026-08-11T13:14:49.000Z</Time><Position><LatitudeDegrees>58.62818145751953</LatitudeDegrees><LongitudeDegrees>59.797332763671875</LongitudeDegrees></Position></Trackpoint><Trackpoint><Time>2026-08-11T13:14:51.000Z</Time><Position><LatitudeDegrees>58.62816619873047</LatitudeDegrees><LongitudeDegrees>59.79731750488281</LongitudeDegrees></Position></Trackpoint><Trackpoint><Time>2026-08-11T13:14:52.000Z</Time><Position><LatitudeDegrees>58.62815856933594</LatitudeDegrees><LongitudeDegrees>59.79731369018555</LongitudeDegrees></Position></Trackpoint><Trackpoint><Time>2026-08-11T13:14:53.000Z</Time><Position><LatitudeDegrees>58.62814712524414</LatitudeDegrees><LongitudeDegrees>59.79730987548828</LongitudeDegrees></Position></Trackpoint><Trackpoint><Time>2026-08-11T13:14:54.000Z</Time><Position><LatitudeDegrees>58.62813949584961</LatitudeDegrees><LongitudeDegrees>59.79730224609375</LongitudeDegrees></Position></Trackpoint><Trackpoint><Time>2026-08-11T13:14:55.000Z</Time><Position><LatitudeDegrees>58.62812805175781</LatitudeDegrees><LongitudeDegrees>59.797298431396484</LongitudeDegrees></Position></Trackpoint><Trackpoint><Time>2026-08-11T13:14:56.000Z</Time><Position><LatitudeDegrees>58.628116607666016</LatitudeDegrees><LongitudeDegrees>59.79728317260742</LongitudeDegrees></Position></Trackpoint><Trackpoint><Time>2026-08-11T13:14:57.000Z</Time><Position><LatitudeDegrees>58.62813372447459</LatitudeDegrees><LongitudeDegrees>59.7972956271042</LongitudeDegrees></Position></Trackpoint><Trackpoint><Time>2026-08-11T13:14:58.000Z</Time><Position><LatitudeDegrees>58.62812467858995</LatitudeDegrees><LongitudeDegrees>59.79727076254893</LongitudeDegrees></Position></Trackpoint><Trackpoint><Time>2026-08-11T13:14:59.000Z</Time><Position><LatitudeDegrees>58.62812178712036</LatitudeDegrees><LongitudeDegrees>59.79725060895125</LongitudeDegrees></Position></Trackpoint><Trackpoint><Time>2026-08-11T13:14:59.000Z</Time><Position><LatitudeDegrees>58.62812487973469</LatitudeDegrees><LongitudeDegrees>59.79724434706757</LongitudeDegrees></Position></Trackpoint><Trackpoint><Time>2026-08-11T13:15:01.000Z</Time><Position><LatitudeDegrees>58.62812805175781</LatitudeDegrees><LongitudeDegrees>59.797176361083984</LongitudeDegrees></Position></Trackpoint><Trackpoint><Time>2026-08-11T13:15:02.000Z</Time><Position><LatitudeDegrees>58.628135681152344</LatitudeDegrees><LongitudeDegrees>59.79715347290039</LongitudeDegrees></Position></Trackpoint><Trackpoint><Time>2026-08-11T13:15:03.000Z</Time><Position><LatitudeDegrees>58.628133487493756</LatitudeDegrees><LongitudeDegrees>59.797170103499624</LongitudeDegrees></Position></Trackpoint><Trackpoint><Time>2026-08-11T13:15:04.000Z</Time><Position><LatitudeDegrees>58.6281380890108</LatitudeDegrees><LongitudeDegrees>59.79715984335846</LongitudeDegrees></Position></Trackpoint><Trackpoint><Time>2026-08-11T13:15:05.000Z</Time><Position><LatitudeDegrees>58.62815475463867</LatitudeDegrees><LongitudeDegrees>59.79709243774414</LongitudeDegrees></Position></Trackpoint><Trackpoint><Time>2026-08-11T13:15:06.000Z</Time><Position><LatitudeDegrees>58.62815856933594</LatitudeDegrees><LongitudeDegrees>59.79706954956055</LongitudeDegrees></Position></Trackpoint><Trackpoint><Time>2026-08-11T13:15:07.000Z</Time><Position><LatitudeDegrees>58.62816619873047</LatitudeDegrees><LongitudeDegrees>59.79704666137695</LongitudeDegrees></Position></Trackpoint><Trackpoint><Time>2026-08-11T13:15:08.000Z</Time><Position><LatitudeDegrees>58.628170013427734</LatitudeDegrees><LongitudeDegrees>59.797035217285156</LongitudeDegrees></Position></Trackpoint><Trackpoint><Time>2026-08-11T13:15:09.000Z</Time><Position><LatitudeDegrees>58.628177642822266</LatitudeDegrees><LongitudeDegrees>59.79701232910156</LongitudeDegrees></Position></Trackpoint><Trackpoint><Time>2026-08-11T13:15:10.000Z</Time><Position><LatitudeDegrees>58.62818145751953</LatitudeDegrees><LongitudeDegrees>59.796993255615234</LongitudeDegrees></Position></Trackpoint><Trackpoint><Time>2026-08-11T13:15:11.000Z</Time><Position><LatitudeDegrees>58.628173717731286</LatitudeDegrees><LongitudeDegrees>59.79702083711349</LongitudeDegrees></Position></Trackpoint><Trackpoint><Time>2026-08-11T13:15:12.000Z</Time><Position><LatitudeDegrees>58.62818908691406</LatitudeDegrees><LongitudeDegrees>59.79694366455078</LongitudeDegrees></Position></Trackpoint><Trackpoint><Time>2026-08-11T13:15:13.000Z</Time><Position><LatitudeDegrees>58.62819290161133</LatitudeDegrees><LongitudeDegrees>59.79692077636719</LongitudeDegrees></Position></Trackpoint><Trackpoint><Time>2026-08-11T13:15:13.000Z</Time><Position><LatitudeDegrees>58.62818908691406</LatitudeDegrees><LongitudeDegrees>59.79690170288086</LongitudeDegrees></Position></Trackpoint><Trackpoint><Time>2026-08-11T13:15:15.000Z</Time><Position><LatitudeDegrees>58.62818908691406</LatitudeDegrees><LongitudeDegrees>59.796875</LongitudeDegrees></Position></Trackpoint><Trackpoint><Time>2026-08-11T13:15:16.000Z</Time><Position><LatitudeDegrees>58.62819290161133</LatitudeDegrees><LongitudeDegrees>59.79685974121094</LongitudeDegrees></Position></Trackpoint><Trackpoint><Time>2026-08-11T13:15:17.000Z</Time><Position><LatitudeDegrees>58.62820053100586</LatitudeDegrees><LongitudeDegrees>59.796836853027344</LongitudeDegrees></Position></Trackpoint><Trackpoint><Time>2026-08-11T13:15:18.000Z</Time><Position><LatitudeDegrees>58.628204345703125</LatitudeDegrees><LongitudeDegrees>59.79681396484375</LongitudeDegrees></Position></Trackpoint><Trackpoint><Time>2026-08-11T13:15:19.000Z</Time><Position><LatitudeDegrees>58.62820816040039</LatitudeDegrees><LongitudeDegrees>59.79678726196289</LongitudeDegrees></Position></Trackpoint><Trackpoint><Time>2026-08-11T13:15:20.000Z</Time><Position><LatitudeDegrees>58.62820816040039</LatitudeDegrees><LongitudeDegrees>59.79676055908203</LongitudeDegrees></Position></Trackpoint><Trackpoint><Time>2026-08-11T13:15:21.000Z</Time><Position><LatitudeDegrees>58.628211975097656</LatitudeDegrees><LongitudeDegrees>59.7967414855957</LongitudeDegrees></Position></Trackpoint><Trackpoint><Time>2026-08-11T13:15:22.000Z</Time><Position><LatitudeDegrees>58.62820781603342</LatitudeDegrees><LongitudeDegrees>59.796773595876864</LongitudeDegrees></Position></Trackpoint><Trackpoint><Time>2026-08-11T13:15:23.000Z</Time><Position><LatitudeDegrees>58.62822341918945</LatitudeDegrees><LongitudeDegrees>59.79669189453125</LongitudeDegrees></Position></Trackpoint><Trackpoint><Time>2026-08-11T13:15:24.000Z</Time><Position><LatitudeDegrees>58.62822723388672</LatitudeDegrees><LongitudeDegrees>59.796669006347656</LongitudeDegrees></Position></Trackpoint><Trackpoint><Time>2026-08-11T13:15:25.000Z</Time><Position><LatitudeDegrees>58.628231048583984</LatitudeDegrees><LongitudeDegrees>59.79664993286133</LongitudeDegrees></Position></Trackpoint><Trackpoint><Time>2026-08-11T13:15:26.000Z</Time><Position><LatitudeDegrees>58.62823486328125</LatitudeDegrees><LongitudeDegrees>59.796634674072266</LongitudeDegrees></Position></Trackpoint><Trackpoint><Time>2026-08-11T13:15:27.000Z</Time><Position><LatitudeDegrees>58.62824630737305</LatitudeDegrees><LongitudeDegrees>59.796607971191406</LongitudeDegrees></Position></Trackpoint><Trackpoint><Time>2026-08-11T13:15:28.000Z</Time><Position><LatitudeDegrees>58.62823994880787</LatitudeDegrees><LongitudeDegrees>59.796623778326506</LongitudeDegrees></Position></Trackpoint><Trackpoint><Time>2026-08-11T13:15:29.000Z</Time><Position><LatitudeDegrees>58.62824115947622</LatitudeDegrees><LongitudeDegrees>59.79660945476786</LongitudeDegrees></Position></Trackpoint><Trackpoint><Time>2026-08-11T13:15:30.000Z</Time><Position><LatitudeDegrees>58.62825012207031</LatitudeDegrees><LongitudeDegrees>59.79652786254883</LongitudeDegrees></Position></Trackpoint><Trackpoint><Time>2026-08-11T13:15:30.000Z</Time><Position><LatitudeDegrees>58.62825393676758</LatitudeDegrees><LongitudeDegrees>59.796504974365234</LongitudeDegrees></Position></Trackpoint><Trackpoint><Time>2026-08-11T13:15:32.000Z</Time><Position><LatitudeDegrees>58.62825393676758</LatitudeDegrees><LongitudeDegrees>59.796485900878906</LongitudeDegrees></Position></Trackpoint><Trackpoint><Time>2026-08-11T13:15:33.000Z</Time><Position><LatitudeDegrees>58.62825393676758</LatitudeDegrees><LongitudeDegrees>59.796470642089844</LongitudeDegrees></Position></Trackpoint><Trackpoint><Time>2026-08-11T13:15:34.000Z</Time><Position><LatitudeDegrees>58.628257751464844</LatitudeDegrees><LongitudeDegrees>59.796451568603516</LongitudeDegrees></Position></Trackpoint><Trackpoint><Time>2026-08-11T13:15:35.000Z</Time><Position><LatitudeDegrees>58.62826156616211</LatitudeDegrees><LongitudeDegrees>59.796424865722656</LongitudeDegrees></Position></Trackpoint><Trackpoint><Time>2026-08-11T13:15:36.000Z</Time><Position><LatitudeDegrees>58.62826156616211</LatitudeDegrees><LongitudeDegrees>59.79640197753906</LongitudeDegrees></Position></Trackpoint><Trackpoint><Time>2026-08-11T13:15:37.000Z</Time><Position><LatitudeDegrees>58.62826156616211</LatitudeDegrees><LongitudeDegrees>59.79637908935547</LongitudeDegrees></Position></Trackpoint><Trackpoint><Time>2026-08-11T13:15:38.000Z</Time><Position><LatitudeDegrees>58.628265380859375</LatitudeDegrees><LongitudeDegrees>59.796356201171875</LongitudeDegrees></Position></Trackpoint><Trackpoint><Time>2026-08-11T13:15:39.000Z</Time><Position><LatitudeDegrees>58.62826919555664</LatitudeDegrees><LongitudeDegrees>59.79633331298828</LongitudeDegrees></Position></Trackpoint><Trackpoint><Time>2026-08-11T13:15:39.000Z</Time><Position><LatitudeDegrees>58.62826446123846</LatitudeDegrees><LongitudeDegrees>59.79636600266124</LongitudeDegrees></Position></Trackpoint><Trackpoint><Time>2026-08-11T13:15:41.000Z</Time><Position><LatitudeDegrees>58.62827682495117</LatitudeDegrees><LongitudeDegrees>59.79629135131836</LongitudeDegrees></Position></Trackpoint><Trackpoint><Time>2026-08-11T13:15:42.000Z</Time><Position><LatitudeDegrees>58.6282844543457</LatitudeDegrees><LongitudeDegrees>59.796268463134766</LongitudeDegrees></Position></Trackpoint><Trackpoint><Time>2026-08-11T13:15:43.000Z</Time><Position><LatitudeDegrees>58.62828826904297</LatitudeDegrees><LongitudeDegrees>59.796241760253906</LongitudeDegrees></Position></Trackpoint><Trackpoint><Time>2026-08-11T13:15:44.000Z</Time><Position><LatitudeDegrees>58.628292083740234</LatitudeDegrees><LongitudeDegrees>59.79621887207031</LongitudeDegrees></Position></Trackpoint><Trackpoint><Time>2026-08-11T13:15:45.000Z</Time><Position><LatitudeDegrees>58.628292083740234</LatitudeDegrees><LongitudeDegrees>59.79619598388672</LongitudeDegrees></Position></Trackpoint><Trackpoint><Time>2026-08-11T13:15:45.000Z</Time><Position><LatitudeDegrees>58.628299713134766</LatitudeDegrees><LongitudeDegrees>59.796173095703125</LongitudeDegrees></Position></Trackpoint><Trackpoint><Time>2026-08-11T13:15:46.000Z</Time><Position><LatitudeDegrees>58.62829443325418</LatitudeDegrees><LongitudeDegrees>59.79619554473679</LongitudeDegrees></Position></Trackpoint><Trackpoint><Time>2026-08-11T13:15:48.000Z</Time><Position><LatitudeDegrees>58.6282958984375</LatitudeDegrees><LongitudeDegrees>59.796138763427734</LongitudeDegrees></Position></Trackpoint><Trackpoint><Time>2026-08-11T13:15:48.000Z</Time><Position><LatitudeDegrees>58.62829429511379</LatitudeDegrees><LongitudeDegrees>59.79617286022888</LongitudeDegrees></Position></Trackpoint><Trackpoint><Time>2026-08-11T13:15:49.000Z</Time><Position><LatitudeDegrees>58.62831115722656</LatitudeDegrees><LongitudeDegrees>59.79609680175781</LongitudeDegrees></Position></Trackpoint><Trackpoint><Time>2026-08-11T13:15:50.000Z</Time><Position><LatitudeDegrees>58.62831497192383</LatitudeDegrees><LongitudeDegrees>59.79607391357422</LongitudeDegrees></Position></Trackpoint><Trackpoint><Time>2026-08-11T13:15:51.000Z</Time><Position><LatitudeDegrees>58.628318786621094</LatitudeDegrees><LongitudeDegrees>59.796051025390625</LongitudeDegrees></Position></Trackpoint><Trackpoint><Time>2026-08-11T13:15:52.000Z</Time><Position><LatitudeDegrees>58.628326416015625</LatitudeDegrees><LongitudeDegrees>59.7960319519043</LongitudeDegrees></Position></Trackpoint><Trackpoint><Time>2026-08-11T13:15:53.000Z</Time><Position><LatitudeDegrees>58.628326416015625</LatitudeDegrees><LongitudeDegrees>59.796016693115234</LongitudeDegrees></Position></Trackpoint><Trackpoint><Time>2026-08-11T13:15:55.000Z</Time><Position><LatitudeDegrees>58.62833023071289</LatitudeDegrees><LongitudeDegrees>59.79599380493164</LongitudeDegrees></Position></Trackpoint><Trackpoint><Time>2026-08-11T13:15:56.000Z</Time><Position><LatitudeDegrees>58.62833786010742</LatitudeDegrees><LongitudeDegrees>59.795963287353516</LongitudeDegrees></Position></Trackpoint><Trackpoint><Time>2026-08-11T13:15:57.000Z</Time><Position><LatitudeDegrees>58.62834548950195</LatitudeDegrees><LongitudeDegrees>59.79594421386719</LongitudeDegrees></Position></Trackpoint><Trackpoint><Time>2026-08-11T13:15:58.000Z</Time><Position><LatitudeDegrees>58.62834930419922</LatitudeDegrees><LongitudeDegrees>59.795921325683594</LongitudeDegrees></Position></Trackpoint><Trackpoint><Time>2026-08-11T13:15:58.000Z</Time><Position><LatitudeDegrees>58.62834466417369</LatitudeDegrees><LongitudeDegrees>59.79593893886139</LongitudeDegrees></Position></Trackpoint><Trackpoint><Time>2026-08-11T13:16:00.000Z</Time><Position><LatitudeDegrees>58.62834574172252</LatitudeDegrees><LongitudeDegrees>59.795925684492104</LongitudeDegrees></Position></Trackpoint><Trackpoint><Time>2026-08-11T13:16:01.000Z</Time><Position><LatitudeDegrees>58.628353118896484</LatitudeDegrees><LongitudeDegrees>59.79585266113281</LongitudeDegrees></Position></Trackpoint><Trackpoint><Time>2026-08-11T13:16:02.000Z</Time><Position><LatitudeDegrees>58.628353118896484</LatitudeDegrees><LongitudeDegrees>59.79583740234375</LongitudeDegrees></Position></Trackpoint><Trackpoint><Time>2026-08-11T13:16:03.000Z</Time><Position><LatitudeDegrees>58.628353118896484</LatitudeDegrees><LongitudeDegrees>59.795814514160156</LongitudeDegrees></Position></Trackpoint><Trackpoint><Time>2026-08-11T13:16:03.000Z</Time><Position><LatitudeDegrees>58.62835693359375</LatitudeDegrees><LongitudeDegrees>59.79579162597656</LongitudeDegrees></Position></Trackpoint><Trackpoint><Time>2026-08-11T13:16:04.000Z</Time><Position><LatitudeDegrees>58.62835613865855</LatitudeDegrees><LongitudeDegrees>59.79580977498317</LongitudeDegrees></Position></Trackpoint><Trackpoint><Time>2026-08-11T13:16:05.000Z</Time><Position><LatitudeDegrees>58.62836456298828</LatitudeDegrees><LongitudeDegrees>59.795753479003906</LongitudeDegrees></Position></Trackpoint><Trackpoint><Time>2026-08-11T13:16:06.000Z</Time><Position><LatitudeDegrees>58.62836837768555</LatitudeDegrees><LongitudeDegrees>59.79572677612305</LongitudeDegrees></Position></Trackpoint><Trackpoint><Time>2026-08-11T13:16:08.000Z</Time><Position><LatitudeDegrees>58.62837600708008</LatitudeDegrees><LongitudeDegrees>59.79570007324219</LongitudeDegrees></Position></Trackpoint><Trackpoint><Time>2026-08-11T13:16:09.000Z</Time><Position><LatitudeDegrees>58.628379821777344</LatitudeDegrees><LongitudeDegrees>59.79568099975586</LongitudeDegrees></Position></Trackpoint><Trackpoint><Time>2026-08-11T13:16:09.000Z</Time><Position><LatitudeDegrees>58.628376037087705</LatitudeDegrees><LongitudeDegrees>59.79569836877492</LongitudeDegrees></Position></Trackpoint><Trackpoint><Time>2026-08-11T13:16:11.000Z</Time><Position><LatitudeDegrees>58.62837688226915</LatitudeDegrees><LongitudeDegrees>59.795686005308106</LongitudeDegrees></Position></Trackpoint><Trackpoint><Time>2026-08-11T13:16:12.000Z</Time><Position><LatitudeDegrees>58.628379821777344</LatitudeDegrees><LongitudeDegrees>59.79561233520508</LongitudeDegrees></Position></Trackpoint><Trackpoint><Time>2026-08-11T13:16:13.000Z</Time><Position><LatitudeDegrees>58.628379821777344</LatitudeDegrees><LongitudeDegrees>59.79558563232422</LongitudeDegrees></Position></Trackpoint><Trackpoint><Time>2026-08-11T13:16:14.000Z</Time><Position><LatitudeDegrees>58.628379821777344</LatitudeDegrees><LongitudeDegrees>59.79555892944336</LongitudeDegrees></Position></Trackpoint><Trackpoint><Time>2026-08-11T13:16:15.000Z</Time><Position><LatitudeDegrees>58.62838363647461</LatitudeDegrees><LongitudeDegrees>59.79553985595703</LongitudeDegrees></Position></Trackpoint><Trackpoint><Time>2026-08-11T13:16:16.000Z</Time><Position><LatitudeDegrees>58.62838163087106</LatitudeDegrees><LongitudeDegrees>59.79557332633306</LongitudeDegrees></Position></Trackpoint><Trackpoint><Time>2026-08-11T13:16:17.000Z</Time><Position><LatitudeDegrees>58.62839889526367</LatitudeDegrees><LongitudeDegrees>59.795494079589844</LongitudeDegrees></Position></Trackpoint><Trackpoint><Time>2026-08-11T13:16:18.000Z</Time><Position><LatitudeDegrees>58.62839889526367</LatitudeDegrees><LongitudeDegrees>59.795475006103516</LongitudeDegrees></Position></Trackpoint><Trackpoint><Time>2026-08-11T13:16:18.000Z</Time><Position><LatitudeDegrees>58.62841033935547</LatitudeDegrees><LongitudeDegrees>59.79546356201172</LongitudeDegrees></Position></Trackpoint><Trackpoint><Time>2026-08-11T13:16:19.000Z</Time><Position><LatitudeDegrees>58.628404350676625</LatitudeDegrees><LongitudeDegrees>59.79547435895218</LongitudeDegrees></Position></Trackpoint><Trackpoint><Time>2026-08-11T13:16:20.000Z</Time><Position><LatitudeDegrees>58.62841033935547</LatitudeDegrees><LongitudeDegrees>59.79541015625</LongitudeDegrees></Position></Trackpoint><Trackpoint><Time>2026-08-11T13:16:21.000Z</Time><Position><LatitudeDegrees>58.628414154052734</LatitudeDegrees><LongitudeDegrees>59.795387268066406</LongitudeDegrees></Position></Trackpoint><Trackpoint><Time>2026-08-11T13:16:22.000Z</Time><Position><LatitudeDegrees>58.62841796875</LatitudeDegrees><LongitudeDegrees>59.79536437988281</LongitudeDegrees></Position></Trackpoint><Trackpoint><Time>2026-08-11T13:16:24.000Z</Time><Position><LatitudeDegrees>58.628421783447266</LatitudeDegrees><LongitudeDegrees>59.79533767700195</LongitudeDegrees></Position></Trackpoint><Trackpoint><Time>2026-08-11T13:16:24.000Z</Time><Position><LatitudeDegrees>58.62841610268064</LatitudeDegrees><LongitudeDegrees>59.79537491696562</LongitudeDegrees></Position></Trackpoint><Trackpoint><Time>2026-08-11T13:16:25.000Z</Time><Position><LatitudeDegrees>58.6284294128418</LatitudeDegrees><LongitudeDegrees>59.79530334472656</LongitudeDegrees></Position></Trackpoint><Trackpoint><Time>2026-08-11T13:16:26.000Z</Time><Position><LatitudeDegrees>58.6284294128418</LatitudeDegrees><LongitudeDegrees>59.7952880859375</LongitudeDegrees></Position></Trackpoint><Trackpoint><Time>2026-08-11T13:16:27.000Z</Time><Position><LatitudeDegrees>58.62843704223633</LatitudeDegrees><LongitudeDegrees>59.79527282714844</LongitudeDegrees></Position></Trackpoint><Trackpoint><Time>2026-08-11T13:16:28.000Z</Time><Position><LatitudeDegrees>58.628440856933594</LatitudeDegrees><LongitudeDegrees>59.795257568359375</LongitudeDegrees></Position></Trackpoint><Trackpoint><Time>2026-08-11T13:16:29.000Z</Time><Position><LatitudeDegrees>58.628448486328125</LatitudeDegrees><LongitudeDegrees>59.795249938964844</LongitudeDegrees></Position></Trackpoint><Trackpoint><Time>2026-08-11T13:16:30.000Z</Time><Position><LatitudeDegrees>58.628448486328125</LatitudeDegrees><LongitudeDegrees>59.795230865478516</LongitudeDegrees></Position></Trackpoint><Trackpoint><Time>2026-08-11T13:16:31.000Z</Time><Position><LatitudeDegrees>58.628448486328125</LatitudeDegrees><LongitudeDegrees>59.79520797729492</LongitudeDegrees></Position></Trackpoint><Trackpoint><Time>2026-08-11T13:16:32.000Z</Time><Position><LatitudeDegrees>58.62845230102539</LatitudeDegrees><LongitudeDegrees>59.79519271850586</LongitudeDegrees></Position></Trackpoint><Trackpoint><Time>2026-08-11T13:16:33.000Z</Time><Position><LatitudeDegrees>58.628456115722656</LatitudeDegrees><LongitudeDegrees>59.79517364501953</LongitudeDegrees></Position></Trackpoint><Trackpoint><Time>2026-08-11T13:16:34.000Z</Time><Position><LatitudeDegrees>58.62845993041992</LatitudeDegrees><LongitudeDegrees>59.79515075683594</LongitudeDegrees></Position></Trackpoint><Trackpoint><Time>2026-08-11T13:16:35.000Z</Time><Position><LatitudeDegrees>58.62846755981445</LatitudeDegrees><LongitudeDegrees>59.795127868652344</LongitudeDegrees></Position></Trackpoint><Trackpoint><Time>2026-08-11T13:16:36.000Z</Time><Position><LatitudeDegrees>58.62846755981445</LatitudeDegrees><LongitudeDegrees>59.79510498046875</LongitudeDegrees></Position></Trackpoint><Trackpoint><Time>2026-08-11T13:16:37.000Z</Time><Position><LatitudeDegrees>58.628463119947206</LatitudeDegrees><LongitudeDegrees>59.79513719176884</LongitudeDegrees></Position></Trackpoint><Trackpoint><Time>2026-08-11T13:16:38.000Z</Time><Position><LatitudeDegrees>58.62847137451172</LatitudeDegrees><LongitudeDegrees>59.79508972167969</LongitudeDegrees></Position></Trackpoint><Trackpoint><Time>2026-08-11T13:16:40.000Z</Time><Position><LatitudeDegrees>58.62847137451172</LatitudeDegrees><LongitudeDegrees>59.79507064819336</LongitudeDegrees></Position></Trackpoint><Trackpoint><Time>2026-08-11T13:16:41.000Z</Time><Position><LatitudeDegrees>58.62847137451172</LatitudeDegrees><LongitudeDegrees>59.795040130615234</LongitudeDegrees></Position></Trackpoint><Trackpoint><Time>2026-08-11T13:16:42.000Z</Time><Position><LatitudeDegrees>58.628475189208984</LatitudeDegrees><LongitudeDegrees>59.79501724243164</LongitudeDegrees></Position></Trackpoint><Trackpoint><Time>2026-08-11T13:16:43.000Z</Time><Position><LatitudeDegrees>58.62847289930503</LatitudeDegrees><LongitudeDegrees>59.7950490242907</LongitudeDegrees></Position></Trackpoint><Trackpoint><Time>2026-08-11T13:16:44.000Z</Time><Position><LatitudeDegrees>58.62849426269531</LatitudeDegrees><LongitudeDegrees>59.79497146606445</LongitudeDegrees></Position></Trackpoint><Trackpoint><Time>2026-08-11T13:16:45.000Z</Time><Position><LatitudeDegrees>58.628501892089844</LatitudeDegrees><LongitudeDegrees>59.794952392578125</LongitudeDegrees></Position></Trackpoint><Trackpoint><Time>2026-08-11T13:16:46.000Z</Time><Position><LatitudeDegrees>58.628509521484375</LatitudeDegrees><LongitudeDegrees>59.79493713378906</LongitudeDegrees></Position></Trackpoint><Trackpoint><Time>2026-08-11T13:16:47.000Z</Time><Position><LatitudeDegrees>58.62851333618164</LatitudeDegrees><LongitudeDegrees>59.79491424560547</LongitudeDegrees></Position></Trackpoint><Trackpoint><Time>2026-08-11T13:16:47.000Z</Time><Position><LatitudeDegrees>58.628507496157</LatitudeDegrees><LongitudeDegrees>59.79493254798624</LongitudeDegrees></Position></Trackpoint><Trackpoint><Time>2026-08-11T13:16:49.000Z</Time><Position><LatitudeDegrees>58.62852096557617</LatitudeDegrees><LongitudeDegrees>59.79486846923828</LongitudeDegrees></Position></Trackpoint><Trackpoint><Time>2026-08-11T13:16:49.000Z</Time><Position><LatitudeDegrees>58.62852478027344</LatitudeDegrees><LongitudeDegrees>59.79484176635742</LongitudeDegrees></Position></Trackpoint><Trackpoint><Time>2026-08-11T13:16:50.000Z</Time><Position><LatitudeDegrees>58.628536224365234</LatitudeDegrees><LongitudeDegrees>59.79481506347656</LongitudeDegrees></Position></Trackpoint><Trackpoint><Time>2026-08-11T13:16:52.000Z</Time><Position><LatitudeDegrees>58.62852963678342</LatitudeDegrees><LongitudeDegrees>59.79483413632875</LongitudeDegrees></Position></Trackpoint><Trackpoint><Time>2026-08-11T13:16:52.000Z</Time><Position><LatitudeDegrees>58.628543853759766</LatitudeDegrees><LongitudeDegrees>59.79476547241211</LongitudeDegrees></Position></Trackpoint><Trackpoint><Time>2026-08-11T13:16:54.000Z</Time><Position><LatitudeDegrees>58.62854766845703</LatitudeDegrees><LongitudeDegrees>59.79474639892578</LongitudeDegrees></Position></Trackpoint><Trackpoint><Time>2026-08-11T13:16:54.000Z</Time><Position><LatitudeDegrees>58.6285514831543</LatitudeDegrees><LongitudeDegrees>59.79472351074219</LongitudeDegrees></Position></Trackpoint><Trackpoint><Time>2026-08-11T13:16:55.000Z</Time><Position><LatitudeDegrees>58.6285514831543</LatitudeDegrees><LongitudeDegrees>59.794700622558594</LongitudeDegrees></Position></Trackpoint><Trackpoint><Time>2026-08-11T13:16:57.000Z</Time><Position><LatitudeDegrees>58.62855911254883</LatitudeDegrees><LongitudeDegrees>59.794673919677734</LongitudeDegrees></Position></Trackpoint><Trackpoint><Time>2026-08-11T13:16:58.000Z</Time><Position><LatitudeDegrees>58.62856674194336</LatitudeDegrees><LongitudeDegrees>59.79465103149414</LongitudeDegrees></Position></Trackpoint><Trackpoint><Time>2026-08-11T13:16:58.000Z</Time><Position><LatitudeDegrees>58.628570556640625</LatitudeDegrees><LongitudeDegrees>59.79462814331055</LongitudeDegrees></Position></Trackpoint><Trackpoint><Time>2026-08-11T13:17:00.000Z</Time><Position><LatitudeDegrees>58.628570556640625</LatitudeDegrees><LongitudeDegrees>59.79460906982422</LongitudeDegrees></Position></Trackpoint><Trackpoint><Time>2026-08-11T13:17:01.000Z</Time><Position><LatitudeDegrees>58.62856549423034</LatitudeDegrees><LongitudeDegrees>59.79464057808358</LongitudeDegrees></Position></Trackpoint><Trackpoint><Time>2026-08-11T13:17:02.000Z</Time><Position><LatitudeDegrees>58.628570556640625</LatitudeDegrees><LongitudeDegrees>59.7945671081543</LongitudeDegrees></Position></Trackpoint><Trackpoint><Time>2026-08-11T13:17:03.000Z</Time><Position><LatitudeDegrees>58.628570556640625</LatitudeDegrees><LongitudeDegrees>59.7945442199707</LongitudeDegrees></Position></Trackpoint><Trackpoint><Time>2026-08-11T13:17:04.000Z</Time><Position><LatitudeDegrees>58.62857437133789</LatitudeDegrees><LongitudeDegrees>59.794525146484375</LongitudeDegrees></Position></Trackpoint><Trackpoint><Time>2026-08-11T13:17:04.000Z</Time><Position><LatitudeDegrees>58.62857437133789</LatitudeDegrees><LongitudeDegrees>59.794498443603516</LongitudeDegrees></Position></Trackpoint><Trackpoint><Time>2026-08-11T13:17:06.000Z</Time><Position><LatitudeDegrees>58.62857437133789</LatitudeDegrees><LongitudeDegrees>59.794471740722656</LongitudeDegrees></Position></Trackpoint><Trackpoint><Time>2026-08-11T13:17:06.000Z</Time><Position><LatitudeDegrees>58.628574737376</LatitudeDegrees><LongitudeDegrees>59.794493820048736</LongitudeDegrees></Position></Trackpoint><Trackpoint><Time>2026-08-11T13:17:07.000Z</Time><Position><LatitudeDegrees>58.62858200073242</LatitudeDegrees><LongitudeDegrees>59.794429779052734</LongitudeDegrees></Position></Trackpoint><Trackpoint><Time>2026-08-11T13:17:08.000Z</Time><Position><LatitudeDegrees>58.62859344482422</LatitudeDegrees><LongitudeDegrees>59.79439926147461</LongitudeDegrees></Position></Trackpoint><Trackpoint><Time>2026-08-11T13:17:09.000Z</Time><Position><LatitudeDegrees>58.62859344482422</LatitudeDegrees><LongitudeDegrees>59.79438018798828</LongitudeDegrees></Position></Trackpoint><Trackpoint><Time>2026-08-11T13:17:10.000Z</Time><Position><LatitudeDegrees>58.62859344482422</LatitudeDegrees><LongitudeDegrees>59.79435729980469</LongitudeDegrees></Position></Trackpoint><Trackpoint><Time>2026-08-11T13:17:11.000Z</Time><Position><LatitudeDegrees>58.628597259521484</LatitudeDegrees><LongitudeDegrees>59.79433822631836</LongitudeDegrees></Position></Trackpoint><Trackpoint><Time>2026-08-11T13:17:12.000Z</Time><Position><LatitudeDegrees>58.628597259521484</LatitudeDegrees><LongitudeDegrees>59.79431915283203</LongitudeDegrees></Position></Trackpoint><Trackpoint><Time>2026-08-11T13:17:13.000Z</Time><Position><LatitudeDegrees>58.628597259521484</LatitudeDegrees><LongitudeDegrees>59.79429626464844</LongitudeDegrees></Position></Trackpoint><Trackpoint><Time>2026-08-11T13:17:14.000Z</Time><Position><LatitudeDegrees>58.62859725723925</LatitudeDegrees><LongitudeDegrees>59.79431553384154</LongitudeDegrees></Position></Trackpoint><Trackpoint><Time>2026-08-11T13:17:15.000Z</Time><Position><LatitudeDegrees>58.628597259521484</LatitudeDegrees><LongitudeDegrees>59.794273376464844</LongitudeDegrees></Position></Trackpoint><Trackpoint><Time>2026-08-11T13:17:17.000Z</Time><Position><LatitudeDegrees>58.62859725972903</LatitudeDegrees><LongitudeDegrees>59.79428799292955</LongitudeDegrees></Position></Trackpoint><Trackpoint><Time>2026-08-11T13:17:18.000Z</Time><Position><LatitudeDegrees>58.628597259521484</LatitudeDegrees><LongitudeDegrees>59.794246673583984</LongitudeDegrees></Position></Trackpoint><Trackpoint><Time>2026-08-11T13:17:19.000Z</Time><Position><LatitudeDegrees>58.62858963012695</LatitudeDegrees><LongitudeDegrees>59.79423522949219</LongitudeDegrees></Position></Trackpoint><Trackpoint><Time>2026-08-11T13:17:20.000Z</Time><Position><LatitudeDegrees>58.62859003864894</LatitudeDegrees><LongitudeDegrees>59.79424613917784</LongitudeDegrees></Position></Trackpoint><Trackpoint><Time>2026-08-11T13:17:21.000Z</Time><Position><LatitudeDegrees>58.62858989247485</LatitudeDegrees><LongitudeDegrees>59.79422311055799</LongitudeDegrees></Position></Trackpoint><Trackpoint><Time>2026-08-11T13:17:22.000Z</Time><Position><LatitudeDegrees>58.62859395861861</LatitudeDegrees><LongitudeDegrees>59.79420823668391</LongitudeDegrees></Position></Trackpoint><Trackpoint><Time>2026-08-11T13:17:23.000Z</Time><Position><LatitudeDegrees>58.62861251831055</LatitudeDegrees><LongitudeDegrees>59.79413604736328</LongitudeDegrees></Position></Trackpoint><Trackpoint><Time>2026-08-11T13:17:23.000Z</Time><Position><LatitudeDegrees>58.62861633300781</LatitudeDegrees><LongitudeDegrees>59.794124603271484</LongitudeDegrees></Position></Trackpoint><Trackpoint><Time>2026-08-11T13:17:25.000Z</Time><Position><LatitudeDegrees>58.62860870361328</LatitudeDegrees><LongitudeDegrees>59.79410934448242</LongitudeDegrees></Position></Trackpoint><Trackpoint><Time>2026-08-11T13:17:26.000Z</Time><Position><LatitudeDegrees>58.62860781229416</LatitudeDegrees><LongitudeDegrees>59.79413510431209</LongitudeDegrees></Position></Trackpoint><Trackpoint><Time>2026-08-11T13:17:27.000Z</Time><Position><LatitudeDegrees>58.628604888916016</LatitudeDegrees><LongitudeDegrees>59.794071197509766</LongitudeDegrees></Position></Trackpoint><Trackpoint><Time>2026-08-11T13:17:27.000Z</Time><Position><LatitudeDegrees>58.62860107421875</LatitudeDegrees><LongitudeDegrees>59.7940559387207</LongitudeDegrees></Position></Trackpoint><Trackpoint><Time>2026-08-11T13:17:29.000Z</Time><Position><LatitudeDegrees>58.62860107421875</LatitudeDegrees><LongitudeDegrees>59.79403305053711</LongitudeDegrees></Position></Trackpoint><Trackpoint><Time>2026-08-11T13:17:30.000Z</Time><Position><LatitudeDegrees>58.62860107421875</LatitudeDegrees><LongitudeDegrees>59.794010162353516</LongitudeDegrees></Position></Trackpoint><Trackpoint><Time>2026-08-11T13:17:31.000Z</Time><Position><LatitudeDegrees>58.628602922914986</LatitudeDegrees><LongitudeDegrees>59.79404066055177</LongitudeDegrees></Position></Trackpoint><Trackpoint><Time>2026-08-11T13:17:32.000Z</Time><Position><LatitudeDegrees>58.62860870361328</LatitudeDegrees><LongitudeDegrees>59.793968200683594</LongitudeDegrees></Position></Trackpoint><Trackpoint><Time>2026-08-11T13:17:32.000Z</Time><Position><LatitudeDegrees>58.62861251831055</LatitudeDegrees><LongitudeDegrees>59.793941497802734</LongitudeDegrees></Position></Trackpoint><Trackpoint><Time>2026-08-11T13:17:34.000Z</Time><Position><LatitudeDegrees>58.62861633300781</LatitudeDegrees><LongitudeDegrees>59.79391098022461</LongitudeDegrees></Position></Trackpoint><Trackpoint><Time>2026-08-11T13:17:35.000Z</Time><Position><LatitudeDegrees>58.628623962402344</LatitudeDegrees><LongitudeDegrees>59.79389190673828</LongitudeDegrees></Position></Trackpoint><Trackpoint><Time>2026-08-11T13:17:36.000Z</Time><Position><LatitudeDegrees>58.628623962402344</LatitudeDegrees><LongitudeDegrees>59.79387664794922</LongitudeDegrees></Position></Trackpoint><Trackpoint><Time>2026-08-11T13:17:37.000Z</Time><Position><LatitudeDegrees>58.628631591796875</LatitudeDegrees><LongitudeDegrees>59.793853759765625</LongitudeDegrees></Position></Trackpoint><Trackpoint><Time>2026-08-11T13:17:38.000Z</Time><Position><LatitudeDegrees>58.62862624265323</LatitudeDegrees><LongitudeDegrees>59.793870007108524</LongitudeDegrees></Position></Trackpoint><Trackpoint><Time>2026-08-11T13:17:39.000Z</Time><Position><LatitudeDegrees>58.62862554480245</LatitudeDegrees><LongitudeDegrees>59.79385858828095</LongitudeDegrees></Position></Trackpoint><Trackpoint><Time>2026-08-11T13:17:40.000Z</Time><Position><LatitudeDegrees>58.62862777709961</LatitudeDegrees><LongitudeDegrees>59.79378890991211</LongitudeDegrees></Position></Trackpoint><Trackpoint><Time>2026-08-11T13:17:41.000Z</Time><Position><LatitudeDegrees>58.628623962402344</LatitudeDegrees><LongitudeDegrees>59.793766021728516</LongitudeDegrees></Position></Trackpoint><Trackpoint><Time>2026-08-11T13:17:42.000Z</Time><Position><LatitudeDegrees>58.62862014770508</LatitudeDegrees><LongitudeDegrees>59.79374694824219</LongitudeDegrees></Position></Trackpoint><Trackpoint><Time>2026-08-11T13:17:42.000Z</Time><Position><LatitudeDegrees>58.62862014770508</LatitudeDegrees><LongitudeDegrees>59.793724060058594</LongitudeDegrees></Position></Trackpoint><Trackpoint><Time>2026-08-11T13:17:44.000Z</Time><Position><LatitudeDegrees>58.628622114506875</LatitudeDegrees><LongitudeDegrees>59.79375646794737</LongitudeDegrees></Position></Trackpoint><Trackpoint><Time>2026-08-11T13:17:45.000Z</Time><Position><LatitudeDegrees>58.62862777709961</LatitudeDegrees><LongitudeDegrees>59.793678283691406</LongitudeDegrees></Position></Trackpoint><Trackpoint><Time>2026-08-11T13:17:45.000Z</Time><Position><LatitudeDegrees>58.628631591796875</LatitudeDegrees><LongitudeDegrees>59.79365158081055</LongitudeDegrees></Position></Trackpoint><Trackpoint><Time>2026-08-11T13:17:47.000Z</Time><Position><LatitudeDegrees>58.628631591796875</LatitudeDegrees><LongitudeDegrees>59.79362869262695</LongitudeDegrees></Position></Trackpoint><Trackpoint><Time>2026-08-11T13:17:48.000Z</Time><Position><LatitudeDegrees>58.62863540649414</LatitudeDegrees><LongitudeDegrees>59.79360580444336</LongitudeDegrees></Position></Trackpoint><Trackpoint><Time>2026-08-11T13:17:49.000Z</Time><Position><LatitudeDegrees>58.62863257213814</LatitudeDegrees><LongitudeDegrees>59.793626118695705</LongitudeDegrees></Position></Trackpoint><Trackpoint><Time>2026-08-11T13:17:50.000Z</Time><Position><LatitudeDegrees>58.628632435832834</LatitudeDegrees><LongitudeDegrees>59.79361678773411</LongitudeDegrees></Position></Trackpoint><Trackpoint><Time>2026-08-11T13:17:51.000Z</Time><Position><LatitudeDegrees>58.62862777709961</LatitudeDegrees><LongitudeDegrees>59.79353713989258</LongitudeDegrees></Position></Trackpoint><Trackpoint><Time>2026-08-11T13:17:52.000Z</Time><Position><LatitudeDegrees>58.62862959516725</LatitudeDegrees><LongitudeDegrees>59.79355349145756</LongitudeDegrees></Position></Trackpoint><Trackpoint><Time>2026-08-11T13:17:52.000Z</Time><Position><LatitudeDegrees>58.62862942635083</LatitudeDegrees><LongitudeDegrees>59.793542816449865</LongitudeDegrees></Position></Trackpoint><Trackpoint><Time>2026-08-11T13:17:53.000Z</Time><Position><LatitudeDegrees>58.62862014770508</LatitudeDegrees><LongitudeDegrees>59.7934684753418</LongitudeDegrees></Position></Trackpoint><Trackpoint><Time>2026-08-11T13:17:54.000Z</Time><Position><LatitudeDegrees>58.62861251831055</LatitudeDegrees><LongitudeDegrees>59.7934455871582</LongitudeDegrees></Position></Trackpoint><Trackpoint><Time>2026-08-11T13:17:55.000Z</Time><Position><LatitudeDegrees>58.628604888916016</LatitudeDegrees><LongitudeDegrees>59.79342269897461</LongitudeDegrees></Position></Trackpoint><Trackpoint><Time>2026-08-11T13:17:57.000Z</Time><Position><LatitudeDegrees>58.628604888916016</LatitudeDegrees><LongitudeDegrees>59.79340744018555</LongitudeDegrees></Position></Trackpoint><Trackpoint><Time>2026-08-11T13:17:57.000Z</Time><Position><LatitudeDegrees>58.62860920921553</LatitudeDegrees><LongitudeDegrees>59.793423547097674</LongitudeDegrees></Position></Trackpoint><Trackpoint><Time>2026-08-11T13:17:58.000Z</Time><Position><LatitudeDegrees>58.62860864263696</LatitudeDegrees><LongitudeDegrees>59.79341426700295</LongitudeDegrees></Position></Trackpoint><Trackpoint><Time>2026-08-11T13:17:59.000Z</Time><Position><LatitudeDegrees>58.628607297838016</LatitudeDegrees><LongitudeDegrees>59.79338448836052</LongitudeDegrees></Position></Trackpoint><Trackpoint><Time>2026-08-11T13:18:00.000Z</Time><Position><LatitudeDegrees>58.62860870361328</LatitudeDegrees><LongitudeDegrees>59.793312072753906</LongitudeDegrees></Position></Trackpoint><Trackpoint><Time>2026-08-11T13:18:01.000Z</Time><Position><LatitudeDegrees>58.62861633300781</LatitudeDegrees><LongitudeDegrees>59.79328918457031</LongitudeDegrees></Position></Trackpoint><Trackpoint><Time>2026-08-11T13:18:02.000Z</Time><Position><LatitudeDegrees>58.62862014770508</LatitudeDegrees><LongitudeDegrees>59.79326629638672</LongitudeDegrees></Position></Trackpoint><Trackpoint><Time>2026-08-11T13:18:03.000Z</Time><Position><LatitudeDegrees>58.62862014770508</LatitudeDegrees><LongitudeDegrees>59.793243408203125</LongitudeDegrees></Position></Trackpoint><Trackpoint><Time>2026-08-11T13:18:04.000Z</Time><Position><LatitudeDegrees>58.62861633300781</LatitudeDegrees><LongitudeDegrees>59.79322052001953</LongitudeDegrees></Position></Trackpoint><Trackpoint><Time>2026-08-11T13:18:05.000Z</Time><Position><LatitudeDegrees>58.62861631048296</LatitudeDegrees><LongitudeDegrees>59.793254840839374</LongitudeDegrees></Position></Trackpoint><Trackpoint><Time>2026-08-11T13:18:06.000Z</Time><Position><LatitudeDegrees>58.62861630087079</LatitudeDegrees><LongitudeDegrees>59.79322286770396</LongitudeDegrees></Position></Trackpoint><Trackpoint><Time>2026-08-11T13:18:07.000Z</Time><Position><LatitudeDegrees>58.62861633300781</LatitudeDegrees><LongitudeDegrees>59.79316711425781</LongitudeDegrees></Position></Trackpoint><Trackpoint><Time>2026-08-11T13:18:08.000Z</Time><Position><LatitudeDegrees>58.62860870361328</LatitudeDegrees><LongitudeDegrees>59.79315185546875</LongitudeDegrees></Position></Trackpoint><Trackpoint><Time>2026-08-11T13:18:09.000Z</Time><Position><LatitudeDegrees>58.628604888916016</LatitudeDegrees><LongitudeDegrees>59.79313278198242</LongitudeDegrees></Position></Trackpoint><Trackpoint><Time>2026-08-11T13:18:11.000Z</Time><Position><LatitudeDegrees>58.62860870361328</LatitudeDegrees><LongitudeDegrees>59.79310989379883</LongitudeDegrees></Position></Trackpoint><Trackpoint><Time>2026-08-11T13:18:12.000Z</Time><Position><LatitudeDegrees>58.62860870361328</LatitudeDegrees><LongitudeDegrees>59.79308319091797</LongitudeDegrees></Position></Trackpoint><Trackpoint><Time>2026-08-11T13:18:12.000Z</Time><Position><LatitudeDegrees>58.628604888916016</LatitudeDegrees><LongitudeDegrees>59.79305648803711</LongitudeDegrees></Position></Trackpoint><Trackpoint><Time>2026-08-11T13:18:13.000Z</Time><Position><LatitudeDegrees>58.628604888916016</LatitudeDegrees><LongitudeDegrees>59.79304122924805</LongitudeDegrees></Position></Trackpoint><Trackpoint><Time>2026-08-11T13:18:14.000Z</Time><Position><LatitudeDegrees>58.628604888916016</LatitudeDegrees><LongitudeDegrees>59.79301834106445</LongitudeDegrees></Position></Trackpoint><Trackpoint><Time>2026-08-11T13:18:16.000Z</Time><Position><LatitudeDegrees>58.628604888916016</LatitudeDegrees><LongitudeDegrees>59.792991638183594</LongitudeDegrees></Position></Trackpoint><Trackpoint><Time>2026-08-11T13:18:17.000Z</Time><Position><LatitudeDegrees>58.62860401675341</LatitudeDegrees><LongitudeDegrees>59.793011970793636</LongitudeDegrees></Position></Trackpoint><Trackpoint><Time>2026-08-11T13:18:17.000Z</Time><Position><LatitudeDegrees>58.6286029625212</LatitudeDegrees><LongitudeDegrees>59.79299086404418</LongitudeDegrees></Position></Trackpoint><Trackpoint><Time>2026-08-11T13:18:18.000Z</Time><Position><LatitudeDegrees>58.628604888916016</LatitudeDegrees><LongitudeDegrees>59.79292678833008</LongitudeDegrees></Position></Trackpoint><Trackpoint><Time>2026-08-11T13:18:20.000Z</Time><Position><LatitudeDegrees>58.62860870361328</LatitudeDegrees><LongitudeDegrees>59.792911529541016</LongitudeDegrees></Position></Trackpoint><Trackpoint><Time>2026-08-11T13:18:21.000Z</Time><Position><LatitudeDegrees>58.62860870361328</LatitudeDegrees><LongitudeDegrees>59.79289245605469</LongitudeDegrees></Position></Trackpoint><Trackpoint><Time>2026-08-11T13:18:22.000Z</Time><Position><LatitudeDegrees>58.62861251831055</LatitudeDegrees><LongitudeDegrees>59.79287338256836</LongitudeDegrees></Position></Trackpoint><Trackpoint><Time>2026-08-11T13:18:22.000Z</Time><Position><LatitudeDegrees>58.62860870361328</LatitudeDegrees><LongitudeDegrees>59.7928581237793</LongitudeDegrees></Position></Trackpoint><Trackpoint><Time>2026-08-11T13:18:23.000Z</Time><Position><LatitudeDegrees>58.62860870361328</LatitudeDegrees><LongitudeDegrees>59.7928352355957</LongitudeDegrees></Position></Trackpoint><Trackpoint><Time>2026-08-11T13:18:25.000Z</Time><Position><LatitudeDegrees>58.62861251831055</LatitudeDegrees><LongitudeDegrees>59.792816162109375</LongitudeDegrees></Position></Trackpoint><Trackpoint><Time>2026-08-11T13:18:26.000Z</Time><Position><LatitudeDegrees>58.62861251831055</LatitudeDegrees><LongitudeDegrees>59.79280090332031</LongitudeDegrees></Position></Trackpoint><Trackpoint><Time>2026-08-11T13:18:27.000Z</Time><Position><LatitudeDegrees>58.62861251831055</LatitudeDegrees><LongitudeDegrees>59.792781829833984</LongitudeDegrees></Position></Trackpoint><Trackpoint><Time>2026-08-11T13:18:28.000Z</Time><Position><LatitudeDegrees>58.62861251831055</LatitudeDegrees><LongitudeDegrees>59.79276657104492</LongitudeDegrees></Position></Trackpoint><Trackpoint><Time>2026-08-11T13:18:29.000Z</Time><Position><LatitudeDegrees>58.62861251831055</LatitudeDegrees><LongitudeDegrees>59.792755126953125</LongitudeDegrees></Position></Trackpoint><Trackpoint><Time>2026-08-11T13:18:29.000Z</Time><Position><LatitudeDegrees>58.62861251831055</LatitudeDegrees><LongitudeDegrees>59.79273986816406</LongitudeDegrees></Position></Trackpoint><Trackpoint><Time>2026-08-11T13:18:30.000Z</Time><Position><LatitudeDegrees>58.62861633300781</LatitudeDegrees><LongitudeDegrees>59.792728424072266</LongitudeDegrees></Position></Trackpoint><Trackpoint><Time>2026-08-11T13:18:32.000Z</Time><Position><LatitudeDegrees>58.62861633300781</LatitudeDegrees><LongitudeDegrees>59.79270935058594</LongitudeDegrees></Position></Trackpoint><Trackpoint><Time>2026-08-11T13:18:33.000Z</Time><Position><LatitudeDegrees>58.62862014770508</LatitudeDegrees><LongitudeDegrees>59.792694091796875</LongitudeDegrees></Position></Trackpoint><Trackpoint><Time>2026-08-11T13:18:33.000Z</Time><Position><LatitudeDegrees>58.62861633300781</LatitudeDegrees><LongitudeDegrees>59.79267883300781</LongitudeDegrees></Position></Trackpoint><Trackpoint><Time>2026-08-11T13:18:34.000Z</Time><Position><LatitudeDegrees>58.62862014770508</LatitudeDegrees><LongitudeDegrees>59.79266357421875</LongitudeDegrees></Position></Trackpoint><Trackpoint><Time>2026-08-11T13:18:35.000Z</Time><Position><LatitudeDegrees>58.62861811756956</LatitudeDegrees><LongitudeDegrees>59.79268514854655</LongitudeDegrees></Position></Trackpoint><Trackpoint><Time>2026-08-11T13:18:36.000Z</Time><Position><LatitudeDegrees>58.62861633300781</LatitudeDegrees><LongitudeDegrees>59.79262161254883</LongitudeDegrees></Position></Trackpoint><Trackpoint><Time>2026-08-11T13:18:37.000Z</Time><Position><LatitudeDegrees>58.62862014770508</LatitudeDegrees><LongitudeDegrees>59.79259490966797</LongitudeDegrees></Position></Trackpoint><Trackpoint><Time>2026-08-11T13:18:38.000Z</Time><Position><LatitudeDegrees>58.62861633300781</LatitudeDegrees><LongitudeDegrees>59.79257583618164</LongitudeDegrees></Position></Trackpoint><Trackpoint><Time>2026-08-11T13:18:39.000Z</Time><Position><LatitudeDegrees>58.62861633300781</LatitudeDegrees><LongitudeDegrees>59.79255676269531</LongitudeDegrees></Position></Trackpoint><Trackpoint><Time>2026-08-11T13:18:40.000Z</Time><Position><LatitudeDegrees>58.62861633300781</LatitudeDegrees><LongitudeDegrees>59.79254150390625</LongitudeDegrees></Position></Trackpoint><Trackpoint><Time>2026-08-11T13:18:41.000Z</Time><Position><LatitudeDegrees>58.62862014770508</LatitudeDegrees><LongitudeDegrees>59.79253005981445</LongitudeDegrees></Position></Trackpoint><Trackpoint><Time>2026-08-11T13:18:42.000Z</Time><Position><LatitudeDegrees>58.62862014770508</LatitudeDegrees><LongitudeDegrees>59.792510986328125</LongitudeDegrees></Position></Trackpoint><Trackpoint><Time>2026-08-11T13:18:43.000Z</Time><Position><LatitudeDegrees>58.62861930170913</LatitudeDegrees><LongitudeDegrees>59.79252374523703</LongitudeDegrees></Position></Trackpoint><Trackpoint><Time>2026-08-11T13:18:44.000Z</Time><Position><LatitudeDegrees>58.62861633300781</LatitudeDegrees><LongitudeDegrees>59.792476654052734</LongitudeDegrees></Position></Trackpoint><Trackpoint><Time>2026-08-11T13:18:45.000Z</Time><Position><LatitudeDegrees>58.62861633300781</LatitudeDegrees><LongitudeDegrees>59.792457580566406</LongitudeDegrees></Position></Trackpoint><Trackpoint><Time>2026-08-11T13:18:46.000Z</Time><Position><LatitudeDegrees>58.62861633300781</LatitudeDegrees><LongitudeDegrees>59.79244613647461</LongitudeDegrees></Position></Trackpoint><Trackpoint><Time>2026-08-11T13:18:47.000Z</Time><Position><LatitudeDegrees>58.62861633300781</LatitudeDegrees><LongitudeDegrees>59.792423248291016</LongitudeDegrees></Position></Trackpoint><Trackpoint><Time>2026-08-11T13:18:48.000Z</Time><Position><LatitudeDegrees>58.62860870361328</LatitudeDegrees><LongitudeDegrees>59.79240036010742</LongitudeDegrees></Position></Trackpoint><Trackpoint><Time>2026-08-11T13:18:49.000Z</Time><Position><LatitudeDegrees>58.62860870361328</LatitudeDegrees><LongitudeDegrees>59.79237747192383</LongitudeDegrees></Position></Trackpoint><Trackpoint><Time>2026-08-11T13:18:50.000Z</Time><Position><LatitudeDegrees>58.62861251831055</LatitudeDegrees><LongitudeDegrees>59.79236602783203</LongitudeDegrees></Position></Trackpoint><Trackpoint><Time>2026-08-11T13:18:52.000Z</Time><Position><LatitudeDegrees>58.628610950880635</LatitudeDegrees><LongitudeDegrees>59.792382409247864</LongitudeDegrees></Position></Trackpoint><Trackpoint><Time>2026-08-11T13:18:53.000Z</Time><Position><LatitudeDegrees>58.6286101516595</LatitudeDegrees><LongitudeDegrees>59.792364024459964</LongitudeDegrees></Position></Trackpoint><Trackpoint><Time>2026-08-11T13:18:54.000Z</Time><Position><LatitudeDegrees>58.62860870361328</LatitudeDegrees><LongitudeDegrees>59.79230880737305</LongitudeDegrees></Position></Trackpoint><Trackpoint><Time>2026-08-11T13:18:54.000Z</Time><Position><LatitudeDegrees>58.62860870361328</LatitudeDegrees><LongitudeDegrees>59.79228591918945</LongitudeDegrees></Position></Trackpoint><Trackpoint><Time>2026-08-11T13:18:56.000Z</Time><Position><LatitudeDegrees>58.62861633300781</LatitudeDegrees><LongitudeDegrees>59.79225540161133</LongitudeDegrees></Position></Trackpoint><Trackpoint><Time>2026-08-11T13:18:57.000Z</Time><Position><LatitudeDegrees>58.62861633300781</LatitudeDegrees><LongitudeDegrees>59.792232513427734</LongitudeDegrees></Position></Trackpoint><Trackpoint><Time>2026-08-11T13:18:58.000Z</Time><Position><LatitudeDegrees>58.62861633300781</LatitudeDegrees><LongitudeDegrees>59.79220962524414</LongitudeDegrees></Position></Trackpoint><Trackpoint><Time>2026-08-11T13:18:59.000Z</Time><Position><LatitudeDegrees>58.62861251831055</LatitudeDegrees><LongitudeDegrees>59.79218673706055</LongitudeDegrees></Position></Trackpoint><Trackpoint><Time>2026-08-11T13:19:00.000Z</Time><Position><LatitudeDegrees>58.62861633300781</LatitudeDegrees><LongitudeDegrees>59.79216384887695</LongitudeDegrees></Position></Trackpoint><Trackpoint><Time>2026-08-11T13:19:01.000Z</Time><Position><LatitudeDegrees>58.628623962402344</LatitudeDegrees><LongitudeDegrees>59.792144775390625</LongitudeDegrees></Position></Trackpoint><Trackpoint><Time>2026-08-11T13:19:02.000Z</Time><Position><LatitudeDegrees>58.628623962402344</LatitudeDegrees><LongitudeDegrees>59.79212951660156</LongitudeDegrees></Position></Trackpoint><Trackpoint><Time>2026-08-11T13:19:03.000Z</Time><Position><LatitudeDegrees>58.62862014770508</LatitudeDegrees><LongitudeDegrees>59.79210662841797</LongitudeDegrees></Position></Trackpoint><Trackpoint><Time>2026-08-11T13:19:04.000Z</Time><Position><LatitudeDegrees>58.62862014770508</LatitudeDegrees><LongitudeDegrees>59.79207992553711</LongitudeDegrees></Position></Trackpoint><Trackpoint><Time>2026-08-11T13:19:05.000Z</Time><Position><LatitudeDegrees>58.628620149204984</LatitudeDegrees><LongitudeDegrees>59.7920980041416</LongitudeDegrees></Position></Trackpoint><Trackpoint><Time>2026-08-11T13:19:06.000Z</Time><Position><LatitudeDegrees>58.6286215137059</LatitudeDegrees><LongitudeDegrees>59.79207372402943</LongitudeDegrees></Position></Trackpoint><Trackpoint><Time>2026-08-11T13:19:07.000Z</Time><Position><LatitudeDegrees>58.628623962402344</LatitudeDegrees><LongitudeDegrees>59.79200744628906</LongitudeDegrees></Position></Trackpoint><Trackpoint><Time>2026-08-11T13:19:08.000Z</Time><Position><LatitudeDegrees>58.62862014770508</LatitudeDegrees><LongitudeDegrees>59.791988372802734</LongitudeDegrees></Position></Trackpoint><Trackpoint><Time>2026-08-11T13:19:09.000Z</Time><Position><LatitudeDegrees>58.62861633300781</LatitudeDegrees><LongitudeDegrees>59.791961669921875</LongitudeDegrees></Position></Trackpoint><Trackpoint><Time>2026-08-11T13:19:10.000Z</Time><Position><LatitudeDegrees>58.62861633300781</LatitudeDegrees><LongitudeDegrees>59.79193878173828</LongitudeDegrees></Position></Trackpoint><Trackpoint><Time>2026-08-11T13:19:11.000Z</Time><Position><LatitudeDegrees>58.62861251831055</LatitudeDegrees><LongitudeDegrees>59.79191589355469</LongitudeDegrees></Position></Trackpoint><Trackpoint><Time>2026-08-11T13:19:12.000Z</Time><Position><LatitudeDegrees>58.62862014770508</LatitudeDegrees><LongitudeDegrees>59.79188919067383</LongitudeDegrees></Position></Trackpoint><Trackpoint><Time>2026-08-11T13:19:13.000Z</Time><Position><LatitudeDegrees>58.62862014770508</LatitudeDegrees><LongitudeDegrees>59.7918586730957</LongitudeDegrees></Position></Trackpoint><Trackpoint><Time>2026-08-11T13:19:14.000Z</Time><Position><LatitudeDegrees>58.62862014770508</LatitudeDegrees><LongitudeDegrees>59.791831970214844</LongitudeDegrees></Position></Trackpoint><Trackpoint><Time>2026-08-11T13:19:14.000Z</Time><Position><LatitudeDegrees>58.62861633300781</LatitudeDegrees><LongitudeDegrees>59.79181671142578</LongitudeDegrees></Position></Trackpoint><Trackpoint><Time>2026-08-11T13:19:16.000Z</Time><Position><LatitudeDegrees>58.62861633300781</LatitudeDegrees><LongitudeDegrees>59.79179763793945</LongitudeDegrees></Position></Trackpoint><Trackpoint><Time>2026-08-11T13:19:17.000Z</Time><Position><LatitudeDegrees>58.62861633300781</LatitudeDegrees><LongitudeDegrees>59.791778564453125</LongitudeDegrees></Position></Trackpoint><Trackpoint><Time>2026-08-11T13:19:18.000Z</Time><Position><LatitudeDegrees>58.62861251831055</LatitudeDegrees><LongitudeDegrees>59.791751861572266</LongitudeDegrees></Position></Trackpoint><Trackpoint><Time>2026-08-11T13:19:19.000Z</Time><Position><LatitudeDegrees>58.62860870361328</LatitudeDegrees><LongitudeDegrees>59.7917366027832</LongitudeDegrees></Position></Trackpoint><Trackpoint><Time>2026-08-11T13:19:20.000Z</Time><Position><LatitudeDegrees>58.62861251831055</LatitudeDegrees><LongitudeDegrees>59.79171371459961</LongitudeDegrees></Position></Trackpoint><Trackpoint><Time>2026-08-11T13:19:21.000Z</Time><Position><LatitudeDegrees>58.62860870361328</LatitudeDegrees><LongitudeDegrees>59.791690826416016</LongitudeDegrees></Position></Trackpoint><Trackpoint><Time>2026-08-11T13:19:22.000Z</Time><Position><LatitudeDegrees>58.62861251831055</LatitudeDegrees><LongitudeDegrees>59.79167175292969</LongitudeDegrees></Position></Trackpoint><Trackpoint><Time>2026-08-11T13:19:22.000Z</Time><Position><LatitudeDegrees>58.62861251831055</LatitudeDegrees><LongitudeDegrees>59.79165267944336</LongitudeDegrees></Position></Trackpoint><Trackpoint><Time>2026-08-11T13:19:24.000Z</Time><Position><LatitudeDegrees>58.62860870361328</LatitudeDegrees><LongitudeDegrees>59.791629791259766</LongitudeDegrees></Position></Trackpoint><Trackpoint><Time>2026-08-11T13:19:25.000Z</Time><Position><LatitudeDegrees>58.62860870361328</LatitudeDegrees><LongitudeDegrees>59.791603088378906</LongitudeDegrees></Position></Trackpoint><Trackpoint><Time>2026-08-11T13:19:26.000Z</Time><Position><LatitudeDegrees>58.62860870361328</LatitudeDegrees><LongitudeDegrees>59.79158020019531</LongitudeDegrees></Position></Trackpoint><Trackpoint><Time>2026-08-11T13:19:27.000Z</Time><Position><LatitudeDegrees>58.62860870361328</LatitudeDegrees><LongitudeDegrees>59.79155349731445</LongitudeDegrees></Position></Trackpoint><Trackpoint><Time>2026-08-11T13:19:28.000Z</Time><Position><LatitudeDegrees>58.62860870361328</LatitudeDegrees><LongitudeDegrees>59.791526794433594</LongitudeDegrees></Position></Trackpoint><Trackpoint><Time>2026-08-11T13:19:28.000Z</Time><Position><LatitudeDegrees>58.62860870361328</LatitudeDegrees><LongitudeDegrees>59.791500091552734</LongitudeDegrees></Position></Trackpoint><Trackpoint><Time>2026-08-11T13:19:30.000Z</Time><Position><LatitudeDegrees>58.62860870361328</LatitudeDegrees><LongitudeDegrees>59.791473388671875</LongitudeDegrees></Position></Trackpoint><Trackpoint><Time>2026-08-11T13:19:31.000Z</Time><Position><LatitudeDegrees>58.628604888916016</LatitudeDegrees><LongitudeDegrees>59.79145812988281</LongitudeDegrees></Position></Trackpoint><Trackpoint><Time>2026-08-11T13:19:32.000Z</Time><Position><LatitudeDegrees>58.62861251831055</LatitudeDegrees><LongitudeDegrees>59.79143142700195</LongitudeDegrees></Position></Trackpoint><Trackpoint><Time>2026-08-11T13:19:33.000Z</Time><Position><LatitudeDegrees>58.628604888916016</LatitudeDegrees><LongitudeDegrees>59.791412353515625</LongitudeDegrees></Position></Trackpoint><Trackpoint><Time>2026-08-11T13:19:34.000Z</Time><Position><LatitudeDegrees>58.62860107421875</LatitudeDegrees><LongitudeDegrees>59.791385650634766</LongitudeDegrees></Position></Trackpoint><Trackpoint><Time>2026-08-11T13:19:35.000Z</Time><Position><LatitudeDegrees>58.6286037991138</LatitudeDegrees><LongitudeDegrees>59.79140339738991</LongitudeDegrees></Position></Trackpoint><Trackpoint><Time>2026-08-11T13:19:35.000Z</Time><Position><LatitudeDegrees>58.628604888916016</LatitudeDegrees><LongitudeDegrees>59.79133224487305</LongitudeDegrees></Position></Trackpoint><Trackpoint><Time>2026-08-11T13:19:37.000Z</Time><Position><LatitudeDegrees>58.62860427930741</LatitudeDegrees><LongitudeDegrees>59.79136861858603</LongitudeDegrees></Position></Trackpoint><Trackpoint><Time>2026-08-11T13:19:38.000Z</Time><Position><LatitudeDegrees>58.628604888916016</LatitudeDegrees><LongitudeDegrees>59.791282653808594</LongitudeDegrees></Position></Trackpoint><Trackpoint><Time>2026-08-11T13:19:39.000Z</Time><Position><LatitudeDegrees>58.62861251831055</LatitudeDegrees><LongitudeDegrees>59.791263580322266</LongitudeDegrees></Position></Trackpoint><Trackpoint><Time>2026-08-11T13:19:39.000Z</Time><Position><LatitudeDegrees>58.62861633300781</LatitudeDegrees><LongitudeDegrees>59.79124450683594</LongitudeDegrees></Position></Trackpoint><Trackpoint><Time>2026-08-11T13:19:41.000Z</Time><Position><LatitudeDegrees>58.62862014770508</LatitudeDegrees><LongitudeDegrees>59.791221618652344</LongitudeDegrees></Position></Trackpoint><Trackpoint><Time>2026-08-11T13:19:42.000Z</Time><Position><LatitudeDegrees>58.628616225648315</LatitudeDegrees><LongitudeDegrees>59.79123730007293</LongitudeDegrees></Position></Trackpoint><Trackpoint><Time>2026-08-11T13:19:43.000Z</Time><Position><LatitudeDegrees>58.62862014770508</LatitudeDegrees><LongitudeDegrees>59.791168212890625</LongitudeDegrees></Position></Trackpoint><Trackpoint><Time>2026-08-11T13:19:44.000Z</Time><Position><LatitudeDegrees>58.62861633300781</LatitudeDegrees><LongitudeDegrees>59.79114532470703</LongitudeDegrees></Position></Trackpoint><Trackpoint><Time>2026-08-11T13:19:45.000Z</Time><Position><LatitudeDegrees>58.62861633300781</LatitudeDegrees><LongitudeDegrees>59.79111862182617</LongitudeDegrees></Position></Trackpoint><Trackpoint><Time>2026-08-11T13:19:46.000Z</Time><Position><LatitudeDegrees>58.62862014770508</LatitudeDegrees><LongitudeDegrees>59.79108810424805</LongitudeDegrees></Position></Trackpoint><Trackpoint><Time>2026-08-11T13:19:47.000Z</Time><Position><LatitudeDegrees>58.62861879679213</LatitudeDegrees><LongitudeDegrees>59.79111093157089</LongitudeDegrees></Position></Trackpoint><Trackpoint><Time>2026-08-11T13:19:48.000Z</Time><Position><LatitudeDegrees>58.62861887081104</LatitudeDegrees><LongitudeDegrees>59.7911007845989</LongitudeDegrees></Position></Trackpoint><Trackpoint><Time>2026-08-11T13:19:49.000Z</Time><Position><LatitudeDegrees>58.62861912895104</LatitudeDegrees><LongitudeDegrees>59.79108912356717</LongitudeDegrees></Position></Trackpoint><Trackpoint><Time>2026-08-11T13:19:50.000Z</Time><Position><LatitudeDegrees>58.62860870361328</LatitudeDegrees><LongitudeDegrees>59.79100799560547</LongitudeDegrees></Position></Trackpoint><Trackpoint><Time>2026-08-11T13:19:51.000Z</Time><Position><LatitudeDegrees>58.628604888916016</LatitudeDegrees><LongitudeDegrees>59.79098892211914</LongitudeDegrees></Position></Trackpoint><Trackpoint><Time>2026-08-11T13:19:52.000Z</Time><Position><LatitudeDegrees>58.62860107421875</LatitudeDegrees><LongitudeDegrees>59.79096221923828</LongitudeDegrees></Position></Trackpoint><Trackpoint><Time>2026-08-11T13:19:53.000Z</Time><Position><LatitudeDegrees>58.62860107421875</LatitudeDegrees><LongitudeDegrees>59.79093933105469</LongitudeDegrees></Position></Trackpoint><Trackpoint><Time>2026-08-11T13:19:54.000Z</Time><Position><LatitudeDegrees>58.62860439207142</LatitudeDegrees><LongitudeDegrees>59.790973865769026</LongitudeDegrees></Position></Trackpoint><Trackpoint><Time>2026-08-11T13:19:55.000Z</Time><Position><LatitudeDegrees>58.628604888916016</LatitudeDegrees><LongitudeDegrees>59.790889739990234</LongitudeDegrees></Position></Trackpoint><Trackpoint><Time>2026-08-11T13:19:56.000Z</Time><Position><LatitudeDegrees>58.628604888916016</LatitudeDegrees><LongitudeDegrees>59.790870666503906</LongitudeDegrees></Position></Trackpoint><Trackpoint><Time>2026-08-11T13:19:57.000Z</Time><Position><LatitudeDegrees>58.62860870361328</LatitudeDegrees><LongitudeDegrees>59.79085159301758</LongitudeDegrees></Position></Trackpoint><Trackpoint><Time>2026-08-11T13:19:58.000Z</Time><Position><LatitudeDegrees>58.62860870361328</LatitudeDegrees><LongitudeDegrees>59.79082489013672</LongitudeDegrees></Position></Trackpoint><Trackpoint><Time>2026-08-11T13:19:59.000Z</Time><Position><LatitudeDegrees>58.62860870361328</LatitudeDegrees><LongitudeDegrees>59.790802001953125</LongitudeDegrees></Position></Trackpoint><Trackpoint><Time>2026-08-11T13:20:00.000Z</Time><Position><LatitudeDegrees>58.62861251831055</LatitudeDegrees><LongitudeDegrees>59.790775299072266</LongitudeDegrees></Position></Trackpoint><Trackpoint><Time>2026-08-11T13:20:01.000Z</Time><Position><LatitudeDegrees>58.62860870361328</LatitudeDegrees><LongitudeDegrees>59.79075241088867</LongitudeDegrees></Position></Trackpoint><Trackpoint><Time>2026-08-11T13:20:02.000Z</Time><Position><LatitudeDegrees>58.62861251831055</LatitudeDegrees><LongitudeDegrees>59.79072570800781</LongitudeDegrees></Position></Trackpoint><Trackpoint><Time>2026-08-11T13:20:03.000Z</Time><Position><LatitudeDegrees>58.628611107751745</LatitudeDegrees><LongitudeDegrees>59.7907614006718</LongitudeDegrees></Position></Trackpoint><Trackpoint><Time>2026-08-11T13:20:04.000Z</Time><Position><LatitudeDegrees>58.62860870361328</LatitudeDegrees><LongitudeDegrees>59.790679931640625</LongitudeDegrees></Position></Trackpoint><Trackpoint><Time>2026-08-11T13:20:05.000Z</Time><Position><LatitudeDegrees>58.628604888916016</LatitudeDegrees><LongitudeDegrees>59.7906608581543</LongitudeDegrees></Position></Trackpoint><Trackpoint><Time>2026-08-11T13:20:06.000Z</Time><Position><LatitudeDegrees>58.62860703469299</LatitudeDegrees><LongitudeDegrees>59.79069674348915</LongitudeDegrees></Position></Trackpoint><Trackpoint><Time>2026-08-11T13:20:07.000Z</Time><Position><LatitudeDegrees>58.62858963012695</LatitudeDegrees><LongitudeDegrees>59.79061508178711</LongitudeDegrees></Position></Trackpoint><Trackpoint><Time>2026-08-11T13:20:08.000Z</Time><Position><LatitudeDegrees>58.62859174457042</LatitudeDegrees><LongitudeDegrees>59.790634571364066</LongitudeDegrees></Position></Trackpoint><Trackpoint><Time>2026-08-11T13:20:09.000Z</Time><Position><LatitudeDegrees>58.62858651626068</LatitudeDegrees><LongitudeDegrees>59.790628845267776</LongitudeDegrees></Position></Trackpoint><Trackpoint><Time>2026-08-11T13:20:10.000Z</Time><Position><LatitudeDegrees>58.62855529785156</LatitudeDegrees><LongitudeDegrees>59.790565490722656</LongitudeDegrees></Position></Trackpoint><Trackpoint><Time>2026-08-11T13:20:11.000Z</Time><Position><LatitudeDegrees>58.628543853759766</LatitudeDegrees><LongitudeDegrees>59.790550231933594</LongitudeDegrees></Position></Trackpoint><Trackpoint><Time>2026-08-11T13:20:12.000Z</Time><Position><LatitudeDegrees>58.628536224365234</LatitudeDegrees><LongitudeDegrees>59.79053497314453</LongitudeDegrees></Position></Trackpoint><Trackpoint><Time>2026-08-11T13:20:13.000Z</Time><Position><LatitudeDegrees>58.6285285949707</LatitudeDegrees><LongitudeDegrees>59.790523529052734</LongitudeDegrees></Position></Trackpoint><Trackpoint><Time>2026-08-11T13:20:14.000Z</Time><Position><LatitudeDegrees>58.62854221804586</LatitudeDegrees><LongitudeDegrees>59.79054629205734</LongitudeDegrees></Position></Trackpoint><Trackpoint><Time>2026-08-11T13:20:15.000Z</Time><Position><LatitudeDegrees>58.62851333618164</LatitudeDegrees><LongitudeDegrees>59.79050064086914</LongitudeDegrees></Position></Trackpoint><Trackpoint><Time>2026-08-11T13:20:16.000Z</Time><Position><LatitudeDegrees>58.628501892089844</LatitudeDegrees><LongitudeDegrees>59.790489196777344</LongitudeDegrees></Position></Trackpoint><Trackpoint><Time>2026-08-11T13:20:17.000Z</Time><Position><LatitudeDegrees>58.62849044799805</LatitudeDegrees><LongitudeDegrees>59.79048156738281</LongitudeDegrees></Position></Trackpoint><Trackpoint><Time>2026-08-11T13:20:18.000Z</Time><Position><LatitudeDegrees>58.62847900390625</LatitudeDegrees><LongitudeDegrees>59.79046630859375</LongitudeDegrees></Position></Trackpoint><Trackpoint><Time>2026-08-11T13:20:19.000Z</Time><Position><LatitudeDegrees>58.62846755981445</LatitudeDegrees><LongitudeDegrees>59.79045486450195</LongitudeDegrees></Position></Trackpoint><Trackpoint><Time>2026-08-11T13:20:20.000Z</Time><Position><LatitudeDegrees>58.62845993041992</LatitudeDegrees><LongitudeDegrees>59.79043960571289</LongitudeDegrees></Position></Trackpoint><Trackpoint><Time>2026-08-11T13:20:21.000Z</Time><Position><LatitudeDegrees>58.62847393121728</LatitudeDegrees><LongitudeDegrees>59.79045912635793</LongitudeDegrees></Position></Trackpoint><Trackpoint><Time>2026-08-11T13:20:22.000Z</Time><Position><LatitudeDegrees>58.62843704223633</LatitudeDegrees><LongitudeDegrees>59.79042053222656</LongitudeDegrees></Position></Trackpoint><Trackpoint><Time>2026-08-11T13:20:23.000Z</Time><Position><LatitudeDegrees>58.62842559814453</LatitudeDegrees><LongitudeDegrees>59.790409088134766</LongitudeDegrees></Position></Trackpoint><Trackpoint><Time>2026-08-11T13:20:24.000Z</Time><Position><LatitudeDegrees>58.62841033935547</LatitudeDegrees><LongitudeDegrees>59.79039764404297</LongitudeDegrees></Position></Trackpoint><Trackpoint><Time>2026-08-11T13:20:25.000Z</Time><Position><LatitudeDegrees>58.62839889526367</LatitudeDegrees><LongitudeDegrees>59.79039001464844</LongitudeDegrees></Position></Trackpoint><Trackpoint><Time>2026-08-11T13:20:26.000Z</Time><Position><LatitudeDegrees>58.628387451171875</LatitudeDegrees><LongitudeDegrees>59.790382385253906</LongitudeDegrees></Position></Trackpoint><Trackpoint><Time>2026-08-11T13:20:27.000Z</Time><Position><LatitudeDegrees>58.6284050268722</LatitudeDegrees><LongitudeDegrees>59.79039569997083</LongitudeDegrees></Position></Trackpoint><Trackpoint><Time>2026-08-11T13:20:28.000Z</Time><Position><LatitudeDegrees>58.62836837768555</LatitudeDegrees><LongitudeDegrees>59.79035568237305</LongitudeDegrees></Position></Trackpoint><Trackpoint><Time>2026-08-11T13:20:29.000Z</Time><Position><LatitudeDegrees>58.62838671764229</LatitudeDegrees><LongitudeDegrees>59.790375570396236</LongitudeDegrees></Position></Trackpoint><Trackpoint><Time>2026-08-11T13:20:30.000Z</Time><Position><LatitudeDegrees>58.62835693359375</LatitudeDegrees><LongitudeDegrees>59.79032516479492</LongitudeDegrees></Position></Trackpoint><Trackpoint><Time>2026-08-11T13:20:31.000Z</Time><Position><LatitudeDegrees>58.62834930419922</LatitudeDegrees><LongitudeDegrees>59.79030227661133</LongitudeDegrees></Position></Trackpoint><Trackpoint><Time>2026-08-11T13:20:32.000Z</Time><Position><LatitudeDegrees>58.62834930419922</LatitudeDegrees><LongitudeDegrees>59.79027557373047</LongitudeDegrees></Position></Trackpoint><Trackpoint><Time>2026-08-11T13:20:33.000Z</Time><Position><LatitudeDegrees>58.62834167480469</LatitudeDegrees><LongitudeDegrees>59.79026794433594</LongitudeDegrees></Position></Trackpoint><Trackpoint><Time>2026-08-11T13:20:34.000Z</Time><Position><LatitudeDegrees>58.62833023071289</LatitudeDegrees><LongitudeDegrees>59.790252685546875</LongitudeDegrees></Position></Trackpoint><Trackpoint><Time>2026-08-11T13:20:34.000Z</Time><Position><LatitudeDegrees>58.62833577103803</LatitudeDegrees><LongitudeDegrees>59.7902633271808</LongitudeDegrees></Position></Trackpoint><Trackpoint><Time>2026-08-11T13:20:36.000Z</Time><Position><LatitudeDegrees>58.6283073425293</LatitudeDegrees><LongitudeDegrees>59.79021453857422</LongitudeDegrees></Position></Trackpoint><Trackpoint><Time>2026-08-11T13:20:37.000Z</Time><Position><LatitudeDegrees>58.62830352783203</LatitudeDegrees><LongitudeDegrees>59.79020309448242</LongitudeDegrees></Position></Trackpoint><Trackpoint><Time>2026-08-11T13:20:38.000Z</Time><Position><LatitudeDegrees>58.628311074331044</LatitudeDegrees><LongitudeDegrees>59.790215043787015</LongitudeDegrees></Position></Trackpoint><Trackpoint><Time>2026-08-11T13:20:39.000Z</Time><Position><LatitudeDegrees>58.62828826904297</LatitudeDegrees><LongitudeDegrees>59.79018020629883</LongitudeDegrees></Position></Trackpoint><Trackpoint><Time>2026-08-11T13:20:40.000Z</Time><Position><LatitudeDegrees>58.628273010253906</LatitudeDegrees><LongitudeDegrees>59.790164947509766</LongitudeDegrees></Position></Trackpoint><Trackpoint><Time>2026-08-11T13:20:41.000Z</Time><Position><LatitudeDegrees>58.62826156616211</LatitudeDegrees><LongitudeDegrees>59.79014587402344</LongitudeDegrees></Position></Trackpoint><Trackpoint><Time>2026-08-11T13:20:42.000Z</Time><Position><LatitudeDegrees>58.62827794943718</LatitudeDegrees><LongitudeDegrees>59.790169283973256</LongitudeDegrees></Position></Trackpoint><Trackpoint><Time>2026-08-11T13:20:43.000Z</Time><Position><LatitudeDegrees>58.62824249267578</LatitudeDegrees><LongitudeDegrees>59.79011154174805</LongitudeDegrees></Position></Trackpoint><Trackpoint><Time>2026-08-11T13:20:44.000Z</Time><Position><LatitudeDegrees>58.62823486328125</LatitudeDegrees><LongitudeDegrees>59.79010009765625</LongitudeDegrees></Position></Trackpoint><Trackpoint><Time>2026-08-11T13:20:45.000Z</Time><Position><LatitudeDegrees>58.62824964513068</LatitudeDegrees><LongitudeDegrees>59.790125559117094</LongitudeDegrees></Position></Trackpoint><Trackpoint><Time>2026-08-11T13:20:45.000Z</Time><Position><LatitudeDegrees>58.628204345703125</LatitudeDegrees><LongitudeDegrees>59.79009246826172</LongitudeDegrees></Position></Trackpoint><Trackpoint><Time>2026-08-11T13:20:47.000Z</Time><Position><LatitudeDegrees>58.62819290161133</LatitudeDegrees><LongitudeDegrees>59.79009246826172</LongitudeDegrees></Position></Trackpoint><Trackpoint><Time>2026-08-11T13:20:48.000Z</Time><Position><LatitudeDegrees>58.62818145751953</LatitudeDegrees><LongitudeDegrees>59.79008483886719</LongitudeDegrees></Position></Trackpoint><Trackpoint><Time>2026-08-11T13:20:49.000Z</Time><Position><LatitudeDegrees>58.628173828125</LatitudeDegrees><LongitudeDegrees>59.790077209472656</LongitudeDegrees></Position></Trackpoint><Trackpoint><Time>2026-08-11T13:20:49.000Z</Time><Position><LatitudeDegrees>58.628181399714535</LatitudeDegrees><LongitudeDegrees>59.79008186969413</LongitudeDegrees></Position></Trackpoint><Trackpoint><Time>2026-08-11T13:20:50.000Z</Time><Position><LatitudeDegrees>58.62816716384492</LatitudeDegrees><LongitudeDegrees>59.790075391658235</LongitudeDegrees></Position></Trackpoint><Trackpoint><Time>2026-08-11T13:20:52.000Z</Time><Position><LatitudeDegrees>58.62813186645508</LatitudeDegrees><LongitudeDegrees>59.79007339477539</LongitudeDegrees></Position></Trackpoint><Trackpoint><Time>2026-08-11T13:20:52.000Z</Time><Position><LatitudeDegrees>58.62811279296875</LatitudeDegrees><LongitudeDegrees>59.79007339477539</LongitudeDegrees></Position></Trackpoint><Trackpoint><Time>2026-08-11T13:20:53.000Z</Time><Position><LatitudeDegrees>58.628089904785156</LatitudeDegrees><LongitudeDegrees>59.79007339477539</LongitudeDegrees></Position></Trackpoint><Trackpoint><Time>2026-08-11T13:20:55.000Z</Time><Position><LatitudeDegrees>58.62807846069336</LatitudeDegrees><LongitudeDegrees>59.790077209472656</LongitudeDegrees></Position></Trackpoint><Trackpoint><Time>2026-08-11T13:20:56.000Z</Time><Position><LatitudeDegrees>58.6280632019043</LatitudeDegrees><LongitudeDegrees>59.79007339477539</LongitudeDegrees></Position></Trackpoint><Trackpoint><Time>2026-08-11T13:20:57.000Z</Time><Position><LatitudeDegrees>58.62804412841797</LatitudeDegrees><LongitudeDegrees>59.79005432128906</LongitudeDegrees></Position></Trackpoint><Trackpoint><Time>2026-08-11T13:20:58.000Z</Time><Position><LatitudeDegrees>58.62805830594676</LatitudeDegrees><LongitudeDegrees>59.79006418008391</LongitudeDegrees></Position></Trackpoint><Trackpoint><Time>2026-08-11T13:20:59.000Z</Time><Position><LatitudeDegrees>58.628021240234375</LatitudeDegrees><LongitudeDegrees>59.790077209472656</LongitudeDegrees></Position></Trackpoint><Trackpoint><Time>2026-08-11T13:20:59.000Z</Time><Position><LatitudeDegrees>58.628013610839844</LatitudeDegrees><LongitudeDegrees>59.79007339477539</LongitudeDegrees></Position></Trackpoint><Trackpoint><Time>2026-08-11T13:21:01.000Z</Time><Position><LatitudeDegrees>58.62800216674805</LatitudeDegrees><LongitudeDegrees>59.79006576538086</LongitudeDegrees></Position></Trackpoint><Trackpoint><Time>2026-08-11T13:21:02.000Z</Time><Position><LatitudeDegrees>58.62799072265625</LatitudeDegrees><LongitudeDegrees>59.790061950683594</LongitudeDegrees></Position></Trackpoint><Trackpoint><Time>2026-08-11T13:21:03.000Z</Time><Position><LatitudeDegrees>58.62797927856445</LatitudeDegrees><LongitudeDegrees>59.79007339477539</LongitudeDegrees></Position></Trackpoint><Trackpoint><Time>2026-08-11T13:21:04.000Z</Time><Position><LatitudeDegrees>58.62796401977539</LatitudeDegrees><LongitudeDegrees>59.79007339477539</LongitudeDegrees></Position></Trackpoint><Trackpoint><Time>2026-08-11T13:21:05.000Z</Time><Position><LatitudeDegrees>58.62795639038086</LatitudeDegrees><LongitudeDegrees>59.790069580078125</LongitudeDegrees></Position></Trackpoint><Trackpoint><Time>2026-08-11T13:21:05.000Z</Time><Position><LatitudeDegrees>58.62797198929292</LatitudeDegrees><LongitudeDegrees>59.79007008659237</LongitudeDegrees></Position></Trackpoint><Trackpoint><Time>2026-08-11T13:21:07.000Z</Time><Position><LatitudeDegrees>58.627933502197266</LatitudeDegrees><LongitudeDegrees>59.79005813598633</LongitudeDegrees></Position></Trackpoint><Trackpoint><Time>2026-08-11T13:21:08.000Z</Time><Position><LatitudeDegrees>58.62792205810547</LatitudeDegrees><LongitudeDegrees>59.790061950683594</LongitudeDegrees></Position></Trackpoint><Trackpoint><Time>2026-08-11T13:21:09.000Z</Time><Position><LatitudeDegrees>58.62791061401367</LatitudeDegrees><LongitudeDegrees>59.790061950683594</LongitudeDegrees></Position></Trackpoint><Trackpoint><Time>2026-08-11T13:21:10.000Z</Time><Position><LatitudeDegrees>58.62789535522461</LatitudeDegrees><LongitudeDegrees>59.79006576538086</LongitudeDegrees></Position></Trackpoint><Trackpoint><Time>2026-08-11T13:21:11.000Z</Time><Position><LatitudeDegrees>58.62788009643555</LatitudeDegrees><LongitudeDegrees>59.79005813598633</LongitudeDegrees></Position></Trackpoint><Trackpoint><Time>2026-08-11T13:21:12.000Z</Time><Position><LatitudeDegrees>58.627864837646484</LatitudeDegrees><LongitudeDegrees>59.7900505065918</LongitudeDegrees></Position></Trackpoint><Trackpoint><Time>2026-08-11T13:21:13.000Z</Time><Position><LatitudeDegrees>58.62784957885742</LatitudeDegrees><LongitudeDegrees>59.79004669189453</LongitudeDegrees></Position></Trackpoint><Trackpoint><Time>2026-08-11T13:21:14.000Z</Time><Position><LatitudeDegrees>58.62783432006836</LatitudeDegrees><LongitudeDegrees>59.79004669189453</LongitudeDegrees></Position></Trackpoint><Trackpoint><Time>2026-08-11T13:21:15.000Z</Time><Position><LatitudeDegrees>58.62781524658203</LatitudeDegrees><LongitudeDegrees>59.79004669189453</LongitudeDegrees></Position></Trackpoint><Trackpoint><Time>2026-08-11T13:21:16.000Z</Time><Position><LatitudeDegrees>58.6278076171875</LatitudeDegrees><LongitudeDegrees>59.7900390625</LongitudeDegrees></Position></Trackpoint><Trackpoint><Time>2026-08-11T13:21:17.000Z</Time><Position><LatitudeDegrees>58.62782636630586</LatitudeDegrees><LongitudeDegrees>59.79004548470941</LongitudeDegrees></Position></Trackpoint><Trackpoint><Time>2026-08-11T13:21:18.000Z</Time><Position><LatitudeDegrees>58.627784729003906</LatitudeDegrees><LongitudeDegrees>59.79004669189453</LongitudeDegrees></Position></Trackpoint><Trackpoint><Time>2026-08-11T13:21:19.000Z</Time><Position><LatitudeDegrees>58.62777328491211</LatitudeDegrees><LongitudeDegrees>59.79004669189453</LongitudeDegrees></Position></Trackpoint><Trackpoint><Time>2026-08-11T13:21:20.000Z</Time><Position><LatitudeDegrees>58.62775802612305</LatitudeDegrees><LongitudeDegrees>59.79006576538086</LongitudeDegrees></Position></Trackpoint><Trackpoint><Time>2026-08-11T13:21:21.000Z</Time><Position><LatitudeDegrees>58.627742767333984</LatitudeDegrees><LongitudeDegrees>59.79007339477539</LongitudeDegrees></Position></Trackpoint><Trackpoint><Time>2026-08-11T13:21:22.000Z</Time><Position><LatitudeDegrees>58.62773132324219</LatitudeDegrees><LongitudeDegrees>59.79007339477539</LongitudeDegrees></Position></Trackpoint><Trackpoint><Time>2026-08-11T13:21:22.000Z</Time><Position><LatitudeDegrees>58.627716064453125</LatitudeDegrees><LongitudeDegrees>59.79007339477539</LongitudeDegrees></Position></Trackpoint><Trackpoint><Time>2026-08-11T13:21:24.000Z</Time><Position><LatitudeDegrees>58.62770462036133</LatitudeDegrees><LongitudeDegrees>59.79007339477539</LongitudeDegrees></Position></Trackpoint><Trackpoint><Time>2026-08-11T13:21:24.000Z</Time><Position><LatitudeDegrees>58.6276969909668</LatitudeDegrees><LongitudeDegrees>59.790077209472656</LongitudeDegrees></Position></Trackpoint><Trackpoint><Time>2026-08-11T13:21:26.000Z</Time><Position><LatitudeDegrees>58.627681732177734</LatitudeDegrees><LongitudeDegrees>59.790077209472656</LongitudeDegrees></Position></Trackpoint><Trackpoint><Time>2026-08-11T13:21:27.000Z</Time><Position><LatitudeDegrees>58.62767028808594</LatitudeDegrees><LongitudeDegrees>59.79008102416992</LongitudeDegrees></Position></Trackpoint><Trackpoint><Time>2026-08-11T13:21:28.000Z</Time><Position><LatitudeDegrees>58.6276883501917</LatitudeDegrees><LongitudeDegrees>59.790077710447925</LongitudeDegrees></Position></Trackpoint><Trackpoint><Time>2026-08-11T13:21:29.000Z</Time><Position><LatitudeDegrees>58.62765121459961</LatitudeDegrees><LongitudeDegrees>59.79007339477539</LongitudeDegrees></Position></Trackpoint><Trackpoint><Time>2026-08-11T13:21:30.000Z</Time><Position><LatitudeDegrees>58.62763977050781</LatitudeDegrees><LongitudeDegrees>59.790069580078125</LongitudeDegrees></Position></Trackpoint><Trackpoint><Time>2026-08-11T13:21:31.000Z</Time><Position><LatitudeDegrees>58.62762451171875</LatitudeDegrees><LongitudeDegrees>59.79006576538086</LongitudeDegrees></Position></Trackpoint><Trackpoint><Time>2026-08-11T13:21:32.000Z</Time><Position><LatitudeDegrees>58.62760925292969</LatitudeDegrees><LongitudeDegrees>59.79006576538086</LongitudeDegrees></Position></Trackpoint><Trackpoint><Time>2026-08-11T13:21:33.000Z</Time><Position><LatitudeDegrees>58.627593994140625</LatitudeDegrees><LongitudeDegrees>59.790061950683594</LongitudeDegrees></Position></Trackpoint><Trackpoint><Time>2026-08-11T13:21:34.000Z</Time><Position><LatitudeDegrees>58.62758255004883</LatitudeDegrees><LongitudeDegrees>59.79005813598633</LongitudeDegrees></Position></Trackpoint><Trackpoint><Time>2026-08-11T13:21:35.000Z</Time><Position><LatitudeDegrees>58.62757110595703</LatitudeDegrees><LongitudeDegrees>59.79005813598633</LongitudeDegrees></Position></Trackpoint><Trackpoint><Time>2026-08-11T13:21:36.000Z</Time><Position><LatitudeDegrees>58.6275634765625</LatitudeDegrees><LongitudeDegrees>59.79005813598633</LongitudeDegrees></Position></Trackpoint><Trackpoint><Time>2026-08-11T13:21:37.000Z</Time><Position><LatitudeDegrees>58.62755584716797</LatitudeDegrees><LongitudeDegrees>59.790061950683594</LongitudeDegrees></Position></Trackpoint><Trackpoint><Time>2026-08-11T13:21:38.000Z</Time><Position><LatitudeDegrees>58.62756293222333</LatitudeDegrees><LongitudeDegrees>59.790058559322055</LongitudeDegrees></Position></Trackpoint><Trackpoint><Time>2026-08-11T13:21:39.000Z</Time><Position><LatitudeDegrees>58.62755214218075</LatitudeDegrees><LongitudeDegrees>59.790057055280045</LongitudeDegrees></Position></Trackpoint><Trackpoint><Time>2026-08-11T13:21:40.000Z</Time><Position><LatitudeDegrees>58.62751770019531</LatitudeDegrees><LongitudeDegrees>59.790061950683594</LongitudeDegrees></Position></Trackpoint><Trackpoint><Time>2026-08-11T13:21:41.000Z</Time><Position><LatitudeDegrees>58.627506256103516</LatitudeDegrees><LongitudeDegrees>59.79006576538086</LongitudeDegrees></Position></Trackpoint><Trackpoint><Time>2026-08-11T13:21:42.000Z</Time><Position><LatitudeDegrees>58.62749481201172</LatitudeDegrees><LongitudeDegrees>59.790077209472656</LongitudeDegrees></Position></Trackpoint><Trackpoint><Time>2026-08-11T13:21:43.000Z</Time><Position><LatitudeDegrees>58.62748336791992</LatitudeDegrees><LongitudeDegrees>59.79008102416992</LongitudeDegrees></Position></Trackpoint><Trackpoint><Time>2026-08-11T13:21:44.000Z</Time><Position><LatitudeDegrees>58.627464294433594</LatitudeDegrees><LongitudeDegrees>59.79008102416992</LongitudeDegrees></Position></Trackpoint><Trackpoint><Time>2026-08-11T13:21:45.000Z</Time><Position><LatitudeDegrees>58.627485192937485</LatitudeDegrees><LongitudeDegrees>59.790075567823514</LongitudeDegrees></Position></Trackpoint><Trackpoint><Time>2026-08-11T13:21:46.000Z</Time><Position><LatitudeDegrees>58.62743377685547</LatitudeDegrees><LongitudeDegrees>59.790077209472656</LongitudeDegrees></Position></Trackpoint><Trackpoint><Time>2026-08-11T13:21:47.000Z</Time><Position><LatitudeDegrees>58.62742233276367</LatitudeDegrees><LongitudeDegrees>59.79006576538086</LongitudeDegrees></Position></Trackpoint><Trackpoint><Time>2026-08-11T13:21:48.000Z</Time><Position><LatitudeDegrees>58.627410888671875</LatitudeDegrees><LongitudeDegrees>59.790061950683594</LongitudeDegrees></Position></Trackpoint><Trackpoint><Time>2026-08-11T13:21:49.000Z</Time><Position><LatitudeDegrees>58.627403259277344</LatitudeDegrees><LongitudeDegrees>59.790061950683594</LongitudeDegrees></Position></Trackpoint><Trackpoint><Time>2026-08-11T13:21:50.000Z</Time><Position><LatitudeDegrees>58.627384185791016</LatitudeDegrees><LongitudeDegrees>59.79005813598633</LongitudeDegrees></Position></Trackpoint><Trackpoint><Time>2026-08-11T13:21:51.000Z</Time><Position><LatitudeDegrees>58.627404594077355</LatitudeDegrees><LongitudeDegrees>59.79006318395123</LongitudeDegrees></Position></Trackpoint><Trackpoint><Time>2026-08-11T13:21:52.000Z</Time><Position><LatitudeDegrees>58.62735366821289</LatitudeDegrees><LongitudeDegrees>59.79006576538086</LongitudeDegrees></Position></Trackpoint><Trackpoint><Time>2026-08-11T13:21:53.000Z</Time><Position><LatitudeDegrees>58.62733840942383</LatitudeDegrees><LongitudeDegrees>59.79007339477539</LongitudeDegrees></Position></Trackpoint><Trackpoint><Time>2026-08-11T13:21:54.000Z</Time><Position><LatitudeDegrees>58.62732696533203</LatitudeDegrees><LongitudeDegrees>59.790077209472656</LongitudeDegrees></Position></Trackpoint><Trackpoint><Time>2026-08-11T13:21:55.000Z</Time><Position><LatitudeDegrees>58.627315521240234</LatitudeDegrees><LongitudeDegrees>59.79008865356445</LongitudeDegrees></Position></Trackpoint><Trackpoint><Time>2026-08-11T13:21:56.000Z</Time><Position><LatitudeDegrees>58.6273078918457</LatitudeDegrees><LongitudeDegrees>59.79009246826172</LongitudeDegrees></Position></Trackpoint><Trackpoint><Time>2026-08-11T13:21:57.000Z</Time><Position><LatitudeDegrees>58.627316424840245</LatitudeDegrees><LongitudeDegrees>59.79008619360541</LongitudeDegrees></Position></Trackpoint><Trackpoint><Time>2026-08-11T13:21:58.000Z</Time><Position><LatitudeDegrees>58.62731742940094</LatitudeDegrees><LongitudeDegrees>59.790085080434494</LongitudeDegrees></Position></Trackpoint><Trackpoint><Time>2026-08-11T13:21:59.000Z</Time><Position><LatitudeDegrees>58.62730897975917</LatitudeDegrees><LongitudeDegrees>59.790085507976436</LongitudeDegrees></Position></Trackpoint><Trackpoint><Time>2026-08-11T13:22:00.000Z</Time><Position><LatitudeDegrees>58.62725830078125</LatitudeDegrees><LongitudeDegrees>59.79008102416992</LongitudeDegrees></Position></Trackpoint><Trackpoint><Time>2026-08-11T13:22:01.000Z</Time><Position><LatitudeDegrees>58.62725067138672</LatitudeDegrees><LongitudeDegrees>59.79007339477539</LongitudeDegrees></Position></Trackpoint><Trackpoint><Time>2026-08-11T13:22:02.000Z</Time><Position><LatitudeDegrees>58.62723159790039</LatitudeDegrees><LongitudeDegrees>59.790069580078125</LongitudeDegrees></Position></Trackpoint><Trackpoint><Time>2026-08-11T13:22:03.000Z</Time><Position><LatitudeDegrees>58.627220153808594</LatitudeDegrees><LongitudeDegrees>59.79005813598633</LongitudeDegrees></Position></Trackpoint><Trackpoint><Time>2026-08-11T13:22:04.000Z</Time><Position><LatitudeDegrees>58.62720489501953</LatitudeDegrees><LongitudeDegrees>59.79006576538086</LongitudeDegrees></Position></Trackpoint><Trackpoint><Time>2026-08-11T13:22:05.000Z</Time><Position><LatitudeDegrees>58.6272260209461</LatitudeDegrees><LongitudeDegrees>59.79006903631356</LongitudeDegrees></Position></Trackpoint><Trackpoint><Time>2026-08-11T13:22:06.000Z</Time><Position><LatitudeDegrees>58.62718200683594</LatitudeDegrees><LongitudeDegrees>59.79007339477539</LongitudeDegrees></Position></Trackpoint><Trackpoint><Time>2026-08-11T13:22:07.000Z</Time><Position><LatitudeDegrees>58.627166748046875</LatitudeDegrees><LongitudeDegrees>59.79008102416992</LongitudeDegrees></Position></Trackpoint><Trackpoint><Time>2026-08-11T13:22:08.000Z</Time><Position><LatitudeDegrees>58.62715148925781</LatitudeDegrees><LongitudeDegrees>59.79007339477539</LongitudeDegrees></Position></Trackpoint><Trackpoint><Time>2026-08-11T13:22:09.000Z</Time><Position><LatitudeDegrees>58.627140045166016</LatitudeDegrees><LongitudeDegrees>59.79008102416992</LongitudeDegrees></Position></Trackpoint><Trackpoint><Time>2026-08-11T13:22:10.000Z</Time><Position><LatitudeDegrees>58.627132415771484</LatitudeDegrees><LongitudeDegrees>59.79008483886719</LongitudeDegrees></Position></Trackpoint><Trackpoint><Time>2026-08-11T13:22:11.000Z</Time><Position><LatitudeDegrees>58.627149035106434</LatitudeDegrees><LongitudeDegrees>59.790079722559945</LongitudeDegrees></Position></Trackpoint><Trackpoint><Time>2026-08-11T13:22:12.000Z</Time><Position><LatitudeDegrees>58.627105712890625</LatitudeDegrees><LongitudeDegrees>59.790077209472656</LongitudeDegrees></Position></Trackpoint><Trackpoint><Time>2026-08-11T13:22:13.000Z</Time><Position><LatitudeDegrees>58.6270866394043</LatitudeDegrees><LongitudeDegrees>59.79007339477539</LongitudeDegrees></Position></Trackpoint><Trackpoint><Time>2026-08-11T13:22:14.000Z</Time><Position><LatitudeDegrees>58.627071380615234</LatitudeDegrees><LongitudeDegrees>59.79007339477539</LongitudeDegrees></Position></Trackpoint><Trackpoint><Time>2026-08-11T13:22:15.000Z</Time><Position><LatitudeDegrees>58.62705612182617</LatitudeDegrees><LongitudeDegrees>59.790077209472656</LongitudeDegrees></Position></Trackpoint><Trackpoint><Time>2026-08-11T13:22:16.000Z</Time><Position><LatitudeDegrees>58.62704086303711</LatitudeDegrees><LongitudeDegrees>59.79008102416992</LongitudeDegrees></Position></Trackpoint><Trackpoint><Time>2026-08-11T13:22:17.000Z</Time><Position><LatitudeDegrees>58.62702941894531</LatitudeDegrees><LongitudeDegrees>59.79008102416992</LongitudeDegrees></Position></Trackpoint><Trackpoint><Time>2026-08-11T13:22:18.000Z</Time><Position><LatitudeDegrees>58.62702178955078</LatitudeDegrees><LongitudeDegrees>59.790077209472656</LongitudeDegrees></Position></Trackpoint><Trackpoint><Time>2026-08-11T13:22:19.000Z</Time><Position><LatitudeDegrees>58.62700653076172</LatitudeDegrees><LongitudeDegrees>59.790077209472656</LongitudeDegrees></Position></Trackpoint><Trackpoint><Time>2026-08-11T13:22:19.000Z</Time><Position><LatitudeDegrees>58.62699508666992</LatitudeDegrees><LongitudeDegrees>59.790069580078125</LongitudeDegrees></Position></Trackpoint><Trackpoint><Time>2026-08-11T13:22:21.000Z</Time><Position><LatitudeDegrees>58.62698745727539</LatitudeDegrees><LongitudeDegrees>59.79006576538086</LongitudeDegrees></Position></Trackpoint><Trackpoint><Time>2026-08-11T13:22:22.000Z</Time><Position><LatitudeDegrees>58.626976013183594</LatitudeDegrees><LongitudeDegrees>59.79006576538086</LongitudeDegrees></Position></Trackpoint><Trackpoint><Time>2026-08-11T13:22:23.000Z</Time><Position><LatitudeDegrees>58.6269645690918</LatitudeDegrees><LongitudeDegrees>59.790069580078125</LongitudeDegrees></Position></Trackpoint><Trackpoint><Time>2026-08-11T13:22:24.000Z</Time><Position><LatitudeDegrees>58.626953125</LatitudeDegrees><LongitudeDegrees>59.79007339477539</LongitudeDegrees></Position></Trackpoint><Trackpoint><Time>2026-08-11T13:22:25.000Z</Time><Position><LatitudeDegrees>58.6269416809082</LatitudeDegrees><LongitudeDegrees>59.79007339477539</LongitudeDegrees></Position></Trackpoint><Trackpoint><Time>2026-08-11T13:22:26.000Z</Time><Position><LatitudeDegrees>58.626922607421875</LatitudeDegrees><LongitudeDegrees>59.79007339477539</LongitudeDegrees></Position></Trackpoint><Trackpoint><Time>2026-08-11T13:22:27.000Z</Time><Position><LatitudeDegrees>58.62690734863281</LatitudeDegrees><LongitudeDegrees>59.790069580078125</LongitudeDegrees></Position></Trackpoint><Trackpoint><Time>2026-08-11T13:22:28.000Z</Time><Position><LatitudeDegrees>58.62689208984375</LatitudeDegrees><LongitudeDegrees>59.790069580078125</LongitudeDegrees></Position></Trackpoint><Trackpoint><Time>2026-08-11T13:22:29.000Z</Time><Position><LatitudeDegrees>58.62687683105469</LatitudeDegrees><LongitudeDegrees>59.79007339477539</LongitudeDegrees></Position></Trackpoint><Trackpoint><Time>2026-08-11T13:22:29.000Z</Time><Position><LatitudeDegrees>58.62686538696289</LatitudeDegrees><LongitudeDegrees>59.79008102416992</LongitudeDegrees></Position></Trackpoint><Trackpoint><Time>2026-08-11T13:22:30.000Z</Time><Position><LatitudeDegrees>58.62685012817383</LatitudeDegrees><LongitudeDegrees>59.79008483886719</LongitudeDegrees></Position></Trackpoint><Trackpoint><Time>2026-08-11T13:22:32.000Z</Time><Position><LatitudeDegrees>58.626834869384766</LatitudeDegrees><LongitudeDegrees>59.79008865356445</LongitudeDegrees></Position></Trackpoint><Trackpoint><Time>2026-08-11T13:22:33.000Z</Time><Position><LatitudeDegrees>58.62681198120117</LatitudeDegrees><LongitudeDegrees>59.79008483886719</LongitudeDegrees></Position></Trackpoint><Trackpoint><Time>2026-08-11T13:22:34.000Z</Time><Position><LatitudeDegrees>58.62679672241211</LatitudeDegrees><LongitudeDegrees>59.79007339477539</LongitudeDegrees></Position></Trackpoint><Trackpoint><Time>2026-08-11T13:22:35.000Z</Time><Position><LatitudeDegrees>58.62678527832031</LatitudeDegrees><LongitudeDegrees>59.79007339477539</LongitudeDegrees></Position></Trackpoint><Trackpoint><Time>2026-08-11T13:22:36.000Z</Time><Position><LatitudeDegrees>58.626773834228516</LatitudeDegrees><LongitudeDegrees>59.79007339477539</LongitudeDegrees></Position></Trackpoint><Trackpoint><Time>2026-08-11T13:22:36.000Z</Time><Position><LatitudeDegrees>58.6267854005842</LatitudeDegrees><LongitudeDegrees>59.790075044937105</LongitudeDegrees></Position></Trackpoint><Trackpoint><Time>2026-08-11T13:22:38.000Z</Time><Position><LatitudeDegrees>58.62677834734519</LatitudeDegrees><LongitudeDegrees>59.79007619978297</LongitudeDegrees></Position></Trackpoint><Trackpoint><Time>2026-08-11T13:22:38.000Z</Time><Position><LatitudeDegrees>58.62674331665039</LatitudeDegrees><LongitudeDegrees>59.79008102416992</LongitudeDegrees></Position></Trackpoint><Trackpoint><Time>2026-08-11T13:22:40.000Z</Time><Position><LatitudeDegrees>58.62672805786133</LatitudeDegrees><LongitudeDegrees>59.79008483886719</LongitudeDegrees></Position></Trackpoint><Trackpoint><Time>2026-08-11T13:22:41.000Z</Time><Position><LatitudeDegrees>58.62671661376953</LatitudeDegrees><LongitudeDegrees>59.79008865356445</LongitudeDegrees></Position></Trackpoint><Trackpoint><Time>2026-08-11T13:22:42.000Z</Time><Position><LatitudeDegrees>58.626705169677734</LatitudeDegrees><LongitudeDegrees>59.79009246826172</LongitudeDegrees></Position></Trackpoint><Trackpoint><Time>2026-08-11T13:22:43.000Z</Time><Position><LatitudeDegrees>58.62672220866138</LatitudeDegrees><LongitudeDegrees>59.790086378998275</LongitudeDegrees></Position></Trackpoint><Trackpoint><Time>2026-08-11T13:22:44.000Z</Time><Position><LatitudeDegrees>58.62671502801884</LatitudeDegrees><LongitudeDegrees>59.790087060160594</LongitudeDegrees></Position></Trackpoint><Trackpoint><Time>2026-08-11T13:22:45.000Z</Time><Position><LatitudeDegrees>58.62667465209961</LatitudeDegrees><LongitudeDegrees>59.79008102416992</LongitudeDegrees></Position></Trackpoint><Trackpoint><Time>2026-08-11T13:22:45.000Z</Time><Position><LatitudeDegrees>58.62665557861328</LatitudeDegrees><LongitudeDegrees>59.790069580078125</LongitudeDegrees></Position></Trackpoint><Trackpoint><Time>2026-08-11T13:22:47.000Z</Time><Position><LatitudeDegrees>58.62664031982422</LatitudeDegrees><LongitudeDegrees>59.790061950683594</LongitudeDegrees></Position></Trackpoint><Trackpoint><Time>2026-08-11T13:22:48.000Z</Time><Position><LatitudeDegrees>58.62662887573242</LatitudeDegrees><LongitudeDegrees>59.79005813598633</LongitudeDegrees></Position></Trackpoint><Trackpoint><Time>2026-08-11T13:22:49.000Z</Time><Position><LatitudeDegrees>58.62661361694336</LatitudeDegrees><LongitudeDegrees>59.79005813598633</LongitudeDegrees></Position></Trackpoint><Trackpoint><Time>2026-08-11T13:22:50.000Z</Time><Position><LatitudeDegrees>58.62660217285156</LatitudeDegrees><LongitudeDegrees>59.7900505065918</LongitudeDegrees></Position></Trackpoint><Trackpoint><Time>2026-08-11T13:22:51.000Z</Time><Position><LatitudeDegrees>58.62661298613292</LatitudeDegrees><LongitudeDegrees>59.79005488402432</LongitudeDegrees></Position></Trackpoint><Trackpoint><Time>2026-08-11T13:22:52.000Z</Time><Position><LatitudeDegrees>58.62660503286716</LatitudeDegrees><LongitudeDegrees>59.790055164121455</LongitudeDegrees></Position></Trackpoint><Trackpoint><Time>2026-08-11T13:22:53.000Z</Time><Position><LatitudeDegrees>58.626556396484375</LatitudeDegrees><LongitudeDegrees>59.79005432128906</LongitudeDegrees></Position></Trackpoint><Trackpoint><Time>2026-08-11T13:22:54.000Z</Time><Position><LatitudeDegrees>58.62654495239258</LatitudeDegrees><LongitudeDegrees>59.79005432128906</LongitudeDegrees></Position></Trackpoint><Trackpoint><Time>2026-08-11T13:22:55.000Z</Time><Position><LatitudeDegrees>58.62653350830078</LatitudeDegrees><LongitudeDegrees>59.790069580078125</LongitudeDegrees></Position></Trackpoint><Trackpoint><Time>2026-08-11T13:22:56.000Z</Time><Position><LatitudeDegrees>58.626522064208984</LatitudeDegrees><LongitudeDegrees>59.79007339477539</LongitudeDegrees></Position></Trackpoint><Trackpoint><Time>2026-08-11T13:22:57.000Z</Time><Position><LatitudeDegrees>58.62650680541992</LatitudeDegrees><LongitudeDegrees>59.790069580078125</LongitudeDegrees></Position></Trackpoint><Trackpoint><Time>2026-08-11T13:22:58.000Z</Time><Position><LatitudeDegrees>58.626495361328125</LatitudeDegrees><LongitudeDegrees>59.79007339477539</LongitudeDegrees></Position></Trackpoint><Trackpoint><Time>2026-08-11T13:22:58.000Z</Time><Position><LatitudeDegrees>58.626487731933594</LatitudeDegrees><LongitudeDegrees>59.79007339477539</LongitudeDegrees></Position></Trackpoint><Trackpoint><Time>2026-08-11T13:23:00.000Z</Time><Position><LatitudeDegrees>58.62648010253906</LatitudeDegrees><LongitudeDegrees>59.79006576538086</LongitudeDegrees></Position></Trackpoint><Trackpoint><Time>2026-08-11T13:23:01.000Z</Time><Position><LatitudeDegrees>58.626493455650426</LatitudeDegrees><LongitudeDegrees>59.790069415435994</LongitudeDegrees></Position></Trackpoint><Trackpoint><Time>2026-08-11T13:23:02.000Z</Time><Position><LatitudeDegrees>58.62644577026367</LatitudeDegrees><LongitudeDegrees>59.79008102416992</LongitudeDegrees></Position></Trackpoint><Trackpoint><Time>2026-08-11T13:23:03.000Z</Time><Position><LatitudeDegrees>58.626434326171875</LatitudeDegrees><LongitudeDegrees>59.79008483886719</LongitudeDegrees></Position></Trackpoint><Trackpoint><Time>2026-08-11T13:23:04.000Z</Time><Position><LatitudeDegrees>58.62641906738281</LatitudeDegrees><LongitudeDegrees>59.79008865356445</LongitudeDegrees></Position></Trackpoint><Trackpoint><Time>2026-08-11T13:23:04.000Z</Time><Position><LatitudeDegrees>58.626399993896484</LatitudeDegrees><LongitudeDegrees>59.79008865356445</LongitudeDegrees></Position></Trackpoint><Trackpoint><Time>2026-08-11T13:23:06.000Z</Time><Position><LatitudeDegrees>58.62638854980469</LatitudeDegrees><LongitudeDegrees>59.790096282958984</LongitudeDegrees></Position></Trackpoint><Trackpoint><Time>2026-08-11T13:23:07.000Z</Time><Position><LatitudeDegrees>58.626380920410156</LatitudeDegrees><LongitudeDegrees>59.79010772705078</LongitudeDegrees></Position></Trackpoint><Trackpoint><Time>2026-08-11T13:23:08.000Z</Time><Position><LatitudeDegrees>58.626373291015625</LatitudeDegrees><LongitudeDegrees>59.79011154174805</LongitudeDegrees></Position></Trackpoint><Trackpoint><Time>2026-08-11T13:23:09.000Z</Time><Position><LatitudeDegrees>58.62638131707548</LatitudeDegrees><LongitudeDegrees>59.79010351412506</LongitudeDegrees></Position></Trackpoint><Trackpoint><Time>2026-08-11T13:23:10.000Z</Time><Position><LatitudeDegrees>58.62637778848484</LatitudeDegrees><LongitudeDegrees>59.79010455123388</LongitudeDegrees></Position></Trackpoint><Trackpoint><Time>2026-08-11T13:23:11.000Z</Time><Position><LatitudeDegrees>58.6263313293457</LatitudeDegrees><LongitudeDegrees>59.79009246826172</LongitudeDegrees></Position></Trackpoint><Trackpoint><Time>2026-08-11T13:23:12.000Z</Time><Position><LatitudeDegrees>58.62630844116211</LatitudeDegrees><LongitudeDegrees>59.79008483886719</LongitudeDegrees></Position></Trackpoint><Trackpoint><Time>2026-08-11T13:23:13.000Z</Time><Position><LatitudeDegrees>58.62629699707031</LatitudeDegrees><LongitudeDegrees>59.79008483886719</LongitudeDegrees></Position></Trackpoint><Trackpoint><Time>2026-08-11T13:23:14.000Z</Time><Position><LatitudeDegrees>58.62628173828125</LatitudeDegrees><LongitudeDegrees>59.79007339477539</LongitudeDegrees></Position></Trackpoint><Trackpoint><Time>2026-08-11T13:23:15.000Z</Time><Position><LatitudeDegrees>58.626293831160545</LatitudeDegrees><LongitudeDegrees>59.7900795525489</LongitudeDegrees></Position></Trackpoint><Trackpoint><Time>2026-08-11T13:23:16.000Z</Time><Position><LatitudeDegrees>58.626258850097656</LatitudeDegrees><LongitudeDegrees>59.790061950683594</LongitudeDegrees></Position></Trackpoint><Trackpoint><Time>2026-08-11T13:23:17.000Z</Time><Position><LatitudeDegrees>58.626282736517105</LatitudeDegrees><LongitudeDegrees>59.79006975755341</LongitudeDegrees></Position></Trackpoint><Trackpoint><Time>2026-08-11T13:23:18.000Z</Time><Position><LatitudeDegrees>58.626258850097656</LatitudeDegrees><LongitudeDegrees>59.790008544921875</LongitudeDegrees></Position></Trackpoint><Trackpoint><Time>2026-08-11T13:23:19.000Z</Time><Position><LatitudeDegrees>58.626267320677556</LatitudeDegrees><LongitudeDegrees>59.79002692110395</LongitudeDegrees></Position></Trackpoint><Trackpoint><Time>2026-08-11T13:23:20.000Z</Time><Position><LatitudeDegrees>58.6262617805366</LatitudeDegrees><LongitudeDegrees>59.790006728771964</LongitudeDegrees></Position></Trackpoint><Trackpoint><Time>2026-08-11T13:23:21.000Z</Time><Position><LatitudeDegrees>58.626258850097656</LatitudeDegrees><LongitudeDegrees>59.789955139160156</LongitudeDegrees></Position></Trackpoint><Trackpoint><Time>2026-08-11T13:23:22.000Z</Time><Position><LatitudeDegrees>58.626258850097656</LatitudeDegrees><LongitudeDegrees>59.78992462158203</LongitudeDegrees></Position></Trackpoint><Trackpoint><Time>2026-08-11T13:23:23.000Z</Time><Position><LatitudeDegrees>58.62626266479492</LatitudeDegrees><LongitudeDegrees>59.78989791870117</LongitudeDegrees></Position></Trackpoint><Trackpoint><Time>2026-08-11T13:23:24.000Z</Time><Position><LatitudeDegrees>58.62626295744165</LatitudeDegrees><LongitudeDegrees>59.7899202647246</LongitudeDegrees></Position></Trackpoint><Trackpoint><Time>2026-08-11T13:23:25.000Z</Time><Position><LatitudeDegrees>58.62625503540039</LatitudeDegrees><LongitudeDegrees>59.78986740112305</LongitudeDegrees></Position></Trackpoint><Trackpoint><Time>2026-08-11T13:23:26.000Z</Time><Position><LatitudeDegrees>58.62625802664899</LatitudeDegrees><LongitudeDegrees>59.78988742568848</LongitudeDegrees></Position></Trackpoint><Trackpoint><Time>2026-08-11T13:23:27.000Z</Time><Position><LatitudeDegrees>58.626251220703125</LatitudeDegrees><LongitudeDegrees>59.78982162475586</LongitudeDegrees></Position></Trackpoint><Trackpoint><Time>2026-08-11T13:23:28.000Z</Time><Position><LatitudeDegrees>58.62625140206565</LatitudeDegrees><LongitudeDegrees>59.78983786616881</LongitudeDegrees></Position></Trackpoint><Trackpoint><Time>2026-08-11T13:23:29.000Z</Time><Position><LatitudeDegrees>58.62623977661133</LatitudeDegrees><LongitudeDegrees>59.78977966308594</LongitudeDegrees></Position></Trackpoint><Trackpoint><Time>2026-08-11T13:23:30.000Z</Time><Position><LatitudeDegrees>58.626245917178416</LatitudeDegrees><LongitudeDegrees>59.78981859869034</LongitudeDegrees></Position></Trackpoint><Trackpoint><Time>2026-08-11T13:23:31.000Z</Time><Position><LatitudeDegrees>58.6262092590332</LatitudeDegrees><LongitudeDegrees>59.789764404296875</LongitudeDegrees></Position></Trackpoint><Trackpoint><Time>2026-08-11T13:23:32.000Z</Time><Position><LatitudeDegrees>58.626221622791505</LatitudeDegrees><LongitudeDegrees>59.78978535671116</LongitudeDegrees></Position></Trackpoint><Trackpoint><Time>2026-08-11T13:23:33.000Z</Time><Position><LatitudeDegrees>58.626190185546875</LatitudeDegrees><LongitudeDegrees>59.78975296020508</LongitudeDegrees></Position></Trackpoint><Trackpoint><Time>2026-08-11T13:23:34.000Z</Time><Position><LatitudeDegrees>58.626195374408766</LatitudeDegrees><LongitudeDegrees>59.78975943217021</LongitudeDegrees></Position></Trackpoint><Trackpoint><Time>2026-08-11T13:23:35.000Z</Time><Position><LatitudeDegrees>58.626155853271484</LatitudeDegrees><LongitudeDegrees>59.789730072021484</LongitudeDegrees></Position></Trackpoint><Trackpoint><Time>2026-08-11T13:23:36.000Z</Time><Position><LatitudeDegrees>58.626169256771234</LatitudeDegrees><LongitudeDegrees>59.78974321440444</LongitudeDegrees></Position></Trackpoint><Trackpoint><Time>2026-08-11T13:23:37.000Z</Time><Position><LatitudeDegrees>58.62614961338444</LatitudeDegrees><LongitudeDegrees>59.78973334428714</LongitudeDegrees></Position></Trackpoint><Trackpoint><Time>2026-08-11T13:23:38.000Z</Time><Position><LatitudeDegrees>58.62610626220703</LatitudeDegrees><LongitudeDegrees>59.78972244262695</LongitudeDegrees></Position></Trackpoint><Trackpoint><Time>2026-08-11T13:23:39.000Z</Time><Position><LatitudeDegrees>58.626094818115234</LatitudeDegrees><LongitudeDegrees>59.78971862792969</LongitudeDegrees></Position></Trackpoint><Trackpoint><Time>2026-08-11T13:23:40.000Z</Time><Position><LatitudeDegrees>58.62607955932617</LatitudeDegrees><LongitudeDegrees>59.78971481323242</LongitudeDegrees></Position></Trackpoint><Trackpoint><Time>2026-08-11T13:23:41.000Z</Time><Position><LatitudeDegrees>58.626060485839844</LatitudeDegrees><LongitudeDegrees>59.789703369140625</LongitudeDegrees></Position></Trackpoint><Trackpoint><Time>2026-08-11T13:23:42.000Z</Time><Position><LatitudeDegrees>58.62604522705078</LatitudeDegrees><LongitudeDegrees>59.789703369140625</LongitudeDegrees></Position></Trackpoint><Trackpoint><Time>2026-08-11T13:23:42.000Z</Time><Position><LatitudeDegrees>58.62604522705078</LatitudeDegrees><LongitudeDegrees>59.789710998535156</LongitudeDegrees></Position></Trackpoint><Trackpoint><Time>2026-08-11T13:23:44.000Z</Time><Position><LatitudeDegrees>58.62605279829911</LatitudeDegrees><LongitudeDegrees>59.78971233446915</LongitudeDegrees></Position></Trackpoint><Trackpoint><Time>2026-08-11T13:23:45.000Z</Time><Position><LatitudeDegrees>58.62601852416992</LatitudeDegrees><LongitudeDegrees>59.78971481323242</LongitudeDegrees></Position></Trackpoint><Trackpoint><Time>2026-08-11T13:23:45.000Z</Time><Position><LatitudeDegrees>58.626030211106524</LatitudeDegrees><LongitudeDegrees>59.78970944367087</LongitudeDegrees></Position></Trackpoint><Trackpoint><Time>2026-08-11T13:23:47.000Z</Time><Position><LatitudeDegrees>58.626010407935595</LatitudeDegrees><LongitudeDegrees>59.78970879372877</LongitudeDegrees></Position></Trackpoint><Trackpoint><Time>2026-08-11T13:23:47.000Z</Time><Position><LatitudeDegrees>58.62596893310547</LatitudeDegrees><LongitudeDegrees>59.789730072021484</LongitudeDegrees></Position></Trackpoint><Trackpoint><Time>2026-08-11T13:23:49.000Z</Time><Position><LatitudeDegrees>58.6259651184082</LatitudeDegrees><LongitudeDegrees>59.789756774902344</LongitudeDegrees></Position></Trackpoint><Trackpoint><Time>2026-08-11T13:23:49.000Z</Time><Position><LatitudeDegrees>58.62594985961914</LatitudeDegrees><LongitudeDegrees>59.789756774902344</LongitudeDegrees></Position></Trackpoint><Trackpoint><Time>2026-08-11T13:23:50.000Z</Time><Position><LatitudeDegrees>58.62594223022461</LatitudeDegrees><LongitudeDegrees>59.78976058959961</LongitudeDegrees></Position></Trackpoint><Trackpoint><Time>2026-08-11T13:23:51.000Z</Time><Position><LatitudeDegrees>58.62593078613281</LatitudeDegrees><LongitudeDegrees>59.78976058959961</LongitudeDegrees></Position></Trackpoint><Trackpoint><Time>2026-08-11T13:23:52.000Z</Time><Position><LatitudeDegrees>58.62594735929503</LatitudeDegrees><LongitudeDegrees>59.78975377250951</LongitudeDegrees></Position></Trackpoint><Trackpoint><Time>2026-08-11T13:23:54.000Z</Time><Position><LatitudeDegrees>58.62590026855469</LatitudeDegrees><LongitudeDegrees>59.789764404296875</LongitudeDegrees></Position></Trackpoint><Trackpoint><Time>2026-08-11T13:23:55.000Z</Time><Position><LatitudeDegrees>58.62591556215939</LatitudeDegrees><LongitudeDegrees>59.78976139241647</LongitudeDegrees></Position></Trackpoint><Trackpoint><Time>2026-08-11T13:23:55.000Z</Time><Position><LatitudeDegrees>58.625877380371094</LatitudeDegrees><LongitudeDegrees>59.78976821899414</LongitudeDegrees></Position></Trackpoint><Trackpoint><Time>2026-08-11T13:23:57.000Z</Time><Position><LatitudeDegrees>58.62588627410455</LatitudeDegrees><LongitudeDegrees>59.78976587956649</LongitudeDegrees></Position></Trackpoint><Trackpoint><Time>2026-08-11T13:23:58.000Z</Time><Position><LatitudeDegrees>58.62584686279297</LatitudeDegrees><LongitudeDegrees>59.78974533081055</LongitudeDegrees></Position></Trackpoint><Trackpoint><Time>2026-08-11T13:23:59.000Z</Time><Position><LatitudeDegrees>58.625831604003906</LatitudeDegrees><LongitudeDegrees>59.78974151611328</LongitudeDegrees></Position></Trackpoint><Trackpoint><Time>2026-08-11T13:24:00.000Z</Time><Position><LatitudeDegrees>58.62580871582031</LatitudeDegrees><LongitudeDegrees>59.78973388671875</LongitudeDegrees></Position></Trackpoint><Trackpoint><Time>2026-08-11T13:24:01.000Z</Time><Position><LatitudeDegrees>58.625837774567884</LatitudeDegrees><LongitudeDegrees>59.789745504236926</LongitudeDegrees></Position></Trackpoint><Trackpoint><Time>2026-08-11T13:24:02.000Z</Time><Position><LatitudeDegrees>58.62580871582031</LatitudeDegrees><LongitudeDegrees>59.78976058959961</LongitudeDegrees></Position></Trackpoint><Trackpoint><Time>2026-08-11T13:24:03.000Z</Time><Position><LatitudeDegrees>58.62580490112305</LatitudeDegrees><LongitudeDegrees>59.789764404296875</LongitudeDegrees></Position></Trackpoint><Trackpoint><Time>2026-08-11T13:24:04.000Z</Time><Position><LatitudeDegrees>58.62580108642578</LatitudeDegrees><LongitudeDegrees>59.789772033691406</LongitudeDegrees></Position></Trackpoint><Trackpoint><Time>2026-08-11T13:24:05.000Z</Time><Position><LatitudeDegrees>58.62579345703125</LatitudeDegrees><LongitudeDegrees>59.78977584838867</LongitudeDegrees></Position></Trackpoint><Trackpoint><Time>2026-08-11T13:24:06.000Z</Time><Position><LatitudeDegrees>58.625789642333984</LatitudeDegrees><LongitudeDegrees>59.78977584838867</LongitudeDegrees></Position></Trackpoint><Trackpoint><Time>2026-08-11T13:24:07.000Z</Time><Position><LatitudeDegrees>58.62579569894117</LatitudeDegrees><LongitudeDegrees>59.78977345216403</LongitudeDegrees></Position></Trackpoint><Trackpoint><Time>2026-08-11T13:24:07.000Z</Time><Position><LatitudeDegrees>58.625796687868515</LatitudeDegrees><LongitudeDegrees>59.78977424404376</LongitudeDegrees></Position></Trackpoint><Trackpoint><Time>2026-08-11T13:24:09.000Z</Time><Position><LatitudeDegrees>58.625797271728516</LatitudeDegrees><LongitudeDegrees>59.789772033691406</LongitudeDegrees></Position></Trackpoint><Trackpoint><Time>2026-08-11T13:24:11.000Z</Time><Position><LatitudeDegrees>58.625797271728516</LatitudeDegrees><LongitudeDegrees>59.78976821899414</LongitudeDegrees></Position></Trackpoint><Trackpoint><Time>2026-08-11T13:24:13.000Z</Time><Position><LatitudeDegrees>58.62579345703125</LatitudeDegrees><LongitudeDegrees>59.78974914550781</LongitudeDegrees></Position></Trackpoint><Trackpoint><Time>2026-08-11T13:24:14.000Z</Time><Position><LatitudeDegrees>58.625789642333984</LatitudeDegrees><LongitudeDegrees>59.78973388671875</LongitudeDegrees></Position></Trackpoint><Trackpoint><Time>2026-08-11T13:24:14.000Z</Time><Position><LatitudeDegrees>58.62578201293945</LatitudeDegrees><LongitudeDegrees>59.78972244262695</LongitudeDegrees></Position></Trackpoint><Trackpoint><Time>2026-08-11T13:24:16.000Z</Time><Position><LatitudeDegrees>58.62578746944824</LatitudeDegrees><LongitudeDegrees>59.78973897988696</LongitudeDegrees></Position></Trackpoint><Trackpoint><Time>2026-08-11T13:24:17.000Z</Time><Position><LatitudeDegrees>58.625755310058594</LatitudeDegrees><LongitudeDegrees>59.78971862792969</LongitudeDegrees></Position></Trackpoint><Trackpoint><Time>2026-08-11T13:24:18.000Z</Time><Position><LatitudeDegrees>58.62574005126953</LatitudeDegrees><LongitudeDegrees>59.78971481323242</LongitudeDegrees></Position></Trackpoint><Trackpoint><Time>2026-08-11T13:24:19.000Z</Time><Position><LatitudeDegrees>58.62574570925765</LatitudeDegrees><LongitudeDegrees>59.78972033359066</LongitudeDegrees></Position></Trackpoint><Trackpoint><Time>2026-08-11T13:24:20.000Z</Time><Position><LatitudeDegrees>58.62573717285842</LatitudeDegrees><LongitudeDegrees>59.789720542431255</LongitudeDegrees></Position></Trackpoint><Trackpoint><Time>2026-08-11T13:24:21.000Z</Time><Position><LatitudeDegrees>58.62568664550781</LatitudeDegrees><LongitudeDegrees>59.78972244262695</LongitudeDegrees></Position></Trackpoint><Trackpoint><Time>2026-08-11T13:24:21.000Z</Time><Position><LatitudeDegrees>58.62567138671875</LatitudeDegrees><LongitudeDegrees>59.789730072021484</LongitudeDegrees></Position></Trackpoint><Trackpoint><Time>2026-08-11T13:24:22.000Z</Time><Position><LatitudeDegrees>58.62565231323242</LatitudeDegrees><LongitudeDegrees>59.789737701416016</LongitudeDegrees></Position></Trackpoint><Trackpoint><Time>2026-08-11T13:24:24.000Z</Time><Position><LatitudeDegrees>58.625633239746094</LatitudeDegrees><LongitudeDegrees>59.789730072021484</LongitudeDegrees></Position></Trackpoint><Trackpoint><Time>2026-08-11T13:24:25.000Z</Time><Position><LatitudeDegrees>58.625633239746094</LatitudeDegrees><LongitudeDegrees>59.78972625732422</LongitudeDegrees></Position></Trackpoint><Trackpoint><Time>2026-08-11T13:24:26.000Z</Time><Position><LatitudeDegrees>58.6256217956543</LatitudeDegrees><LongitudeDegrees>59.78972244262695</LongitudeDegrees></Position></Trackpoint><Trackpoint><Time>2026-08-11T13:24:27.000Z</Time><Position><LatitudeDegrees>58.6256217956543</LatitudeDegrees><LongitudeDegrees>59.78974151611328</LongitudeDegrees></Position></Trackpoint><Trackpoint><Time>2026-08-11T13:24:28.000Z</Time><Position><LatitudeDegrees>58.625614166259766</LatitudeDegrees><LongitudeDegrees>59.78974151611328</LongitudeDegrees></Position></Trackpoint><Trackpoint><Time>2026-08-11T13:24:29.000Z</Time><Position><LatitudeDegrees>58.62559509277344</LatitudeDegrees><LongitudeDegrees>59.78974151611328</LongitudeDegrees></Position></Trackpoint><Trackpoint><Time>2026-08-11T13:24:30.000Z</Time><Position><LatitudeDegrees>58.62559127807617</LatitudeDegrees><LongitudeDegrees>59.78974151611328</LongitudeDegrees></Position></Trackpoint><Trackpoint><Time>2026-08-11T13:24:31.000Z</Time><Position><LatitudeDegrees>58.62559592811852</LatitudeDegrees><LongitudeDegrees>59.789741201348924</LongitudeDegrees></Position></Trackpoint><Trackpoint><Time>2026-08-11T13:24:32.000Z</Time><Position><LatitudeDegrees>58.62555694580078</LatitudeDegrees><LongitudeDegrees>59.789737701416016</LongitudeDegrees></Position></Trackpoint><Trackpoint><Time>2026-08-11T13:24:33.000Z</Time><Position><LatitudeDegrees>58.62557049324864</LatitudeDegrees><LongitudeDegrees>59.789739907024725</LongitudeDegrees></Position></Trackpoint><Trackpoint><Time>2026-08-11T13:24:34.000Z</Time><Position><LatitudeDegrees>58.625526428222656</LatitudeDegrees><LongitudeDegrees>59.78972244262695</LongitudeDegrees></Position></Trackpoint><Trackpoint><Time>2026-08-11T13:24:35.000Z</Time><Position><LatitudeDegrees>58.62551498413086</LatitudeDegrees><LongitudeDegrees>59.78970718383789</LongitudeDegrees></Position></Trackpoint><Trackpoint><Time>2026-08-11T13:24:36.000Z</Time><Position><LatitudeDegrees>58.62550354003906</LatitudeDegrees><LongitudeDegrees>59.78971481323242</LongitudeDegrees></Position></Trackpoint><Trackpoint><Time>2026-08-11T13:24:37.000Z</Time><Position><LatitudeDegrees>58.62551601810295</LatitudeDegrees><LongitudeDegrees>59.78971866603191</LongitudeDegrees></Position></Trackpoint><Trackpoint><Time>2026-08-11T13:24:38.000Z</Time><Position><LatitudeDegrees>58.62551234270482</LatitudeDegrees><LongitudeDegrees>59.78971868463256</LongitudeDegrees></Position></Trackpoint><Trackpoint><Time>2026-08-11T13:24:39.000Z</Time><Position><LatitudeDegrees>58.62549962257399</LatitudeDegrees><LongitudeDegrees>59.78972549753918</LongitudeDegrees></Position></Trackpoint><Trackpoint><Time>2026-08-11T13:24:40.000Z</Time><Position><LatitudeDegrees>58.625457763671875</LatitudeDegrees><LongitudeDegrees>59.78974533081055</LongitudeDegrees></Position></Trackpoint><Trackpoint><Time>2026-08-11T13:24:40.000Z</Time><Position><LatitudeDegrees>58.62543869018555</LatitudeDegrees><LongitudeDegrees>59.78974914550781</LongitudeDegrees></Position></Trackpoint><Trackpoint><Time>2026-08-11T13:24:42.000Z</Time><Position><LatitudeDegrees>58.625423431396484</LatitudeDegrees><LongitudeDegrees>59.78975296020508</LongitudeDegrees></Position></Trackpoint><Trackpoint><Time>2026-08-11T13:24:43.000Z</Time><Position><LatitudeDegrees>58.62543567280335</LatitudeDegrees><LongitudeDegrees>59.78974565412223</LongitudeDegrees></Position></Trackpoint><Trackpoint><Time>2026-08-11T13:24:44.000Z</Time><Position><LatitudeDegrees>58.625428503131495</LatitudeDegrees><LongitudeDegrees>59.789746099908946</LongitudeDegrees></Position></Trackpoint><Trackpoint><Time>2026-08-11T13:24:45.000Z</Time><Position><LatitudeDegrees>58.62538528442383</LatitudeDegrees><LongitudeDegrees>59.78975296020508</LongitudeDegrees></Position></Trackpoint><Trackpoint><Time>2026-08-11T13:24:46.000Z</Time><Position><LatitudeDegrees>58.62537384033203</LatitudeDegrees><LongitudeDegrees>59.78974533081055</LongitudeDegrees></Position></Trackpoint><Trackpoint><Time>2026-08-11T13:24:47.000Z</Time><Position><LatitudeDegrees>58.62535858154297</LatitudeDegrees><LongitudeDegrees>59.78974533081055</LongitudeDegrees></Position></Trackpoint><Trackpoint><Time>2026-08-11T13:24:48.000Z</Time><Position><LatitudeDegrees>58.625343322753906</LatitudeDegrees><LongitudeDegrees>59.78974914550781</LongitudeDegrees></Position></Trackpoint><Trackpoint><Time>2026-08-11T13:24:49.000Z</Time><Position><LatitudeDegrees>58.62533187866211</LatitudeDegrees><LongitudeDegrees>59.78974914550781</LongitudeDegrees></Position></Trackpoint><Trackpoint><Time>2026-08-11T13:24:50.000Z</Time><Position><LatitudeDegrees>58.62532043457031</LatitudeDegrees><LongitudeDegrees>59.78975296020508</LongitudeDegrees></Position></Trackpoint><Trackpoint><Time>2026-08-11T13:24:51.000Z</Time><Position><LatitudeDegrees>58.625339344209856</LatitudeDegrees><LongitudeDegrees>59.789750266637576</LongitudeDegrees></Position></Trackpoint><Trackpoint><Time>2026-08-11T13:24:52.000Z</Time><Position><LatitudeDegrees>58.62528991699219</LatitudeDegrees><LongitudeDegrees>59.78973388671875</LongitudeDegrees></Position></Trackpoint><Trackpoint><Time>2026-08-11T13:24:53.000Z</Time><Position><LatitudeDegrees>58.62527084350586</LatitudeDegrees><LongitudeDegrees>59.789730072021484</LongitudeDegrees></Position></Trackpoint><Trackpoint><Time>2026-08-11T13:24:53.000Z</Time><Position><LatitudeDegrees>58.62526321411133</LatitudeDegrees><LongitudeDegrees>59.789730072021484</LongitudeDegrees></Position></Trackpoint><Trackpoint><Time>2026-08-11T13:24:55.000Z</Time><Position><LatitudeDegrees>58.62525177001953</LatitudeDegrees><LongitudeDegrees>59.78973388671875</LongitudeDegrees></Position></Trackpoint><Trackpoint><Time>2026-08-11T13:24:56.000Z</Time><Position><LatitudeDegrees>58.625247955322266</LatitudeDegrees><LongitudeDegrees>59.789737701416016</LongitudeDegrees></Position></Trackpoint><Trackpoint><Time>2026-08-11T13:24:57.000Z</Time><Position><LatitudeDegrees>58.625240325927734</LatitudeDegrees><LongitudeDegrees>59.78974533081055</LongitudeDegrees></Position></Trackpoint><Trackpoint><Time>2026-08-11T13:24:58.000Z</Time><Position><LatitudeDegrees>58.6252326965332</LatitudeDegrees><LongitudeDegrees>59.78973388671875</LongitudeDegrees></Position></Trackpoint><Trackpoint><Time>2026-08-11T13:24:59.000Z</Time><Position><LatitudeDegrees>58.62523845737105</LatitudeDegrees><LongitudeDegrees>59.78973479673658</LongitudeDegrees></Position></Trackpoint><Trackpoint><Time>2026-08-11T13:25:00.000Z</Time><Position><LatitudeDegrees>58.625205993652344</LatitudeDegrees><LongitudeDegrees>59.78972244262695</LongitudeDegrees></Position></Trackpoint><Trackpoint><Time>2026-08-11T13:25:01.000Z</Time><Position><LatitudeDegrees>58.62519454956055</LatitudeDegrees><LongitudeDegrees>59.78972244262695</LongitudeDegrees></Position></Trackpoint><Trackpoint><Time>2026-08-11T13:25:02.000Z</Time><Position><LatitudeDegrees>58.62518310546875</LatitudeDegrees><LongitudeDegrees>59.78972244262695</LongitudeDegrees></Position></Trackpoint><Trackpoint><Time>2026-08-11T13:25:03.000Z</Time><Position><LatitudeDegrees>58.62516784667969</LatitudeDegrees><LongitudeDegrees>59.78971481323242</LongitudeDegrees></Position></Trackpoint><Trackpoint><Time>2026-08-11T13:25:04.000Z</Time><Position><LatitudeDegrees>58.625160217285156</LatitudeDegrees><LongitudeDegrees>59.789710998535156</LongitudeDegrees></Position></Trackpoint><Trackpoint><Time>2026-08-11T13:25:05.000Z</Time><Position><LatitudeDegrees>58.625152587890625</LatitudeDegrees><LongitudeDegrees>59.78970718383789</LongitudeDegrees></Position></Trackpoint><Trackpoint><Time>2026-08-11T13:25:06.000Z</Time><Position><LatitudeDegrees>58.62514114379883</LatitudeDegrees><LongitudeDegrees>59.78969955444336</LongitudeDegrees></Position></Trackpoint><Trackpoint><Time>2026-08-11T13:25:07.000Z</Time><Position><LatitudeDegrees>58.62514896836741</LatitudeDegrees><LongitudeDegrees>59.78970280478827</LongitudeDegrees></Position></Trackpoint><Trackpoint><Time>2026-08-11T13:25:08.000Z</Time><Position><LatitudeDegrees>58.62514239916771</LatitudeDegrees><LongitudeDegrees>59.789700041354614</LongitudeDegrees></Position></Trackpoint><Trackpoint><Time>2026-08-11T13:25:09.000Z</Time><Position><LatitudeDegrees>58.62510681152344</LatitudeDegrees><LongitudeDegrees>59.7896842956543</LongitudeDegrees></Position></Trackpoint><Trackpoint><Time>2026-08-11T13:25:10.000Z</Time><Position><LatitudeDegrees>58.625099182128906</LatitudeDegrees><LongitudeDegrees>59.789676666259766</LongitudeDegrees></Position></Trackpoint><Trackpoint><Time>2026-08-11T13:25:11.000Z</Time><Position><LatitudeDegrees>58.62510372460556</LatitudeDegrees><LongitudeDegrees>59.78967510889873</LongitudeDegrees></Position></Trackpoint><Trackpoint><Time>2026-08-11T13:25:12.000Z</Time><Position><LatitudeDegrees>58.62510540624015</LatitudeDegrees><LongitudeDegrees>59.78967574100684</LongitudeDegrees></Position></Trackpoint><Trackpoint><Time>2026-08-11T13:25:13.000Z</Time><Position><LatitudeDegrees>58.62506103515625</LatitudeDegrees><LongitudeDegrees>59.789615631103516</LongitudeDegrees></Position></Trackpoint><Trackpoint><Time>2026-08-11T13:25:14.000Z</Time><Position><LatitudeDegrees>58.62507794200408</LatitudeDegrees><LongitudeDegrees>59.78963491978951</LongitudeDegrees></Position></Trackpoint><Trackpoint><Time>2026-08-11T13:25:15.000Z</Time><Position><LatitudeDegrees>58.62504959106445</LatitudeDegrees><LongitudeDegrees>59.78957748413086</LongitudeDegrees></Position></Trackpoint><Trackpoint><Time>2026-08-11T13:25:16.000Z</Time><Position><LatitudeDegrees>58.625038146972656</LatitudeDegrees><LongitudeDegrees>59.78956604003906</LongitudeDegrees></Position></Trackpoint><Trackpoint><Time>2026-08-11T13:25:17.000Z</Time><Position><LatitudeDegrees>58.625030517578125</LatitudeDegrees><LongitudeDegrees>59.78955078125</LongitudeDegrees></Position></Trackpoint><Trackpoint><Time>2026-08-11T13:25:18.000Z</Time><Position><LatitudeDegrees>58.625022888183594</LatitudeDegrees><LongitudeDegrees>59.78953552246094</LongitudeDegrees></Position></Trackpoint><Trackpoint><Time>2026-08-11T13:25:19.000Z</Time><Position><LatitudeDegrees>58.6250114440918</LatitudeDegrees><LongitudeDegrees>59.789520263671875</LongitudeDegrees></Position></Trackpoint><Trackpoint><Time>2026-08-11T13:25:20.000Z</Time><Position><LatitudeDegrees>58.625</LatitudeDegrees><LongitudeDegrees>59.78950500488281</LongitudeDegrees></Position></Trackpoint><Trackpoint><Time>2026-08-11T13:25:21.000Z</Time><Position><LatitudeDegrees>58.62499237060547</LatitudeDegrees><LongitudeDegrees>59.78948974609375</LongitudeDegrees></Position></Trackpoint><Trackpoint><Time>2026-08-11T13:25:22.000Z</Time><Position><LatitudeDegrees>58.62498092651367</LatitudeDegrees><LongitudeDegrees>59.78947448730469</LongitudeDegrees></Position></Trackpoint><Trackpoint><Time>2026-08-11T13:25:23.000Z</Time><Position><LatitudeDegrees>58.62497329711914</LatitudeDegrees><LongitudeDegrees>59.78946304321289</LongitudeDegrees></Position></Trackpoint><Trackpoint><Time>2026-08-11T13:25:24.000Z</Time><Position><LatitudeDegrees>58.62498110853406</LatitudeDegrees><LongitudeDegrees>59.78947495132629</LongitudeDegrees></Position></Trackpoint><Trackpoint><Time>2026-08-11T13:25:25.000Z</Time><Position><LatitudeDegrees>58.62497780467828</LatitudeDegrees><LongitudeDegrees>59.789470630484466</LongitudeDegrees></Position></Trackpoint><Trackpoint><Time>2026-08-11T13:25:26.000Z</Time><Position><LatitudeDegrees>58.62495422363281</LatitudeDegrees><LongitudeDegrees>59.78944396972656</LongitudeDegrees></Position></Trackpoint><Trackpoint><Time>2026-08-11T13:25:27.000Z</Time><Position><LatitudeDegrees>58.62494659423828</LatitudeDegrees><LongitudeDegrees>59.78944396972656</LongitudeDegrees></Position></Trackpoint><Trackpoint><Time>2026-08-11T13:25:28.000Z</Time><Position><LatitudeDegrees>58.624950918587714</LatitudeDegrees><LongitudeDegrees>59.78945095224947</LongitudeDegrees></Position></Trackpoint><Trackpoint><Time>2026-08-11T13:25:29.000Z</Time><Position><LatitudeDegrees>58.62494950439623</LatitudeDegrees><LongitudeDegrees>59.789452830203665</LongitudeDegrees></Position></Trackpoint><Trackpoint><Time>2026-08-11T13:25:30.000Z</Time><Position><LatitudeDegrees>58.624935150146484</LatitudeDegrees><LongitudeDegrees>59.789459228515625</LongitudeDegrees></Position></Trackpoint><Trackpoint><Time>2026-08-11T13:25:31.000Z</Time><Position><LatitudeDegrees>58.624935150146484</LatitudeDegrees><LongitudeDegrees>59.789466857910156</LongitudeDegrees></Position></Trackpoint><Trackpoint><Time>2026-08-11T13:25:32.000Z</Time><Position><LatitudeDegrees>58.62492752075195</LatitudeDegrees><LongitudeDegrees>59.78948211669922</LongitudeDegrees></Position></Trackpoint><Trackpoint><Time>2026-08-11T13:25:33.000Z</Time><Position><LatitudeDegrees>58.6249342019421</LatitudeDegrees><LongitudeDegrees>59.789471040430755</LongitudeDegrees></Position></Trackpoint><Trackpoint><Time>2026-08-11T13:25:34.000Z</Time><Position><LatitudeDegrees>58.624916076660156</LatitudeDegrees><LongitudeDegrees>59.789520263671875</LongitudeDegrees></Position></Trackpoint><Trackpoint><Time>2026-08-11T13:25:35.000Z</Time><Position><LatitudeDegrees>58.624908447265625</LatitudeDegrees><LongitudeDegrees>59.78954315185547</LongitudeDegrees></Position></Trackpoint><Trackpoint><Time>2026-08-11T13:25:36.000Z</Time><Position><LatitudeDegrees>58.62490463256836</LatitudeDegrees><LongitudeDegrees>59.78955841064453</LongitudeDegrees></Position></Trackpoint><Trackpoint><Time>2026-08-11T13:25:37.000Z</Time><Position><LatitudeDegrees>58.62490463256836</LatitudeDegrees><LongitudeDegrees>59.78956604003906</LongitudeDegrees></Position></Trackpoint><Trackpoint><Time>2026-08-11T13:25:38.000Z</Time><Position><LatitudeDegrees>58.624900817871094</LatitudeDegrees><LongitudeDegrees>59.789573669433594</LongitudeDegrees></Position></Trackpoint><Trackpoint><Time>2026-08-11T13:25:39.000Z</Time><Position><LatitudeDegrees>58.62489700317383</LatitudeDegrees><LongitudeDegrees>59.78958511352539</LongitudeDegrees></Position></Trackpoint><Trackpoint><Time>2026-08-11T13:25:40.000Z</Time><Position><LatitudeDegrees>58.6248893737793</LatitudeDegrees><LongitudeDegrees>59.78959274291992</LongitudeDegrees></Position></Trackpoint><Trackpoint><Time>2026-08-11T13:25:41.000Z</Time><Position><LatitudeDegrees>58.6248893737793</LatitudeDegrees><LongitudeDegrees>59.78960418701172</LongitudeDegrees></Position></Trackpoint><Trackpoint><Time>2026-08-11T13:25:42.000Z</Time><Position><LatitudeDegrees>58.6248893737793</LatitudeDegrees><LongitudeDegrees>59.78962326049805</LongitudeDegrees></Position></Trackpoint><Trackpoint><Time>2026-08-11T13:25:43.000Z</Time><Position><LatitudeDegrees>58.624890715527414</LatitudeDegrees><LongitudeDegrees>59.7896048477953</LongitudeDegrees></Position></Trackpoint><Trackpoint><Time>2026-08-11T13:25:44.000Z</Time><Position><LatitudeDegrees>58.62485885620117</LatitudeDegrees><LongitudeDegrees>59.78966522216797</LongitudeDegrees></Position></Trackpoint><Trackpoint><Time>2026-08-11T13:25:45.000Z</Time><Position><LatitudeDegrees>58.624847412109375</LatitudeDegrees><LongitudeDegrees>59.78968811035156</LongitudeDegrees></Position></Trackpoint><Trackpoint><Time>2026-08-11T13:25:46.000Z</Time><Position><LatitudeDegrees>58.62485801313621</LatitudeDegrees><LongitudeDegrees>59.78966835486571</LongitudeDegrees></Position></Trackpoint><Trackpoint><Time>2026-08-11T13:25:47.000Z</Time><Position><LatitudeDegrees>58.62485122680664</LatitudeDegrees><LongitudeDegrees>59.78965759277344</LongitudeDegrees></Position></Trackpoint><Trackpoint><Time>2026-08-11T13:25:48.000Z</Time><Position><LatitudeDegrees>58.624858609066344</LatitudeDegrees><LongitudeDegrees>59.78965593260294</LongitudeDegrees></Position></Trackpoint><Trackpoint><Time>2026-08-11T13:25:49.000Z</Time><Position><LatitudeDegrees>58.62485885620117</LatitudeDegrees><LongitudeDegrees>59.78961181640625</LongitudeDegrees></Position></Trackpoint><Trackpoint><Time>2026-08-11T13:25:50.000Z</Time><Position><LatitudeDegrees>58.62485844439645</LatitudeDegrees><LongitudeDegrees>59.789635405407566</LongitudeDegrees></Position></Trackpoint><Trackpoint><Time>2026-08-11T13:25:51.000Z</Time><Position><LatitudeDegrees>58.624881744384766</LatitudeDegrees><LongitudeDegrees>59.78957748413086</LongitudeDegrees></Position></Trackpoint><Trackpoint><Time>2026-08-11T13:25:52.000Z</Time><Position><LatitudeDegrees>58.6248893737793</LatitudeDegrees><LongitudeDegrees>59.78956985473633</LongitudeDegrees></Position></Trackpoint><Trackpoint><Time>2026-08-11T13:25:53.000Z</Time><Position><LatitudeDegrees>58.624875719796904</LatitudeDegrees><LongitudeDegrees>59.7895926449799</LongitudeDegrees></Position></Trackpoint><Trackpoint><Time>2026-08-11T13:25:53.000Z</Time><Position><LatitudeDegrees>58.62487030029297</LatitudeDegrees><LongitudeDegrees>59.78955078125</LongitudeDegrees></Position></Trackpoint><Trackpoint><Time>2026-08-11T13:25:55.000Z</Time><Position><LatitudeDegrees>58.6248664855957</LatitudeDegrees><LongitudeDegrees>59.78953552246094</LongitudeDegrees></Position></Trackpoint><Trackpoint><Time>2026-08-11T13:25:56.000Z</Time><Position><LatitudeDegrees>58.62486715230191</LatitudeDegrees><LongitudeDegrees>59.78954731597114</LongitudeDegrees></Position></Trackpoint><Trackpoint><Time>2026-08-11T13:25:57.000Z</Time><Position><LatitudeDegrees>58.6248664855957</LatitudeDegrees><LongitudeDegrees>59.78952407836914</LongitudeDegrees></Position></Trackpoint><Trackpoint><Time>2026-08-11T13:25:58.000Z</Time><Position><LatitudeDegrees>58.624881744384766</LatitudeDegrees><LongitudeDegrees>59.78950500488281</LongitudeDegrees></Position></Trackpoint><Trackpoint><Time>2026-08-11T13:25:59.000Z</Time><Position><LatitudeDegrees>58.62487030029297</LatitudeDegrees><LongitudeDegrees>59.78950500488281</LongitudeDegrees></Position></Trackpoint><Trackpoint><Time>2026-08-11T13:26:00.000Z</Time><Position><LatitudeDegrees>58.624872460314016</LatitudeDegrees><LongitudeDegrees>59.789508520508754</LongitudeDegrees></Position></Trackpoint><Trackpoint><Time>2026-08-11T13:26:01.000Z</Time><Position><LatitudeDegrees>58.6248664855957</LatitudeDegrees><LongitudeDegrees>59.789485931396484</LongitudeDegrees></Position></Trackpoint><Trackpoint><Time>2026-08-11T13:26:02.000Z</Time><Position><LatitudeDegrees>58.62486878424946</LatitudeDegrees><LongitudeDegrees>59.78950153073236</LongitudeDegrees></Position></Trackpoint><Trackpoint><Time>2026-08-11T13:26:02.000Z</Time><Position><LatitudeDegrees>58.624855041503906</LatitudeDegrees><LongitudeDegrees>59.789485931396484</LongitudeDegrees></Position></Trackpoint><Trackpoint><Time>2026-08-11T13:26:04.000Z</Time><Position><LatitudeDegrees>58.62485122680664</LatitudeDegrees><LongitudeDegrees>59.78948211669922</LongitudeDegrees></Position></Trackpoint><Trackpoint><Time>2026-08-11T13:26:05.000Z</Time><Position><LatitudeDegrees>58.624839782714844</LatitudeDegrees><LongitudeDegrees>59.78947448730469</LongitudeDegrees></Position></Trackpoint><Trackpoint><Time>2026-08-11T13:26:06.000Z</Time><Position><LatitudeDegrees>58.62482833862305</LatitudeDegrees><LongitudeDegrees>59.789466857910156</LongitudeDegrees></Position></Trackpoint><Trackpoint><Time>2026-08-11T13:26:07.000Z</Time><Position><LatitudeDegrees>58.62481689453125</LatitudeDegrees><LongitudeDegrees>59.789459228515625</LongitudeDegrees></Position></Trackpoint><Trackpoint><Time>2026-08-11T13:26:08.000Z</Time><Position><LatitudeDegrees>58.62480545043945</LatitudeDegrees><LongitudeDegrees>59.78944778442383</LongitudeDegrees></Position></Trackpoint><Trackpoint><Time>2026-08-11T13:26:09.000Z</Time><Position><LatitudeDegrees>58.62479019165039</LatitudeDegrees><LongitudeDegrees>59.78943634033203</LongitudeDegrees></Position></Trackpoint><Trackpoint><Time>2026-08-11T13:26:10.000Z</Time><Position><LatitudeDegrees>58.62480801267385</LatitudeDegrees><LongitudeDegrees>59.789450242911286</LongitudeDegrees></Position></Trackpoint><Trackpoint><Time>2026-08-11T13:26:11.000Z</Time><Position><LatitudeDegrees>58.62476348876953</LatitudeDegrees><LongitudeDegrees>59.789424896240234</LongitudeDegrees></Position></Trackpoint><Trackpoint><Time>2026-08-11T13:26:12.000Z</Time><Position><LatitudeDegrees>58.624752044677734</LatitudeDegrees><LongitudeDegrees>59.78942108154297</LongitudeDegrees></Position></Trackpoint><Trackpoint><Time>2026-08-11T13:26:13.000Z</Time><Position><LatitudeDegrees>58.62474060058594</LatitudeDegrees><LongitudeDegrees>59.78942108154297</LongitudeDegrees></Position></Trackpoint><Trackpoint><Time>2026-08-11T13:26:14.000Z</Time><Position><LatitudeDegrees>58.62473678588867</LatitudeDegrees><LongitudeDegrees>59.78942108154297</LongitudeDegrees></Position></Trackpoint><Trackpoint><Time>2026-08-11T13:26:14.000Z</Time><Position><LatitudeDegrees>58.624725341796875</LatitudeDegrees><LongitudeDegrees>59.78941345214844</LongitudeDegrees></Position></Trackpoint><Trackpoint><Time>2026-08-11T13:26:16.000Z</Time><Position><LatitudeDegrees>58.624717712402344</LatitudeDegrees><LongitudeDegrees>59.78940963745117</LongitudeDegrees></Position></Trackpoint><Trackpoint><Time>2026-08-11T13:26:17.000Z</Time><Position><LatitudeDegrees>58.62470626831055</LatitudeDegrees><LongitudeDegrees>59.78940200805664</LongitudeDegrees></Position></Trackpoint><Trackpoint><Time>2026-08-11T13:26:18.000Z</Time><Position><LatitudeDegrees>58.624691009521484</LatitudeDegrees><LongitudeDegrees>59.789398193359375</LongitudeDegrees></Position></Trackpoint><Trackpoint><Time>2026-08-11T13:26:19.000Z</Time><Position><LatitudeDegrees>58.62467575073242</LatitudeDegrees><LongitudeDegrees>59.78939437866211</LongitudeDegrees></Position></Trackpoint><Trackpoint><Time>2026-08-11T13:26:20.000Z</Time><Position><LatitudeDegrees>58.624664306640625</LatitudeDegrees><LongitudeDegrees>59.78938674926758</LongitudeDegrees></Position></Trackpoint><Trackpoint><Time>2026-08-11T13:26:21.000Z</Time><Position><LatitudeDegrees>58.6246452331543</LatitudeDegrees><LongitudeDegrees>59.78937530517578</LongitudeDegrees></Position></Trackpoint><Trackpoint><Time>2026-08-11T13:26:22.000Z</Time><Position><LatitudeDegrees>58.624637603759766</LatitudeDegrees><LongitudeDegrees>59.78937530517578</LongitudeDegrees></Position></Trackpoint><Trackpoint><Time>2026-08-11T13:26:22.000Z</Time><Position><LatitudeDegrees>58.624646258976846</LatitudeDegrees><LongitudeDegrees>59.78937962930324</LongitudeDegrees></Position></Trackpoint><Trackpoint><Time>2026-08-11T13:26:23.000Z</Time><Position><LatitudeDegrees>58.62461471557617</LatitudeDegrees><LongitudeDegrees>59.78936004638672</LongitudeDegrees></Position></Trackpoint><Trackpoint><Time>2026-08-11T13:26:24.000Z</Time><Position><LatitudeDegrees>58.62462359754167</LatitudeDegrees><LongitudeDegrees>59.78936263717549</LongitudeDegrees></Position></Trackpoint><Trackpoint><Time>2026-08-11T13:26:25.000Z</Time><Position><LatitudeDegrees>58.62461826103466</LatitudeDegrees><LongitudeDegrees>59.789356251110675</LongitudeDegrees></Position></Trackpoint><Trackpoint><Time>2026-08-11T13:26:27.000Z</Time><Position><LatitudeDegrees>58.62458801269531</LatitudeDegrees><LongitudeDegrees>59.78932189941406</LongitudeDegrees></Position></Trackpoint><Trackpoint><Time>2026-08-11T13:26:27.000Z</Time><Position><LatitudeDegrees>58.62459580981851</LatitudeDegrees><LongitudeDegrees>59.78932888794729</LongitudeDegrees></Position></Trackpoint><Trackpoint><Time>2026-08-11T13:26:28.000Z</Time><Position><LatitudeDegrees>58.62459369975408</LatitudeDegrees><LongitudeDegrees>59.789321651829916</LongitudeDegrees></Position></Trackpoint><Trackpoint><Time>2026-08-11T13:26:29.000Z</Time><Position><LatitudeDegrees>58.62458038330078</LatitudeDegrees><LongitudeDegrees>59.789268493652344</LongitudeDegrees></Position></Trackpoint><Trackpoint><Time>2026-08-11T13:26:30.000Z</Time><Position><LatitudeDegrees>58.62458253091573</LatitudeDegrees><LongitudeDegrees>59.78928099907392</LongitudeDegrees></Position></Trackpoint><Trackpoint><Time>2026-08-11T13:26:32.000Z</Time><Position><LatitudeDegrees>58.62457275390625</LatitudeDegrees><LongitudeDegrees>59.78922653198242</LongitudeDegrees></Position></Trackpoint><Trackpoint><Time>2026-08-11T13:26:32.000Z</Time><Position><LatitudeDegrees>58.624568939208984</LatitudeDegrees><LongitudeDegrees>59.789207458496094</LongitudeDegrees></Position></Trackpoint><Trackpoint><Time>2026-08-11T13:26:33.000Z</Time><Position><LatitudeDegrees>58.62456512451172</LatitudeDegrees><LongitudeDegrees>59.789180755615234</LongitudeDegrees></Position></Trackpoint><Trackpoint><Time>2026-08-11T13:26:34.000Z</Time><Position><LatitudeDegrees>58.62455368041992</LatitudeDegrees><LongitudeDegrees>59.789154052734375</LongitudeDegrees></Position></Trackpoint><Trackpoint><Time>2026-08-11T13:26:35.000Z</Time><Position><LatitudeDegrees>58.624549865722656</LatitudeDegrees><LongitudeDegrees>59.78913879394531</LongitudeDegrees></Position></Trackpoint><Trackpoint><Time>2026-08-11T13:26:36.000Z</Time><Position><LatitudeDegrees>58.62454605102539</LatitudeDegrees><LongitudeDegrees>59.78912353515625</LongitudeDegrees></Position></Trackpoint><Trackpoint><Time>2026-08-11T13:26:37.000Z</Time><Position><LatitudeDegrees>58.624542236328125</LatitudeDegrees><LongitudeDegrees>59.78910827636719</LongitudeDegrees></Position></Trackpoint><Trackpoint><Time>2026-08-11T13:26:38.000Z</Time><Position><LatitudeDegrees>58.624542236328125</LatitudeDegrees><LongitudeDegrees>59.789085388183594</LongitudeDegrees></Position></Trackpoint><Trackpoint><Time>2026-08-11T13:26:39.000Z</Time><Position><LatitudeDegrees>58.62454585723619</LatitudeDegrees><LongitudeDegrees>59.789114986735484</LongitudeDegrees></Position></Trackpoint><Trackpoint><Time>2026-08-11T13:26:40.000Z</Time><Position><LatitudeDegrees>58.62453909344178</LatitudeDegrees><LongitudeDegrees>59.789093449676855</LongitudeDegrees></Position></Trackpoint><Trackpoint><Time>2026-08-11T13:26:41.000Z</Time><Position><LatitudeDegrees>58.624515533447266</LatitudeDegrees><LongitudeDegrees>59.789039611816406</LongitudeDegrees></Position></Trackpoint><Trackpoint><Time>2026-08-11T13:26:42.000Z</Time><Position><LatitudeDegrees>58.62450408935547</LatitudeDegrees><LongitudeDegrees>59.789031982421875</LongitudeDegrees></Position></Trackpoint><Trackpoint><Time>2026-08-11T13:26:43.000Z</Time><Position><LatitudeDegrees>58.62449645996094</LatitudeDegrees><LongitudeDegrees>59.78901290893555</LongitudeDegrees></Position></Trackpoint><Trackpoint><Time>2026-08-11T13:26:44.000Z</Time><Position><LatitudeDegrees>58.62450916620148</LatitudeDegrees><LongitudeDegrees>59.78903539164094</LongitudeDegrees></Position></Trackpoint><Trackpoint><Time>2026-08-11T13:26:46.000Z</Time><Position><LatitudeDegrees>58.62448501586914</LatitudeDegrees><LongitudeDegrees>59.78896713256836</LongitudeDegrees></Position></Trackpoint><Trackpoint><Time>2026-08-11T13:26:47.000Z</Time><Position><LatitudeDegrees>58.624481201171875</LatitudeDegrees><LongitudeDegrees>59.7889518737793</LongitudeDegrees></Position></Trackpoint><Trackpoint><Time>2026-08-11T13:26:48.000Z</Time><Position><LatitudeDegrees>58.624473571777344</LatitudeDegrees><LongitudeDegrees>59.7889289855957</LongitudeDegrees></Position></Trackpoint><Trackpoint><Time>2026-08-11T13:26:49.000Z</Time><Position><LatitudeDegrees>58.62446975708008</LatitudeDegrees><LongitudeDegrees>59.788909912109375</LongitudeDegrees></Position></Trackpoint><Trackpoint><Time>2026-08-11T13:26:50.000Z</Time><Position><LatitudeDegrees>58.624473886803735</LatitudeDegrees><LongitudeDegrees>59.788925634052596</LongitudeDegrees></Position></Trackpoint><Trackpoint><Time>2026-08-11T13:26:51.000Z</Time><Position><LatitudeDegrees>58.624454498291016</LatitudeDegrees><LongitudeDegrees>59.78887176513672</LongitudeDegrees></Position></Trackpoint><Trackpoint><Time>2026-08-11T13:26:52.000Z</Time><Position><LatitudeDegrees>58.62445068359375</LatitudeDegrees><LongitudeDegrees>59.78885269165039</LongitudeDegrees></Position></Trackpoint><Trackpoint><Time>2026-08-11T13:26:53.000Z</Time><Position><LatitudeDegrees>58.62444305419922</LatitudeDegrees><LongitudeDegrees>59.78883743286133</LongitudeDegrees></Position></Trackpoint><Trackpoint><Time>2026-08-11T13:26:54.000Z</Time><Position><LatitudeDegrees>58.624447656070444</LatitudeDegrees><LongitudeDegrees>59.78885219211555</LongitudeDegrees></Position></Trackpoint><Trackpoint><Time>2026-08-11T13:26:55.000Z</Time><Position><LatitudeDegrees>58.624447985478554</LatitudeDegrees><LongitudeDegrees>59.7888549024308</LongitudeDegrees></Position></Trackpoint><Trackpoint><Time>2026-08-11T13:26:56.000Z</Time><Position><LatitudeDegrees>58.62443187475985</LatitudeDegrees><LongitudeDegrees>59.78883502611412</LongitudeDegrees></Position></Trackpoint><Trackpoint><Time>2026-08-11T13:26:57.000Z</Time><Position><LatitudeDegrees>58.624427481723956</LatitudeDegrees><LongitudeDegrees>59.78884407407955</LongitudeDegrees></Position></Trackpoint><Trackpoint><Time>2026-08-11T13:26:58.000Z</Time><Position><LatitudeDegrees>58.624393463134766</LatitudeDegrees><LongitudeDegrees>59.788848876953125</LongitudeDegrees></Position></Trackpoint><Trackpoint><Time>2026-08-11T13:26:59.000Z</Time><Position><LatitudeDegrees>58.6243782043457</LatitudeDegrees><LongitudeDegrees>59.788856506347656</LongitudeDegrees></Position></Trackpoint><Trackpoint><Time>2026-08-11T13:27:00.000Z</Time><Position><LatitudeDegrees>58.624366760253906</LatitudeDegrees><LongitudeDegrees>59.78886413574219</LongitudeDegrees></Position></Trackpoint><Trackpoint><Time>2026-08-11T13:27:01.000Z</Time><Position><LatitudeDegrees>58.624351501464844</LatitudeDegrees><LongitudeDegrees>59.78887176513672</LongitudeDegrees></Position></Trackpoint><Trackpoint><Time>2026-08-11T13:27:02.000Z</Time><Position><LatitudeDegrees>58.624371941071566</LatitudeDegrees><LongitudeDegrees>59.78886148224179</LongitudeDegrees></Position></Trackpoint><Trackpoint><Time>2026-08-11T13:27:03.000Z</Time><Position><LatitudeDegrees>58.62434005737305</LatitudeDegrees><LongitudeDegrees>59.78885269165039</LongitudeDegrees></Position></Trackpoint><Trackpoint><Time>2026-08-11T13:27:04.000Z</Time><Position><LatitudeDegrees>58.62434005737305</LatitudeDegrees><LongitudeDegrees>59.78883743286133</LongitudeDegrees></Position></Trackpoint><Trackpoint><Time>2026-08-11T13:27:05.000Z</Time><Position><LatitudeDegrees>58.624349867534136</LatitudeDegrees><LongitudeDegrees>59.78884726484805</LongitudeDegrees></Position></Trackpoint><Trackpoint><Time>2026-08-11T13:27:06.000Z</Time><Position><LatitudeDegrees>58.624324798583984</LatitudeDegrees><LongitudeDegrees>59.78880310058594</LongitudeDegrees></Position></Trackpoint><Trackpoint><Time>2026-08-11T13:27:07.000Z</Time><Position><LatitudeDegrees>58.624324798583984</LatitudeDegrees><LongitudeDegrees>59.788787841796875</LongitudeDegrees></Position></Trackpoint><Trackpoint><Time>2026-08-11T13:27:08.000Z</Time><Position><LatitudeDegrees>58.62432098388672</LatitudeDegrees><LongitudeDegrees>59.78877258300781</LongitudeDegrees></Position></Trackpoint><Trackpoint><Time>2026-08-11T13:27:09.000Z</Time><Position><LatitudeDegrees>58.62431716918945</LatitudeDegrees><LongitudeDegrees>59.78875732421875</LongitudeDegrees></Position></Trackpoint><Trackpoint><Time>2026-08-11T13:27:10.000Z</Time><Position><LatitudeDegrees>58.62430953979492</LatitudeDegrees><LongitudeDegrees>59.78873825073242</LongitudeDegrees></Position></Trackpoint><Trackpoint><Time>2026-08-11T13:27:11.000Z</Time><Position><LatitudeDegrees>58.624305725097656</LatitudeDegrees><LongitudeDegrees>59.788719177246094</LongitudeDegrees></Position></Trackpoint><Trackpoint><Time>2026-08-11T13:27:12.000Z</Time><Position><LatitudeDegrees>58.624298095703125</LatitudeDegrees><LongitudeDegrees>59.7887077331543</LongitudeDegrees></Position></Trackpoint><Trackpoint><Time>2026-08-11T13:27:13.000Z</Time><Position><LatitudeDegrees>58.624290466308594</LatitudeDegrees><LongitudeDegrees>59.7886848449707</LongitudeDegrees></Position></Trackpoint><Trackpoint><Time>2026-08-11T13:27:14.000Z</Time><Position><LatitudeDegrees>58.62428665161133</LatitudeDegrees><LongitudeDegrees>59.788665771484375</LongitudeDegrees></Position></Trackpoint><Trackpoint><Time>2026-08-11T13:27:15.000Z</Time><Position><LatitudeDegrees>58.6242790222168</LatitudeDegrees><LongitudeDegrees>59.78864669799805</LongitudeDegrees></Position></Trackpoint><Trackpoint><Time>2026-08-11T13:27:16.000Z</Time><Position><LatitudeDegrees>58.62428349754007</LatitudeDegrees><LongitudeDegrees>59.78866126409376</LongitudeDegrees></Position></Trackpoint><Trackpoint><Time>2026-08-11T13:27:17.000Z</Time><Position><LatitudeDegrees>58.62425994873047</LatitudeDegrees><LongitudeDegrees>59.788612365722656</LongitudeDegrees></Position></Trackpoint><Trackpoint><Time>2026-08-11T13:27:18.000Z</Time><Position><LatitudeDegrees>58.6242561340332</LatitudeDegrees><LongitudeDegrees>59.78859329223633</LongitudeDegrees></Position></Trackpoint><Trackpoint><Time>2026-08-11T13:27:19.000Z</Time><Position><LatitudeDegrees>58.62424850463867</LatitudeDegrees><LongitudeDegrees>59.78857421875</LongitudeDegrees></Position></Trackpoint><Trackpoint><Time>2026-08-11T13:27:20.000Z</Time><Position><LatitudeDegrees>58.62424087524414</LatitudeDegrees><LongitudeDegrees>59.78855514526367</LongitudeDegrees></Position></Trackpoint><Trackpoint><Time>2026-08-11T13:27:21.000Z</Time><Position><LatitudeDegrees>58.624237060546875</LatitudeDegrees><LongitudeDegrees>59.78853225708008</LongitudeDegrees></Position></Trackpoint><Trackpoint><Time>2026-08-11T13:27:22.000Z</Time><Position><LatitudeDegrees>58.624229431152344</LatitudeDegrees><LongitudeDegrees>59.78851318359375</LongitudeDegrees></Position></Trackpoint><Trackpoint><Time>2026-08-11T13:27:23.000Z</Time><Position><LatitudeDegrees>58.62421798706055</LatitudeDegrees><LongitudeDegrees>59.78849411010742</LongitudeDegrees></Position></Trackpoint><Trackpoint><Time>2026-08-11T13:27:24.000Z</Time><Position><LatitudeDegrees>58.62420654296875</LatitudeDegrees><LongitudeDegrees>59.788475036621094</LongitudeDegrees></Position></Trackpoint><Trackpoint><Time>2026-08-11T13:27:25.000Z</Time><Position><LatitudeDegrees>58.62421612341079</LatitudeDegrees><LongitudeDegrees>59.788490687684636</LongitudeDegrees></Position></Trackpoint><Trackpoint><Time>2026-08-11T13:27:26.000Z</Time><Position><LatitudeDegrees>58.624207172656796</LatitudeDegrees><LongitudeDegrees>59.788471270777826</LongitudeDegrees></Position></Trackpoint><Trackpoint><Time>2026-08-11T13:27:27.000Z</Time><Position><LatitudeDegrees>58.62417984008789</LatitudeDegrees><LongitudeDegrees>59.78842544555664</LongitudeDegrees></Position></Trackpoint><Trackpoint><Time>2026-08-11T13:27:28.000Z</Time><Position><LatitudeDegrees>58.624168395996094</LatitudeDegrees><LongitudeDegrees>59.78841781616211</LongitudeDegrees></Position></Trackpoint><Trackpoint><Time>2026-08-11T13:27:29.000Z</Time><Position><LatitudeDegrees>58.62416076660156</LatitudeDegrees><LongitudeDegrees>59.78840637207031</LongitudeDegrees></Position></Trackpoint><Trackpoint><Time>2026-08-11T13:27:30.000Z</Time><Position><LatitudeDegrees>58.62415313720703</LatitudeDegrees><LongitudeDegrees>59.788394927978516</LongitudeDegrees></Position></Trackpoint><Trackpoint><Time>2026-08-11T13:27:31.000Z</Time><Position><LatitudeDegrees>58.624141693115234</LatitudeDegrees><LongitudeDegrees>59.78837966918945</LongitudeDegrees></Position></Trackpoint><Trackpoint><Time>2026-08-11T13:27:32.000Z</Time><Position><LatitudeDegrees>58.62413024902344</LatitudeDegrees><LongitudeDegrees>59.78835678100586</LongitudeDegrees></Position></Trackpoint><Trackpoint><Time>2026-08-11T13:27:33.000Z</Time><Position><LatitudeDegrees>58.624122619628906</LatitudeDegrees><LongitudeDegrees>59.7883415222168</LongitudeDegrees></Position></Trackpoint><Trackpoint><Time>2026-08-11T13:27:34.000Z</Time><Position><LatitudeDegrees>58.62411117553711</LatitudeDegrees><LongitudeDegrees>59.788330078125</LongitudeDegrees></Position></Trackpoint><Trackpoint><Time>2026-08-11T13:27:35.000Z</Time><Position><LatitudeDegrees>58.62409973144531</LatitudeDegrees><LongitudeDegrees>59.78831100463867</LongitudeDegrees></Position></Trackpoint><Trackpoint><Time>2026-08-11T13:27:36.000Z</Time><Position><LatitudeDegrees>58.624088287353516</LatitudeDegrees><LongitudeDegrees>59.788291931152344</LongitudeDegrees></Position></Trackpoint><Trackpoint><Time>2026-08-11T13:27:37.000Z</Time><Position><LatitudeDegrees>58.624080657958984</LatitudeDegrees><LongitudeDegrees>59.788272857666016</LongitudeDegrees></Position></Trackpoint><Trackpoint><Time>2026-08-11T13:27:38.000Z</Time><Position><LatitudeDegrees>58.624061584472656</LatitudeDegrees><LongitudeDegrees>59.78826141357422</LongitudeDegrees></Position></Trackpoint><Trackpoint><Time>2026-08-11T13:27:39.000Z</Time><Position><LatitudeDegrees>58.624053955078125</LatitudeDegrees><LongitudeDegrees>59.788246154785156</LongitudeDegrees></Position></Trackpoint><Trackpoint><Time>2026-08-11T13:27:40.000Z</Time><Position><LatitudeDegrees>58.62405014038086</LatitudeDegrees><LongitudeDegrees>59.78823471069336</LongitudeDegrees></Position></Trackpoint><Trackpoint><Time>2026-08-11T13:27:41.000Z</Time><Position><LatitudeDegrees>58.62403869628906</LatitudeDegrees><LongitudeDegrees>59.7882194519043</LongitudeDegrees></Position></Trackpoint><Trackpoint><Time>2026-08-11T13:27:42.000Z</Time><Position><LatitudeDegrees>58.6240348815918</LatitudeDegrees><LongitudeDegrees>59.78820037841797</LongitudeDegrees></Position></Trackpoint><Trackpoint><Time>2026-08-11T13:27:43.000Z</Time><Position><LatitudeDegrees>58.6240234375</LatitudeDegrees><LongitudeDegrees>59.788185119628906</LongitudeDegrees></Position></Trackpoint><Trackpoint><Time>2026-08-11T13:27:44.000Z</Time><Position><LatitudeDegrees>58.62400817871094</LatitudeDegrees><LongitudeDegrees>59.78816604614258</LongitudeDegrees></Position></Trackpoint><Trackpoint><Time>2026-08-11T13:27:45.000Z</Time><Position><LatitudeDegrees>58.62399673461914</LatitudeDegrees><LongitudeDegrees>59.78814697265625</LongitudeDegrees></Position></Trackpoint><Trackpoint><Time>2026-08-11T13:27:46.000Z</Time><Position><LatitudeDegrees>58.623985290527344</LatitudeDegrees><LongitudeDegrees>59.78813171386719</LongitudeDegrees></Position></Trackpoint><Trackpoint><Time>2026-08-11T13:27:47.000Z</Time><Position><LatitudeDegrees>58.62397766113281</LatitudeDegrees><LongitudeDegrees>59.78812026977539</LongitudeDegrees></Position></Trackpoint><Trackpoint><Time>2026-08-11T13:27:48.000Z</Time><Position><LatitudeDegrees>58.623966217041016</LatitudeDegrees><LongitudeDegrees>59.78810501098633</LongitudeDegrees></Position></Trackpoint><Trackpoint><Time>2026-08-11T13:27:49.000Z</Time><Position><LatitudeDegrees>58.62397421443648</LatitudeDegrees><LongitudeDegrees>59.78811546107252</LongitudeDegrees></Position></Trackpoint><Trackpoint><Time>2026-08-11T13:27:50.000Z</Time><Position><LatitudeDegrees>58.623970250270176</LatitudeDegrees><LongitudeDegrees>59.78811020282856</LongitudeDegrees></Position></Trackpoint><Trackpoint><Time>2026-08-11T13:27:51.000Z</Time><Position><LatitudeDegrees>58.62395513889359</LatitudeDegrees><LongitudeDegrees>59.78809467637007</LongitudeDegrees></Position></Trackpoint><Trackpoint><Time>2026-08-11T13:27:52.000Z</Time><Position><LatitudeDegrees>58.62391662597656</LatitudeDegrees><LongitudeDegrees>59.78806686401367</LongitudeDegrees></Position></Trackpoint><Trackpoint><Time>2026-08-11T13:27:53.000Z</Time><Position><LatitudeDegrees>58.623926510227456</LatitudeDegrees><LongitudeDegrees>59.788074462061495</LongitudeDegrees></Position></Trackpoint><Trackpoint><Time>2026-08-11T13:27:54.000Z</Time><Position><LatitudeDegrees>58.6238899230957</LatitudeDegrees><LongitudeDegrees>59.78805923461914</LongitudeDegrees></Position></Trackpoint><Trackpoint><Time>2026-08-11T13:27:55.000Z</Time><Position><LatitudeDegrees>58.623878479003906</LatitudeDegrees><LongitudeDegrees>59.78805160522461</LongitudeDegrees></Position></Trackpoint><Trackpoint><Time>2026-08-11T13:27:56.000Z</Time><Position><LatitudeDegrees>58.623863220214844</LatitudeDegrees><LongitudeDegrees>59.78804016113281</LongitudeDegrees></Position></Trackpoint><Trackpoint><Time>2026-08-11T13:27:57.000Z</Time><Position><LatitudeDegrees>58.62384796142578</LatitudeDegrees><LongitudeDegrees>59.78803634643555</LongitudeDegrees></Position></Trackpoint><Trackpoint><Time>2026-08-11T13:27:58.000Z</Time><Position><LatitudeDegrees>58.62383270263672</LatitudeDegrees><LongitudeDegrees>59.78803634643555</LongitudeDegrees></Position></Trackpoint><Trackpoint><Time>2026-08-11T13:27:59.000Z</Time><Position><LatitudeDegrees>58.62385410012506</LatitudeDegrees><LongitudeDegrees>59.788042405043086</LongitudeDegrees></Position></Trackpoint><Trackpoint><Time>2026-08-11T13:28:00.000Z</Time><Position><LatitudeDegrees>58.623802185058594</LatitudeDegrees><LongitudeDegrees>59.78803253173828</LongitudeDegrees></Position></Trackpoint><Trackpoint><Time>2026-08-11T13:28:01.000Z</Time><Position><LatitudeDegrees>58.6237907409668</LatitudeDegrees><LongitudeDegrees>59.788028717041016</LongitudeDegrees></Position></Trackpoint><Trackpoint><Time>2026-08-11T13:28:02.000Z</Time><Position><LatitudeDegrees>58.62379965681452</LatitudeDegrees><LongitudeDegrees>59.78803048724455</LongitudeDegrees></Position></Trackpoint><Trackpoint><Time>2026-08-11T13:28:03.000Z</Time><Position><LatitudeDegrees>58.62379368736091</LatitudeDegrees><LongitudeDegrees>59.788030440151324</LongitudeDegrees></Position></Trackpoint><Trackpoint><Time>2026-08-11T13:28:04.000Z</Time><Position><LatitudeDegrees>58.623748779296875</LatitudeDegrees><LongitudeDegrees>59.78803634643555</LongitudeDegrees></Position></Trackpoint><Trackpoint><Time>2026-08-11T13:28:05.000Z</Time><Position><LatitudeDegrees>58.62373352050781</LatitudeDegrees><LongitudeDegrees>59.78803253173828</LongitudeDegrees></Position></Trackpoint><Trackpoint><Time>2026-08-11T13:28:06.000Z</Time><Position><LatitudeDegrees>58.62371826171875</LatitudeDegrees><LongitudeDegrees>59.78804016113281</LongitudeDegrees></Position></Trackpoint><Trackpoint><Time>2026-08-11T13:28:07.000Z</Time><Position><LatitudeDegrees>58.62373209533281</LatitudeDegrees><LongitudeDegrees>59.788035658894046</LongitudeDegrees></Position></Trackpoint><Trackpoint><Time>2026-08-11T13:28:08.000Z</Time><Position><LatitudeDegrees>58.623695373535156</LatitudeDegrees><LongitudeDegrees>59.78803253173828</LongitudeDegrees></Position></Trackpoint><Trackpoint><Time>2026-08-11T13:28:09.000Z</Time><Position><LatitudeDegrees>58.62368392944336</LatitudeDegrees><LongitudeDegrees>59.78802490234375</LongitudeDegrees></Position></Trackpoint><Trackpoint><Time>2026-08-11T13:28:10.000Z</Time><Position><LatitudeDegrees>58.62366485595703</LatitudeDegrees><LongitudeDegrees>59.788021087646484</LongitudeDegrees></Position></Trackpoint><Trackpoint><Time>2026-08-11T13:28:11.000Z</Time><Position><LatitudeDegrees>58.6236457824707</LatitudeDegrees><LongitudeDegrees>59.788021087646484</LongitudeDegrees></Position></Trackpoint><Trackpoint><Time>2026-08-11T13:28:12.000Z</Time><Position><LatitudeDegrees>58.62363052368164</LatitudeDegrees><LongitudeDegrees>59.78802490234375</LongitudeDegrees></Position></Trackpoint><Trackpoint><Time>2026-08-11T13:28:13.000Z</Time><Position><LatitudeDegrees>58.623619079589844</LatitudeDegrees><LongitudeDegrees>59.788028717041016</LongitudeDegrees></Position></Trackpoint><Trackpoint><Time>2026-08-11T13:28:14.000Z</Time><Position><LatitudeDegrees>58.623600006103516</LatitudeDegrees><LongitudeDegrees>59.78802490234375</LongitudeDegrees></Position></Trackpoint><Trackpoint><Time>2026-08-11T13:28:15.000Z</Time><Position><LatitudeDegrees>58.62358474731445</LatitudeDegrees><LongitudeDegrees>59.78802490234375</LongitudeDegrees></Position></Trackpoint><Trackpoint><Time>2026-08-11T13:28:16.000Z</Time><Position><LatitudeDegrees>58.62356948852539</LatitudeDegrees><LongitudeDegrees>59.788021087646484</LongitudeDegrees></Position></Trackpoint><Trackpoint><Time>2026-08-11T13:28:17.000Z</Time><Position><LatitudeDegrees>58.62355041503906</LatitudeDegrees><LongitudeDegrees>59.78801345825195</LongitudeDegrees></Position></Trackpoint><Trackpoint><Time>2026-08-11T13:28:18.000Z</Time><Position><LatitudeDegrees>58.62353515625</LatitudeDegrees><LongitudeDegrees>59.78800964355469</LongitudeDegrees></Position></Trackpoint><Trackpoint><Time>2026-08-11T13:28:19.000Z</Time><Position><LatitudeDegrees>58.6235237121582</LatitudeDegrees><LongitudeDegrees>59.78801345825195</LongitudeDegrees></Position></Trackpoint><Trackpoint><Time>2026-08-11T13:28:20.000Z</Time><Position><LatitudeDegrees>58.623512268066406</LatitudeDegrees><LongitudeDegrees>59.78801727294922</LongitudeDegrees></Position></Trackpoint><Trackpoint><Time>2026-08-11T13:28:21.000Z</Time><Position><LatitudeDegrees>58.62350082397461</LatitudeDegrees><LongitudeDegrees>59.78801727294922</LongitudeDegrees></Position></Trackpoint><Trackpoint><Time>2026-08-11T13:28:22.000Z</Time><Position><LatitudeDegrees>58.62348556518555</LatitudeDegrees><LongitudeDegrees>59.78801345825195</LongitudeDegrees></Position></Trackpoint><Trackpoint><Time>2026-08-11T13:28:23.000Z</Time><Position><LatitudeDegrees>58.62347412109375</LatitudeDegrees><LongitudeDegrees>59.78801727294922</LongitudeDegrees></Position></Trackpoint><Trackpoint><Time>2026-08-11T13:28:24.000Z</Time><Position><LatitudeDegrees>58.62346649169922</LatitudeDegrees><LongitudeDegrees>59.788021087646484</LongitudeDegrees></Position></Trackpoint><Trackpoint><Time>2026-08-11T13:28:25.000Z</Time><Position><LatitudeDegrees>58.62345886230469</LatitudeDegrees><LongitudeDegrees>59.788021087646484</LongitudeDegrees></Position></Trackpoint><Trackpoint><Time>2026-08-11T13:28:26.000Z</Time><Position><LatitudeDegrees>58.62346326891903</LatitudeDegrees><LongitudeDegrees>59.788018394695825</LongitudeDegrees></Position></Trackpoint><Trackpoint><Time>2026-08-11T13:28:27.000Z</Time><Position><LatitudeDegrees>58.6234245300293</LatitudeDegrees><LongitudeDegrees>59.78801345825195</LongitudeDegrees></Position></Trackpoint><Trackpoint><Time>2026-08-11T13:28:28.000Z</Time><Position><LatitudeDegrees>58.623409271240234</LatitudeDegrees><LongitudeDegrees>59.78801345825195</LongitudeDegrees></Position></Trackpoint><Trackpoint><Time>2026-08-11T13:28:29.000Z</Time><Position><LatitudeDegrees>58.62339782714844</LatitudeDegrees><LongitudeDegrees>59.78801345825195</LongitudeDegrees></Position></Trackpoint><Trackpoint><Time>2026-08-11T13:28:30.000Z</Time><Position><LatitudeDegrees>58.623382568359375</LatitudeDegrees><LongitudeDegrees>59.78801345825195</LongitudeDegrees></Position></Trackpoint><Trackpoint><Time>2026-08-11T13:28:31.000Z</Time><Position><LatitudeDegrees>58.623374938964844</LatitudeDegrees><LongitudeDegrees>59.78801345825195</LongitudeDegrees></Position></Trackpoint><Trackpoint><Time>2026-08-11T13:28:32.000Z</Time><Position><LatitudeDegrees>58.62335205078125</LatitudeDegrees><LongitudeDegrees>59.78800582885742</LongitudeDegrees></Position></Trackpoint><Trackpoint><Time>2026-08-11T13:28:33.000Z</Time><Position><LatitudeDegrees>58.62333679199219</LatitudeDegrees><LongitudeDegrees>59.788002014160156</LongitudeDegrees></Position></Trackpoint><Trackpoint><Time>2026-08-11T13:28:34.000Z</Time><Position><LatitudeDegrees>58.62332534790039</LatitudeDegrees><LongitudeDegrees>59.788002014160156</LongitudeDegrees></Position></Trackpoint><Trackpoint><Time>2026-08-11T13:28:35.000Z</Time><Position><LatitudeDegrees>58.62331008911133</LatitudeDegrees><LongitudeDegrees>59.78799819946289</LongitudeDegrees></Position></Trackpoint><Trackpoint><Time>2026-08-11T13:28:36.000Z</Time><Position><LatitudeDegrees>58.623294830322266</LatitudeDegrees><LongitudeDegrees>59.78799819946289</LongitudeDegrees></Position></Trackpoint><Trackpoint><Time>2026-08-11T13:28:37.000Z</Time><Position><LatitudeDegrees>58.623287200927734</LatitudeDegrees><LongitudeDegrees>59.788002014160156</LongitudeDegrees></Position></Trackpoint><Trackpoint><Time>2026-08-11T13:28:38.000Z</Time><Position><LatitudeDegrees>58.6232795715332</LatitudeDegrees><LongitudeDegrees>59.788002014160156</LongitudeDegrees></Position></Trackpoint><Trackpoint><Time>2026-08-11T13:28:39.000Z</Time><Position><LatitudeDegrees>58.62326431274414</LatitudeDegrees><LongitudeDegrees>59.788002014160156</LongitudeDegrees></Position></Trackpoint><Trackpoint><Time>2026-08-11T13:28:40.000Z</Time><Position><LatitudeDegrees>58.62325668334961</LatitudeDegrees><LongitudeDegrees>59.78799819946289</LongitudeDegrees></Position></Trackpoint><Trackpoint><Time>2026-08-11T13:28:41.000Z</Time><Position><LatitudeDegrees>58.62324142456055</LatitudeDegrees><LongitudeDegrees>59.78799819946289</LongitudeDegrees></Position></Trackpoint><Trackpoint><Time>2026-08-11T13:28:42.000Z</Time><Position><LatitudeDegrees>58.623226165771484</LatitudeDegrees><LongitudeDegrees>59.78799819946289</LongitudeDegrees></Position></Trackpoint><Trackpoint><Time>2026-08-11T13:28:43.000Z</Time><Position><LatitudeDegrees>58.62321090698242</LatitudeDegrees><LongitudeDegrees>59.78799819946289</LongitudeDegrees></Position></Trackpoint><Trackpoint><Time>2026-08-11T13:28:44.000Z</Time><Position><LatitudeDegrees>58.62319564819336</LatitudeDegrees><LongitudeDegrees>59.78799819946289</LongitudeDegrees></Position></Trackpoint><Trackpoint><Time>2026-08-11T13:28:45.000Z</Time><Position><LatitudeDegrees>58.62317657470703</LatitudeDegrees><LongitudeDegrees>59.787994384765625</LongitudeDegrees></Position></Trackpoint><Trackpoint><Time>2026-08-11T13:28:46.000Z</Time><Position><LatitudeDegrees>58.62316131591797</LatitudeDegrees><LongitudeDegrees>59.78799057006836</LongitudeDegrees></Position></Trackpoint><Trackpoint><Time>2026-08-11T13:28:47.000Z</Time><Position><LatitudeDegrees>58.62314987182617</LatitudeDegrees><LongitudeDegrees>59.787986755371094</LongitudeDegrees></Position></Trackpoint><Trackpoint><Time>2026-08-11T13:28:48.000Z</Time><Position><LatitudeDegrees>58.62313461303711</LatitudeDegrees><LongitudeDegrees>59.787986755371094</LongitudeDegrees></Position></Trackpoint><Trackpoint><Time>2026-08-11T13:28:49.000Z</Time><Position><LatitudeDegrees>58.62315497516565</LatitudeDegrees><LongitudeDegrees>59.787989625888</LongitudeDegrees></Position></Trackpoint><Trackpoint><Time>2026-08-11T13:28:50.000Z</Time><Position><LatitudeDegrees>58.62310028076172</LatitudeDegrees><LongitudeDegrees>59.78799057006836</LongitudeDegrees></Position></Trackpoint><Trackpoint><Time>2026-08-11T13:28:51.000Z</Time><Position><LatitudeDegrees>58.62308883666992</LatitudeDegrees><LongitudeDegrees>59.78799819946289</LongitudeDegrees></Position></Trackpoint><Trackpoint><Time>2026-08-11T13:28:52.000Z</Time><Position><LatitudeDegrees>58.62308120727539</LatitudeDegrees><LongitudeDegrees>59.787994384765625</LongitudeDegrees></Position></Trackpoint><Trackpoint><Time>2026-08-11T13:28:53.000Z</Time><Position><LatitudeDegrees>58.623069763183594</LatitudeDegrees><LongitudeDegrees>59.78799819946289</LongitudeDegrees></Position></Trackpoint><Trackpoint><Time>2026-08-11T13:28:54.000Z</Time><Position><LatitudeDegrees>58.6230583190918</LatitudeDegrees><LongitudeDegrees>59.78799819946289</LongitudeDegrees></Position></Trackpoint><Trackpoint><Time>2026-08-11T13:28:55.000Z</Time><Position><LatitudeDegrees>58.623046875</LatitudeDegrees><LongitudeDegrees>59.78799819946289</LongitudeDegrees></Position></Trackpoint><Trackpoint><Time>2026-08-11T13:28:56.000Z</Time><Position><LatitudeDegrees>58.62303161621094</LatitudeDegrees><LongitudeDegrees>59.788002014160156</LongitudeDegrees></Position></Trackpoint><Trackpoint><Time>2026-08-11T13:28:57.000Z</Time><Position><LatitudeDegrees>58.62302017211914</LatitudeDegrees><LongitudeDegrees>59.788002014160156</LongitudeDegrees></Position></Trackpoint><Trackpoint><Time>2026-08-11T13:28:58.000Z</Time><Position><LatitudeDegrees>58.62300109863281</LatitudeDegrees><LongitudeDegrees>59.78800582885742</LongitudeDegrees></Position></Trackpoint><Trackpoint><Time>2026-08-11T13:28:59.000Z</Time><Position><LatitudeDegrees>58.62299346923828</LatitudeDegrees><LongitudeDegrees>59.78800964355469</LongitudeDegrees></Position></Trackpoint><Trackpoint><Time>2026-08-11T13:29:00.000Z</Time><Position><LatitudeDegrees>58.62297821044922</LatitudeDegrees><LongitudeDegrees>59.78801345825195</LongitudeDegrees></Position></Trackpoint><Trackpoint><Time>2026-08-11T13:29:01.000Z</Time><Position><LatitudeDegrees>58.622962951660156</LatitudeDegrees><LongitudeDegrees>59.78800964355469</LongitudeDegrees></Position></Trackpoint><Trackpoint><Time>2026-08-11T13:29:02.000Z</Time><Position><LatitudeDegrees>58.62295150756836</LatitudeDegrees><LongitudeDegrees>59.78800964355469</LongitudeDegrees></Position></Trackpoint><Trackpoint><Time>2026-08-11T13:29:03.000Z</Time><Position><LatitudeDegrees>58.62294006347656</LatitudeDegrees><LongitudeDegrees>59.78800964355469</LongitudeDegrees></Position></Trackpoint><Trackpoint><Time>2026-08-11T13:29:04.000Z</Time><Position><LatitudeDegrees>58.62293243408203</LatitudeDegrees><LongitudeDegrees>59.78801345825195</LongitudeDegrees></Position></Trackpoint><Trackpoint><Time>2026-08-11T13:29:05.000Z</Time><Position><LatitudeDegrees>58.622942063160174</LatitudeDegrees><LongitudeDegrees>59.788013061178944</LongitudeDegrees></Position></Trackpoint><Trackpoint><Time>2026-08-11T13:29:06.000Z</Time><Position><LatitudeDegrees>58.62293165372019</LatitudeDegrees><LongitudeDegrees>59.7880122355112</LongitudeDegrees></Position></Trackpoint><Trackpoint><Time>2026-08-11T13:29:07.000Z</Time><Position><LatitudeDegrees>58.622886657714844</LatitudeDegrees><LongitudeDegrees>59.78801345825195</LongitudeDegrees></Position></Trackpoint><Trackpoint><Time>2026-08-11T13:29:08.000Z</Time><Position><LatitudeDegrees>58.62287139892578</LatitudeDegrees><LongitudeDegrees>59.78801345825195</LongitudeDegrees></Position></Trackpoint><Trackpoint><Time>2026-08-11T13:29:09.000Z</Time><Position><LatitudeDegrees>58.622859954833984</LatitudeDegrees><LongitudeDegrees>59.78801345825195</LongitudeDegrees></Position></Trackpoint><Trackpoint><Time>2026-08-11T13:29:10.000Z</Time><Position><LatitudeDegrees>58.62284851074219</LatitudeDegrees><LongitudeDegrees>59.78801345825195</LongitudeDegrees></Position></Trackpoint><Trackpoint><Time>2026-08-11T13:29:11.000Z</Time><Position><LatitudeDegrees>58.622833251953125</LatitudeDegrees><LongitudeDegrees>59.78801345825195</LongitudeDegrees></Position></Trackpoint><Trackpoint><Time>2026-08-11T13:29:12.000Z</Time><Position><LatitudeDegrees>58.62282180786133</LatitudeDegrees><LongitudeDegrees>59.78801345825195</LongitudeDegrees></Position></Trackpoint><Trackpoint><Time>2026-08-11T13:29:13.000Z</Time><Position><LatitudeDegrees>58.6228141784668</LatitudeDegrees><LongitudeDegrees>59.78801345825195</LongitudeDegrees></Position></Trackpoint><Trackpoint><Time>2026-08-11T13:29:14.000Z</Time><Position><LatitudeDegrees>58.622802734375</LatitudeDegrees><LongitudeDegrees>59.78801345825195</LongitudeDegrees></Position></Trackpoint><Trackpoint><Time>2026-08-11T13:29:15.000Z</Time><Position><LatitudeDegrees>58.6227912902832</LatitudeDegrees><LongitudeDegrees>59.78800964355469</LongitudeDegrees></Position></Trackpoint><Trackpoint><Time>2026-08-11T13:29:16.000Z</Time><Position><LatitudeDegrees>58.622772216796875</LatitudeDegrees><LongitudeDegrees>59.78800582885742</LongitudeDegrees></Position></Trackpoint><Trackpoint><Time>2026-08-11T13:29:17.000Z</Time><Position><LatitudeDegrees>58.62275314331055</LatitudeDegrees><LongitudeDegrees>59.788002014160156</LongitudeDegrees></Position></Trackpoint><Trackpoint><Time>2026-08-11T13:29:18.000Z</Time><Position><LatitudeDegrees>58.622737884521484</LatitudeDegrees><LongitudeDegrees>59.78799819946289</LongitudeDegrees></Position></Trackpoint><Trackpoint><Time>2026-08-11T13:29:19.000Z</Time><Position><LatitudeDegrees>58.62272262573242</LatitudeDegrees><LongitudeDegrees>59.78799819946289</LongitudeDegrees></Position></Trackpoint><Trackpoint><Time>2026-08-11T13:29:20.000Z</Time><Position><LatitudeDegrees>58.62274488589634</LatitudeDegrees><LongitudeDegrees>59.78800137086651</LongitudeDegrees></Position></Trackpoint><Trackpoint><Time>2026-08-11T13:29:21.000Z</Time><Position><LatitudeDegrees>58.62269592285156</LatitudeDegrees><LongitudeDegrees>59.788002014160156</LongitudeDegrees></Position></Trackpoint><Trackpoint><Time>2026-08-11T13:29:22.000Z</Time><Position><LatitudeDegrees>58.622676849365234</LatitudeDegrees><LongitudeDegrees>59.78800582885742</LongitudeDegrees></Position></Trackpoint><Trackpoint><Time>2026-08-11T13:29:23.000Z</Time><Position><LatitudeDegrees>58.62266540527344</LatitudeDegrees><LongitudeDegrees>59.78801345825195</LongitudeDegrees></Position></Trackpoint><Trackpoint><Time>2026-08-11T13:29:24.000Z</Time><Position><LatitudeDegrees>58.622650146484375</LatitudeDegrees><LongitudeDegrees>59.78801727294922</LongitudeDegrees></Position></Trackpoint><Trackpoint><Time>2026-08-11T13:29:25.000Z</Time><Position><LatitudeDegrees>58.62263870239258</LatitudeDegrees><LongitudeDegrees>59.78801727294922</LongitudeDegrees></Position></Trackpoint><Trackpoint><Time>2026-08-11T13:29:26.000Z</Time><Position><LatitudeDegrees>58.622623443603516</LatitudeDegrees><LongitudeDegrees>59.788021087646484</LongitudeDegrees></Position></Trackpoint><Trackpoint><Time>2026-08-11T13:29:27.000Z</Time><Position><LatitudeDegrees>58.62261199951172</LatitudeDegrees><LongitudeDegrees>59.78801727294922</LongitudeDegrees></Position></Trackpoint><Trackpoint><Time>2026-08-11T13:29:28.000Z</Time><Position><LatitudeDegrees>58.62260437011719</LatitudeDegrees><LongitudeDegrees>59.788021087646484</LongitudeDegrees></Position></Trackpoint><Trackpoint><Time>2026-08-11T13:29:29.000Z</Time><Position><LatitudeDegrees>58.62259292602539</LatitudeDegrees><LongitudeDegrees>59.78802490234375</LongitudeDegrees></Position></Trackpoint><Trackpoint><Time>2026-08-11T13:29:30.000Z</Time><Position><LatitudeDegrees>58.622581481933594</LatitudeDegrees><LongitudeDegrees>59.78802490234375</LongitudeDegrees></Position></Trackpoint><Trackpoint><Time>2026-08-11T13:29:31.000Z</Time><Position><LatitudeDegrees>58.62256622314453</LatitudeDegrees><LongitudeDegrees>59.78802490234375</LongitudeDegrees></Position></Trackpoint><Trackpoint><Time>2026-08-11T13:29:32.000Z</Time><Position><LatitudeDegrees>58.622584205325154</LatitudeDegrees><LongitudeDegrees>59.78802381533369</LongitudeDegrees></Position></Trackpoint><Trackpoint><Time>2026-08-11T13:29:33.000Z</Time><Position><LatitudeDegrees>58.62253952026367</LatitudeDegrees><LongitudeDegrees>59.78804397583008</LongitudeDegrees></Position></Trackpoint><Trackpoint><Time>2026-08-11T13:29:34.000Z</Time><Position><LatitudeDegrees>58.622562727534095</LatitudeDegrees><LongitudeDegrees>59.78803631612452</LongitudeDegrees></Position></Trackpoint><Trackpoint><Time>2026-08-11T13:29:35.000Z</Time><Position><LatitudeDegrees>58.622535705566406</LatitudeDegrees><LongitudeDegrees>59.78809356689453</LongitudeDegrees></Position></Trackpoint><Trackpoint><Time>2026-08-11T13:29:36.000Z</Time><Position><LatitudeDegrees>58.622535705566406</LatitudeDegrees><LongitudeDegrees>59.788116455078125</LongitudeDegrees></Position></Trackpoint><Trackpoint><Time>2026-08-11T13:29:37.000Z</Time><Position><LatitudeDegrees>58.62253189086914</LatitudeDegrees><LongitudeDegrees>59.788143157958984</LongitudeDegrees></Position></Trackpoint><Trackpoint><Time>2026-08-11T13:29:38.000Z</Time><Position><LatitudeDegrees>58.622535705566406</LatitudeDegrees><LongitudeDegrees>59.78816223144531</LongitudeDegrees></Position></Trackpoint><Trackpoint><Time>2026-08-11T13:29:39.000Z</Time><Position><LatitudeDegrees>58.62253189086914</LatitudeDegrees><LongitudeDegrees>59.78818130493164</LongitudeDegrees></Position></Trackpoint><Trackpoint><Time>2026-08-11T13:29:40.000Z</Time><Position><LatitudeDegrees>58.62252426147461</LatitudeDegrees><LongitudeDegrees>59.78819274902344</LongitudeDegrees></Position></Trackpoint><Trackpoint><Time>2026-08-11T13:29:41.000Z</Time><Position><LatitudeDegrees>58.622527585403105</LatitudeDegrees><LongitudeDegrees>59.78817311236305</LongitudeDegrees></Position></Trackpoint><Trackpoint><Time>2026-08-11T13:29:42.000Z</Time><Position><LatitudeDegrees>58.62252558434055</LatitudeDegrees><LongitudeDegrees>59.78817536072157</LongitudeDegrees></Position></Trackpoint><Trackpoint><Time>2026-08-11T13:29:43.000Z</Time><Position><LatitudeDegrees>58.62250518798828</LatitudeDegrees><LongitudeDegrees>59.78819274902344</LongitudeDegrees></Position></Trackpoint><Trackpoint><Time>2026-08-11T13:29:44.000Z</Time><Position><LatitudeDegrees>58.62248992919922</LatitudeDegrees><LongitudeDegrees>59.78819274902344</LongitudeDegrees></Position></Trackpoint><Trackpoint><Time>2026-08-11T13:29:45.000Z</Time><Position><LatitudeDegrees>58.622474670410156</LatitudeDegrees><LongitudeDegrees>59.78820037841797</LongitudeDegrees></Position></Trackpoint><Trackpoint><Time>2026-08-11T13:29:46.000Z</Time><Position><LatitudeDegrees>58.62249179635068</LatitudeDegrees><LongitudeDegrees>59.78819239583266</LongitudeDegrees></Position></Trackpoint><Trackpoint><Time>2026-08-11T13:29:47.000Z</Time><Position><LatitudeDegrees>58.62245178222656</LatitudeDegrees><LongitudeDegrees>59.78820037841797</LongitudeDegrees></Position></Trackpoint><Trackpoint><Time>2026-08-11T13:29:48.000Z</Time><Position><LatitudeDegrees>58.622432708740234</LatitudeDegrees><LongitudeDegrees>59.7881965637207</LongitudeDegrees></Position></Trackpoint><Trackpoint><Time>2026-08-11T13:29:49.000Z</Time><Position><LatitudeDegrees>58.62241744995117</LatitudeDegrees><LongitudeDegrees>59.78820037841797</LongitudeDegrees></Position></Trackpoint><Trackpoint><Time>2026-08-11T13:29:50.000Z</Time><Position><LatitudeDegrees>58.62240219116211</LatitudeDegrees><LongitudeDegrees>59.78820037841797</LongitudeDegrees></Position></Trackpoint><Trackpoint><Time>2026-08-11T13:29:51.000Z</Time><Position><LatitudeDegrees>58.62238693237305</LatitudeDegrees><LongitudeDegrees>59.788204193115234</LongitudeDegrees></Position></Trackpoint><Trackpoint><Time>2026-08-11T13:29:52.000Z</Time><Position><LatitudeDegrees>58.62240060827682</LatitudeDegrees><LongitudeDegrees>59.78820183272251</LongitudeDegrees></Position></Trackpoint><Trackpoint><Time>2026-08-11T13:29:53.000Z</Time><Position><LatitudeDegrees>58.62236404418945</LatitudeDegrees><LongitudeDegrees>59.788204193115234</LongitudeDegrees></Position></Trackpoint><Trackpoint><Time>2026-08-11T13:29:54.000Z</Time><Position><LatitudeDegrees>58.62235641479492</LatitudeDegrees><LongitudeDegrees>59.78820037841797</LongitudeDegrees></Position></Trackpoint><Trackpoint><Time>2026-08-11T13:29:55.000Z</Time><Position><LatitudeDegrees>58.622337341308594</LatitudeDegrees><LongitudeDegrees>59.78820037841797</LongitudeDegrees></Position></Trackpoint><Trackpoint><Time>2026-08-11T13:29:55.000Z</Time><Position><LatitudeDegrees>58.6223258972168</LatitudeDegrees><LongitudeDegrees>59.788204193115234</LongitudeDegrees></Position></Trackpoint><Trackpoint><Time>2026-08-11T13:29:57.000Z</Time><Position><LatitudeDegrees>58.622310638427734</LatitudeDegrees><LongitudeDegrees>59.788204193115234</LongitudeDegrees></Position></Trackpoint><Trackpoint><Time>2026-08-11T13:29:58.000Z</Time><Position><LatitudeDegrees>58.62229537963867</LatitudeDegrees><LongitudeDegrees>59.7882080078125</LongitudeDegrees></Position></Trackpoint><Trackpoint><Time>2026-08-11T13:29:59.000Z</Time><Position><LatitudeDegrees>58.622283935546875</LatitudeDegrees><LongitudeDegrees>59.788204193115234</LongitudeDegrees></Position></Trackpoint><Trackpoint><Time>2026-08-11T13:30:00.000Z</Time><Position><LatitudeDegrees>58.62226867675781</LatitudeDegrees><LongitudeDegrees>59.78820037841797</LongitudeDegrees></Position></Trackpoint><Trackpoint><Time>2026-08-11T13:30:00.000Z</Time><Position><LatitudeDegrees>58.622257232666016</LatitudeDegrees><LongitudeDegrees>59.78820037841797</LongitudeDegrees></Position></Trackpoint><Trackpoint><Time>2026-08-11T13:30:01.000Z</Time><Position><LatitudeDegrees>58.62224197387695</LatitudeDegrees><LongitudeDegrees>59.7881965637207</LongitudeDegrees></Position></Trackpoint><Trackpoint><Time>2026-08-11T13:30:02.000Z</Time><Position><LatitudeDegrees>58.62222671508789</LatitudeDegrees><LongitudeDegrees>59.78820037841797</LongitudeDegrees></Position></Trackpoint><Trackpoint><Time>2026-08-11T13:30:03.000Z</Time><Position><LatitudeDegrees>58.62221145629883</LatitudeDegrees><LongitudeDegrees>59.78820037841797</LongitudeDegrees></Position></Trackpoint><Trackpoint><Time>2026-08-11T13:30:05.000Z</Time><Position><LatitudeDegrees>58.62220001220703</LatitudeDegrees><LongitudeDegrees>59.78820037841797</LongitudeDegrees></Position></Trackpoint><Trackpoint><Time>2026-08-11T13:30:05.000Z</Time><Position><LatitudeDegrees>58.62218475341797</LatitudeDegrees><LongitudeDegrees>59.7881965637207</LongitudeDegrees></Position></Trackpoint><Trackpoint><Time>2026-08-11T13:30:06.000Z</Time><Position><LatitudeDegrees>58.62217330932617</LatitudeDegrees><LongitudeDegrees>59.7881965637207</LongitudeDegrees></Position></Trackpoint><Trackpoint><Time>2026-08-11T13:30:07.000Z</Time><Position><LatitudeDegrees>58.622161865234375</LatitudeDegrees><LongitudeDegrees>59.78820037841797</LongitudeDegrees></Position></Trackpoint><Trackpoint><Time>2026-08-11T13:30:08.000Z</Time><Position><LatitudeDegrees>58.62214660644531</LatitudeDegrees><LongitudeDegrees>59.788204193115234</LongitudeDegrees></Position></Trackpoint><Trackpoint><Time>2026-08-11T13:30:10.000Z</Time><Position><LatitudeDegrees>58.62213897705078</LatitudeDegrees><LongitudeDegrees>59.78820037841797</LongitudeDegrees></Position></Trackpoint><Trackpoint><Time>2026-08-11T13:30:11.000Z</Time><Position><LatitudeDegrees>58.62215483813964</LatitudeDegrees><LongitudeDegrees>59.78820061962631</LongitudeDegrees></Position></Trackpoint><Trackpoint><Time>2026-08-11T13:30:12.000Z</Time><Position><LatitudeDegrees>58.62211227416992</LatitudeDegrees><LongitudeDegrees>59.7881965637207</LongitudeDegrees></Position></Trackpoint><Trackpoint><Time>2026-08-11T13:30:12.000Z</Time><Position><LatitudeDegrees>58.62209701538086</LatitudeDegrees><LongitudeDegrees>59.7881965637207</LongitudeDegrees></Position></Trackpoint><Trackpoint><Time>2026-08-11T13:30:14.000Z</Time><Position><LatitudeDegrees>58.6220817565918</LatitudeDegrees><LongitudeDegrees>59.78819274902344</LongitudeDegrees></Position></Trackpoint><Trackpoint><Time>2026-08-11T13:30:15.000Z</Time><Position><LatitudeDegrees>58.622066497802734</LatitudeDegrees><LongitudeDegrees>59.78819274902344</LongitudeDegrees></Position></Trackpoint><Trackpoint><Time>2026-08-11T13:30:15.000Z</Time><Position><LatitudeDegrees>58.62205123901367</LatitudeDegrees><LongitudeDegrees>59.78818893432617</LongitudeDegrees></Position></Trackpoint><Trackpoint><Time>2026-08-11T13:30:17.000Z</Time><Position><LatitudeDegrees>58.62203598022461</LatitudeDegrees><LongitudeDegrees>59.788185119628906</LongitudeDegrees></Position></Trackpoint><Trackpoint><Time>2026-08-11T13:30:18.000Z</Time><Position><LatitudeDegrees>58.62201690673828</LatitudeDegrees><LongitudeDegrees>59.788185119628906</LongitudeDegrees></Position></Trackpoint><Trackpoint><Time>2026-08-11T13:30:18.000Z</Time><Position><LatitudeDegrees>58.622005462646484</LatitudeDegrees><LongitudeDegrees>59.78819274902344</LongitudeDegrees></Position></Trackpoint><Trackpoint><Time>2026-08-11T13:30:19.000Z</Time><Position><LatitudeDegrees>58.62199401855469</LatitudeDegrees><LongitudeDegrees>59.78818893432617</LongitudeDegrees></Position></Trackpoint><Trackpoint><Time>2026-08-11T13:30:20.000Z</Time><Position><LatitudeDegrees>58.621978759765625</LatitudeDegrees><LongitudeDegrees>59.78818893432617</LongitudeDegrees></Position></Trackpoint><Trackpoint><Time>2026-08-11T13:30:21.000Z</Time><Position><LatitudeDegrees>58.62196731567383</LatitudeDegrees><LongitudeDegrees>59.78818893432617</LongitudeDegrees></Position></Trackpoint><Trackpoint><Time>2026-08-11T13:30:22.000Z</Time><Position><LatitudeDegrees>58.62195587158203</LatitudeDegrees><LongitudeDegrees>59.788185119628906</LongitudeDegrees></Position></Trackpoint><Trackpoint><Time>2026-08-11T13:30:24.000Z</Time><Position><LatitudeDegrees>58.62194061279297</LatitudeDegrees><LongitudeDegrees>59.788185119628906</LongitudeDegrees></Position></Trackpoint><Trackpoint><Time>2026-08-11T13:30:24.000Z</Time><Position><LatitudeDegrees>58.621925354003906</LatitudeDegrees><LongitudeDegrees>59.788185119628906</LongitudeDegrees></Position></Trackpoint><Trackpoint><Time>2026-08-11T13:30:25.000Z</Time><Position><LatitudeDegrees>58.621910095214844</LatitudeDegrees><LongitudeDegrees>59.78818130493164</LongitudeDegrees></Position></Trackpoint><Trackpoint><Time>2026-08-11T13:30:27.000Z</Time><Position><LatitudeDegrees>58.62189865112305</LatitudeDegrees><LongitudeDegrees>59.788177490234375</LongitudeDegrees></Position></Trackpoint><Trackpoint><Time>2026-08-11T13:30:27.000Z</Time><Position><LatitudeDegrees>58.621883392333984</LatitudeDegrees><LongitudeDegrees>59.788177490234375</LongitudeDegrees></Position></Trackpoint><Trackpoint><Time>2026-08-11T13:30:29.000Z</Time><Position><LatitudeDegrees>58.62186813354492</LatitudeDegrees><LongitudeDegrees>59.788185119628906</LongitudeDegrees></Position></Trackpoint><Trackpoint><Time>2026-08-11T13:30:29.000Z</Time><Position><LatitudeDegrees>58.621856689453125</LatitudeDegrees><LongitudeDegrees>59.788185119628906</LongitudeDegrees></Position></Trackpoint><Trackpoint><Time>2026-08-11T13:30:31.000Z</Time><Position><LatitudeDegrees>58.62184143066406</LatitudeDegrees><LongitudeDegrees>59.78818130493164</LongitudeDegrees></Position></Trackpoint><Trackpoint><Time>2026-08-11T13:30:32.000Z</Time><Position><LatitudeDegrees>58.621829986572266</LatitudeDegrees><LongitudeDegrees>59.78817367553711</LongitudeDegrees></Position></Trackpoint><Trackpoint><Time>2026-08-11T13:30:33.000Z</Time><Position><LatitudeDegrees>58.62181854248047</LatitudeDegrees><LongitudeDegrees>59.788169860839844</LongitudeDegrees></Position></Trackpoint><Trackpoint><Time>2026-08-11T13:30:34.000Z</Time><Position><LatitudeDegrees>58.621803283691406</LatitudeDegrees><LongitudeDegrees>59.78816604614258</LongitudeDegrees></Position></Trackpoint><Trackpoint><Time>2026-08-11T13:30:34.000Z</Time><Position><LatitudeDegrees>58.62179183959961</LatitudeDegrees><LongitudeDegrees>59.788169860839844</LongitudeDegrees></Position></Trackpoint><Trackpoint><Time>2026-08-11T13:30:35.000Z</Time><Position><LatitudeDegrees>58.62178039550781</LatitudeDegrees><LongitudeDegrees>59.78816604614258</LongitudeDegrees></Position></Trackpoint><Trackpoint><Time>2026-08-11T13:30:36.000Z</Time><Position><LatitudeDegrees>58.62176513671875</LatitudeDegrees><LongitudeDegrees>59.78816604614258</LongitudeDegrees></Position></Trackpoint><Trackpoint><Time>2026-08-11T13:30:38.000Z</Time><Position><LatitudeDegrees>58.62174987792969</LatitudeDegrees><LongitudeDegrees>59.788169860839844</LongitudeDegrees></Position></Trackpoint><Trackpoint><Time>2026-08-11T13:30:38.000Z</Time><Position><LatitudeDegrees>58.62173843383789</LatitudeDegrees><LongitudeDegrees>59.788169860839844</LongitudeDegrees></Position></Trackpoint><Trackpoint><Time>2026-08-11T13:30:40.000Z</Time><Position><LatitudeDegrees>58.62172317504883</LatitudeDegrees><LongitudeDegrees>59.788169860839844</LongitudeDegrees></Position></Trackpoint><Trackpoint><Time>2026-08-11T13:30:40.000Z</Time><Position><LatitudeDegrees>58.621707916259766</LatitudeDegrees><LongitudeDegrees>59.788169860839844</LongitudeDegrees></Position></Trackpoint><Trackpoint><Time>2026-08-11T13:30:42.000Z</Time><Position><LatitudeDegrees>58.62168884277344</LatitudeDegrees><LongitudeDegrees>59.78816604614258</LongitudeDegrees></Position></Trackpoint><Trackpoint><Time>2026-08-11T13:30:43.000Z</Time><Position><LatitudeDegrees>58.621673583984375</LatitudeDegrees><LongitudeDegrees>59.788169860839844</LongitudeDegrees></Position></Trackpoint><Trackpoint><Time>2026-08-11T13:30:43.000Z</Time><Position><LatitudeDegrees>58.62165832519531</LatitudeDegrees><LongitudeDegrees>59.788169860839844</LongitudeDegrees></Position></Trackpoint><Trackpoint><Time>2026-08-11T13:30:45.000Z</Time><Position><LatitudeDegrees>58.621646881103516</LatitudeDegrees><LongitudeDegrees>59.78816223144531</LongitudeDegrees></Position></Trackpoint><Trackpoint><Time>2026-08-11T13:30:46.000Z</Time><Position><LatitudeDegrees>58.62163162231445</LatitudeDegrees><LongitudeDegrees>59.78815841674805</LongitudeDegrees></Position></Trackpoint><Trackpoint><Time>2026-08-11T13:30:47.000Z</Time><Position><LatitudeDegrees>58.621620178222656</LatitudeDegrees><LongitudeDegrees>59.78816223144531</LongitudeDegrees></Position></Trackpoint><Trackpoint><Time>2026-08-11T13:30:48.000Z</Time><Position><LatitudeDegrees>58.621604919433594</LatitudeDegrees><LongitudeDegrees>59.78815841674805</LongitudeDegrees></Position></Trackpoint><Trackpoint><Time>2026-08-11T13:30:49.000Z</Time><Position><LatitudeDegrees>58.62158966064453</LatitudeDegrees><LongitudeDegrees>59.78815460205078</LongitudeDegrees></Position></Trackpoint><Trackpoint><Time>2026-08-11T13:30:50.000Z</Time><Position><LatitudeDegrees>58.621578216552734</LatitudeDegrees><LongitudeDegrees>59.78815841674805</LongitudeDegrees></Position></Trackpoint><Trackpoint><Time>2026-08-11T13:30:51.000Z</Time><Position><LatitudeDegrees>58.62156295776367</LatitudeDegrees><LongitudeDegrees>59.78815460205078</LongitudeDegrees></Position></Trackpoint><Trackpoint><Time>2026-08-11T13:30:52.000Z</Time><Position><LatitudeDegrees>58.621551513671875</LatitudeDegrees><LongitudeDegrees>59.788150787353516</LongitudeDegrees></Position></Trackpoint><Trackpoint><Time>2026-08-11T13:30:52.000Z</Time><Position><LatitudeDegrees>58.62153625488281</LatitudeDegrees><LongitudeDegrees>59.788150787353516</LongitudeDegrees></Position></Trackpoint><Trackpoint><Time>2026-08-11T13:30:53.000Z</Time><Position><LatitudeDegrees>58.62152099609375</LatitudeDegrees><LongitudeDegrees>59.78814697265625</LongitudeDegrees></Position></Trackpoint><Trackpoint><Time>2026-08-11T13:30:54.000Z</Time><Position><LatitudeDegrees>58.62150573730469</LatitudeDegrees><LongitudeDegrees>59.788143157958984</LongitudeDegrees></Position></Trackpoint><Trackpoint><Time>2026-08-11T13:30:56.000Z</Time><Position><LatitudeDegrees>58.621490478515625</LatitudeDegrees><LongitudeDegrees>59.788150787353516</LongitudeDegrees></Position></Trackpoint><Trackpoint><Time>2026-08-11T13:30:56.000Z</Time><Position><LatitudeDegrees>58.62147521972656</LatitudeDegrees><LongitudeDegrees>59.78814697265625</LongitudeDegrees></Position></Trackpoint><Trackpoint><Time>2026-08-11T13:30:57.000Z</Time><Position><LatitudeDegrees>58.6214599609375</LatitudeDegrees><LongitudeDegrees>59.788143157958984</LongitudeDegrees></Position></Trackpoint><Trackpoint><Time>2026-08-11T13:30:59.000Z</Time><Position><LatitudeDegrees>58.6214485168457</LatitudeDegrees><LongitudeDegrees>59.788143157958984</LongitudeDegrees></Position></Trackpoint><Trackpoint><Time>2026-08-11T13:31:00.000Z</Time><Position><LatitudeDegrees>58.62143325805664</LatitudeDegrees><LongitudeDegrees>59.78814697265625</LongitudeDegrees></Position></Trackpoint><Trackpoint><Time>2026-08-11T13:31:01.000Z</Time><Position><LatitudeDegrees>58.621421813964844</LatitudeDegrees><LongitudeDegrees>59.788150787353516</LongitudeDegrees></Position></Trackpoint><Trackpoint><Time>2026-08-11T13:31:01.000Z</Time><Position><LatitudeDegrees>58.62141036987305</LatitudeDegrees><LongitudeDegrees>59.78814697265625</LongitudeDegrees></Position></Trackpoint><Trackpoint><Time>2026-08-11T13:31:03.000Z</Time><Position><LatitudeDegrees>58.621395111083984</LatitudeDegrees><LongitudeDegrees>59.78814697265625</LongitudeDegrees></Position></Trackpoint><Trackpoint><Time>2026-08-11T13:31:04.000Z</Time><Position><LatitudeDegrees>58.62138748168945</LatitudeDegrees><LongitudeDegrees>59.788143157958984</LongitudeDegrees></Position></Trackpoint><Trackpoint><Time>2026-08-11T13:31:05.000Z</Time><Position><LatitudeDegrees>58.621376037597656</LatitudeDegrees><LongitudeDegrees>59.788143157958984</LongitudeDegrees></Position></Trackpoint><Trackpoint><Time>2026-08-11T13:31:05.000Z</Time><Position><LatitudeDegrees>58.621360778808594</LatitudeDegrees><LongitudeDegrees>59.78813934326172</LongitudeDegrees></Position></Trackpoint><Trackpoint><Time>2026-08-11T13:31:07.000Z</Time><Position><LatitudeDegrees>58.62134552001953</LatitudeDegrees><LongitudeDegrees>59.78813934326172</LongitudeDegrees></Position></Trackpoint><Trackpoint><Time>2026-08-11T13:31:07.000Z</Time><Position><LatitudeDegrees>58.6213264465332</LatitudeDegrees><LongitudeDegrees>59.78813552856445</LongitudeDegrees></Position></Trackpoint><Trackpoint><Time>2026-08-11T13:31:09.000Z</Time><Position><LatitudeDegrees>58.62134936166854</LatitudeDegrees><LongitudeDegrees>59.788138929797306</LongitudeDegrees></Position></Trackpoint><Trackpoint><Time>2026-08-11T13:31:10.000Z</Time><Position><LatitudeDegrees>58.62130355834961</LatitudeDegrees><LongitudeDegrees>59.788143157958984</LongitudeDegrees></Position></Trackpoint><Trackpoint><Time>2026-08-11T13:31:10.000Z</Time><Position><LatitudeDegrees>58.62128829956055</LatitudeDegrees><LongitudeDegrees>59.788143157958984</LongitudeDegrees></Position></Trackpoint><Trackpoint><Time>2026-08-11T13:31:12.000Z</Time><Position><LatitudeDegrees>58.62126922607422</LatitudeDegrees><LongitudeDegrees>59.78813934326172</LongitudeDegrees></Position></Trackpoint><Trackpoint><Time>2026-08-11T13:31:13.000Z</Time><Position><LatitudeDegrees>58.62125778198242</LatitudeDegrees><LongitudeDegrees>59.78813934326172</LongitudeDegrees></Position></Trackpoint><Trackpoint><Time>2026-08-11T13:31:13.000Z</Time><Position><LatitudeDegrees>58.62124252319336</LatitudeDegrees><LongitudeDegrees>59.78813934326172</LongitudeDegrees></Position></Trackpoint><Trackpoint><Time>2026-08-11T13:31:15.000Z</Time><Position><LatitudeDegrees>58.6212272644043</LatitudeDegrees><LongitudeDegrees>59.788143157958984</LongitudeDegrees></Position></Trackpoint><Trackpoint><Time>2026-08-11T13:31:16.000Z</Time><Position><LatitudeDegrees>58.6212158203125</LatitudeDegrees><LongitudeDegrees>59.788143157958984</LongitudeDegrees></Position></Trackpoint><Trackpoint><Time>2026-08-11T13:31:17.000Z</Time><Position><LatitudeDegrees>58.6212043762207</LatitudeDegrees><LongitudeDegrees>59.788143157958984</LongitudeDegrees></Position></Trackpoint><Trackpoint><Time>2026-08-11T13:31:17.000Z</Time><Position><LatitudeDegrees>58.62118911743164</LatitudeDegrees><LongitudeDegrees>59.788143157958984</LongitudeDegrees></Position></Trackpoint><Trackpoint><Time>2026-08-11T13:31:18.000Z</Time><Position><LatitudeDegrees>58.621177673339844</LatitudeDegrees><LongitudeDegrees>59.788143157958984</LongitudeDegrees></Position></Trackpoint><Trackpoint><Time>2026-08-11T13:31:19.000Z</Time><Position><LatitudeDegrees>58.62116241455078</LatitudeDegrees><LongitudeDegrees>59.78813934326172</LongitudeDegrees></Position></Trackpoint><Trackpoint><Time>2026-08-11T13:31:20.000Z</Time><Position><LatitudeDegrees>58.62114334106445</LatitudeDegrees><LongitudeDegrees>59.78813934326172</LongitudeDegrees></Position></Trackpoint><Trackpoint><Time>2026-08-11T13:31:21.000Z</Time><Position><LatitudeDegrees>58.62112808227539</LatitudeDegrees><LongitudeDegrees>59.78813934326172</LongitudeDegrees></Position></Trackpoint><Trackpoint><Time>2026-08-11T13:31:22.000Z</Time><Position><LatitudeDegrees>58.62111282348633</LatitudeDegrees><LongitudeDegrees>59.78813552856445</LongitudeDegrees></Position></Trackpoint><Trackpoint><Time>2026-08-11T13:31:23.000Z</Time><Position><LatitudeDegrees>58.62110137939453</LatitudeDegrees><LongitudeDegrees>59.78813934326172</LongitudeDegrees></Position></Trackpoint><Trackpoint><Time>2026-08-11T13:31:24.000Z</Time><Position><LatitudeDegrees>58.621089935302734</LatitudeDegrees><LongitudeDegrees>59.78813552856445</LongitudeDegrees></Position></Trackpoint><Trackpoint><Time>2026-08-11T13:31:25.000Z</Time><Position><LatitudeDegrees>58.62107467651367</LatitudeDegrees><LongitudeDegrees>59.78813552856445</LongitudeDegrees></Position></Trackpoint><Trackpoint><Time>2026-08-11T13:31:26.000Z</Time><Position><LatitudeDegrees>58.62105941772461</LatitudeDegrees><LongitudeDegrees>59.78813552856445</LongitudeDegrees></Position></Trackpoint><Trackpoint><Time>2026-08-11T13:31:27.000Z</Time><Position><LatitudeDegrees>58.62104797363281</LatitudeDegrees><LongitudeDegrees>59.78813552856445</LongitudeDegrees></Position></Trackpoint><Trackpoint><Time>2026-08-11T13:31:29.000Z</Time><Position><LatitudeDegrees>58.62103271484375</LatitudeDegrees><LongitudeDegrees>59.78813934326172</LongitudeDegrees></Position></Trackpoint><Trackpoint><Time>2026-08-11T13:31:29.000Z</Time><Position><LatitudeDegrees>58.62101745605469</LatitudeDegrees><LongitudeDegrees>59.788143157958984</LongitudeDegrees></Position></Trackpoint><Trackpoint><Time>2026-08-11T13:31:30.000Z</Time><Position><LatitudeDegrees>58.621002197265625</LatitudeDegrees><LongitudeDegrees>59.78814697265625</LongitudeDegrees></Position></Trackpoint><Trackpoint><Time>2026-08-11T13:31:32.000Z</Time><Position><LatitudeDegrees>58.62098693847656</LatitudeDegrees><LongitudeDegrees>59.78814697265625</LongitudeDegrees></Position></Trackpoint><Trackpoint><Time>2026-08-11T13:31:32.000Z</Time><Position><LatitudeDegrees>58.62100878032856</LatitudeDegrees><LongitudeDegrees>59.78814424362029</LongitudeDegrees></Position></Trackpoint><Trackpoint><Time>2026-08-11T13:31:33.000Z</Time><Position><LatitudeDegrees>58.62096405029297</LatitudeDegrees><LongitudeDegrees>59.78813934326172</LongitudeDegrees></Position></Trackpoint><Trackpoint><Time>2026-08-11T13:31:34.000Z</Time><Position><LatitudeDegrees>58.62095260620117</LatitudeDegrees><LongitudeDegrees>59.78813552856445</LongitudeDegrees></Position></Trackpoint><Trackpoint><Time>2026-08-11T13:31:36.000Z</Time><Position><LatitudeDegrees>58.62093734741211</LatitudeDegrees><LongitudeDegrees>59.78813552856445</LongitudeDegrees></Position></Trackpoint><Trackpoint><Time>2026-08-11T13:31:36.000Z</Time><Position><LatitudeDegrees>58.62092208862305</LatitudeDegrees><LongitudeDegrees>59.78813171386719</LongitudeDegrees></Position></Trackpoint><Trackpoint><Time>2026-08-11T13:31:37.000Z</Time><Position><LatitudeDegrees>58.620906829833984</LatitudeDegrees><LongitudeDegrees>59.78813552856445</LongitudeDegrees></Position></Trackpoint><Trackpoint><Time>2026-08-11T13:31:38.000Z</Time><Position><LatitudeDegrees>58.62089157104492</LatitudeDegrees><LongitudeDegrees>59.78813552856445</LongitudeDegrees></Position></Trackpoint><Trackpoint><Time>2026-08-11T13:31:39.000Z</Time><Position><LatitudeDegrees>58.62087631225586</LatitudeDegrees><LongitudeDegrees>59.78813171386719</LongitudeDegrees></Position></Trackpoint><Trackpoint><Time>2026-08-11T13:31:41.000Z</Time><Position><LatitudeDegrees>58.62086486816406</LatitudeDegrees><LongitudeDegrees>59.78813171386719</LongitudeDegrees></Position></Trackpoint><Trackpoint><Time>2026-08-11T13:31:42.000Z</Time><Position><LatitudeDegrees>58.620849609375</LatitudeDegrees><LongitudeDegrees>59.78812789916992</LongitudeDegrees></Position></Trackpoint><Trackpoint><Time>2026-08-11T13:31:43.000Z</Time><Position><LatitudeDegrees>58.6208381652832</LatitudeDegrees><LongitudeDegrees>59.78812789916992</LongitudeDegrees></Position></Trackpoint><Trackpoint><Time>2026-08-11T13:31:44.000Z</Time><Position><LatitudeDegrees>58.62085065896299</LatitudeDegrees><LongitudeDegrees>59.78812934922659</LongitudeDegrees></Position></Trackpoint><Trackpoint><Time>2026-08-11T13:31:45.000Z</Time><Position><LatitudeDegrees>58.620819091796875</LatitudeDegrees><LongitudeDegrees>59.78813171386719</LongitudeDegrees></Position></Trackpoint><Trackpoint><Time>2026-08-11T13:31:45.000Z</Time><Position><LatitudeDegrees>58.62080383300781</LatitudeDegrees><LongitudeDegrees>59.78813171386719</LongitudeDegrees></Position></Trackpoint><Trackpoint><Time>2026-08-11T13:31:46.000Z</Time><Position><LatitudeDegrees>58.62078857421875</LatitudeDegrees><LongitudeDegrees>59.78813552856445</LongitudeDegrees></Position></Trackpoint><Trackpoint><Time>2026-08-11T13:31:47.000Z</Time><Position><LatitudeDegrees>58.62077331542969</LatitudeDegrees><LongitudeDegrees>59.78813552856445</LongitudeDegrees></Position></Trackpoint><Trackpoint><Time>2026-08-11T13:31:48.000Z</Time><Position><LatitudeDegrees>58.620758056640625</LatitudeDegrees><LongitudeDegrees>59.78813934326172</LongitudeDegrees></Position></Trackpoint><Trackpoint><Time>2026-08-11T13:31:49.000Z</Time><Position><LatitudeDegrees>58.6207389831543</LatitudeDegrees><LongitudeDegrees>59.78813552856445</LongitudeDegrees></Position></Trackpoint><Trackpoint><Time>2026-08-11T13:31:50.000Z</Time><Position><LatitudeDegrees>58.6207275390625</LatitudeDegrees><LongitudeDegrees>59.78813552856445</LongitudeDegrees></Position></Trackpoint><Trackpoint><Time>2026-08-11T13:31:51.000Z</Time><Position><LatitudeDegrees>58.62071228027344</LatitudeDegrees><LongitudeDegrees>59.78813934326172</LongitudeDegrees></Position></Trackpoint><Trackpoint><Time>2026-08-11T13:31:52.000Z</Time><Position><LatitudeDegrees>58.62070083618164</LatitudeDegrees><LongitudeDegrees>59.788143157958984</LongitudeDegrees></Position></Trackpoint><Trackpoint><Time>2026-08-11T13:31:53.000Z</Time><Position><LatitudeDegrees>58.620689392089844</LatitudeDegrees><LongitudeDegrees>59.78813552856445</LongitudeDegrees></Position></Trackpoint><Trackpoint><Time>2026-08-11T13:31:54.000Z</Time><Position><LatitudeDegrees>58.62067794799805</LatitudeDegrees><LongitudeDegrees>59.78813171386719</LongitudeDegrees></Position></Trackpoint><Trackpoint><Time>2026-08-11T13:31:56.000Z</Time><Position><LatitudeDegrees>58.62066650390625</LatitudeDegrees><LongitudeDegrees>59.78813552856445</LongitudeDegrees></Position></Trackpoint><Trackpoint><Time>2026-08-11T13:31:56.000Z</Time><Position><LatitudeDegrees>58.62065505981445</LatitudeDegrees><LongitudeDegrees>59.78813934326172</LongitudeDegrees></Position></Trackpoint><Trackpoint><Time>2026-08-11T13:31:57.000Z</Time><Position><LatitudeDegrees>58.62066316457414</LatitudeDegrees><LongitudeDegrees>59.788137805877696</LongitudeDegrees></Position></Trackpoint><Trackpoint><Time>2026-08-11T13:31:58.000Z</Time><Position><LatitudeDegrees>58.62062454223633</LatitudeDegrees><LongitudeDegrees>59.78813552856445</LongitudeDegrees></Position></Trackpoint><Trackpoint><Time>2026-08-11T13:32:00.000Z</Time><Position><LatitudeDegrees>58.62060546875</LatitudeDegrees><LongitudeDegrees>59.78812789916992</LongitudeDegrees></Position></Trackpoint><Trackpoint><Time>2026-08-11T13:32:00.000Z</Time><Position><LatitudeDegrees>58.62059020996094</LatitudeDegrees><LongitudeDegrees>59.78813171386719</LongitudeDegrees></Position></Trackpoint><Trackpoint><Time>2026-08-11T13:32:02.000Z</Time><Position><LatitudeDegrees>58.620574951171875</LatitudeDegrees><LongitudeDegrees>59.788124084472656</LongitudeDegrees></Position></Trackpoint><Trackpoint><Time>2026-08-11T13:32:03.000Z</Time><Position><LatitudeDegrees>58.62056350708008</LatitudeDegrees><LongitudeDegrees>59.788116455078125</LongitudeDegrees></Position></Trackpoint><Trackpoint><Time>2026-08-11T13:32:03.000Z</Time><Position><LatitudeDegrees>58.62057414810428</LatitudeDegrees><LongitudeDegrees>59.788121955980856</LongitudeDegrees></Position></Trackpoint><Trackpoint><Time>2026-08-11T13:32:05.000Z</Time><Position><LatitudeDegrees>58.62053680419922</LatitudeDegrees><LongitudeDegrees>59.78812026977539</LongitudeDegrees></Position></Trackpoint><Trackpoint><Time>2026-08-11T13:32:06.000Z</Time><Position><LatitudeDegrees>58.62052536010742</LatitudeDegrees><LongitudeDegrees>59.788124084472656</LongitudeDegrees></Position></Trackpoint><Trackpoint><Time>2026-08-11T13:32:07.000Z</Time><Position><LatitudeDegrees>58.620513916015625</LatitudeDegrees><LongitudeDegrees>59.78812026977539</LongitudeDegrees></Position></Trackpoint><Trackpoint><Time>2026-08-11T13:32:07.000Z</Time><Position><LatitudeDegrees>58.62050247192383</LatitudeDegrees><LongitudeDegrees>59.78812026977539</LongitudeDegrees></Position></Trackpoint><Trackpoint><Time>2026-08-11T13:32:08.000Z</Time><Position><LatitudeDegrees>58.620487213134766</LatitudeDegrees><LongitudeDegrees>59.78812026977539</LongitudeDegrees></Position></Trackpoint><Trackpoint><Time>2026-08-11T13:32:10.000Z</Time><Position><LatitudeDegrees>58.62047576904297</LatitudeDegrees><LongitudeDegrees>59.78812026977539</LongitudeDegrees></Position></Trackpoint><Trackpoint><Time>2026-08-11T13:32:10.000Z</Time><Position><LatitudeDegrees>58.620460510253906</LatitudeDegrees><LongitudeDegrees>59.78812026977539</LongitudeDegrees></Position></Trackpoint><Trackpoint><Time>2026-08-11T13:32:11.000Z</Time><Position><LatitudeDegrees>58.620445251464844</LatitudeDegrees><LongitudeDegrees>59.78812026977539</LongitudeDegrees></Position></Trackpoint><Trackpoint><Time>2026-08-11T13:32:13.000Z</Time><Position><LatitudeDegrees>58.62042999267578</LatitudeDegrees><LongitudeDegrees>59.78812026977539</LongitudeDegrees></Position></Trackpoint><Trackpoint><Time>2026-08-11T13:32:13.000Z</Time><Position><LatitudeDegrees>58.62041473388672</LatitudeDegrees><LongitudeDegrees>59.78812026977539</LongitudeDegrees></Position></Trackpoint><Trackpoint><Time>2026-08-11T13:32:14.000Z</Time><Position><LatitudeDegrees>58.62040328979492</LatitudeDegrees><LongitudeDegrees>59.78812026977539</LongitudeDegrees></Position></Trackpoint><Trackpoint><Time>2026-08-11T13:32:15.000Z</Time><Position><LatitudeDegrees>58.62038803100586</LatitudeDegrees><LongitudeDegrees>59.788124084472656</LongitudeDegrees></Position></Trackpoint><Trackpoint><Time>2026-08-11T13:32:16.000Z</Time><Position><LatitudeDegrees>58.62037658691406</LatitudeDegrees><LongitudeDegrees>59.78812026977539</LongitudeDegrees></Position></Trackpoint><Trackpoint><Time>2026-08-11T13:32:17.000Z</Time><Position><LatitudeDegrees>58.620365142822266</LatitudeDegrees><LongitudeDegrees>59.78812026977539</LongitudeDegrees></Position></Trackpoint><Trackpoint><Time>2026-08-11T13:32:18.000Z</Time><Position><LatitudeDegrees>58.62035369873047</LatitudeDegrees><LongitudeDegrees>59.78812026977539</LongitudeDegrees></Position></Trackpoint><Trackpoint><Time>2026-08-11T13:32:20.000Z</Time><Position><LatitudeDegrees>58.62034225463867</LatitudeDegrees><LongitudeDegrees>59.78812026977539</LongitudeDegrees></Position></Trackpoint><Trackpoint><Time>2026-08-11T13:32:21.000Z</Time><Position><LatitudeDegrees>58.62032699584961</LatitudeDegrees><LongitudeDegrees>59.788116455078125</LongitudeDegrees></Position></Trackpoint><Trackpoint><Time>2026-08-11T13:32:22.000Z</Time><Position><LatitudeDegrees>58.62031555175781</LatitudeDegrees><LongitudeDegrees>59.788116455078125</LongitudeDegrees></Position></Trackpoint><Trackpoint><Time>2026-08-11T13:32:23.000Z</Time><Position><LatitudeDegrees>58.62030029296875</LatitudeDegrees><LongitudeDegrees>59.788116455078125</LongitudeDegrees></Position></Trackpoint><Trackpoint><Time>2026-08-11T13:32:23.000Z</Time><Position><LatitudeDegrees>58.62028503417969</LatitudeDegrees><LongitudeDegrees>59.78811264038086</LongitudeDegrees></Position></Trackpoint><Trackpoint><Time>2026-08-11T13:32:24.000Z</Time><Position><LatitudeDegrees>58.620269775390625</LatitudeDegrees><LongitudeDegrees>59.78811264038086</LongitudeDegrees></Position></Trackpoint><Trackpoint><Time>2026-08-11T13:32:26.000Z</Time><Position><LatitudeDegrees>58.62025451660156</LatitudeDegrees><LongitudeDegrees>59.78811264038086</LongitudeDegrees></Position></Trackpoint><Trackpoint><Time>2026-08-11T13:32:27.000Z</Time><Position><LatitudeDegrees>58.6202392578125</LatitudeDegrees><LongitudeDegrees>59.788108825683594</LongitudeDegrees></Position></Trackpoint><Trackpoint><Time>2026-08-11T13:32:27.000Z</Time><Position><LatitudeDegrees>58.62022399902344</LatitudeDegrees><LongitudeDegrees>59.78810119628906</LongitudeDegrees></Position></Trackpoint><Trackpoint><Time>2026-08-11T13:32:28.000Z</Time><Position><LatitudeDegrees>58.62021255493164</LatitudeDegrees><LongitudeDegrees>59.78810501098633</LongitudeDegrees></Position></Trackpoint><Trackpoint><Time>2026-08-11T13:32:30.000Z</Time><Position><LatitudeDegrees>58.620201110839844</LatitudeDegrees><LongitudeDegrees>59.788108825683594</LongitudeDegrees></Position></Trackpoint><Trackpoint><Time>2026-08-11T13:32:31.000Z</Time><Position><LatitudeDegrees>58.62018966674805</LatitudeDegrees><LongitudeDegrees>59.78810501098633</LongitudeDegrees></Position></Trackpoint><Trackpoint><Time>2026-08-11T13:32:32.000Z</Time><Position><LatitudeDegrees>58.62017822265625</LatitudeDegrees><LongitudeDegrees>59.78810501098633</LongitudeDegrees></Position></Trackpoint><Trackpoint><Time>2026-08-11T13:32:33.000Z</Time><Position><LatitudeDegrees>58.62016677856445</LatitudeDegrees><LongitudeDegrees>59.78810501098633</LongitudeDegrees></Position></Trackpoint><Trackpoint><Time>2026-08-11T13:32:33.000Z</Time><Position><LatitudeDegrees>58.62015151977539</LatitudeDegrees><LongitudeDegrees>59.78810501098633</LongitudeDegrees></Position></Trackpoint><Trackpoint><Time>2026-08-11T13:32:35.000Z</Time><Position><LatitudeDegrees>58.620140075683594</LatitudeDegrees><LongitudeDegrees>59.78810501098633</LongitudeDegrees></Position></Trackpoint><Trackpoint><Time>2026-08-11T13:32:35.000Z</Time><Position><LatitudeDegrees>58.62012481689453</LatitudeDegrees><LongitudeDegrees>59.78810501098633</LongitudeDegrees></Position></Trackpoint><Trackpoint><Time>2026-08-11T13:32:36.000Z</Time><Position><LatitudeDegrees>58.62010955810547</LatitudeDegrees><LongitudeDegrees>59.78811264038086</LongitudeDegrees></Position></Trackpoint><Trackpoint><Time>2026-08-11T13:32:37.000Z</Time><Position><LatitudeDegrees>58.620094299316406</LatitudeDegrees><LongitudeDegrees>59.788108825683594</LongitudeDegrees></Position></Trackpoint><Trackpoint><Time>2026-08-11T13:32:39.000Z</Time><Position><LatitudeDegrees>58.62008285522461</LatitudeDegrees><LongitudeDegrees>59.78810501098633</LongitudeDegrees></Position></Trackpoint><Trackpoint><Time>2026-08-11T13:32:39.000Z</Time><Position><LatitudeDegrees>58.62007141113281</LatitudeDegrees><LongitudeDegrees>59.78810501098633</LongitudeDegrees></Position></Trackpoint><Trackpoint><Time>2026-08-11T13:32:41.000Z</Time><Position><LatitudeDegrees>58.620059967041016</LatitudeDegrees><LongitudeDegrees>59.78810119628906</LongitudeDegrees></Position></Trackpoint><Trackpoint><Time>2026-08-11T13:32:42.000Z</Time><Position><LatitudeDegrees>58.62004852294922</LatitudeDegrees><LongitudeDegrees>59.7880973815918</LongitudeDegrees></Position></Trackpoint><Trackpoint><Time>2026-08-11T13:32:43.000Z</Time><Position><LatitudeDegrees>58.62003707885742</LatitudeDegrees><LongitudeDegrees>59.78810119628906</LongitudeDegrees></Position></Trackpoint><Trackpoint><Time>2026-08-11T13:32:44.000Z</Time><Position><LatitudeDegrees>58.62002182006836</LatitudeDegrees><LongitudeDegrees>59.7880973815918</LongitudeDegrees></Position></Trackpoint><Trackpoint><Time>2026-08-11T13:32:45.000Z</Time><Position><LatitudeDegrees>58.6200065612793</LatitudeDegrees><LongitudeDegrees>59.7880973815918</LongitudeDegrees></Position></Trackpoint><Trackpoint><Time>2026-08-11T13:32:46.000Z</Time><Position><LatitudeDegrees>58.6199951171875</LatitudeDegrees><LongitudeDegrees>59.78810119628906</LongitudeDegrees></Position></Trackpoint><Trackpoint><Time>2026-08-11T13:32:47.000Z</Time><Position><LatitudeDegrees>58.61997604370117</LatitudeDegrees><LongitudeDegrees>59.78810119628906</LongitudeDegrees></Position></Trackpoint><Trackpoint><Time>2026-08-11T13:32:48.000Z</Time><Position><LatitudeDegrees>58.619956970214844</LatitudeDegrees><LongitudeDegrees>59.78810501098633</LongitudeDegrees></Position></Trackpoint><Trackpoint><Time>2026-08-11T13:32:49.000Z</Time><Position><LatitudeDegrees>58.61994171142578</LatitudeDegrees><LongitudeDegrees>59.78810501098633</LongitudeDegrees></Position></Trackpoint><Trackpoint><Time>2026-08-11T13:32:49.000Z</Time><Position><LatitudeDegrees>58.619930267333984</LatitudeDegrees><LongitudeDegrees>59.78810119628906</LongitudeDegrees></Position></Trackpoint><Trackpoint><Time>2026-08-11T13:32:50.000Z</Time><Position><LatitudeDegrees>58.61991500854492</LatitudeDegrees><LongitudeDegrees>59.7880973815918</LongitudeDegrees></Position></Trackpoint><Trackpoint><Time>2026-08-11T13:32:52.000Z</Time><Position><LatitudeDegrees>58.619903564453125</LatitudeDegrees><LongitudeDegrees>59.78810501098633</LongitudeDegrees></Position></Trackpoint><Trackpoint><Time>2026-08-11T13:32:53.000Z</Time><Position><LatitudeDegrees>58.61989212036133</LatitudeDegrees><LongitudeDegrees>59.78810119628906</LongitudeDegrees></Position></Trackpoint><Trackpoint><Time>2026-08-11T13:32:53.000Z</Time><Position><LatitudeDegrees>58.619876861572266</LatitudeDegrees><LongitudeDegrees>59.7880973815918</LongitudeDegrees></Position></Trackpoint><Trackpoint><Time>2026-08-11T13:32:55.000Z</Time><Position><LatitudeDegrees>58.61986541748047</LatitudeDegrees><LongitudeDegrees>59.78809356689453</LongitudeDegrees></Position></Trackpoint><Trackpoint><Time>2026-08-11T13:32:55.000Z</Time><Position><LatitudeDegrees>58.61985397338867</LatitudeDegrees><LongitudeDegrees>59.7880973815918</LongitudeDegrees></Position></Trackpoint><Trackpoint><Time>2026-08-11T13:32:57.000Z</Time><Position><LatitudeDegrees>58.61983871459961</LatitudeDegrees><LongitudeDegrees>59.7880973815918</LongitudeDegrees></Position></Trackpoint><Trackpoint><Time>2026-08-11T13:32:58.000Z</Time><Position><LatitudeDegrees>58.61982345581055</LatitudeDegrees><LongitudeDegrees>59.78810501098633</LongitudeDegrees></Position></Trackpoint><Trackpoint><Time>2026-08-11T13:32:58.000Z</Time><Position><LatitudeDegrees>58.61981201171875</LatitudeDegrees><LongitudeDegrees>59.78810119628906</LongitudeDegrees></Position></Trackpoint><Trackpoint><Time>2026-08-11T13:32:59.000Z</Time><Position><LatitudeDegrees>58.61979675292969</LatitudeDegrees><LongitudeDegrees>59.78810501098633</LongitudeDegrees></Position></Trackpoint><Trackpoint><Time>2026-08-11T13:33:01.000Z</Time><Position><LatitudeDegrees>58.619781494140625</LatitudeDegrees><LongitudeDegrees>59.78810119628906</LongitudeDegrees></Position></Trackpoint><Trackpoint><Time>2026-08-11T13:33:02.000Z</Time><Position><LatitudeDegrees>58.61977005004883</LatitudeDegrees><LongitudeDegrees>59.78809356689453</LongitudeDegrees></Position></Trackpoint><Trackpoint><Time>2026-08-11T13:33:02.000Z</Time><Position><LatitudeDegrees>58.619754791259766</LatitudeDegrees><LongitudeDegrees>59.788089752197266</LongitudeDegrees></Position></Trackpoint><Trackpoint><Time>2026-08-11T13:33:04.000Z</Time><Position><LatitudeDegrees>58.61974334716797</LatitudeDegrees><LongitudeDegrees>59.78809356689453</LongitudeDegrees></Position></Trackpoint><Trackpoint><Time>2026-08-11T13:33:04.000Z</Time><Position><LatitudeDegrees>58.61973190307617</LatitudeDegrees><LongitudeDegrees>59.78809356689453</LongitudeDegrees></Position></Trackpoint><Trackpoint><Time>2026-08-11T13:33:05.000Z</Time><Position><LatitudeDegrees>58.61974946971052</LatitudeDegrees><LongitudeDegrees>59.78809429643771</LongitudeDegrees></Position></Trackpoint><Trackpoint><Time>2026-08-11T13:33:07.000Z</Time><Position><LatitudeDegrees>58.61970138549805</LatitudeDegrees><LongitudeDegrees>59.7880973815918</LongitudeDegrees></Position></Trackpoint><Trackpoint><Time>2026-08-11T13:33:08.000Z</Time><Position><LatitudeDegrees>58.61968994140625</LatitudeDegrees><LongitudeDegrees>59.78810119628906</LongitudeDegrees></Position></Trackpoint><Trackpoint><Time>2026-08-11T13:33:08.000Z</Time><Position><LatitudeDegrees>58.61967468261719</LatitudeDegrees><LongitudeDegrees>59.78810119628906</LongitudeDegrees></Position></Trackpoint><Trackpoint><Time>2026-08-11T13:33:10.000Z</Time><Position><LatitudeDegrees>58.619659423828125</LatitudeDegrees><LongitudeDegrees>59.78810119628906</LongitudeDegrees></Position></Trackpoint><Trackpoint><Time>2026-08-11T13:33:10.000Z</Time><Position><LatitudeDegrees>58.61964416503906</LatitudeDegrees><LongitudeDegrees>59.78810119628906</LongitudeDegrees></Position></Trackpoint><Trackpoint><Time>2026-08-11T13:33:12.000Z</Time><Position><LatitudeDegrees>58.61962890625</LatitudeDegrees><LongitudeDegrees>59.78810119628906</LongitudeDegrees></Position></Trackpoint><Trackpoint><Time>2026-08-11T13:33:13.000Z</Time><Position><LatitudeDegrees>58.61961364746094</LatitudeDegrees><LongitudeDegrees>59.78810119628906</LongitudeDegrees></Position></Trackpoint><Trackpoint><Time>2026-08-11T13:33:13.000Z</Time><Position><LatitudeDegrees>58.619606018066406</LatitudeDegrees><LongitudeDegrees>59.78810501098633</LongitudeDegrees></Position></Trackpoint><Trackpoint><Time>2026-08-11T13:33:15.000Z</Time><Position><LatitudeDegrees>58.61959457397461</LatitudeDegrees><LongitudeDegrees>59.788108825683594</LongitudeDegrees></Position></Trackpoint><Trackpoint><Time>2026-08-11T13:33:16.000Z</Time><Position><LatitudeDegrees>58.61958312988281</LatitudeDegrees><LongitudeDegrees>59.788108825683594</LongitudeDegrees></Position></Trackpoint><Trackpoint><Time>2026-08-11T13:33:17.000Z</Time><Position><LatitudeDegrees>58.619571685791016</LatitudeDegrees><LongitudeDegrees>59.788108825683594</LongitudeDegrees></Position></Trackpoint><Trackpoint><Time>2026-08-11T13:33:17.000Z</Time><Position><LatitudeDegrees>58.61958802403531</LatitudeDegrees><LongitudeDegrees>59.78810781237335</LongitudeDegrees></Position></Trackpoint><Trackpoint><Time>2026-08-11T13:33:19.000Z</Time><Position><LatitudeDegrees>58.619544982910156</LatitudeDegrees><LongitudeDegrees>59.78810501098633</LongitudeDegrees></Position></Trackpoint><Trackpoint><Time>2026-08-11T13:33:20.000Z</Time><Position><LatitudeDegrees>58.619529724121094</LatitudeDegrees><LongitudeDegrees>59.78810501098633</LongitudeDegrees></Position></Trackpoint><Trackpoint><Time>2026-08-11T13:33:20.000Z</Time><Position><LatitudeDegrees>58.6195182800293</LatitudeDegrees><LongitudeDegrees>59.78810119628906</LongitudeDegrees></Position></Trackpoint><Trackpoint><Time>2026-08-11T13:33:21.000Z</Time><Position><LatitudeDegrees>58.619503021240234</LatitudeDegrees><LongitudeDegrees>59.78810119628906</LongitudeDegrees></Position></Trackpoint><Trackpoint><Time>2026-08-11T13:33:22.000Z</Time><Position><LatitudeDegrees>58.61948776245117</LatitudeDegrees><LongitudeDegrees>59.78810501098633</LongitudeDegrees></Position></Trackpoint><Trackpoint><Time>2026-08-11T13:33:23.000Z</Time><Position><LatitudeDegrees>58.619476318359375</LatitudeDegrees><LongitudeDegrees>59.7880973815918</LongitudeDegrees></Position></Trackpoint><Trackpoint><Time>2026-08-11T13:33:25.000Z</Time><Position><LatitudeDegrees>58.61946105957031</LatitudeDegrees><LongitudeDegrees>59.7880973815918</LongitudeDegrees></Position></Trackpoint><Trackpoint><Time>2026-08-11T13:33:26.000Z</Time><Position><LatitudeDegrees>58.61948161554189</LatitudeDegrees><LongitudeDegrees>59.788099726053</LongitudeDegrees></Position></Trackpoint><Trackpoint><Time>2026-08-11T13:33:27.000Z</Time><Position><LatitudeDegrees>58.61943054199219</LatitudeDegrees><LongitudeDegrees>59.78810501098633</LongitudeDegrees></Position></Trackpoint><Trackpoint><Time>2026-08-11T13:33:27.000Z</Time><Position><LatitudeDegrees>58.619415283203125</LatitudeDegrees><LongitudeDegrees>59.78810501098633</LongitudeDegrees></Position></Trackpoint><Trackpoint><Time>2026-08-11T13:33:29.000Z</Time><Position><LatitudeDegrees>58.61940383911133</LatitudeDegrees><LongitudeDegrees>59.78810501098633</LongitudeDegrees></Position></Trackpoint><Trackpoint><Time>2026-08-11T13:33:30.000Z</Time><Position><LatitudeDegrees>58.619388580322266</LatitudeDegrees><LongitudeDegrees>59.788108825683594</LongitudeDegrees></Position></Trackpoint><Trackpoint><Time>2026-08-11T13:33:30.000Z</Time><Position><LatitudeDegrees>58.61937713623047</LatitudeDegrees><LongitudeDegrees>59.78810501098633</LongitudeDegrees></Position></Trackpoint><Trackpoint><Time>2026-08-11T13:33:32.000Z</Time><Position><LatitudeDegrees>58.619361877441406</LatitudeDegrees><LongitudeDegrees>59.78810501098633</LongitudeDegrees></Position></Trackpoint><Trackpoint><Time>2026-08-11T13:33:33.000Z</Time><Position><LatitudeDegrees>58.61935043334961</LatitudeDegrees><LongitudeDegrees>59.78810119628906</LongitudeDegrees></Position></Trackpoint><Trackpoint><Time>2026-08-11T13:33:34.000Z</Time><Position><LatitudeDegrees>58.61933517456055</LatitudeDegrees><LongitudeDegrees>59.78810501098633</LongitudeDegrees></Position></Trackpoint><Trackpoint><Time>2026-08-11T13:33:35.000Z</Time><Position><LatitudeDegrees>58.61931610107422</LatitudeDegrees><LongitudeDegrees>59.78810501098633</LongitudeDegrees></Position></Trackpoint><Trackpoint><Time>2026-08-11T13:33:36.000Z</Time><Position><LatitudeDegrees>58.619300842285156</LatitudeDegrees><LongitudeDegrees>59.78810501098633</LongitudeDegrees></Position></Trackpoint><Trackpoint><Time>2026-08-11T13:33:37.000Z</Time><Position><LatitudeDegrees>58.619285583496094</LatitudeDegrees><LongitudeDegrees>59.788108825683594</LongitudeDegrees></Position></Trackpoint><Trackpoint><Time>2026-08-11T13:33:37.000Z</Time><Position><LatitudeDegrees>58.61927032470703</LatitudeDegrees><LongitudeDegrees>59.78810501098633</LongitudeDegrees></Position></Trackpoint><Trackpoint><Time>2026-08-11T13:33:38.000Z</Time><Position><LatitudeDegrees>58.619258880615234</LatitudeDegrees><LongitudeDegrees>59.788108825683594</LongitudeDegrees></Position></Trackpoint><Trackpoint><Time>2026-08-11T13:33:40.000Z</Time><Position><LatitudeDegrees>58.61924362182617</LatitudeDegrees><LongitudeDegrees>59.78811264038086</LongitudeDegrees></Position></Trackpoint><Trackpoint><Time>2026-08-11T13:33:40.000Z</Time><Position><LatitudeDegrees>58.619232177734375</LatitudeDegrees><LongitudeDegrees>59.788108825683594</LongitudeDegrees></Position></Trackpoint><Trackpoint><Time>2026-08-11T13:33:41.000Z</Time><Position><LatitudeDegrees>58.61922073364258</LatitudeDegrees><LongitudeDegrees>59.78811264038086</LongitudeDegrees></Position></Trackpoint><Trackpoint><Time>2026-08-11T13:33:42.000Z</Time><Position><LatitudeDegrees>58.619205474853516</LatitudeDegrees><LongitudeDegrees>59.788108825683594</LongitudeDegrees></Position></Trackpoint><Trackpoint><Time>2026-08-11T13:33:44.000Z</Time><Position><LatitudeDegrees>58.61919403076172</LatitudeDegrees><LongitudeDegrees>59.788108825683594</LongitudeDegrees></Position></Trackpoint><Trackpoint><Time>2026-08-11T13:33:45.000Z</Time><Position><LatitudeDegrees>58.619178771972656</LatitudeDegrees><LongitudeDegrees>59.788108825683594</LongitudeDegrees></Position></Trackpoint><Trackpoint><Time>2026-08-11T13:33:46.000Z</Time><Position><LatitudeDegrees>58.619163513183594</LatitudeDegrees><LongitudeDegrees>59.788108825683594</LongitudeDegrees></Position></Trackpoint><Trackpoint><Time>2026-08-11T13:33:47.000Z</Time><Position><LatitudeDegrees>58.61914825439453</LatitudeDegrees><LongitudeDegrees>59.788108825683594</LongitudeDegrees></Position></Trackpoint><Trackpoint><Time>2026-08-11T13:33:47.000Z</Time><Position><LatitudeDegrees>58.61913299560547</LatitudeDegrees><LongitudeDegrees>59.78811264038086</LongitudeDegrees></Position></Trackpoint><Trackpoint><Time>2026-08-11T13:33:49.000Z</Time><Position><LatitudeDegrees>58.619117736816406</LatitudeDegrees><LongitudeDegrees>59.788116455078125</LongitudeDegrees></Position></Trackpoint><Trackpoint><Time>2026-08-11T13:33:49.000Z</Time><Position><LatitudeDegrees>58.619102478027344</LatitudeDegrees><LongitudeDegrees>59.788116455078125</LongitudeDegrees></Position></Trackpoint><Trackpoint><Time>2026-08-11T13:33:50.000Z</Time><Position><LatitudeDegrees>58.61909103393555</LatitudeDegrees><LongitudeDegrees>59.788108825683594</LongitudeDegrees></Position></Trackpoint><Trackpoint><Time>2026-08-11T13:33:52.000Z</Time><Position><LatitudeDegrees>58.619083404541016</LatitudeDegrees><LongitudeDegrees>59.78810501098633</LongitudeDegrees></Position></Trackpoint><Trackpoint><Time>2026-08-11T13:33:52.000Z</Time><Position><LatitudeDegrees>58.61906814575195</LatitudeDegrees><LongitudeDegrees>59.788108825683594</LongitudeDegrees></Position></Trackpoint><Trackpoint><Time>2026-08-11T13:33:54.000Z</Time><Position><LatitudeDegrees>58.61906051635742</LatitudeDegrees><LongitudeDegrees>59.78811264038086</LongitudeDegrees></Position></Trackpoint><Trackpoint><Time>2026-08-11T13:33:54.000Z</Time><Position><LatitudeDegrees>58.619049072265625</LatitudeDegrees><LongitudeDegrees>59.78811264038086</LongitudeDegrees></Position></Trackpoint><Trackpoint><Time>2026-08-11T13:33:56.000Z</Time><Position><LatitudeDegrees>58.61903762817383</LatitudeDegrees><LongitudeDegrees>59.788108825683594</LongitudeDegrees></Position></Trackpoint><Trackpoint><Time>2026-08-11T13:33:56.000Z</Time><Position><LatitudeDegrees>58.619022369384766</LatitudeDegrees><LongitudeDegrees>59.788108825683594</LongitudeDegrees></Position></Trackpoint><Trackpoint><Time>2026-08-11T13:33:57.000Z</Time><Position><LatitudeDegrees>58.6190071105957</LatitudeDegrees><LongitudeDegrees>59.78810501098633</LongitudeDegrees></Position></Trackpoint><Trackpoint><Time>2026-08-11T13:33:58.000Z</Time><Position><LatitudeDegrees>58.618995666503906</LatitudeDegrees><LongitudeDegrees>59.78810501098633</LongitudeDegrees></Position></Trackpoint><Trackpoint><Time>2026-08-11T13:34:00.000Z</Time><Position><LatitudeDegrees>58.618980407714844</LatitudeDegrees><LongitudeDegrees>59.788108825683594</LongitudeDegrees></Position></Trackpoint><Trackpoint><Time>2026-08-11T13:34:01.000Z</Time><Position><LatitudeDegrees>58.61896514892578</LatitudeDegrees><LongitudeDegrees>59.788116455078125</LongitudeDegrees></Position></Trackpoint><Trackpoint><Time>2026-08-11T13:34:02.000Z</Time><Position><LatitudeDegrees>58.61894989013672</LatitudeDegrees><LongitudeDegrees>59.788116455078125</LongitudeDegrees></Position></Trackpoint><Trackpoint><Time>2026-08-11T13:34:03.000Z</Time><Position><LatitudeDegrees>58.61893844604492</LatitudeDegrees><LongitudeDegrees>59.788116455078125</LongitudeDegrees></Position></Trackpoint><Trackpoint><Time>2026-08-11T13:34:04.000Z</Time><Position><LatitudeDegrees>58.618927001953125</LatitudeDegrees><LongitudeDegrees>59.788116455078125</LongitudeDegrees></Position></Trackpoint><Trackpoint><Time>2026-08-11T13:34:05.000Z</Time><Position><LatitudeDegrees>58.618945443013054</LatitudeDegrees><LongitudeDegrees>59.7881156431159</LongitudeDegrees></Position></Trackpoint><Trackpoint><Time>2026-08-11T13:34:06.000Z</Time><Position><LatitudeDegrees>58.6189079284668</LatitudeDegrees><LongitudeDegrees>59.78812026977539</LongitudeDegrees></Position></Trackpoint><Trackpoint><Time>2026-08-11T13:34:07.000Z</Time><Position><LatitudeDegrees>58.618892669677734</LatitudeDegrees><LongitudeDegrees>59.788116455078125</LongitudeDegrees></Position></Trackpoint><Trackpoint><Time>2026-08-11T13:34:08.000Z</Time><Position><LatitudeDegrees>58.618873596191406</LatitudeDegrees><LongitudeDegrees>59.78811264038086</LongitudeDegrees></Position></Trackpoint><Trackpoint><Time>2026-08-11T13:34:08.000Z</Time><Position><LatitudeDegrees>58.618858337402344</LatitudeDegrees><LongitudeDegrees>59.788108825683594</LongitudeDegrees></Position></Trackpoint><Trackpoint><Time>2026-08-11T13:34:10.000Z</Time><Position><LatitudeDegrees>58.61884689331055</LatitudeDegrees><LongitudeDegrees>59.78810501098633</LongitudeDegrees></Position></Trackpoint><Trackpoint><Time>2026-08-11T13:34:10.000Z</Time><Position><LatitudeDegrees>58.618831634521484</LatitudeDegrees><LongitudeDegrees>59.788116455078125</LongitudeDegrees></Position></Trackpoint><Trackpoint><Time>2026-08-11T13:34:11.000Z</Time><Position><LatitudeDegrees>58.61881637573242</LatitudeDegrees><LongitudeDegrees>59.788116455078125</LongitudeDegrees></Position></Trackpoint><Trackpoint><Time>2026-08-11T13:34:13.000Z</Time><Position><LatitudeDegrees>58.618804931640625</LatitudeDegrees><LongitudeDegrees>59.788116455078125</LongitudeDegrees></Position></Trackpoint><Trackpoint><Time>2026-08-11T13:34:13.000Z</Time><Position><LatitudeDegrees>58.61879348754883</LatitudeDegrees><LongitudeDegrees>59.78812026977539</LongitudeDegrees></Position></Trackpoint><Trackpoint><Time>2026-08-11T13:34:15.000Z</Time><Position><LatitudeDegrees>58.618778228759766</LatitudeDegrees><LongitudeDegrees>59.78812026977539</LongitudeDegrees></Position></Trackpoint><Trackpoint><Time>2026-08-11T13:34:16.000Z</Time><Position><LatitudeDegrees>58.61876678466797</LatitudeDegrees><LongitudeDegrees>59.788124084472656</LongitudeDegrees></Position></Trackpoint><Trackpoint><Time>2026-08-11T13:34:17.000Z</Time><Position><LatitudeDegrees>58.618751525878906</LatitudeDegrees><LongitudeDegrees>59.78812789916992</LongitudeDegrees></Position></Trackpoint><Trackpoint><Time>2026-08-11T13:34:18.000Z</Time><Position><LatitudeDegrees>58.6187632194494</LatitudeDegrees><LongitudeDegrees>59.78812335764632</LongitudeDegrees></Position></Trackpoint><Trackpoint><Time>2026-08-11T13:34:19.000Z</Time><Position><LatitudeDegrees>58.61872482299805</LatitudeDegrees><LongitudeDegrees>59.788124084472656</LongitudeDegrees></Position></Trackpoint><Trackpoint><Time>2026-08-11T13:34:20.000Z</Time><Position><LatitudeDegrees>58.618735159196085</LatitudeDegrees><LongitudeDegrees>59.78812378671493</LongitudeDegrees></Position></Trackpoint><Trackpoint><Time>2026-08-11T13:34:20.000Z</Time><Position><LatitudeDegrees>58.61869430541992</LatitudeDegrees><LongitudeDegrees>59.78812026977539</LongitudeDegrees></Position></Trackpoint><Trackpoint><Time>2026-08-11T13:34:22.000Z</Time><Position><LatitudeDegrees>58.61868667602539</LatitudeDegrees><LongitudeDegrees>59.788116455078125</LongitudeDegrees></Position></Trackpoint><Trackpoint><Time>2026-08-11T13:34:23.000Z</Time><Position><LatitudeDegrees>58.618675231933594</LatitudeDegrees><LongitudeDegrees>59.788116455078125</LongitudeDegrees></Position></Trackpoint><Trackpoint><Time>2026-08-11T13:34:24.000Z</Time><Position><LatitudeDegrees>58.61867141723633</LatitudeDegrees><LongitudeDegrees>59.788116455078125</LongitudeDegrees></Position></Trackpoint><Trackpoint><Time>2026-08-11T13:34:25.000Z</Time><Position><LatitudeDegrees>58.61865997314453</LatitudeDegrees><LongitudeDegrees>59.788116455078125</LongitudeDegrees></Position></Trackpoint><Trackpoint><Time>2026-08-11T13:34:26.000Z</Time><Position><LatitudeDegrees>58.61864471435547</LatitudeDegrees><LongitudeDegrees>59.788116455078125</LongitudeDegrees></Position></Trackpoint><Trackpoint><Time>2026-08-11T13:34:27.000Z</Time><Position><LatitudeDegrees>58.61863708496094</LatitudeDegrees><LongitudeDegrees>59.788116455078125</LongitudeDegrees></Position></Trackpoint><Trackpoint><Time>2026-08-11T13:34:28.000Z</Time><Position><LatitudeDegrees>58.618629455566406</LatitudeDegrees><LongitudeDegrees>59.788124084472656</LongitudeDegrees></Position></Trackpoint><Trackpoint><Time>2026-08-11T13:34:28.000Z</Time><Position><LatitudeDegrees>58.618614196777344</LatitudeDegrees><LongitudeDegrees>59.78812026977539</LongitudeDegrees></Position></Trackpoint><Trackpoint><Time>2026-08-11T13:34:30.000Z</Time><Position><LatitudeDegrees>58.61860275268555</LatitudeDegrees><LongitudeDegrees>59.788116455078125</LongitudeDegrees></Position></Trackpoint><Trackpoint><Time>2026-08-11T13:34:31.000Z</Time><Position><LatitudeDegrees>58.61859130859375</LatitudeDegrees><LongitudeDegrees>59.78812026977539</LongitudeDegrees></Position></Trackpoint><Trackpoint><Time>2026-08-11T13:34:32.000Z</Time><Position><LatitudeDegrees>58.61857986450195</LatitudeDegrees><LongitudeDegrees>59.788108825683594</LongitudeDegrees></Position></Trackpoint><Trackpoint><Time>2026-08-11T13:34:33.000Z</Time><Position><LatitudeDegrees>58.61856460571289</LatitudeDegrees><LongitudeDegrees>59.788108825683594</LongitudeDegrees></Position></Trackpoint><Trackpoint><Time>2026-08-11T13:34:33.000Z</Time><Position><LatitudeDegrees>58.61858316330787</LatitudeDegrees><LongitudeDegrees>59.788112542001464</LongitudeDegrees></Position></Trackpoint><Trackpoint><Time>2026-08-11T13:34:34.000Z</Time><Position><LatitudeDegrees>58.6185417175293</LatitudeDegrees><LongitudeDegrees>59.78811264038086</LongitudeDegrees></Position></Trackpoint><Trackpoint><Time>2026-08-11T13:34:36.000Z</Time><Position><LatitudeDegrees>58.618526458740234</LatitudeDegrees><LongitudeDegrees>59.788116455078125</LongitudeDegrees></Position></Trackpoint><Trackpoint><Time>2026-08-11T13:34:37.000Z</Time><Position><LatitudeDegrees>58.618507385253906</LatitudeDegrees><LongitudeDegrees>59.788116455078125</LongitudeDegrees></Position></Trackpoint><Trackpoint><Time>2026-08-11T13:34:37.000Z</Time><Position><LatitudeDegrees>58.61849594116211</LatitudeDegrees><LongitudeDegrees>59.78812026977539</LongitudeDegrees></Position></Trackpoint><Trackpoint><Time>2026-08-11T13:34:38.000Z</Time><Position><LatitudeDegrees>58.61847686767578</LatitudeDegrees><LongitudeDegrees>59.78812026977539</LongitudeDegrees></Position></Trackpoint><Trackpoint><Time>2026-08-11T13:34:40.000Z</Time><Position><LatitudeDegrees>58.61846923828125</LatitudeDegrees><LongitudeDegrees>59.78812026977539</LongitudeDegrees></Position></Trackpoint><Trackpoint><Time>2026-08-11T13:34:40.000Z</Time><Position><LatitudeDegrees>58.61845397949219</LatitudeDegrees><LongitudeDegrees>59.78811264038086</LongitudeDegrees></Position></Trackpoint><Trackpoint><Time>2026-08-11T13:34:42.000Z</Time><Position><LatitudeDegrees>58.61844253540039</LatitudeDegrees><LongitudeDegrees>59.78811264038086</LongitudeDegrees></Position></Trackpoint><Trackpoint><Time>2026-08-11T13:34:43.000Z</Time><Position><LatitudeDegrees>58.618431091308594</LatitudeDegrees><LongitudeDegrees>59.78811264038086</LongitudeDegrees></Position></Trackpoint><Trackpoint><Time>2026-08-11T13:34:43.000Z</Time><Position><LatitudeDegrees>58.6184196472168</LatitudeDegrees><LongitudeDegrees>59.788116455078125</LongitudeDegrees></Position></Trackpoint><Trackpoint><Time>2026-08-11T13:34:45.000Z</Time><Position><LatitudeDegrees>58.618404388427734</LatitudeDegrees><LongitudeDegrees>59.788116455078125</LongitudeDegrees></Position></Trackpoint><Trackpoint><Time>2026-08-11T13:34:45.000Z</Time><Position><LatitudeDegrees>58.61838912963867</LatitudeDegrees><LongitudeDegrees>59.788124084472656</LongitudeDegrees></Position></Trackpoint><Trackpoint><Time>2026-08-11T13:34:46.000Z</Time><Position><LatitudeDegrees>58.618377685546875</LatitudeDegrees><LongitudeDegrees>59.78812789916992</LongitudeDegrees></Position></Trackpoint><Trackpoint><Time>2026-08-11T13:34:47.000Z</Time><Position><LatitudeDegrees>58.61836624145508</LatitudeDegrees><LongitudeDegrees>59.788124084472656</LongitudeDegrees></Position></Trackpoint><Trackpoint><Time>2026-08-11T13:34:48.000Z</Time><Position><LatitudeDegrees>58.61835479736328</LatitudeDegrees><LongitudeDegrees>59.788124084472656</LongitudeDegrees></Position></Trackpoint><Trackpoint><Time>2026-08-11T13:34:49.000Z</Time><Position><LatitudeDegrees>58.61833953857422</LatitudeDegrees><LongitudeDegrees>59.788124084472656</LongitudeDegrees></Position></Trackpoint><Trackpoint><Time>2026-08-11T13:34:50.000Z</Time><Position><LatitudeDegrees>58.61832809448242</LatitudeDegrees><LongitudeDegrees>59.78812789916992</LongitudeDegrees></Position></Trackpoint><Trackpoint><Time>2026-08-11T13:34:51.000Z</Time><Position><LatitudeDegrees>58.618309020996094</LatitudeDegrees><LongitudeDegrees>59.78813171386719</LongitudeDegrees></Position></Trackpoint><Trackpoint><Time>2026-08-11T13:34:52.000Z</Time><Position><LatitudeDegrees>58.61832206557417</LatitudeDegrees><LongitudeDegrees>59.78812898464974</LongitudeDegrees></Position></Trackpoint><Trackpoint><Time>2026-08-11T13:34:53.000Z</Time><Position><LatitudeDegrees>58.618314823670495</LatitudeDegrees><LongitudeDegrees>59.78812796843405</LongitudeDegrees></Position></Trackpoint><Trackpoint><Time>2026-08-11T13:34:54.000Z</Time><Position><LatitudeDegrees>58.6182746887207</LatitudeDegrees><LongitudeDegrees>59.788124084472656</LongitudeDegrees></Position></Trackpoint><Trackpoint><Time>2026-08-11T13:34:55.000Z</Time><Position><LatitudeDegrees>58.618263244628906</LatitudeDegrees><LongitudeDegrees>59.78812026977539</LongitudeDegrees></Position></Trackpoint><Trackpoint><Time>2026-08-11T13:34:56.000Z</Time><Position><LatitudeDegrees>58.61825180053711</LatitudeDegrees><LongitudeDegrees>59.78812026977539</LongitudeDegrees></Position></Trackpoint><Trackpoint><Time>2026-08-11T13:34:57.000Z</Time><Position><LatitudeDegrees>58.61824035644531</LatitudeDegrees><LongitudeDegrees>59.78812026977539</LongitudeDegrees></Position></Trackpoint><Trackpoint><Time>2026-08-11T13:34:58.000Z</Time><Position><LatitudeDegrees>58.618228912353516</LatitudeDegrees><LongitudeDegrees>59.78812026977539</LongitudeDegrees></Position></Trackpoint><Trackpoint><Time>2026-08-11T13:34:59.000Z</Time><Position><LatitudeDegrees>58.61821365356445</LatitudeDegrees><LongitudeDegrees>59.78812026977539</LongitudeDegrees></Position></Trackpoint><Trackpoint><Time>2026-08-11T13:35:00.000Z</Time><Position><LatitudeDegrees>58.61819839477539</LatitudeDegrees><LongitudeDegrees>59.788124084472656</LongitudeDegrees></Position></Trackpoint><Trackpoint><Time>2026-08-11T13:35:02.000Z</Time><Position><LatitudeDegrees>58.61819076538086</LatitudeDegrees><LongitudeDegrees>59.78812789916992</LongitudeDegrees></Position></Trackpoint><Trackpoint><Time>2026-08-11T13:35:03.000Z</Time><Position><LatitudeDegrees>58.61817932128906</LatitudeDegrees><LongitudeDegrees>59.788124084472656</LongitudeDegrees></Position></Trackpoint><Trackpoint><Time>2026-08-11T13:35:03.000Z</Time><Position><LatitudeDegrees>58.6181640625</LatitudeDegrees><LongitudeDegrees>59.78812026977539</LongitudeDegrees></Position></Trackpoint><Trackpoint><Time>2026-08-11T13:35:04.000Z</Time><Position><LatitudeDegrees>58.6181526184082</LatitudeDegrees><LongitudeDegrees>59.78811264038086</LongitudeDegrees></Position></Trackpoint><Trackpoint><Time>2026-08-11T13:35:05.000Z</Time><Position><LatitudeDegrees>58.61813735961914</LatitudeDegrees><LongitudeDegrees>59.788116455078125</LongitudeDegrees></Position></Trackpoint><Trackpoint><Time>2026-08-11T13:35:07.000Z</Time><Position><LatitudeDegrees>58.618125915527344</LatitudeDegrees><LongitudeDegrees>59.78811264038086</LongitudeDegrees></Position></Trackpoint><Trackpoint><Time>2026-08-11T13:35:07.000Z</Time><Position><LatitudeDegrees>58.61811828613281</LatitudeDegrees><LongitudeDegrees>59.788116455078125</LongitudeDegrees></Position></Trackpoint><Trackpoint><Time>2026-08-11T13:35:08.000Z</Time><Position><LatitudeDegrees>58.618126693317805</LatitudeDegrees><LongitudeDegrees>59.78811634643906</LongitudeDegrees></Position></Trackpoint><Trackpoint><Time>2026-08-11T13:35:10.000Z</Time><Position><LatitudeDegrees>58.61809158325195</LatitudeDegrees><LongitudeDegrees>59.788108825683594</LongitudeDegrees></Position></Trackpoint><Trackpoint><Time>2026-08-11T13:35:10.000Z</Time><Position><LatitudeDegrees>58.61808395385742</LatitudeDegrees><LongitudeDegrees>59.78810501098633</LongitudeDegrees></Position></Trackpoint><Trackpoint><Time>2026-08-11T13:35:12.000Z</Time><Position><LatitudeDegrees>58.618072509765625</LatitudeDegrees><LongitudeDegrees>59.78810501098633</LongitudeDegrees></Position></Trackpoint><Trackpoint><Time>2026-08-11T13:35:13.000Z</Time><Position><LatitudeDegrees>58.61806106567383</LatitudeDegrees><LongitudeDegrees>59.7880973815918</LongitudeDegrees></Position></Trackpoint><Trackpoint><Time>2026-08-11T13:35:14.000Z</Time><Position><LatitudeDegrees>58.618045806884766</LatitudeDegrees><LongitudeDegrees>59.7880973815918</LongitudeDegrees></Position></Trackpoint><Trackpoint><Time>2026-08-11T13:35:14.000Z</Time><Position><LatitudeDegrees>58.618056736703934</LatitudeDegrees><LongitudeDegrees>59.788100335725204</LongitudeDegrees></Position></Trackpoint><Trackpoint><Time>2026-08-11T13:35:16.000Z</Time><Position><LatitudeDegrees>58.61804430202972</LatitudeDegrees><LongitudeDegrees>59.78809791252128</LongitudeDegrees></Position></Trackpoint><Trackpoint><Time>2026-08-11T13:35:16.000Z</Time><Position><LatitudeDegrees>58.61800765991211</LatitudeDegrees><LongitudeDegrees>59.78810501098633</LongitudeDegrees></Position></Trackpoint><Trackpoint><Time>2026-08-11T13:35:17.000Z</Time><Position><LatitudeDegrees>58.61800003051758</LatitudeDegrees><LongitudeDegrees>59.78810501098633</LongitudeDegrees></Position></Trackpoint><Trackpoint><Time>2026-08-11T13:35:19.000Z</Time><Position><LatitudeDegrees>58.617984771728516</LatitudeDegrees><LongitudeDegrees>59.78810501098633</LongitudeDegrees></Position></Trackpoint><Trackpoint><Time>2026-08-11T13:35:20.000Z</Time><Position><LatitudeDegrees>58.61797332763672</LatitudeDegrees><LongitudeDegrees>59.788108825683594</LongitudeDegrees></Position></Trackpoint><Trackpoint><Time>2026-08-11T13:35:20.000Z</Time><Position><LatitudeDegrees>58.61796188354492</LatitudeDegrees><LongitudeDegrees>59.78810119628906</LongitudeDegrees></Position></Trackpoint><Trackpoint><Time>2026-08-11T13:35:21.000Z</Time><Position><LatitudeDegrees>58.61794662475586</LatitudeDegrees><LongitudeDegrees>59.78810501098633</LongitudeDegrees></Position></Trackpoint><Trackpoint><Time>2026-08-11T13:35:23.000Z</Time><Position><LatitudeDegrees>58.61793899536133</LatitudeDegrees><LongitudeDegrees>59.78810501098633</LongitudeDegrees></Position></Trackpoint><Trackpoint><Time>2026-08-11T13:35:24.000Z</Time><Position><LatitudeDegrees>58.61794635207312</LatitudeDegrees><LongitudeDegrees>59.78810467738915</LongitudeDegrees></Position></Trackpoint><Trackpoint><Time>2026-08-11T13:35:25.000Z</Time><Position><LatitudeDegrees>58.61793949678861</LatitudeDegrees><LongitudeDegrees>59.78810338226931</LongitudeDegrees></Position></Trackpoint><Trackpoint><Time>2026-08-11T13:35:25.000Z</Time><Position><LatitudeDegrees>58.61789321899414</LatitudeDegrees><LongitudeDegrees>59.7880973815918</LongitudeDegrees></Position></Trackpoint><Trackpoint><Time>2026-08-11T13:35:27.000Z</Time><Position><LatitudeDegrees>58.617881774902344</LatitudeDegrees><LongitudeDegrees>59.78809356689453</LongitudeDegrees></Position></Trackpoint><Trackpoint><Time>2026-08-11T13:35:28.000Z</Time><Position><LatitudeDegrees>58.61787033081055</LatitudeDegrees><LongitudeDegrees>59.788089752197266</LongitudeDegrees></Position></Trackpoint><Trackpoint><Time>2026-08-11T13:35:28.000Z</Time><Position><LatitudeDegrees>58.61785888671875</LatitudeDegrees><LongitudeDegrees>59.7880973815918</LongitudeDegrees></Position></Trackpoint><Trackpoint><Time>2026-08-11T13:35:29.000Z</Time><Position><LatitudeDegrees>58.61785125732422</LatitudeDegrees><LongitudeDegrees>59.7880973815918</LongitudeDegrees></Position></Trackpoint><Trackpoint><Time>2026-08-11T13:35:30.000Z</Time><Position><LatitudeDegrees>58.61783981323242</LatitudeDegrees><LongitudeDegrees>59.788089752197266</LongitudeDegrees></Position></Trackpoint><Trackpoint><Time>2026-08-11T13:35:32.000Z</Time><Position><LatitudeDegrees>58.617828369140625</LatitudeDegrees><LongitudeDegrees>59.788089752197266</LongitudeDegrees></Position></Trackpoint><Trackpoint><Time>2026-08-11T13:35:32.000Z</Time><Position><LatitudeDegrees>58.61781311035156</LatitudeDegrees><LongitudeDegrees>59.7880859375</LongitudeDegrees></Position></Trackpoint><Trackpoint><Time>2026-08-11T13:35:34.000Z</Time><Position><LatitudeDegrees>58.61780548095703</LatitudeDegrees><LongitudeDegrees>59.788082122802734</LongitudeDegrees></Position></Trackpoint><Trackpoint><Time>2026-08-11T13:35:34.000Z</Time><Position><LatitudeDegrees>58.617794036865234</LatitudeDegrees><LongitudeDegrees>59.788089752197266</LongitudeDegrees></Position></Trackpoint><Trackpoint><Time>2026-08-11T13:35:35.000Z</Time><Position><LatitudeDegrees>58.61780399521993</LatitudeDegrees><LongitudeDegrees>59.78808874038737</LongitudeDegrees></Position></Trackpoint><Trackpoint><Time>2026-08-11T13:35:37.000Z</Time><Position><LatitudeDegrees>58.617774963378906</LatitudeDegrees><LongitudeDegrees>59.788082122802734</LongitudeDegrees></Position></Trackpoint><Trackpoint><Time>2026-08-11T13:35:37.000Z</Time><Position><LatitudeDegrees>58.61776351928711</LatitudeDegrees><LongitudeDegrees>59.78807067871094</LongitudeDegrees></Position></Trackpoint><Trackpoint><Time>2026-08-11T13:35:39.000Z</Time><Position><LatitudeDegrees>58.61774444580078</LatitudeDegrees><LongitudeDegrees>59.78806686401367</LongitudeDegrees></Position></Trackpoint><Trackpoint><Time>2026-08-11T13:35:40.000Z</Time><Position><LatitudeDegrees>58.61772537231445</LatitudeDegrees><LongitudeDegrees>59.788063049316406</LongitudeDegrees></Position></Trackpoint><Trackpoint><Time>2026-08-11T13:35:41.000Z</Time><Position><LatitudeDegrees>58.617740636004505</LatitudeDegrees><LongitudeDegrees>59.788066923159576</LongitudeDegrees></Position></Trackpoint><Trackpoint><Time>2026-08-11T13:35:41.000Z</Time><Position><LatitudeDegrees>58.617706298828125</LatitudeDegrees><LongitudeDegrees>59.78806686401367</LongitudeDegrees></Position></Trackpoint><Trackpoint><Time>2026-08-11T13:35:43.000Z</Time><Position><LatitudeDegrees>58.61769485473633</LatitudeDegrees><LongitudeDegrees>59.78806686401367</LongitudeDegrees></Position></Trackpoint><Trackpoint><Time>2026-08-11T13:35:44.000Z</Time><Position><LatitudeDegrees>58.61771446368452</LatitudeDegrees><LongitudeDegrees>59.78806956123357</LongitudeDegrees></Position></Trackpoint><Trackpoint><Time>2026-08-11T13:35:45.000Z</Time><Position><LatitudeDegrees>58.61767578125</LatitudeDegrees><LongitudeDegrees>59.788063049316406</LongitudeDegrees></Position></Trackpoint><Trackpoint><Time>2026-08-11T13:35:46.000Z</Time><Position><LatitudeDegrees>58.617671966552734</LatitudeDegrees><LongitudeDegrees>59.78805160522461</LongitudeDegrees></Position></Trackpoint><Trackpoint><Time>2026-08-11T13:35:47.000Z</Time><Position><LatitudeDegrees>58.61766815185547</LatitudeDegrees><LongitudeDegrees>59.78805160522461</LongitudeDegrees></Position></Trackpoint><Trackpoint><Time>2026-08-11T13:35:47.000Z</Time><Position><LatitudeDegrees>58.61766052246094</LatitudeDegrees><LongitudeDegrees>59.788047790527344</LongitudeDegrees></Position></Trackpoint><Trackpoint><Time>2026-08-11T13:35:48.000Z</Time><Position><LatitudeDegrees>58.61765670776367</LatitudeDegrees><LongitudeDegrees>59.78804016113281</LongitudeDegrees></Position></Trackpoint><Trackpoint><Time>2026-08-11T13:35:49.000Z</Time><Position><LatitudeDegrees>58.617645263671875</LatitudeDegrees><LongitudeDegrees>59.78803253173828</LongitudeDegrees></Position></Trackpoint><Trackpoint><Time>2026-08-11T13:35:51.000Z</Time><Position><LatitudeDegrees>58.61763381958008</LatitudeDegrees><LongitudeDegrees>59.78803253173828</LongitudeDegrees></Position></Trackpoint><Trackpoint><Time>2026-08-11T13:35:51.000Z</Time><Position><LatitudeDegrees>58.61764185153769</LatitudeDegrees><LongitudeDegrees>59.78803285770021</LongitudeDegrees></Position></Trackpoint><Trackpoint><Time>2026-08-11T13:35:52.000Z</Time><Position><LatitudeDegrees>58.61762922437422</LatitudeDegrees><LongitudeDegrees>59.788028692402044</LongitudeDegrees></Position></Trackpoint><Trackpoint><Time>2026-08-11T13:35:53.000Z</Time><Position><LatitudeDegrees>58.61760330200195</LatitudeDegrees><LongitudeDegrees>59.78802490234375</LongitudeDegrees></Position></Trackpoint><Trackpoint><Time>2026-08-11T13:35:54.000Z</Time><Position><LatitudeDegrees>58.61759567260742</LatitudeDegrees><LongitudeDegrees>59.78803253173828</LongitudeDegrees></Position></Trackpoint><Trackpoint><Time>2026-08-11T13:35:56.000Z</Time><Position><LatitudeDegrees>58.617584228515625</LatitudeDegrees><LongitudeDegrees>59.78803634643555</LongitudeDegrees></Position></Trackpoint><Trackpoint><Time>2026-08-11T13:35:57.000Z</Time><Position><LatitudeDegrees>58.61759924610948</LatitudeDegrees><LongitudeDegrees>59.788031331472524</LongitudeDegrees></Position></Trackpoint><Trackpoint><Time>2026-08-11T13:35:58.000Z</Time><Position><LatitudeDegrees>58.61756896972656</LatitudeDegrees><LongitudeDegrees>59.78800582885742</LongitudeDegrees></Position></Trackpoint><Trackpoint><Time>2026-08-11T13:35:59.000Z</Time><Position><LatitudeDegrees>58.61756134033203</LatitudeDegrees><LongitudeDegrees>59.78799819946289</LongitudeDegrees></Position></Trackpoint><Trackpoint><Time>2026-08-11T13:36:00.000Z</Time><Position><LatitudeDegrees>58.617549896240234</LatitudeDegrees><LongitudeDegrees>59.78799057006836</LongitudeDegrees></Position></Trackpoint><Trackpoint><Time>2026-08-11T13:36:01.000Z</Time><Position><LatitudeDegrees>58.617557672059334</LatitudeDegrees><LongitudeDegrees>59.787999709676576</LongitudeDegrees></Position></Trackpoint><Trackpoint><Time>2026-08-11T13:36:03.000Z</Time><Position><LatitudeDegrees>58.61755109806999</LatitudeDegrees><LongitudeDegrees>59.78800149081396</LongitudeDegrees></Position></Trackpoint><Trackpoint><Time>2026-08-11T13:36:03.000Z</Time><Position><LatitudeDegrees>58.61751937866211</LatitudeDegrees><LongitudeDegrees>59.78799819946289</LongitudeDegrees></Position></Trackpoint><Trackpoint><Time>2026-08-11T13:36:04.000Z</Time><Position><LatitudeDegrees>58.61750030517578</LatitudeDegrees><LongitudeDegrees>59.788002014160156</LongitudeDegrees></Position></Trackpoint><Trackpoint><Time>2026-08-11T13:36:06.000Z</Time><Position><LatitudeDegrees>58.61748504638672</LatitudeDegrees><LongitudeDegrees>59.78800582885742</LongitudeDegrees></Position></Trackpoint><Trackpoint><Time>2026-08-11T13:36:06.000Z</Time><Position><LatitudeDegrees>58.61747360229492</LatitudeDegrees><LongitudeDegrees>59.78800964355469</LongitudeDegrees></Position></Trackpoint><Trackpoint><Time>2026-08-11T13:36:07.000Z</Time><Position><LatitudeDegrees>58.617484455455575</LatitudeDegrees><LongitudeDegrees>59.788003789546636</LongitudeDegrees></Position></Trackpoint><Trackpoint><Time>2026-08-11T13:36:09.000Z</Time><Position><LatitudeDegrees>58.61747916849908</LatitudeDegrees><LongitudeDegrees>59.7880009905939</LongitudeDegrees></Position></Trackpoint><Trackpoint><Time>2026-08-11T13:36:10.000Z</Time><Position><LatitudeDegrees>58.61745071411133</LatitudeDegrees><LongitudeDegrees>59.787986755371094</LongitudeDegrees></Position></Trackpoint><Trackpoint><Time>2026-08-11T13:36:12.000Z</Time><Position><LatitudeDegrees>58.617464849766925</LatitudeDegrees><LongitudeDegrees>59.787993654833016</LongitudeDegrees></Position></Trackpoint><Trackpoint><Time>2026-08-11T13:36:12.000Z</Time><Position><LatitudeDegrees>58.617435455322266</LatitudeDegrees><LongitudeDegrees>59.7879524230957</LongitudeDegrees></Position></Trackpoint><Trackpoint><Time>2026-08-11T13:36:13.000Z</Time><Position><LatitudeDegrees>58.617431640625</LatitudeDegrees><LongitudeDegrees>59.78791809082031</LongitudeDegrees></Position></Trackpoint><Trackpoint><Time>2026-08-11T13:36:14.000Z</Time><Position><LatitudeDegrees>58.61744362676741</LatitudeDegrees><LongitudeDegrees>59.78794877974778</LongitudeDegrees></Position></Trackpoint><Trackpoint><Time>2026-08-11T13:36:15.000Z</Time><Position><LatitudeDegrees>58.617427825927734</LatitudeDegrees><LongitudeDegrees>59.78786849975586</LongitudeDegrees></Position></Trackpoint><Trackpoint><Time>2026-08-11T13:36:16.000Z</Time><Position><LatitudeDegrees>58.6174201965332</LatitudeDegrees><LongitudeDegrees>59.787845611572266</LongitudeDegrees></Position></Trackpoint><Trackpoint><Time>2026-08-11T13:36:17.000Z</Time><Position><LatitudeDegrees>58.61741638183594</LatitudeDegrees><LongitudeDegrees>59.78781509399414</LongitudeDegrees></Position></Trackpoint><Trackpoint><Time>2026-08-11T13:36:18.000Z</Time><Position><LatitudeDegrees>58.61741256713867</LatitudeDegrees><LongitudeDegrees>59.78778839111328</LongitudeDegrees></Position></Trackpoint><Trackpoint><Time>2026-08-11T13:36:19.000Z</Time><Position><LatitudeDegrees>58.61741542687999</LatitudeDegrees><LongitudeDegrees>59.78781324051881</LongitudeDegrees></Position></Trackpoint><Trackpoint><Time>2026-08-11T13:36:21.000Z</Time><Position><LatitudeDegrees>58.61740861452848</LatitudeDegrees><LongitudeDegrees>59.78779099670779</LongitudeDegrees></Position></Trackpoint><Trackpoint><Time>2026-08-11T13:36:21.000Z</Time><Position><LatitudeDegrees>58.61738204956055</LatitudeDegrees><LongitudeDegrees>59.78774642944336</LongitudeDegrees></Position></Trackpoint><Trackpoint><Time>2026-08-11T13:36:22.000Z</Time><Position><LatitudeDegrees>58.617374420166016</LatitudeDegrees><LongitudeDegrees>59.7877311706543</LongitudeDegrees></Position></Trackpoint><Trackpoint><Time>2026-08-11T13:36:24.000Z</Time><Position><LatitudeDegrees>58.61738184979693</LatitudeDegrees><LongitudeDegrees>59.787741033591345</LongitudeDegrees></Position></Trackpoint><Trackpoint><Time>2026-08-11T13:36:24.000Z</Time><Position><LatitudeDegrees>58.617377925187824</LatitudeDegrees><LongitudeDegrees>59.787729684626754</LongitudeDegrees></Position></Trackpoint><Trackpoint><Time>2026-08-11T13:36:25.000Z</Time><Position><LatitudeDegrees>58.617347717285156</LatitudeDegrees><LongitudeDegrees>59.78764343261719</LongitudeDegrees></Position></Trackpoint><Trackpoint><Time>2026-08-11T13:36:26.000Z</Time><Position><LatitudeDegrees>58.61734390258789</LatitudeDegrees><LongitudeDegrees>59.787620544433594</LongitudeDegrees></Position></Trackpoint><Trackpoint><Time>2026-08-11T13:36:27.000Z</Time><Position><LatitudeDegrees>58.61733627319336</LatitudeDegrees><LongitudeDegrees>59.7876091003418</LongitudeDegrees></Position></Trackpoint><Trackpoint><Time>2026-08-11T13:36:29.000Z</Time><Position><LatitudeDegrees>58.61732482910156</LatitudeDegrees><LongitudeDegrees>59.78758239746094</LongitudeDegrees></Position></Trackpoint><Trackpoint><Time>2026-08-11T13:36:29.000Z</Time><Position><LatitudeDegrees>58.6173210144043</LatitudeDegrees><LongitudeDegrees>59.78755569458008</LongitudeDegrees></Position></Trackpoint><Trackpoint><Time>2026-08-11T13:36:30.000Z</Time><Position><LatitudeDegrees>58.61732776893851</LatitudeDegrees><LongitudeDegrees>59.78757941095641</LongitudeDegrees></Position></Trackpoint><Trackpoint><Time>2026-08-11T13:36:31.000Z</Time><Position><LatitudeDegrees>58.617325234182005</LatitudeDegrees><LongitudeDegrees>59.78757124428442</LongitudeDegrees></Position></Trackpoint><Trackpoint><Time>2026-08-11T13:36:32.000Z</Time><Position><LatitudeDegrees>58.61732164253407</LatitudeDegrees><LongitudeDegrees>59.78756288093753</LongitudeDegrees></Position></Trackpoint><Trackpoint><Time>2026-08-11T13:36:34.000Z</Time><Position><LatitudeDegrees>58.61728286743164</LatitudeDegrees><LongitudeDegrees>59.787506103515625</LongitudeDegrees></Position></Trackpoint><Trackpoint><Time>2026-08-11T13:36:35.000Z</Time><Position><LatitudeDegrees>58.61726379394531</LatitudeDegrees><LongitudeDegrees>59.78749084472656</LongitudeDegrees></Position></Trackpoint><Trackpoint><Time>2026-08-11T13:36:35.000Z</Time><Position><LatitudeDegrees>58.617252349853516</LatitudeDegrees><LongitudeDegrees>59.7874755859375</LongitudeDegrees></Position></Trackpoint><Trackpoint><Time>2026-08-11T13:36:37.000Z</Time><Position><LatitudeDegrees>58.617244720458984</LatitudeDegrees><LongitudeDegrees>59.7874641418457</LongitudeDegrees></Position></Trackpoint><Trackpoint><Time>2026-08-11T13:36:37.000Z</Time><Position><LatitudeDegrees>58.61726199258789</LatitudeDegrees><LongitudeDegrees>59.78748587692861</LongitudeDegrees></Position></Trackpoint><Trackpoint><Time>2026-08-11T13:36:38.000Z</Time><Position><LatitudeDegrees>58.61723709106445</LatitudeDegrees><LongitudeDegrees>59.78744125366211</LongitudeDegrees></Position></Trackpoint><Trackpoint><Time>2026-08-11T13:36:40.000Z</Time><Position><LatitudeDegrees>58.61723327636719</LatitudeDegrees><LongitudeDegrees>59.78742218017578</LongitudeDegrees></Position></Trackpoint><Trackpoint><Time>2026-08-11T13:36:40.000Z</Time><Position><LatitudeDegrees>58.617225646972656</LatitudeDegrees><LongitudeDegrees>59.78740310668945</LongitudeDegrees></Position></Trackpoint><Trackpoint><Time>2026-08-11T13:36:41.000Z</Time><Position><LatitudeDegrees>58.61721420288086</LatitudeDegrees><LongitudeDegrees>59.787391662597656</LongitudeDegrees></Position></Trackpoint><Trackpoint><Time>2026-08-11T13:36:42.000Z</Time><Position><LatitudeDegrees>58.61722018976194</LatitudeDegrees><LongitudeDegrees>59.78740404198705</LongitudeDegrees></Position></Trackpoint><Trackpoint><Time>2026-08-11T13:36:43.000Z</Time><Position><LatitudeDegrees>58.617191314697266</LatitudeDegrees><LongitudeDegrees>59.7873649597168</LongitudeDegrees></Position></Trackpoint><Trackpoint><Time>2026-08-11T13:36:44.000Z</Time><Position><LatitudeDegrees>58.617206373730355</LatitudeDegrees><LongitudeDegrees>59.787384213519374</LongitudeDegrees></Position></Trackpoint><Trackpoint><Time>2026-08-11T13:36:46.000Z</Time><Position><LatitudeDegrees>58.6171760559082</LatitudeDegrees><LongitudeDegrees>59.78734588623047</LongitudeDegrees></Position></Trackpoint><Trackpoint><Time>2026-08-11T13:36:47.000Z</Time><Position><LatitudeDegrees>58.61717914774206</LatitudeDegrees><LongitudeDegrees>59.78735600543172</LongitudeDegrees></Position></Trackpoint><Trackpoint><Time>2026-08-11T13:36:47.000Z</Time><Position><LatitudeDegrees>58.61713409423828</LatitudeDegrees><LongitudeDegrees>59.78733444213867</LongitudeDegrees></Position></Trackpoint><Trackpoint><Time>2026-08-11T13:36:49.000Z</Time><Position><LatitudeDegrees>58.61711502075195</LatitudeDegrees><LongitudeDegrees>59.78733825683594</LongitudeDegrees></Position></Trackpoint><Trackpoint><Time>2026-08-11T13:36:49.000Z</Time><Position><LatitudeDegrees>58.617095947265625</LatitudeDegrees><LongitudeDegrees>59.78732681274414</LongitudeDegrees></Position></Trackpoint><Trackpoint><Time>2026-08-11T13:36:50.000Z</Time><Position><LatitudeDegrees>58.61708450317383</LatitudeDegrees><LongitudeDegrees>59.78731918334961</LongitudeDegrees></Position></Trackpoint><Trackpoint><Time>2026-08-11T13:36:51.000Z</Time><Position><LatitudeDegrees>58.61709829603607</LatitudeDegrees><LongitudeDegrees>59.78732431670299</LongitudeDegrees></Position></Trackpoint><Trackpoint><Time>2026-08-11T13:36:52.000Z</Time><Position><LatitudeDegrees>58.6170654296875</LatitudeDegrees><LongitudeDegrees>59.78730010986328</LongitudeDegrees></Position></Trackpoint><Trackpoint><Time>2026-08-11T13:36:53.000Z</Time><Position><LatitudeDegrees>58.61705780029297</LatitudeDegrees><LongitudeDegrees>59.787288665771484</LongitudeDegrees></Position></Trackpoint><Trackpoint><Time>2026-08-11T13:36:54.000Z</Time><Position><LatitudeDegrees>58.61704635620117</LatitudeDegrees><LongitudeDegrees>59.78728103637695</LongitudeDegrees></Position></Trackpoint><Trackpoint><Time>2026-08-11T13:36:55.000Z</Time><Position><LatitudeDegrees>58.617034912109375</LatitudeDegrees><LongitudeDegrees>59.787269592285156</LongitudeDegrees></Position></Trackpoint><Trackpoint><Time>2026-08-11T13:36:56.000Z</Time><Position><LatitudeDegrees>58.61701965332031</LatitudeDegrees><LongitudeDegrees>59.78727340698242</LongitudeDegrees></Position></Trackpoint><Trackpoint><Time>2026-08-11T13:36:57.000Z</Time><Position><LatitudeDegrees>58.61700439453125</LatitudeDegrees><LongitudeDegrees>59.78725814819336</LongitudeDegrees></Position></Trackpoint><Trackpoint><Time>2026-08-11T13:36:58.000Z</Time><Position><LatitudeDegrees>58.617000579833984</LatitudeDegrees><LongitudeDegrees>59.787261962890625</LongitudeDegrees></Position></Trackpoint><Trackpoint><Time>2026-08-11T13:36:59.000Z</Time><Position><LatitudeDegrees>58.61698913574219</LatitudeDegrees><LongitudeDegrees>59.787254333496094</LongitudeDegrees></Position></Trackpoint><Trackpoint><Time>2026-08-11T13:37:00.000Z</Time><Position><LatitudeDegrees>58.616981506347656</LatitudeDegrees><LongitudeDegrees>59.78724670410156</LongitudeDegrees></Position></Trackpoint><Trackpoint><Time>2026-08-11T13:37:01.000Z</Time><Position><LatitudeDegrees>58.616973876953125</LatitudeDegrees><LongitudeDegrees>59.78723907470703</LongitudeDegrees></Position></Trackpoint><Trackpoint><Time>2026-08-11T13:37:02.000Z</Time><Position><LatitudeDegrees>58.616966247558594</LatitudeDegrees><LongitudeDegrees>59.7872314453125</LongitudeDegrees></Position></Trackpoint><Trackpoint><Time>2026-08-11T13:37:03.000Z</Time><Position><LatitudeDegrees>58.61695861816406</LatitudeDegrees><LongitudeDegrees>59.787227630615234</LongitudeDegrees></Position></Trackpoint><Trackpoint><Time>2026-08-11T13:37:04.000Z</Time><Position><LatitudeDegrees>58.616947174072266</LatitudeDegrees><LongitudeDegrees>59.7872200012207</LongitudeDegrees></Position></Trackpoint><Trackpoint><Time>2026-08-11T13:37:06.000Z</Time><Position><LatitudeDegrees>58.616943359375</LatitudeDegrees><LongitudeDegrees>59.78721618652344</LongitudeDegrees></Position></Trackpoint><Trackpoint><Time>2026-08-11T13:37:07.000Z</Time><Position><LatitudeDegrees>58.61693572998047</LatitudeDegrees><LongitudeDegrees>59.78721237182617</LongitudeDegrees></Position></Trackpoint><Trackpoint><Time>2026-08-11T13:37:08.000Z</Time><Position><LatitudeDegrees>58.6169319152832</LatitudeDegrees><LongitudeDegrees>59.78721237182617</LongitudeDegrees></Position></Trackpoint><Trackpoint><Time>2026-08-11T13:37:09.000Z</Time><Position><LatitudeDegrees>58.61692428588867</LatitudeDegrees><LongitudeDegrees>59.78721618652344</LongitudeDegrees></Position></Trackpoint><Trackpoint><Time>2026-08-11T13:37:09.000Z</Time><Position><LatitudeDegrees>58.616933734794685</LatitudeDegrees><LongitudeDegrees>59.78721722164091</LongitudeDegrees></Position></Trackpoint><Trackpoint><Time>2026-08-11T13:37:10.000Z</Time><Position><LatitudeDegrees>58.616905212402344</LatitudeDegrees><LongitudeDegrees>59.78718948364258</LongitudeDegrees></Position></Trackpoint><Trackpoint><Time>2026-08-11T13:37:11.000Z</Time><Position><LatitudeDegrees>58.61689376831055</LatitudeDegrees><LongitudeDegrees>59.78717041015625</LongitudeDegrees></Position></Trackpoint><Trackpoint><Time>2026-08-11T13:37:12.000Z</Time><Position><LatitudeDegrees>58.616886138916016</LatitudeDegrees><LongitudeDegrees>59.787147521972656</LongitudeDegrees></Position></Trackpoint><Trackpoint><Time>2026-08-11T13:37:14.000Z</Time><Position><LatitudeDegrees>58.61687469482422</LatitudeDegrees><LongitudeDegrees>59.787132263183594</LongitudeDegrees></Position></Trackpoint><Trackpoint><Time>2026-08-11T13:37:14.000Z</Time><Position><LatitudeDegrees>58.61687963652263</LatitudeDegrees><LongitudeDegrees>59.78714401728118</LongitudeDegrees></Position></Trackpoint><Trackpoint><Time>2026-08-11T13:37:16.000Z</Time><Position><LatitudeDegrees>58.61687546220048</LatitudeDegrees><LongitudeDegrees>59.78714005374016</LongitudeDegrees></Position></Trackpoint><Trackpoint><Time>2026-08-11T13:37:17.000Z</Time><Position><LatitudeDegrees>58.616860154196246</LatitudeDegrees><LongitudeDegrees>59.787131796137615</LongitudeDegrees></Position></Trackpoint><Trackpoint><Time>2026-08-11T13:37:17.000Z</Time><Position><LatitudeDegrees>58.616825103759766</LatitudeDegrees><LongitudeDegrees>59.78711700439453</LongitudeDegrees></Position></Trackpoint><Trackpoint><Time>2026-08-11T13:37:18.000Z</Time><Position><LatitudeDegrees>58.61683346255349</LatitudeDegrees><LongitudeDegrees>59.78712121970351</LongitudeDegrees></Position></Trackpoint><Trackpoint><Time>2026-08-11T13:37:19.000Z</Time><Position><LatitudeDegrees>58.61680221557617</LatitudeDegrees><LongitudeDegrees>59.787113189697266</LongitudeDegrees></Position></Trackpoint><Trackpoint><Time>2026-08-11T13:37:21.000Z</Time><Position><LatitudeDegrees>58.616783142089844</LatitudeDegrees><LongitudeDegrees>59.787105560302734</LongitudeDegrees></Position></Trackpoint><Trackpoint><Time>2026-08-11T13:37:21.000Z</Time><Position><LatitudeDegrees>58.61676788330078</LatitudeDegrees><LongitudeDegrees>59.787109375</LongitudeDegrees></Position></Trackpoint><Trackpoint><Time>2026-08-11T13:37:22.000Z</Time><Position><LatitudeDegrees>58.61674880981445</LatitudeDegrees><LongitudeDegrees>59.787109375</LongitudeDegrees></Position></Trackpoint><Trackpoint><Time>2026-08-11T13:37:23.000Z</Time><Position><LatitudeDegrees>58.61673355102539</LatitudeDegrees><LongitudeDegrees>59.787105560302734</LongitudeDegrees></Position></Trackpoint><Trackpoint><Time>2026-08-11T13:37:24.000Z</Time><Position><LatitudeDegrees>58.616722106933594</LatitudeDegrees><LongitudeDegrees>59.78709411621094</LongitudeDegrees></Position></Trackpoint><Trackpoint><Time>2026-08-11T13:37:26.000Z</Time><Position><LatitudeDegrees>58.6167106628418</LatitudeDegrees><LongitudeDegrees>59.78709411621094</LongitudeDegrees></Position></Trackpoint><Trackpoint><Time>2026-08-11T13:37:27.000Z</Time><Position><LatitudeDegrees>58.61669921875</LatitudeDegrees><LongitudeDegrees>59.78709030151367</LongitudeDegrees></Position></Trackpoint><Trackpoint><Time>2026-08-11T13:37:28.000Z</Time><Position><LatitudeDegrees>58.61668014526367</LatitudeDegrees><LongitudeDegrees>59.787086486816406</LongitudeDegrees></Position></Trackpoint><Trackpoint><Time>2026-08-11T13:37:29.000Z</Time><Position><LatitudeDegrees>58.616701586108604</LatitudeDegrees><LongitudeDegrees>59.787092745030606</LongitudeDegrees></Position></Trackpoint><Trackpoint><Time>2026-08-11T13:37:29.000Z</Time><Position><LatitudeDegrees>58.616682971610246</LatitudeDegrees><LongitudeDegrees>59.78709460291051</LongitudeDegrees></Position></Trackpoint><Trackpoint><Time>2026-08-11T13:37:30.000Z</Time><Position><LatitudeDegrees>58.616634368896484</LatitudeDegrees><LongitudeDegrees>59.78710174560547</LongitudeDegrees></Position></Trackpoint><Trackpoint><Time>2026-08-11T13:37:32.000Z</Time><Position><LatitudeDegrees>58.61662673950195</LatitudeDegrees><LongitudeDegrees>59.787109375</LongitudeDegrees></Position></Trackpoint><Trackpoint><Time>2026-08-11T13:37:33.000Z</Time><Position><LatitudeDegrees>58.616607666015625</LatitudeDegrees><LongitudeDegrees>59.787105560302734</LongitudeDegrees></Position></Trackpoint><Trackpoint><Time>2026-08-11T13:37:34.000Z</Time><Position><LatitudeDegrees>58.61659622192383</LatitudeDegrees><LongitudeDegrees>59.787113189697266</LongitudeDegrees></Position></Trackpoint><Trackpoint><Time>2026-08-11T13:37:35.000Z</Time><Position><LatitudeDegrees>58.6165885925293</LatitudeDegrees><LongitudeDegrees>59.7871208190918</LongitudeDegrees></Position></Trackpoint><Trackpoint><Time>2026-08-11T13:37:36.000Z</Time><Position><LatitudeDegrees>58.61658477783203</LatitudeDegrees><LongitudeDegrees>59.78711700439453</LongitudeDegrees></Position></Trackpoint><Trackpoint><Time>2026-08-11T13:37:37.000Z</Time><Position><LatitudeDegrees>58.6165771484375</LatitudeDegrees><LongitudeDegrees>59.787113189697266</LongitudeDegrees></Position></Trackpoint><Trackpoint><Time>2026-08-11T13:37:38.000Z</Time><Position><LatitudeDegrees>58.61656951904297</LatitudeDegrees><LongitudeDegrees>59.787113189697266</LongitudeDegrees></Position></Trackpoint><Trackpoint><Time>2026-08-11T13:37:39.000Z</Time><Position><LatitudeDegrees>58.61655044555664</LatitudeDegrees><LongitudeDegrees>59.787113189697266</LongitudeDegrees></Position></Trackpoint><Trackpoint><Time>2026-08-11T13:37:39.000Z</Time><Position><LatitudeDegrees>58.61653518676758</LatitudeDegrees><LongitudeDegrees>59.787113189697266</LongitudeDegrees></Position></Trackpoint><Trackpoint><Time>2026-08-11T13:37:41.000Z</Time><Position><LatitudeDegrees>58.616547604960324</LatitudeDegrees><LongitudeDegrees>59.787114598985106</LongitudeDegrees></Position></Trackpoint><Trackpoint><Time>2026-08-11T13:37:41.000Z</Time><Position><LatitudeDegrees>58.61654369579492</LatitudeDegrees><LongitudeDegrees>59.787113543182066</LongitudeDegrees></Position></Trackpoint><Trackpoint><Time>2026-08-11T13:37:43.000Z</Time><Position><LatitudeDegrees>58.616519927978516</LatitudeDegrees><LongitudeDegrees>59.787109375</LongitudeDegrees></Position></Trackpoint><Trackpoint><Time>2026-08-11T13:37:44.000Z</Time><Position><LatitudeDegrees>58.61650848388672</LatitudeDegrees><LongitudeDegrees>59.787113189697266</LongitudeDegrees></Position></Trackpoint><Trackpoint><Time>2026-08-11T13:37:45.000Z</Time><Position><LatitudeDegrees>58.616519478563724</LatitudeDegrees><LongitudeDegrees>59.78710998700211</LongitudeDegrees></Position></Trackpoint><Trackpoint><Time>2026-08-11T13:37:45.000Z</Time><Position><LatitudeDegrees>58.61650466918945</LatitudeDegrees><LongitudeDegrees>59.78710174560547</LongitudeDegrees></Position></Trackpoint><Trackpoint><Time>2026-08-11T13:37:47.000Z</Time><Position><LatitudeDegrees>58.61650085449219</LatitudeDegrees><LongitudeDegrees>59.78709411621094</LongitudeDegrees></Position></Trackpoint><Trackpoint><Time>2026-08-11T13:37:49.000Z</Time><Position><LatitudeDegrees>58.61649703979492</LatitudeDegrees><LongitudeDegrees>59.787086486816406</LongitudeDegrees></Position></Trackpoint><Trackpoint><Time>2026-08-11T13:37:49.000Z</Time><Position><LatitudeDegrees>58.61648941040039</LatitudeDegrees><LongitudeDegrees>59.78707504272461</LongitudeDegrees></Position></Trackpoint><Trackpoint><Time>2026-08-11T13:37:50.000Z</Time><Position><LatitudeDegrees>58.616490352959794</LatitudeDegrees><LongitudeDegrees>59.7870839631846</LongitudeDegrees></Position></Trackpoint><Trackpoint><Time>2026-08-11T13:37:52.000Z</Time><Position><LatitudeDegrees>58.616455078125</LatitudeDegrees><LongitudeDegrees>59.78707504272461</LongitudeDegrees></Position></Trackpoint><Trackpoint><Time>2026-08-11T13:37:53.000Z</Time><Position><LatitudeDegrees>58.61646442384264</LatitudeDegrees><LongitudeDegrees>59.787080299516134</LongitudeDegrees></Position></Trackpoint><Trackpoint><Time>2026-08-11T13:37:53.000Z</Time><Position><LatitudeDegrees>58.616455616456015</LatitudeDegrees><LongitudeDegrees>59.787082708837936</LongitudeDegrees></Position></Trackpoint><Trackpoint><Time>2026-08-11T13:37:54.000Z</Time><Position><LatitudeDegrees>58.61640930175781</LatitudeDegrees><LongitudeDegrees>59.78708267211914</LongitudeDegrees></Position></Trackpoint><Trackpoint><Time>2026-08-11T13:37:55.000Z</Time><Position><LatitudeDegrees>58.61640167236328</LatitudeDegrees><LongitudeDegrees>59.787078857421875</LongitudeDegrees></Position></Trackpoint><Trackpoint><Time>2026-08-11T13:37:56.000Z</Time><Position><LatitudeDegrees>58.616390228271484</LatitudeDegrees><LongitudeDegrees>59.787078857421875</LongitudeDegrees></Position></Trackpoint><Trackpoint><Time>2026-08-11T13:37:57.000Z</Time><Position><LatitudeDegrees>58.61638259887695</LatitudeDegrees><LongitudeDegrees>59.78709030151367</LongitudeDegrees></Position></Trackpoint><Trackpoint><Time>2026-08-11T13:37:58.000Z</Time><Position><LatitudeDegrees>58.61637496948242</LatitudeDegrees><LongitudeDegrees>59.78709030151367</LongitudeDegrees></Position></Trackpoint><Trackpoint><Time>2026-08-11T13:37:59.000Z</Time><Position><LatitudeDegrees>58.61638438537883</LatitudeDegrees><LongitudeDegrees>59.78708631461255</LongitudeDegrees></Position></Trackpoint><Trackpoint><Time>2026-08-11T13:38:00.000Z</Time><Position><LatitudeDegrees>58.616363525390625</LatitudeDegrees><LongitudeDegrees>59.787078857421875</LongitudeDegrees></Position></Trackpoint><Trackpoint><Time>2026-08-11T13:38:01.000Z</Time><Position><LatitudeDegrees>58.61634826660156</LatitudeDegrees><LongitudeDegrees>59.78707504272461</LongitudeDegrees></Position></Trackpoint><Trackpoint><Time>2026-08-11T13:38:03.000Z</Time><Position><LatitudeDegrees>58.616336822509766</LatitudeDegrees><LongitudeDegrees>59.787078857421875</LongitudeDegrees></Position></Trackpoint><Trackpoint><Time>2026-08-11T13:38:03.000Z</Time><Position><LatitudeDegrees>58.6163215637207</LatitudeDegrees><LongitudeDegrees>59.787078857421875</LongitudeDegrees></Position></Trackpoint><Trackpoint><Time>2026-08-11T13:38:05.000Z</Time><Position><LatitudeDegrees>58.61630630493164</LatitudeDegrees><LongitudeDegrees>59.78707504272461</LongitudeDegrees></Position></Trackpoint><Trackpoint><Time>2026-08-11T13:38:05.000Z</Time><Position><LatitudeDegrees>58.616294860839844</LatitudeDegrees><LongitudeDegrees>59.78707504272461</LongitudeDegrees></Position></Trackpoint><Trackpoint><Time>2026-08-11T13:38:06.000Z</Time><Position><LatitudeDegrees>58.61627960205078</LatitudeDegrees><LongitudeDegrees>59.78707504272461</LongitudeDegrees></Position></Trackpoint><Trackpoint><Time>2026-08-11T13:38:08.000Z</Time><Position><LatitudeDegrees>58.61629952491682</LatitudeDegrees><LongitudeDegrees>59.78707461300567</LongitudeDegrees></Position></Trackpoint><Trackpoint><Time>2026-08-11T13:38:08.000Z</Time><Position><LatitudeDegrees>58.61625289916992</LatitudeDegrees><LongitudeDegrees>59.78705978393555</LongitudeDegrees></Position></Trackpoint><Trackpoint><Time>2026-08-11T13:38:09.000Z</Time><Position><LatitudeDegrees>58.61624526977539</LatitudeDegrees><LongitudeDegrees>59.787052154541016</LongitudeDegrees></Position></Trackpoint><Trackpoint><Time>2026-08-11T13:38:10.000Z</Time><Position><LatitudeDegrees>58.616241455078125</LatitudeDegrees><LongitudeDegrees>59.78704833984375</LongitudeDegrees></Position></Trackpoint><Trackpoint><Time>2026-08-11T13:38:12.000Z</Time><Position><LatitudeDegrees>58.616233825683594</LatitudeDegrees><LongitudeDegrees>59.78703308105469</LongitudeDegrees></Position></Trackpoint><Trackpoint><Time>2026-08-11T13:38:12.000Z</Time><Position><LatitudeDegrees>58.61621856689453</LatitudeDegrees><LongitudeDegrees>59.78702926635742</LongitudeDegrees></Position></Trackpoint><Trackpoint><Time>2026-08-11T13:38:13.000Z</Time><Position><LatitudeDegrees>58.61620330810547</LatitudeDegrees><LongitudeDegrees>59.78702926635742</LongitudeDegrees></Position></Trackpoint><Trackpoint><Time>2026-08-11T13:38:14.000Z</Time><Position><LatitudeDegrees>58.616188049316406</LatitudeDegrees><LongitudeDegrees>59.78702926635742</LongitudeDegrees></Position></Trackpoint><Trackpoint><Time>2026-08-11T13:38:15.000Z</Time><Position><LatitudeDegrees>58.61620779829977</LatitudeDegrees><LongitudeDegrees>59.78703132882542</LongitudeDegrees></Position></Trackpoint><Trackpoint><Time>2026-08-11T13:38:17.000Z</Time><Position><LatitudeDegrees>58.61616897583008</LatitudeDegrees><LongitudeDegrees>59.78699493408203</LongitudeDegrees></Position></Trackpoint><Trackpoint><Time>2026-08-11T13:38:18.000Z</Time><Position><LatitudeDegrees>58.61616516113281</LatitudeDegrees><LongitudeDegrees>59.7869758605957</LongitudeDegrees></Position></Trackpoint><Trackpoint><Time>2026-08-11T13:38:19.000Z</Time><Position><LatitudeDegrees>58.61616516113281</LatitudeDegrees><LongitudeDegrees>59.786964416503906</LongitudeDegrees></Position></Trackpoint><Trackpoint><Time>2026-08-11T13:38:20.000Z</Time><Position><LatitudeDegrees>58.61615753173828</LatitudeDegrees><LongitudeDegrees>59.78696823120117</LongitudeDegrees></Position></Trackpoint><Trackpoint><Time>2026-08-11T13:38:20.000Z</Time><Position><LatitudeDegrees>58.61616760030132</LatitudeDegrees><LongitudeDegrees>59.78697976018614</LongitudeDegrees></Position></Trackpoint><Trackpoint><Time>2026-08-11T13:38:22.000Z</Time><Position><LatitudeDegrees>58.61613845825195</LatitudeDegrees><LongitudeDegrees>59.78697967529297</LongitudeDegrees></Position></Trackpoint><Trackpoint><Time>2026-08-11T13:38:23.000Z</Time><Position><LatitudeDegrees>58.61613082885742</LatitudeDegrees><LongitudeDegrees>59.786983489990234</LongitudeDegrees></Position></Trackpoint><Trackpoint><Time>2026-08-11T13:38:24.000Z</Time><Position><LatitudeDegrees>58.61611557006836</LatitudeDegrees><LongitudeDegrees>59.786983489990234</LongitudeDegrees></Position></Trackpoint><Trackpoint><Time>2026-08-11T13:38:25.000Z</Time><Position><LatitudeDegrees>58.61610794067383</LatitudeDegrees><LongitudeDegrees>59.786983489990234</LongitudeDegrees></Position></Trackpoint><Trackpoint><Time>2026-08-11T13:38:26.000Z</Time><Position><LatitudeDegrees>58.6161003112793</LatitudeDegrees><LongitudeDegrees>59.7869873046875</LongitudeDegrees></Position></Trackpoint><Trackpoint><Time>2026-08-11T13:38:26.000Z</Time><Position><LatitudeDegrees>58.6160888671875</LatitudeDegrees><LongitudeDegrees>59.786991119384766</LongitudeDegrees></Position></Trackpoint><Trackpoint><Time>2026-08-11T13:38:27.000Z</Time><Position><LatitudeDegrees>58.61608123779297</LatitudeDegrees><LongitudeDegrees>59.78699493408203</LongitudeDegrees></Position></Trackpoint><Trackpoint><Time>2026-08-11T13:38:29.000Z</Time><Position><LatitudeDegrees>58.616065979003906</LatitudeDegrees><LongitudeDegrees>59.78699493408203</LongitudeDegrees></Position></Trackpoint><Trackpoint><Time>2026-08-11T13:38:30.000Z</Time><Position><LatitudeDegrees>58.61605453491211</LatitudeDegrees><LongitudeDegrees>59.7869987487793</LongitudeDegrees></Position></Trackpoint><Trackpoint><Time>2026-08-11T13:38:30.000Z</Time><Position><LatitudeDegrees>58.61607082097623</LatitudeDegrees><LongitudeDegrees>59.78699421154879</LongitudeDegrees></Position></Trackpoint><Trackpoint><Time>2026-08-11T13:38:31.000Z</Time><Position><LatitudeDegrees>58.61605678650546</LatitudeDegrees><LongitudeDegrees>59.786993103757624</LongitudeDegrees></Position></Trackpoint><Trackpoint><Time>2026-08-11T13:38:32.000Z</Time><Position><LatitudeDegrees>58.61602020263672</LatitudeDegrees><LongitudeDegrees>59.786983489990234</LongitudeDegrees></Position></Trackpoint><Trackpoint><Time>2026-08-11T13:38:34.000Z</Time><Position><LatitudeDegrees>58.616004943847656</LatitudeDegrees><LongitudeDegrees>59.78697967529297</LongitudeDegrees></Position></Trackpoint><Trackpoint><Time>2026-08-11T13:38:34.000Z</Time><Position><LatitudeDegrees>58.61599349975586</LatitudeDegrees><LongitudeDegrees>59.786983489990234</LongitudeDegrees></Position></Trackpoint><Trackpoint><Time>2026-08-11T13:38:36.000Z</Time><Position><LatitudeDegrees>58.6159782409668</LatitudeDegrees><LongitudeDegrees>59.78697204589844</LongitudeDegrees></Position></Trackpoint><Trackpoint><Time>2026-08-11T13:38:36.000Z</Time><Position><LatitudeDegrees>58.61599001960312</LatitudeDegrees><LongitudeDegrees>59.78697607752039</LongitudeDegrees></Position></Trackpoint><Trackpoint><Time>2026-08-11T13:38:38.000Z</Time><Position><LatitudeDegrees>58.61595916748047</LatitudeDegrees><LongitudeDegrees>59.78696823120117</LongitudeDegrees></Position></Trackpoint><Trackpoint><Time>2026-08-11T13:38:39.000Z</Time><Position><LatitudeDegrees>58.6159553527832</LatitudeDegrees><LongitudeDegrees>59.78696823120117</LongitudeDegrees></Position></Trackpoint><Trackpoint><Time>2026-08-11T13:38:40.000Z</Time><Position><LatitudeDegrees>58.615943908691406</LatitudeDegrees><LongitudeDegrees>59.78697204589844</LongitudeDegrees></Position></Trackpoint><Trackpoint><Time>2026-08-11T13:38:42.000Z</Time><Position><LatitudeDegrees>58.61593246459961</LatitudeDegrees><LongitudeDegrees>59.7869758605957</LongitudeDegrees></Position></Trackpoint><Trackpoint><Time>2026-08-11T13:38:42.000Z</Time><Position><LatitudeDegrees>58.61592102050781</LatitudeDegrees><LongitudeDegrees>59.78697204589844</LongitudeDegrees></Position></Trackpoint><Trackpoint><Time>2026-08-11T13:38:44.000Z</Time><Position><LatitudeDegrees>58.615901947021484</LatitudeDegrees><LongitudeDegrees>59.78696823120117</LongitudeDegrees></Position></Trackpoint><Trackpoint><Time>2026-08-11T13:38:45.000Z</Time><Position><LatitudeDegrees>58.61589050292969</LatitudeDegrees><LongitudeDegrees>59.786964416503906</LongitudeDegrees></Position></Trackpoint><Trackpoint><Time>2026-08-11T13:38:46.000Z</Time><Position><LatitudeDegrees>58.61590255335798</LatitudeDegrees><LongitudeDegrees>59.7869658204381</LongitudeDegrees></Position></Trackpoint><Trackpoint><Time>2026-08-11T13:38:47.000Z</Time><Position><LatitudeDegrees>58.61590309270086</LatitudeDegrees><LongitudeDegrees>59.78696537101772</LongitudeDegrees></Position></Trackpoint><Trackpoint><Time>2026-08-11T13:38:48.000Z</Time><Position><LatitudeDegrees>58.6158561706543</LatitudeDegrees><LongitudeDegrees>59.786949157714844</LongitudeDegrees></Position></Trackpoint><Trackpoint><Time>2026-08-11T13:38:49.000Z</Time><Position><LatitudeDegrees>58.615840911865234</LatitudeDegrees><LongitudeDegrees>59.78693771362305</LongitudeDegrees></Position></Trackpoint><Trackpoint><Time>2026-08-11T13:38:49.000Z</Time><Position><LatitudeDegrees>58.615821838378906</LatitudeDegrees><LongitudeDegrees>59.786922454833984</LongitudeDegrees></Position></Trackpoint><Trackpoint><Time>2026-08-11T13:38:50.000Z</Time><Position><LatitudeDegrees>58.615806579589844</LatitudeDegrees><LongitudeDegrees>59.78690719604492</LongitudeDegrees></Position></Trackpoint><Trackpoint><Time>2026-08-11T13:38:52.000Z</Time><Position><LatitudeDegrees>58.61579513549805</LatitudeDegrees><LongitudeDegrees>59.786888122558594</LongitudeDegrees></Position></Trackpoint><Trackpoint><Time>2026-08-11T13:38:52.000Z</Time><Position><LatitudeDegrees>58.615779876708984</LatitudeDegrees><LongitudeDegrees>59.786895751953125</LongitudeDegrees></Position></Trackpoint><Trackpoint><Time>2026-08-11T13:38:54.000Z</Time><Position><LatitudeDegrees>58.61577606201172</LatitudeDegrees><LongitudeDegrees>59.78689956665039</LongitudeDegrees></Position></Trackpoint><Trackpoint><Time>2026-08-11T13:38:54.000Z</Time><Position><LatitudeDegrees>58.615792527453145</LatitudeDegrees><LongitudeDegrees>59.786903589321035</LongitudeDegrees></Position></Trackpoint><Trackpoint><Time>2026-08-11T13:38:56.000Z</Time><Position><LatitudeDegrees>58.61577224731445</LatitudeDegrees><LongitudeDegrees>59.78688430786133</LongitudeDegrees></Position></Trackpoint><Trackpoint><Time>2026-08-11T13:38:57.000Z</Time><Position><LatitudeDegrees>58.61577224731445</LatitudeDegrees><LongitudeDegrees>59.7868766784668</LongitudeDegrees></Position></Trackpoint><Trackpoint><Time>2026-08-11T13:38:58.000Z</Time><Position><LatitudeDegrees>58.61576843261719</LatitudeDegrees><LongitudeDegrees>59.786861419677734</LongitudeDegrees></Position></Trackpoint><Trackpoint><Time>2026-08-11T13:38:59.000Z</Time><Position><LatitudeDegrees>58.615760803222656</LatitudeDegrees><LongitudeDegrees>59.786842346191406</LongitudeDegrees></Position></Trackpoint><Trackpoint><Time>2026-08-11T13:38:59.000Z</Time><Position><LatitudeDegrees>58.615753173828125</LatitudeDegrees><LongitudeDegrees>59.786834716796875</LongitudeDegrees></Position></Trackpoint><Trackpoint><Time>2026-08-11T13:39:01.000Z</Time><Position><LatitudeDegrees>58.61574935913086</LatitudeDegrees><LongitudeDegrees>59.78682327270508</LongitudeDegrees></Position></Trackpoint><Trackpoint><Time>2026-08-11T13:39:02.000Z</Time><Position><LatitudeDegrees>58.61575622931869</LatitudeDegrees><LongitudeDegrees>59.786840436348434</LongitudeDegrees></Position></Trackpoint><Trackpoint><Time>2026-08-11T13:39:02.000Z</Time><Position><LatitudeDegrees>58.61572265625</LatitudeDegrees><LongitudeDegrees>59.78682327270508</LongitudeDegrees></Position></Trackpoint><Trackpoint><Time>2026-08-11T13:39:03.000Z</Time><Position><LatitudeDegrees>58.61571502685547</LatitudeDegrees><LongitudeDegrees>59.78681564331055</LongitudeDegrees></Position></Trackpoint><Trackpoint><Time>2026-08-11T13:39:04.000Z</Time><Position><LatitudeDegrees>58.615699768066406</LatitudeDegrees><LongitudeDegrees>59.78681182861328</LongitudeDegrees></Position></Trackpoint><Trackpoint><Time>2026-08-11T13:39:05.000Z</Time><Position><LatitudeDegrees>58.61568832397461</LatitudeDegrees><LongitudeDegrees>59.78681564331055</LongitudeDegrees></Position></Trackpoint><Trackpoint><Time>2026-08-11T13:39:06.000Z</Time><Position><LatitudeDegrees>58.61567687988281</LatitudeDegrees><LongitudeDegrees>59.78681564331055</LongitudeDegrees></Position></Trackpoint><Trackpoint><Time>2026-08-11T13:39:08.000Z</Time><Position><LatitudeDegrees>58.61569264429981</LatitudeDegrees><LongitudeDegrees>59.78681727915783</LongitudeDegrees></Position></Trackpoint><Trackpoint><Time>2026-08-11T13:39:09.000Z</Time><Position><LatitudeDegrees>58.61565017700195</LatitudeDegrees><LongitudeDegrees>59.78678894042969</LongitudeDegrees></Position></Trackpoint><Trackpoint><Time>2026-08-11T13:39:10.000Z</Time><Position><LatitudeDegrees>58.61563491821289</LatitudeDegrees><LongitudeDegrees>59.786773681640625</LongitudeDegrees></Position></Trackpoint><Trackpoint><Time>2026-08-11T13:39:10.000Z</Time><Position><LatitudeDegrees>58.615623474121094</LatitudeDegrees><LongitudeDegrees>59.78675842285156</LongitudeDegrees></Position></Trackpoint><Trackpoint><Time>2026-08-11T13:39:12.000Z</Time><Position><LatitudeDegrees>58.61560821533203</LatitudeDegrees><LongitudeDegrees>59.78675079345703</LongitudeDegrees></Position></Trackpoint><Trackpoint><Time>2026-08-11T13:39:12.000Z</Time><Position><LatitudeDegrees>58.615622000987415</LatitudeDegrees><LongitudeDegrees>59.78676090745574</LongitudeDegrees></Position></Trackpoint><Trackpoint><Time>2026-08-11T13:39:13.000Z</Time><Position><LatitudeDegrees>58.61561705755589</LatitudeDegrees><LongitudeDegrees>59.78675760770853</LongitudeDegrees></Position></Trackpoint><Trackpoint><Time>2026-08-11T13:39:15.000Z</Time><Position><LatitudeDegrees>58.615601589964726</LatitudeDegrees><LongitudeDegrees>59.78675106651884</LongitudeDegrees></Position></Trackpoint><Trackpoint><Time>2026-08-11T13:39:16.000Z</Time><Position><LatitudeDegrees>58.615562438964844</LatitudeDegrees><LongitudeDegrees>59.7867431640625</LongitudeDegrees></Position></Trackpoint><Trackpoint><Time>2026-08-11T13:39:17.000Z</Time><Position><LatitudeDegrees>58.61554718017578</LatitudeDegrees><LongitudeDegrees>59.7867431640625</LongitudeDegrees></Position></Trackpoint><Trackpoint><Time>2026-08-11T13:39:17.000Z</Time><Position><LatitudeDegrees>58.61553955078125</LatitudeDegrees><LongitudeDegrees>59.786746978759766</LongitudeDegrees></Position></Trackpoint><Trackpoint><Time>2026-08-11T13:39:18.000Z</Time><Position><LatitudeDegrees>58.61552429199219</LatitudeDegrees><LongitudeDegrees>59.786739349365234</LongitudeDegrees></Position></Trackpoint><Trackpoint><Time>2026-08-11T13:39:19.000Z</Time><Position><LatitudeDegrees>58.61550521850586</LatitudeDegrees><LongitudeDegrees>59.78672790527344</LongitudeDegrees></Position></Trackpoint><Trackpoint><Time>2026-08-11T13:39:20.000Z</Time><Position><LatitudeDegrees>58.615527482057026</LatitudeDegrees><LongitudeDegrees>59.786735842387365</LongitudeDegrees></Position></Trackpoint><Trackpoint><Time>2026-08-11T13:39:22.000Z</Time><Position><LatitudeDegrees>58.615478515625</LatitudeDegrees><LongitudeDegrees>59.78670883178711</LongitudeDegrees></Position></Trackpoint><Trackpoint><Time>2026-08-11T13:39:22.000Z</Time><Position><LatitudeDegrees>58.615455627441406</LatitudeDegrees><LongitudeDegrees>59.78669357299805</LongitudeDegrees></Position></Trackpoint><Trackpoint><Time>2026-08-11T13:39:23.000Z</Time><Position><LatitudeDegrees>58.61545181274414</LatitudeDegrees><LongitudeDegrees>59.78669357299805</LongitudeDegrees></Position></Trackpoint><Trackpoint><Time>2026-08-11T13:39:25.000Z</Time><Position><LatitudeDegrees>58.61544418334961</LatitudeDegrees><LongitudeDegrees>59.786678314208984</LongitudeDegrees></Position></Trackpoint><Trackpoint><Time>2026-08-11T13:39:26.000Z</Time><Position><LatitudeDegrees>58.61543273925781</LatitudeDegrees><LongitudeDegrees>59.78666305541992</LongitudeDegrees></Position></Trackpoint><Trackpoint><Time>2026-08-11T13:39:27.000Z</Time><Position><LatitudeDegrees>58.615413665771484</LatitudeDegrees><LongitudeDegrees>59.786651611328125</LongitudeDegrees></Position></Trackpoint><Trackpoint><Time>2026-08-11T13:39:27.000Z</Time><Position><LatitudeDegrees>58.61539840698242</LatitudeDegrees><LongitudeDegrees>59.78664016723633</LongitudeDegrees></Position></Trackpoint><Trackpoint><Time>2026-08-11T13:39:28.000Z</Time><Position><LatitudeDegrees>58.61538314819336</LatitudeDegrees><LongitudeDegrees>59.78664016723633</LongitudeDegrees></Position></Trackpoint><Trackpoint><Time>2026-08-11T13:39:29.000Z</Time><Position><LatitudeDegrees>58.6153678894043</LatitudeDegrees><LongitudeDegrees>59.7866325378418</LongitudeDegrees></Position></Trackpoint><Trackpoint><Time>2026-08-11T13:39:30.000Z</Time><Position><LatitudeDegrees>58.61539028021962</LatitudeDegrees><LongitudeDegrees>59.786643330229836</LongitudeDegrees></Position></Trackpoint><Trackpoint><Time>2026-08-11T13:39:31.000Z</Time><Position><LatitudeDegrees>58.6153564453125</LatitudeDegrees><LongitudeDegrees>59.7866096496582</LongitudeDegrees></Position></Trackpoint><Trackpoint><Time>2026-08-11T13:39:33.000Z</Time><Position><LatitudeDegrees>58.615352630615234</LatitudeDegrees><LongitudeDegrees>59.786598205566406</LongitudeDegrees></Position></Trackpoint><Trackpoint><Time>2026-08-11T13:39:33.000Z</Time><Position><LatitudeDegrees>58.6153450012207</LatitudeDegrees><LongitudeDegrees>59.786590576171875</LongitudeDegrees></Position></Trackpoint><Trackpoint><Time>2026-08-11T13:39:34.000Z</Time><Position><LatitudeDegrees>58.61533737182617</LatitudeDegrees><LongitudeDegrees>59.78658676147461</LongitudeDegrees></Position></Trackpoint><Trackpoint><Time>2026-08-11T13:39:35.000Z</Time><Position><LatitudeDegrees>58.61532974243164</LatitudeDegrees><LongitudeDegrees>59.78657913208008</LongitudeDegrees></Position></Trackpoint><Trackpoint><Time>2026-08-11T13:39:36.000Z</Time><Position><LatitudeDegrees>58.615318298339844</LatitudeDegrees><LongitudeDegrees>59.78656768798828</LongitudeDegrees></Position></Trackpoint><Trackpoint><Time>2026-08-11T13:39:37.000Z</Time><Position><LatitudeDegrees>58.61531448364258</LatitudeDegrees><LongitudeDegrees>59.78656005859375</LongitudeDegrees></Position></Trackpoint><Trackpoint><Time>2026-08-11T13:39:39.000Z</Time><Position><LatitudeDegrees>58.61531066894531</LatitudeDegrees><LongitudeDegrees>59.78655242919922</LongitudeDegrees></Position></Trackpoint><Trackpoint><Time>2026-08-11T13:39:40.000Z</Time><Position><LatitudeDegrees>58.61531066894531</LatitudeDegrees><LongitudeDegrees>59.78654479980469</LongitudeDegrees></Position></Trackpoint><Trackpoint><Time>2026-08-11T13:39:42.000Z</Time><Position><LatitudeDegrees>58.61530685424805</LatitudeDegrees><LongitudeDegrees>59.78654098510742</LongitudeDegrees></Position></Trackpoint><Trackpoint><Time>2026-08-11T13:39:42.000Z</Time><Position><LatitudeDegrees>58.61530303955078</LatitudeDegrees><LongitudeDegrees>59.786537170410156</LongitudeDegrees></Position></Trackpoint><Trackpoint><Time>2026-08-11T13:39:44.000Z</Time><Position><LatitudeDegrees>58.61529541015625</LatitudeDegrees><LongitudeDegrees>59.78653335571289</LongitudeDegrees></Position></Trackpoint><Trackpoint><Time>2026-08-11T13:39:44.000Z</Time><Position><LatitudeDegrees>58.615291595458984</LatitudeDegrees><LongitudeDegrees>59.786529541015625</LongitudeDegrees></Position></Trackpoint><Trackpoint><Time>2026-08-11T13:39:46.000Z</Time><Position><LatitudeDegrees>58.615296265607896</LatitudeDegrees><LongitudeDegrees>59.786534472098026</LongitudeDegrees></Position></Trackpoint><Trackpoint><Time>2026-08-11T13:39:46.000Z</Time><Position><LatitudeDegrees>58.61529382601777</LatitudeDegrees><LongitudeDegrees>59.78653472607327</LongitudeDegrees></Position></Trackpoint><Trackpoint><Time>2026-08-11T13:39:47.000Z</Time><Position><LatitudeDegrees>58.61528778076172</LatitudeDegrees><LongitudeDegrees>59.786537170410156</LongitudeDegrees></Position></Trackpoint><Trackpoint><Time>2026-08-11T13:39:48.000Z</Time><Position><LatitudeDegrees>58.615291595458984</LatitudeDegrees><LongitudeDegrees>59.78654479980469</LongitudeDegrees></Position></Trackpoint><Trackpoint><Time>2026-08-11T13:40:01.000Z</Time><Position><LatitudeDegrees>58.615318298339844</LatitudeDegrees><LongitudeDegrees>59.786598205566406</LongitudeDegrees></Position></Trackpoint><Trackpoint><Time>2026-08-11T13:40:02.000Z</Time><Position><LatitudeDegrees>58.615318298339844</LatitudeDegrees><LongitudeDegrees>59.78660202026367</LongitudeDegrees></Position></Trackpoint><Trackpoint><Time>2026-08-11T13:40:04.000Z</Time><Position><LatitudeDegrees>58.61532211303711</LatitudeDegrees><LongitudeDegrees>59.78660202026367</LongitudeDegrees></Position></Trackpoint><Trackpoint><Time>2026-08-11T13:40:05.000Z</Time><Position><LatitudeDegrees>58.61530931233716</LatitudeDegrees><LongitudeDegrees>59.786579075833444</LongitudeDegrees></Position></Trackpoint><Trackpoint><Time>2026-08-11T13:40:14.000Z</Time><Position><LatitudeDegrees>58.61527633666992</LatitudeDegrees><LongitudeDegrees>59.78666687011719</LongitudeDegrees></Position></Trackpoint><Trackpoint><Time>2026-08-11T13:40:14.000Z</Time><Position><LatitudeDegrees>58.61528855050516</LatitudeDegrees><LongitudeDegrees>59.7866334467918</LongitudeDegrees></Position></Trackpoint><Trackpoint><Time>2026-08-11T13:40:16.000Z</Time><Position><LatitudeDegrees>58.615264892578125</LatitudeDegrees><LongitudeDegrees>59.78668975830078</LongitudeDegrees></Position></Trackpoint><Trackpoint><Time>2026-08-11T13:40:16.000Z</Time><Position><LatitudeDegrees>58.61527834328452</LatitudeDegrees><LongitudeDegrees>59.786657707417625</LongitudeDegrees></Position></Trackpoint><Trackpoint><Time>2026-08-11T13:40:21.000Z</Time><Position><LatitudeDegrees>58.61532211303711</LatitudeDegrees><LongitudeDegrees>59.786617279052734</LongitudeDegrees></Position></Trackpoint><Trackpoint><Time>2026-08-11T13:40:22.000Z</Time><Position><LatitudeDegrees>58.615325927734375</LatitudeDegrees><LongitudeDegrees>59.786617279052734</LongitudeDegrees></Position></Trackpoint><Trackpoint><Time>2026-08-11T13:40:23.000Z</Time><Position><LatitudeDegrees>58.61532974243164</LatitudeDegrees><LongitudeDegrees>59.78662109375</LongitudeDegrees></Position></Trackpoint><Trackpoint><Time>2026-08-11T13:40:24.000Z</Time><Position><LatitudeDegrees>58.61533737182617</LatitudeDegrees><LongitudeDegrees>59.78662872314453</LongitudeDegrees></Position></Trackpoint><Trackpoint><Time>2026-08-11T13:40:25.000Z</Time><Position><LatitudeDegrees>58.615333557128906</LatitudeDegrees><LongitudeDegrees>59.7866325378418</LongitudeDegrees></Position></Trackpoint><Trackpoint><Time>2026-08-11T13:40:26.000Z</Time><Position><LatitudeDegrees>58.615333557128906</LatitudeDegrees><LongitudeDegrees>59.786624908447266</LongitudeDegrees></Position></Trackpoint><Trackpoint><Time>2026-08-11T13:40:27.000Z</Time><Position><LatitudeDegrees>58.6153277688527</LatitudeDegrees><LongitudeDegrees>59.78662982599785</LongitudeDegrees></Position></Trackpoint><Trackpoint><Time>2026-08-11T13:40:29.000Z</Time><Position><LatitudeDegrees>58.61533737182617</LatitudeDegrees><LongitudeDegrees>59.78662109375</LongitudeDegrees></Position></Trackpoint><Trackpoint><Time>2026-08-11T13:40:30.000Z</Time><Position><LatitudeDegrees>58.61533737182617</LatitudeDegrees><LongitudeDegrees>59.7866096496582</LongitudeDegrees></Position></Trackpoint><Trackpoint><Time>2026-08-11T13:40:31.000Z</Time><Position><LatitudeDegrees>58.615333557128906</LatitudeDegrees><LongitudeDegrees>59.786598205566406</LongitudeDegrees></Position></Trackpoint><Trackpoint><Time>2026-08-11T13:40:32.000Z</Time><Position><LatitudeDegrees>58.61533362295926</LatitudeDegrees><LongitudeDegrees>59.78661018135327</LongitudeDegrees></Position></Trackpoint><Trackpoint><Time>2026-08-11T13:40:45.000Z</Time><Position><LatitudeDegrees>58.615318298339844</LatitudeDegrees><LongitudeDegrees>59.786678314208984</LongitudeDegrees></Position></Trackpoint><Trackpoint><Time>2026-08-11T13:40:47.000Z</Time><Position><LatitudeDegrees>58.61532789094665</LatitudeDegrees><LongitudeDegrees>59.786639081263985</LongitudeDegrees></Position></Trackpoint><Trackpoint><Time>2026-08-11T13:40:47.000Z</Time><Position><LatitudeDegrees>58.61533737182617</LatitudeDegrees><LongitudeDegrees>59.78668212890625</LongitudeDegrees></Position></Trackpoint><Trackpoint><Time>2026-08-11T13:40:49.000Z</Time><Position><LatitudeDegrees>58.61534881591797</LatitudeDegrees><LongitudeDegrees>59.78668212890625</LongitudeDegrees></Position></Trackpoint><Trackpoint><Time>2026-08-11T13:40:49.000Z</Time><Position><LatitudeDegrees>58.6153564453125</LatitudeDegrees><LongitudeDegrees>59.78670883178711</LongitudeDegrees></Position></Trackpoint><Trackpoint><Time>2026-08-11T13:40:50.000Z</Time><Position><LatitudeDegrees>58.6153564453125</LatitudeDegrees><LongitudeDegrees>59.7867317199707</LongitudeDegrees></Position></Trackpoint><Trackpoint><Time>2026-08-11T13:40:51.000Z</Time><Position><LatitudeDegrees>58.6153564453125</LatitudeDegrees><LongitudeDegrees>59.786739349365234</LongitudeDegrees></Position></Trackpoint><Trackpoint><Time>2026-08-11T13:40:52.000Z</Time><Position><LatitudeDegrees>58.6153530647533</LatitudeDegrees><LongitudeDegrees>59.78671683105126</LongitudeDegrees></Position></Trackpoint><Trackpoint><Time>2026-08-11T13:40:53.000Z</Time><Position><LatitudeDegrees>58.61537170410156</LatitudeDegrees><LongitudeDegrees>59.78672790527344</LongitudeDegrees></Position></Trackpoint><Trackpoint><Time>2026-08-11T13:40:54.000Z</Time><Position><LatitudeDegrees>58.61537551879883</LatitudeDegrees><LongitudeDegrees>59.78672409057617</LongitudeDegrees></Position></Trackpoint><Trackpoint><Time>2026-08-11T13:40:56.000Z</Time><Position><LatitudeDegrees>58.61538314819336</LatitudeDegrees><LongitudeDegrees>59.78672409057617</LongitudeDegrees></Position></Trackpoint><Trackpoint><Time>2026-08-11T13:40:56.000Z</Time><Position><LatitudeDegrees>58.61538314819336</LatitudeDegrees><LongitudeDegrees>59.78671646118164</LongitudeDegrees></Position></Trackpoint><Trackpoint><Time>2026-08-11T13:40:57.000Z</Time><Position><LatitudeDegrees>58.615386962890625</LatitudeDegrees><LongitudeDegrees>59.78670883178711</LongitudeDegrees></Position></Trackpoint><Trackpoint><Time>2026-08-11T13:40:58.000Z</Time><Position><LatitudeDegrees>58.61539077758789</LatitudeDegrees><LongitudeDegrees>59.78672409057617</LongitudeDegrees></Position></Trackpoint><Trackpoint><Time>2026-08-11T13:41:00.000Z</Time><Position><LatitudeDegrees>58.61539840698242</LatitudeDegrees><LongitudeDegrees>59.7867317199707</LongitudeDegrees></Position></Trackpoint><Trackpoint><Time>2026-08-11T13:41:00.000Z</Time><Position><LatitudeDegrees>58.61540985107422</LatitudeDegrees><LongitudeDegrees>59.78672790527344</LongitudeDegrees></Position></Trackpoint><Trackpoint><Time>2026-08-11T13:41:01.000Z</Time><Position><LatitudeDegrees>58.61542510986328</LatitudeDegrees><LongitudeDegrees>59.786712646484375</LongitudeDegrees></Position></Trackpoint><Trackpoint><Time>2026-08-11T13:41:02.000Z</Time><Position><LatitudeDegrees>58.61544418334961</LatitudeDegrees><LongitudeDegrees>59.786705017089844</LongitudeDegrees></Position></Trackpoint><Trackpoint><Time>2026-08-11T13:41:03.000Z</Time><Position><LatitudeDegrees>58.61546325683594</LatitudeDegrees><LongitudeDegrees>59.78670883178711</LongitudeDegrees></Position></Trackpoint><Trackpoint><Time>2026-08-11T13:41:04.000Z</Time><Position><LatitudeDegrees>58.615478515625</LatitudeDegrees><LongitudeDegrees>59.78671646118164</LongitudeDegrees></Position></Trackpoint><Trackpoint><Time>2026-08-11T13:41:05.000Z</Time><Position><LatitudeDegrees>58.61548614501953</LatitudeDegrees><LongitudeDegrees>59.78671646118164</LongitudeDegrees></Position></Trackpoint><Trackpoint><Time>2026-08-11T13:41:06.000Z</Time><Position><LatitudeDegrees>58.61549377441406</LatitudeDegrees><LongitudeDegrees>59.78671646118164</LongitudeDegrees></Position></Trackpoint><Trackpoint><Time>2026-08-11T13:41:07.000Z</Time><Position><LatitudeDegrees>58.615501403808594</LatitudeDegrees><LongitudeDegrees>59.78671646118164</LongitudeDegrees></Position></Trackpoint><Trackpoint><Time>2026-08-11T13:41:08.000Z</Time><Position><LatitudeDegrees>58.61550521850586</LatitudeDegrees><LongitudeDegrees>59.78671646118164</LongitudeDegrees></Position></Trackpoint><Trackpoint><Time>2026-08-11T13:41:09.000Z</Time><Position><LatitudeDegrees>58.61549338862681</LatitudeDegrees><LongitudeDegrees>59.78671562844215</LongitudeDegrees></Position></Trackpoint><Trackpoint><Time>2026-08-11T13:41:10.000Z</Time><Position><LatitudeDegrees>58.61550521850586</LatitudeDegrees><LongitudeDegrees>59.78670120239258</LongitudeDegrees></Position></Trackpoint><Trackpoint><Time>2026-08-11T13:41:11.000Z</Time><Position><LatitudeDegrees>58.61550521850586</LatitudeDegrees><LongitudeDegrees>59.78669357299805</LongitudeDegrees></Position></Trackpoint><Trackpoint><Time>2026-08-11T13:41:12.000Z</Time><Position><LatitudeDegrees>58.615500777810475</LatitudeDegrees><LongitudeDegrees>59.786701965831945</LongitudeDegrees></Position></Trackpoint><Trackpoint><Time>2026-08-11T13:41:13.000Z</Time><Position><LatitudeDegrees>58.6154899597168</LatitudeDegrees><LongitudeDegrees>59.786678314208984</LongitudeDegrees></Position></Trackpoint><Trackpoint><Time>2026-08-11T13:41:14.000Z</Time><Position><LatitudeDegrees>58.61548614501953</LatitudeDegrees><LongitudeDegrees>59.78667449951172</LongitudeDegrees></Position></Trackpoint><Trackpoint><Time>2026-08-11T13:41:15.000Z</Time><Position><LatitudeDegrees>58.61548941267867</LatitudeDegrees><LongitudeDegrees>59.78668116420987</LongitudeDegrees></Position></Trackpoint><Trackpoint><Time>2026-08-11T13:41:16.000Z</Time><Position><LatitudeDegrees>58.61548700600684</LatitudeDegrees><LongitudeDegrees>59.78668105145012</LongitudeDegrees></Position></Trackpoint><Trackpoint><Time>2026-08-11T13:41:17.000Z</Time><Position><LatitudeDegrees>58.615484142082536</LatitudeDegrees><LongitudeDegrees>59.78668150981965</LongitudeDegrees></Position></Trackpoint><Trackpoint><Time>2026-08-11T13:41:22.000Z</Time><Position><LatitudeDegrees>58.61549758911133</LatitudeDegrees><LongitudeDegrees>59.78669738769531</LongitudeDegrees></Position></Trackpoint><Trackpoint><Time>2026-08-11T13:41:22.000Z</Time><Position><LatitudeDegrees>58.61550521850586</LatitudeDegrees><LongitudeDegrees>59.786705017089844</LongitudeDegrees></Position></Trackpoint><Trackpoint><Time>2026-08-11T13:41:23.000Z</Time><Position><LatitudeDegrees>58.61550521850586</LatitudeDegrees><LongitudeDegrees>59.786712646484375</LongitudeDegrees></Position></Trackpoint><Trackpoint><Time>2026-08-11T13:41:24.000Z</Time><Position><LatitudeDegrees>58.61550502135231</LatitudeDegrees><LongitudeDegrees>59.78670616171547</LongitudeDegrees></Position></Trackpoint><Trackpoint><Time>2026-08-11T13:41:26.000Z</Time><Position><LatitudeDegrees>58.61552810668945</LatitudeDegrees><LongitudeDegrees>59.78672409057617</LongitudeDegrees></Position></Trackpoint><Trackpoint><Time>2026-08-11T13:41:26.000Z</Time><Position><LatitudeDegrees>58.61553955078125</LatitudeDegrees><LongitudeDegrees>59.78672790527344</LongitudeDegrees></Position></Trackpoint><Trackpoint><Time>2026-08-11T13:41:27.000Z</Time><Position><LatitudeDegrees>58.61555099487305</LatitudeDegrees><LongitudeDegrees>59.786739349365234</LongitudeDegrees></Position></Trackpoint><Trackpoint><Time>2026-08-11T13:41:28.000Z</Time><Position><LatitudeDegrees>58.61555862426758</LatitudeDegrees><LongitudeDegrees>59.7867431640625</LongitudeDegrees></Position></Trackpoint><Trackpoint><Time>2026-08-11T13:41:29.000Z</Time><Position><LatitudeDegrees>58.61556625366211</LatitudeDegrees><LongitudeDegrees>59.78675842285156</LongitudeDegrees></Position></Trackpoint><Trackpoint><Time>2026-08-11T13:41:31.000Z</Time><Position><LatitudeDegrees>58.615577697753906</LatitudeDegrees><LongitudeDegrees>59.78675842285156</LongitudeDegrees></Position></Trackpoint><Trackpoint><Time>2026-08-11T13:41:31.000Z</Time><Position><LatitudeDegrees>58.615596771240234</LatitudeDegrees><LongitudeDegrees>59.78677749633789</LongitudeDegrees></Position></Trackpoint><Trackpoint><Time>2026-08-11T13:41:32.000Z</Time><Position><LatitudeDegrees>58.6156120300293</LatitudeDegrees><LongitudeDegrees>59.786781311035156</LongitudeDegrees></Position></Trackpoint><Trackpoint><Time>2026-08-11T13:41:34.000Z</Time><Position><LatitudeDegrees>58.61559232405161</LatitudeDegrees><LongitudeDegrees>59.786771285789186</LongitudeDegrees></Position></Trackpoint><Trackpoint><Time>2026-08-11T13:41:34.000Z</Time><Position><LatitudeDegrees>58.61563491821289</LatitudeDegrees><LongitudeDegrees>59.78681945800781</LongitudeDegrees></Position></Trackpoint><Trackpoint><Time>2026-08-11T13:41:36.000Z</Time><Position><LatitudeDegrees>58.6156214764494</LatitudeDegrees><LongitudeDegrees>59.78680371901429</LongitudeDegrees></Position></Trackpoint><Trackpoint><Time>2026-08-11T13:41:36.000Z</Time><Position><LatitudeDegrees>58.61564254760742</LatitudeDegrees><LongitudeDegrees>59.78685760498047</LongitudeDegrees></Position></Trackpoint><Trackpoint><Time>2026-08-11T13:41:37.000Z</Time><Position><LatitudeDegrees>58.61564636230469</LatitudeDegrees><LongitudeDegrees>59.786861419677734</LongitudeDegrees></Position></Trackpoint><Trackpoint><Time>2026-08-11T13:41:39.000Z</Time><Position><LatitudeDegrees>58.615638005318864</LatitudeDegrees><LongitudeDegrees>59.78684077221876</LongitudeDegrees></Position></Trackpoint><Trackpoint><Time>2026-08-11T13:41:40.000Z</Time><Position><LatitudeDegrees>58.61566925048828</LatitudeDegrees><LongitudeDegrees>59.786865234375</LongitudeDegrees></Position></Trackpoint><Trackpoint><Time>2026-08-11T13:41:41.000Z</Time><Position><LatitudeDegrees>58.615684509277344</LatitudeDegrees><LongitudeDegrees>59.78688430786133</LongitudeDegrees></Position></Trackpoint><Trackpoint><Time>2026-08-11T13:41:42.000Z</Time><Position><LatitudeDegrees>58.615699768066406</LatitudeDegrees><LongitudeDegrees>59.786888122558594</LongitudeDegrees></Position></Trackpoint><Trackpoint><Time>2026-08-11T13:41:43.000Z</Time><Position><LatitudeDegrees>58.61570358276367</LatitudeDegrees><LongitudeDegrees>59.786903381347656</LongitudeDegrees></Position></Trackpoint><Trackpoint><Time>2026-08-11T13:41:44.000Z</Time><Position><LatitudeDegrees>58.61571502685547</LatitudeDegrees><LongitudeDegrees>59.78691864013672</LongitudeDegrees></Position></Trackpoint><Trackpoint><Time>2026-08-11T13:41:45.000Z</Time><Position><LatitudeDegrees>58.615718841552734</LatitudeDegrees><LongitudeDegrees>59.786922454833984</LongitudeDegrees></Position></Trackpoint><Trackpoint><Time>2026-08-11T13:41:45.000Z</Time><Position><LatitudeDegrees>58.615726470947266</LatitudeDegrees><LongitudeDegrees>59.78693389892578</LongitudeDegrees></Position></Trackpoint><Trackpoint><Time>2026-08-11T13:41:46.000Z</Time><Position><LatitudeDegrees>58.61571408715067</LatitudeDegrees><LongitudeDegrees>59.7869184413373</LongitudeDegrees></Position></Trackpoint><Trackpoint><Time>2026-08-11T13:41:47.000Z</Time><Position><LatitudeDegrees>58.61574172973633</LatitudeDegrees><LongitudeDegrees>59.786922454833984</LongitudeDegrees></Position></Trackpoint><Trackpoint><Time>2026-08-11T13:41:49.000Z</Time><Position><LatitudeDegrees>58.615753173828125</LatitudeDegrees><LongitudeDegrees>59.786922454833984</LongitudeDegrees></Position></Trackpoint><Trackpoint><Time>2026-08-11T13:41:49.000Z</Time><Position><LatitudeDegrees>58.615738637331745</LatitudeDegrees><LongitudeDegrees>59.78692346818187</LongitudeDegrees></Position></Trackpoint><Trackpoint><Time>2026-08-11T13:41:50.000Z</Time><Position><LatitudeDegrees>58.615779876708984</LatitudeDegrees><LongitudeDegrees>59.786956787109375</LongitudeDegrees></Position></Trackpoint><Trackpoint><Time>2026-08-11T13:41:51.000Z</Time><Position><LatitudeDegrees>58.61580276489258</LatitudeDegrees><LongitudeDegrees>59.7869758605957</LongitudeDegrees></Position></Trackpoint><Trackpoint><Time>2026-08-11T13:41:52.000Z</Time><Position><LatitudeDegrees>58.615814208984375</LatitudeDegrees><LongitudeDegrees>59.7869873046875</LongitudeDegrees></Position></Trackpoint><Trackpoint><Time>2026-08-11T13:41:54.000Z</Time><Position><LatitudeDegrees>58.615821838378906</LatitudeDegrees><LongitudeDegrees>59.78699493408203</LongitudeDegrees></Position></Trackpoint><Trackpoint><Time>2026-08-11T13:41:55.000Z</Time><Position><LatitudeDegrees>58.61583709716797</LatitudeDegrees><LongitudeDegrees>59.787010192871094</LongitudeDegrees></Position></Trackpoint><Trackpoint><Time>2026-08-11T13:41:55.000Z</Time><Position><LatitudeDegrees>58.61582747497865</LatitudeDegrees><LongitudeDegrees>59.787001348249326</LongitudeDegrees></Position></Trackpoint><Trackpoint><Time>2026-08-11T13:41:56.000Z</Time><Position><LatitudeDegrees>58.61584185535418</LatitudeDegrees><LongitudeDegrees>59.78701408341122</LongitudeDegrees></Position></Trackpoint><Trackpoint><Time>2026-08-11T13:41:57.000Z</Time><Position><LatitudeDegrees>58.61583780026924</LatitudeDegrees><LongitudeDegrees>59.78700905213352</LongitudeDegrees></Position></Trackpoint><Trackpoint><Time>2026-08-11T13:41:58.000Z</Time><Position><LatitudeDegrees>58.61589813232422</LatitudeDegrees><LongitudeDegrees>59.787044525146484</LongitudeDegrees></Position></Trackpoint><Trackpoint><Time>2026-08-11T13:41:59.000Z</Time><Position><LatitudeDegrees>58.61592102050781</LatitudeDegrees><LongitudeDegrees>59.78703689575195</LongitudeDegrees></Position></Trackpoint><Trackpoint><Time>2026-08-11T13:42:00.000Z</Time><Position><LatitudeDegrees>58.61594009399414</LatitudeDegrees><LongitudeDegrees>59.78702926635742</LongitudeDegrees></Position></Trackpoint><Trackpoint><Time>2026-08-11T13:42:02.000Z</Time><Position><LatitudeDegrees>58.61592620220146</LatitudeDegrees><LongitudeDegrees>59.787035211314084</LongitudeDegrees></Position></Trackpoint><Trackpoint><Time>2026-08-11T13:42:02.000Z</Time><Position><LatitudeDegrees>58.615970611572266</LatitudeDegrees><LongitudeDegrees>59.78705978393555</LongitudeDegrees></Position></Trackpoint><Trackpoint><Time>2026-08-11T13:42:03.000Z</Time><Position><LatitudeDegrees>58.61598587036133</LatitudeDegrees><LongitudeDegrees>59.78706359863281</LongitudeDegrees></Position></Trackpoint><Trackpoint><Time>2026-08-11T13:42:04.000Z</Time><Position><LatitudeDegrees>58.61599349975586</LatitudeDegrees><LongitudeDegrees>59.787071228027344</LongitudeDegrees></Position></Trackpoint><Trackpoint><Time>2026-08-11T13:42:05.000Z</Time><Position><LatitudeDegrees>58.615997314453125</LatitudeDegrees><LongitudeDegrees>59.787078857421875</LongitudeDegrees></Position></Trackpoint><Trackpoint><Time>2026-08-11T13:42:07.000Z</Time><Position><LatitudeDegrees>58.61598767201946</LatitudeDegrees><LongitudeDegrees>59.78707037742677</LongitudeDegrees></Position></Trackpoint><Trackpoint><Time>2026-08-11T13:42:08.000Z</Time><Position><LatitudeDegrees>58.61598970261354</LatitudeDegrees><LongitudeDegrees>59.78707250604576</LongitudeDegrees></Position></Trackpoint><Trackpoint><Time>2026-08-11T13:42:08.000Z</Time><Position><LatitudeDegrees>58.61601257324219</LatitudeDegrees><LongitudeDegrees>59.78707504272461</LongitudeDegrees></Position></Trackpoint><Trackpoint><Time>2026-08-11T13:42:09.000Z</Time><Position><LatitudeDegrees>58.61602020263672</LatitudeDegrees><LongitudeDegrees>59.78706741333008</LongitudeDegrees></Position></Trackpoint><Trackpoint><Time>2026-08-11T13:42:10.000Z</Time><Position><LatitudeDegrees>58.616031646728516</LatitudeDegrees><LongitudeDegrees>59.787071228027344</LongitudeDegrees></Position></Trackpoint><Trackpoint><Time>2026-08-11T13:42:11.000Z</Time><Position><LatitudeDegrees>58.61604309082031</LatitudeDegrees><LongitudeDegrees>59.78707504272461</LongitudeDegrees></Position></Trackpoint><Trackpoint><Time>2026-08-11T13:42:13.000Z</Time><Position><LatitudeDegrees>58.616050720214844</LatitudeDegrees><LongitudeDegrees>59.78708267211914</LongitudeDegrees></Position></Trackpoint><Trackpoint><Time>2026-08-11T13:42:13.000Z</Time><Position><LatitudeDegrees>58.616065979003906</LatitudeDegrees><LongitudeDegrees>59.78709030151367</LongitudeDegrees></Position></Trackpoint><Trackpoint><Time>2026-08-11T13:42:14.000Z</Time><Position><LatitudeDegrees>58.6160774230957</LatitudeDegrees><LongitudeDegrees>59.78709411621094</LongitudeDegrees></Position></Trackpoint><Trackpoint><Time>2026-08-11T13:42:15.000Z</Time><Position><LatitudeDegrees>58.616092681884766</LatitudeDegrees><LongitudeDegrees>59.78709411621094</LongitudeDegrees></Position></Trackpoint><Trackpoint><Time>2026-08-11T13:42:17.000Z</Time><Position><LatitudeDegrees>58.61610412597656</LatitudeDegrees><LongitudeDegrees>59.787086486816406</LongitudeDegrees></Position></Trackpoint><Trackpoint><Time>2026-08-11T13:42:18.000Z</Time><Position><LatitudeDegrees>58.61610794067383</LatitudeDegrees><LongitudeDegrees>59.78710174560547</LongitudeDegrees></Position></Trackpoint><Trackpoint><Time>2026-08-11T13:42:18.000Z</Time><Position><LatitudeDegrees>58.61612319946289</LatitudeDegrees><LongitudeDegrees>59.787109375</LongitudeDegrees></Position></Trackpoint><Trackpoint><Time>2026-08-11T13:42:19.000Z</Time><Position><LatitudeDegrees>58.61613464355469</LatitudeDegrees><LongitudeDegrees>59.787105560302734</LongitudeDegrees></Position></Trackpoint><Trackpoint><Time>2026-08-11T13:42:21.000Z</Time><Position><LatitudeDegrees>58.616146087646484</LatitudeDegrees><LongitudeDegrees>59.787105560302734</LongitudeDegrees></Position></Trackpoint><Trackpoint><Time>2026-08-11T13:42:21.000Z</Time><Position><LatitudeDegrees>58.61616134643555</LatitudeDegrees><LongitudeDegrees>59.787113189697266</LongitudeDegrees></Position></Trackpoint><Trackpoint><Time>2026-08-11T13:42:22.000Z</Time><Position><LatitudeDegrees>58.616172790527344</LatitudeDegrees><LongitudeDegrees>59.787113189697266</LongitudeDegrees></Position></Trackpoint><Trackpoint><Time>2026-08-11T13:42:23.000Z</Time><Position><LatitudeDegrees>58.61615454091623</LatitudeDegrees><LongitudeDegrees>59.78711043187349</LongitudeDegrees></Position></Trackpoint><Trackpoint><Time>2026-08-11T13:42:24.000Z</Time><Position><LatitudeDegrees>58.616188049316406</LatitudeDegrees><LongitudeDegrees>59.78712844848633</LongitudeDegrees></Position></Trackpoint><Trackpoint><Time>2026-08-11T13:42:26.000Z</Time><Position><LatitudeDegrees>58.61620330810547</LatitudeDegrees><LongitudeDegrees>59.787139892578125</LongitudeDegrees></Position></Trackpoint><Trackpoint><Time>2026-08-11T13:42:26.000Z</Time><Position><LatitudeDegrees>58.6162109375</LatitudeDegrees><LongitudeDegrees>59.78715515136719</LongitudeDegrees></Position></Trackpoint><Trackpoint><Time>2026-08-11T13:42:27.000Z</Time><Position><LatitudeDegrees>58.61621856689453</LatitudeDegrees><LongitudeDegrees>59.78715896606445</LongitudeDegrees></Position></Trackpoint><Trackpoint><Time>2026-08-11T13:42:28.000Z</Time><Position><LatitudeDegrees>58.616233825683594</LatitudeDegrees><LongitudeDegrees>59.78715896606445</LongitudeDegrees></Position></Trackpoint><Trackpoint><Time>2026-08-11T13:42:29.000Z</Time><Position><LatitudeDegrees>58.61621699865713</LatitudeDegrees><LongitudeDegrees>59.787151238483354</LongitudeDegrees></Position></Trackpoint><Trackpoint><Time>2026-08-11T13:42:30.000Z</Time><Position><LatitudeDegrees>58.61626434326172</LatitudeDegrees><LongitudeDegrees>59.78715515136719</LongitudeDegrees></Position></Trackpoint><Trackpoint><Time>2026-08-11T13:42:32.000Z</Time><Position><LatitudeDegrees>58.6162516783956</LatitudeDegrees><LongitudeDegrees>59.7871508066228</LongitudeDegrees></Position></Trackpoint><Trackpoint><Time>2026-08-11T13:42:33.000Z</Time><Position><LatitudeDegrees>58.616294860839844</LatitudeDegrees><LongitudeDegrees>59.787139892578125</LongitudeDegrees></Position></Trackpoint><Trackpoint><Time>2026-08-11T13:42:33.000Z</Time><Position><LatitudeDegrees>58.61631393432617</LatitudeDegrees><LongitudeDegrees>59.787139892578125</LongitudeDegrees></Position></Trackpoint><Trackpoint><Time>2026-08-11T13:42:34.000Z</Time><Position><LatitudeDegrees>58.616329193115234</LatitudeDegrees><LongitudeDegrees>59.787147521972656</LongitudeDegrees></Position></Trackpoint><Trackpoint><Time>2026-08-11T13:42:35.000Z</Time><Position><LatitudeDegrees>58.6163330078125</LatitudeDegrees><LongitudeDegrees>59.78715133666992</LongitudeDegrees></Position></Trackpoint><Trackpoint><Time>2026-08-11T13:42:36.000Z</Time><Position><LatitudeDegrees>58.61634063720703</LatitudeDegrees><LongitudeDegrees>59.78715133666992</LongitudeDegrees></Position></Trackpoint><Trackpoint><Time>2026-08-11T13:42:37.000Z</Time><Position><LatitudeDegrees>58.61634826660156</LatitudeDegrees><LongitudeDegrees>59.78714370727539</LongitudeDegrees></Position></Trackpoint><Trackpoint><Time>2026-08-11T13:42:39.000Z</Time><Position><LatitudeDegrees>58.61635971069336</LatitudeDegrees><LongitudeDegrees>59.787147521972656</LongitudeDegrees></Position></Trackpoint><Trackpoint><Time>2026-08-11T13:42:40.000Z</Time><Position><LatitudeDegrees>58.616371154785156</LatitudeDegrees><LongitudeDegrees>59.78714370727539</LongitudeDegrees></Position></Trackpoint><Trackpoint><Time>2026-08-11T13:42:41.000Z</Time><Position><LatitudeDegrees>58.61638641357422</LatitudeDegrees><LongitudeDegrees>59.787139892578125</LongitudeDegrees></Position></Trackpoint><Trackpoint><Time>2026-08-11T13:42:42.000Z</Time><Position><LatitudeDegrees>58.61640167236328</LatitudeDegrees><LongitudeDegrees>59.78713607788086</LongitudeDegrees></Position></Trackpoint><Trackpoint><Time>2026-08-11T13:42:42.000Z</Time><Position><LatitudeDegrees>58.61640930175781</LatitudeDegrees><LongitudeDegrees>59.78713607788086</LongitudeDegrees></Position></Trackpoint><Trackpoint><Time>2026-08-11T13:42:44.000Z</Time><Position><LatitudeDegrees>58.61642074584961</LatitudeDegrees><LongitudeDegrees>59.78713607788086</LongitudeDegrees></Position></Trackpoint><Trackpoint><Time>2026-08-11T13:42:45.000Z</Time><Position><LatitudeDegrees>58.61642837524414</LatitudeDegrees><LongitudeDegrees>59.78713607788086</LongitudeDegrees></Position></Trackpoint><Trackpoint><Time>2026-08-11T13:42:45.000Z</Time><Position><LatitudeDegrees>58.61643981933594</LatitudeDegrees><LongitudeDegrees>59.787132263183594</LongitudeDegrees></Position></Trackpoint><Trackpoint><Time>2026-08-11T13:42:46.000Z</Time><Position><LatitudeDegrees>58.6164318193625</LatitudeDegrees><LongitudeDegrees>59.787133006282424</LongitudeDegrees></Position></Trackpoint><Trackpoint><Time>2026-08-11T13:42:48.000Z</Time><Position><LatitudeDegrees>58.6164665222168</LatitudeDegrees><LongitudeDegrees>59.787132263183594</LongitudeDegrees></Position></Trackpoint><Trackpoint><Time>2026-08-11T13:42:49.000Z</Time><Position><LatitudeDegrees>58.61648178100586</LatitudeDegrees><LongitudeDegrees>59.787132263183594</LongitudeDegrees></Position></Trackpoint><Trackpoint><Time>2026-08-11T13:42:49.000Z</Time><Position><LatitudeDegrees>58.61647179295046</LatitudeDegrees><LongitudeDegrees>59.78713246002493</LongitudeDegrees></Position></Trackpoint><Trackpoint><Time>2026-08-11T13:42:51.000Z</Time><Position><LatitudeDegrees>58.61650466918945</LatitudeDegrees><LongitudeDegrees>59.787132263183594</LongitudeDegrees></Position></Trackpoint><Trackpoint><Time>2026-08-11T13:42:51.000Z</Time><Position><LatitudeDegrees>58.616512298583984</LatitudeDegrees><LongitudeDegrees>59.787139892578125</LongitudeDegrees></Position></Trackpoint><Trackpoint><Time>2026-08-11T13:42:53.000Z</Time><Position><LatitudeDegrees>58.616519927978516</LatitudeDegrees><LongitudeDegrees>59.787139892578125</LongitudeDegrees></Position></Trackpoint><Trackpoint><Time>2026-08-11T13:42:53.000Z</Time><Position><LatitudeDegrees>58.61653518676758</LatitudeDegrees><LongitudeDegrees>59.787139892578125</LongitudeDegrees></Position></Trackpoint><Trackpoint><Time>2026-08-11T13:42:54.000Z</Time><Position><LatitudeDegrees>58.61655044555664</LatitudeDegrees><LongitudeDegrees>59.78714370727539</LongitudeDegrees></Position></Trackpoint><Trackpoint><Time>2026-08-11T13:42:56.000Z</Time><Position><LatitudeDegrees>58.6165657043457</LatitudeDegrees><LongitudeDegrees>59.787139892578125</LongitudeDegrees></Position></Trackpoint><Trackpoint><Time>2026-08-11T13:42:56.000Z</Time><Position><LatitudeDegrees>58.61654538620261</LatitudeDegrees><LongitudeDegrees>59.78713994834114</LongitudeDegrees></Position></Trackpoint><Trackpoint><Time>2026-08-11T13:42:58.000Z</Time><Position><LatitudeDegrees>58.61658477783203</LatitudeDegrees><LongitudeDegrees>59.787132263183594</LongitudeDegrees></Position></Trackpoint><Trackpoint><Time>2026-08-11T13:42:58.000Z</Time><Position><LatitudeDegrees>58.61659240722656</LatitudeDegrees><LongitudeDegrees>59.78712463378906</LongitudeDegrees></Position></Trackpoint><Trackpoint><Time>2026-08-11T13:42:59.000Z</Time><Position><LatitudeDegrees>58.61660385131836</LatitudeDegrees><LongitudeDegrees>59.78712463378906</LongitudeDegrees></Position></Trackpoint><Trackpoint><Time>2026-08-11T13:43:00.000Z</Time><Position><LatitudeDegrees>58.616615295410156</LatitudeDegrees><LongitudeDegrees>59.78711700439453</LongitudeDegrees></Position></Trackpoint><Trackpoint><Time>2026-08-11T13:43:02.000Z</Time><Position><LatitudeDegrees>58.61661911010742</LatitudeDegrees><LongitudeDegrees>59.787105560302734</LongitudeDegrees></Position></Trackpoint><Trackpoint><Time>2026-08-11T13:43:03.000Z</Time><Position><LatitudeDegrees>58.61660705253943</LatitudeDegrees><LongitudeDegrees>59.78711606761157</LongitudeDegrees></Position></Trackpoint><Trackpoint><Time>2026-08-11T13:43:03.000Z</Time><Position><LatitudeDegrees>58.61662520316939</LatitudeDegrees><LongitudeDegrees>59.78710851183026</LongitudeDegrees></Position></Trackpoint><Trackpoint><Time>2026-08-11T13:43:04.000Z</Time><Position><LatitudeDegrees>58.6166380533697</LatitudeDegrees><LongitudeDegrees>59.78711018771153</LongitudeDegrees></Position></Trackpoint><Trackpoint><Time>2026-08-11T13:43:06.000Z</Time><Position><LatitudeDegrees>58.616676330566406</LatitudeDegrees><LongitudeDegrees>59.7871208190918</LongitudeDegrees></Position></Trackpoint><Trackpoint><Time>2026-08-11T13:43:07.000Z</Time><Position><LatitudeDegrees>58.61669158935547</LatitudeDegrees><LongitudeDegrees>59.78711700439453</LongitudeDegrees></Position></Trackpoint><Trackpoint><Time>2026-08-11T13:43:08.000Z</Time><Position><LatitudeDegrees>58.61670684814453</LatitudeDegrees><LongitudeDegrees>59.787113189697266</LongitudeDegrees></Position></Trackpoint><Trackpoint><Time>2026-08-11T13:43:08.000Z</Time><Position><LatitudeDegrees>58.61672592163086</LatitudeDegrees><LongitudeDegrees>59.78711700439453</LongitudeDegrees></Position></Trackpoint><Trackpoint><Time>2026-08-11T13:43:09.000Z</Time><Position><LatitudeDegrees>58.61671240157123</LatitudeDegrees><LongitudeDegrees>59.78711751967924</LongitudeDegrees></Position></Trackpoint><Trackpoint><Time>2026-08-11T13:43:10.000Z</Time><Position><LatitudeDegrees>58.616756439208984</LatitudeDegrees><LongitudeDegrees>59.78712844848633</LongitudeDegrees></Position></Trackpoint><Trackpoint><Time>2026-08-11T13:43:11.000Z</Time><Position><LatitudeDegrees>58.616744474344635</LatitudeDegrees><LongitudeDegrees>59.787125223007855</LongitudeDegrees></Position></Trackpoint><Trackpoint><Time>2026-08-11T13:43:12.000Z</Time><Position><LatitudeDegrees>58.61677932739258</LatitudeDegrees><LongitudeDegrees>59.787147521972656</LongitudeDegrees></Position></Trackpoint><Trackpoint><Time>2026-08-11T13:43:13.000Z</Time><Position><LatitudeDegrees>58.61679458618164</LatitudeDegrees><LongitudeDegrees>59.787147521972656</LongitudeDegrees></Position></Trackpoint><Trackpoint><Time>2026-08-11T13:43:15.000Z</Time><Position><LatitudeDegrees>58.61680603027344</LatitudeDegrees><LongitudeDegrees>59.78715133666992</LongitudeDegrees></Position></Trackpoint><Trackpoint><Time>2026-08-11T13:43:16.000Z</Time><Position><LatitudeDegrees>58.616825103759766</LatitudeDegrees><LongitudeDegrees>59.78715515136719</LongitudeDegrees></Position></Trackpoint><Trackpoint><Time>2026-08-11T13:43:17.000Z</Time><Position><LatitudeDegrees>58.61684036254883</LatitudeDegrees><LongitudeDegrees>59.787166595458984</LongitudeDegrees></Position></Trackpoint><Trackpoint><Time>2026-08-11T13:43:18.000Z</Time><Position><LatitudeDegrees>58.616851806640625</LatitudeDegrees><LongitudeDegrees>59.78717803955078</LongitudeDegrees></Position></Trackpoint><Trackpoint><Time>2026-08-11T13:43:19.000Z</Time><Position><LatitudeDegrees>58.61687088012695</LatitudeDegrees><LongitudeDegrees>59.78719711303711</LongitudeDegrees></Position></Trackpoint><Trackpoint><Time>2026-08-11T13:43:20.000Z</Time><Position><LatitudeDegrees>58.61684853845284</LatitudeDegrees><LongitudeDegrees>59.78717783220445</LongitudeDegrees></Position></Trackpoint><Trackpoint><Time>2026-08-11T13:43:20.000Z</Time><Position><LatitudeDegrees>58.61690902709961</LatitudeDegrees><LongitudeDegrees>59.787193298339844</LongitudeDegrees></Position></Trackpoint><Trackpoint><Time>2026-08-11T13:43:22.000Z</Time><Position><LatitudeDegrees>58.61692428588867</LatitudeDegrees><LongitudeDegrees>59.78718948364258</LongitudeDegrees></Position></Trackpoint><Trackpoint><Time>2026-08-11T13:43:23.000Z</Time><Position><LatitudeDegrees>58.616920471191406</LatitudeDegrees><LongitudeDegrees>59.78718948364258</LongitudeDegrees></Position></Trackpoint><Trackpoint><Time>2026-08-11T13:43:24.000Z</Time><Position><LatitudeDegrees>58.61690533881926</LatitudeDegrees><LongitudeDegrees>59.78718809184927</LongitudeDegrees></Position></Trackpoint><Trackpoint><Time>2026-08-11T13:43:24.000Z</Time><Position><LatitudeDegrees>58.616939544677734</LatitudeDegrees><LongitudeDegrees>59.787200927734375</LongitudeDegrees></Position></Trackpoint><Trackpoint><Time>2026-08-11T13:43:26.000Z</Time><Position><LatitudeDegrees>58.61692360878365</LatitudeDegrees><LongitudeDegrees>59.78719502413292</LongitudeDegrees></Position></Trackpoint><Trackpoint><Time>2026-08-11T13:43:26.000Z</Time><Position><LatitudeDegrees>58.61697006225586</LatitudeDegrees><LongitudeDegrees>59.7872200012207</LongitudeDegrees></Position></Trackpoint><Trackpoint><Time>2026-08-11T13:43:27.000Z</Time><Position><LatitudeDegrees>58.61697769165039</LatitudeDegrees><LongitudeDegrees>59.787235260009766</LongitudeDegrees></Position></Trackpoint><Trackpoint><Time>2026-08-11T13:43:28.000Z</Time><Position><LatitudeDegrees>58.616981506347656</LatitudeDegrees><LongitudeDegrees>59.78724670410156</LongitudeDegrees></Position></Trackpoint><Trackpoint><Time>2026-08-11T13:43:29.000Z</Time><Position><LatitudeDegrees>58.61699676513672</LatitudeDegrees><LongitudeDegrees>59.787254333496094</LongitudeDegrees></Position></Trackpoint><Trackpoint><Time>2026-08-11T13:43:30.000Z</Time><Position><LatitudeDegrees>58.617000579833984</LatitudeDegrees><LongitudeDegrees>59.78726577758789</LongitudeDegrees></Position></Trackpoint><Trackpoint><Time>2026-08-11T13:43:32.000Z</Time><Position><LatitudeDegrees>58.61698878262157</LatitudeDegrees><LongitudeDegrees>59.78725045923716</LongitudeDegrees></Position></Trackpoint><Trackpoint><Time>2026-08-11T13:43:32.000Z</Time><Position><LatitudeDegrees>58.61703872680664</LatitudeDegrees><LongitudeDegrees>59.78727340698242</LongitudeDegrees></Position></Trackpoint><Trackpoint><Time>2026-08-11T13:43:34.000Z</Time><Position><LatitudeDegrees>58.61705017089844</LatitudeDegrees><LongitudeDegrees>59.787269592285156</LongitudeDegrees></Position></Trackpoint><Trackpoint><Time>2026-08-11T13:43:35.000Z</Time><Position><LatitudeDegrees>58.6170654296875</LatitudeDegrees><LongitudeDegrees>59.78728103637695</LongitudeDegrees></Position></Trackpoint><Trackpoint><Time>2026-08-11T13:43:35.000Z</Time><Position><LatitudeDegrees>58.61708068847656</LatitudeDegrees><LongitudeDegrees>59.78729248046875</LongitudeDegrees></Position></Trackpoint><Trackpoint><Time>2026-08-11T13:43:36.000Z</Time><Position><LatitudeDegrees>58.617095947265625</LatitudeDegrees><LongitudeDegrees>59.78730392456055</LongitudeDegrees></Position></Trackpoint><Trackpoint><Time>2026-08-11T13:43:38.000Z</Time><Position><LatitudeDegrees>58.61711502075195</LatitudeDegrees><LongitudeDegrees>59.787315368652344</LongitudeDegrees></Position></Trackpoint><Trackpoint><Time>2026-08-11T13:43:38.000Z</Time><Position><LatitudeDegrees>58.6170900791375</LatitudeDegrees><LongitudeDegrees>59.787300575344666</LongitudeDegrees></Position></Trackpoint><Trackpoint><Time>2026-08-11T13:43:39.000Z</Time><Position><LatitudeDegrees>58.617122650146484</LatitudeDegrees><LongitudeDegrees>59.78733825683594</LongitudeDegrees></Position></Trackpoint><Trackpoint><Time>2026-08-11T13:43:40.000Z</Time><Position><LatitudeDegrees>58.61710622530997</LatitudeDegrees><LongitudeDegrees>59.78732052990097</LongitudeDegrees></Position></Trackpoint><Trackpoint><Time>2026-08-11T13:43:41.000Z</Time><Position><LatitudeDegrees>58.61712646484375</LatitudeDegrees><LongitudeDegrees>59.78738021850586</LongitudeDegrees></Position></Trackpoint><Trackpoint><Time>2026-08-11T13:43:43.000Z</Time><Position><LatitudeDegrees>58.617130279541016</LatitudeDegrees><LongitudeDegrees>59.78739547729492</LongitudeDegrees></Position></Trackpoint><Trackpoint><Time>2026-08-11T13:43:43.000Z</Time><Position><LatitudeDegrees>58.617130279541016</LatitudeDegrees><LongitudeDegrees>59.78742218017578</LongitudeDegrees></Position></Trackpoint><Trackpoint><Time>2026-08-11T13:43:44.000Z</Time><Position><LatitudeDegrees>58.61713409423828</LatitudeDegrees><LongitudeDegrees>59.787437438964844</LongitudeDegrees></Position></Trackpoint><Trackpoint><Time>2026-08-11T13:43:46.000Z</Time><Position><LatitudeDegrees>58.617130279541016</LatitudeDegrees><LongitudeDegrees>59.787452697753906</LongitudeDegrees></Position></Trackpoint><Trackpoint><Time>2026-08-11T13:43:47.000Z</Time><Position><LatitudeDegrees>58.61713409423828</LatitudeDegrees><LongitudeDegrees>59.787471771240234</LongitudeDegrees></Position></Trackpoint><Trackpoint><Time>2026-08-11T13:43:48.000Z</Time><Position><LatitudeDegrees>58.61713196480845</LatitudeDegrees><LongitudeDegrees>59.78744130707238</LongitudeDegrees></Position></Trackpoint><Trackpoint><Time>2026-08-11T13:43:49.000Z</Time><Position><LatitudeDegrees>58.617149353027344</LatitudeDegrees><LongitudeDegrees>59.78744125366211</LongitudeDegrees></Position></Trackpoint><Trackpoint><Time>2026-08-11T13:43:49.000Z</Time><Position><LatitudeDegrees>58.61715316772461</LatitudeDegrees><LongitudeDegrees>59.78742980957031</LongitudeDegrees></Position></Trackpoint><Trackpoint><Time>2026-08-11T13:43:51.000Z</Time><Position><LatitudeDegrees>58.61716079711914</LatitudeDegrees><LongitudeDegrees>59.78740692138672</LongitudeDegrees></Position></Trackpoint><Trackpoint><Time>2026-08-11T13:43:51.000Z</Time><Position><LatitudeDegrees>58.61716079711914</LatitudeDegrees><LongitudeDegrees>59.78741455078125</LongitudeDegrees></Position></Trackpoint><Trackpoint><Time>2026-08-11T13:43:52.000Z</Time><Position><LatitudeDegrees>58.61715423000922</LatitudeDegrees><LongitudeDegrees>59.78742180451968</LongitudeDegrees></Position></Trackpoint><Trackpoint><Time>2026-08-11T13:43:53.000Z</Time><Position><LatitudeDegrees>58.617156982421875</LatitudeDegrees><LongitudeDegrees>59.78742218017578</LongitudeDegrees></Position></Trackpoint><Trackpoint><Time>2026-08-11T13:43:54.000Z</Time><Position><LatitudeDegrees>58.61715316772461</LatitudeDegrees><LongitudeDegrees>59.78742218017578</LongitudeDegrees></Position></Trackpoint><Trackpoint><Time>2026-08-11T13:43:55.000Z</Time><Position><LatitudeDegrees>58.61715316772461</LatitudeDegrees><LongitudeDegrees>59.78742980957031</LongitudeDegrees></Position></Trackpoint><Trackpoint><Time>2026-08-11T13:43:56.000Z</Time><Position><LatitudeDegrees>58.61715316772461</LatitudeDegrees><LongitudeDegrees>59.78743362426758</LongitudeDegrees></Position></Trackpoint><Trackpoint><Time>2026-08-11T13:44:31.000Z</Time><Position><LatitudeDegrees>58.61716326697746</LatitudeDegrees><LongitudeDegrees>59.7874359880442</LongitudeDegrees></Position></Trackpoint><Trackpoint><Time>2026-08-11T13:44:32.000Z</Time><Position><LatitudeDegrees>58.61719512939453</LatitudeDegrees><LongitudeDegrees>59.787437438964844</LongitudeDegrees></Position></Trackpoint><Trackpoint><Time>2026-08-11T13:44:33.000Z</Time><Position><LatitudeDegrees>58.61720657348633</LatitudeDegrees><LongitudeDegrees>59.78742599487305</LongitudeDegrees></Position></Trackpoint><Trackpoint><Time>2026-08-11T13:44:34.000Z</Time><Position><LatitudeDegrees>58.617210388183594</LatitudeDegrees><LongitudeDegrees>59.78742980957031</LongitudeDegrees></Position></Trackpoint><Trackpoint><Time>2026-08-11T13:44:36.000Z</Time><Position><LatitudeDegrees>58.61719726746697</LatitudeDegrees><LongitudeDegrees>59.787431361383945</LongitudeDegrees></Position></Trackpoint><Trackpoint><Time>2026-08-11T13:44:36.000Z</Time><Position><LatitudeDegrees>58.61722946166992</LatitudeDegrees><LongitudeDegrees>59.78744888305664</LongitudeDegrees></Position></Trackpoint><Trackpoint><Time>2026-08-11T13:44:37.000Z</Time><Position><LatitudeDegrees>58.61721917686405</LatitudeDegrees><LongitudeDegrees>59.787448117468955</LongitudeDegrees></Position></Trackpoint><Trackpoint><Time>2026-08-11T13:44:39.000Z</Time><Position><LatitudeDegrees>58.61723709106445</LatitudeDegrees><LongitudeDegrees>59.787471771240234</LongitudeDegrees></Position></Trackpoint><Trackpoint><Time>2026-08-11T13:44:39.000Z</Time><Position><LatitudeDegrees>58.61725616455078</LatitudeDegrees><LongitudeDegrees>59.78749084472656</LongitudeDegrees></Position></Trackpoint><Trackpoint><Time>2026-08-11T13:44:41.000Z</Time><Position><LatitudeDegrees>58.61724454841269</LatitudeDegrees><LongitudeDegrees>59.78748452738378</LongitudeDegrees></Position></Trackpoint><Trackpoint><Time>2026-08-11T13:44:41.000Z</Time><Position><LatitudeDegrees>58.61727523803711</LatitudeDegrees><LongitudeDegrees>59.78754425048828</LongitudeDegrees></Position></Trackpoint><Trackpoint><Time>2026-08-11T13:44:42.000Z</Time><Position><LatitudeDegrees>58.61726469040167</LatitudeDegrees><LongitudeDegrees>59.78752311975252</LongitudeDegrees></Position></Trackpoint><Trackpoint><Time>2026-08-11T13:44:43.000Z</Time><Position><LatitudeDegrees>58.61728286743164</LatitudeDegrees><LongitudeDegrees>59.78757858276367</LongitudeDegrees></Position></Trackpoint><Trackpoint><Time>2026-08-11T13:44:45.000Z</Time><Position><LatitudeDegrees>58.61729049682617</LatitudeDegrees><LongitudeDegrees>59.78759002685547</LongitudeDegrees></Position></Trackpoint><Trackpoint><Time>2026-08-11T13:44:46.000Z</Time><Position><LatitudeDegrees>58.61729049682617</LatitudeDegrees><LongitudeDegrees>59.787601470947266</LongitudeDegrees></Position></Trackpoint><Trackpoint><Time>2026-08-11T13:44:47.000Z</Time><Position><LatitudeDegrees>58.617285768528326</LatitudeDegrees><LongitudeDegrees>59.78758245472954</LongitudeDegrees></Position></Trackpoint><Trackpoint><Time>2026-08-11T13:44:47.000Z</Time><Position><LatitudeDegrees>58.61729049682617</LatitudeDegrees><LongitudeDegrees>59.7876091003418</LongitudeDegrees></Position></Trackpoint><Trackpoint><Time>2026-08-11T13:44:49.000Z</Time><Position><LatitudeDegrees>58.6172981262207</LatitudeDegrees><LongitudeDegrees>59.787628173828125</LongitudeDegrees></Position></Trackpoint><Trackpoint><Time>2026-08-11T13:44:49.000Z</Time><Position><LatitudeDegrees>58.6173095703125</LatitudeDegrees><LongitudeDegrees>59.78764343261719</LongitudeDegrees></Position></Trackpoint><Trackpoint><Time>2026-08-11T13:44:50.000Z</Time><Position><LatitudeDegrees>58.617313385009766</LatitudeDegrees><LongitudeDegrees>59.787662506103516</LongitudeDegrees></Position></Trackpoint><Trackpoint><Time>2026-08-11T13:44:51.000Z</Time><Position><LatitudeDegrees>58.61731719970703</LatitudeDegrees><LongitudeDegrees>59.78768539428711</LongitudeDegrees></Position></Trackpoint><Trackpoint><Time>2026-08-11T13:44:52.000Z</Time><Position><LatitudeDegrees>58.61732482910156</LatitudeDegrees><LongitudeDegrees>59.7877082824707</LongitudeDegrees></Position></Trackpoint><Trackpoint><Time>2026-08-11T13:44:53.000Z</Time><Position><LatitudeDegrees>58.61732482910156</LatitudeDegrees><LongitudeDegrees>59.78773498535156</LongitudeDegrees></Position></Trackpoint><Trackpoint><Time>2026-08-11T13:44:54.000Z</Time><Position><LatitudeDegrees>58.61732039168054</LatitudeDegrees><LongitudeDegrees>59.787700598445845</LongitudeDegrees></Position></Trackpoint><Trackpoint><Time>2026-08-11T13:44:55.000Z</Time><Position><LatitudeDegrees>58.61735534667969</LatitudeDegrees><LongitudeDegrees>59.787742614746094</LongitudeDegrees></Position></Trackpoint><Trackpoint><Time>2026-08-11T13:44:57.000Z</Time><Position><LatitudeDegrees>58.617366790771484</LatitudeDegrees><LongitudeDegrees>59.78776550292969</LongitudeDegrees></Position></Trackpoint><Trackpoint><Time>2026-08-11T13:44:58.000Z</Time><Position><LatitudeDegrees>58.61737823486328</LatitudeDegrees><LongitudeDegrees>59.787776947021484</LongitudeDegrees></Position></Trackpoint><Trackpoint><Time>2026-08-11T13:44:58.000Z</Time><Position><LatitudeDegrees>58.61736938261545</LatitudeDegrees><LongitudeDegrees>59.78776487421638</LongitudeDegrees></Position></Trackpoint><Trackpoint><Time>2026-08-11T13:44:59.000Z</Time><Position><LatitudeDegrees>58.617393493652344</LatitudeDegrees><LongitudeDegrees>59.78780746459961</LongitudeDegrees></Position></Trackpoint><Trackpoint><Time>2026-08-11T13:45:00.000Z</Time><Position><LatitudeDegrees>58.61740493774414</LatitudeDegrees><LongitudeDegrees>59.78782653808594</LongitudeDegrees></Position></Trackpoint><Trackpoint><Time>2026-08-11T13:45:02.000Z</Time><Position><LatitudeDegrees>58.61739447518517</LatitudeDegrees><LongitudeDegrees>59.787810213187846</LongitudeDegrees></Position></Trackpoint><Trackpoint><Time>2026-08-11T13:45:02.000Z</Time><Position><LatitudeDegrees>58.61739826169523</LatitudeDegrees><LongitudeDegrees>59.78781684153382</LongitudeDegrees></Position></Trackpoint><Trackpoint><Time>2026-08-11T13:45:03.000Z</Time><Position><LatitudeDegrees>58.61742401123047</LatitudeDegrees><LongitudeDegrees>59.787879943847656</LongitudeDegrees></Position></Trackpoint><Trackpoint><Time>2026-08-11T13:45:05.000Z</Time><Position><LatitudeDegrees>58.617416140001524</LatitudeDegrees><LongitudeDegrees>59.78786078943139</LongitudeDegrees></Position></Trackpoint><Trackpoint><Time>2026-08-11T13:45:05.000Z</Time><Position><LatitudeDegrees>58.617431640625</LatitudeDegrees><LongitudeDegrees>59.787925720214844</LongitudeDegrees></Position></Trackpoint><Trackpoint><Time>2026-08-11T13:45:07.000Z</Time><Position><LatitudeDegrees>58.617431640625</LatitudeDegrees><LongitudeDegrees>59.78794860839844</LongitudeDegrees></Position></Trackpoint><Trackpoint><Time>2026-08-11T13:45:07.000Z</Time><Position><LatitudeDegrees>58.6174430847168</LatitudeDegrees><LongitudeDegrees>59.7879638671875</LongitudeDegrees></Position></Trackpoint><Trackpoint><Time>2026-08-11T13:45:08.000Z</Time><Position><LatitudeDegrees>58.61744689941406</LatitudeDegrees><LongitudeDegrees>59.78798294067383</LongitudeDegrees></Position></Trackpoint><Trackpoint><Time>2026-08-11T13:45:09.000Z</Time><Position><LatitudeDegrees>58.617443654005434</LatitudeDegrees><LongitudeDegrees>59.78796473567081</LongitudeDegrees></Position></Trackpoint><Trackpoint><Time>2026-08-11T13:45:11.000Z</Time><Position><LatitudeDegrees>58.617454528808594</LatitudeDegrees><LongitudeDegrees>59.78802490234375</LongitudeDegrees></Position></Trackpoint><Trackpoint><Time>2026-08-11T13:45:11.000Z</Time><Position><LatitudeDegrees>58.61745071411133</LatitudeDegrees><LongitudeDegrees>59.78805160522461</LongitudeDegrees></Position></Trackpoint><Trackpoint><Time>2026-08-11T13:45:13.000Z</Time><Position><LatitudeDegrees>58.61745834350586</LatitudeDegrees><LongitudeDegrees>59.78807830810547</LongitudeDegrees></Position></Trackpoint><Trackpoint><Time>2026-08-11T13:45:13.000Z</Time><Position><LatitudeDegrees>58.617458465149646</LatitudeDegrees><LongitudeDegrees>59.788056882189025</LongitudeDegrees></Position></Trackpoint><Trackpoint><Time>2026-08-11T13:45:14.000Z</Time><Position><LatitudeDegrees>58.61746356115501</LatitudeDegrees><LongitudeDegrees>59.788067699377</LongitudeDegrees></Position></Trackpoint><Trackpoint><Time>2026-08-11T13:45:16.000Z</Time><Position><LatitudeDegrees>58.617473222313336</LatitudeDegrees><LongitudeDegrees>59.78809602090832</LongitudeDegrees></Position></Trackpoint><Trackpoint><Time>2026-08-11T13:45:16.000Z</Time><Position><LatitudeDegrees>58.61747757952247</LatitudeDegrees><LongitudeDegrees>59.788098511074146</LongitudeDegrees></Position></Trackpoint><Trackpoint><Time>2026-08-11T13:45:17.000Z</Time><Position><LatitudeDegrees>58.61749237444885</LatitudeDegrees><LongitudeDegrees>59.78812199128254</LongitudeDegrees></Position></Trackpoint><Trackpoint><Time>2026-08-11T13:45:18.000Z</Time><Position><LatitudeDegrees>58.61753463745117</LatitudeDegrees><LongitudeDegrees>59.78812789916992</LongitudeDegrees></Position></Trackpoint><Trackpoint><Time>2026-08-11T13:45:19.000Z</Time><Position><LatitudeDegrees>58.61751996542581</LatitudeDegrees><LongitudeDegrees>59.78812546610489</LongitudeDegrees></Position></Trackpoint><Trackpoint><Time>2026-08-11T13:45:20.000Z</Time><Position><LatitudeDegrees>58.617523051748904</LatitudeDegrees><LongitudeDegrees>59.78812316262848</LongitudeDegrees></Position></Trackpoint><Trackpoint><Time>2026-08-11T13:45:22.000Z</Time><Position><LatitudeDegrees>58.6175651550293</LatitudeDegrees><LongitudeDegrees>59.78813171386719</LongitudeDegrees></Position></Trackpoint><Trackpoint><Time>2026-08-11T13:45:22.000Z</Time><Position><LatitudeDegrees>58.617576599121094</LatitudeDegrees><LongitudeDegrees>59.78813171386719</LongitudeDegrees></Position></Trackpoint><Trackpoint><Time>2026-08-11T13:45:23.000Z</Time><Position><LatitudeDegrees>58.617591857910156</LatitudeDegrees><LongitudeDegrees>59.78813171386719</LongitudeDegrees></Position></Trackpoint><Trackpoint><Time>2026-08-11T13:45:25.000Z</Time><Position><LatitudeDegrees>58.61760330200195</LatitudeDegrees><LongitudeDegrees>59.788124084472656</LongitudeDegrees></Position></Trackpoint><Trackpoint><Time>2026-08-11T13:45:25.000Z</Time><Position><LatitudeDegrees>58.61761474609375</LatitudeDegrees><LongitudeDegrees>59.788116455078125</LongitudeDegrees></Position></Trackpoint><Trackpoint><Time>2026-08-11T13:45:26.000Z</Time><Position><LatitudeDegrees>58.617637634277344</LatitudeDegrees><LongitudeDegrees>59.78813171386719</LongitudeDegrees></Position></Trackpoint><Trackpoint><Time>2026-08-11T13:45:28.000Z</Time><Position><LatitudeDegrees>58.61764144897461</LatitudeDegrees><LongitudeDegrees>59.788143157958984</LongitudeDegrees></Position></Trackpoint><Trackpoint><Time>2026-08-11T13:45:28.000Z</Time><Position><LatitudeDegrees>58.61763353848687</LatitudeDegrees><LongitudeDegrees>59.78813642121197</LongitudeDegrees></Position></Trackpoint><Trackpoint><Time>2026-08-11T13:45:29.000Z</Time><Position><LatitudeDegrees>58.61765670776367</LatitudeDegrees><LongitudeDegrees>59.78813552856445</LongitudeDegrees></Position></Trackpoint><Trackpoint><Time>2026-08-11T13:45:30.000Z</Time><Position><LatitudeDegrees>58.6176643371582</LatitudeDegrees><LongitudeDegrees>59.78813171386719</LongitudeDegrees></Position></Trackpoint><Trackpoint><Time>2026-08-11T13:45:31.000Z</Time><Position><LatitudeDegrees>58.61767578125</LatitudeDegrees><LongitudeDegrees>59.78813171386719</LongitudeDegrees></Position></Trackpoint><Trackpoint><Time>2026-08-11T13:45:33.000Z</Time><Position><LatitudeDegrees>58.6176872253418</LatitudeDegrees><LongitudeDegrees>59.78813552856445</LongitudeDegrees></Position></Trackpoint><Trackpoint><Time>2026-08-11T13:45:33.000Z</Time><Position><LatitudeDegrees>58.61769485473633</LatitudeDegrees><LongitudeDegrees>59.78812026977539</LongitudeDegrees></Position></Trackpoint><Trackpoint><Time>2026-08-11T13:45:34.000Z</Time><Position><LatitudeDegrees>58.61768703164176</LatitudeDegrees><LongitudeDegrees>59.788124656576876</LongitudeDegrees></Position></Trackpoint><Trackpoint><Time>2026-08-11T13:45:35.000Z</Time><Position><LatitudeDegrees>58.61771011352539</LatitudeDegrees><LongitudeDegrees>59.788124084472656</LongitudeDegrees></Position></Trackpoint><Trackpoint><Time>2026-08-11T13:45:36.000Z</Time><Position><LatitudeDegrees>58.61772155761719</LatitudeDegrees><LongitudeDegrees>59.78813171386719</LongitudeDegrees></Position></Trackpoint><Trackpoint><Time>2026-08-11T13:45:37.000Z</Time><Position><LatitudeDegrees>58.61772537231445</LatitudeDegrees><LongitudeDegrees>59.78813171386719</LongitudeDegrees></Position></Trackpoint><Trackpoint><Time>2026-08-11T13:45:38.000Z</Time><Position><LatitudeDegrees>58.617740631103516</LatitudeDegrees><LongitudeDegrees>59.78813552856445</LongitudeDegrees></Position></Trackpoint><Trackpoint><Time>2026-08-11T13:45:39.000Z</Time><Position><LatitudeDegrees>58.617725968685555</LatitudeDegrees><LongitudeDegrees>59.788133001402585</LongitudeDegrees></Position></Trackpoint><Trackpoint><Time>2026-08-11T13:45:41.000Z</Time><Position><LatitudeDegrees>58.617744801463665</LatitudeDegrees><LongitudeDegrees>59.788132750702175</LongitudeDegrees></Position></Trackpoint><Trackpoint><Time>2026-08-11T13:45:41.000Z</Time><Position><LatitudeDegrees>58.61777114868164</LatitudeDegrees><LongitudeDegrees>59.78812026977539</LongitudeDegrees></Position></Trackpoint><Trackpoint><Time>2026-08-11T13:45:43.000Z</Time><Position><LatitudeDegrees>58.61778259277344</LatitudeDegrees><LongitudeDegrees>59.788116455078125</LongitudeDegrees></Position></Trackpoint><Trackpoint><Time>2026-08-11T13:45:43.000Z</Time><Position><LatitudeDegrees>58.61779022216797</LatitudeDegrees><LongitudeDegrees>59.788108825683594</LongitudeDegrees></Position></Trackpoint><Trackpoint><Time>2026-08-11T13:45:44.000Z</Time><Position><LatitudeDegrees>58.617801666259766</LatitudeDegrees><LongitudeDegrees>59.78811264038086</LongitudeDegrees></Position></Trackpoint><Trackpoint><Time>2026-08-11T13:45:45.000Z</Time><Position><LatitudeDegrees>58.61778614782785</LatitudeDegrees><LongitudeDegrees>59.78811647636155</LongitudeDegrees></Position></Trackpoint><Trackpoint><Time>2026-08-11T13:45:46.000Z</Time><Position><LatitudeDegrees>58.617828369140625</LatitudeDegrees><LongitudeDegrees>59.788116455078125</LongitudeDegrees></Position></Trackpoint><Trackpoint><Time>2026-08-11T13:45:47.000Z</Time><Position><LatitudeDegrees>58.617855072021484</LatitudeDegrees><LongitudeDegrees>59.788116455078125</LongitudeDegrees></Position></Trackpoint><Trackpoint><Time>2026-08-11T13:45:48.000Z</Time><Position><LatitudeDegrees>58.61786651611328</LatitudeDegrees><LongitudeDegrees>59.788116455078125</LongitudeDegrees></Position></Trackpoint><Trackpoint><Time>2026-08-11T13:45:50.000Z</Time><Position><LatitudeDegrees>58.617881774902344</LatitudeDegrees><LongitudeDegrees>59.788116455078125</LongitudeDegrees></Position></Trackpoint><Trackpoint><Time>2026-08-11T13:45:50.000Z</Time><Position><LatitudeDegrees>58.61789321899414</LatitudeDegrees><LongitudeDegrees>59.788124084472656</LongitudeDegrees></Position></Trackpoint><Trackpoint><Time>2026-08-11T13:45:51.000Z</Time><Position><LatitudeDegrees>58.61790084838867</LatitudeDegrees><LongitudeDegrees>59.788124084472656</LongitudeDegrees></Position></Trackpoint><Trackpoint><Time>2026-08-11T13:45:53.000Z</Time><Position><LatitudeDegrees>58.61791229248047</LatitudeDegrees><LongitudeDegrees>59.788124084472656</LongitudeDegrees></Position></Trackpoint><Trackpoint><Time>2026-08-11T13:45:54.000Z</Time><Position><LatitudeDegrees>58.61792755126953</LatitudeDegrees><LongitudeDegrees>59.78812026977539</LongitudeDegrees></Position></Trackpoint><Trackpoint><Time>2026-08-11T13:45:55.000Z</Time><Position><LatitudeDegrees>58.617942810058594</LatitudeDegrees><LongitudeDegrees>59.78812026977539</LongitudeDegrees></Position></Trackpoint><Trackpoint><Time>2026-08-11T13:45:55.000Z</Time><Position><LatitudeDegrees>58.61795425415039</LatitudeDegrees><LongitudeDegrees>59.788116455078125</LongitudeDegrees></Position></Trackpoint><Trackpoint><Time>2026-08-11T13:45:56.000Z</Time><Position><LatitudeDegrees>58.61796569824219</LatitudeDegrees><LongitudeDegrees>59.78812789916992</LongitudeDegrees></Position></Trackpoint><Trackpoint><Time>2026-08-11T13:45:57.000Z</Time><Position><LatitudeDegrees>58.617977142333984</LatitudeDegrees><LongitudeDegrees>59.78812789916992</LongitudeDegrees></Position></Trackpoint><Trackpoint><Time>2026-08-11T13:45:58.000Z</Time><Position><LatitudeDegrees>58.61799240112305</LatitudeDegrees><LongitudeDegrees>59.78813171386719</LongitudeDegrees></Position></Trackpoint><Trackpoint><Time>2026-08-11T13:45:59.000Z</Time><Position><LatitudeDegrees>58.618011474609375</LatitudeDegrees><LongitudeDegrees>59.78813171386719</LongitudeDegrees></Position></Trackpoint><Trackpoint><Time>2026-08-11T13:46:01.000Z</Time><Position><LatitudeDegrees>58.61802673339844</LatitudeDegrees><LongitudeDegrees>59.78813552856445</LongitudeDegrees></Position></Trackpoint><Trackpoint><Time>2026-08-11T13:46:01.000Z</Time><Position><LatitudeDegrees>58.618004324854475</LatitudeDegrees><LongitudeDegrees>59.788131707545915</LongitudeDegrees></Position></Trackpoint><Trackpoint><Time>2026-08-11T13:46:02.000Z</Time><Position><LatitudeDegrees>58.61804962158203</LatitudeDegrees><LongitudeDegrees>59.78813171386719</LongitudeDegrees></Position></Trackpoint><Trackpoint><Time>2026-08-11T13:46:03.000Z</Time><Position><LatitudeDegrees>58.61805725097656</LatitudeDegrees><LongitudeDegrees>59.78813171386719</LongitudeDegrees></Position></Trackpoint><Trackpoint><Time>2026-08-11T13:46:04.000Z</Time><Position><LatitudeDegrees>58.618064880371094</LatitudeDegrees><LongitudeDegrees>59.78812789916992</LongitudeDegrees></Position></Trackpoint><Trackpoint><Time>2026-08-11T13:46:05.000Z</Time><Position><LatitudeDegrees>58.618080139160156</LatitudeDegrees><LongitudeDegrees>59.788124084472656</LongitudeDegrees></Position></Trackpoint><Trackpoint><Time>2026-08-11T13:46:06.000Z</Time><Position><LatitudeDegrees>58.61809158325195</LatitudeDegrees><LongitudeDegrees>59.78812026977539</LongitudeDegrees></Position></Trackpoint><Trackpoint><Time>2026-08-11T13:46:07.000Z</Time><Position><LatitudeDegrees>58.61810302734375</LatitudeDegrees><LongitudeDegrees>59.78812026977539</LongitudeDegrees></Position></Trackpoint><Trackpoint><Time>2026-08-11T13:46:08.000Z</Time><Position><LatitudeDegrees>58.61811828613281</LatitudeDegrees><LongitudeDegrees>59.788116455078125</LongitudeDegrees></Position></Trackpoint><Trackpoint><Time>2026-08-11T13:46:09.000Z</Time><Position><LatitudeDegrees>58.61812973022461</LatitudeDegrees><LongitudeDegrees>59.78812026977539</LongitudeDegrees></Position></Trackpoint><Trackpoint><Time>2026-08-11T13:46:10.000Z</Time><Position><LatitudeDegrees>58.618141174316406</LatitudeDegrees><LongitudeDegrees>59.788116455078125</LongitudeDegrees></Position></Trackpoint><Trackpoint><Time>2026-08-11T13:46:11.000Z</Time><Position><LatitudeDegrees>58.61815643310547</LatitudeDegrees><LongitudeDegrees>59.78811264038086</LongitudeDegrees></Position></Trackpoint><Trackpoint><Time>2026-08-11T13:46:12.000Z</Time><Position><LatitudeDegrees>58.6181640625</LatitudeDegrees><LongitudeDegrees>59.78811264038086</LongitudeDegrees></Position></Trackpoint><Trackpoint><Time>2026-08-11T13:46:13.000Z</Time><Position><LatitudeDegrees>58.61817932128906</LatitudeDegrees><LongitudeDegrees>59.788108825683594</LongitudeDegrees></Position></Trackpoint><Trackpoint><Time>2026-08-11T13:46:14.000Z</Time><Position><LatitudeDegrees>58.618186950683594</LatitudeDegrees><LongitudeDegrees>59.78811264038086</LongitudeDegrees></Position></Trackpoint><Trackpoint><Time>2026-08-11T13:46:15.000Z</Time><Position><LatitudeDegrees>58.61819839477539</LatitudeDegrees><LongitudeDegrees>59.788116455078125</LongitudeDegrees></Position></Trackpoint><Trackpoint><Time>2026-08-11T13:46:16.000Z</Time><Position><LatitudeDegrees>58.61821365356445</LatitudeDegrees><LongitudeDegrees>59.78811264038086</LongitudeDegrees></Position></Trackpoint><Trackpoint><Time>2026-08-11T13:46:17.000Z</Time><Position><LatitudeDegrees>58.618221282958984</LatitudeDegrees><LongitudeDegrees>59.788116455078125</LongitudeDegrees></Position></Trackpoint><Trackpoint><Time>2026-08-11T13:46:18.000Z</Time><Position><LatitudeDegrees>58.618228912353516</LatitudeDegrees><LongitudeDegrees>59.788116455078125</LongitudeDegrees></Position></Trackpoint><Trackpoint><Time>2026-08-11T13:46:19.000Z</Time><Position><LatitudeDegrees>58.61824417114258</LatitudeDegrees><LongitudeDegrees>59.78811264038086</LongitudeDegrees></Position></Trackpoint><Trackpoint><Time>2026-08-11T13:46:20.000Z</Time><Position><LatitudeDegrees>58.61825180053711</LatitudeDegrees><LongitudeDegrees>59.788116455078125</LongitudeDegrees></Position></Trackpoint><Trackpoint><Time>2026-08-11T13:46:21.000Z</Time><Position><LatitudeDegrees>58.618263244628906</LatitudeDegrees><LongitudeDegrees>59.788116455078125</LongitudeDegrees></Position></Trackpoint><Trackpoint><Time>2026-08-11T13:46:22.000Z</Time><Position><LatitudeDegrees>58.61827850341797</LatitudeDegrees><LongitudeDegrees>59.788116455078125</LongitudeDegrees></Position></Trackpoint><Trackpoint><Time>2026-08-11T13:46:23.000Z</Time><Position><LatitudeDegrees>58.618289947509766</LatitudeDegrees><LongitudeDegrees>59.78811264038086</LongitudeDegrees></Position></Trackpoint><Trackpoint><Time>2026-08-11T13:46:24.000Z</Time><Position><LatitudeDegrees>58.61830139160156</LatitudeDegrees><LongitudeDegrees>59.788108825683594</LongitudeDegrees></Position></Trackpoint><Trackpoint><Time>2026-08-11T13:46:25.000Z</Time><Position><LatitudeDegrees>58.618284436746606</LatitudeDegrees><LongitudeDegrees>59.78811163841317</LongitudeDegrees></Position></Trackpoint><Trackpoint><Time>2026-08-11T13:46:26.000Z</Time><Position><LatitudeDegrees>58.618324279785156</LatitudeDegrees><LongitudeDegrees>59.788116455078125</LongitudeDegrees></Position></Trackpoint><Trackpoint><Time>2026-08-11T13:46:27.000Z</Time><Position><LatitudeDegrees>58.61833190917969</LatitudeDegrees><LongitudeDegrees>59.78812026977539</LongitudeDegrees></Position></Trackpoint><Trackpoint><Time>2026-08-11T13:46:28.000Z</Time><Position><LatitudeDegrees>58.61834716796875</LatitudeDegrees><LongitudeDegrees>59.788124084472656</LongitudeDegrees></Position></Trackpoint><Trackpoint><Time>2026-08-11T13:46:29.000Z</Time><Position><LatitudeDegrees>58.61835479736328</LatitudeDegrees><LongitudeDegrees>59.788124084472656</LongitudeDegrees></Position></Trackpoint><Trackpoint><Time>2026-08-11T13:46:30.000Z</Time><Position><LatitudeDegrees>58.61836624145508</LatitudeDegrees><LongitudeDegrees>59.788124084472656</LongitudeDegrees></Position></Trackpoint><Trackpoint><Time>2026-08-11T13:46:31.000Z</Time><Position><LatitudeDegrees>58.61838150024414</LatitudeDegrees><LongitudeDegrees>59.788124084472656</LongitudeDegrees></Position></Trackpoint><Trackpoint><Time>2026-08-11T13:46:32.000Z</Time><Position><LatitudeDegrees>58.61839294433594</LatitudeDegrees><LongitudeDegrees>59.788124084472656</LongitudeDegrees></Position></Trackpoint><Trackpoint><Time>2026-08-11T13:46:33.000Z</Time><Position><LatitudeDegrees>58.618408203125</LatitudeDegrees><LongitudeDegrees>59.78812789916992</LongitudeDegrees></Position></Trackpoint><Trackpoint><Time>2026-08-11T13:46:34.000Z</Time><Position><LatitudeDegrees>58.61842346191406</LatitudeDegrees><LongitudeDegrees>59.78812789916992</LongitudeDegrees></Position></Trackpoint><Trackpoint><Time>2026-08-11T13:46:35.000Z</Time><Position><LatitudeDegrees>58.61843490600586</LatitudeDegrees><LongitudeDegrees>59.78812789916992</LongitudeDegrees></Position></Trackpoint><Trackpoint><Time>2026-08-11T13:46:36.000Z</Time><Position><LatitudeDegrees>58.618446350097656</LatitudeDegrees><LongitudeDegrees>59.788124084472656</LongitudeDegrees></Position></Trackpoint><Trackpoint><Time>2026-08-11T13:46:37.000Z</Time><Position><LatitudeDegrees>58.61845397949219</LatitudeDegrees><LongitudeDegrees>59.788124084472656</LongitudeDegrees></Position></Trackpoint><Trackpoint><Time>2026-08-11T13:46:38.000Z</Time><Position><LatitudeDegrees>58.61845779418945</LatitudeDegrees><LongitudeDegrees>59.788124084472656</LongitudeDegrees></Position></Trackpoint><Trackpoint><Time>2026-08-11T13:46:39.000Z</Time><Position><LatitudeDegrees>58.618449669199656</LatitudeDegrees><LongitudeDegrees>59.78812588337281</LongitudeDegrees></Position></Trackpoint><Trackpoint><Time>2026-08-11T13:46:41.000Z</Time><Position><LatitudeDegrees>58.6184525586255</LatitudeDegrees><LongitudeDegrees>59.788126144351374</LongitudeDegrees></Position></Trackpoint><Trackpoint><Time>2026-08-11T13:46:42.000Z</Time><Position><LatitudeDegrees>58.61846160888672</LatitudeDegrees><LongitudeDegrees>59.78813171386719</LongitudeDegrees></Position></Trackpoint><Trackpoint><Time>2026-08-11T13:46:47.000Z</Time><Position><LatitudeDegrees>58.61845779418945</LatitudeDegrees><LongitudeDegrees>59.78813171386719</LongitudeDegrees></Position></Trackpoint><Trackpoint><Time>2026-08-11T13:46:49.000Z</Time><Position><LatitudeDegrees>58.61846160888672</LatitudeDegrees><LongitudeDegrees>59.788143157958984</LongitudeDegrees></Position></Trackpoint><Trackpoint><Time>2026-08-11T13:46:51.000Z</Time><Position><LatitudeDegrees>58.618465423583984</LatitudeDegrees><LongitudeDegrees>59.788143157958984</LongitudeDegrees></Position></Trackpoint><Trackpoint><Time>2026-08-11T13:46:52.000Z</Time><Position><LatitudeDegrees>58.61847686767578</LatitudeDegrees><LongitudeDegrees>59.788143157958984</LongitudeDegrees></Position></Trackpoint><Trackpoint><Time>2026-08-11T13:46:53.000Z</Time><Position><LatitudeDegrees>58.61848449707031</LatitudeDegrees><LongitudeDegrees>59.78814697265625</LongitudeDegrees></Position></Trackpoint><Trackpoint><Time>2026-08-11T13:46:55.000Z</Time><Position><LatitudeDegrees>58.61849594116211</LatitudeDegrees><LongitudeDegrees>59.78814697265625</LongitudeDegrees></Position></Trackpoint><Trackpoint><Time>2026-08-11T13:46:55.000Z</Time><Position><LatitudeDegrees>58.618507385253906</LatitudeDegrees><LongitudeDegrees>59.788150787353516</LongitudeDegrees></Position></Trackpoint><Trackpoint><Time>2026-08-11T13:46:56.000Z</Time><Position><LatitudeDegrees>58.618493530365754</LatitudeDegrees><LongitudeDegrees>59.7881464686657</LongitudeDegrees></Position></Trackpoint><Trackpoint><Time>2026-08-11T13:46:57.000Z</Time><Position><LatitudeDegrees>58.618526458740234</LatitudeDegrees><LongitudeDegrees>59.788143157958984</LongitudeDegrees></Position></Trackpoint><Trackpoint><Time>2026-08-11T13:46:58.000Z</Time><Position><LatitudeDegrees>58.6185417175293</LatitudeDegrees><LongitudeDegrees>59.788143157958984</LongitudeDegrees></Position></Trackpoint><Trackpoint><Time>2026-08-11T13:46:59.000Z</Time><Position><LatitudeDegrees>58.618553161621094</LatitudeDegrees><LongitudeDegrees>59.78814697265625</LongitudeDegrees></Position></Trackpoint><Trackpoint><Time>2026-08-11T13:47:00.000Z</Time><Position><LatitudeDegrees>58.618568420410156</LatitudeDegrees><LongitudeDegrees>59.78814697265625</LongitudeDegrees></Position></Trackpoint><Trackpoint><Time>2026-08-11T13:47:01.000Z</Time><Position><LatitudeDegrees>58.61857604980469</LatitudeDegrees><LongitudeDegrees>59.788143157958984</LongitudeDegrees></Position></Trackpoint><Trackpoint><Time>2026-08-11T13:47:03.000Z</Time><Position><LatitudeDegrees>58.61858367919922</LatitudeDegrees><LongitudeDegrees>59.788143157958984</LongitudeDegrees></Position></Trackpoint><Trackpoint><Time>2026-08-11T13:47:04.000Z</Time><Position><LatitudeDegrees>58.618587493896484</LatitudeDegrees><LongitudeDegrees>59.78813934326172</LongitudeDegrees></Position></Trackpoint><Trackpoint><Time>2026-08-11T13:47:04.000Z</Time><Position><LatitudeDegrees>58.61859130859375</LatitudeDegrees><LongitudeDegrees>59.78813934326172</LongitudeDegrees></Position></Trackpoint><Trackpoint><Time>2026-08-11T13:47:05.000Z</Time><Position><LatitudeDegrees>58.618595123291016</LatitudeDegrees><LongitudeDegrees>59.78813934326172</LongitudeDegrees></Position></Trackpoint><Trackpoint><Time>2026-08-11T13:47:06.000Z</Time><Position><LatitudeDegrees>58.61859130859375</LatitudeDegrees><LongitudeDegrees>59.78813934326172</LongitudeDegrees></Position></Trackpoint><Trackpoint><Time>2026-08-11T13:47:07.000Z</Time><Position><LatitudeDegrees>58.61859130859375</LatitudeDegrees><LongitudeDegrees>59.78813552856445</LongitudeDegrees></Position></Trackpoint><Trackpoint><Time>2026-08-11T13:47:09.000Z</Time><Position><LatitudeDegrees>58.618595123291016</LatitudeDegrees><LongitudeDegrees>59.78813552856445</LongitudeDegrees></Position></Trackpoint><Trackpoint><Time>2026-08-11T13:47:12.000Z</Time><Position><LatitudeDegrees>58.618588203279685</LatitudeDegrees><LongitudeDegrees>59.788138889862026</LongitudeDegrees></Position></Trackpoint><Trackpoint><Time>2026-08-11T13:47:37.000Z</Time><Position><LatitudeDegrees>58.618587493896484</LatitudeDegrees><LongitudeDegrees>59.78814697265625</LongitudeDegrees></Position></Trackpoint><Trackpoint><Time>2026-08-11T13:47:38.000Z</Time><Position><LatitudeDegrees>58.61858367919922</LatitudeDegrees><LongitudeDegrees>59.78815460205078</LongitudeDegrees></Position></Trackpoint><Trackpoint><Time>2026-08-11T13:47:39.000Z</Time><Position><LatitudeDegrees>58.61858482766794</LatitudeDegrees><LongitudeDegrees>59.78814935708594</LongitudeDegrees></Position></Trackpoint><Trackpoint><Time>2026-08-11T13:47:40.000Z</Time><Position><LatitudeDegrees>58.618583705104484</LatitudeDegrees><LongitudeDegrees>59.78814864226565</LongitudeDegrees></Position></Trackpoint><Trackpoint><Time>2026-08-11T13:47:41.000Z</Time><Position><LatitudeDegrees>58.61857986450195</LatitudeDegrees><LongitudeDegrees>59.788143157958984</LongitudeDegrees></Position></Trackpoint><Trackpoint><Time>2026-08-11T13:47:53.000Z</Time><Position><LatitudeDegrees>58.61859130859375</LatitudeDegrees><LongitudeDegrees>59.78813552856445</LongitudeDegrees></Position></Trackpoint><Trackpoint><Time>2026-08-11T13:47:54.000Z</Time><Position><LatitudeDegrees>58.61860275268555</LatitudeDegrees><LongitudeDegrees>59.78813171386719</LongitudeDegrees></Position></Trackpoint><Trackpoint><Time>2026-08-11T13:47:55.000Z</Time><Position><LatitudeDegrees>58.61861801147461</LatitudeDegrees><LongitudeDegrees>59.788124084472656</LongitudeDegrees></Position></Trackpoint><Trackpoint><Time>2026-08-11T13:47:56.000Z</Time><Position><LatitudeDegrees>58.618629455566406</LatitudeDegrees><LongitudeDegrees>59.78812026977539</LongitudeDegrees></Position></Trackpoint><Trackpoint><Time>2026-08-11T13:47:57.000Z</Time><Position><LatitudeDegrees>58.61863327026367</LatitudeDegrees><LongitudeDegrees>59.78812026977539</LongitudeDegrees></Position></Trackpoint><Trackpoint><Time>2026-08-11T13:47:58.000Z</Time><Position><LatitudeDegrees>58.61863327026367</LatitudeDegrees><LongitudeDegrees>59.788124084472656</LongitudeDegrees></Position></Trackpoint><Trackpoint><Time>2026-08-11T13:47:59.000Z</Time><Position><LatitudeDegrees>58.61863327026367</LatitudeDegrees><LongitudeDegrees>59.78813171386719</LongitudeDegrees></Position></Trackpoint><Trackpoint><Time>2026-08-11T13:48:01.000Z</Time><Position><LatitudeDegrees>58.61863327026367</LatitudeDegrees><LongitudeDegrees>59.788124084472656</LongitudeDegrees></Position></Trackpoint><Trackpoint><Time>2026-08-11T13:48:02.000Z</Time><Position><LatitudeDegrees>58.618628067550446</LatitudeDegrees><LongitudeDegrees>59.788124364905414</LongitudeDegrees></Position></Trackpoint><Trackpoint><Time>2026-08-11T13:48:03.000Z</Time><Position><LatitudeDegrees>58.61863327026367</LatitudeDegrees><LongitudeDegrees>59.788124084472656</LongitudeDegrees></Position></Trackpoint><Trackpoint><Time>2026-08-11T13:48:04.000Z</Time><Position><LatitudeDegrees>58.61863327026367</LatitudeDegrees><LongitudeDegrees>59.78812789916992</LongitudeDegrees></Position></Trackpoint><Trackpoint><Time>2026-08-11T13:48:05.000Z</Time><Position><LatitudeDegrees>58.618629455566406</LatitudeDegrees><LongitudeDegrees>59.78812789916992</LongitudeDegrees></Position></Trackpoint><Trackpoint><Time>2026-08-11T13:48:06.000Z</Time><Position><LatitudeDegrees>58.618629455566406</LatitudeDegrees><LongitudeDegrees>59.78813171386719</LongitudeDegrees></Position></Trackpoint><Trackpoint><Time>2026-08-11T13:48:17.000Z</Time><Position><LatitudeDegrees>58.6186408996582</LatitudeDegrees><LongitudeDegrees>59.788150787353516</LongitudeDegrees></Position></Trackpoint><Trackpoint><Time>2026-08-11T13:48:18.000Z</Time><Position><LatitudeDegrees>58.61863656571676</LatitudeDegrees><LongitudeDegrees>59.788141924536895</LongitudeDegrees></Position></Trackpoint><Trackpoint><Time>2026-08-11T13:48:19.000Z</Time><Position><LatitudeDegrees>58.61864471435547</LatitudeDegrees><LongitudeDegrees>59.78815841674805</LongitudeDegrees></Position></Trackpoint><Trackpoint><Time>2026-08-11T13:48:20.000Z</Time><Position><LatitudeDegrees>58.618656158447266</LatitudeDegrees><LongitudeDegrees>59.78815841674805</LongitudeDegrees></Position></Trackpoint><Trackpoint><Time>2026-08-11T13:48:21.000Z</Time><Position><LatitudeDegrees>58.6186637878418</LatitudeDegrees><LongitudeDegrees>59.78816223144531</LongitudeDegrees></Position></Trackpoint><Trackpoint><Time>2026-08-11T13:48:22.000Z</Time><Position><LatitudeDegrees>58.618654420907916</LatitudeDegrees><LongitudeDegrees>59.7881554927268</LongitudeDegrees></Position></Trackpoint><Trackpoint><Time>2026-08-11T13:48:23.000Z</Time><Position><LatitudeDegrees>58.618682861328125</LatitudeDegrees><LongitudeDegrees>59.78815841674805</LongitudeDegrees></Position></Trackpoint><Trackpoint><Time>2026-08-11T13:48:24.000Z</Time><Position><LatitudeDegrees>58.61869430541992</LatitudeDegrees><LongitudeDegrees>59.78815841674805</LongitudeDegrees></Position></Trackpoint><Trackpoint><Time>2026-08-11T13:48:26.000Z</Time><Position><LatitudeDegrees>58.61870574951172</LatitudeDegrees><LongitudeDegrees>59.78815841674805</LongitudeDegrees></Position></Trackpoint><Trackpoint><Time>2026-08-11T13:48:26.000Z</Time><Position><LatitudeDegrees>58.618709564208984</LatitudeDegrees><LongitudeDegrees>59.78816223144531</LongitudeDegrees></Position></Trackpoint><Trackpoint><Time>2026-08-11T13:48:27.000Z</Time><Position><LatitudeDegrees>58.61872100830078</LatitudeDegrees><LongitudeDegrees>59.78816223144531</LongitudeDegrees></Position></Trackpoint><Trackpoint><Time>2026-08-11T13:48:29.000Z</Time><Position><LatitudeDegrees>58.61873245239258</LatitudeDegrees><LongitudeDegrees>59.78816223144531</LongitudeDegrees></Position></Trackpoint><Trackpoint><Time>2026-08-11T13:48:29.000Z</Time><Position><LatitudeDegrees>58.61872507855811</LatitudeDegrees><LongitudeDegrees>59.788164284187104</LongitudeDegrees></Position></Trackpoint><Trackpoint><Time>2026-08-11T13:48:30.000Z</Time><Position><LatitudeDegrees>58.618731445692305</LatitudeDegrees><LongitudeDegrees>59.78816083742524</LongitudeDegrees></Position></Trackpoint><Trackpoint><Time>2026-08-11T13:48:32.000Z</Time><Position><LatitudeDegrees>58.6187629699707</LatitudeDegrees><LongitudeDegrees>59.78815460205078</LongitudeDegrees></Position></Trackpoint><Trackpoint><Time>2026-08-11T13:48:33.000Z</Time><Position><LatitudeDegrees>58.6187744140625</LatitudeDegrees><LongitudeDegrees>59.78815460205078</LongitudeDegrees></Position></Trackpoint><Trackpoint><Time>2026-08-11T13:48:33.000Z</Time><Position><LatitudeDegrees>58.61878967285156</LatitudeDegrees><LongitudeDegrees>59.78815460205078</LongitudeDegrees></Position></Trackpoint><Trackpoint><Time>2026-08-11T13:48:34.000Z</Time><Position><LatitudeDegrees>58.61880111694336</LatitudeDegrees><LongitudeDegrees>59.78814697265625</LongitudeDegrees></Position></Trackpoint><Trackpoint><Time>2026-08-11T13:48:35.000Z</Time><Position><LatitudeDegrees>58.618812561035156</LatitudeDegrees><LongitudeDegrees>59.788143157958984</LongitudeDegrees></Position></Trackpoint><Trackpoint><Time>2026-08-11T13:48:36.000Z</Time><Position><LatitudeDegrees>58.61882400512695</LatitudeDegrees><LongitudeDegrees>59.78813934326172</LongitudeDegrees></Position></Trackpoint><Trackpoint><Time>2026-08-11T13:48:37.000Z</Time><Position><LatitudeDegrees>58.618839263916016</LatitudeDegrees><LongitudeDegrees>59.78813171386719</LongitudeDegrees></Position></Trackpoint><Trackpoint><Time>2026-08-11T13:48:38.000Z</Time><Position><LatitudeDegrees>58.61882851165143</LatitudeDegrees><LongitudeDegrees>59.788137559558784</LongitudeDegrees></Position></Trackpoint><Trackpoint><Time>2026-08-11T13:48:39.000Z</Time><Position><LatitudeDegrees>58.61886215209961</LatitudeDegrees><LongitudeDegrees>59.78813552856445</LongitudeDegrees></Position></Trackpoint><Trackpoint><Time>2026-08-11T13:48:40.000Z</Time><Position><LatitudeDegrees>58.61886978149414</LatitudeDegrees><LongitudeDegrees>59.78813552856445</LongitudeDegrees></Position></Trackpoint><Trackpoint><Time>2026-08-11T13:48:41.000Z</Time><Position><LatitudeDegrees>58.6188850402832</LatitudeDegrees><LongitudeDegrees>59.78813552856445</LongitudeDegrees></Position></Trackpoint><Trackpoint><Time>2026-08-11T13:48:42.000Z</Time><Position><LatitudeDegrees>58.618896484375</LatitudeDegrees><LongitudeDegrees>59.78813552856445</LongitudeDegrees></Position></Trackpoint><Trackpoint><Time>2026-08-11T13:48:43.000Z</Time><Position><LatitudeDegrees>58.61890411376953</LatitudeDegrees><LongitudeDegrees>59.78813171386719</LongitudeDegrees></Position></Trackpoint><Trackpoint><Time>2026-08-11T13:48:44.000Z</Time><Position><LatitudeDegrees>58.61891174316406</LatitudeDegrees><LongitudeDegrees>59.78813171386719</LongitudeDegrees></Position></Trackpoint><Trackpoint><Time>2026-08-11T13:48:45.000Z</Time><Position><LatitudeDegrees>58.618919372558594</LatitudeDegrees><LongitudeDegrees>59.78813171386719</LongitudeDegrees></Position></Trackpoint><Trackpoint><Time>2026-08-11T13:48:46.000Z</Time><Position><LatitudeDegrees>58.618927001953125</LatitudeDegrees><LongitudeDegrees>59.78813171386719</LongitudeDegrees></Position></Trackpoint><Trackpoint><Time>2026-08-11T13:48:47.000Z</Time><Position><LatitudeDegrees>58.618934631347656</LatitudeDegrees><LongitudeDegrees>59.78812789916992</LongitudeDegrees></Position></Trackpoint><Trackpoint><Time>2026-08-11T13:48:48.000Z</Time><Position><LatitudeDegrees>58.61894226074219</LatitudeDegrees><LongitudeDegrees>59.788124084472656</LongitudeDegrees></Position></Trackpoint><Trackpoint><Time>2026-08-11T13:48:49.000Z</Time><Position><LatitudeDegrees>58.61893079832708</LatitudeDegrees><LongitudeDegrees>59.78812834617123</LongitudeDegrees></Position></Trackpoint><Trackpoint><Time>2026-08-11T13:48:50.000Z</Time><Position><LatitudeDegrees>58.61894989013672</LatitudeDegrees><LongitudeDegrees>59.78813934326172</LongitudeDegrees></Position></Trackpoint><Trackpoint><Time>2026-08-11T13:48:51.000Z</Time><Position><LatitudeDegrees>58.61895751953125</LatitudeDegrees><LongitudeDegrees>59.78813934326172</LongitudeDegrees></Position></Trackpoint><Trackpoint><Time>2026-08-11T13:48:52.000Z</Time><Position><LatitudeDegrees>58.61896896362305</LatitudeDegrees><LongitudeDegrees>59.78813552856445</LongitudeDegrees></Position></Trackpoint><Trackpoint><Time>2026-08-11T13:48:53.000Z</Time><Position><LatitudeDegrees>58.61897659301758</LatitudeDegrees><LongitudeDegrees>59.78813934326172</LongitudeDegrees></Position></Trackpoint><Trackpoint><Time>2026-08-11T13:48:55.000Z</Time><Position><LatitudeDegrees>58.618988037109375</LatitudeDegrees><LongitudeDegrees>59.788143157958984</LongitudeDegrees></Position></Trackpoint><Trackpoint><Time>2026-08-11T13:48:55.000Z</Time><Position><LatitudeDegrees>58.61899948120117</LatitudeDegrees><LongitudeDegrees>59.788143157958984</LongitudeDegrees></Position></Trackpoint><Trackpoint><Time>2026-08-11T13:48:57.000Z</Time><Position><LatitudeDegrees>58.61901092529297</LatitudeDegrees><LongitudeDegrees>59.78814697265625</LongitudeDegrees></Position></Trackpoint><Trackpoint><Time>2026-08-11T13:48:58.000Z</Time><Position><LatitudeDegrees>58.61902618408203</LatitudeDegrees><LongitudeDegrees>59.788143157958984</LongitudeDegrees></Position></Trackpoint><Trackpoint><Time>2026-08-11T13:48:58.000Z</Time><Position><LatitudeDegrees>58.61903762817383</LatitudeDegrees><LongitudeDegrees>59.78814697265625</LongitudeDegrees></Position></Trackpoint><Trackpoint><Time>2026-08-11T13:48:59.000Z</Time><Position><LatitudeDegrees>58.61904525756836</LatitudeDegrees><LongitudeDegrees>59.78815460205078</LongitudeDegrees></Position></Trackpoint><Trackpoint><Time>2026-08-11T13:49:00.000Z</Time><Position><LatitudeDegrees>58.619056701660156</LatitudeDegrees><LongitudeDegrees>59.788150787353516</LongitudeDegrees></Position></Trackpoint><Trackpoint><Time>2026-08-11T13:49:01.000Z</Time><Position><LatitudeDegrees>58.61906814575195</LatitudeDegrees><LongitudeDegrees>59.78815460205078</LongitudeDegrees></Position></Trackpoint><Trackpoint><Time>2026-08-11T13:49:02.000Z</Time><Position><LatitudeDegrees>58.619083404541016</LatitudeDegrees><LongitudeDegrees>59.78815841674805</LongitudeDegrees></Position></Trackpoint><Trackpoint><Time>2026-08-11T13:49:04.000Z</Time><Position><LatitudeDegrees>58.61909484863281</LatitudeDegrees><LongitudeDegrees>59.78815841674805</LongitudeDegrees></Position></Trackpoint><Trackpoint><Time>2026-08-11T13:49:04.000Z</Time><Position><LatitudeDegrees>58.619110107421875</LatitudeDegrees><LongitudeDegrees>59.78816604614258</LongitudeDegrees></Position></Trackpoint><Trackpoint><Time>2026-08-11T13:49:05.000Z</Time><Position><LatitudeDegrees>58.619091360124116</LatitudeDegrees><LongitudeDegrees>59.788160074828</LongitudeDegrees></Position></Trackpoint><Trackpoint><Time>2026-08-11T13:49:07.000Z</Time><Position><LatitudeDegrees>58.61913299560547</LatitudeDegrees><LongitudeDegrees>59.78816223144531</LongitudeDegrees></Position></Trackpoint><Trackpoint><Time>2026-08-11T13:49:08.000Z</Time><Position><LatitudeDegrees>58.619144439697266</LatitudeDegrees><LongitudeDegrees>59.78815841674805</LongitudeDegrees></Position></Trackpoint><Trackpoint><Time>2026-08-11T13:49:09.000Z</Time><Position><LatitudeDegrees>58.61915588378906</LatitudeDegrees><LongitudeDegrees>59.78815460205078</LongitudeDegrees></Position></Trackpoint><Trackpoint><Time>2026-08-11T13:49:09.000Z</Time><Position><LatitudeDegrees>58.61916732788086</LatitudeDegrees><LongitudeDegrees>59.78815841674805</LongitudeDegrees></Position></Trackpoint><Trackpoint><Time>2026-08-11T13:49:10.000Z</Time><Position><LatitudeDegrees>58.619178771972656</LatitudeDegrees><LongitudeDegrees>59.78815841674805</LongitudeDegrees></Position></Trackpoint><Trackpoint><Time>2026-08-11T13:49:12.000Z</Time><Position><LatitudeDegrees>58.61919021606445</LatitudeDegrees><LongitudeDegrees>59.78815841674805</LongitudeDegrees></Position></Trackpoint><Trackpoint><Time>2026-08-11T13:49:12.000Z</Time><Position><LatitudeDegrees>58.61920166015625</LatitudeDegrees><LongitudeDegrees>59.78816223144531</LongitudeDegrees></Position></Trackpoint><Trackpoint><Time>2026-08-11T13:49:14.000Z</Time><Position><LatitudeDegrees>58.61922073364258</LatitudeDegrees><LongitudeDegrees>59.78816223144531</LongitudeDegrees></Position></Trackpoint><Trackpoint><Time>2026-08-11T13:49:14.000Z</Time><Position><LatitudeDegrees>58.61922836303711</LatitudeDegrees><LongitudeDegrees>59.78816223144531</LongitudeDegrees></Position></Trackpoint><Trackpoint><Time>2026-08-11T13:49:15.000Z</Time><Position><LatitudeDegrees>58.61923599243164</LatitudeDegrees><LongitudeDegrees>59.78815841674805</LongitudeDegrees></Position></Trackpoint><Trackpoint><Time>2026-08-11T13:49:16.000Z</Time><Position><LatitudeDegrees>58.6192512512207</LatitudeDegrees><LongitudeDegrees>59.78816223144531</LongitudeDegrees></Position></Trackpoint><Trackpoint><Time>2026-08-11T13:49:17.000Z</Time><Position><LatitudeDegrees>58.61925506591797</LatitudeDegrees><LongitudeDegrees>59.788169860839844</LongitudeDegrees></Position></Trackpoint><Trackpoint><Time>2026-08-11T13:49:18.000Z</Time><Position><LatitudeDegrees>58.619266510009766</LatitudeDegrees><LongitudeDegrees>59.788177490234375</LongitudeDegrees></Position></Trackpoint><Trackpoint><Time>2026-08-11T13:49:19.000Z</Time><Position><LatitudeDegrees>58.61925339084187</LatitudeDegrees><LongitudeDegrees>59.788169038028045</LongitudeDegrees></Position></Trackpoint><Trackpoint><Time>2026-08-11T13:49:20.000Z</Time><Position><LatitudeDegrees>58.61929702758789</LatitudeDegrees><LongitudeDegrees>59.78815841674805</LongitudeDegrees></Position></Trackpoint><Trackpoint><Time>2026-08-11T13:49:21.000Z</Time><Position><LatitudeDegrees>58.61931228637695</LatitudeDegrees><LongitudeDegrees>59.78815841674805</LongitudeDegrees></Position></Trackpoint><Trackpoint><Time>2026-08-11T13:49:22.000Z</Time><Position><LatitudeDegrees>58.619327545166016</LatitudeDegrees><LongitudeDegrees>59.78815841674805</LongitudeDegrees></Position></Trackpoint><Trackpoint><Time>2026-08-11T13:49:23.000Z</Time><Position><LatitudeDegrees>58.61933898925781</LatitudeDegrees><LongitudeDegrees>59.788150787353516</LongitudeDegrees></Position></Trackpoint><Trackpoint><Time>2026-08-11T13:49:24.000Z</Time><Position><LatitudeDegrees>58.61935043334961</LatitudeDegrees><LongitudeDegrees>59.78815460205078</LongitudeDegrees></Position></Trackpoint><Trackpoint><Time>2026-08-11T13:49:25.000Z</Time><Position><LatitudeDegrees>58.619361877441406</LatitudeDegrees><LongitudeDegrees>59.78815460205078</LongitudeDegrees></Position></Trackpoint><Trackpoint><Time>2026-08-11T13:49:27.000Z</Time><Position><LatitudeDegrees>58.61937713623047</LatitudeDegrees><LongitudeDegrees>59.78815841674805</LongitudeDegrees></Position></Trackpoint><Trackpoint><Time>2026-08-11T13:49:27.000Z</Time><Position><LatitudeDegrees>58.619388580322266</LatitudeDegrees><LongitudeDegrees>59.78815460205078</LongitudeDegrees></Position></Trackpoint><Trackpoint><Time>2026-08-11T13:49:28.000Z</Time><Position><LatitudeDegrees>58.619407653808594</LatitudeDegrees><LongitudeDegrees>59.78815460205078</LongitudeDegrees></Position></Trackpoint><Trackpoint><Time>2026-08-11T13:49:29.000Z</Time><Position><LatitudeDegrees>58.61941909790039</LatitudeDegrees><LongitudeDegrees>59.788150787353516</LongitudeDegrees></Position></Trackpoint><Trackpoint><Time>2026-08-11T13:49:31.000Z</Time><Position><LatitudeDegrees>58.61943054199219</LatitudeDegrees><LongitudeDegrees>59.788150787353516</LongitudeDegrees></Position></Trackpoint><Trackpoint><Time>2026-08-11T13:49:31.000Z</Time><Position><LatitudeDegrees>58.619441986083984</LatitudeDegrees><LongitudeDegrees>59.78815460205078</LongitudeDegrees></Position></Trackpoint><Trackpoint><Time>2026-08-11T13:49:33.000Z</Time><Position><LatitudeDegrees>58.61945724487305</LatitudeDegrees><LongitudeDegrees>59.788150787353516</LongitudeDegrees></Position></Trackpoint><Trackpoint><Time>2026-08-11T13:49:33.000Z</Time><Position><LatitudeDegrees>58.619438260732444</LatitudeDegrees><LongitudeDegrees>59.78815224553225</LongitudeDegrees></Position></Trackpoint><Trackpoint><Time>2026-08-11T13:49:35.000Z</Time><Position><LatitudeDegrees>58.61948776245117</LatitudeDegrees><LongitudeDegrees>59.78815460205078</LongitudeDegrees></Position></Trackpoint><Trackpoint><Time>2026-08-11T13:49:36.000Z</Time><Position><LatitudeDegrees>58.61949920654297</LatitudeDegrees><LongitudeDegrees>59.78815841674805</LongitudeDegrees></Position></Trackpoint><Trackpoint><Time>2026-08-11T13:49:37.000Z</Time><Position><LatitudeDegrees>58.619510650634766</LatitudeDegrees><LongitudeDegrees>59.78815841674805</LongitudeDegrees></Position></Trackpoint><Trackpoint><Time>2026-08-11T13:49:38.000Z</Time><Position><LatitudeDegrees>58.61952209472656</LatitudeDegrees><LongitudeDegrees>59.78815841674805</LongitudeDegrees></Position></Trackpoint><Trackpoint><Time>2026-08-11T13:49:38.000Z</Time><Position><LatitudeDegrees>58.61953353881836</LatitudeDegrees><LongitudeDegrees>59.78815841674805</LongitudeDegrees></Position></Trackpoint><Trackpoint><Time>2026-08-11T13:49:39.000Z</Time><Position><LatitudeDegrees>58.61954879760742</LatitudeDegrees><LongitudeDegrees>59.78816223144531</LongitudeDegrees></Position></Trackpoint><Trackpoint><Time>2026-08-11T13:49:40.000Z</Time><Position><LatitudeDegrees>58.61956024169922</LatitudeDegrees><LongitudeDegrees>59.78815841674805</LongitudeDegrees></Position></Trackpoint><Trackpoint><Time>2026-08-11T13:49:42.000Z</Time><Position><LatitudeDegrees>58.619571685791016</LatitudeDegrees><LongitudeDegrees>59.78815841674805</LongitudeDegrees></Position></Trackpoint><Trackpoint><Time>2026-08-11T13:49:43.000Z</Time><Position><LatitudeDegrees>58.61958694458008</LatitudeDegrees><LongitudeDegrees>59.78815841674805</LongitudeDegrees></Position></Trackpoint><Trackpoint><Time>2026-08-11T13:49:43.000Z</Time><Position><LatitudeDegrees>58.619598388671875</LatitudeDegrees><LongitudeDegrees>59.78815841674805</LongitudeDegrees></Position></Trackpoint><Trackpoint><Time>2026-08-11T13:49:45.000Z</Time><Position><LatitudeDegrees>58.61961364746094</LatitudeDegrees><LongitudeDegrees>59.78815460205078</LongitudeDegrees></Position></Trackpoint><Trackpoint><Time>2026-08-11T13:49:45.000Z</Time><Position><LatitudeDegrees>58.61962890625</LatitudeDegrees><LongitudeDegrees>59.78815460205078</LongitudeDegrees></Position></Trackpoint><Trackpoint><Time>2026-08-11T13:49:47.000Z</Time><Position><LatitudeDegrees>58.61964416503906</LatitudeDegrees><LongitudeDegrees>59.78815841674805</LongitudeDegrees></Position></Trackpoint><Trackpoint><Time>2026-08-11T13:49:48.000Z</Time><Position><LatitudeDegrees>58.61965560913086</LatitudeDegrees><LongitudeDegrees>59.78815460205078</LongitudeDegrees></Position></Trackpoint><Trackpoint><Time>2026-08-11T13:49:48.000Z</Time><Position><LatitudeDegrees>58.619667053222656</LatitudeDegrees><LongitudeDegrees>59.78815841674805</LongitudeDegrees></Position></Trackpoint><Trackpoint><Time>2026-08-11T13:49:50.000Z</Time><Position><LatitudeDegrees>58.61967849731445</LatitudeDegrees><LongitudeDegrees>59.78816223144531</LongitudeDegrees></Position></Trackpoint><Trackpoint><Time>2026-08-11T13:49:51.000Z</Time><Position><LatitudeDegrees>58.61968994140625</LatitudeDegrees><LongitudeDegrees>59.78816223144531</LongitudeDegrees></Position></Trackpoint><Trackpoint><Time>2026-08-11T13:49:51.000Z</Time><Position><LatitudeDegrees>58.61970520019531</LatitudeDegrees><LongitudeDegrees>59.78816223144531</LongitudeDegrees></Position></Trackpoint><Trackpoint><Time>2026-08-11T13:49:53.000Z</Time><Position><LatitudeDegrees>58.61971664428711</LatitudeDegrees><LongitudeDegrees>59.78816223144531</LongitudeDegrees></Position></Trackpoint><Trackpoint><Time>2026-08-11T13:49:53.000Z</Time><Position><LatitudeDegrees>58.61973190307617</LatitudeDegrees><LongitudeDegrees>59.78815841674805</LongitudeDegrees></Position></Trackpoint><Trackpoint><Time>2026-08-11T13:49:55.000Z</Time><Position><LatitudeDegrees>58.61974334716797</LatitudeDegrees><LongitudeDegrees>59.78815841674805</LongitudeDegrees></Position></Trackpoint><Trackpoint><Time>2026-08-11T13:49:56.000Z</Time><Position><LatitudeDegrees>58.61975860595703</LatitudeDegrees><LongitudeDegrees>59.78815841674805</LongitudeDegrees></Position></Trackpoint><Trackpoint><Time>2026-08-11T13:49:57.000Z</Time><Position><LatitudeDegrees>58.619773864746094</LatitudeDegrees><LongitudeDegrees>59.78815841674805</LongitudeDegrees></Position></Trackpoint><Trackpoint><Time>2026-08-11T13:49:57.000Z</Time><Position><LatitudeDegrees>58.619789123535156</LatitudeDegrees><LongitudeDegrees>59.78815841674805</LongitudeDegrees></Position></Trackpoint><Trackpoint><Time>2026-08-11T13:49:59.000Z</Time><Position><LatitudeDegrees>58.61980056762695</LatitudeDegrees><LongitudeDegrees>59.78815841674805</LongitudeDegrees></Position></Trackpoint><Trackpoint><Time>2026-08-11T13:50:00.000Z</Time><Position><LatitudeDegrees>58.619808197021484</LatitudeDegrees><LongitudeDegrees>59.78815460205078</LongitudeDegrees></Position></Trackpoint><Trackpoint><Time>2026-08-11T13:50:01.000Z</Time><Position><LatitudeDegrees>58.61982345581055</LatitudeDegrees><LongitudeDegrees>59.78815841674805</LongitudeDegrees></Position></Trackpoint><Trackpoint><Time>2026-08-11T13:50:01.000Z</Time><Position><LatitudeDegrees>58.61983871459961</LatitudeDegrees><LongitudeDegrees>59.78816223144531</LongitudeDegrees></Position></Trackpoint><Trackpoint><Time>2026-08-11T13:50:02.000Z</Time><Position><LatitudeDegrees>58.619850158691406</LatitudeDegrees><LongitudeDegrees>59.78816604614258</LongitudeDegrees></Position></Trackpoint><Trackpoint><Time>2026-08-11T13:50:04.000Z</Time><Position><LatitudeDegrees>58.6198616027832</LatitudeDegrees><LongitudeDegrees>59.788169860839844</LongitudeDegrees></Position></Trackpoint><Trackpoint><Time>2026-08-11T13:50:05.000Z</Time><Position><LatitudeDegrees>58.619844267466114</LatitudeDegrees><LongitudeDegrees>59.78816529613297</LongitudeDegrees></Position></Trackpoint><Trackpoint><Time>2026-08-11T13:50:05.000Z</Time><Position><LatitudeDegrees>58.61988830566406</LatitudeDegrees><LongitudeDegrees>59.78815841674805</LongitudeDegrees></Position></Trackpoint><Trackpoint><Time>2026-08-11T13:50:06.000Z</Time><Position><LatitudeDegrees>58.61989974975586</LatitudeDegrees><LongitudeDegrees>59.788150787353516</LongitudeDegrees></Position></Trackpoint><Trackpoint><Time>2026-08-11T13:50:08.000Z</Time><Position><LatitudeDegrees>58.619911193847656</LatitudeDegrees><LongitudeDegrees>59.788150787353516</LongitudeDegrees></Position></Trackpoint><Trackpoint><Time>2026-08-11T13:50:08.000Z</Time><Position><LatitudeDegrees>58.61992645263672</LatitudeDegrees><LongitudeDegrees>59.788150787353516</LongitudeDegrees></Position></Trackpoint><Trackpoint><Time>2026-08-11T13:50:09.000Z</Time><Position><LatitudeDegrees>58.619937896728516</LatitudeDegrees><LongitudeDegrees>59.78815460205078</LongitudeDegrees></Position></Trackpoint><Trackpoint><Time>2026-08-11T13:50:10.000Z</Time><Position><LatitudeDegrees>58.61994934082031</LatitudeDegrees><LongitudeDegrees>59.78815841674805</LongitudeDegrees></Position></Trackpoint><Trackpoint><Time>2026-08-11T13:50:11.000Z</Time><Position><LatitudeDegrees>58.619964599609375</LatitudeDegrees><LongitudeDegrees>59.78815460205078</LongitudeDegrees></Position></Trackpoint><Trackpoint><Time>2026-08-11T13:50:13.000Z</Time><Position><LatitudeDegrees>58.61997604370117</LatitudeDegrees><LongitudeDegrees>59.788150787353516</LongitudeDegrees></Position></Trackpoint><Trackpoint><Time>2026-08-11T13:50:14.000Z</Time><Position><LatitudeDegrees>58.61995766627307</LatitudeDegrees><LongitudeDegrees>59.788152836782494</LongitudeDegrees></Position></Trackpoint><Trackpoint><Time>2026-08-11T13:50:14.000Z</Time><Position><LatitudeDegrees>58.62000274658203</LatitudeDegrees><LongitudeDegrees>59.78815460205078</LongitudeDegrees></Position></Trackpoint><Trackpoint><Time>2026-08-11T13:50:15.000Z</Time><Position><LatitudeDegrees>58.620018005371094</LatitudeDegrees><LongitudeDegrees>59.78815841674805</LongitudeDegrees></Position></Trackpoint><Trackpoint><Time>2026-08-11T13:50:17.000Z</Time><Position><LatitudeDegrees>58.620033264160156</LatitudeDegrees><LongitudeDegrees>59.78815460205078</LongitudeDegrees></Position></Trackpoint><Trackpoint><Time>2026-08-11T13:50:17.000Z</Time><Position><LatitudeDegrees>58.62004852294922</LatitudeDegrees><LongitudeDegrees>59.78815841674805</LongitudeDegrees></Position></Trackpoint><Trackpoint><Time>2026-08-11T13:50:19.000Z</Time><Position><LatitudeDegrees>58.620059967041016</LatitudeDegrees><LongitudeDegrees>59.78815841674805</LongitudeDegrees></Position></Trackpoint><Trackpoint><Time>2026-08-11T13:50:20.000Z</Time><Position><LatitudeDegrees>58.62007141113281</LatitudeDegrees><LongitudeDegrees>59.78816223144531</LongitudeDegrees></Position></Trackpoint><Trackpoint><Time>2026-08-11T13:50:20.000Z</Time><Position><LatitudeDegrees>58.62008285522461</LatitudeDegrees><LongitudeDegrees>59.78816604614258</LongitudeDegrees></Position></Trackpoint><Trackpoint><Time>2026-08-11T13:50:21.000Z</Time><Position><LatitudeDegrees>58.62009048461914</LatitudeDegrees><LongitudeDegrees>59.788169860839844</LongitudeDegrees></Position></Trackpoint><Trackpoint><Time>2026-08-11T13:50:23.000Z</Time><Position><LatitudeDegrees>58.6201057434082</LatitudeDegrees><LongitudeDegrees>59.78816223144531</LongitudeDegrees></Position></Trackpoint><Trackpoint><Time>2026-08-11T13:50:23.000Z</Time><Position><LatitudeDegrees>58.6201171875</LatitudeDegrees><LongitudeDegrees>59.78816223144531</LongitudeDegrees></Position></Trackpoint><Trackpoint><Time>2026-08-11T13:50:24.000Z</Time><Position><LatitudeDegrees>58.6201286315918</LatitudeDegrees><LongitudeDegrees>59.78816604614258</LongitudeDegrees></Position></Trackpoint><Trackpoint><Time>2026-08-11T13:50:25.000Z</Time><Position><LatitudeDegrees>58.62014389038086</LatitudeDegrees><LongitudeDegrees>59.78816604614258</LongitudeDegrees></Position></Trackpoint><Trackpoint><Time>2026-08-11T13:50:26.000Z</Time><Position><LatitudeDegrees>58.620135714390436</LatitudeDegrees><LongitudeDegrees>59.788165280849086</LongitudeDegrees></Position></Trackpoint><Trackpoint><Time>2026-08-11T13:50:28.000Z</Time><Position><LatitudeDegrees>58.62017822265625</LatitudeDegrees><LongitudeDegrees>59.78816223144531</LongitudeDegrees></Position></Trackpoint><Trackpoint><Time>2026-08-11T13:50:29.000Z</Time><Position><LatitudeDegrees>58.62019348144531</LatitudeDegrees><LongitudeDegrees>59.78816604614258</LongitudeDegrees></Position></Trackpoint><Trackpoint><Time>2026-08-11T13:50:29.000Z</Time><Position><LatitudeDegrees>58.62017870271195</LatitudeDegrees><LongitudeDegrees>59.788166646430575</LongitudeDegrees></Position></Trackpoint><Trackpoint><Time>2026-08-11T13:50:30.000Z</Time><Position><LatitudeDegrees>58.62021255493164</LatitudeDegrees><LongitudeDegrees>59.78816604614258</LongitudeDegrees></Position></Trackpoint><Trackpoint><Time>2026-08-11T13:50:32.000Z</Time><Position><LatitudeDegrees>58.6202278137207</LatitudeDegrees><LongitudeDegrees>59.78815841674805</LongitudeDegrees></Position></Trackpoint><Trackpoint><Time>2026-08-11T13:50:32.000Z</Time><Position><LatitudeDegrees>58.6202392578125</LatitudeDegrees><LongitudeDegrees>59.78815460205078</LongitudeDegrees></Position></Trackpoint><Trackpoint><Time>2026-08-11T13:50:33.000Z</Time><Position><LatitudeDegrees>58.6202507019043</LatitudeDegrees><LongitudeDegrees>59.78815460205078</LongitudeDegrees></Position></Trackpoint><Trackpoint><Time>2026-08-11T13:50:34.000Z</Time><Position><LatitudeDegrees>58.620262145996094</LatitudeDegrees><LongitudeDegrees>59.78815841674805</LongitudeDegrees></Position></Trackpoint><Trackpoint><Time>2026-08-11T13:50:35.000Z</Time><Position><LatitudeDegrees>58.620277404785156</LatitudeDegrees><LongitudeDegrees>59.78815841674805</LongitudeDegrees></Position></Trackpoint><Trackpoint><Time>2026-08-11T13:50:37.000Z</Time><Position><LatitudeDegrees>58.62028884887695</LatitudeDegrees><LongitudeDegrees>59.78816223144531</LongitudeDegrees></Position></Trackpoint><Trackpoint><Time>2026-08-11T13:50:37.000Z</Time><Position><LatitudeDegrees>58.620304107666016</LatitudeDegrees><LongitudeDegrees>59.78815841674805</LongitudeDegrees></Position></Trackpoint><Trackpoint><Time>2026-08-11T13:50:38.000Z</Time><Position><LatitudeDegrees>58.62031936645508</LatitudeDegrees><LongitudeDegrees>59.78815460205078</LongitudeDegrees></Position></Trackpoint><Trackpoint><Time>2026-08-11T13:50:39.000Z</Time><Position><LatitudeDegrees>58.620330810546875</LatitudeDegrees><LongitudeDegrees>59.788150787353516</LongitudeDegrees></Position></Trackpoint><Trackpoint><Time>2026-08-11T13:50:40.000Z</Time><Position><LatitudeDegrees>58.620338439941406</LatitudeDegrees><LongitudeDegrees>59.78815460205078</LongitudeDegrees></Position></Trackpoint><Trackpoint><Time>2026-08-11T13:50:41.000Z</Time><Position><LatitudeDegrees>58.6203498840332</LatitudeDegrees><LongitudeDegrees>59.788150787353516</LongitudeDegrees></Position></Trackpoint><Trackpoint><Time>2026-08-11T13:50:42.000Z</Time><Position><LatitudeDegrees>58.6203423621559</LatitudeDegrees><LongitudeDegrees>59.788152501929055</LongitudeDegrees></Position></Trackpoint><Trackpoint><Time>2026-08-11T13:50:43.000Z</Time><Position><LatitudeDegrees>58.6203727722168</LatitudeDegrees><LongitudeDegrees>59.78815841674805</LongitudeDegrees></Position></Trackpoint><Trackpoint><Time>2026-08-11T13:50:45.000Z</Time><Position><LatitudeDegrees>58.62038040161133</LatitudeDegrees><LongitudeDegrees>59.788150787353516</LongitudeDegrees></Position></Trackpoint><Trackpoint><Time>2026-08-11T13:50:45.000Z</Time><Position><LatitudeDegrees>58.620399475097656</LatitudeDegrees><LongitudeDegrees>59.78815460205078</LongitudeDegrees></Position></Trackpoint><Trackpoint><Time>2026-08-11T13:50:47.000Z</Time><Position><LatitudeDegrees>58.620418548583984</LatitudeDegrees><LongitudeDegrees>59.78815460205078</LongitudeDegrees></Position></Trackpoint><Trackpoint><Time>2026-08-11T13:50:48.000Z</Time><Position><LatitudeDegrees>58.62042999267578</LatitudeDegrees><LongitudeDegrees>59.78815460205078</LongitudeDegrees></Position></Trackpoint><Trackpoint><Time>2026-08-11T13:50:49.000Z</Time><Position><LatitudeDegrees>58.62044906616211</LatitudeDegrees><LongitudeDegrees>59.78815460205078</LongitudeDegrees></Position></Trackpoint><Trackpoint><Time>2026-08-11T13:50:49.000Z</Time><Position><LatitudeDegrees>58.620460510253906</LatitudeDegrees><LongitudeDegrees>59.788150787353516</LongitudeDegrees></Position></Trackpoint><Trackpoint><Time>2026-08-11T13:50:50.000Z</Time><Position><LatitudeDegrees>58.62044965746249</LatitudeDegrees><LongitudeDegrees>59.7881522638645</LongitudeDegrees></Position></Trackpoint><Trackpoint><Time>2026-08-11T13:50:52.000Z</Time><Position><LatitudeDegrees>58.620487213134766</LatitudeDegrees><LongitudeDegrees>59.78815841674805</LongitudeDegrees></Position></Trackpoint><Trackpoint><Time>2026-08-11T13:50:53.000Z</Time><Position><LatitudeDegrees>58.62049865722656</LatitudeDegrees><LongitudeDegrees>59.78816223144531</LongitudeDegrees></Position></Trackpoint><Trackpoint><Time>2026-08-11T13:50:53.000Z</Time><Position><LatitudeDegrees>58.620513916015625</LatitudeDegrees><LongitudeDegrees>59.78816223144531</LongitudeDegrees></Position></Trackpoint><Trackpoint><Time>2026-08-11T13:50:55.000Z</Time><Position><LatitudeDegrees>58.62052536010742</LatitudeDegrees><LongitudeDegrees>59.78816604614258</LongitudeDegrees></Position></Trackpoint><Trackpoint><Time>2026-08-11T13:50:56.000Z</Time><Position><LatitudeDegrees>58.620540618896484</LatitudeDegrees><LongitudeDegrees>59.78816223144531</LongitudeDegrees></Position></Trackpoint><Trackpoint><Time>2026-08-11T13:50:57.000Z</Time><Position><LatitudeDegrees>58.62055206298828</LatitudeDegrees><LongitudeDegrees>59.78816604614258</LongitudeDegrees></Position></Trackpoint><Trackpoint><Time>2026-08-11T13:50:58.000Z</Time><Position><LatitudeDegrees>58.62056350708008</LatitudeDegrees><LongitudeDegrees>59.78816604614258</LongitudeDegrees></Position></Trackpoint><Trackpoint><Time>2026-08-11T13:50:59.000Z</Time><Position><LatitudeDegrees>58.62057876586914</LatitudeDegrees><LongitudeDegrees>59.78816223144531</LongitudeDegrees></Position></Trackpoint><Trackpoint><Time>2026-08-11T13:50:59.000Z</Time><Position><LatitudeDegrees>58.6205940246582</LatitudeDegrees><LongitudeDegrees>59.78816604614258</LongitudeDegrees></Position></Trackpoint><Trackpoint><Time>2026-08-11T13:51:00.000Z</Time><Position><LatitudeDegrees>58.620609283447266</LatitudeDegrees><LongitudeDegrees>59.78816604614258</LongitudeDegrees></Position></Trackpoint><Trackpoint><Time>2026-08-11T13:51:02.000Z</Time><Position><LatitudeDegrees>58.62062454223633</LatitudeDegrees><LongitudeDegrees>59.78816223144531</LongitudeDegrees></Position></Trackpoint><Trackpoint><Time>2026-08-11T13:51:03.000Z</Time><Position><LatitudeDegrees>58.620635986328125</LatitudeDegrees><LongitudeDegrees>59.78816604614258</LongitudeDegrees></Position></Trackpoint><Trackpoint><Time>2026-08-11T13:51:04.000Z</Time><Position><LatitudeDegrees>58.620643615722656</LatitudeDegrees><LongitudeDegrees>59.788169860839844</LongitudeDegrees></Position></Trackpoint><Trackpoint><Time>2026-08-11T13:51:04.000Z</Time><Position><LatitudeDegrees>58.62065505981445</LatitudeDegrees><LongitudeDegrees>59.78816223144531</LongitudeDegrees></Position></Trackpoint><Trackpoint><Time>2026-08-11T13:51:05.000Z</Time><Position><LatitudeDegrees>58.62066650390625</LatitudeDegrees><LongitudeDegrees>59.78816604614258</LongitudeDegrees></Position></Trackpoint><Trackpoint><Time>2026-08-11T13:51:07.000Z</Time><Position><LatitudeDegrees>58.62068176269531</LatitudeDegrees><LongitudeDegrees>59.78816223144531</LongitudeDegrees></Position></Trackpoint><Trackpoint><Time>2026-08-11T13:51:07.000Z</Time><Position><LatitudeDegrees>58.62069320678711</LatitudeDegrees><LongitudeDegrees>59.78816223144531</LongitudeDegrees></Position></Trackpoint><Trackpoint><Time>2026-08-11T13:51:09.000Z</Time><Position><LatitudeDegrees>58.62070846557617</LatitudeDegrees><LongitudeDegrees>59.78816223144531</LongitudeDegrees></Position></Trackpoint><Trackpoint><Time>2026-08-11T13:51:10.000Z</Time><Position><LatitudeDegrees>58.620723724365234</LatitudeDegrees><LongitudeDegrees>59.78815841674805</LongitudeDegrees></Position></Trackpoint><Trackpoint><Time>2026-08-11T13:51:10.000Z</Time><Position><LatitudeDegrees>58.62073516845703</LatitudeDegrees><LongitudeDegrees>59.78815841674805</LongitudeDegrees></Position></Trackpoint><Trackpoint><Time>2026-08-11T13:51:11.000Z</Time><Position><LatitudeDegrees>58.62072419023344</LatitudeDegrees><LongitudeDegrees>59.78815964550383</LongitudeDegrees></Position></Trackpoint><Trackpoint><Time>2026-08-11T13:51:13.000Z</Time><Position><LatitudeDegrees>58.620758056640625</LatitudeDegrees><LongitudeDegrees>59.78816223144531</LongitudeDegrees></Position></Trackpoint><Trackpoint><Time>2026-08-11T13:51:13.000Z</Time><Position><LatitudeDegrees>58.62076950073242</LatitudeDegrees><LongitudeDegrees>59.78816604614258</LongitudeDegrees></Position></Trackpoint><Trackpoint><Time>2026-08-11T13:51:15.000Z</Time><Position><LatitudeDegrees>58.62078094482422</LatitudeDegrees><LongitudeDegrees>59.788169860839844</LongitudeDegrees></Position></Trackpoint><Trackpoint><Time>2026-08-11T13:51:16.000Z</Time><Position><LatitudeDegrees>58.620792388916016</LatitudeDegrees><LongitudeDegrees>59.788169860839844</LongitudeDegrees></Position></Trackpoint><Trackpoint><Time>2026-08-11T13:51:17.000Z</Time><Position><LatitudeDegrees>58.62080001831055</LatitudeDegrees><LongitudeDegrees>59.788169860839844</LongitudeDegrees></Position></Trackpoint><Trackpoint><Time>2026-08-11T13:51:18.000Z</Time><Position><LatitudeDegrees>58.620811462402344</LatitudeDegrees><LongitudeDegrees>59.788169860839844</LongitudeDegrees></Position></Trackpoint><Trackpoint><Time>2026-08-11T13:51:19.000Z</Time><Position><LatitudeDegrees>58.62082290649414</LatitudeDegrees><LongitudeDegrees>59.78817367553711</LongitudeDegrees></Position></Trackpoint><Trackpoint><Time>2026-08-11T13:51:20.000Z</Time><Position><LatitudeDegrees>58.6208381652832</LatitudeDegrees><LongitudeDegrees>59.78817367553711</LongitudeDegrees></Position></Trackpoint><Trackpoint><Time>2026-08-11T13:51:20.000Z</Time><Position><LatitudeDegrees>58.620845794677734</LatitudeDegrees><LongitudeDegrees>59.78817367553711</LongitudeDegrees></Position></Trackpoint><Trackpoint><Time>2026-08-11T13:51:22.000Z</Time><Position><LatitudeDegrees>58.6208610534668</LatitudeDegrees><LongitudeDegrees>59.78817367553711</LongitudeDegrees></Position></Trackpoint><Trackpoint><Time>2026-08-11T13:51:22.000Z</Time><Position><LatitudeDegrees>58.62087631225586</LatitudeDegrees><LongitudeDegrees>59.788177490234375</LongitudeDegrees></Position></Trackpoint><Trackpoint><Time>2026-08-11T13:51:23.000Z</Time><Position><LatitudeDegrees>58.620887756347656</LatitudeDegrees><LongitudeDegrees>59.78817367553711</LongitudeDegrees></Position></Trackpoint><Trackpoint><Time>2026-08-11T13:51:24.000Z</Time><Position><LatitudeDegrees>58.62090301513672</LatitudeDegrees><LongitudeDegrees>59.78817367553711</LongitudeDegrees></Position></Trackpoint><Trackpoint><Time>2026-08-11T13:51:26.000Z</Time><Position><LatitudeDegrees>58.62091064453125</LatitudeDegrees><LongitudeDegrees>59.78817367553711</LongitudeDegrees></Position></Trackpoint><Trackpoint><Time>2026-08-11T13:51:26.000Z</Time><Position><LatitudeDegrees>58.62092590332031</LatitudeDegrees><LongitudeDegrees>59.78817367553711</LongitudeDegrees></Position></Trackpoint><Trackpoint><Time>2026-08-11T13:51:28.000Z</Time><Position><LatitudeDegrees>58.62093734741211</LatitudeDegrees><LongitudeDegrees>59.788177490234375</LongitudeDegrees></Position></Trackpoint><Trackpoint><Time>2026-08-11T13:51:28.000Z</Time><Position><LatitudeDegrees>58.62095260620117</LatitudeDegrees><LongitudeDegrees>59.78818130493164</LongitudeDegrees></Position></Trackpoint><Trackpoint><Time>2026-08-11T13:51:30.000Z</Time><Position><LatitudeDegrees>58.62096405029297</LatitudeDegrees><LongitudeDegrees>59.788177490234375</LongitudeDegrees></Position></Trackpoint><Trackpoint><Time>2026-08-11T13:51:31.000Z</Time><Position><LatitudeDegrees>58.62095356606002</LatitudeDegrees><LongitudeDegrees>59.78817879618806</LongitudeDegrees></Position></Trackpoint><Trackpoint><Time>2026-08-11T13:51:32.000Z</Time><Position><LatitudeDegrees>58.62099075317383</LatitudeDegrees><LongitudeDegrees>59.788177490234375</LongitudeDegrees></Position></Trackpoint><Trackpoint><Time>2026-08-11T13:51:33.000Z</Time><Position><LatitudeDegrees>58.620978171568694</LatitudeDegrees><LongitudeDegrees>59.78817939471382</LongitudeDegrees></Position></Trackpoint><Trackpoint><Time>2026-08-11T13:51:34.000Z</Time><Position><LatitudeDegrees>58.621009826660156</LatitudeDegrees><LongitudeDegrees>59.788177490234375</LongitudeDegrees></Position></Trackpoint><Trackpoint><Time>2026-08-11T13:51:35.000Z</Time><Position><LatitudeDegrees>58.62102127075195</LatitudeDegrees><LongitudeDegrees>59.78817367553711</LongitudeDegrees></Position></Trackpoint><Trackpoint><Time>2026-08-11T13:51:36.000Z</Time><Position><LatitudeDegrees>58.621036529541016</LatitudeDegrees><LongitudeDegrees>59.788169860839844</LongitudeDegrees></Position></Trackpoint><Trackpoint><Time>2026-08-11T13:51:36.000Z</Time><Position><LatitudeDegrees>58.62104415893555</LatitudeDegrees><LongitudeDegrees>59.788169860839844</LongitudeDegrees></Position></Trackpoint><Trackpoint><Time>2026-08-11T13:51:38.000Z</Time><Position><LatitudeDegrees>58.621055603027344</LatitudeDegrees><LongitudeDegrees>59.78816604614258</LongitudeDegrees></Position></Trackpoint><Trackpoint><Time>2026-08-11T13:51:39.000Z</Time><Position><LatitudeDegrees>58.62103970512204</LatitudeDegrees><LongitudeDegrees>59.788170245233346</LongitudeDegrees></Position></Trackpoint><Trackpoint><Time>2026-08-11T13:51:39.000Z</Time><Position><LatitudeDegrees>58.6210823059082</LatitudeDegrees><LongitudeDegrees>59.78817367553711</LongitudeDegrees></Position></Trackpoint><Trackpoint><Time>2026-08-11T13:51:40.000Z</Time><Position><LatitudeDegrees>58.621097564697266</LatitudeDegrees><LongitudeDegrees>59.788177490234375</LongitudeDegrees></Position></Trackpoint><Trackpoint><Time>2026-08-11T13:51:42.000Z</Time><Position><LatitudeDegrees>58.62111282348633</LatitudeDegrees><LongitudeDegrees>59.78817367553711</LongitudeDegrees></Position></Trackpoint><Trackpoint><Time>2026-08-11T13:51:43.000Z</Time><Position><LatitudeDegrees>58.62112808227539</LatitudeDegrees><LongitudeDegrees>59.78817367553711</LongitudeDegrees></Position></Trackpoint><Trackpoint><Time>2026-08-11T13:51:44.000Z</Time><Position><LatitudeDegrees>58.62113952636719</LatitudeDegrees><LongitudeDegrees>59.788177490234375</LongitudeDegrees></Position></Trackpoint><Trackpoint><Time>2026-08-11T13:51:45.000Z</Time><Position><LatitudeDegrees>58.62114715576172</LatitudeDegrees><LongitudeDegrees>59.78818130493164</LongitudeDegrees></Position></Trackpoint><Trackpoint><Time>2026-08-11T13:51:46.000Z</Time><Position><LatitudeDegrees>58.621158599853516</LatitudeDegrees><LongitudeDegrees>59.788185119628906</LongitudeDegrees></Position></Trackpoint><Trackpoint><Time>2026-08-11T13:51:47.000Z</Time><Position><LatitudeDegrees>58.62117004394531</LatitudeDegrees><LongitudeDegrees>59.788185119628906</LongitudeDegrees></Position></Trackpoint><Trackpoint><Time>2026-08-11T13:51:48.000Z</Time><Position><LatitudeDegrees>58.621185302734375</LatitudeDegrees><LongitudeDegrees>59.788185119628906</LongitudeDegrees></Position></Trackpoint><Trackpoint><Time>2026-08-11T13:51:48.000Z</Time><Position><LatitudeDegrees>58.62120056152344</LatitudeDegrees><LongitudeDegrees>59.788185119628906</LongitudeDegrees></Position></Trackpoint><Trackpoint><Time>2026-08-11T13:51:50.000Z</Time><Position><LatitudeDegrees>58.621212005615234</LatitudeDegrees><LongitudeDegrees>59.78818893432617</LongitudeDegrees></Position></Trackpoint><Trackpoint><Time>2026-08-11T13:51:50.000Z</Time><Position><LatitudeDegrees>58.6212272644043</LatitudeDegrees><LongitudeDegrees>59.78819274902344</LongitudeDegrees></Position></Trackpoint><Trackpoint><Time>2026-08-11T13:51:51.000Z</Time><Position><LatitudeDegrees>58.621238708496094</LatitudeDegrees><LongitudeDegrees>59.78818893432617</LongitudeDegrees></Position></Trackpoint><Trackpoint><Time>2026-08-11T13:51:53.000Z</Time><Position><LatitudeDegrees>58.621253967285156</LatitudeDegrees><LongitudeDegrees>59.788185119628906</LongitudeDegrees></Position></Trackpoint><Trackpoint><Time>2026-08-11T13:51:53.000Z</Time><Position><LatitudeDegrees>58.62126541137695</LatitudeDegrees><LongitudeDegrees>59.78818893432617</LongitudeDegrees></Position></Trackpoint><Trackpoint><Time>2026-08-11T13:51:55.000Z</Time><Position><LatitudeDegrees>58.62127685546875</LatitudeDegrees><LongitudeDegrees>59.78818893432617</LongitudeDegrees></Position></Trackpoint><Trackpoint><Time>2026-08-11T13:51:56.000Z</Time><Position><LatitudeDegrees>58.62128829956055</LatitudeDegrees><LongitudeDegrees>59.78819274902344</LongitudeDegrees></Position></Trackpoint><Trackpoint><Time>2026-08-11T13:51:57.000Z</Time><Position><LatitudeDegrees>58.621299743652344</LatitudeDegrees><LongitudeDegrees>59.78818893432617</LongitudeDegrees></Position></Trackpoint><Trackpoint><Time>2026-08-11T13:51:57.000Z</Time><Position><LatitudeDegrees>58.62131118774414</LatitudeDegrees><LongitudeDegrees>59.78818893432617</LongitudeDegrees></Position></Trackpoint><Trackpoint><Time>2026-08-11T13:51:58.000Z</Time><Position><LatitudeDegrees>58.62132263183594</LatitudeDegrees><LongitudeDegrees>59.788185119628906</LongitudeDegrees></Position></Trackpoint><Trackpoint><Time>2026-08-11T13:51:59.000Z</Time><Position><LatitudeDegrees>58.621337890625</LatitudeDegrees><LongitudeDegrees>59.78818130493164</LongitudeDegrees></Position></Trackpoint><Trackpoint><Time>2026-08-11T13:52:01.000Z</Time><Position><LatitudeDegrees>58.6213493347168</LatitudeDegrees><LongitudeDegrees>59.788185119628906</LongitudeDegrees></Position></Trackpoint><Trackpoint><Time>2026-08-11T13:52:02.000Z</Time><Position><LatitudeDegrees>58.62136459350586</LatitudeDegrees><LongitudeDegrees>59.78818130493164</LongitudeDegrees></Position></Trackpoint><Trackpoint><Time>2026-08-11T13:52:03.000Z</Time><Position><LatitudeDegrees>58.62137222290039</LatitudeDegrees><LongitudeDegrees>59.788185119628906</LongitudeDegrees></Position></Trackpoint><Trackpoint><Time>2026-08-11T13:52:04.000Z</Time><Position><LatitudeDegrees>58.62138748168945</LatitudeDegrees><LongitudeDegrees>59.788185119628906</LongitudeDegrees></Position></Trackpoint><Trackpoint><Time>2026-08-11T13:52:04.000Z</Time><Position><LatitudeDegrees>58.62139892578125</LatitudeDegrees><LongitudeDegrees>59.788185119628906</LongitudeDegrees></Position></Trackpoint><Trackpoint><Time>2026-08-11T13:52:06.000Z</Time><Position><LatitudeDegrees>58.62141036987305</LatitudeDegrees><LongitudeDegrees>59.788185119628906</LongitudeDegrees></Position></Trackpoint><Trackpoint><Time>2026-08-11T13:52:07.000Z</Time><Position><LatitudeDegrees>58.621421813964844</LatitudeDegrees><LongitudeDegrees>59.78818893432617</LongitudeDegrees></Position></Trackpoint><Trackpoint><Time>2026-08-11T13:52:08.000Z</Time><Position><LatitudeDegrees>58.621437072753906</LatitudeDegrees><LongitudeDegrees>59.78819274902344</LongitudeDegrees></Position></Trackpoint><Trackpoint><Time>2026-08-11T13:52:08.000Z</Time><Position><LatitudeDegrees>58.62145233154297</LatitudeDegrees><LongitudeDegrees>59.78819274902344</LongitudeDegrees></Position></Trackpoint><Trackpoint><Time>2026-08-11T13:52:10.000Z</Time><Position><LatitudeDegrees>58.621463775634766</LatitudeDegrees><LongitudeDegrees>59.78818893432617</LongitudeDegrees></Position></Trackpoint><Trackpoint><Time>2026-08-11T13:52:10.000Z</Time><Position><LatitudeDegrees>58.62147903442383</LatitudeDegrees><LongitudeDegrees>59.78818893432617</LongitudeDegrees></Position></Trackpoint><Trackpoint><Time>2026-08-11T13:52:11.000Z</Time><Position><LatitudeDegrees>58.62149429321289</LatitudeDegrees><LongitudeDegrees>59.7881965637207</LongitudeDegrees></Position></Trackpoint><Trackpoint><Time>2026-08-11T13:52:13.000Z</Time><Position><LatitudeDegrees>58.62150573730469</LatitudeDegrees><LongitudeDegrees>59.78820037841797</LongitudeDegrees></Position></Trackpoint><Trackpoint><Time>2026-08-11T13:52:14.000Z</Time><Position><LatitudeDegrees>58.621517181396484</LatitudeDegrees><LongitudeDegrees>59.78820037841797</LongitudeDegrees></Position></Trackpoint><Trackpoint><Time>2026-08-11T13:52:14.000Z</Time><Position><LatitudeDegrees>58.62152862548828</LatitudeDegrees><LongitudeDegrees>59.788204193115234</LongitudeDegrees></Position></Trackpoint><Trackpoint><Time>2026-08-11T13:52:15.000Z</Time><Position><LatitudeDegrees>58.62154006958008</LatitudeDegrees><LongitudeDegrees>59.78820037841797</LongitudeDegrees></Position></Trackpoint><Trackpoint><Time>2026-08-11T13:52:17.000Z</Time><Position><LatitudeDegrees>58.621551513671875</LatitudeDegrees><LongitudeDegrees>59.7882080078125</LongitudeDegrees></Position></Trackpoint><Trackpoint><Time>2026-08-11T13:52:18.000Z</Time><Position><LatitudeDegrees>58.6215705871582</LatitudeDegrees><LongitudeDegrees>59.78820037841797</LongitudeDegrees></Position></Trackpoint><Trackpoint><Time>2026-08-11T13:52:19.000Z</Time><Position><LatitudeDegrees>58.621585845947266</LatitudeDegrees><LongitudeDegrees>59.788204193115234</LongitudeDegrees></Position></Trackpoint><Trackpoint><Time>2026-08-11T13:52:19.000Z</Time><Position><LatitudeDegrees>58.62160110473633</LatitudeDegrees><LongitudeDegrees>59.788204193115234</LongitudeDegrees></Position></Trackpoint><Trackpoint><Time>2026-08-11T13:52:20.000Z</Time><Position><LatitudeDegrees>58.621612548828125</LatitudeDegrees><LongitudeDegrees>59.78820037841797</LongitudeDegrees></Position></Trackpoint><Trackpoint><Time>2026-08-11T13:52:22.000Z</Time><Position><LatitudeDegrees>58.621620178222656</LatitudeDegrees><LongitudeDegrees>59.788204193115234</LongitudeDegrees></Position></Trackpoint><Trackpoint><Time>2026-08-11T13:52:22.000Z</Time><Position><LatitudeDegrees>58.62162780761719</LatitudeDegrees><LongitudeDegrees>59.7882080078125</LongitudeDegrees></Position></Trackpoint><Trackpoint><Time>2026-08-11T13:52:24.000Z</Time><Position><LatitudeDegrees>58.62163543701172</LatitudeDegrees><LongitudeDegrees>59.788204193115234</LongitudeDegrees></Position></Trackpoint><Trackpoint><Time>2026-08-11T13:52:24.000Z</Time><Position><LatitudeDegrees>58.621646881103516</LatitudeDegrees><LongitudeDegrees>59.7882080078125</LongitudeDegrees></Position></Trackpoint><Trackpoint><Time>2026-08-11T13:52:25.000Z</Time><Position><LatitudeDegrees>58.62165832519531</LatitudeDegrees><LongitudeDegrees>59.788204193115234</LongitudeDegrees></Position></Trackpoint><Trackpoint><Time>2026-08-11T13:52:26.000Z</Time><Position><LatitudeDegrees>58.62166976928711</LatitudeDegrees><LongitudeDegrees>59.788204193115234</LongitudeDegrees></Position></Trackpoint><Trackpoint><Time>2026-08-11T13:52:27.000Z</Time><Position><LatitudeDegrees>58.621681213378906</LatitudeDegrees><LongitudeDegrees>59.78820037841797</LongitudeDegrees></Position></Trackpoint><Trackpoint><Time>2026-08-11T13:52:28.000Z</Time><Position><LatitudeDegrees>58.62169647216797</LatitudeDegrees><LongitudeDegrees>59.788204193115234</LongitudeDegrees></Position></Trackpoint><Trackpoint><Time>2026-08-11T13:52:29.000Z</Time><Position><LatitudeDegrees>58.621707916259766</LatitudeDegrees><LongitudeDegrees>59.788211822509766</LongitudeDegrees></Position></Trackpoint><Trackpoint><Time>2026-08-11T13:52:30.000Z</Time><Position><LatitudeDegrees>58.62171936035156</LatitudeDegrees><LongitudeDegrees>59.788211822509766</LongitudeDegrees></Position></Trackpoint><Trackpoint><Time>2026-08-11T13:52:32.000Z</Time><Position><LatitudeDegrees>58.621734619140625</LatitudeDegrees><LongitudeDegrees>59.788211822509766</LongitudeDegrees></Position></Trackpoint><Trackpoint><Time>2026-08-11T13:52:32.000Z</Time><Position><LatitudeDegrees>58.62174606323242</LatitudeDegrees><LongitudeDegrees>59.78821563720703</LongitudeDegrees></Position></Trackpoint><Trackpoint><Time>2026-08-11T13:52:34.000Z</Time><Position><LatitudeDegrees>58.62175750732422</LatitudeDegrees><LongitudeDegrees>59.788211822509766</LongitudeDegrees></Position></Trackpoint><Trackpoint><Time>2026-08-11T13:52:35.000Z</Time><Position><LatitudeDegrees>58.621768951416016</LatitudeDegrees><LongitudeDegrees>59.788211822509766</LongitudeDegrees></Position></Trackpoint><Trackpoint><Time>2026-08-11T13:52:35.000Z</Time><Position><LatitudeDegrees>58.62178421020508</LatitudeDegrees><LongitudeDegrees>59.788211822509766</LongitudeDegrees></Position></Trackpoint><Trackpoint><Time>2026-08-11T13:52:37.000Z</Time><Position><LatitudeDegrees>58.621795654296875</LatitudeDegrees><LongitudeDegrees>59.78821563720703</LongitudeDegrees></Position></Trackpoint><Trackpoint><Time>2026-08-11T13:52:38.000Z</Time><Position><LatitudeDegrees>58.62180709838867</LatitudeDegrees><LongitudeDegrees>59.78821563720703</LongitudeDegrees></Position></Trackpoint><Trackpoint><Time>2026-08-11T13:52:38.000Z</Time><Position><LatitudeDegrees>58.62181854248047</LatitudeDegrees><LongitudeDegrees>59.7882194519043</LongitudeDegrees></Position></Trackpoint><Trackpoint><Time>2026-08-11T13:52:39.000Z</Time><Position><LatitudeDegrees>58.621801462334574</LatitudeDegrees><LongitudeDegrees>59.78821643742525</LongitudeDegrees></Position></Trackpoint><Trackpoint><Time>2026-08-11T13:52:40.000Z</Time><Position><LatitudeDegrees>58.62184143066406</LatitudeDegrees><LongitudeDegrees>59.788211822509766</LongitudeDegrees></Position></Trackpoint><Trackpoint><Time>2026-08-11T13:52:42.000Z</Time><Position><LatitudeDegrees>58.62185287475586</LatitudeDegrees><LongitudeDegrees>59.788204193115234</LongitudeDegrees></Position></Trackpoint><Trackpoint><Time>2026-08-11T13:52:43.000Z</Time><Position><LatitudeDegrees>58.62186813354492</LatitudeDegrees><LongitudeDegrees>59.788204193115234</LongitudeDegrees></Position></Trackpoint><Trackpoint><Time>2026-08-11T13:52:43.000Z</Time><Position><LatitudeDegrees>58.621883392333984</LatitudeDegrees><LongitudeDegrees>59.788211822509766</LongitudeDegrees></Position></Trackpoint><Trackpoint><Time>2026-08-11T13:52:44.000Z</Time><Position><LatitudeDegrees>58.62189483642578</LatitudeDegrees><LongitudeDegrees>59.78821563720703</LongitudeDegrees></Position></Trackpoint><Trackpoint><Time>2026-08-11T13:52:45.000Z</Time><Position><LatitudeDegrees>58.621910095214844</LatitudeDegrees><LongitudeDegrees>59.788211822509766</LongitudeDegrees></Position></Trackpoint><Trackpoint><Time>2026-08-11T13:52:46.000Z</Time><Position><LatitudeDegrees>58.62192153930664</LatitudeDegrees><LongitudeDegrees>59.788211822509766</LongitudeDegrees></Position></Trackpoint><Trackpoint><Time>2026-08-11T13:52:47.000Z</Time><Position><LatitudeDegrees>58.62193298339844</LatitudeDegrees><LongitudeDegrees>59.78821563720703</LongitudeDegrees></Position></Trackpoint><Trackpoint><Time>2026-08-11T13:52:49.000Z</Time><Position><LatitudeDegrees>58.621944427490234</LatitudeDegrees><LongitudeDegrees>59.78821563720703</LongitudeDegrees></Position></Trackpoint><Trackpoint><Time>2026-08-11T13:52:49.000Z</Time><Position><LatitudeDegrees>58.62195587158203</LatitudeDegrees><LongitudeDegrees>59.78821563720703</LongitudeDegrees></Position></Trackpoint><Trackpoint><Time>2026-08-11T13:52:51.000Z</Time><Position><LatitudeDegrees>58.62196731567383</LatitudeDegrees><LongitudeDegrees>59.78821563720703</LongitudeDegrees></Position></Trackpoint><Trackpoint><Time>2026-08-11T13:52:51.000Z</Time><Position><LatitudeDegrees>58.62198257446289</LatitudeDegrees><LongitudeDegrees>59.78821563720703</LongitudeDegrees></Position></Trackpoint><Trackpoint><Time>2026-08-11T13:52:52.000Z</Time><Position><LatitudeDegrees>58.62199401855469</LatitudeDegrees><LongitudeDegrees>59.7882194519043</LongitudeDegrees></Position></Trackpoint><Trackpoint><Time>2026-08-11T13:52:54.000Z</Time><Position><LatitudeDegrees>58.62200927734375</LatitudeDegrees><LongitudeDegrees>59.78821563720703</LongitudeDegrees></Position></Trackpoint><Trackpoint><Time>2026-08-11T13:52:55.000Z</Time><Position><LatitudeDegrees>58.62202072143555</LatitudeDegrees><LongitudeDegrees>59.7882194519043</LongitudeDegrees></Position></Trackpoint><Trackpoint><Time>2026-08-11T13:52:56.000Z</Time><Position><LatitudeDegrees>58.62203598022461</LatitudeDegrees><LongitudeDegrees>59.7882194519043</LongitudeDegrees></Position></Trackpoint><Trackpoint><Time>2026-08-11T13:52:56.000Z</Time><Position><LatitudeDegrees>58.62205123901367</LatitudeDegrees><LongitudeDegrees>59.78822326660156</LongitudeDegrees></Position></Trackpoint><Trackpoint><Time>2026-08-11T13:52:58.000Z</Time><Position><LatitudeDegrees>58.62206268310547</LatitudeDegrees><LongitudeDegrees>59.78822326660156</LongitudeDegrees></Position></Trackpoint><Trackpoint><Time>2026-08-11T13:52:59.000Z</Time><Position><LatitudeDegrees>58.622074127197266</LatitudeDegrees><LongitudeDegrees>59.78822326660156</LongitudeDegrees></Position></Trackpoint><Trackpoint><Time>2026-08-11T13:52:59.000Z</Time><Position><LatitudeDegrees>58.62208938598633</LatitudeDegrees><LongitudeDegrees>59.78822326660156</LongitudeDegrees></Position></Trackpoint><Trackpoint><Time>2026-08-11T13:53:01.000Z</Time><Position><LatitudeDegrees>58.622100830078125</LatitudeDegrees><LongitudeDegrees>59.78822708129883</LongitudeDegrees></Position></Trackpoint><Trackpoint><Time>2026-08-11T13:53:02.000Z</Time><Position><LatitudeDegrees>58.62211227416992</LatitudeDegrees><LongitudeDegrees>59.78822326660156</LongitudeDegrees></Position></Trackpoint><Trackpoint><Time>2026-08-11T13:53:03.000Z</Time><Position><LatitudeDegrees>58.62212371826172</LatitudeDegrees><LongitudeDegrees>59.78822326660156</LongitudeDegrees></Position></Trackpoint><Trackpoint><Time>2026-08-11T13:53:03.000Z</Time><Position><LatitudeDegrees>58.62213897705078</LatitudeDegrees><LongitudeDegrees>59.7882194519043</LongitudeDegrees></Position></Trackpoint><Trackpoint><Time>2026-08-11T13:53:05.000Z</Time><Position><LatitudeDegrees>58.622154235839844</LatitudeDegrees><LongitudeDegrees>59.7882194519043</LongitudeDegrees></Position></Trackpoint><Trackpoint><Time>2026-08-11T13:53:05.000Z</Time><Position><LatitudeDegrees>58.62216567993164</LatitudeDegrees><LongitudeDegrees>59.7882194519043</LongitudeDegrees></Position></Trackpoint><Trackpoint><Time>2026-08-11T13:53:07.000Z</Time><Position><LatitudeDegrees>58.6221809387207</LatitudeDegrees><LongitudeDegrees>59.7882194519043</LongitudeDegrees></Position></Trackpoint><Trackpoint><Time>2026-08-11T13:53:08.000Z</Time><Position><LatitudeDegrees>58.622196197509766</LatitudeDegrees><LongitudeDegrees>59.78822326660156</LongitudeDegrees></Position></Trackpoint><Trackpoint><Time>2026-08-11T13:53:09.000Z</Time><Position><LatitudeDegrees>58.6222038269043</LatitudeDegrees><LongitudeDegrees>59.78822326660156</LongitudeDegrees></Position></Trackpoint><Trackpoint><Time>2026-08-11T13:53:10.000Z</Time><Position><LatitudeDegrees>58.62221908569336</LatitudeDegrees><LongitudeDegrees>59.78822326660156</LongitudeDegrees></Position></Trackpoint><Trackpoint><Time>2026-08-11T13:53:11.000Z</Time><Position><LatitudeDegrees>58.622230529785156</LatitudeDegrees><LongitudeDegrees>59.78822326660156</LongitudeDegrees></Position></Trackpoint><Trackpoint><Time>2026-08-11T13:53:11.000Z</Time><Position><LatitudeDegrees>58.62223815917969</LatitudeDegrees><LongitudeDegrees>59.78822326660156</LongitudeDegrees></Position></Trackpoint><Trackpoint><Time>2026-08-11T13:53:13.000Z</Time><Position><LatitudeDegrees>58.62225341796875</LatitudeDegrees><LongitudeDegrees>59.78822326660156</LongitudeDegrees></Position></Trackpoint><Trackpoint><Time>2026-08-11T13:53:13.000Z</Time><Position><LatitudeDegrees>58.62226486206055</LatitudeDegrees><LongitudeDegrees>59.7882194519043</LongitudeDegrees></Position></Trackpoint><Trackpoint><Time>2026-08-11T13:53:15.000Z</Time><Position><LatitudeDegrees>58.62227249145508</LatitudeDegrees><LongitudeDegrees>59.78822326660156</LongitudeDegrees></Position></Trackpoint><Trackpoint><Time>2026-08-11T13:53:16.000Z</Time><Position><LatitudeDegrees>58.622283935546875</LatitudeDegrees><LongitudeDegrees>59.78822326660156</LongitudeDegrees></Position></Trackpoint><Trackpoint><Time>2026-08-11T13:53:16.000Z</Time><Position><LatitudeDegrees>58.62229919433594</LatitudeDegrees><LongitudeDegrees>59.78822326660156</LongitudeDegrees></Position></Trackpoint><Trackpoint><Time>2026-08-11T13:53:17.000Z</Time><Position><LatitudeDegrees>58.622314453125</LatitudeDegrees><LongitudeDegrees>59.78822326660156</LongitudeDegrees></Position></Trackpoint><Trackpoint><Time>2026-08-11T13:53:18.000Z</Time><Position><LatitudeDegrees>58.62233352661133</LatitudeDegrees><LongitudeDegrees>59.7882194519043</LongitudeDegrees></Position></Trackpoint><Trackpoint><Time>2026-08-11T13:53:19.000Z</Time><Position><LatitudeDegrees>58.622344970703125</LatitudeDegrees><LongitudeDegrees>59.78821563720703</LongitudeDegrees></Position></Trackpoint><Trackpoint><Time>2026-08-11T13:53:20.000Z</Time><Position><LatitudeDegrees>58.622352600097656</LatitudeDegrees><LongitudeDegrees>59.7882194519043</LongitudeDegrees></Position></Trackpoint><Trackpoint><Time>2026-08-11T13:53:22.000Z</Time><Position><LatitudeDegrees>58.62236404418945</LatitudeDegrees><LongitudeDegrees>59.78821563720703</LongitudeDegrees></Position></Trackpoint><Trackpoint><Time>2026-08-11T13:53:23.000Z</Time><Position><LatitudeDegrees>58.622379302978516</LatitudeDegrees><LongitudeDegrees>59.78821563720703</LongitudeDegrees></Position></Trackpoint><Trackpoint><Time>2026-08-11T13:53:23.000Z</Time><Position><LatitudeDegrees>58.62239074707031</LatitudeDegrees><LongitudeDegrees>59.78821563720703</LongitudeDegrees></Position></Trackpoint><Trackpoint><Time>2026-08-11T13:53:24.000Z</Time><Position><LatitudeDegrees>58.62240219116211</LatitudeDegrees><LongitudeDegrees>59.788211822509766</LongitudeDegrees></Position></Trackpoint><Trackpoint><Time>2026-08-11T13:53:26.000Z</Time><Position><LatitudeDegrees>58.62238483758732</LatitudeDegrees><LongitudeDegrees>59.78821501933569</LongitudeDegrees></Position></Trackpoint><Trackpoint><Time>2026-08-11T13:53:27.000Z</Time><Position><LatitudeDegrees>58.62242889404297</LatitudeDegrees><LongitudeDegrees>59.788230895996094</LongitudeDegrees></Position></Trackpoint><Trackpoint><Time>2026-08-11T13:53:28.000Z</Time><Position><LatitudeDegrees>58.6224479675293</LatitudeDegrees><LongitudeDegrees>59.78822708129883</LongitudeDegrees></Position></Trackpoint><Trackpoint><Time>2026-08-11T13:53:28.000Z</Time><Position><LatitudeDegrees>58.622459411621094</LatitudeDegrees><LongitudeDegrees>59.78822708129883</LongitudeDegrees></Position></Trackpoint><Trackpoint><Time>2026-08-11T13:53:30.000Z</Time><Position><LatitudeDegrees>58.622474670410156</LatitudeDegrees><LongitudeDegrees>59.788230895996094</LongitudeDegrees></Position></Trackpoint><Trackpoint><Time>2026-08-11T13:53:31.000Z</Time><Position><LatitudeDegrees>58.62248229980469</LatitudeDegrees><LongitudeDegrees>59.788230895996094</LongitudeDegrees></Position></Trackpoint><Trackpoint><Time>2026-08-11T13:53:31.000Z</Time><Position><LatitudeDegrees>58.62248611450195</LatitudeDegrees><LongitudeDegrees>59.788230895996094</LongitudeDegrees></Position></Trackpoint><Trackpoint><Time>2026-08-11T13:53:33.000Z</Time><Position><LatitudeDegrees>58.62248992919922</LatitudeDegrees><LongitudeDegrees>59.78823471069336</LongitudeDegrees></Position></Trackpoint><Trackpoint><Time>2026-08-11T13:53:34.000Z</Time><Position><LatitudeDegrees>58.62249755859375</LatitudeDegrees><LongitudeDegrees>59.78823471069336</LongitudeDegrees></Position></Trackpoint><Trackpoint><Time>2026-08-11T13:53:35.000Z</Time><Position><LatitudeDegrees>58.62250518798828</LatitudeDegrees><LongitudeDegrees>59.788238525390625</LongitudeDegrees></Position></Trackpoint><Trackpoint><Time>2026-08-11T13:53:35.000Z</Time><Position><LatitudeDegrees>58.62250900268555</LatitudeDegrees><LongitudeDegrees>59.78824996948242</LongitudeDegrees></Position></Trackpoint><Trackpoint><Time>2026-08-11T13:53:37.000Z</Time><Position><LatitudeDegrees>58.622520446777344</LatitudeDegrees><LongitudeDegrees>59.788246154785156</LongitudeDegrees></Position></Trackpoint><Trackpoint><Time>2026-08-11T13:53:38.000Z</Time><Position><LatitudeDegrees>58.62250981413157</LatitudeDegrees><LongitudeDegrees>59.78824082015476</LongitudeDegrees></Position></Trackpoint><Trackpoint><Time>2026-08-11T13:53:39.000Z</Time><Position><LatitudeDegrees>58.62253952026367</LatitudeDegrees><LongitudeDegrees>59.788211822509766</LongitudeDegrees></Position></Trackpoint><Trackpoint><Time>2026-08-11T13:53:40.000Z</Time><Position><LatitudeDegrees>58.622535705566406</LatitudeDegrees><LongitudeDegrees>59.78819274902344</LongitudeDegrees></Position></Trackpoint><Trackpoint><Time>2026-08-11T13:53:40.000Z</Time><Position><LatitudeDegrees>58.6225278248523</LatitudeDegrees><LongitudeDegrees>59.78821162146907</LongitudeDegrees></Position></Trackpoint><Trackpoint><Time>2026-08-11T13:53:42.000Z</Time><Position><LatitudeDegrees>58.62253189086914</LatitudeDegrees><LongitudeDegrees>59.78815841674805</LongitudeDegrees></Position></Trackpoint><Trackpoint><Time>2026-08-11T13:53:43.000Z</Time><Position><LatitudeDegrees>58.622535705566406</LatitudeDegrees><LongitudeDegrees>59.788143157958984</LongitudeDegrees></Position></Trackpoint><Trackpoint><Time>2026-08-11T13:53:44.000Z</Time><Position><LatitudeDegrees>58.62253189086914</LatitudeDegrees><LongitudeDegrees>59.78812789916992</LongitudeDegrees></Position></Trackpoint><Trackpoint><Time>2026-08-11T13:53:45.000Z</Time><Position><LatitudeDegrees>58.622535705566406</LatitudeDegrees><LongitudeDegrees>59.78812026977539</LongitudeDegrees></Position></Trackpoint><Trackpoint><Time>2026-08-11T13:53:45.000Z</Time><Position><LatitudeDegrees>58.622535705566406</LatitudeDegrees><LongitudeDegrees>59.788116455078125</LongitudeDegrees></Position></Trackpoint><Trackpoint><Time>2026-08-11T13:53:47.000Z</Time><Position><LatitudeDegrees>58.622535705566406</LatitudeDegrees><LongitudeDegrees>59.78810501098633</LongitudeDegrees></Position></Trackpoint><Trackpoint><Time>2026-08-11T13:53:48.000Z</Time><Position><LatitudeDegrees>58.62253952026367</LatitudeDegrees><LongitudeDegrees>59.78810119628906</LongitudeDegrees></Position></Trackpoint><Trackpoint><Time>2026-08-11T13:53:49.000Z</Time><Position><LatitudeDegrees>58.62254333496094</LatitudeDegrees><LongitudeDegrees>59.788089752197266</LongitudeDegrees></Position></Trackpoint><Trackpoint><Time>2026-08-11T13:53:49.000Z</Time><Position><LatitudeDegrees>58.62254333496094</LatitudeDegrees><LongitudeDegrees>59.788082122802734</LongitudeDegrees></Position></Trackpoint><Trackpoint><Time>2026-08-11T13:53:50.000Z</Time><Position><LatitudeDegrees>58.62253952026367</LatitudeDegrees><LongitudeDegrees>59.78807067871094</LongitudeDegrees></Position></Trackpoint><Trackpoint><Time>2026-08-11T13:53:52.000Z</Time><Position><LatitudeDegrees>58.62253991365991</LatitudeDegrees><LongitudeDegrees>59.78808045449623</LongitudeDegrees></Position></Trackpoint><Trackpoint><Time>2026-08-11T13:53:53.000Z</Time><Position><LatitudeDegrees>58.622541156017775</LatitudeDegrees><LongitudeDegrees>59.788074172551084</LongitudeDegrees></Position></Trackpoint><Trackpoint><Time>2026-08-11T13:53:54.000Z</Time><Position><LatitudeDegrees>58.62255096435547</LatitudeDegrees><LongitudeDegrees>59.78805923461914</LongitudeDegrees></Position></Trackpoint><Trackpoint><Time>2026-08-11T13:53:55.000Z</Time><Position><LatitudeDegrees>58.62255859375</LatitudeDegrees><LongitudeDegrees>59.78805923461914</LongitudeDegrees></Position></Trackpoint><Trackpoint><Time>2026-08-11T13:53:56.000Z</Time><Position><LatitudeDegrees>58.62255206322166</LatitudeDegrees><LongitudeDegrees>59.78806566242568</LongitudeDegrees></Position></Trackpoint><Trackpoint><Time>2026-08-11T13:53:57.000Z</Time><Position><LatitudeDegrees>58.62258529663086</LatitudeDegrees><LongitudeDegrees>59.788063049316406</LongitudeDegrees></Position></Trackpoint><Trackpoint><Time>2026-08-11T13:53:58.000Z</Time><Position><LatitudeDegrees>58.62259292602539</LatitudeDegrees><LongitudeDegrees>59.788063049316406</LongitudeDegrees></Position></Trackpoint><Trackpoint><Time>2026-08-11T13:54:00.000Z</Time><Position><LatitudeDegrees>58.62260055541992</LatitudeDegrees><LongitudeDegrees>59.78806686401367</LongitudeDegrees></Position></Trackpoint><Trackpoint><Time>2026-08-11T13:54:01.000Z</Time><Position><LatitudeDegrees>58.622615814208984</LatitudeDegrees><LongitudeDegrees>59.78806686401367</LongitudeDegrees></Position></Trackpoint><Trackpoint><Time>2026-08-11T13:54:01.000Z</Time><Position><LatitudeDegrees>58.622623443603516</LatitudeDegrees><LongitudeDegrees>59.78806686401367</LongitudeDegrees></Position></Trackpoint><Trackpoint><Time>2026-08-11T13:54:02.000Z</Time><Position><LatitudeDegrees>58.62263107299805</LatitudeDegrees><LongitudeDegrees>59.78805923461914</LongitudeDegrees></Position></Trackpoint><Trackpoint><Time>2026-08-11T13:54:03.000Z</Time><Position><LatitudeDegrees>58.62264633178711</LatitudeDegrees><LongitudeDegrees>59.788063049316406</LongitudeDegrees></Position></Trackpoint><Trackpoint><Time>2026-08-11T13:54:04.000Z</Time><Position><LatitudeDegrees>58.622657775878906</LatitudeDegrees><LongitudeDegrees>59.788063049316406</LongitudeDegrees></Position></Trackpoint><Trackpoint><Time>2026-08-11T13:54:05.000Z</Time><Position><LatitudeDegrees>58.6226692199707</LatitudeDegrees><LongitudeDegrees>59.78806686401367</LongitudeDegrees></Position></Trackpoint><Trackpoint><Time>2026-08-11T13:54:06.000Z</Time><Position><LatitudeDegrees>58.6226806640625</LatitudeDegrees><LongitudeDegrees>59.78807067871094</LongitudeDegrees></Position></Trackpoint><Trackpoint><Time>2026-08-11T13:54:07.000Z</Time><Position><LatitudeDegrees>58.62269592285156</LatitudeDegrees><LongitudeDegrees>59.7880744934082</LongitudeDegrees></Position></Trackpoint><Trackpoint><Time>2026-08-11T13:54:08.000Z</Time><Position><LatitudeDegrees>58.622703552246094</LatitudeDegrees><LongitudeDegrees>59.78807830810547</LongitudeDegrees></Position></Trackpoint><Trackpoint><Time>2026-08-11T13:54:09.000Z</Time><Position><LatitudeDegrees>58.622711181640625</LatitudeDegrees><LongitudeDegrees>59.7880744934082</LongitudeDegrees></Position></Trackpoint><Trackpoint><Time>2026-08-11T13:54:10.000Z</Time><Position><LatitudeDegrees>58.62269643723054</LatitudeDegrees><LongitudeDegrees>59.788073475533366</LongitudeDegrees></Position></Trackpoint><Trackpoint><Time>2026-08-11T13:54:11.000Z</Time><Position><LatitudeDegrees>58.62271499633789</LatitudeDegrees><LongitudeDegrees>59.78806686401367</LongitudeDegrees></Position></Trackpoint><Trackpoint><Time>2026-08-11T13:54:12.000Z</Time><Position><LatitudeDegrees>58.622718811035156</LatitudeDegrees><LongitudeDegrees>59.78805923461914</LongitudeDegrees></Position></Trackpoint><Trackpoint><Time>2026-08-11T13:54:13.000Z</Time><Position><LatitudeDegrees>58.622718811035156</LatitudeDegrees><LongitudeDegrees>59.788055419921875</LongitudeDegrees></Position></Trackpoint><Trackpoint><Time>2026-08-11T13:54:14.000Z</Time><Position><LatitudeDegrees>58.622718811035156</LatitudeDegrees><LongitudeDegrees>59.78805160522461</LongitudeDegrees></Position></Trackpoint><Trackpoint><Time>2026-08-11T13:54:16.000Z</Time><Position><LatitudeDegrees>58.62272644042969</LatitudeDegrees><LongitudeDegrees>59.78805160522461</LongitudeDegrees></Position></Trackpoint><Trackpoint><Time>2026-08-11T13:54:17.000Z</Time><Position><LatitudeDegrees>58.62273025512695</LatitudeDegrees><LongitudeDegrees>59.788055419921875</LongitudeDegrees></Position></Trackpoint><Trackpoint><Time>2026-08-11T13:54:18.000Z</Time><Position><LatitudeDegrees>58.62273406982422</LatitudeDegrees><LongitudeDegrees>59.78805160522461</LongitudeDegrees></Position></Trackpoint><Trackpoint><Time>2026-08-11T13:54:20.000Z</Time><Position><LatitudeDegrees>58.622731109146336</LatitudeDegrees><LongitudeDegrees>59.78805269289021</LongitudeDegrees></Position></Trackpoint><Trackpoint><Time>2026-08-11T13:54:20.000Z</Time><Position><LatitudeDegrees>58.62273380535124</LatitudeDegrees><LongitudeDegrees>59.78805319437102</LongitudeDegrees></Position></Trackpoint><Trackpoint><Time>2026-08-11T13:54:21.000Z</Time><Position><LatitudeDegrees>58.62274932861328</LatitudeDegrees><LongitudeDegrees>59.78807067871094</LongitudeDegrees></Position></Trackpoint><Trackpoint><Time>2026-08-11T13:54:22.000Z</Time><Position><LatitudeDegrees>58.62275695800781</LatitudeDegrees><LongitudeDegrees>59.78810501098633</LongitudeDegrees></Position></Trackpoint><Trackpoint><Time>2026-08-11T13:54:23.000Z</Time><Position><LatitudeDegrees>58.622746660549524</LatitudeDegrees><LongitudeDegrees>59.788075527960466</LongitudeDegrees></Position></Trackpoint><Trackpoint><Time>2026-08-11T13:54:24.000Z</Time><Position><LatitudeDegrees>58.62275695800781</LatitudeDegrees><LongitudeDegrees>59.7879524230957</LongitudeDegrees></Position></Trackpoint><Trackpoint><Time>2026-08-11T13:54:25.000Z</Time><Position><LatitudeDegrees>58.62275015290223</LatitudeDegrees><LongitudeDegrees>59.78806310657203</LongitudeDegrees></Position></Trackpoint><Trackpoint><Time>2026-08-11T13:54:26.000Z</Time><Position><LatitudeDegrees>58.62278747558594</LatitudeDegrees><LongitudeDegrees>59.78805923461914</LongitudeDegrees></Position></Trackpoint><Trackpoint><Time>2026-08-11T13:54:27.000Z</Time><Position><LatitudeDegrees>58.62278747558594</LatitudeDegrees><LongitudeDegrees>59.788055419921875</LongitudeDegrees></Position></Trackpoint><Trackpoint><Time>2026-08-11T13:54:28.000Z</Time><Position><LatitudeDegrees>58.62279510498047</LatitudeDegrees><LongitudeDegrees>59.788047790527344</LongitudeDegrees></Position></Trackpoint><Trackpoint><Time>2026-08-11T13:54:29.000Z</Time><Position><LatitudeDegrees>58.62279510498047</LatitudeDegrees><LongitudeDegrees>59.78805160522461</LongitudeDegrees></Position></Trackpoint><Trackpoint><Time>2026-08-11T13:54:30.000Z</Time><Position><LatitudeDegrees>58.622806549072266</LatitudeDegrees><LongitudeDegrees>59.78805160522461</LongitudeDegrees></Position></Trackpoint><Trackpoint><Time>2026-08-11T13:54:31.000Z</Time><Position><LatitudeDegrees>58.62279549515351</LatitudeDegrees><LongitudeDegrees>59.788051878321994</LongitudeDegrees></Position></Trackpoint><Trackpoint><Time>2026-08-11T13:54:32.000Z</Time><Position><LatitudeDegrees>58.6228141784668</LatitudeDegrees><LongitudeDegrees>59.78803634643555</LongitudeDegrees></Position></Trackpoint><Trackpoint><Time>2026-08-11T13:54:33.000Z</Time><Position><LatitudeDegrees>58.6228141784668</LatitudeDegrees><LongitudeDegrees>59.78802490234375</LongitudeDegrees></Position></Trackpoint><Trackpoint><Time>2026-08-11T13:54:34.000Z</Time><Position><LatitudeDegrees>58.62281036376953</LatitudeDegrees><LongitudeDegrees>59.788021087646484</LongitudeDegrees></Position></Trackpoint><Trackpoint><Time>2026-08-11T13:54:35.000Z</Time><Position><LatitudeDegrees>58.62280894100914</LatitudeDegrees><LongitudeDegrees>59.7880317518935</LongitudeDegrees></Position></Trackpoint><Trackpoint><Time>2026-08-11T13:54:36.000Z</Time><Position><LatitudeDegrees>58.622798919677734</LatitudeDegrees><LongitudeDegrees>59.78803253173828</LongitudeDegrees></Position></Trackpoint><Trackpoint><Time>2026-08-11T13:54:37.000Z</Time><Position><LatitudeDegrees>58.62279510498047</LatitudeDegrees><LongitudeDegrees>59.78803634643555</LongitudeDegrees></Position></Trackpoint><Trackpoint><Time>2026-08-11T13:54:38.000Z</Time><Position><LatitudeDegrees>58.622802486043774</LatitudeDegrees><LongitudeDegrees>59.78803285135065</LongitudeDegrees></Position></Trackpoint><Trackpoint><Time>2026-08-11T13:54:39.000Z</Time><Position><LatitudeDegrees>58.622825622558594</LatitudeDegrees><LongitudeDegrees>59.78803253173828</LongitudeDegrees></Position></Trackpoint><Trackpoint><Time>2026-08-11T13:54:40.000Z</Time><Position><LatitudeDegrees>58.62283706665039</LatitudeDegrees><LongitudeDegrees>59.78803253173828</LongitudeDegrees></Position></Trackpoint><Trackpoint><Time>2026-08-11T13:54:41.000Z</Time><Position><LatitudeDegrees>58.622840881347656</LatitudeDegrees><LongitudeDegrees>59.78803253173828</LongitudeDegrees></Position></Trackpoint><Trackpoint><Time>2026-08-11T13:54:42.000Z</Time><Position><LatitudeDegrees>58.62283706665039</LatitudeDegrees><LongitudeDegrees>59.78802490234375</LongitudeDegrees></Position></Trackpoint><Trackpoint><Time>2026-08-11T13:54:43.000Z</Time><Position><LatitudeDegrees>58.622833251953125</LatitudeDegrees><LongitudeDegrees>59.78802490234375</LongitudeDegrees></Position></Trackpoint><Trackpoint><Time>2026-08-11T13:54:44.000Z</Time><Position><LatitudeDegrees>58.622833251953125</LatitudeDegrees><LongitudeDegrees>59.788021087646484</LongitudeDegrees></Position></Trackpoint><Trackpoint><Time>2026-08-11T13:54:45.000Z</Time><Position><LatitudeDegrees>58.622833251953125</LatitudeDegrees><LongitudeDegrees>59.78802490234375</LongitudeDegrees></Position></Trackpoint><Trackpoint><Time>2026-08-11T13:54:48.000Z</Time><Position><LatitudeDegrees>58.62284469604492</LatitudeDegrees><LongitudeDegrees>59.78802490234375</LongitudeDegrees></Position></Trackpoint><Trackpoint><Time>2026-08-11T13:54:49.000Z</Time><Position><LatitudeDegrees>58.62284851074219</LatitudeDegrees><LongitudeDegrees>59.78802490234375</LongitudeDegrees></Position></Trackpoint><Trackpoint><Time>2026-08-11T13:54:50.000Z</Time><Position><LatitudeDegrees>58.62285614013672</LatitudeDegrees><LongitudeDegrees>59.78802490234375</LongitudeDegrees></Position></Trackpoint><Trackpoint><Time>2026-08-11T13:54:51.000Z</Time><Position><LatitudeDegrees>58.62285125791013</LatitudeDegrees><LongitudeDegrees>59.78802364968554</LongitudeDegrees></Position></Trackpoint><Trackpoint><Time>2026-08-11T13:54:53.000Z</Time><Position><LatitudeDegrees>58.622855751268254</LatitudeDegrees><LongitudeDegrees>59.78801998864201</LongitudeDegrees></Position></Trackpoint><Trackpoint><Time>2026-08-11T13:54:54.000Z</Time><Position><LatitudeDegrees>58.622867584228516</LatitudeDegrees><LongitudeDegrees>59.78802490234375</LongitudeDegrees></Position></Trackpoint><Trackpoint><Time>2026-08-11T13:54:55.000Z</Time><Position><LatitudeDegrees>58.62287139892578</LatitudeDegrees><LongitudeDegrees>59.78804016113281</LongitudeDegrees></Position></Trackpoint><Trackpoint><Time>2026-08-11T13:54:56.000Z</Time><Position><LatitudeDegrees>58.62287521362305</LatitudeDegrees><LongitudeDegrees>59.78804016113281</LongitudeDegrees></Position></Trackpoint><Trackpoint><Time>2026-08-11T13:54:57.000Z</Time><Position><LatitudeDegrees>58.62286986536053</LatitudeDegrees><LongitudeDegrees>59.78803318262564</LongitudeDegrees></Position></Trackpoint><Trackpoint><Time>2026-08-11T13:54:58.000Z</Time><Position><LatitudeDegrees>58.62287139892578</LatitudeDegrees><LongitudeDegrees>59.788028717041016</LongitudeDegrees></Position></Trackpoint><Trackpoint><Time>2026-08-11T13:54:59.000Z</Time><Position><LatitudeDegrees>58.6228700268126</LatitudeDegrees><LongitudeDegrees>59.78802894063646</LongitudeDegrees></Position></Trackpoint><Trackpoint><Time>2026-08-11T13:55:00.000Z</Time><Position><LatitudeDegrees>58.622867584228516</LatitudeDegrees><LongitudeDegrees>59.78802490234375</LongitudeDegrees></Position></Trackpoint><Trackpoint><Time>2026-08-11T13:55:01.000Z</Time><Position><LatitudeDegrees>58.62286376953125</LatitudeDegrees><LongitudeDegrees>59.78802490234375</LongitudeDegrees></Position></Trackpoint><Trackpoint><Time>2026-08-11T13:55:02.000Z</Time><Position><LatitudeDegrees>58.622859954833984</LatitudeDegrees><LongitudeDegrees>59.78802490234375</LongitudeDegrees></Position></Trackpoint><Trackpoint><Time>2026-08-11T13:55:03.000Z</Time><Position><LatitudeDegrees>58.62286234839837</LatitudeDegrees><LongitudeDegrees>59.788029422386046</LongitudeDegrees></Position></Trackpoint><Trackpoint><Time>2026-08-11T13:55:06.000Z</Time><Position><LatitudeDegrees>58.62286251391138</LatitudeDegrees><LongitudeDegrees>59.78803690784157</LongitudeDegrees></Position></Trackpoint><Trackpoint><Time>2026-08-11T13:55:07.000Z</Time><Position><LatitudeDegrees>58.62287902832031</LatitudeDegrees><LongitudeDegrees>59.78802490234375</LongitudeDegrees></Position></Trackpoint><Trackpoint><Time>2026-08-11T13:55:08.000Z</Time><Position><LatitudeDegrees>58.622870726037895</LatitudeDegrees><LongitudeDegrees>59.788029149979586</LongitudeDegrees></Position></Trackpoint><Trackpoint><Time>2026-08-11T13:55:22.000Z</Time><Position><LatitudeDegrees>58.622859954833984</LatitudeDegrees><LongitudeDegrees>59.78805160522461</LongitudeDegrees></Position></Trackpoint><Trackpoint><Time>2026-08-11T13:55:23.000Z</Time><Position><LatitudeDegrees>58.62286886792483</LatitudeDegrees><LongitudeDegrees>59.788047548047786</LongitudeDegrees></Position></Trackpoint><Trackpoint><Time>2026-08-11T13:55:24.000Z</Time><Position><LatitudeDegrees>58.62287521362305</LatitudeDegrees><LongitudeDegrees>59.7880744934082</LongitudeDegrees></Position></Trackpoint><Trackpoint><Time>2026-08-11T13:55:25.000Z</Time><Position><LatitudeDegrees>58.622886657714844</LatitudeDegrees><LongitudeDegrees>59.788089752197266</LongitudeDegrees></Position></Trackpoint><Trackpoint><Time>2026-08-11T13:55:26.000Z</Time><Position><LatitudeDegrees>58.62288025181016</LatitudeDegrees><LongitudeDegrees>59.78806989248155</LongitudeDegrees></Position></Trackpoint><Trackpoint><Time>2026-08-11T13:55:27.000Z</Time><Position><LatitudeDegrees>58.6229248046875</LatitudeDegrees><LongitudeDegrees>59.7880973815918</LongitudeDegrees></Position></Trackpoint><Trackpoint><Time>2026-08-11T13:55:28.000Z</Time><Position><LatitudeDegrees>58.62291418070258</LatitudeDegrees><LongitudeDegrees>59.7880876739244</LongitudeDegrees></Position></Trackpoint><Trackpoint><Time>2026-08-11T13:55:30.000Z</Time><Position><LatitudeDegrees>58.622920153724536</LatitudeDegrees><LongitudeDegrees>59.788085151299946</LongitudeDegrees></Position></Trackpoint><Trackpoint><Time>2026-08-11T13:55:30.000Z</Time><Position><LatitudeDegrees>58.62295913696289</LatitudeDegrees><LongitudeDegrees>59.7880973815918</LongitudeDegrees></Position></Trackpoint><Trackpoint><Time>2026-08-11T13:55:31.000Z</Time><Position><LatitudeDegrees>58.6229458156537</LatitudeDegrees><LongitudeDegrees>59.78809507803811</LongitudeDegrees></Position></Trackpoint><Trackpoint><Time>2026-08-11T13:55:32.000Z</Time><Position><LatitudeDegrees>58.62297439575195</LatitudeDegrees><LongitudeDegrees>59.78809356689453</LongitudeDegrees></Position></Trackpoint><Trackpoint><Time>2026-08-11T13:55:33.000Z</Time><Position><LatitudeDegrees>58.622982025146484</LatitudeDegrees><LongitudeDegrees>59.788082122802734</LongitudeDegrees></Position></Trackpoint><Trackpoint><Time>2026-08-11T13:55:34.000Z</Time><Position><LatitudeDegrees>58.62299728393555</LatitudeDegrees><LongitudeDegrees>59.788082122802734</LongitudeDegrees></Position></Trackpoint><Trackpoint><Time>2026-08-11T13:55:35.000Z</Time><Position><LatitudeDegrees>58.623016357421875</LatitudeDegrees><LongitudeDegrees>59.7880859375</LongitudeDegrees></Position></Trackpoint><Trackpoint><Time>2026-08-11T13:55:36.000Z</Time><Position><LatitudeDegrees>58.62299630511969</LatitudeDegrees><LongitudeDegrees>59.788087695115095</LongitudeDegrees></Position></Trackpoint><Trackpoint><Time>2026-08-11T13:55:37.000Z</Time><Position><LatitudeDegrees>58.62303924560547</LatitudeDegrees><LongitudeDegrees>59.7880973815918</LongitudeDegrees></Position></Trackpoint><Trackpoint><Time>2026-08-11T13:55:38.000Z</Time><Position><LatitudeDegrees>58.623046875</LatitudeDegrees><LongitudeDegrees>59.78810501098633</LongitudeDegrees></Position></Trackpoint><Trackpoint><Time>2026-08-11T13:55:39.000Z</Time><Position><LatitudeDegrees>58.62305450439453</LatitudeDegrees><LongitudeDegrees>59.788108825683594</LongitudeDegrees></Position></Trackpoint><Trackpoint><Time>2026-08-11T13:55:40.000Z</Time><Position><LatitudeDegrees>58.623069763183594</LatitudeDegrees><LongitudeDegrees>59.788108825683594</LongitudeDegrees></Position></Trackpoint><Trackpoint><Time>2026-08-11T13:55:41.000Z</Time><Position><LatitudeDegrees>58.62305222474588</LatitudeDegrees><LongitudeDegrees>59.78810433128964</LongitudeDegrees></Position></Trackpoint><Trackpoint><Time>2026-08-11T13:55:42.000Z</Time><Position><LatitudeDegrees>58.62309265136719</LatitudeDegrees><LongitudeDegrees>59.78810501098633</LongitudeDegrees></Position></Trackpoint><Trackpoint><Time>2026-08-11T13:55:43.000Z</Time><Position><LatitudeDegrees>58.623111724853516</LatitudeDegrees><LongitudeDegrees>59.78809356689453</LongitudeDegrees></Position></Trackpoint><Trackpoint><Time>2026-08-11T13:55:45.000Z</Time><Position><LatitudeDegrees>58.62312316894531</LatitudeDegrees><LongitudeDegrees>59.78809356689453</LongitudeDegrees></Position></Trackpoint><Trackpoint><Time>2026-08-11T13:55:45.000Z</Time><Position><LatitudeDegrees>58.623138427734375</LatitudeDegrees><LongitudeDegrees>59.7880973815918</LongitudeDegrees></Position></Trackpoint><Trackpoint><Time>2026-08-11T13:55:46.000Z</Time><Position><LatitudeDegrees>58.62314987182617</LatitudeDegrees><LongitudeDegrees>59.78810119628906</LongitudeDegrees></Position></Trackpoint><Trackpoint><Time>2026-08-11T13:55:48.000Z</Time><Position><LatitudeDegrees>58.62316131591797</LatitudeDegrees><LongitudeDegrees>59.7880973815918</LongitudeDegrees></Position></Trackpoint><Trackpoint><Time>2026-08-11T13:55:49.000Z</Time><Position><LatitudeDegrees>58.62315244383535</LatitudeDegrees><LongitudeDegrees>59.78809539212258</LongitudeDegrees></Position></Trackpoint><Trackpoint><Time>2026-08-11T13:55:49.000Z</Time><Position><LatitudeDegrees>58.62318801879883</LatitudeDegrees><LongitudeDegrees>59.7880973815918</LongitudeDegrees></Position></Trackpoint><Trackpoint><Time>2026-08-11T13:55:50.000Z</Time><Position><LatitudeDegrees>58.623207092285156</LatitudeDegrees><LongitudeDegrees>59.78810501098633</LongitudeDegrees></Position></Trackpoint><Trackpoint><Time>2026-08-11T13:55:52.000Z</Time><Position><LatitudeDegrees>58.62321853637695</LatitudeDegrees><LongitudeDegrees>59.78811264038086</LongitudeDegrees></Position></Trackpoint><Trackpoint><Time>2026-08-11T13:55:52.000Z</Time><Position><LatitudeDegrees>58.623205481904805</LatitudeDegrees><LongitudeDegrees>59.78810851117882</LongitudeDegrees></Position></Trackpoint><Trackpoint><Time>2026-08-11T13:55:54.000Z</Time><Position><LatitudeDegrees>58.623213987872134</LatitudeDegrees><LongitudeDegrees>59.78810427768204</LongitudeDegrees></Position></Trackpoint><Trackpoint><Time>2026-08-11T13:55:54.000Z</Time><Position><LatitudeDegrees>58.62325668334961</LatitudeDegrees><LongitudeDegrees>59.78807830810547</LongitudeDegrees></Position></Trackpoint><Trackpoint><Time>2026-08-11T13:55:55.000Z</Time><Position><LatitudeDegrees>58.623268127441406</LatitudeDegrees><LongitudeDegrees>59.78807830810547</LongitudeDegrees></Position></Trackpoint><Trackpoint><Time>2026-08-11T13:55:56.000Z</Time><Position><LatitudeDegrees>58.62327194213867</LatitudeDegrees><LongitudeDegrees>59.78807830810547</LongitudeDegrees></Position></Trackpoint><Trackpoint><Time>2026-08-11T13:55:57.000Z</Time><Position><LatitudeDegrees>58.62328338623047</LatitudeDegrees><LongitudeDegrees>59.788089752197266</LongitudeDegrees></Position></Trackpoint><Trackpoint><Time>2026-08-11T13:55:58.000Z</Time><Position><LatitudeDegrees>58.623268359476015</LatitudeDegrees><LongitudeDegrees>59.78808676322076</LongitudeDegrees></Position></Trackpoint><Trackpoint><Time>2026-08-11T13:55:59.000Z</Time><Position><LatitudeDegrees>58.6233024597168</LatitudeDegrees><LongitudeDegrees>59.78809356689453</LongitudeDegrees></Position></Trackpoint><Trackpoint><Time>2026-08-11T13:56:00.000Z</Time><Position><LatitudeDegrees>58.62331008911133</LatitudeDegrees><LongitudeDegrees>59.78809356689453</LongitudeDegrees></Position></Trackpoint><Trackpoint><Time>2026-08-11T13:56:02.000Z</Time><Position><LatitudeDegrees>58.623321533203125</LatitudeDegrees><LongitudeDegrees>59.788089752197266</LongitudeDegrees></Position></Trackpoint><Trackpoint><Time>2026-08-11T13:56:02.000Z</Time><Position><LatitudeDegrees>58.62334060668945</LatitudeDegrees><LongitudeDegrees>59.7880973815918</LongitudeDegrees></Position></Trackpoint><Trackpoint><Time>2026-08-11T13:56:03.000Z</Time><Position><LatitudeDegrees>58.62335205078125</LatitudeDegrees><LongitudeDegrees>59.7880973815918</LongitudeDegrees></Position></Trackpoint><Trackpoint><Time>2026-08-11T13:56:04.000Z</Time><Position><LatitudeDegrees>58.62336349487305</LatitudeDegrees><LongitudeDegrees>59.78810119628906</LongitudeDegrees></Position></Trackpoint><Trackpoint><Time>2026-08-11T13:56:06.000Z</Time><Position><LatitudeDegrees>58.623382568359375</LatitudeDegrees><LongitudeDegrees>59.7880973815918</LongitudeDegrees></Position></Trackpoint><Trackpoint><Time>2026-08-11T13:56:06.000Z</Time><Position><LatitudeDegrees>58.623390197753906</LatitudeDegrees><LongitudeDegrees>59.78809356689453</LongitudeDegrees></Position></Trackpoint><Trackpoint><Time>2026-08-11T13:56:08.000Z</Time><Position><LatitudeDegrees>58.62340545654297</LatitudeDegrees><LongitudeDegrees>59.78809356689453</LongitudeDegrees></Position></Trackpoint><Trackpoint><Time>2026-08-11T13:56:08.000Z</Time><Position><LatitudeDegrees>58.623416900634766</LatitudeDegrees><LongitudeDegrees>59.78810119628906</LongitudeDegrees></Position></Trackpoint><Trackpoint><Time>2026-08-11T13:56:10.000Z</Time><Position><LatitudeDegrees>58.62342834472656</LatitudeDegrees><LongitudeDegrees>59.7880973815918</LongitudeDegrees></Position></Trackpoint><Trackpoint><Time>2026-08-11T13:56:10.000Z</Time><Position><LatitudeDegrees>58.62343978881836</LatitudeDegrees><LongitudeDegrees>59.78810501098633</LongitudeDegrees></Position></Trackpoint><Trackpoint><Time>2026-08-11T13:56:11.000Z</Time><Position><LatitudeDegrees>58.62342262422363</LatitudeDegrees><LongitudeDegrees>59.78810019819307</LongitudeDegrees></Position></Trackpoint><Trackpoint><Time>2026-08-11T13:56:12.000Z</Time><Position><LatitudeDegrees>58.62345886230469</LatitudeDegrees><LongitudeDegrees>59.7880973815918</LongitudeDegrees></Position></Trackpoint><Trackpoint><Time>2026-08-11T13:56:14.000Z</Time><Position><LatitudeDegrees>58.62347412109375</LatitudeDegrees><LongitudeDegrees>59.78809356689453</LongitudeDegrees></Position></Trackpoint><Trackpoint><Time>2026-08-11T13:56:14.000Z</Time><Position><LatitudeDegrees>58.62348556518555</LatitudeDegrees><LongitudeDegrees>59.788082122802734</LongitudeDegrees></Position></Trackpoint><Trackpoint><Time>2026-08-11T13:56:15.000Z</Time><Position><LatitudeDegrees>58.62349319458008</LatitudeDegrees><LongitudeDegrees>59.7880859375</LongitudeDegrees></Position></Trackpoint><Trackpoint><Time>2026-08-11T13:56:16.000Z</Time><Position><LatitudeDegrees>58.623478199569924</LatitudeDegrees><LongitudeDegrees>59.78808970685456</LongitudeDegrees></Position></Trackpoint><Trackpoint><Time>2026-08-11T13:56:18.000Z</Time><Position><LatitudeDegrees>58.6235237121582</LatitudeDegrees><LongitudeDegrees>59.7880973815918</LongitudeDegrees></Position></Trackpoint><Trackpoint><Time>2026-08-11T13:56:18.000Z</Time><Position><LatitudeDegrees>58.62353515625</LatitudeDegrees><LongitudeDegrees>59.7880973815918</LongitudeDegrees></Position></Trackpoint><Trackpoint><Time>2026-08-11T13:56:20.000Z</Time><Position><LatitudeDegrees>58.6235466003418</LatitudeDegrees><LongitudeDegrees>59.7880973815918</LongitudeDegrees></Position></Trackpoint><Trackpoint><Time>2026-08-11T13:56:21.000Z</Time><Position><LatitudeDegrees>58.623558044433594</LatitudeDegrees><LongitudeDegrees>59.78810501098633</LongitudeDegrees></Position></Trackpoint><Trackpoint><Time>2026-08-11T13:56:22.000Z</Time><Position><LatitudeDegrees>58.62356948852539</LatitudeDegrees><LongitudeDegrees>59.78811264038086</LongitudeDegrees></Position></Trackpoint><Trackpoint><Time>2026-08-11T13:56:23.000Z</Time><Position><LatitudeDegrees>58.62356008489722</LatitudeDegrees><LongitudeDegrees>59.78810831483588</LongitudeDegrees></Position></Trackpoint><Trackpoint><Time>2026-08-11T13:56:24.000Z</Time><Position><LatitudeDegrees>58.62356920902461</LatitudeDegrees><LongitudeDegrees>59.78810662485429</LongitudeDegrees></Position></Trackpoint><Trackpoint><Time>2026-08-11T13:56:24.000Z</Time><Position><LatitudeDegrees>58.62361526489258</LatitudeDegrees><LongitudeDegrees>59.788108825683594</LongitudeDegrees></Position></Trackpoint><Trackpoint><Time>2026-08-11T13:56:25.000Z</Time><Position><LatitudeDegrees>58.623626708984375</LatitudeDegrees><LongitudeDegrees>59.78810119628906</LongitudeDegrees></Position></Trackpoint><Trackpoint><Time>2026-08-11T13:56:26.000Z</Time><Position><LatitudeDegrees>58.62363815307617</LatitudeDegrees><LongitudeDegrees>59.78810119628906</LongitudeDegrees></Position></Trackpoint><Trackpoint><Time>2026-08-11T13:56:27.000Z</Time><Position><LatitudeDegrees>58.623653411865234</LatitudeDegrees><LongitudeDegrees>59.78810119628906</LongitudeDegrees></Position></Trackpoint><Trackpoint><Time>2026-08-11T13:56:28.000Z</Time><Position><LatitudeDegrees>58.62366485595703</LatitudeDegrees><LongitudeDegrees>59.78810501098633</LongitudeDegrees></Position></Trackpoint><Trackpoint><Time>2026-08-11T13:56:30.000Z</Time><Position><LatitudeDegrees>58.62367630004883</LatitudeDegrees><LongitudeDegrees>59.788108825683594</LongitudeDegrees></Position></Trackpoint><Trackpoint><Time>2026-08-11T13:56:30.000Z</Time><Position><LatitudeDegrees>58.623687744140625</LatitudeDegrees><LongitudeDegrees>59.788108825683594</LongitudeDegrees></Position></Trackpoint><Trackpoint><Time>2026-08-11T13:56:31.000Z</Time><Position><LatitudeDegrees>58.62370681762695</LatitudeDegrees><LongitudeDegrees>59.788116455078125</LongitudeDegrees></Position></Trackpoint><Trackpoint><Time>2026-08-11T13:56:32.000Z</Time><Position><LatitudeDegrees>58.62371826171875</LatitudeDegrees><LongitudeDegrees>59.788116455078125</LongitudeDegrees></Position></Trackpoint><Trackpoint><Time>2026-08-11T13:56:33.000Z</Time><Position><LatitudeDegrees>58.62372970581055</LatitudeDegrees><LongitudeDegrees>59.788108825683594</LongitudeDegrees></Position></Trackpoint><Trackpoint><Time>2026-08-11T13:56:34.000Z</Time><Position><LatitudeDegrees>58.623741149902344</LatitudeDegrees><LongitudeDegrees>59.78810501098633</LongitudeDegrees></Position></Trackpoint><Trackpoint><Time>2026-08-11T13:56:36.000Z</Time><Position><LatitudeDegrees>58.623756408691406</LatitudeDegrees><LongitudeDegrees>59.78810501098633</LongitudeDegrees></Position></Trackpoint><Trackpoint><Time>2026-08-11T13:56:36.000Z</Time><Position><LatitudeDegrees>58.623745159811854</LatitudeDegrees><LongitudeDegrees>59.78810663043757</LongitudeDegrees></Position></Trackpoint><Trackpoint><Time>2026-08-11T13:56:37.000Z</Time><Position><LatitudeDegrees>58.62375003459023</LatitudeDegrees><LongitudeDegrees>59.78810691354236</LongitudeDegrees></Position></Trackpoint><Trackpoint><Time>2026-08-11T13:56:39.000Z</Time><Position><LatitudeDegrees>58.62379837036133</LatitudeDegrees><LongitudeDegrees>59.788116455078125</LongitudeDegrees></Position></Trackpoint><Trackpoint><Time>2026-08-11T13:56:39.000Z</Time><Position><LatitudeDegrees>58.623809814453125</LatitudeDegrees><LongitudeDegrees>59.788124084472656</LongitudeDegrees></Position></Trackpoint><Trackpoint><Time>2026-08-11T13:56:40.000Z</Time><Position><LatitudeDegrees>58.62382507324219</LatitudeDegrees><LongitudeDegrees>59.78813171386719</LongitudeDegrees></Position></Trackpoint><Trackpoint><Time>2026-08-11T13:56:42.000Z</Time><Position><LatitudeDegrees>58.623836517333984</LatitudeDegrees><LongitudeDegrees>59.78813934326172</LongitudeDegrees></Position></Trackpoint><Trackpoint><Time>2026-08-11T13:56:42.000Z</Time><Position><LatitudeDegrees>58.62385559082031</LatitudeDegrees><LongitudeDegrees>59.788143157958984</LongitudeDegrees></Position></Trackpoint><Trackpoint><Time>2026-08-11T13:56:44.000Z</Time><Position><LatitudeDegrees>58.62383319755248</LatitudeDegrees><LongitudeDegrees>59.78813450729998</LongitudeDegrees></Position></Trackpoint><Trackpoint><Time>2026-08-11T13:56:45.000Z</Time><Position><LatitudeDegrees>58.62388610839844</LatitudeDegrees><LongitudeDegrees>59.78813552856445</LongitudeDegrees></Position></Trackpoint><Trackpoint><Time>2026-08-11T13:56:46.000Z</Time><Position><LatitudeDegrees>58.623897552490234</LatitudeDegrees><LongitudeDegrees>59.78812789916992</LongitudeDegrees></Position></Trackpoint><Trackpoint><Time>2026-08-11T13:56:47.000Z</Time><Position><LatitudeDegrees>58.62390899658203</LatitudeDegrees><LongitudeDegrees>59.78813171386719</LongitudeDegrees></Position></Trackpoint><Trackpoint><Time>2026-08-11T13:56:47.000Z</Time><Position><LatitudeDegrees>58.62392044067383</LatitudeDegrees><LongitudeDegrees>59.78813171386719</LongitudeDegrees></Position></Trackpoint><Trackpoint><Time>2026-08-11T13:56:48.000Z</Time><Position><LatitudeDegrees>58.62391023279223</LatitudeDegrees><LongitudeDegrees>59.78813623963768</LongitudeDegrees></Position></Trackpoint><Trackpoint><Time>2026-08-11T13:56:50.000Z</Time><Position><LatitudeDegrees>58.623916386664504</LatitudeDegrees><LongitudeDegrees>59.78814106632715</LongitudeDegrees></Position></Trackpoint><Trackpoint><Time>2026-08-11T13:56:51.000Z</Time><Position><LatitudeDegrees>58.62395477294922</LatitudeDegrees><LongitudeDegrees>59.78816604614258</LongitudeDegrees></Position></Trackpoint><Trackpoint><Time>2026-08-11T13:56:51.000Z</Time><Position><LatitudeDegrees>58.623944046188974</LatitudeDegrees><LongitudeDegrees>59.78815784670883</LongitudeDegrees></Position></Trackpoint><Trackpoint><Time>2026-08-11T13:56:52.000Z</Time><Position><LatitudeDegrees>58.623950361487616</LatitudeDegrees><LongitudeDegrees>59.78816302565623</LongitudeDegrees></Position></Trackpoint><Trackpoint><Time>2026-08-11T13:56:53.000Z</Time><Position><LatitudeDegrees>58.623985290527344</LatitudeDegrees><LongitudeDegrees>59.7881965637207</LongitudeDegrees></Position></Trackpoint><Trackpoint><Time>2026-08-11T13:56:54.000Z</Time><Position><LatitudeDegrees>58.62399673461914</LatitudeDegrees><LongitudeDegrees>59.788211822509766</LongitudeDegrees></Position></Trackpoint><Trackpoint><Time>2026-08-11T13:56:56.000Z</Time><Position><LatitudeDegrees>58.62400817871094</LatitudeDegrees><LongitudeDegrees>59.788230895996094</LongitudeDegrees></Position></Trackpoint><Trackpoint><Time>2026-08-11T13:56:57.000Z</Time><Position><LatitudeDegrees>58.62401580810547</LatitudeDegrees><LongitudeDegrees>59.78824996948242</LongitudeDegrees></Position></Trackpoint><Trackpoint><Time>2026-08-11T13:56:58.000Z</Time><Position><LatitudeDegrees>58.624027252197266</LatitudeDegrees><LongitudeDegrees>59.788265228271484</LongitudeDegrees></Position></Trackpoint><Trackpoint><Time>2026-08-11T13:56:58.000Z</Time><Position><LatitudeDegrees>58.62403869628906</LatitudeDegrees><LongitudeDegrees>59.788272857666016</LongitudeDegrees></Position></Trackpoint><Trackpoint><Time>2026-08-11T13:56:59.000Z</Time><Position><LatitudeDegrees>58.624053955078125</LatitudeDegrees><LongitudeDegrees>59.78828811645508</LongitudeDegrees></Position></Trackpoint><Trackpoint><Time>2026-08-11T13:57:00.000Z</Time><Position><LatitudeDegrees>58.62406539916992</LatitudeDegrees><LongitudeDegrees>59.78830337524414</LongitudeDegrees></Position></Trackpoint><Trackpoint><Time>2026-08-11T13:57:01.000Z</Time><Position><LatitudeDegrees>58.624055652487925</LatitudeDegrees><LongitudeDegrees>59.78828965108024</LongitudeDegrees></Position></Trackpoint><Trackpoint><Time>2026-08-11T13:57:03.000Z</Time><Position><LatitudeDegrees>58.62406103772633</LatitudeDegrees><LongitudeDegrees>59.78829918678986</LongitudeDegrees></Position></Trackpoint><Trackpoint><Time>2026-08-11T13:57:04.000Z</Time><Position><LatitudeDegrees>58.62409210205078</LatitudeDegrees><LongitudeDegrees>59.78834533691406</LongitudeDegrees></Position></Trackpoint><Trackpoint><Time>2026-08-11T13:57:05.000Z</Time><Position><LatitudeDegrees>58.62410354614258</LatitudeDegrees><LongitudeDegrees>59.78836441040039</LongitudeDegrees></Position></Trackpoint><Trackpoint><Time>2026-08-11T13:57:06.000Z</Time><Position><LatitudeDegrees>58.624114990234375</LatitudeDegrees><LongitudeDegrees>59.78837585449219</LongitudeDegrees></Position></Trackpoint><Trackpoint><Time>2026-08-11T13:57:06.000Z</Time><Position><LatitudeDegrees>58.62412643432617</LatitudeDegrees><LongitudeDegrees>59.78839111328125</LongitudeDegrees></Position></Trackpoint><Trackpoint><Time>2026-08-11T13:57:07.000Z</Time><Position><LatitudeDegrees>58.62413787841797</LatitudeDegrees><LongitudeDegrees>59.78841018676758</LongitudeDegrees></Position></Trackpoint><Trackpoint><Time>2026-08-11T13:57:09.000Z</Time><Position><LatitudeDegrees>58.624149322509766</LatitudeDegrees><LongitudeDegrees>59.78842544555664</LongitudeDegrees></Position></Trackpoint><Trackpoint><Time>2026-08-11T13:57:09.000Z</Time><Position><LatitudeDegrees>58.62416076660156</LatitudeDegrees><LongitudeDegrees>59.78844451904297</LongitudeDegrees></Position></Trackpoint><Trackpoint><Time>2026-08-11T13:57:10.000Z</Time><Position><LatitudeDegrees>58.62417221069336</LatitudeDegrees><LongitudeDegrees>59.788455963134766</LongitudeDegrees></Position></Trackpoint><Trackpoint><Time>2026-08-11T13:57:11.000Z</Time><Position><LatitudeDegrees>58.62417984008789</LatitudeDegrees><LongitudeDegrees>59.78847122192383</LongitudeDegrees></Position></Trackpoint><Trackpoint><Time>2026-08-11T13:57:13.000Z</Time><Position><LatitudeDegrees>58.624165119713396</LatitudeDegrees><LongitudeDegrees>59.788449501430065</LongitudeDegrees></Position></Trackpoint><Trackpoint><Time>2026-08-11T13:57:14.000Z</Time><Position><LatitudeDegrees>58.62419128417969</LatitudeDegrees><LongitudeDegrees>59.78850555419922</LongitudeDegrees></Position></Trackpoint><Trackpoint><Time>2026-08-11T13:57:14.000Z</Time><Position><LatitudeDegrees>58.62419509887695</LatitudeDegrees><LongitudeDegrees>59.78852462768555</LongitudeDegrees></Position></Trackpoint><Trackpoint><Time>2026-08-11T13:57:15.000Z</Time><Position><LatitudeDegrees>58.624210357666016</LatitudeDegrees><LongitudeDegrees>59.788536071777344</LongitudeDegrees></Position></Trackpoint><Trackpoint><Time>2026-08-11T13:57:17.000Z</Time><Position><LatitudeDegrees>58.62422180175781</LatitudeDegrees><LongitudeDegrees>59.78855514526367</LongitudeDegrees></Position></Trackpoint><Trackpoint><Time>2026-08-11T13:57:17.000Z</Time><Position><LatitudeDegrees>58.624229431152344</LatitudeDegrees><LongitudeDegrees>59.78858184814453</LongitudeDegrees></Position></Trackpoint><Trackpoint><Time>2026-08-11T13:57:18.000Z</Time><Position><LatitudeDegrees>58.62424087524414</LatitudeDegrees><LongitudeDegrees>59.788604736328125</LongitudeDegrees></Position></Trackpoint><Trackpoint><Time>2026-08-11T13:57:19.000Z</Time><Position><LatitudeDegrees>58.62424850463867</LatitudeDegrees><LongitudeDegrees>59.78861999511719</LongitudeDegrees></Position></Trackpoint><Trackpoint><Time>2026-08-11T13:57:20.000Z</Time><Position><LatitudeDegrees>58.62425994873047</LatitudeDegrees><LongitudeDegrees>59.788639068603516</LongitudeDegrees></Position></Trackpoint><Trackpoint><Time>2026-08-11T13:57:21.000Z</Time><Position><LatitudeDegrees>58.624267578125</LatitudeDegrees><LongitudeDegrees>59.788658142089844</LongitudeDegrees></Position></Trackpoint><Trackpoint><Time>2026-08-11T13:57:22.000Z</Time><Position><LatitudeDegrees>58.62427520751953</LatitudeDegrees><LongitudeDegrees>59.78867721557617</LongitudeDegrees></Position></Trackpoint><Trackpoint><Time>2026-08-11T13:57:24.000Z</Time><Position><LatitudeDegrees>58.6242790222168</LatitudeDegrees><LongitudeDegrees>59.7886962890625</LongitudeDegrees></Position></Trackpoint><Trackpoint><Time>2026-08-11T13:57:25.000Z</Time><Position><LatitudeDegrees>58.624273814428236</LatitudeDegrees><LongitudeDegrees>59.788681149093584</LongitudeDegrees></Position></Trackpoint><Trackpoint><Time>2026-08-11T13:57:25.000Z</Time><Position><LatitudeDegrees>58.6242825319713</LatitudeDegrees><LongitudeDegrees>59.78869753693</LongitudeDegrees></Position></Trackpoint><Trackpoint><Time>2026-08-11T13:57:27.000Z</Time><Position><LatitudeDegrees>58.62430191040039</LatitudeDegrees><LongitudeDegrees>59.78875732421875</LongitudeDegrees></Position></Trackpoint><Trackpoint><Time>2026-08-11T13:57:27.000Z</Time><Position><LatitudeDegrees>58.624305725097656</LatitudeDegrees><LongitudeDegrees>59.788780212402344</LongitudeDegrees></Position></Trackpoint><Trackpoint><Time>2026-08-11T13:57:29.000Z</Time><Position><LatitudeDegrees>58.62431335449219</LatitudeDegrees><LongitudeDegrees>59.78880310058594</LongitudeDegrees></Position></Trackpoint><Trackpoint><Time>2026-08-11T13:57:29.000Z</Time><Position><LatitudeDegrees>58.62431716918945</LatitudeDegrees><LongitudeDegrees>59.78883361816406</LongitudeDegrees></Position></Trackpoint><Trackpoint><Time>2026-08-11T13:57:31.000Z</Time><Position><LatitudeDegrees>58.62432861328125</LatitudeDegrees><LongitudeDegrees>59.788848876953125</LongitudeDegrees></Position></Trackpoint><Trackpoint><Time>2026-08-11T13:57:32.000Z</Time><Position><LatitudeDegrees>58.62432217177261</LatitudeDegrees><LongitudeDegrees>59.788831443276806</LongitudeDegrees></Position></Trackpoint><Trackpoint><Time>2026-08-11T13:57:32.000Z</Time><Position><LatitudeDegrees>58.62434387207031</LatitudeDegrees><LongitudeDegrees>59.78889083862305</LongitudeDegrees></Position></Trackpoint><Trackpoint><Time>2026-08-11T13:57:33.000Z</Time><Position><LatitudeDegrees>58.624337829383855</LatitudeDegrees><LongitudeDegrees>59.78887351338963</LongitudeDegrees></Position></Trackpoint><Trackpoint><Time>2026-08-11T13:57:34.000Z</Time><Position><LatitudeDegrees>58.62436294555664</LatitudeDegrees><LongitudeDegrees>59.78892135620117</LongitudeDegrees></Position></Trackpoint><Trackpoint><Time>2026-08-11T13:57:35.000Z</Time><Position><LatitudeDegrees>58.62434828152146</LatitudeDegrees><LongitudeDegrees>59.788889099145145</LongitudeDegrees></Position></Trackpoint><Trackpoint><Time>2026-08-11T13:57:36.000Z</Time><Position><LatitudeDegrees>58.624385833740234</LatitudeDegrees><LongitudeDegrees>59.788909912109375</LongitudeDegrees></Position></Trackpoint><Trackpoint><Time>2026-08-11T13:57:38.000Z</Time><Position><LatitudeDegrees>58.62439727783203</LatitudeDegrees><LongitudeDegrees>59.788902282714844</LongitudeDegrees></Position></Trackpoint><Trackpoint><Time>2026-08-11T13:57:38.000Z</Time><Position><LatitudeDegrees>58.62440872192383</LatitudeDegrees><LongitudeDegrees>59.78889083862305</LongitudeDegrees></Position></Trackpoint><Trackpoint><Time>2026-08-11T13:57:40.000Z</Time><Position><LatitudeDegrees>58.62442398071289</LatitudeDegrees><LongitudeDegrees>59.788883209228516</LongitudeDegrees></Position></Trackpoint><Trackpoint><Time>2026-08-11T13:57:40.000Z</Time><Position><LatitudeDegrees>58.62441502681661</LatitudeDegrees><LongitudeDegrees>59.788888404229624</LongitudeDegrees></Position></Trackpoint><Trackpoint><Time>2026-08-11T13:57:41.000Z</Time><Position><LatitudeDegrees>58.62445068359375</LatitudeDegrees><LongitudeDegrees>59.78888702392578</LongitudeDegrees></Position></Trackpoint><Trackpoint><Time>2026-08-11T13:57:43.000Z</Time><Position><LatitudeDegrees>58.62445831298828</LatitudeDegrees><LongitudeDegrees>59.78889465332031</LongitudeDegrees></Position></Trackpoint><Trackpoint><Time>2026-08-11T13:57:43.000Z</Time><Position><LatitudeDegrees>58.6244392002221</LatitudeDegrees><LongitudeDegrees>59.78889333150774</LongitudeDegrees></Position></Trackpoint><Trackpoint><Time>2026-08-11T13:57:45.000Z</Time><Position><LatitudeDegrees>58.62446594238281</LatitudeDegrees><LongitudeDegrees>59.7889289855957</LongitudeDegrees></Position></Trackpoint><Trackpoint><Time>2026-08-11T13:57:46.000Z</Time><Position><LatitudeDegrees>58.62446594238281</LatitudeDegrees><LongitudeDegrees>59.7889518737793</LongitudeDegrees></Position></Trackpoint><Trackpoint><Time>2026-08-11T13:57:47.000Z</Time><Position><LatitudeDegrees>58.62446160796055</LatitudeDegrees><LongitudeDegrees>59.78894122447488</LongitudeDegrees></Position></Trackpoint><Trackpoint><Time>2026-08-11T13:57:48.000Z</Time><Position><LatitudeDegrees>58.62447738647461</LatitudeDegrees><LongitudeDegrees>59.78899383544922</LongitudeDegrees></Position></Trackpoint><Trackpoint><Time>2026-08-11T13:57:48.000Z</Time><Position><LatitudeDegrees>58.62447738647461</LatitudeDegrees><LongitudeDegrees>59.78901290893555</LongitudeDegrees></Position></Trackpoint><Trackpoint><Time>2026-08-11T13:57:49.000Z</Time><Position><LatitudeDegrees>58.62448501586914</LatitudeDegrees><LongitudeDegrees>59.789031982421875</LongitudeDegrees></Position></Trackpoint><Trackpoint><Time>2026-08-11T13:57:50.000Z</Time><Position><LatitudeDegrees>58.62448501586914</LatitudeDegrees><LongitudeDegrees>59.78904342651367</LongitudeDegrees></Position></Trackpoint><Trackpoint><Time>2026-08-11T13:57:51.000Z</Time><Position><LatitudeDegrees>58.62449645996094</LatitudeDegrees><LongitudeDegrees>59.78907012939453</LongitudeDegrees></Position></Trackpoint><Trackpoint><Time>2026-08-11T13:57:52.000Z</Time><Position><LatitudeDegrees>58.624507904052734</LatitudeDegrees><LongitudeDegrees>59.789093017578125</LongitudeDegrees></Position></Trackpoint><Trackpoint><Time>2026-08-11T13:57:54.000Z</Time><Position><LatitudeDegrees>58.62451171875</LatitudeDegrees><LongitudeDegrees>59.78911209106445</LongitudeDegrees></Position></Trackpoint><Trackpoint><Time>2026-08-11T13:57:55.000Z</Time><Position><LatitudeDegrees>58.62451934814453</LatitudeDegrees><LongitudeDegrees>59.78913497924805</LongitudeDegrees></Position></Trackpoint><Trackpoint><Time>2026-08-11T13:57:55.000Z</Time><Position><LatitudeDegrees>58.6245231628418</LatitudeDegrees><LongitudeDegrees>59.78915786743164</LongitudeDegrees></Position></Trackpoint><Trackpoint><Time>2026-08-11T13:57:57.000Z</Time><Position><LatitudeDegrees>58.62453079223633</LatitudeDegrees><LongitudeDegrees>59.78917694091797</LongitudeDegrees></Position></Trackpoint><Trackpoint><Time>2026-08-11T13:57:58.000Z</Time><Position><LatitudeDegrees>58.62453842163086</LatitudeDegrees><LongitudeDegrees>59.7891960144043</LongitudeDegrees></Position></Trackpoint><Trackpoint><Time>2026-08-11T13:57:58.000Z</Time><Position><LatitudeDegrees>58.62454605102539</LatitudeDegrees><LongitudeDegrees>59.789215087890625</LongitudeDegrees></Position></Trackpoint><Trackpoint><Time>2026-08-11T13:58:00.000Z</Time><Position><LatitudeDegrees>58.62455368041992</LatitudeDegrees><LongitudeDegrees>59.78924560546875</LongitudeDegrees></Position></Trackpoint><Trackpoint><Time>2026-08-11T13:58:01.000Z</Time><Position><LatitudeDegrees>58.62455749511719</LatitudeDegrees><LongitudeDegrees>59.78927230834961</LongitudeDegrees></Position></Trackpoint><Trackpoint><Time>2026-08-11T13:58:01.000Z</Time><Position><LatitudeDegrees>58.62456512451172</LatitudeDegrees><LongitudeDegrees>59.78929138183594</LongitudeDegrees></Position></Trackpoint><Trackpoint><Time>2026-08-11T13:58:03.000Z</Time><Position><LatitudeDegrees>58.62457275390625</LatitudeDegrees><LongitudeDegrees>59.789310455322266</LongitudeDegrees></Position></Trackpoint><Trackpoint><Time>2026-08-11T13:58:03.000Z</Time><Position><LatitudeDegrees>58.62456609065438</LatitudeDegrees><LongitudeDegrees>59.78929541392707</LongitudeDegrees></Position></Trackpoint><Trackpoint><Time>2026-08-11T13:58:04.000Z</Time><Position><LatitudeDegrees>58.62458419799805</LatitudeDegrees><LongitudeDegrees>59.78934860229492</LongitudeDegrees></Position></Trackpoint><Trackpoint><Time>2026-08-11T13:58:06.000Z</Time><Position><LatitudeDegrees>58.62457947453586</LatitudeDegrees><LongitudeDegrees>59.7893321643599</LongitudeDegrees></Position></Trackpoint><Trackpoint><Time>2026-08-11T13:58:06.000Z</Time><Position><LatitudeDegrees>58.624603271484375</LatitudeDegrees><LongitudeDegrees>59.78938293457031</LongitudeDegrees></Position></Trackpoint><Trackpoint><Time>2026-08-11T13:58:07.000Z</Time><Position><LatitudeDegrees>58.62458960612136</LatitudeDegrees><LongitudeDegrees>59.789351327070406</LongitudeDegrees></Position></Trackpoint><Trackpoint><Time>2026-08-11T13:58:09.000Z</Time><Position><LatitudeDegrees>58.62462615966797</LatitudeDegrees><LongitudeDegrees>59.78940200805664</LongitudeDegrees></Position></Trackpoint><Trackpoint><Time>2026-08-11T13:58:10.000Z</Time><Position><LatitudeDegrees>58.62464141845703</LatitudeDegrees><LongitudeDegrees>59.789405822753906</LongitudeDegrees></Position></Trackpoint><Trackpoint><Time>2026-08-11T13:58:11.000Z</Time><Position><LatitudeDegrees>58.624630940184595</LatitudeDegrees><LongitudeDegrees>59.78939359049756</LongitudeDegrees></Position></Trackpoint><Trackpoint><Time>2026-08-11T13:58:12.000Z</Time><Position><LatitudeDegrees>58.62464697816198</LatitudeDegrees><LongitudeDegrees>59.78940458266465</LongitudeDegrees></Position></Trackpoint><Trackpoint><Time>2026-08-11T13:58:13.000Z</Time><Position><LatitudeDegrees>58.62468338012695</LatitudeDegrees><LongitudeDegrees>59.789424896240234</LongitudeDegrees></Position></Trackpoint><Trackpoint><Time>2026-08-11T13:58:13.000Z</Time><Position><LatitudeDegrees>58.62469482421875</LatitudeDegrees><LongitudeDegrees>59.7894287109375</LongitudeDegrees></Position></Trackpoint><Trackpoint><Time>2026-08-11T13:58:15.000Z</Time><Position><LatitudeDegrees>58.62470626831055</LatitudeDegrees><LongitudeDegrees>59.789424896240234</LongitudeDegrees></Position></Trackpoint><Trackpoint><Time>2026-08-11T13:58:16.000Z</Time><Position><LatitudeDegrees>58.62472152709961</LatitudeDegrees><LongitudeDegrees>59.7894287109375</LongitudeDegrees></Position></Trackpoint><Trackpoint><Time>2026-08-11T13:58:16.000Z</Time><Position><LatitudeDegrees>58.62470121417983</LatitudeDegrees><LongitudeDegrees>59.78942378637349</LongitudeDegrees></Position></Trackpoint><Trackpoint><Time>2026-08-11T13:58:17.000Z</Time><Position><LatitudeDegrees>58.62474060058594</LatitudeDegrees><LongitudeDegrees>59.789432525634766</LongitudeDegrees></Position></Trackpoint><Trackpoint><Time>2026-08-11T13:58:19.000Z</Time><Position><LatitudeDegrees>58.624752044677734</LatitudeDegrees><LongitudeDegrees>59.789432525634766</LongitudeDegrees></Position></Trackpoint><Trackpoint><Time>2026-08-11T13:58:20.000Z</Time><Position><LatitudeDegrees>58.62476348876953</LatitudeDegrees><LongitudeDegrees>59.789432525634766</LongitudeDegrees></Position></Trackpoint><Trackpoint><Time>2026-08-11T13:58:20.000Z</Time><Position><LatitudeDegrees>58.62478256225586</LatitudeDegrees><LongitudeDegrees>59.789432525634766</LongitudeDegrees></Position></Trackpoint><Trackpoint><Time>2026-08-11T13:58:22.000Z</Time><Position><LatitudeDegrees>58.624786376953125</LatitudeDegrees><LongitudeDegrees>59.789424896240234</LongitudeDegrees></Position></Trackpoint><Trackpoint><Time>2026-08-11T13:58:22.000Z</Time><Position><LatitudeDegrees>58.624771030294596</LatitudeDegrees><LongitudeDegrees>59.78942938586096</LongitudeDegrees></Position></Trackpoint><Trackpoint><Time>2026-08-11T13:58:23.000Z</Time><Position><LatitudeDegrees>58.62480545043945</LatitudeDegrees><LongitudeDegrees>59.78944778442383</LongitudeDegrees></Position></Trackpoint><Trackpoint><Time>2026-08-11T13:58:24.000Z</Time><Position><LatitudeDegrees>58.6247953750085</LatitudeDegrees><LongitudeDegrees>59.78944704050296</LongitudeDegrees></Position></Trackpoint><Trackpoint><Time>2026-08-11T13:58:25.000Z</Time><Position><LatitudeDegrees>58.624820709228516</LatitudeDegrees><LongitudeDegrees>59.789485931396484</LongitudeDegrees></Position></Trackpoint><Trackpoint><Time>2026-08-11T13:58:26.000Z</Time><Position><LatitudeDegrees>58.62482833862305</LatitudeDegrees><LongitudeDegrees>59.78949737548828</LongitudeDegrees></Position></Trackpoint><Trackpoint><Time>2026-08-11T13:58:28.000Z</Time><Position><LatitudeDegrees>58.62481673939986</LatitudeDegrees><LongitudeDegrees>59.789478519956994</LongitudeDegrees></Position></Trackpoint><Trackpoint><Time>2026-08-11T13:58:28.000Z</Time><Position><LatitudeDegrees>58.62485122680664</LatitudeDegrees><LongitudeDegrees>59.78950500488281</LongitudeDegrees></Position></Trackpoint><Trackpoint><Time>2026-08-11T13:58:29.000Z</Time><Position><LatitudeDegrees>58.624855041503906</LatitudeDegrees><LongitudeDegrees>59.78950119018555</LongitudeDegrees></Position></Trackpoint><Trackpoint><Time>2026-08-11T13:58:31.000Z</Time><Position><LatitudeDegrees>58.62485885620117</LatitudeDegrees><LongitudeDegrees>59.789512634277344</LongitudeDegrees></Position></Trackpoint><Trackpoint><Time>2026-08-11T13:58:32.000Z</Time><Position><LatitudeDegrees>58.6248664855957</LatitudeDegrees><LongitudeDegrees>59.78951644897461</LongitudeDegrees></Position></Trackpoint><Trackpoint><Time>2026-08-11T13:58:33.000Z</Time><Position><LatitudeDegrees>58.624874114990234</LatitudeDegrees><LongitudeDegrees>59.789527893066406</LongitudeDegrees></Position></Trackpoint><Trackpoint><Time>2026-08-11T13:58:34.000Z</Time><Position><LatitudeDegrees>58.6248893737793</LatitudeDegrees><LongitudeDegrees>59.78953170776367</LongitudeDegrees></Position></Trackpoint><Trackpoint><Time>2026-08-11T13:58:35.000Z</Time><Position><LatitudeDegrees>58.62490463256836</LatitudeDegrees><LongitudeDegrees>59.78953552246094</LongitudeDegrees></Position></Trackpoint><Trackpoint><Time>2026-08-11T13:58:36.000Z</Time><Position><LatitudeDegrees>58.624916076660156</LatitudeDegrees><LongitudeDegrees>59.78954315185547</LongitudeDegrees></Position></Trackpoint><Trackpoint><Time>2026-08-11T13:58:37.000Z</Time><Position><LatitudeDegrees>58.62492752075195</LatitudeDegrees><LongitudeDegrees>59.789554595947266</LongitudeDegrees></Position></Trackpoint><Trackpoint><Time>2026-08-11T13:58:38.000Z</Time><Position><LatitudeDegrees>58.624908790833125</LatitudeDegrees><LongitudeDegrees>59.789541461857965</LongitudeDegrees></Position></Trackpoint><Trackpoint><Time>2026-08-11T13:58:39.000Z</Time><Position><LatitudeDegrees>58.62491226196289</LatitudeDegrees><LongitudeDegrees>59.78955841064453</LongitudeDegrees></Position></Trackpoint><Trackpoint><Time>2026-08-11T13:58:40.000Z</Time><Position><LatitudeDegrees>58.62490673250339</LatitudeDegrees><LongitudeDegrees>59.789555530501545</LongitudeDegrees></Position></Trackpoint><Trackpoint><Time>2026-08-11T13:58:41.000Z</Time><Position><LatitudeDegrees>58.624881744384766</LatitudeDegrees><LongitudeDegrees>59.78956985473633</LongitudeDegrees></Position></Trackpoint><Trackpoint><Time>2026-08-11T13:58:42.000Z</Time><Position><LatitudeDegrees>58.6248779296875</LatitudeDegrees><LongitudeDegrees>59.78957748413086</LongitudeDegrees></Position></Trackpoint><Trackpoint><Time>2026-08-11T13:58:43.000Z</Time><Position><LatitudeDegrees>58.624881744384766</LatitudeDegrees><LongitudeDegrees>59.789573669433594</LongitudeDegrees></Position></Trackpoint><Trackpoint><Time>2026-08-11T13:58:44.000Z</Time><Position><LatitudeDegrees>58.624886836325395</LatitudeDegrees><LongitudeDegrees>59.789569338314465</LongitudeDegrees></Position></Trackpoint><Trackpoint><Time>2026-08-11T13:58:45.000Z</Time><Position><LatitudeDegrees>58.62488555908203</LatitudeDegrees><LongitudeDegrees>59.78956604003906</LongitudeDegrees></Position></Trackpoint><Trackpoint><Time>2026-08-11T13:58:46.000Z</Time><Position><LatitudeDegrees>58.62489318847656</LatitudeDegrees><LongitudeDegrees>59.78956985473633</LongitudeDegrees></Position></Trackpoint><Trackpoint><Time>2026-08-11T13:58:47.000Z</Time><Position><LatitudeDegrees>58.62489318847656</LatitudeDegrees><LongitudeDegrees>59.7895622253418</LongitudeDegrees></Position></Trackpoint><Trackpoint><Time>2026-08-11T13:58:48.000Z</Time><Position><LatitudeDegrees>58.62490463256836</LatitudeDegrees><LongitudeDegrees>59.78956604003906</LongitudeDegrees></Position></Trackpoint><Trackpoint><Time>2026-08-11T13:58:49.000Z</Time><Position><LatitudeDegrees>58.624908447265625</LatitudeDegrees><LongitudeDegrees>59.78955841064453</LongitudeDegrees></Position></Trackpoint><Trackpoint><Time>2026-08-11T13:58:50.000Z</Time><Position><LatitudeDegrees>58.62490713637916</LatitudeDegrees><LongitudeDegrees>59.78956317790395</LongitudeDegrees></Position></Trackpoint><Trackpoint><Time>2026-08-11T13:58:51.000Z</Time><Position><LatitudeDegrees>58.62491021957715</LatitudeDegrees><LongitudeDegrees>59.7895698702679</LongitudeDegrees></Position></Trackpoint><Trackpoint><Time>2026-08-11T13:58:52.000Z</Time><Position><LatitudeDegrees>58.624935150146484</LatitudeDegrees><LongitudeDegrees>59.78961181640625</LongitudeDegrees></Position></Trackpoint><Trackpoint><Time>2026-08-11T13:58:53.000Z</Time><Position><LatitudeDegrees>58.62495803833008</LatitudeDegrees><LongitudeDegrees>59.78961944580078</LongitudeDegrees></Position></Trackpoint><Trackpoint><Time>2026-08-11T13:58:54.000Z</Time><Position><LatitudeDegrees>58.62496566772461</LatitudeDegrees><LongitudeDegrees>59.78963088989258</LongitudeDegrees></Position></Trackpoint><Trackpoint><Time>2026-08-11T13:58:56.000Z</Time><Position><LatitudeDegrees>58.62499237060547</LatitudeDegrees><LongitudeDegrees>59.789649963378906</LongitudeDegrees></Position></Trackpoint><Trackpoint><Time>2026-08-11T13:58:56.000Z</Time><Position><LatitudeDegrees>58.624977111816406</LatitudeDegrees><LongitudeDegrees>59.789649963378906</LongitudeDegrees></Position></Trackpoint><Trackpoint><Time>2026-08-11T13:58:58.000Z</Time><Position><LatitudeDegrees>58.62498092651367</LatitudeDegrees><LongitudeDegrees>59.789649963378906</LongitudeDegrees></Position></Trackpoint><Trackpoint><Time>2026-08-11T13:58:59.000Z</Time><Position><LatitudeDegrees>58.62497804588368</LatitudeDegrees><LongitudeDegrees>59.78964716953344</LongitudeDegrees></Position></Trackpoint><Trackpoint><Time>2026-08-11T13:58:59.000Z</Time><Position><LatitudeDegrees>58.62498599318306</LatitudeDegrees><LongitudeDegrees>59.789650897973104</LongitudeDegrees></Position></Trackpoint><Trackpoint><Time>2026-08-11T13:59:00.000Z</Time><Position><LatitudeDegrees>58.62500762939453</LatitudeDegrees><LongitudeDegrees>59.78965759277344</LongitudeDegrees></Position></Trackpoint><Trackpoint><Time>2026-08-11T13:59:01.000Z</Time><Position><LatitudeDegrees>58.62501907348633</LatitudeDegrees><LongitudeDegrees>59.78965377807617</LongitudeDegrees></Position></Trackpoint><Trackpoint><Time>2026-08-11T13:59:02.000Z</Time><Position><LatitudeDegrees>58.62502670288086</LatitudeDegrees><LongitudeDegrees>59.78965377807617</LongitudeDegrees></Position></Trackpoint><Trackpoint><Time>2026-08-11T13:59:03.000Z</Time><Position><LatitudeDegrees>58.62504196166992</LatitudeDegrees><LongitudeDegrees>59.789649963378906</LongitudeDegrees></Position></Trackpoint><Trackpoint><Time>2026-08-11T13:59:04.000Z</Time><Position><LatitudeDegrees>58.62506103515625</LatitudeDegrees><LongitudeDegrees>59.789642333984375</LongitudeDegrees></Position></Trackpoint><Trackpoint><Time>2026-08-11T13:59:06.000Z</Time><Position><LatitudeDegrees>58.62508010864258</LatitudeDegrees><LongitudeDegrees>59.78963851928711</LongitudeDegrees></Position></Trackpoint><Trackpoint><Time>2026-08-11T13:59:07.000Z</Time><Position><LatitudeDegrees>58.62509536743164</LatitudeDegrees><LongitudeDegrees>59.78963851928711</LongitudeDegrees></Position></Trackpoint><Trackpoint><Time>2026-08-11T13:59:07.000Z</Time><Position><LatitudeDegrees>58.62510681152344</LatitudeDegrees><LongitudeDegrees>59.789634704589844</LongitudeDegrees></Position></Trackpoint><Trackpoint><Time>2026-08-11T13:59:09.000Z</Time><Position><LatitudeDegrees>58.62509462402656</LatitudeDegrees><LongitudeDegrees>59.789637961449706</LongitudeDegrees></Position></Trackpoint><Trackpoint><Time>2026-08-11T13:59:10.000Z</Time><Position><LatitudeDegrees>58.625125885009766</LatitudeDegrees><LongitudeDegrees>59.78964614868164</LongitudeDegrees></Position></Trackpoint><Trackpoint><Time>2026-08-11T13:59:11.000Z</Time><Position><LatitudeDegrees>58.62513732910156</LatitudeDegrees><LongitudeDegrees>59.78963851928711</LongitudeDegrees></Position></Trackpoint><Trackpoint><Time>2026-08-11T13:59:12.000Z</Time><Position><LatitudeDegrees>58.625144958496094</LatitudeDegrees><LongitudeDegrees>59.789649963378906</LongitudeDegrees></Position></Trackpoint><Trackpoint><Time>2026-08-11T13:59:14.000Z</Time><Position><LatitudeDegrees>58.625160217285156</LatitudeDegrees><LongitudeDegrees>59.789649963378906</LongitudeDegrees></Position></Trackpoint><Trackpoint><Time>2026-08-11T13:59:15.000Z</Time><Position><LatitudeDegrees>58.62514315769832</LatitudeDegrees><LongitudeDegrees>59.78964542493237</LongitudeDegrees></Position></Trackpoint><Trackpoint><Time>2026-08-11T13:59:15.000Z</Time><Position><LatitudeDegrees>58.625186920166016</LatitudeDegrees><LongitudeDegrees>59.789642333984375</LongitudeDegrees></Position></Trackpoint><Trackpoint><Time>2026-08-11T13:59:17.000Z</Time><Position><LatitudeDegrees>58.62520217895508</LatitudeDegrees><LongitudeDegrees>59.78963851928711</LongitudeDegrees></Position></Trackpoint><Trackpoint><Time>2026-08-11T13:59:18.000Z</Time><Position><LatitudeDegrees>58.62521743774414</LatitudeDegrees><LongitudeDegrees>59.78963088989258</LongitudeDegrees></Position></Trackpoint><Trackpoint><Time>2026-08-11T13:59:19.000Z</Time><Position><LatitudeDegrees>58.6252326965332</LatitudeDegrees><LongitudeDegrees>59.78962707519531</LongitudeDegrees></Position></Trackpoint><Trackpoint><Time>2026-08-11T13:59:19.000Z</Time><Position><LatitudeDegrees>58.625247955322266</LatitudeDegrees><LongitudeDegrees>59.78962326049805</LongitudeDegrees></Position></Trackpoint><Trackpoint><Time>2026-08-11T13:59:21.000Z</Time><Position><LatitudeDegrees>58.62522567665276</LatitudeDegrees><LongitudeDegrees>59.78962935820347</LongitudeDegrees></Position></Trackpoint><Trackpoint><Time>2026-08-11T13:59:21.000Z</Time><Position><LatitudeDegrees>58.625267028808594</LatitudeDegrees><LongitudeDegrees>59.78962707519531</LongitudeDegrees></Position></Trackpoint><Trackpoint><Time>2026-08-11T13:59:23.000Z</Time><Position><LatitudeDegrees>58.62527847290039</LatitudeDegrees><LongitudeDegrees>59.789634704589844</LongitudeDegrees></Position></Trackpoint><Trackpoint><Time>2026-08-11T13:59:24.000Z</Time><Position><LatitudeDegrees>58.62528991699219</LatitudeDegrees><LongitudeDegrees>59.78963851928711</LongitudeDegrees></Position></Trackpoint><Trackpoint><Time>2026-08-11T13:59:25.000Z</Time><Position><LatitudeDegrees>58.62529373168945</LatitudeDegrees><LongitudeDegrees>59.78963851928711</LongitudeDegrees></Position></Trackpoint><Trackpoint><Time>2026-08-11T13:59:26.000Z</Time><Position><LatitudeDegrees>58.62528057067559</LatitudeDegrees><LongitudeDegrees>59.78963468627517</LongitudeDegrees></Position></Trackpoint><Trackpoint><Time>2026-08-11T13:59:26.000Z</Time><Position><LatitudeDegrees>58.62531280517578</LatitudeDegrees><LongitudeDegrees>59.78962707519531</LongitudeDegrees></Position></Trackpoint><Trackpoint><Time>2026-08-11T13:59:27.000Z</Time><Position><LatitudeDegrees>58.62532043457031</LatitudeDegrees><LongitudeDegrees>59.789634704589844</LongitudeDegrees></Position></Trackpoint><Trackpoint><Time>2026-08-11T13:59:29.000Z</Time><Position><LatitudeDegrees>58.62533187866211</LatitudeDegrees><LongitudeDegrees>59.789634704589844</LongitudeDegrees></Position></Trackpoint><Trackpoint><Time>2026-08-11T13:59:29.000Z</Time><Position><LatitudeDegrees>58.62534713745117</LatitudeDegrees><LongitudeDegrees>59.78961181640625</LongitudeDegrees></Position></Trackpoint><Trackpoint><Time>2026-08-11T13:59:30.000Z</Time><Position><LatitudeDegrees>58.62535858154297</LatitudeDegrees><LongitudeDegrees>59.78961181640625</LongitudeDegrees></Position></Trackpoint><Trackpoint><Time>2026-08-11T13:59:31.000Z</Time><Position><LatitudeDegrees>58.6253776550293</LatitudeDegrees><LongitudeDegrees>59.78961181640625</LongitudeDegrees></Position></Trackpoint><Trackpoint><Time>2026-08-11T13:59:33.000Z</Time><Position><LatitudeDegrees>58.625389099121094</LatitudeDegrees><LongitudeDegrees>59.789615631103516</LongitudeDegrees></Position></Trackpoint><Trackpoint><Time>2026-08-11T13:59:34.000Z</Time><Position><LatitudeDegrees>58.62540054321289</LatitudeDegrees><LongitudeDegrees>59.789615631103516</LongitudeDegrees></Position></Trackpoint><Trackpoint><Time>2026-08-11T13:59:35.000Z</Time><Position><LatitudeDegrees>58.625382703197594</LatitudeDegrees><LongitudeDegrees>59.78961582885015</LongitudeDegrees></Position></Trackpoint><Trackpoint><Time>2026-08-11T13:59:35.000Z</Time><Position><LatitudeDegrees>58.62542724609375</LatitudeDegrees><LongitudeDegrees>59.78959655761719</LongitudeDegrees></Position></Trackpoint><Trackpoint><Time>2026-08-11T13:59:36.000Z</Time><Position><LatitudeDegrees>58.62543869018555</LatitudeDegrees><LongitudeDegrees>59.78958511352539</LongitudeDegrees></Position></Trackpoint><Trackpoint><Time>2026-08-11T13:59:37.000Z</Time><Position><LatitudeDegrees>58.625450134277344</LatitudeDegrees><LongitudeDegrees>59.78957748413086</LongitudeDegrees></Position></Trackpoint><Trackpoint><Time>2026-08-11T13:59:38.000Z</Time><Position><LatitudeDegrees>58.62545394897461</LatitudeDegrees><LongitudeDegrees>59.789573669433594</LongitudeDegrees></Position></Trackpoint><Trackpoint><Time>2026-08-11T13:59:39.000Z</Time><Position><LatitudeDegrees>58.62544029857305</LatitudeDegrees><LongitudeDegrees>59.78958349595593</LongitudeDegrees></Position></Trackpoint><Trackpoint><Time>2026-08-11T13:59:41.000Z</Time><Position><LatitudeDegrees>58.62548065185547</LatitudeDegrees><LongitudeDegrees>59.789573669433594</LongitudeDegrees></Position></Trackpoint><Trackpoint><Time>2026-08-11T13:59:42.000Z</Time><Position><LatitudeDegrees>58.62549591064453</LatitudeDegrees><LongitudeDegrees>59.78958511352539</LongitudeDegrees></Position></Trackpoint><Trackpoint><Time>2026-08-11T13:59:43.000Z</Time><Position><LatitudeDegrees>58.625511169433594</LatitudeDegrees><LongitudeDegrees>59.789573669433594</LongitudeDegrees></Position></Trackpoint><Trackpoint><Time>2026-08-11T13:59:44.000Z</Time><Position><LatitudeDegrees>58.62553024291992</LatitudeDegrees><LongitudeDegrees>59.78956604003906</LongitudeDegrees></Position></Trackpoint><Trackpoint><Time>2026-08-11T13:59:45.000Z</Time><Position><LatitudeDegrees>58.62554931640625</LatitudeDegrees><LongitudeDegrees>59.78955841064453</LongitudeDegrees></Position></Trackpoint><Trackpoint><Time>2026-08-11T13:59:46.000Z</Time><Position><LatitudeDegrees>58.62553481945332</LatitudeDegrees><LongitudeDegrees>59.78956358417491</LongitudeDegrees></Position></Trackpoint><Trackpoint><Time>2026-08-11T13:59:47.000Z</Time><Position><LatitudeDegrees>58.62554022504588</LatitudeDegrees><LongitudeDegrees>59.78956335060767</LongitudeDegrees></Position></Trackpoint><Trackpoint><Time>2026-08-11T13:59:48.000Z</Time><Position><LatitudeDegrees>58.62555441524792</LatitudeDegrees><LongitudeDegrees>59.789565680760994</LongitudeDegrees></Position></Trackpoint><Trackpoint><Time>2026-08-11T13:59:48.000Z</Time><Position><LatitudeDegrees>58.62559127807617</LatitudeDegrees><LongitudeDegrees>59.78957748413086</LongitudeDegrees></Position></Trackpoint><Trackpoint><Time>2026-08-11T13:59:50.000Z</Time><Position><LatitudeDegrees>58.62560272216797</LatitudeDegrees><LongitudeDegrees>59.78959274291992</LongitudeDegrees></Position></Trackpoint><Trackpoint><Time>2026-08-11T13:59:51.000Z</Time><Position><LatitudeDegrees>58.625589633242235</LatitudeDegrees><LongitudeDegrees>59.789584705962284</LongitudeDegrees></Position></Trackpoint><Trackpoint><Time>2026-08-11T13:59:52.000Z</Time><Position><LatitudeDegrees>58.62560084295732</LatitudeDegrees><LongitudeDegrees>59.78958753972445</LongitudeDegrees></Position></Trackpoint><Trackpoint><Time>2026-08-11T13:59:53.000Z</Time><Position><LatitudeDegrees>58.625633239746094</LatitudeDegrees><LongitudeDegrees>59.78958511352539</LongitudeDegrees></Position></Trackpoint><Trackpoint><Time>2026-08-11T13:59:53.000Z</Time><Position><LatitudeDegrees>58.62564468383789</LatitudeDegrees><LongitudeDegrees>59.789588928222656</LongitudeDegrees></Position></Trackpoint><Trackpoint><Time>2026-08-11T13:59:54.000Z</Time><Position><LatitudeDegrees>58.62563224064722</LatitudeDegrees><LongitudeDegrees>59.789587517800456</LongitudeDegrees></Position></Trackpoint><Trackpoint><Time>2026-08-11T13:59:56.000Z</Time><Position><LatitudeDegrees>58.625667572021484</LatitudeDegrees><LongitudeDegrees>59.789588928222656</LongitudeDegrees></Position></Trackpoint><Trackpoint><Time>2026-08-11T13:59:57.000Z</Time><Position><LatitudeDegrees>58.62568664550781</LatitudeDegrees><LongitudeDegrees>59.78958511352539</LongitudeDegrees></Position></Trackpoint><Trackpoint><Time>2026-08-11T13:59:57.000Z</Time><Position><LatitudeDegrees>58.625701904296875</LatitudeDegrees><LongitudeDegrees>59.789581298828125</LongitudeDegrees></Position></Trackpoint><Trackpoint><Time>2026-08-11T13:59:58.000Z</Time><Position><LatitudeDegrees>58.62571716308594</LatitudeDegrees><LongitudeDegrees>59.78957748413086</LongitudeDegrees></Position></Trackpoint><Trackpoint><Time>2026-08-11T14:00:00.000Z</Time><Position><LatitudeDegrees>58.625728607177734</LatitudeDegrees><LongitudeDegrees>59.789581298828125</LongitudeDegrees></Position></Trackpoint><Trackpoint><Time>2026-08-11T14:00:00.000Z</Time><Position><LatitudeDegrees>58.6257438659668</LatitudeDegrees><LongitudeDegrees>59.78958511352539</LongitudeDegrees></Position></Trackpoint><Trackpoint><Time>2026-08-11T14:00:01.000Z</Time><Position><LatitudeDegrees>58.62575912475586</LatitudeDegrees><LongitudeDegrees>59.789581298828125</LongitudeDegrees></Position></Trackpoint><Trackpoint><Time>2026-08-11T14:00:02.000Z</Time><Position><LatitudeDegrees>58.62576675415039</LatitudeDegrees><LongitudeDegrees>59.78958511352539</LongitudeDegrees></Position></Trackpoint><Trackpoint><Time>2026-08-11T14:00:04.000Z</Time><Position><LatitudeDegrees>58.62578201293945</LatitudeDegrees><LongitudeDegrees>59.78958511352539</LongitudeDegrees></Position></Trackpoint><Trackpoint><Time>2026-08-11T14:00:05.000Z</Time><Position><LatitudeDegrees>58.62579345703125</LatitudeDegrees><LongitudeDegrees>59.78958511352539</LongitudeDegrees></Position></Trackpoint><Trackpoint><Time>2026-08-11T14:00:05.000Z</Time><Position><LatitudeDegrees>58.62580490112305</LatitudeDegrees><LongitudeDegrees>59.789588928222656</LongitudeDegrees></Position></Trackpoint><Trackpoint><Time>2026-08-11T14:00:07.000Z</Time><Position><LatitudeDegrees>58.62582015991211</LatitudeDegrees><LongitudeDegrees>59.78958511352539</LongitudeDegrees></Position></Trackpoint><Trackpoint><Time>2026-08-11T14:00:08.000Z</Time><Position><LatitudeDegrees>58.625831604003906</LatitudeDegrees><LongitudeDegrees>59.789581298828125</LongitudeDegrees></Position></Trackpoint><Trackpoint><Time>2026-08-11T14:00:09.000Z</Time><Position><LatitudeDegrees>58.62584686279297</LatitudeDegrees><LongitudeDegrees>59.789581298828125</LongitudeDegrees></Position></Trackpoint><Trackpoint><Time>2026-08-11T14:00:09.000Z</Time><Position><LatitudeDegrees>58.62586212158203</LatitudeDegrees><LongitudeDegrees>59.789573669433594</LongitudeDegrees></Position></Trackpoint><Trackpoint><Time>2026-08-11T14:00:11.000Z</Time><Position><LatitudeDegrees>58.62584243647184</LatitudeDegrees><LongitudeDegrees>59.78957846128636</LongitudeDegrees></Position></Trackpoint><Trackpoint><Time>2026-08-11T14:00:12.000Z</Time><Position><LatitudeDegrees>58.62588882446289</LatitudeDegrees><LongitudeDegrees>59.789581298828125</LongitudeDegrees></Position></Trackpoint><Trackpoint><Time>2026-08-11T14:00:12.000Z</Time><Position><LatitudeDegrees>58.62590026855469</LatitudeDegrees><LongitudeDegrees>59.78959655761719</LongitudeDegrees></Position></Trackpoint><Trackpoint><Time>2026-08-11T14:00:14.000Z</Time><Position><LatitudeDegrees>58.62591552734375</LatitudeDegrees><LongitudeDegrees>59.78960418701172</LongitudeDegrees></Position></Trackpoint><Trackpoint><Time>2026-08-11T14:00:14.000Z</Time><Position><LatitudeDegrees>58.625938415527344</LatitudeDegrees><LongitudeDegrees>59.78961181640625</LongitudeDegrees></Position></Trackpoint><Trackpoint><Time>2026-08-11T14:00:16.000Z</Time><Position><LatitudeDegrees>58.62591201853609</LatitudeDegrees><LongitudeDegrees>59.78959931794695</LongitudeDegrees></Position></Trackpoint><Trackpoint><Time>2026-08-11T14:00:17.000Z</Time><Position><LatitudeDegrees>58.62595748901367</LatitudeDegrees><LongitudeDegrees>59.78959655761719</LongitudeDegrees></Position></Trackpoint><Trackpoint><Time>2026-08-11T14:00:17.000Z</Time><Position><LatitudeDegrees>58.62596893310547</LatitudeDegrees><LongitudeDegrees>59.78960037231445</LongitudeDegrees></Position></Trackpoint><Trackpoint><Time>2026-08-11T14:00:18.000Z</Time><Position><LatitudeDegrees>58.625980377197266</LatitudeDegrees><LongitudeDegrees>59.78959655761719</LongitudeDegrees></Position></Trackpoint><Trackpoint><Time>2026-08-11T14:00:20.000Z</Time><Position><LatitudeDegrees>58.62600326538086</LatitudeDegrees><LongitudeDegrees>59.78959274291992</LongitudeDegrees></Position></Trackpoint><Trackpoint><Time>2026-08-11T14:00:21.000Z</Time><Position><LatitudeDegrees>58.626014709472656</LatitudeDegrees><LongitudeDegrees>59.78958511352539</LongitudeDegrees></Position></Trackpoint><Trackpoint><Time>2026-08-11T14:00:21.000Z</Time><Position><LatitudeDegrees>58.62602996826172</LatitudeDegrees><LongitudeDegrees>59.78958511352539</LongitudeDegrees></Position></Trackpoint><Trackpoint><Time>2026-08-11T14:00:23.000Z</Time><Position><LatitudeDegrees>58.62603759765625</LatitudeDegrees><LongitudeDegrees>59.78958511352539</LongitudeDegrees></Position></Trackpoint><Trackpoint><Time>2026-08-11T14:00:24.000Z</Time><Position><LatitudeDegrees>58.62604522705078</LatitudeDegrees><LongitudeDegrees>59.789581298828125</LongitudeDegrees></Position></Trackpoint><Trackpoint><Time>2026-08-11T14:00:24.000Z</Time><Position><LatitudeDegrees>58.62604904174805</LatitudeDegrees><LongitudeDegrees>59.78957748413086</LongitudeDegrees></Position></Trackpoint><Trackpoint><Time>2026-08-11T14:00:26.000Z</Time><Position><LatitudeDegrees>58.626060485839844</LatitudeDegrees><LongitudeDegrees>59.78957748413086</LongitudeDegrees></Position></Trackpoint><Trackpoint><Time>2026-08-11T14:00:27.000Z</Time><Position><LatitudeDegrees>58.62608337402344</LatitudeDegrees><LongitudeDegrees>59.78958511352539</LongitudeDegrees></Position></Trackpoint><Trackpoint><Time>2026-08-11T14:00:27.000Z</Time><Position><LatitudeDegrees>58.6260986328125</LatitudeDegrees><LongitudeDegrees>59.78957748413086</LongitudeDegrees></Position></Trackpoint><Trackpoint><Time>2026-08-11T14:00:29.000Z</Time><Position><LatitudeDegrees>58.62611770629883</LatitudeDegrees><LongitudeDegrees>59.789573669433594</LongitudeDegrees></Position></Trackpoint><Trackpoint><Time>2026-08-11T14:00:30.000Z</Time><Position><LatitudeDegrees>58.626129150390625</LatitudeDegrees><LongitudeDegrees>59.78956985473633</LongitudeDegrees></Position></Trackpoint><Trackpoint><Time>2026-08-11T14:00:31.000Z</Time><Position><LatitudeDegrees>58.62614059448242</LatitudeDegrees><LongitudeDegrees>59.789573669433594</LongitudeDegrees></Position></Trackpoint><Trackpoint><Time>2026-08-11T14:00:31.000Z</Time><Position><LatitudeDegrees>58.62614822387695</LatitudeDegrees><LongitudeDegrees>59.789573669433594</LongitudeDegrees></Position></Trackpoint><Trackpoint><Time>2026-08-11T14:00:33.000Z</Time><Position><LatitudeDegrees>58.62615966796875</LatitudeDegrees><LongitudeDegrees>59.789581298828125</LongitudeDegrees></Position></Trackpoint><Trackpoint><Time>2026-08-11T14:00:33.000Z</Time><Position><LatitudeDegrees>58.62616729736328</LatitudeDegrees><LongitudeDegrees>59.789573669433594</LongitudeDegrees></Position></Trackpoint><Trackpoint><Time>2026-08-11T14:00:35.000Z</Time><Position><LatitudeDegrees>58.62617874145508</LatitudeDegrees><LongitudeDegrees>59.78956604003906</LongitudeDegrees></Position></Trackpoint><Trackpoint><Time>2026-08-11T14:00:36.000Z</Time><Position><LatitudeDegrees>58.62619400024414</LatitudeDegrees><LongitudeDegrees>59.78955841064453</LongitudeDegrees></Position></Trackpoint><Trackpoint><Time>2026-08-11T14:00:37.000Z</Time><Position><LatitudeDegrees>58.6262092590332</LatitudeDegrees><LongitudeDegrees>59.78955841064453</LongitudeDegrees></Position></Trackpoint><Trackpoint><Time>2026-08-11T14:00:37.000Z</Time><Position><LatitudeDegrees>58.6261899390686</LatitudeDegrees><LongitudeDegrees>59.78956287990795</LongitudeDegrees></Position></Trackpoint><Trackpoint><Time>2026-08-11T14:00:39.000Z</Time><Position><LatitudeDegrees>58.62623977661133</LatitudeDegrees><LongitudeDegrees>59.7895622253418</LongitudeDegrees></Position></Trackpoint><Trackpoint><Time>2026-08-11T14:00:40.000Z</Time><Position><LatitudeDegrees>58.62622669373726</LatitudeDegrees><LongitudeDegrees>59.78956022841597</LongitudeDegrees></Position></Trackpoint><Trackpoint><Time>2026-08-11T14:00:41.000Z</Time><Position><LatitudeDegrees>58.62627029418945</LatitudeDegrees><LongitudeDegrees>59.78956985473633</LongitudeDegrees></Position></Trackpoint><Trackpoint><Time>2026-08-11T14:00:42.000Z</Time><Position><LatitudeDegrees>58.626285552978516</LatitudeDegrees><LongitudeDegrees>59.78957748413086</LongitudeDegrees></Position></Trackpoint><Trackpoint><Time>2026-08-11T14:00:43.000Z</Time><Position><LatitudeDegrees>58.62630081176758</LatitudeDegrees><LongitudeDegrees>59.789573669433594</LongitudeDegrees></Position></Trackpoint><Trackpoint><Time>2026-08-11T14:00:43.000Z</Time><Position><LatitudeDegrees>58.62631607055664</LatitudeDegrees><LongitudeDegrees>59.78957748413086</LongitudeDegrees></Position></Trackpoint><Trackpoint><Time>2026-08-11T14:00:44.000Z</Time><Position><LatitudeDegrees>58.62629983321581</LatitudeDegrees><LongitudeDegrees>59.7895747483652</LongitudeDegrees></Position></Trackpoint><Trackpoint><Time>2026-08-11T14:00:46.000Z</Time><Position><LatitudeDegrees>58.62633514404297</LatitudeDegrees><LongitudeDegrees>59.78959655761719</LongitudeDegrees></Position></Trackpoint><Trackpoint><Time>2026-08-11T14:00:47.000Z</Time><Position><LatitudeDegrees>58.6263427734375</LatitudeDegrees><LongitudeDegrees>59.78960037231445</LongitudeDegrees></Position></Trackpoint><Trackpoint><Time>2026-08-11T14:00:47.000Z</Time><Position><LatitudeDegrees>58.6263330323553</LatitudeDegrees><LongitudeDegrees>59.789594403951526</LongitudeDegrees></Position></Trackpoint><Trackpoint><Time>2026-08-11T14:00:49.000Z</Time><Position><LatitudeDegrees>58.626365661621094</LatitudeDegrees><LongitudeDegrees>59.78960037231445</LongitudeDegrees></Position></Trackpoint><Trackpoint><Time>2026-08-11T14:00:49.000Z</Time><Position><LatitudeDegrees>58.62634941952161</LatitudeDegrees><LongitudeDegrees>59.78959653756306</LongitudeDegrees></Position></Trackpoint><Trackpoint><Time>2026-08-11T14:00:51.000Z</Time><Position><LatitudeDegrees>58.62639617919922</LatitudeDegrees><LongitudeDegrees>59.789588928222656</LongitudeDegrees></Position></Trackpoint><Trackpoint><Time>2026-08-11T14:00:51.000Z</Time><Position><LatitudeDegrees>58.626399993896484</LatitudeDegrees><LongitudeDegrees>59.789581298828125</LongitudeDegrees></Position></Trackpoint><Trackpoint><Time>2026-08-11T14:00:52.000Z</Time><Position><LatitudeDegrees>58.62641143798828</LatitudeDegrees><LongitudeDegrees>59.78957748413086</LongitudeDegrees></Position></Trackpoint><Trackpoint><Time>2026-08-11T14:00:53.000Z</Time><Position><LatitudeDegrees>58.626426696777344</LatitudeDegrees><LongitudeDegrees>59.7895622253418</LongitudeDegrees></Position></Trackpoint><Trackpoint><Time>2026-08-11T14:00:55.000Z</Time><Position><LatitudeDegrees>58.62643814086914</LatitudeDegrees><LongitudeDegrees>59.78955841064453</LongitudeDegrees></Position></Trackpoint><Trackpoint><Time>2026-08-11T14:00:56.000Z</Time><Position><LatitudeDegrees>58.62642079420518</LatitudeDegrees><LongitudeDegrees>59.789569240056295</LongitudeDegrees></Position></Trackpoint><Trackpoint><Time>2026-08-11T14:00:57.000Z</Time><Position><LatitudeDegrees>58.62647247314453</LatitudeDegrees><LongitudeDegrees>59.78956985473633</LongitudeDegrees></Position></Trackpoint><Trackpoint><Time>2026-08-11T14:00:57.000Z</Time><Position><LatitudeDegrees>58.62649154663086</LatitudeDegrees><LongitudeDegrees>59.78956604003906</LongitudeDegrees></Position></Trackpoint><Trackpoint><Time>2026-08-11T14:00:59.000Z</Time><Position><LatitudeDegrees>58.62650680541992</LatitudeDegrees><LongitudeDegrees>59.78956985473633</LongitudeDegrees></Position></Trackpoint><Trackpoint><Time>2026-08-11T14:00:59.000Z</Time><Position><LatitudeDegrees>58.62651824951172</LatitudeDegrees><LongitudeDegrees>59.78957748413086</LongitudeDegrees></Position></Trackpoint><Trackpoint><Time>2026-08-11T14:01:00.000Z</Time><Position><LatitudeDegrees>58.626529693603516</LatitudeDegrees><LongitudeDegrees>59.78956985473633</LongitudeDegrees></Position></Trackpoint><Trackpoint><Time>2026-08-11T14:01:02.000Z</Time><Position><LatitudeDegrees>58.62653732299805</LatitudeDegrees><LongitudeDegrees>59.7895622253418</LongitudeDegrees></Position></Trackpoint><Trackpoint><Time>2026-08-11T14:01:02.000Z</Time><Position><LatitudeDegrees>58.62652977723512</LatitudeDegrees><LongitudeDegrees>59.78956583050405</LongitudeDegrees></Position></Trackpoint><Trackpoint><Time>2026-08-11T14:01:04.000Z</Time><Position><LatitudeDegrees>58.62653791089934</LatitudeDegrees><LongitudeDegrees>59.78956542102334</LongitudeDegrees></Position></Trackpoint><Trackpoint><Time>2026-08-11T14:01:04.000Z</Time><Position><LatitudeDegrees>58.62654448630725</LatitudeDegrees><LongitudeDegrees>59.789565787281816</LongitudeDegrees></Position></Trackpoint><Trackpoint><Time>2026-08-11T14:01:05.000Z</Time><Position><LatitudeDegrees>58.6265869140625</LatitudeDegrees><LongitudeDegrees>59.78960037231445</LongitudeDegrees></Position></Trackpoint><Trackpoint><Time>2026-08-11T14:01:07.000Z</Time><Position><LatitudeDegrees>58.626590728759766</LatitudeDegrees><LongitudeDegrees>59.78960037231445</LongitudeDegrees></Position></Trackpoint><Trackpoint><Time>2026-08-11T14:01:08.000Z</Time><Position><LatitudeDegrees>58.62660217285156</LatitudeDegrees><LongitudeDegrees>59.78960418701172</LongitudeDegrees></Position></Trackpoint><Trackpoint><Time>2026-08-11T14:01:09.000Z</Time><Position><LatitudeDegrees>58.626609802246094</LatitudeDegrees><LongitudeDegrees>59.789608001708984</LongitudeDegrees></Position></Trackpoint><Trackpoint><Time>2026-08-11T14:01:09.000Z</Time><Position><LatitudeDegrees>58.626596203302874</LatitudeDegrees><LongitudeDegrees>59.78959843185999</LongitudeDegrees></Position></Trackpoint><Trackpoint><Time>2026-08-11T14:01:11.000Z</Time><Position><LatitudeDegrees>58.62663650512695</LatitudeDegrees><LongitudeDegrees>59.789588928222656</LongitudeDegrees></Position></Trackpoint><Trackpoint><Time>2026-08-11T14:01:12.000Z</Time><Position><LatitudeDegrees>58.62665939331055</LatitudeDegrees><LongitudeDegrees>59.789588928222656</LongitudeDegrees></Position></Trackpoint><Trackpoint><Time>2026-08-11T14:01:12.000Z</Time><Position><LatitudeDegrees>58.626670837402344</LatitudeDegrees><LongitudeDegrees>59.789588928222656</LongitudeDegrees></Position></Trackpoint><Trackpoint><Time>2026-08-11T14:01:14.000Z</Time><Position><LatitudeDegrees>58.62668991088867</LatitudeDegrees><LongitudeDegrees>59.789581298828125</LongitudeDegrees></Position></Trackpoint><Trackpoint><Time>2026-08-11T14:01:15.000Z</Time><Position><LatitudeDegrees>58.626705169677734</LatitudeDegrees><LongitudeDegrees>59.78956985473633</LongitudeDegrees></Position></Trackpoint><Trackpoint><Time>2026-08-11T14:01:16.000Z</Time><Position><LatitudeDegrees>58.6266820910271</LatitudeDegrees><LongitudeDegrees>59.78958040042807</LongitudeDegrees></Position></Trackpoint><Trackpoint><Time>2026-08-11T14:01:16.000Z</Time><Position><LatitudeDegrees>58.626739501953125</LatitudeDegrees><LongitudeDegrees>59.78957748413086</LongitudeDegrees></Position></Trackpoint><Trackpoint><Time>2026-08-11T14:01:17.000Z</Time><Position><LatitudeDegrees>58.62675476074219</LatitudeDegrees><LongitudeDegrees>59.789581298828125</LongitudeDegrees></Position></Trackpoint><Trackpoint><Time>2026-08-11T14:01:19.000Z</Time><Position><LatitudeDegrees>58.62677001953125</LatitudeDegrees><LongitudeDegrees>59.78957748413086</LongitudeDegrees></Position></Trackpoint><Trackpoint><Time>2026-08-11T14:01:19.000Z</Time><Position><LatitudeDegrees>58.62678909301758</LatitudeDegrees><LongitudeDegrees>59.78957748413086</LongitudeDegrees></Position></Trackpoint><Trackpoint><Time>2026-08-11T14:01:21.000Z</Time><Position><LatitudeDegrees>58.626808166503906</LatitudeDegrees><LongitudeDegrees>59.78957748413086</LongitudeDegrees></Position></Trackpoint><Trackpoint><Time>2026-08-11T14:01:21.000Z</Time><Position><LatitudeDegrees>58.62682342529297</LatitudeDegrees><LongitudeDegrees>59.789581298828125</LongitudeDegrees></Position></Trackpoint><Trackpoint><Time>2026-08-11T14:01:22.000Z</Time><Position><LatitudeDegrees>58.6268310546875</LatitudeDegrees><LongitudeDegrees>59.78958511352539</LongitudeDegrees></Position></Trackpoint><Trackpoint><Time>2026-08-11T14:01:23.000Z</Time><Position><LatitudeDegrees>58.6268424987793</LatitudeDegrees><LongitudeDegrees>59.789581298828125</LongitudeDegrees></Position></Trackpoint><Trackpoint><Time>2026-08-11T14:01:24.000Z</Time><Position><LatitudeDegrees>58.626833250690346</LatitudeDegrees><LongitudeDegrees>59.78958129751785</LongitudeDegrees></Position></Trackpoint><Trackpoint><Time>2026-08-11T14:01:26.000Z</Time><Position><LatitudeDegrees>58.6268390050036</LatitudeDegrees><LongitudeDegrees>59.789579951730936</LongitudeDegrees></Position></Trackpoint><Trackpoint><Time>2026-08-11T14:01:26.000Z</Time><Position><LatitudeDegrees>58.62687683105469</LatitudeDegrees><LongitudeDegrees>59.78957748413086</LongitudeDegrees></Position></Trackpoint><Trackpoint><Time>2026-08-11T14:01:27.000Z</Time><Position><LatitudeDegrees>58.62689208984375</LatitudeDegrees><LongitudeDegrees>59.78956985473633</LongitudeDegrees></Position></Trackpoint><Trackpoint><Time>2026-08-11T14:01:29.000Z</Time><Position><LatitudeDegrees>58.62690734863281</LatitudeDegrees><LongitudeDegrees>59.78955841064453</LongitudeDegrees></Position></Trackpoint><Trackpoint><Time>2026-08-11T14:01:29.000Z</Time><Position><LatitudeDegrees>58.626922607421875</LatitudeDegrees><LongitudeDegrees>59.78955078125</LongitudeDegrees></Position></Trackpoint><Trackpoint><Time>2026-08-11T14:01:30.000Z</Time><Position><LatitudeDegrees>58.62690069099095</LatitudeDegrees><LongitudeDegrees>59.78956225790471</LongitudeDegrees></Position></Trackpoint><Trackpoint><Time>2026-08-11T14:01:31.000Z</Time><Position><LatitudeDegrees>58.62694549560547</LatitudeDegrees><LongitudeDegrees>59.78956985473633</LongitudeDegrees></Position></Trackpoint><Trackpoint><Time>2026-08-11T14:01:33.000Z</Time><Position><LatitudeDegrees>58.626953125</LatitudeDegrees><LongitudeDegrees>59.78956985473633</LongitudeDegrees></Position></Trackpoint><Trackpoint><Time>2026-08-11T14:01:33.000Z</Time><Position><LatitudeDegrees>58.6269645690918</LatitudeDegrees><LongitudeDegrees>59.789573669433594</LongitudeDegrees></Position></Trackpoint><Trackpoint><Time>2026-08-11T14:01:34.000Z</Time><Position><LatitudeDegrees>58.62697982788086</LatitudeDegrees><LongitudeDegrees>59.78956985473633</LongitudeDegrees></Position></Trackpoint><Trackpoint><Time>2026-08-11T14:01:35.000Z</Time><Position><LatitudeDegrees>58.626991271972656</LatitudeDegrees><LongitudeDegrees>59.78956985473633</LongitudeDegrees></Position></Trackpoint><Trackpoint><Time>2026-08-11T14:01:37.000Z</Time><Position><LatitudeDegrees>58.62700653076172</LatitudeDegrees><LongitudeDegrees>59.78957748413086</LongitudeDegrees></Position></Trackpoint><Trackpoint><Time>2026-08-11T14:01:38.000Z</Time><Position><LatitudeDegrees>58.62702560424805</LatitudeDegrees><LongitudeDegrees>59.789581298828125</LongitudeDegrees></Position></Trackpoint><Trackpoint><Time>2026-08-11T14:01:39.000Z</Time><Position><LatitudeDegrees>58.62704849243164</LatitudeDegrees><LongitudeDegrees>59.789573669433594</LongitudeDegrees></Position></Trackpoint><Trackpoint><Time>2026-08-11T14:01:40.000Z</Time><Position><LatitudeDegrees>58.62705993652344</LatitudeDegrees><LongitudeDegrees>59.78956985473633</LongitudeDegrees></Position></Trackpoint><Trackpoint><Time>2026-08-11T14:01:41.000Z</Time><Position><LatitudeDegrees>58.627045894243956</LatitudeDegrees><LongitudeDegrees>59.78957193598603</LongitudeDegrees></Position></Trackpoint><Trackpoint><Time>2026-08-11T14:01:41.000Z</Time><Position><LatitudeDegrees>58.627050656696156</LatitudeDegrees><LongitudeDegrees>59.78957215570301</LongitudeDegrees></Position></Trackpoint><Trackpoint><Time>2026-08-11T14:01:43.000Z</Time><Position><LatitudeDegrees>58.62710189819336</LatitudeDegrees><LongitudeDegrees>59.789554595947266</LongitudeDegrees></Position></Trackpoint><Trackpoint><Time>2026-08-11T14:01:44.000Z</Time><Position><LatitudeDegrees>58.627113342285156</LatitudeDegrees><LongitudeDegrees>59.78954315185547</LongitudeDegrees></Position></Trackpoint><Trackpoint><Time>2026-08-11T14:01:44.000Z</Time><Position><LatitudeDegrees>58.62712097167969</LatitudeDegrees><LongitudeDegrees>59.7895393371582</LongitudeDegrees></Position></Trackpoint><Trackpoint><Time>2026-08-11T14:01:45.000Z</Time><Position><LatitudeDegrees>58.627132415771484</LatitudeDegrees><LongitudeDegrees>59.78953170776367</LongitudeDegrees></Position></Trackpoint><Trackpoint><Time>2026-08-11T14:01:46.000Z</Time><Position><LatitudeDegrees>58.62714385986328</LatitudeDegrees><LongitudeDegrees>59.78952407836914</LongitudeDegrees></Position></Trackpoint><Trackpoint><Time>2026-08-11T14:01:47.000Z</Time><Position><LatitudeDegrees>58.62715530395508</LatitudeDegrees><LongitudeDegrees>59.78950881958008</LongitudeDegrees></Position></Trackpoint><Trackpoint><Time>2026-08-11T14:01:48.000Z</Time><Position><LatitudeDegrees>58.62717056274414</LatitudeDegrees><LongitudeDegrees>59.78950500488281</LongitudeDegrees></Position></Trackpoint><Trackpoint><Time>2026-08-11T14:01:49.000Z</Time><Position><LatitudeDegrees>58.62715221460278</LatitudeDegrees><LongitudeDegrees>59.78951725059165</LongitudeDegrees></Position></Trackpoint><Trackpoint><Time>2026-08-11T14:01:51.000Z</Time><Position><LatitudeDegrees>58.62717415898636</LatitudeDegrees><LongitudeDegrees>59.789510796020515</LongitudeDegrees></Position></Trackpoint><Trackpoint><Time>2026-08-11T14:01:51.000Z</Time><Position><LatitudeDegrees>58.6272087097168</LatitudeDegrees><LongitudeDegrees>59.78950881958008</LongitudeDegrees></Position></Trackpoint><Trackpoint><Time>2026-08-11T14:01:52.000Z</Time><Position><LatitudeDegrees>58.627220153808594</LatitudeDegrees><LongitudeDegrees>59.78950881958008</LongitudeDegrees></Position></Trackpoint><Trackpoint><Time>2026-08-11T14:01:53.000Z</Time><Position><LatitudeDegrees>58.62723159790039</LatitudeDegrees><LongitudeDegrees>59.78950881958008</LongitudeDegrees></Position></Trackpoint><Trackpoint><Time>2026-08-11T14:01:54.000Z</Time><Position><LatitudeDegrees>58.62724685668945</LatitudeDegrees><LongitudeDegrees>59.78950881958008</LongitudeDegrees></Position></Trackpoint><Trackpoint><Time>2026-08-11T14:01:55.000Z</Time><Position><LatitudeDegrees>58.62722640489169</LatitudeDegrees><LongitudeDegrees>59.789509073012184</LongitudeDegrees></Position></Trackpoint><Trackpoint><Time>2026-08-11T14:01:56.000Z</Time><Position><LatitudeDegrees>58.62726593017578</LatitudeDegrees><LongitudeDegrees>59.789512634277344</LongitudeDegrees></Position></Trackpoint><Trackpoint><Time>2026-08-11T14:01:57.000Z</Time><Position><LatitudeDegrees>58.62727355957031</LatitudeDegrees><LongitudeDegrees>59.789512634277344</LongitudeDegrees></Position></Trackpoint><Trackpoint><Time>2026-08-11T14:01:58.000Z</Time><Position><LatitudeDegrees>58.62728500366211</LatitudeDegrees><LongitudeDegrees>59.78951644897461</LongitudeDegrees></Position></Trackpoint><Trackpoint><Time>2026-08-11T14:02:00.000Z</Time><Position><LatitudeDegrees>58.627288818359375</LatitudeDegrees><LongitudeDegrees>59.789520263671875</LongitudeDegrees></Position></Trackpoint><Trackpoint><Time>2026-08-11T14:02:01.000Z</Time><Position><LatitudeDegrees>58.62729263305664</LatitudeDegrees><LongitudeDegrees>59.789527893066406</LongitudeDegrees></Position></Trackpoint><Trackpoint><Time>2026-08-11T14:02:01.000Z</Time><Position><LatitudeDegrees>58.6272823440018</LatitudeDegrees><LongitudeDegrees>59.78952051455676</LongitudeDegrees></Position></Trackpoint><Trackpoint><Time>2026-08-11T14:02:03.000Z</Time><Position><LatitudeDegrees>58.62730026245117</LatitudeDegrees><LongitudeDegrees>59.78951644897461</LongitudeDegrees></Position></Trackpoint><Trackpoint><Time>2026-08-11T14:02:04.000Z</Time><Position><LatitudeDegrees>58.62730407714844</LatitudeDegrees><LongitudeDegrees>59.78951644897461</LongitudeDegrees></Position></Trackpoint><Trackpoint><Time>2026-08-11T14:02:06.000Z</Time><Position><LatitudeDegrees>58.62731170654297</LatitudeDegrees><LongitudeDegrees>59.78951644897461</LongitudeDegrees></Position></Trackpoint><Trackpoint><Time>2026-08-11T14:02:07.000Z</Time><Position><LatitudeDegrees>58.627315521240234</LatitudeDegrees><LongitudeDegrees>59.78951644897461</LongitudeDegrees></Position></Trackpoint><Trackpoint><Time>2026-08-11T14:02:08.000Z</Time><Position><LatitudeDegrees>58.627323150634766</LatitudeDegrees><LongitudeDegrees>59.789512634277344</LongitudeDegrees></Position></Trackpoint><Trackpoint><Time>2026-08-11T14:02:10.000Z</Time><Position><LatitudeDegrees>58.62733840942383</LatitudeDegrees><LongitudeDegrees>59.78950500488281</LongitudeDegrees></Position></Trackpoint><Trackpoint><Time>2026-08-11T14:02:10.000Z</Time><Position><LatitudeDegrees>58.627349853515625</LatitudeDegrees><LongitudeDegrees>59.78949737548828</LongitudeDegrees></Position></Trackpoint><Trackpoint><Time>2026-08-11T14:02:12.000Z</Time><Position><LatitudeDegrees>58.627341707796695</LatitudeDegrees><LongitudeDegrees>59.789503886688784</LongitudeDegrees></Position></Trackpoint><Trackpoint><Time>2026-08-11T14:02:12.000Z</Time><Position><LatitudeDegrees>58.627350836356335</LatitudeDegrees><LongitudeDegrees>59.789504081651394</LongitudeDegrees></Position></Trackpoint><Trackpoint><Time>2026-08-11T14:02:13.000Z</Time><Position><LatitudeDegrees>58.62738800048828</LatitudeDegrees><LongitudeDegrees>59.78950500488281</LongitudeDegrees></Position></Trackpoint><Trackpoint><Time>2026-08-11T14:02:14.000Z</Time><Position><LatitudeDegrees>58.62739562988281</LatitudeDegrees><LongitudeDegrees>59.78950500488281</LongitudeDegrees></Position></Trackpoint><Trackpoint><Time>2026-08-11T14:02:15.000Z</Time><Position><LatitudeDegrees>58.627403259277344</LatitudeDegrees><LongitudeDegrees>59.78950500488281</LongitudeDegrees></Position></Trackpoint><Trackpoint><Time>2026-08-11T14:02:16.000Z</Time><Position><LatitudeDegrees>58.62741470336914</LatitudeDegrees><LongitudeDegrees>59.78950119018555</LongitudeDegrees></Position></Trackpoint><Trackpoint><Time>2026-08-11T14:02:17.000Z</Time><Position><LatitudeDegrees>58.62743377685547</LatitudeDegrees><LongitudeDegrees>59.78950500488281</LongitudeDegrees></Position></Trackpoint><Trackpoint><Time>2026-08-11T14:02:18.000Z</Time><Position><LatitudeDegrees>58.62744903564453</LatitudeDegrees><LongitudeDegrees>59.78950119018555</LongitudeDegrees></Position></Trackpoint><Trackpoint><Time>2026-08-11T14:02:19.000Z</Time><Position><LatitudeDegrees>58.62746047973633</LatitudeDegrees><LongitudeDegrees>59.78949737548828</LongitudeDegrees></Position></Trackpoint><Trackpoint><Time>2026-08-11T14:02:20.000Z</Time><Position><LatitudeDegrees>58.627471923828125</LatitudeDegrees><LongitudeDegrees>59.78950500488281</LongitudeDegrees></Position></Trackpoint><Trackpoint><Time>2026-08-11T14:02:21.000Z</Time><Position><LatitudeDegrees>58.62749099731445</LatitudeDegrees><LongitudeDegrees>59.78950500488281</LongitudeDegrees></Position></Trackpoint><Trackpoint><Time>2026-08-11T14:02:22.000Z</Time><Position><LatitudeDegrees>58.62749481201172</LatitudeDegrees><LongitudeDegrees>59.78950500488281</LongitudeDegrees></Position></Trackpoint><Trackpoint><Time>2026-08-11T14:02:23.000Z</Time><Position><LatitudeDegrees>58.62751388549805</LatitudeDegrees><LongitudeDegrees>59.78950500488281</LongitudeDegrees></Position></Trackpoint><Trackpoint><Time>2026-08-11T14:02:24.000Z</Time><Position><LatitudeDegrees>58.62752151489258</LatitudeDegrees><LongitudeDegrees>59.78950881958008</LongitudeDegrees></Position></Trackpoint><Trackpoint><Time>2026-08-11T14:02:25.000Z</Time><Position><LatitudeDegrees>58.62753677368164</LatitudeDegrees><LongitudeDegrees>59.78950500488281</LongitudeDegrees></Position></Trackpoint><Trackpoint><Time>2026-08-11T14:02:26.000Z</Time><Position><LatitudeDegrees>58.62754821777344</LatitudeDegrees><LongitudeDegrees>59.78950119018555</LongitudeDegrees></Position></Trackpoint><Trackpoint><Time>2026-08-11T14:02:27.000Z</Time><Position><LatitudeDegrees>58.6275520324707</LatitudeDegrees><LongitudeDegrees>59.78949737548828</LongitudeDegrees></Position></Trackpoint><Trackpoint><Time>2026-08-11T14:02:29.000Z</Time><Position><LatitudeDegrees>58.627559661865234</LatitudeDegrees><LongitudeDegrees>59.78949737548828</LongitudeDegrees></Position></Trackpoint><Trackpoint><Time>2026-08-11T14:02:29.000Z</Time><Position><LatitudeDegrees>58.627547035754226</LatitudeDegrees><LongitudeDegrees>59.78950025051917</LongitudeDegrees></Position></Trackpoint><Trackpoint><Time>2026-08-11T14:02:30.000Z</Time><Position><LatitudeDegrees>58.62758255004883</LatitudeDegrees><LongitudeDegrees>59.78950881958008</LongitudeDegrees></Position></Trackpoint><Trackpoint><Time>2026-08-11T14:02:32.000Z</Time><Position><LatitudeDegrees>58.62760543823242</LatitudeDegrees><LongitudeDegrees>59.78950500488281</LongitudeDegrees></Position></Trackpoint><Trackpoint><Time>2026-08-11T14:02:33.000Z</Time><Position><LatitudeDegrees>58.627628326416016</LatitudeDegrees><LongitudeDegrees>59.789512634277344</LongitudeDegrees></Position></Trackpoint><Trackpoint><Time>2026-08-11T14:02:33.000Z</Time><Position><LatitudeDegrees>58.62763977050781</LatitudeDegrees><LongitudeDegrees>59.78952407836914</LongitudeDegrees></Position></Trackpoint><Trackpoint><Time>2026-08-11T14:02:34.000Z</Time><Position><LatitudeDegrees>58.62764358520508</LatitudeDegrees><LongitudeDegrees>59.7895393371582</LongitudeDegrees></Position></Trackpoint><Trackpoint><Time>2026-08-11T14:02:35.000Z</Time><Position><LatitudeDegrees>58.62762691992219</LatitudeDegrees><LongitudeDegrees>59.78952469320405</LongitudeDegrees></Position></Trackpoint><Trackpoint><Time>2026-08-11T14:02:37.000Z</Time><Position><LatitudeDegrees>58.62767028808594</LatitudeDegrees><LongitudeDegrees>59.789527893066406</LongitudeDegrees></Position></Trackpoint><Trackpoint><Time>2026-08-11T14:02:37.000Z</Time><Position><LatitudeDegrees>58.627685546875</LatitudeDegrees><LongitudeDegrees>59.78951644897461</LongitudeDegrees></Position></Trackpoint><Trackpoint><Time>2026-08-11T14:02:38.000Z</Time><Position><LatitudeDegrees>58.6276969909668</LatitudeDegrees><LongitudeDegrees>59.78951644897461</LongitudeDegrees></Position></Trackpoint><Trackpoint><Time>2026-08-11T14:02:40.000Z</Time><Position><LatitudeDegrees>58.62768492701959</LatitudeDegrees><LongitudeDegrees>59.78951958809461</LongitudeDegrees></Position></Trackpoint><Trackpoint><Time>2026-08-11T14:02:41.000Z</Time><Position><LatitudeDegrees>58.627682579657325</LatitudeDegrees><LongitudeDegrees>59.78952144355096</LongitudeDegrees></Position></Trackpoint><Trackpoint><Time>2026-08-11T14:02:42.000Z</Time><Position><LatitudeDegrees>58.62771987915039</LatitudeDegrees><LongitudeDegrees>59.789546966552734</LongitudeDegrees></Position></Trackpoint><Trackpoint><Time>2026-08-11T14:02:42.000Z</Time><Position><LatitudeDegrees>58.62773895263672</LatitudeDegrees><LongitudeDegrees>59.7895393371582</LongitudeDegrees></Position></Trackpoint><Trackpoint><Time>2026-08-11T14:02:43.000Z</Time><Position><LatitudeDegrees>58.62776184082031</LatitudeDegrees><LongitudeDegrees>59.78954315185547</LongitudeDegrees></Position></Trackpoint><Trackpoint><Time>2026-08-11T14:02:45.000Z</Time><Position><LatitudeDegrees>58.62778091430664</LatitudeDegrees><LongitudeDegrees>59.78955841064453</LongitudeDegrees></Position></Trackpoint><Trackpoint><Time>2026-08-11T14:02:45.000Z</Time><Position><LatitudeDegrees>58.62779998779297</LatitudeDegrees><LongitudeDegrees>59.78956604003906</LongitudeDegrees></Position></Trackpoint><Trackpoint><Time>2026-08-11T14:02:46.000Z</Time><Position><LatitudeDegrees>58.627782628299435</LatitudeDegrees><LongitudeDegrees>59.78955726588063</LongitudeDegrees></Position></Trackpoint><Trackpoint><Time>2026-08-11T14:02:48.000Z</Time><Position><LatitudeDegrees>58.6278190612793</LatitudeDegrees><LongitudeDegrees>59.7895622253418</LongitudeDegrees></Position></Trackpoint><Trackpoint><Time>2026-08-11T14:02:49.000Z</Time><Position><LatitudeDegrees>58.62782669067383</LatitudeDegrees><LongitudeDegrees>59.78955841064453</LongitudeDegrees></Position></Trackpoint><Trackpoint><Time>2026-08-11T14:02:49.000Z</Time><Position><LatitudeDegrees>58.62783432006836</LatitudeDegrees><LongitudeDegrees>59.7895622253418</LongitudeDegrees></Position></Trackpoint><Trackpoint><Time>2026-08-11T14:02:50.000Z</Time><Position><LatitudeDegrees>58.627838134765625</LatitudeDegrees><LongitudeDegrees>59.78956604003906</LongitudeDegrees></Position></Trackpoint><Trackpoint><Time>2026-08-11T14:02:52.000Z</Time><Position><LatitudeDegrees>58.627845764160156</LatitudeDegrees><LongitudeDegrees>59.78957748413086</LongitudeDegrees></Position></Trackpoint><Trackpoint><Time>2026-08-11T14:02:53.000Z</Time><Position><LatitudeDegrees>58.62786102294922</LatitudeDegrees><LongitudeDegrees>59.78957748413086</LongitudeDegrees></Position></Trackpoint><Trackpoint><Time>2026-08-11T14:02:53.000Z</Time><Position><LatitudeDegrees>58.62785457933847</LatitudeDegrees><LongitudeDegrees>59.789573449287126</LongitudeDegrees></Position></Trackpoint><Trackpoint><Time>2026-08-11T14:02:54.000Z</Time><Position><LatitudeDegrees>58.62788772583008</LatitudeDegrees><LongitudeDegrees>59.789573669433594</LongitudeDegrees></Position></Trackpoint><Trackpoint><Time>2026-08-11T14:02:56.000Z</Time><Position><LatitudeDegrees>58.62790298461914</LatitudeDegrees><LongitudeDegrees>59.789573669433594</LongitudeDegrees></Position></Trackpoint><Trackpoint><Time>2026-08-11T14:02:57.000Z</Time><Position><LatitudeDegrees>58.62791442871094</LatitudeDegrees><LongitudeDegrees>59.789573669433594</LongitudeDegrees></Position></Trackpoint><Trackpoint><Time>2026-08-11T14:02:57.000Z</Time><Position><LatitudeDegrees>58.62792205810547</LatitudeDegrees><LongitudeDegrees>59.78957748413086</LongitudeDegrees></Position></Trackpoint><Trackpoint><Time>2026-08-11T14:02:59.000Z</Time><Position><LatitudeDegrees>58.6279296875</LatitudeDegrees><LongitudeDegrees>59.78957748413086</LongitudeDegrees></Position></Trackpoint><Trackpoint><Time>2026-08-11T14:03:00.000Z</Time><Position><LatitudeDegrees>58.62793731689453</LatitudeDegrees><LongitudeDegrees>59.789581298828125</LongitudeDegrees></Position></Trackpoint><Trackpoint><Time>2026-08-11T14:03:01.000Z</Time><Position><LatitudeDegrees>58.62795639038086</LatitudeDegrees><LongitudeDegrees>59.78958511352539</LongitudeDegrees></Position></Trackpoint><Trackpoint><Time>2026-08-11T14:03:02.000Z</Time><Position><LatitudeDegrees>58.627967834472656</LatitudeDegrees><LongitudeDegrees>59.78959274291992</LongitudeDegrees></Position></Trackpoint><Trackpoint><Time>2026-08-11T14:03:02.000Z</Time><Position><LatitudeDegrees>58.62797927856445</LatitudeDegrees><LongitudeDegrees>59.78959655761719</LongitudeDegrees></Position></Trackpoint><Trackpoint><Time>2026-08-11T14:03:03.000Z</Time><Position><LatitudeDegrees>58.62796207186759</LatitudeDegrees><LongitudeDegrees>59.789589989241705</LongitudeDegrees></Position></Trackpoint><Trackpoint><Time>2026-08-11T14:03:04.000Z</Time><Position><LatitudeDegrees>58.62796995028958</LatitudeDegrees><LongitudeDegrees>59.789590743902075</LongitudeDegrees></Position></Trackpoint><Trackpoint><Time>2026-08-11T14:03:06.000Z</Time><Position><LatitudeDegrees>58.62798969194471</LatitudeDegrees><LongitudeDegrees>59.789587360132835</LongitudeDegrees></Position></Trackpoint><Trackpoint><Time>2026-08-11T14:03:06.000Z</Time><Position><LatitudeDegrees>58.628047943115234</LatitudeDegrees><LongitudeDegrees>59.78957748413086</LongitudeDegrees></Position></Trackpoint><Trackpoint><Time>2026-08-11T14:03:08.000Z</Time><Position><LatitudeDegrees>58.62807083129883</LatitudeDegrees><LongitudeDegrees>59.78956985473633</LongitudeDegrees></Position></Trackpoint><Trackpoint><Time>2026-08-11T14:03:08.000Z</Time><Position><LatitudeDegrees>58.628053870080336</LatitudeDegrees><LongitudeDegrees>59.78957173625739</LongitudeDegrees></Position></Trackpoint><Trackpoint><Time>2026-08-11T14:03:09.000Z</Time><Position><LatitudeDegrees>58.62810134887695</LatitudeDegrees><LongitudeDegrees>59.789546966552734</LongitudeDegrees></Position></Trackpoint><Trackpoint><Time>2026-08-11T14:03:10.000Z</Time><Position><LatitudeDegrees>58.62811279296875</LatitudeDegrees><LongitudeDegrees>59.78953170776367</LongitudeDegrees></Position></Trackpoint><Trackpoint><Time>2026-08-11T14:03:11.000Z</Time><Position><LatitudeDegrees>58.628116607666016</LatitudeDegrees><LongitudeDegrees>59.78952407836914</LongitudeDegrees></Position></Trackpoint><Trackpoint><Time>2026-08-11T14:03:12.000Z</Time><Position><LatitudeDegrees>58.62812423706055</LatitudeDegrees><LongitudeDegrees>59.78952407836914</LongitudeDegrees></Position></Trackpoint><Trackpoint><Time>2026-08-11T14:03:13.000Z</Time><Position><LatitudeDegrees>58.62811571135162</LatitudeDegrees><LongitudeDegrees>59.78952864548281</LongitudeDegrees></Position></Trackpoint><Trackpoint><Time>2026-08-11T14:03:14.000Z</Time><Position><LatitudeDegrees>58.62814712524414</LatitudeDegrees><LongitudeDegrees>59.789520263671875</LongitudeDegrees></Position></Trackpoint><Trackpoint><Time>2026-08-11T14:03:15.000Z</Time><Position><LatitudeDegrees>58.6281623840332</LatitudeDegrees><LongitudeDegrees>59.78951644897461</LongitudeDegrees></Position></Trackpoint><Trackpoint><Time>2026-08-11T14:03:16.000Z</Time><Position><LatitudeDegrees>58.628177642822266</LatitudeDegrees><LongitudeDegrees>59.78951644897461</LongitudeDegrees></Position></Trackpoint><Trackpoint><Time>2026-08-11T14:03:17.000Z</Time><Position><LatitudeDegrees>58.62815564379426</LatitudeDegrees><LongitudeDegrees>59.78952155348536</LongitudeDegrees></Position></Trackpoint><Trackpoint><Time>2026-08-11T14:03:19.000Z</Time><Position><LatitudeDegrees>58.62819290161133</LatitudeDegrees><LongitudeDegrees>59.78952407836914</LongitudeDegrees></Position></Trackpoint><Trackpoint><Time>2026-08-11T14:03:19.000Z</Time><Position><LatitudeDegrees>58.62820816040039</LatitudeDegrees><LongitudeDegrees>59.78953170776367</LongitudeDegrees></Position></Trackpoint><Trackpoint><Time>2026-08-11T14:03:21.000Z</Time><Position><LatitudeDegrees>58.62822341918945</LatitudeDegrees><LongitudeDegrees>59.78953552246094</LongitudeDegrees></Position></Trackpoint><Trackpoint><Time>2026-08-11T14:03:22.000Z</Time><Position><LatitudeDegrees>58.628202761169966</LatitudeDegrees><LongitudeDegrees>59.78953105097283</LongitudeDegrees></Position></Trackpoint><Trackpoint><Time>2026-08-11T14:03:23.000Z</Time><Position><LatitudeDegrees>58.62824630737305</LatitudeDegrees><LongitudeDegrees>59.78956985473633</LongitudeDegrees></Position></Trackpoint><Trackpoint><Time>2026-08-11T14:03:23.000Z</Time><Position><LatitudeDegrees>58.62822382983101</LatitudeDegrees><LongitudeDegrees>59.78955008968273</LongitudeDegrees></Position></Trackpoint><Trackpoint><Time>2026-08-11T14:03:24.000Z</Time><Position><LatitudeDegrees>58.62825393676758</LatitudeDegrees><LongitudeDegrees>59.78960418701172</LongitudeDegrees></Position></Trackpoint><Trackpoint><Time>2026-08-11T14:03:26.000Z</Time><Position><LatitudeDegrees>58.62825393676758</LatitudeDegrees><LongitudeDegrees>59.78962326049805</LongitudeDegrees></Position></Trackpoint><Trackpoint><Time>2026-08-11T14:03:27.000Z</Time><Position><LatitudeDegrees>58.628257751464844</LatitudeDegrees><LongitudeDegrees>59.78964614868164</LongitudeDegrees></Position></Trackpoint><Trackpoint><Time>2026-08-11T14:03:27.000Z</Time><Position><LatitudeDegrees>58.62824976665116</LatitudeDegrees><LongitudeDegrees>59.7896170434794</LongitudeDegrees></Position></Trackpoint><Trackpoint><Time>2026-08-11T14:03:29.000Z</Time><Position><LatitudeDegrees>58.62826156616211</LatitudeDegrees><LongitudeDegrees>59.78968811035156</LongitudeDegrees></Position></Trackpoint><Trackpoint><Time>2026-08-11T14:03:30.000Z</Time><Position><LatitudeDegrees>58.628273010253906</LatitudeDegrees><LongitudeDegrees>59.78971481323242</LongitudeDegrees></Position></Trackpoint><Trackpoint><Time>2026-08-11T14:03:31.000Z</Time><Position><LatitudeDegrees>58.62827682495117</LatitudeDegrees><LongitudeDegrees>59.78973388671875</LongitudeDegrees></Position></Trackpoint><Trackpoint><Time>2026-08-11T14:03:32.000Z</Time><Position><LatitudeDegrees>58.62826910735706</LatitudeDegrees><LongitudeDegrees>59.78969859174359</LongitudeDegrees></Position></Trackpoint><Trackpoint><Time>2026-08-11T14:03:33.000Z</Time><Position><LatitudeDegrees>58.62826919555664</LatitudeDegrees><LongitudeDegrees>59.78976058959961</LongitudeDegrees></Position></Trackpoint><Trackpoint><Time>2026-08-11T14:03:33.000Z</Time><Position><LatitudeDegrees>58.62826919555664</LatitudeDegrees><LongitudeDegrees>59.78977584838867</LongitudeDegrees></Position></Trackpoint><Trackpoint><Time>2026-08-11T14:03:35.000Z</Time><Position><LatitudeDegrees>58.62827053889046</LatitudeDegrees><LongitudeDegrees>59.789757278771795</LongitudeDegrees></Position></Trackpoint><Trackpoint><Time>2026-08-11T14:03:36.000Z</Time><Position><LatitudeDegrees>58.62827220265419</LatitudeDegrees><LongitudeDegrees>59.78976870784418</LongitudeDegrees></Position></Trackpoint><Trackpoint><Time>2026-08-11T14:03:37.000Z</Time><Position><LatitudeDegrees>58.62827682495117</LatitudeDegrees><LongitudeDegrees>59.78978729248047</LongitudeDegrees></Position></Trackpoint><Trackpoint><Time>2026-08-11T14:03:38.000Z</Time><Position><LatitudeDegrees>58.62827682495117</LatitudeDegrees><LongitudeDegrees>59.789794921875</LongitudeDegrees></Position></Trackpoint><Trackpoint><Time>2026-08-11T14:03:39.000Z</Time><Position><LatitudeDegrees>58.62828063964844</LatitudeDegrees><LongitudeDegrees>59.7898063659668</LongitudeDegrees></Position></Trackpoint><Trackpoint><Time>2026-08-11T14:03:39.000Z</Time><Position><LatitudeDegrees>58.6282844543457</LatitudeDegrees><LongitudeDegrees>59.789825439453125</LongitudeDegrees></Position></Trackpoint><Trackpoint><Time>2026-08-11T14:03:41.000Z</Time><Position><LatitudeDegrees>58.62828262245858</LatitudeDegrees><LongitudeDegrees>59.78982001115838</LongitudeDegrees></Position></Trackpoint><Trackpoint><Time>2026-08-11T14:03:41.000Z</Time><Position><LatitudeDegrees>58.62828453972683</LatitudeDegrees><LongitudeDegrees>59.789841779587064</LongitudeDegrees></Position></Trackpoint><Trackpoint><Time>2026-08-11T14:03:42.000Z</Time><Position><LatitudeDegrees>58.62828826904297</LatitudeDegrees><LongitudeDegrees>59.78990936279297</LongitudeDegrees></Position></Trackpoint><Trackpoint><Time>2026-08-11T14:03:44.000Z</Time><Position><LatitudeDegrees>58.628292083740234</LatitudeDegrees><LongitudeDegrees>59.7899284362793</LongitudeDegrees></Position></Trackpoint><Trackpoint><Time>2026-08-11T14:03:45.000Z</Time><Position><LatitudeDegrees>58.628292083740234</LatitudeDegrees><LongitudeDegrees>59.789955139160156</LongitudeDegrees></Position></Trackpoint><Trackpoint><Time>2026-08-11T14:03:45.000Z</Time><Position><LatitudeDegrees>58.6282958984375</LatitudeDegrees><LongitudeDegrees>59.78997802734375</LongitudeDegrees></Position></Trackpoint><Trackpoint><Time>2026-08-11T14:03:46.000Z</Time><Position><LatitudeDegrees>58.628292083740234</LatitudeDegrees><LongitudeDegrees>59.78999710083008</LongitudeDegrees></Position></Trackpoint><Trackpoint><Time>2026-08-11T14:03:48.000Z</Time><Position><LatitudeDegrees>58.628292083740234</LatitudeDegrees><LongitudeDegrees>59.79001998901367</LongitudeDegrees></Position></Trackpoint><Trackpoint><Time>2026-08-11T14:03:49.000Z</Time><Position><LatitudeDegrees>58.628292083740234</LatitudeDegrees><LongitudeDegrees>59.7900390625</LongitudeDegrees></Position></Trackpoint><Trackpoint><Time>2026-08-11T14:03:49.000Z</Time><Position><LatitudeDegrees>58.6282958984375</LatitudeDegrees><LongitudeDegrees>59.790061950683594</LongitudeDegrees></Position></Trackpoint><Trackpoint><Time>2026-08-11T14:03:51.000Z</Time><Position><LatitudeDegrees>58.62829419096823</LatitudeDegrees><LongitudeDegrees>59.790030161186735</LongitudeDegrees></Position></Trackpoint><Trackpoint><Time>2026-08-11T14:03:52.000Z</Time><Position><LatitudeDegrees>58.62830352783203</LatitudeDegrees><LongitudeDegrees>59.790103912353516</LongitudeDegrees></Position></Trackpoint><Trackpoint><Time>2026-08-11T14:03:53.000Z</Time><Position><LatitudeDegrees>58.62830352783203</LatitudeDegrees><LongitudeDegrees>59.79012680053711</LongitudeDegrees></Position></Trackpoint><Trackpoint><Time>2026-08-11T14:03:54.000Z</Time><Position><LatitudeDegrees>58.62830352783203</LatitudeDegrees><LongitudeDegrees>59.79015350341797</LongitudeDegrees></Position></Trackpoint><Trackpoint><Time>2026-08-11T14:03:55.000Z</Time><Position><LatitudeDegrees>58.62831115722656</LatitudeDegrees><LongitudeDegrees>59.7901725769043</LongitudeDegrees></Position></Trackpoint><Trackpoint><Time>2026-08-11T14:03:56.000Z</Time><Position><LatitudeDegrees>58.62831497192383</LatitudeDegrees><LongitudeDegrees>59.790184020996094</LongitudeDegrees></Position></Trackpoint><Trackpoint><Time>2026-08-11T14:03:56.000Z</Time><Position><LatitudeDegrees>58.628318786621094</LatitudeDegrees><LongitudeDegrees>59.790191650390625</LongitudeDegrees></Position></Trackpoint><Trackpoint><Time>2026-08-11T14:03:57.000Z</Time><Position><LatitudeDegrees>58.62831497192383</LatitudeDegrees><LongitudeDegrees>59.79020309448242</LongitudeDegrees></Position></Trackpoint><Trackpoint><Time>2026-08-11T14:03:59.000Z</Time><Position><LatitudeDegrees>58.628318786621094</LatitudeDegrees><LongitudeDegrees>59.790199279785156</LongitudeDegrees></Position></Trackpoint><Trackpoint><Time>2026-08-11T14:03:59.000Z</Time><Position><LatitudeDegrees>58.628318786621094</LatitudeDegrees><LongitudeDegrees>59.79019546508789</LongitudeDegrees></Position></Trackpoint><Trackpoint><Time>2026-08-11T14:04:00.000Z</Time><Position><LatitudeDegrees>58.62831497192383</LatitudeDegrees><LongitudeDegrees>59.790199279785156</LongitudeDegrees></Position></Trackpoint><Trackpoint><Time>2026-08-11T14:04:02.000Z</Time><Position><LatitudeDegrees>58.62831497192383</LatitudeDegrees><LongitudeDegrees>59.79020309448242</LongitudeDegrees></Position></Trackpoint><Trackpoint><Time>2026-08-11T14:04:04.000Z</Time><Position><LatitudeDegrees>58.62831115722656</LatitudeDegrees><LongitudeDegrees>59.79020690917969</LongitudeDegrees></Position></Trackpoint><Trackpoint><Time>2026-08-11T14:04:05.000Z</Time><Position><LatitudeDegrees>58.62831497192383</LatitudeDegrees><LongitudeDegrees>59.79021072387695</LongitudeDegrees></Position></Trackpoint><Trackpoint><Time>2026-08-11T14:04:06.000Z</Time><Position><LatitudeDegrees>58.628315016766024</LatitudeDegrees><LongitudeDegrees>59.790203512930525</LongitudeDegrees></Position></Trackpoint><Trackpoint><Time>2026-08-11T14:04:06.000Z</Time><Position><LatitudeDegrees>58.62832260131836</LatitudeDegrees><LongitudeDegrees>59.79023361206055</LongitudeDegrees></Position></Trackpoint><Trackpoint><Time>2026-08-11T14:04:08.000Z</Time><Position><LatitudeDegrees>58.62833023071289</LatitudeDegrees><LongitudeDegrees>59.790252685546875</LongitudeDegrees></Position></Trackpoint><Trackpoint><Time>2026-08-11T14:04:09.000Z</Time><Position><LatitudeDegrees>58.62833786010742</LatitudeDegrees><LongitudeDegrees>59.7902717590332</LongitudeDegrees></Position></Trackpoint><Trackpoint><Time>2026-08-11T14:04:10.000Z</Time><Position><LatitudeDegrees>58.62834930419922</LatitudeDegrees><LongitudeDegrees>59.790283203125</LongitudeDegrees></Position></Trackpoint><Trackpoint><Time>2026-08-11T14:04:11.000Z</Time><Position><LatitudeDegrees>58.628343188521015</LatitudeDegrees><LongitudeDegrees>59.79027240459809</LongitudeDegrees></Position></Trackpoint><Trackpoint><Time>2026-08-11T14:04:11.000Z</Time><Position><LatitudeDegrees>58.62835357891754</LatitudeDegrees><LongitudeDegrees>59.790286186870574</LongitudeDegrees></Position></Trackpoint><Trackpoint><Time>2026-08-11T14:04:13.000Z</Time><Position><LatitudeDegrees>58.628387451171875</LatitudeDegrees><LongitudeDegrees>59.790321350097656</LongitudeDegrees></Position></Trackpoint><Trackpoint><Time>2026-08-11T14:04:14.000Z</Time><Position><LatitudeDegrees>58.62839889526367</LatitudeDegrees><LongitudeDegrees>59.79032516479492</LongitudeDegrees></Position></Trackpoint><Trackpoint><Time>2026-08-11T14:04:15.000Z</Time><Position><LatitudeDegrees>58.62841033935547</LatitudeDegrees><LongitudeDegrees>59.79033660888672</LongitudeDegrees></Position></Trackpoint><Trackpoint><Time>2026-08-11T14:04:15.000Z</Time><Position><LatitudeDegrees>58.628421783447266</LatitudeDegrees><LongitudeDegrees>59.79035186767578</LongitudeDegrees></Position></Trackpoint><Trackpoint><Time>2026-08-11T14:04:17.000Z</Time><Position><LatitudeDegrees>58.6284294128418</LatitudeDegrees><LongitudeDegrees>59.79036331176758</LongitudeDegrees></Position></Trackpoint><Trackpoint><Time>2026-08-11T14:04:18.000Z</Time><Position><LatitudeDegrees>58.62843704223633</LatitudeDegrees><LongitudeDegrees>59.790367126464844</LongitudeDegrees></Position></Trackpoint><Trackpoint><Time>2026-08-11T14:04:18.000Z</Time><Position><LatitudeDegrees>58.628448486328125</LatitudeDegrees><LongitudeDegrees>59.79038619995117</LongitudeDegrees></Position></Trackpoint><Trackpoint><Time>2026-08-11T14:04:19.000Z</Time><Position><LatitudeDegrees>58.62846755981445</LatitudeDegrees><LongitudeDegrees>59.79039764404297</LongitudeDegrees></Position></Trackpoint><Trackpoint><Time>2026-08-11T14:04:21.000Z</Time><Position><LatitudeDegrees>58.628475189208984</LatitudeDegrees><LongitudeDegrees>59.790409088134766</LongitudeDegrees></Position></Trackpoint><Trackpoint><Time>2026-08-11T14:04:22.000Z</Time><Position><LatitudeDegrees>58.62848663330078</LatitudeDegrees><LongitudeDegrees>59.79042434692383</LongitudeDegrees></Position></Trackpoint><Trackpoint><Time>2026-08-11T14:04:23.000Z</Time><Position><LatitudeDegrees>58.62846938971291</LatitudeDegrees><LongitudeDegrees>59.79040626171075</LongitudeDegrees></Position></Trackpoint><Trackpoint><Time>2026-08-11T14:04:24.000Z</Time><Position><LatitudeDegrees>58.62849807739258</LatitudeDegrees><LongitudeDegrees>59.790470123291016</LongitudeDegrees></Position></Trackpoint><Trackpoint><Time>2026-08-11T14:04:25.000Z</Time><Position><LatitudeDegrees>58.62848762949361</LatitudeDegrees><LongitudeDegrees>59.790449289539346</LongitudeDegrees></Position></Trackpoint><Trackpoint><Time>2026-08-11T14:04:26.000Z</Time><Position><LatitudeDegrees>58.628501892089844</LatitudeDegrees><LongitudeDegrees>59.790489196777344</LongitudeDegrees></Position></Trackpoint><Trackpoint><Time>2026-08-11T14:04:28.000Z</Time><Position><LatitudeDegrees>58.62850570678711</LatitudeDegrees><LongitudeDegrees>59.790496826171875</LongitudeDegrees></Position></Trackpoint><Trackpoint><Time>2026-08-11T14:04:28.000Z</Time><Position><LatitudeDegrees>58.628509521484375</LatitudeDegrees><LongitudeDegrees>59.79051208496094</LongitudeDegrees></Position></Trackpoint><Trackpoint><Time>2026-08-11T14:04:29.000Z</Time><Position><LatitudeDegrees>58.628517150878906</LatitudeDegrees><LongitudeDegrees>59.79053497314453</LongitudeDegrees></Position></Trackpoint><Trackpoint><Time>2026-08-11T14:04:30.000Z</Time><Position><LatitudeDegrees>58.62852478027344</LatitudeDegrees><LongitudeDegrees>59.79056167602539</LongitudeDegrees></Position></Trackpoint><Trackpoint><Time>2026-08-11T14:04:31.000Z</Time><Position><LatitudeDegrees>58.62853240966797</LatitudeDegrees><LongitudeDegrees>59.79057693481445</LongitudeDegrees></Position></Trackpoint><Trackpoint><Time>2026-08-11T14:04:33.000Z</Time><Position><LatitudeDegrees>58.628523357195014</LatitudeDegrees><LongitudeDegrees>59.79055064481257</LongitudeDegrees></Position></Trackpoint><Trackpoint><Time>2026-08-11T14:04:34.000Z</Time><Position><LatitudeDegrees>58.62855529785156</LatitudeDegrees><LongitudeDegrees>59.790611267089844</LongitudeDegrees></Position></Trackpoint><Trackpoint><Time>2026-08-11T14:04:35.000Z</Time><Position><LatitudeDegrees>58.62856674194336</LatitudeDegrees><LongitudeDegrees>59.790626525878906</LongitudeDegrees></Position></Trackpoint><Trackpoint><Time>2026-08-11T14:04:36.000Z</Time><Position><LatitudeDegrees>58.628578186035156</LatitudeDegrees><LongitudeDegrees>59.790653228759766</LongitudeDegrees></Position></Trackpoint><Trackpoint><Time>2026-08-11T14:04:37.000Z</Time><Position><LatitudeDegrees>58.62859344482422</LatitudeDegrees><LongitudeDegrees>59.790672302246094</LongitudeDegrees></Position></Trackpoint><Trackpoint><Time>2026-08-11T14:04:37.000Z</Time><Position><LatitudeDegrees>58.628604888916016</LatitudeDegrees><LongitudeDegrees>59.79069137573242</LongitudeDegrees></Position></Trackpoint><Trackpoint><Time>2026-08-11T14:04:39.000Z</Time><Position><LatitudeDegrees>58.62862014770508</LatitudeDegrees><LongitudeDegrees>59.79071044921875</LongitudeDegrees></Position></Trackpoint><Trackpoint><Time>2026-08-11T14:04:40.000Z</Time><Position><LatitudeDegrees>58.62860638671069</LatitudeDegrees><LongitudeDegrees>59.79069363741421</LongitudeDegrees></Position></Trackpoint><Trackpoint><Time>2026-08-11T14:04:41.000Z</Time><Position><LatitudeDegrees>58.628631591796875</LatitudeDegrees><LongitudeDegrees>59.790740966796875</LongitudeDegrees></Position></Trackpoint><Trackpoint><Time>2026-08-11T14:04:42.000Z</Time><Position><LatitudeDegrees>58.628631591796875</LatitudeDegrees><LongitudeDegrees>59.79075622558594</LongitudeDegrees></Position></Trackpoint><Trackpoint><Time>2026-08-11T14:04:43.000Z</Time><Position><LatitudeDegrees>58.62862130431904</LatitudeDegrees><LongitudeDegrees>59.7907299682527</LongitudeDegrees></Position></Trackpoint><Trackpoint><Time>2026-08-11T14:04:44.000Z</Time><Position><LatitudeDegrees>58.62863540649414</LatitudeDegrees><LongitudeDegrees>59.79079818725586</LongitudeDegrees></Position></Trackpoint><Trackpoint><Time>2026-08-11T14:04:45.000Z</Time><Position><LatitudeDegrees>58.628628254706285</LatitudeDegrees><LongitudeDegrees>59.790765074387195</LongitudeDegrees></Position></Trackpoint><Trackpoint><Time>2026-08-11T14:04:46.000Z</Time><Position><LatitudeDegrees>58.62863540649414</LatitudeDegrees><LongitudeDegrees>59.79084777832031</LongitudeDegrees></Position></Trackpoint><Trackpoint><Time>2026-08-11T14:04:47.000Z</Time><Position><LatitudeDegrees>58.62863540649414</LatitudeDegrees><LongitudeDegrees>59.79087829589844</LongitudeDegrees></Position></Trackpoint><Trackpoint><Time>2026-08-11T14:04:48.000Z</Time><Position><LatitudeDegrees>58.62863540649414</LatitudeDegrees><LongitudeDegrees>59.79091262817383</LongitudeDegrees></Position></Trackpoint><Trackpoint><Time>2026-08-11T14:04:49.000Z</Time><Position><LatitudeDegrees>58.628631591796875</LatitudeDegrees><LongitudeDegrees>59.79094314575195</LongitudeDegrees></Position></Trackpoint><Trackpoint><Time>2026-08-11T14:04:49.000Z</Time><Position><LatitudeDegrees>58.628631591796875</LatitudeDegrees><LongitudeDegrees>59.79096603393555</LongitudeDegrees></Position></Trackpoint><Trackpoint><Time>2026-08-11T14:04:50.000Z</Time><Position><LatitudeDegrees>58.628631591796875</LatitudeDegrees><LongitudeDegrees>59.790985107421875</LongitudeDegrees></Position></Trackpoint><Trackpoint><Time>2026-08-11T14:04:51.000Z</Time><Position><LatitudeDegrees>58.628631591796875</LatitudeDegrees><LongitudeDegrees>59.79100799560547</LongitudeDegrees></Position></Trackpoint><Trackpoint><Time>2026-08-11T14:04:53.000Z</Time><Position><LatitudeDegrees>58.62863540649414</LatitudeDegrees><LongitudeDegrees>59.79103469848633</LongitudeDegrees></Position></Trackpoint><Trackpoint><Time>2026-08-11T14:04:54.000Z</Time><Position><LatitudeDegrees>58.628639221191406</LatitudeDegrees><LongitudeDegrees>59.79105758666992</LongitudeDegrees></Position></Trackpoint><Trackpoint><Time>2026-08-11T14:04:54.000Z</Time><Position><LatitudeDegrees>58.628636768532516</LatitudeDegrees><LongitudeDegrees>59.7910367072923</LongitudeDegrees></Position></Trackpoint><Trackpoint><Time>2026-08-11T14:04:56.000Z</Time><Position><LatitudeDegrees>58.62863569083283</LatitudeDegrees><LongitudeDegrees>59.79104988978835</LongitudeDegrees></Position></Trackpoint><Trackpoint><Time>2026-08-11T14:04:56.000Z</Time><Position><LatitudeDegrees>58.628631591796875</LatitudeDegrees><LongitudeDegrees>59.79113006591797</LongitudeDegrees></Position></Trackpoint><Trackpoint><Time>2026-08-11T14:04:58.000Z</Time><Position><LatitudeDegrees>58.628631591796875</LatitudeDegrees><LongitudeDegrees>59.79115676879883</LongitudeDegrees></Position></Trackpoint><Trackpoint><Time>2026-08-11T14:04:58.000Z</Time><Position><LatitudeDegrees>58.628631591796875</LatitudeDegrees><LongitudeDegrees>59.79118347167969</LongitudeDegrees></Position></Trackpoint><Trackpoint><Time>2026-08-11T14:05:00.000Z</Time><Position><LatitudeDegrees>58.62862777709961</LatitudeDegrees><LongitudeDegrees>59.79120635986328</LongitudeDegrees></Position></Trackpoint><Trackpoint><Time>2026-08-11T14:05:00.000Z</Time><Position><LatitudeDegrees>58.62863053993819</LatitudeDegrees><LongitudeDegrees>59.79116877839032</LongitudeDegrees></Position></Trackpoint><Trackpoint><Time>2026-08-11T14:05:02.000Z</Time><Position><LatitudeDegrees>58.628631591796875</LatitudeDegrees><LongitudeDegrees>59.7912483215332</LongitudeDegrees></Position></Trackpoint><Trackpoint><Time>2026-08-11T14:05:03.000Z</Time><Position><LatitudeDegrees>58.628631591796875</LatitudeDegrees><LongitudeDegrees>59.79126739501953</LongitudeDegrees></Position></Trackpoint><Trackpoint><Time>2026-08-11T14:05:03.000Z</Time><Position><LatitudeDegrees>58.62863540649414</LatitudeDegrees><LongitudeDegrees>59.791290283203125</LongitudeDegrees></Position></Trackpoint><Trackpoint><Time>2026-08-11T14:05:05.000Z</Time><Position><LatitudeDegrees>58.62863540649414</LatitudeDegrees><LongitudeDegrees>59.79131317138672</LongitudeDegrees></Position></Trackpoint><Trackpoint><Time>2026-08-11T14:05:06.000Z</Time><Position><LatitudeDegrees>58.62863540649414</LatitudeDegrees><LongitudeDegrees>59.79133605957031</LongitudeDegrees></Position></Trackpoint><Trackpoint><Time>2026-08-11T14:05:06.000Z</Time><Position><LatitudeDegrees>58.628639221191406</LatitudeDegrees><LongitudeDegrees>59.79136276245117</LongitudeDegrees></Position></Trackpoint><Trackpoint><Time>2026-08-11T14:05:08.000Z</Time><Position><LatitudeDegrees>58.628637157268074</LatitudeDegrees><LongitudeDegrees>59.79134608162733</LongitudeDegrees></Position></Trackpoint><Trackpoint><Time>2026-08-11T14:05:09.000Z</Time><Position><LatitudeDegrees>58.62863540649414</LatitudeDegrees><LongitudeDegrees>59.791419982910156</LongitudeDegrees></Position></Trackpoint><Trackpoint><Time>2026-08-11T14:05:10.000Z</Time><Position><LatitudeDegrees>58.62863540649414</LatitudeDegrees><LongitudeDegrees>59.791439056396484</LongitudeDegrees></Position></Trackpoint><Trackpoint><Time>2026-08-11T14:05:11.000Z</Time><Position><LatitudeDegrees>58.62863540649414</LatitudeDegrees><LongitudeDegrees>59.79146194458008</LongitudeDegrees></Position></Trackpoint><Trackpoint><Time>2026-08-11T14:05:11.000Z</Time><Position><LatitudeDegrees>58.62863540649414</LatitudeDegrees><LongitudeDegrees>59.79148483276367</LongitudeDegrees></Position></Trackpoint><Trackpoint><Time>2026-08-11T14:05:12.000Z</Time><Position><LatitudeDegrees>58.628631591796875</LatitudeDegrees><LongitudeDegrees>59.791507720947266</LongitudeDegrees></Position></Trackpoint><Trackpoint><Time>2026-08-11T14:05:13.000Z</Time><Position><LatitudeDegrees>58.628631591796875</LatitudeDegrees><LongitudeDegrees>59.791534423828125</LongitudeDegrees></Position></Trackpoint><Trackpoint><Time>2026-08-11T14:05:15.000Z</Time><Position><LatitudeDegrees>58.628631591796875</LatitudeDegrees><LongitudeDegrees>59.79156494140625</LongitudeDegrees></Position></Trackpoint><Trackpoint><Time>2026-08-11T14:05:16.000Z</Time><Position><LatitudeDegrees>58.628631591796875</LatitudeDegrees><LongitudeDegrees>59.79159164428711</LongitudeDegrees></Position></Trackpoint><Trackpoint><Time>2026-08-11T14:05:17.000Z</Time><Position><LatitudeDegrees>58.628632039323506</LatitudeDegrees><LongitudeDegrees>59.791570590266716</LongitudeDegrees></Position></Trackpoint><Trackpoint><Time>2026-08-11T14:05:18.000Z</Time><Position><LatitudeDegrees>58.62863540649414</LatitudeDegrees><LongitudeDegrees>59.791648864746094</LongitudeDegrees></Position></Trackpoint><Trackpoint><Time>2026-08-11T14:05:19.000Z</Time><Position><LatitudeDegrees>58.628639221191406</LatitudeDegrees><LongitudeDegrees>59.791683197021484</LongitudeDegrees></Position></Trackpoint><Trackpoint><Time>2026-08-11T14:05:20.000Z</Time><Position><LatitudeDegrees>58.628639221191406</LatitudeDegrees><LongitudeDegrees>59.791709899902344</LongitudeDegrees></Position></Trackpoint><Trackpoint><Time>2026-08-11T14:05:21.000Z</Time><Position><LatitudeDegrees>58.62863710108963</LatitudeDegrees><LongitudeDegrees>59.7916645871349</LongitudeDegrees></Position></Trackpoint><Trackpoint><Time>2026-08-11T14:05:21.000Z</Time><Position><LatitudeDegrees>58.628636841053286</LatitudeDegrees><LongitudeDegrees>59.791710161826956</LongitudeDegrees></Position></Trackpoint><Trackpoint><Time>2026-08-11T14:05:22.000Z</Time><Position><LatitudeDegrees>58.628631591796875</LatitudeDegrees><LongitudeDegrees>59.79177474975586</LongitudeDegrees></Position></Trackpoint><Trackpoint><Time>2026-08-11T14:05:23.000Z</Time><Position><LatitudeDegrees>58.628631591796875</LatitudeDegrees><LongitudeDegrees>59.79179382324219</LongitudeDegrees></Position></Trackpoint><Trackpoint><Time>2026-08-11T14:05:25.000Z</Time><Position><LatitudeDegrees>58.628631591796875</LatitudeDegrees><LongitudeDegrees>59.791812896728516</LongitudeDegrees></Position></Trackpoint><Trackpoint><Time>2026-08-11T14:05:25.000Z</Time><Position><LatitudeDegrees>58.628631591796875</LatitudeDegrees><LongitudeDegrees>59.79183578491211</LongitudeDegrees></Position></Trackpoint><Trackpoint><Time>2026-08-11T14:05:26.000Z</Time><Position><LatitudeDegrees>58.628631591796875</LatitudeDegrees><LongitudeDegrees>59.791866302490234</LongitudeDegrees></Position></Trackpoint><Trackpoint><Time>2026-08-11T14:05:28.000Z</Time><Position><LatitudeDegrees>58.62862777709961</LatitudeDegrees><LongitudeDegrees>59.79188919067383</LongitudeDegrees></Position></Trackpoint><Trackpoint><Time>2026-08-11T14:05:29.000Z</Time><Position><LatitudeDegrees>58.628623962402344</LatitudeDegrees><LongitudeDegrees>59.79191589355469</LongitudeDegrees></Position></Trackpoint><Trackpoint><Time>2026-08-11T14:05:30.000Z</Time><Position><LatitudeDegrees>58.628623962402344</LatitudeDegrees><LongitudeDegrees>59.79194641113281</LongitudeDegrees></Position></Trackpoint><Trackpoint><Time>2026-08-11T14:05:31.000Z</Time><Position><LatitudeDegrees>58.62862571449512</LatitudeDegrees><LongitudeDegrees>59.79192768708317</LongitudeDegrees></Position></Trackpoint><Trackpoint><Time>2026-08-11T14:05:31.000Z</Time><Position><LatitudeDegrees>58.628625491593645</LatitudeDegrees><LongitudeDegrees>59.79194371680029</LongitudeDegrees></Position></Trackpoint><Trackpoint><Time>2026-08-11T14:05:32.000Z</Time><Position><LatitudeDegrees>58.62862777709961</LatitudeDegrees><LongitudeDegrees>59.79202651977539</LongitudeDegrees></Position></Trackpoint><Trackpoint><Time>2026-08-11T14:05:33.000Z</Time><Position><LatitudeDegrees>58.62862777709961</LatitudeDegrees><LongitudeDegrees>59.79204559326172</LongitudeDegrees></Position></Trackpoint><Trackpoint><Time>2026-08-11T14:05:35.000Z</Time><Position><LatitudeDegrees>58.62862777709961</LatitudeDegrees><LongitudeDegrees>59.79206466674805</LongitudeDegrees></Position></Trackpoint><Trackpoint><Time>2026-08-11T14:05:36.000Z</Time><Position><LatitudeDegrees>58.62862777709961</LatitudeDegrees><LongitudeDegrees>59.79208755493164</LongitudeDegrees></Position></Trackpoint><Trackpoint><Time>2026-08-11T14:05:37.000Z</Time><Position><LatitudeDegrees>58.62862777709961</LatitudeDegrees><LongitudeDegrees>59.792110443115234</LongitudeDegrees></Position></Trackpoint><Trackpoint><Time>2026-08-11T14:05:38.000Z</Time><Position><LatitudeDegrees>58.62862777709961</LatitudeDegrees><LongitudeDegrees>59.79213333129883</LongitudeDegrees></Position></Trackpoint><Trackpoint><Time>2026-08-11T14:05:38.000Z</Time><Position><LatitudeDegrees>58.62862777709961</LatitudeDegrees><LongitudeDegrees>59.79216003417969</LongitudeDegrees></Position></Trackpoint><Trackpoint><Time>2026-08-11T14:05:40.000Z</Time><Position><LatitudeDegrees>58.62862777709961</LatitudeDegrees><LongitudeDegrees>59.79219055175781</LongitudeDegrees></Position></Trackpoint><Trackpoint><Time>2026-08-11T14:05:41.000Z</Time><Position><LatitudeDegrees>58.628623962402344</LatitudeDegrees><LongitudeDegrees>59.7922248840332</LongitudeDegrees></Position></Trackpoint><Trackpoint><Time>2026-08-11T14:05:42.000Z</Time><Position><LatitudeDegrees>58.628623962402344</LatitudeDegrees><LongitudeDegrees>59.79225540161133</LongitudeDegrees></Position></Trackpoint><Trackpoint><Time>2026-08-11T14:05:43.000Z</Time><Position><LatitudeDegrees>58.628623962402344</LatitudeDegrees><LongitudeDegrees>59.79228591918945</LongitudeDegrees></Position></Trackpoint><Trackpoint><Time>2026-08-11T14:05:43.000Z</Time><Position><LatitudeDegrees>58.628623962402344</LatitudeDegrees><LongitudeDegrees>59.79230499267578</LongitudeDegrees></Position></Trackpoint><Trackpoint><Time>2026-08-11T14:05:44.000Z</Time><Position><LatitudeDegrees>58.62862014770508</LatitudeDegrees><LongitudeDegrees>59.79232406616211</LongitudeDegrees></Position></Trackpoint><Trackpoint><Time>2026-08-11T14:05:46.000Z</Time><Position><LatitudeDegrees>58.628622636940435</LatitudeDegrees><LongitudeDegrees>59.792290184040816</LongitudeDegrees></Position></Trackpoint><Trackpoint><Time>2026-08-11T14:05:46.000Z</Time><Position><LatitudeDegrees>58.62862269006585</LatitudeDegrees><LongitudeDegrees>59.79232834358339</LongitudeDegrees></Position></Trackpoint><Trackpoint><Time>2026-08-11T14:05:48.000Z</Time><Position><LatitudeDegrees>58.62862777709961</LatitudeDegrees><LongitudeDegrees>59.79239273071289</LongitudeDegrees></Position></Trackpoint><Trackpoint><Time>2026-08-11T14:05:48.000Z</Time><Position><LatitudeDegrees>58.62862777709961</LatitudeDegrees><LongitudeDegrees>59.79241943359375</LongitudeDegrees></Position></Trackpoint><Trackpoint><Time>2026-08-11T14:05:50.000Z</Time><Position><LatitudeDegrees>58.628631591796875</LatitudeDegrees><LongitudeDegrees>59.79244613647461</LongitudeDegrees></Position></Trackpoint><Trackpoint><Time>2026-08-11T14:05:51.000Z</Time><Position><LatitudeDegrees>58.628631591796875</LatitudeDegrees><LongitudeDegrees>59.79247283935547</LongitudeDegrees></Position></Trackpoint><Trackpoint><Time>2026-08-11T14:05:51.000Z</Time><Position><LatitudeDegrees>58.628631591796875</LatitudeDegrees><LongitudeDegrees>59.79249954223633</LongitudeDegrees></Position></Trackpoint><Trackpoint><Time>2026-08-11T14:05:52.000Z</Time><Position><LatitudeDegrees>58.628630589470866</LatitudeDegrees><LongitudeDegrees>59.79248048807088</LongitudeDegrees></Position></Trackpoint><Trackpoint><Time>2026-08-11T14:05:53.000Z</Time><Position><LatitudeDegrees>58.62862777709961</LatitudeDegrees><LongitudeDegrees>59.792564392089844</LongitudeDegrees></Position></Trackpoint><Trackpoint><Time>2026-08-11T14:05:55.000Z</Time><Position><LatitudeDegrees>58.62862777709961</LatitudeDegrees><LongitudeDegrees>59.79259490966797</LongitudeDegrees></Position></Trackpoint><Trackpoint><Time>2026-08-11T14:05:55.000Z</Time><Position><LatitudeDegrees>58.628631591796875</LatitudeDegrees><LongitudeDegrees>59.79262161254883</LongitudeDegrees></Position></Trackpoint><Trackpoint><Time>2026-08-11T14:05:56.000Z</Time><Position><LatitudeDegrees>58.62863043646624</LatitudeDegrees><LongitudeDegrees>59.79259185019135</LongitudeDegrees></Position></Trackpoint><Trackpoint><Time>2026-08-11T14:05:58.000Z</Time><Position><LatitudeDegrees>58.62862777709961</LatitudeDegrees><LongitudeDegrees>59.79266357421875</LongitudeDegrees></Position></Trackpoint><Trackpoint><Time>2026-08-11T14:05:59.000Z</Time><Position><LatitudeDegrees>58.62862777709961</LatitudeDegrees><LongitudeDegrees>59.792686462402344</LongitudeDegrees></Position></Trackpoint><Trackpoint><Time>2026-08-11T14:06:00.000Z</Time><Position><LatitudeDegrees>58.62862777709961</LatitudeDegrees><LongitudeDegrees>59.7927131652832</LongitudeDegrees></Position></Trackpoint><Trackpoint><Time>2026-08-11T14:06:01.000Z</Time><Position><LatitudeDegrees>58.62862777709961</LatitudeDegrees><LongitudeDegrees>59.79273986816406</LongitudeDegrees></Position></Trackpoint><Trackpoint><Time>2026-08-11T14:06:01.000Z</Time><Position><LatitudeDegrees>58.628623962402344</LatitudeDegrees><LongitudeDegrees>59.79276657104492</LongitudeDegrees></Position></Trackpoint><Trackpoint><Time>2026-08-11T14:06:03.000Z</Time><Position><LatitudeDegrees>58.628623962402344</LatitudeDegrees><LongitudeDegrees>59.79279327392578</LongitudeDegrees></Position></Trackpoint><Trackpoint><Time>2026-08-11T14:06:04.000Z</Time><Position><LatitudeDegrees>58.62862777709961</LatitudeDegrees><LongitudeDegrees>59.792816162109375</LongitudeDegrees></Position></Trackpoint><Trackpoint><Time>2026-08-11T14:06:05.000Z</Time><Position><LatitudeDegrees>58.62862777709961</LatitudeDegrees><LongitudeDegrees>59.792842864990234</LongitudeDegrees></Position></Trackpoint><Trackpoint><Time>2026-08-11T14:06:05.000Z</Time><Position><LatitudeDegrees>58.628623962402344</LatitudeDegrees><LongitudeDegrees>59.79287338256836</LongitudeDegrees></Position></Trackpoint><Trackpoint><Time>2026-08-11T14:06:06.000Z</Time><Position><LatitudeDegrees>58.628623962402344</LatitudeDegrees><LongitudeDegrees>59.792911529541016</LongitudeDegrees></Position></Trackpoint><Trackpoint><Time>2026-08-11T14:06:08.000Z</Time><Position><LatitudeDegrees>58.62862014770508</LatitudeDegrees><LongitudeDegrees>59.792938232421875</LongitudeDegrees></Position></Trackpoint><Trackpoint><Time>2026-08-11T14:06:09.000Z</Time><Position><LatitudeDegrees>58.628623962402344</LatitudeDegrees><LongitudeDegrees>59.7929573059082</LongitudeDegrees></Position></Trackpoint><Trackpoint><Time>2026-08-11T14:06:10.000Z</Time><Position><LatitudeDegrees>58.628623962402344</LatitudeDegrees><LongitudeDegrees>59.79297637939453</LongitudeDegrees></Position></Trackpoint><Trackpoint><Time>2026-08-11T14:06:11.000Z</Time><Position><LatitudeDegrees>58.628623962402344</LatitudeDegrees><LongitudeDegrees>59.792999267578125</LongitudeDegrees></Position></Trackpoint><Trackpoint><Time>2026-08-11T14:06:12.000Z</Time><Position><LatitudeDegrees>58.628623962402344</LatitudeDegrees><LongitudeDegrees>59.79301834106445</LongitudeDegrees></Position></Trackpoint><Trackpoint><Time>2026-08-11T14:06:12.000Z</Time><Position><LatitudeDegrees>58.628623962402344</LatitudeDegrees><LongitudeDegrees>59.79304504394531</LongitudeDegrees></Position></Trackpoint><Trackpoint><Time>2026-08-11T14:06:14.000Z</Time><Position><LatitudeDegrees>58.628623962402344</LatitudeDegrees><LongitudeDegrees>59.79307174682617</LongitudeDegrees></Position></Trackpoint><Trackpoint><Time>2026-08-11T14:06:14.000Z</Time><Position><LatitudeDegrees>58.62862777709961</LatitudeDegrees><LongitudeDegrees>59.793094635009766</LongitudeDegrees></Position></Trackpoint><Trackpoint><Time>2026-08-11T14:06:15.000Z</Time><Position><LatitudeDegrees>58.628623962402344</LatitudeDegrees><LongitudeDegrees>59.79311752319336</LongitudeDegrees></Position></Trackpoint><Trackpoint><Time>2026-08-11T14:06:16.000Z</Time><Position><LatitudeDegrees>58.628623962402344</LatitudeDegrees><LongitudeDegrees>59.79314041137695</LongitudeDegrees></Position></Trackpoint><Trackpoint><Time>2026-08-11T14:06:17.000Z</Time><Position><LatitudeDegrees>58.628623962402344</LatitudeDegrees><LongitudeDegrees>59.793155670166016</LongitudeDegrees></Position></Trackpoint><Trackpoint><Time>2026-08-11T14:06:18.000Z</Time><Position><LatitudeDegrees>58.628623962402344</LatitudeDegrees><LongitudeDegrees>59.79317092895508</LongitudeDegrees></Position></Trackpoint><Trackpoint><Time>2026-08-11T14:06:19.000Z</Time><Position><LatitudeDegrees>58.628623962402344</LatitudeDegrees><LongitudeDegrees>59.793190002441406</LongitudeDegrees></Position></Trackpoint><Trackpoint><Time>2026-08-11T14:06:20.000Z</Time><Position><LatitudeDegrees>58.628623962402344</LatitudeDegrees><LongitudeDegrees>59.793209075927734</LongitudeDegrees></Position></Trackpoint><Trackpoint><Time>2026-08-11T14:06:21.000Z</Time><Position><LatitudeDegrees>58.62862404402065</LatitudeDegrees><LongitudeDegrees>59.793182541254495</LongitudeDegrees></Position></Trackpoint><Trackpoint><Time>2026-08-11T14:06:22.000Z</Time><Position><LatitudeDegrees>58.62862777709961</LatitudeDegrees><LongitudeDegrees>59.79325866699219</LongitudeDegrees></Position></Trackpoint><Trackpoint><Time>2026-08-11T14:06:23.000Z</Time><Position><LatitudeDegrees>58.628631591796875</LatitudeDegrees><LongitudeDegrees>59.79329299926758</LongitudeDegrees></Position></Trackpoint><Trackpoint><Time>2026-08-11T14:06:24.000Z</Time><Position><LatitudeDegrees>58.628631591796875</LatitudeDegrees><LongitudeDegrees>59.79331588745117</LongitudeDegrees></Position></Trackpoint><Trackpoint><Time>2026-08-11T14:06:26.000Z</Time><Position><LatitudeDegrees>58.628631591796875</LatitudeDegrees><LongitudeDegrees>59.7933349609375</LongitudeDegrees></Position></Trackpoint><Trackpoint><Time>2026-08-11T14:06:27.000Z</Time><Position><LatitudeDegrees>58.62863190512023</LatitudeDegrees><LongitudeDegrees>59.79331241447688</LongitudeDegrees></Position></Trackpoint><Trackpoint><Time>2026-08-11T14:06:28.000Z</Time><Position><LatitudeDegrees>58.62863235397757</LatitudeDegrees><LongitudeDegrees>59.79332053060088</LongitudeDegrees></Position></Trackpoint><Trackpoint><Time>2026-08-11T14:06:29.000Z</Time><Position><LatitudeDegrees>58.628631591796875</LatitudeDegrees><LongitudeDegrees>59.793399810791016</LongitudeDegrees></Position></Trackpoint><Trackpoint><Time>2026-08-11T14:06:29.000Z</Time><Position><LatitudeDegrees>58.628631591796875</LatitudeDegrees><LongitudeDegrees>59.793426513671875</LongitudeDegrees></Position></Trackpoint><Trackpoint><Time>2026-08-11T14:06:31.000Z</Time><Position><LatitudeDegrees>58.62862777709961</LatitudeDegrees><LongitudeDegrees>59.793453216552734</LongitudeDegrees></Position></Trackpoint><Trackpoint><Time>2026-08-11T14:06:31.000Z</Time><Position><LatitudeDegrees>58.62862777709961</LatitudeDegrees><LongitudeDegrees>59.793479919433594</LongitudeDegrees></Position></Trackpoint><Trackpoint><Time>2026-08-11T14:06:33.000Z</Time><Position><LatitudeDegrees>58.62862777709961</LatitudeDegrees><LongitudeDegrees>59.79351043701172</LongitudeDegrees></Position></Trackpoint><Trackpoint><Time>2026-08-11T14:06:33.000Z</Time><Position><LatitudeDegrees>58.62862777709961</LatitudeDegrees><LongitudeDegrees>59.793540954589844</LongitudeDegrees></Position></Trackpoint><Trackpoint><Time>2026-08-11T14:06:34.000Z</Time><Position><LatitudeDegrees>58.62862777709961</LatitudeDegrees><LongitudeDegrees>59.79356384277344</LongitudeDegrees></Position></Trackpoint><Trackpoint><Time>2026-08-11T14:06:35.000Z</Time><Position><LatitudeDegrees>58.628623962402344</LatitudeDegrees><LongitudeDegrees>59.79358673095703</LongitudeDegrees></Position></Trackpoint><Trackpoint><Time>2026-08-11T14:06:36.000Z</Time><Position><LatitudeDegrees>58.628623962402344</LatitudeDegrees><LongitudeDegrees>59.79360580444336</LongitudeDegrees></Position></Trackpoint><Trackpoint><Time>2026-08-11T14:06:38.000Z</Time><Position><LatitudeDegrees>58.628623962402344</LatitudeDegrees><LongitudeDegrees>59.79362487792969</LongitudeDegrees></Position></Trackpoint><Trackpoint><Time>2026-08-11T14:06:39.000Z</Time><Position><LatitudeDegrees>58.628623962402344</LatitudeDegrees><LongitudeDegrees>59.79365158081055</LongitudeDegrees></Position></Trackpoint><Trackpoint><Time>2026-08-11T14:06:40.000Z</Time><Position><LatitudeDegrees>58.62862442651986</LatitudeDegrees><LongitudeDegrees>59.79363277265859</LongitudeDegrees></Position></Trackpoint><Trackpoint><Time>2026-08-11T14:06:40.000Z</Time><Position><LatitudeDegrees>58.628623962402344</LatitudeDegrees><LongitudeDegrees>59.793701171875</LongitudeDegrees></Position></Trackpoint><Trackpoint><Time>2026-08-11T14:06:42.000Z</Time><Position><LatitudeDegrees>58.628623962402344</LatitudeDegrees><LongitudeDegrees>59.793731689453125</LongitudeDegrees></Position></Trackpoint><Trackpoint><Time>2026-08-11T14:06:43.000Z</Time><Position><LatitudeDegrees>58.62862777709961</LatitudeDegrees><LongitudeDegrees>59.79375457763672</LongitudeDegrees></Position></Trackpoint><Trackpoint><Time>2026-08-11T14:06:44.000Z</Time><Position><LatitudeDegrees>58.62862777709961</LatitudeDegrees><LongitudeDegrees>59.79377365112305</LongitudeDegrees></Position></Trackpoint><Trackpoint><Time>2026-08-11T14:06:44.000Z</Time><Position><LatitudeDegrees>58.62862777709961</LatitudeDegrees><LongitudeDegrees>59.79379653930664</LongitudeDegrees></Position></Trackpoint><Trackpoint><Time>2026-08-11T14:06:46.000Z</Time><Position><LatitudeDegrees>58.62862777709961</LatitudeDegrees><LongitudeDegrees>59.79381561279297</LongitudeDegrees></Position></Trackpoint><Trackpoint><Time>2026-08-11T14:06:47.000Z</Time><Position><LatitudeDegrees>58.62862777709961</LatitudeDegrees><LongitudeDegrees>59.79384231567383</LongitudeDegrees></Position></Trackpoint><Trackpoint><Time>2026-08-11T14:06:48.000Z</Time><Position><LatitudeDegrees>58.62862777709961</LatitudeDegrees><LongitudeDegrees>59.79386520385742</LongitudeDegrees></Position></Trackpoint><Trackpoint><Time>2026-08-11T14:06:49.000Z</Time><Position><LatitudeDegrees>58.62862777709961</LatitudeDegrees><LongitudeDegrees>59.79389190673828</LongitudeDegrees></Position></Trackpoint><Trackpoint><Time>2026-08-11T14:06:49.000Z</Time><Position><LatitudeDegrees>58.628623962402344</LatitudeDegrees><LongitudeDegrees>59.793922424316406</LongitudeDegrees></Position></Trackpoint><Trackpoint><Time>2026-08-11T14:06:51.000Z</Time><Position><LatitudeDegrees>58.62862014770508</LatitudeDegrees><LongitudeDegrees>59.79395294189453</LongitudeDegrees></Position></Trackpoint><Trackpoint><Time>2026-08-11T14:06:51.000Z</Time><Position><LatitudeDegrees>58.628623962402344</LatitudeDegrees><LongitudeDegrees>59.793983459472656</LongitudeDegrees></Position></Trackpoint><Trackpoint><Time>2026-08-11T14:06:52.000Z</Time><Position><LatitudeDegrees>58.628623962402344</LatitudeDegrees><LongitudeDegrees>59.79400634765625</LongitudeDegrees></Position></Trackpoint><Trackpoint><Time>2026-08-11T14:06:53.000Z</Time><Position><LatitudeDegrees>58.62862777709961</LatitudeDegrees><LongitudeDegrees>59.79402160644531</LongitudeDegrees></Position></Trackpoint><Trackpoint><Time>2026-08-11T14:06:55.000Z</Time><Position><LatitudeDegrees>58.62862777709961</LatitudeDegrees><LongitudeDegrees>59.794044494628906</LongitudeDegrees></Position></Trackpoint><Trackpoint><Time>2026-08-11T14:06:55.000Z</Time><Position><LatitudeDegrees>58.628623962402344</LatitudeDegrees><LongitudeDegrees>59.7940673828125</LongitudeDegrees></Position></Trackpoint><Trackpoint><Time>2026-08-11T14:06:57.000Z</Time><Position><LatitudeDegrees>58.628623962402344</LatitudeDegrees><LongitudeDegrees>59.794090270996094</LongitudeDegrees></Position></Trackpoint><Trackpoint><Time>2026-08-11T14:06:58.000Z</Time><Position><LatitudeDegrees>58.62862014770508</LatitudeDegrees><LongitudeDegrees>59.79411315917969</LongitudeDegrees></Position></Trackpoint><Trackpoint><Time>2026-08-11T14:06:59.000Z</Time><Position><LatitudeDegrees>58.628623962402344</LatitudeDegrees><LongitudeDegrees>59.79413604736328</LongitudeDegrees></Position></Trackpoint><Trackpoint><Time>2026-08-11T14:07:00.000Z</Time><Position><LatitudeDegrees>58.62862227967754</LatitudeDegrees><LongitudeDegrees>59.79412070064487</LongitudeDegrees></Position></Trackpoint><Trackpoint><Time>2026-08-11T14:07:01.000Z</Time><Position><LatitudeDegrees>58.62862014770508</LatitudeDegrees><LongitudeDegrees>59.794193267822266</LongitudeDegrees></Position></Trackpoint><Trackpoint><Time>2026-08-11T14:07:02.000Z</Time><Position><LatitudeDegrees>58.628623962402344</LatitudeDegrees><LongitudeDegrees>59.79422378540039</LongitudeDegrees></Position></Trackpoint><Trackpoint><Time>2026-08-11T14:07:03.000Z</Time><Position><LatitudeDegrees>58.628623962402344</LatitudeDegrees><LongitudeDegrees>59.79425048828125</LongitudeDegrees></Position></Trackpoint><Trackpoint><Time>2026-08-11T14:07:04.000Z</Time><Position><LatitudeDegrees>58.628624811998144</LatitudeDegrees><LongitudeDegrees>59.79422589740582</LongitudeDegrees></Position></Trackpoint><Trackpoint><Time>2026-08-11T14:07:05.000Z</Time><Position><LatitudeDegrees>58.62862777709961</LatitudeDegrees><LongitudeDegrees>59.79429626464844</LongitudeDegrees></Position></Trackpoint><Trackpoint><Time>2026-08-11T14:07:06.000Z</Time><Position><LatitudeDegrees>58.62862014770508</LatitudeDegrees><LongitudeDegrees>59.794315338134766</LongitudeDegrees></Position></Trackpoint><Trackpoint><Time>2026-08-11T14:07:07.000Z</Time><Position><LatitudeDegrees>58.628623338739835</LatitudeDegrees><LongitudeDegrees>59.79428309994157</LongitudeDegrees></Position></Trackpoint><Trackpoint><Time>2026-08-11T14:07:07.000Z</Time><Position><LatitudeDegrees>58.62861633300781</LatitudeDegrees><LongitudeDegrees>59.79436492919922</LongitudeDegrees></Position></Trackpoint><Trackpoint><Time>2026-08-11T14:07:09.000Z</Time><Position><LatitudeDegrees>58.628614761258206</LatitudeDegrees><LongitudeDegrees>59.7943460549183</LongitudeDegrees></Position></Trackpoint><Trackpoint><Time>2026-08-11T14:07:10.000Z</Time><Position><LatitudeDegrees>58.62859344482422</LatitudeDegrees><LongitudeDegrees>59.79441452026367</LongitudeDegrees></Position></Trackpoint><Trackpoint><Time>2026-08-11T14:07:11.000Z</Time><Position><LatitudeDegrees>58.62858200073242</LatitudeDegrees><LongitudeDegrees>59.79444122314453</LongitudeDegrees></Position></Trackpoint><Trackpoint><Time>2026-08-11T14:07:12.000Z</Time><Position><LatitudeDegrees>58.628578186035156</LatitudeDegrees><LongitudeDegrees>59.794464111328125</LongitudeDegrees></Position></Trackpoint><Trackpoint><Time>2026-08-11T14:07:13.000Z</Time><Position><LatitudeDegrees>58.628578186035156</LatitudeDegrees><LongitudeDegrees>59.794490814208984</LongitudeDegrees></Position></Trackpoint><Trackpoint><Time>2026-08-11T14:07:14.000Z</Time><Position><LatitudeDegrees>58.62858072209352</LatitudeDegrees><LongitudeDegrees>59.79447408671296</LongitudeDegrees></Position></Trackpoint><Trackpoint><Time>2026-08-11T14:07:14.000Z</Time><Position><LatitudeDegrees>58.62857968935745</LatitudeDegrees><LongitudeDegrees>59.7944832322032</LongitudeDegrees></Position></Trackpoint><Trackpoint><Time>2026-08-11T14:07:16.000Z</Time><Position><LatitudeDegrees>58.62856674194336</LatitudeDegrees><LongitudeDegrees>59.794559478759766</LongitudeDegrees></Position></Trackpoint><Trackpoint><Time>2026-08-11T14:07:16.000Z</Time><Position><LatitudeDegrees>58.62855911254883</LatitudeDegrees><LongitudeDegrees>59.794578552246094</LongitudeDegrees></Position></Trackpoint><Trackpoint><Time>2026-08-11T14:07:18.000Z</Time><Position><LatitudeDegrees>58.62855911254883</LatitudeDegrees><LongitudeDegrees>59.79460144042969</LongitudeDegrees></Position></Trackpoint><Trackpoint><Time>2026-08-11T14:07:19.000Z</Time><Position><LatitudeDegrees>58.628562927246094</LatitudeDegrees><LongitudeDegrees>59.79462814331055</LongitudeDegrees></Position></Trackpoint><Trackpoint><Time>2026-08-11T14:07:19.000Z</Time><Position><LatitudeDegrees>58.628562927246094</LatitudeDegrees><LongitudeDegrees>59.79465103149414</LongitudeDegrees></Position></Trackpoint><Trackpoint><Time>2026-08-11T14:07:21.000Z</Time><Position><LatitudeDegrees>58.6285514831543</LatitudeDegrees><LongitudeDegrees>59.794681549072266</LongitudeDegrees></Position></Trackpoint><Trackpoint><Time>2026-08-11T14:07:22.000Z</Time><Position><LatitudeDegrees>58.628543853759766</LatitudeDegrees><LongitudeDegrees>59.79470443725586</LongitudeDegrees></Position></Trackpoint><Trackpoint><Time>2026-08-11T14:07:23.000Z</Time><Position><LatitudeDegrees>58.628536224365234</LatitudeDegrees><LongitudeDegrees>59.794734954833984</LongitudeDegrees></Position></Trackpoint><Trackpoint><Time>2026-08-11T14:07:24.000Z</Time><Position><LatitudeDegrees>58.628536224365234</LatitudeDegrees><LongitudeDegrees>59.794761657714844</LongitudeDegrees></Position></Trackpoint><Trackpoint><Time>2026-08-11T14:07:24.000Z</Time><Position><LatitudeDegrees>58.6285400390625</LatitudeDegrees><LongitudeDegrees>59.79478454589844</LongitudeDegrees></Position></Trackpoint><Trackpoint><Time>2026-08-11T14:07:26.000Z</Time><Position><LatitudeDegrees>58.62853873761531</LatitudeDegrees><LongitudeDegrees>59.7947634411548</LongitudeDegrees></Position></Trackpoint><Trackpoint><Time>2026-08-11T14:07:26.000Z</Time><Position><LatitudeDegrees>58.62852478027344</LatitudeDegrees><LongitudeDegrees>59.794822692871094</LongitudeDegrees></Position></Trackpoint><Trackpoint><Time>2026-08-11T14:07:28.000Z</Time><Position><LatitudeDegrees>58.62852096557617</LatitudeDegrees><LongitudeDegrees>59.79484558105469</LongitudeDegrees></Position></Trackpoint><Trackpoint><Time>2026-08-11T14:07:29.000Z</Time><Position><LatitudeDegrees>58.62852348686372</LatitudeDegrees><LongitudeDegrees>59.79483008837277</LongitudeDegrees></Position></Trackpoint><Trackpoint><Time>2026-08-11T14:07:29.000Z</Time><Position><LatitudeDegrees>58.62850570678711</LatitudeDegrees><LongitudeDegrees>59.794898986816406</LongitudeDegrees></Position></Trackpoint><Trackpoint><Time>2026-08-11T14:07:31.000Z</Time><Position><LatitudeDegrees>58.62851589567494</LatitudeDegrees><LongitudeDegrees>59.794868475475084</LongitudeDegrees></Position></Trackpoint><Trackpoint><Time>2026-08-11T14:07:32.000Z</Time><Position><LatitudeDegrees>58.62851620156795</LatitudeDegrees><LongitudeDegrees>59.79487725268422</LongitudeDegrees></Position></Trackpoint><Trackpoint><Time>2026-08-11T14:07:32.000Z</Time><Position><LatitudeDegrees>58.6285206415983</LatitudeDegrees><LongitudeDegrees>59.794902805475814</LongitudeDegrees></Position></Trackpoint><Trackpoint><Time>2026-08-11T14:07:34.000Z</Time><Position><LatitudeDegrees>58.628543853759766</LatitudeDegrees><LongitudeDegrees>59.794960021972656</LongitudeDegrees></Position></Trackpoint><Trackpoint><Time>2026-08-11T14:07:35.000Z</Time><Position><LatitudeDegrees>58.62855911254883</LatitudeDegrees><LongitudeDegrees>59.79497528076172</LongitudeDegrees></Position></Trackpoint><Trackpoint><Time>2026-08-11T14:07:36.000Z</Time><Position><LatitudeDegrees>58.62854374668912</LatitudeDegrees><LongitudeDegrees>59.79494863024067</LongitudeDegrees></Position></Trackpoint><Trackpoint><Time>2026-08-11T14:07:37.000Z</Time><Position><LatitudeDegrees>58.62858581542969</LatitudeDegrees><LongitudeDegrees>59.79499816894531</LongitudeDegrees></Position></Trackpoint><Trackpoint><Time>2026-08-11T14:07:37.000Z</Time><Position><LatitudeDegrees>58.628597259521484</LatitudeDegrees><LongitudeDegrees>59.79500198364258</LongitudeDegrees></Position></Trackpoint><Trackpoint><Time>2026-08-11T14:07:38.000Z</Time><Position><LatitudeDegrees>58.62861251831055</LatitudeDegrees><LongitudeDegrees>59.795013427734375</LongitudeDegrees></Position></Trackpoint><Trackpoint><Time>2026-08-11T14:07:39.000Z</Time><Position><LatitudeDegrees>58.62862777709961</LatitudeDegrees><LongitudeDegrees>59.79502487182617</LongitudeDegrees></Position></Trackpoint><Trackpoint><Time>2026-08-11T14:07:40.000Z</Time><Position><LatitudeDegrees>58.62863540649414</LatitudeDegrees><LongitudeDegrees>59.795040130615234</LongitudeDegrees></Position></Trackpoint><Trackpoint><Time>2026-08-11T14:07:42.000Z</Time><Position><LatitudeDegrees>58.62862332495802</LatitudeDegrees><LongitudeDegrees>59.795029944415276</LongitudeDegrees></Position></Trackpoint><Trackpoint><Time>2026-08-11T14:07:42.000Z</Time><Position><LatitudeDegrees>58.62864685058594</LatitudeDegrees><LongitudeDegrees>59.795066833496094</LongitudeDegrees></Position></Trackpoint><Trackpoint><Time>2026-08-11T14:07:44.000Z</Time><Position><LatitudeDegrees>58.628631140162234</LatitudeDegrees><LongitudeDegrees>59.79504462017557</LongitudeDegrees></Position></Trackpoint><Trackpoint><Time>2026-08-11T14:07:45.000Z</Time><Position><LatitudeDegrees>58.62864685058594</LatitudeDegrees><LongitudeDegrees>59.795101165771484</LongitudeDegrees></Position></Trackpoint><Trackpoint><Time>2026-08-11T14:07:45.000Z</Time><Position><LatitudeDegrees>58.62863901386539</LatitudeDegrees><LongitudeDegrees>59.79508881156282</LongitudeDegrees></Position></Trackpoint><Trackpoint><Time>2026-08-11T14:07:46.000Z</Time><Position><LatitudeDegrees>58.628640454785675</LatitudeDegrees><LongitudeDegrees>59.79511510385832</LongitudeDegrees></Position></Trackpoint><Trackpoint><Time>2026-08-11T14:07:48.000Z</Time><Position><LatitudeDegrees>58.62864376746475</LatitudeDegrees><LongitudeDegrees>59.79514229461002</LongitudeDegrees></Position></Trackpoint><Trackpoint><Time>2026-08-11T14:07:48.000Z</Time><Position><LatitudeDegrees>58.62864303588867</LatitudeDegrees><LongitudeDegrees>59.79520797729492</LongitudeDegrees></Position></Trackpoint><Trackpoint><Time>2026-08-11T14:07:50.000Z</Time><Position><LatitudeDegrees>58.62864246166505</LatitudeDegrees><LongitudeDegrees>59.795180573926665</LongitudeDegrees></Position></Trackpoint><Trackpoint><Time>2026-08-11T14:07:50.000Z</Time><Position><LatitudeDegrees>58.628639221191406</LatitudeDegrees><LongitudeDegrees>59.795249938964844</LongitudeDegrees></Position></Trackpoint><Trackpoint><Time>2026-08-11T14:07:51.000Z</Time><Position><LatitudeDegrees>58.62863954964699</LatitudeDegrees><LongitudeDegrees>59.79523253153929</LongitudeDegrees></Position></Trackpoint><Trackpoint><Time>2026-08-11T14:07:52.000Z</Time><Position><LatitudeDegrees>58.628631591796875</LatitudeDegrees><LongitudeDegrees>59.795291900634766</LongitudeDegrees></Position></Trackpoint><Trackpoint><Time>2026-08-11T14:07:53.000Z</Time><Position><LatitudeDegrees>58.628623962402344</LatitudeDegrees><LongitudeDegrees>59.795310974121094</LongitudeDegrees></Position></Trackpoint><Trackpoint><Time>2026-08-11T14:07:54.000Z</Time><Position><LatitudeDegrees>58.62862014770508</LatitudeDegrees><LongitudeDegrees>59.79533386230469</LongitudeDegrees></Position></Trackpoint><Trackpoint><Time>2026-08-11T14:07:56.000Z</Time><Position><LatitudeDegrees>58.62862777709961</LatitudeDegrees><LongitudeDegrees>59.79536056518555</LongitudeDegrees></Position></Trackpoint><Trackpoint><Time>2026-08-11T14:07:57.000Z</Time><Position><LatitudeDegrees>58.62862014770508</LatitudeDegrees><LongitudeDegrees>59.795387268066406</LongitudeDegrees></Position></Trackpoint><Trackpoint><Time>2026-08-11T14:07:57.000Z</Time><Position><LatitudeDegrees>58.62861633300781</LatitudeDegrees><LongitudeDegrees>59.79541778564453</LongitudeDegrees></Position></Trackpoint><Trackpoint><Time>2026-08-11T14:07:58.000Z</Time><Position><LatitudeDegrees>58.62861251831055</LatitudeDegrees><LongitudeDegrees>59.79544448852539</LongitudeDegrees></Position></Trackpoint><Trackpoint><Time>2026-08-11T14:08:00.000Z</Time><Position><LatitudeDegrees>58.62860870361328</LatitudeDegrees><LongitudeDegrees>59.795467376708984</LongitudeDegrees></Position></Trackpoint><Trackpoint><Time>2026-08-11T14:08:00.000Z</Time><Position><LatitudeDegrees>58.62860870361328</LatitudeDegrees><LongitudeDegrees>59.79549026489258</LongitudeDegrees></Position></Trackpoint><Trackpoint><Time>2026-08-11T14:08:01.000Z</Time><Position><LatitudeDegrees>58.628604888916016</LatitudeDegrees><LongitudeDegrees>59.79551696777344</LongitudeDegrees></Position></Trackpoint><Trackpoint><Time>2026-08-11T14:08:03.000Z</Time><Position><LatitudeDegrees>58.62860107421875</LatitudeDegrees><LongitudeDegrees>59.795536041259766</LongitudeDegrees></Position></Trackpoint><Trackpoint><Time>2026-08-11T14:08:04.000Z</Time><Position><LatitudeDegrees>58.628597259521484</LatitudeDegrees><LongitudeDegrees>59.795562744140625</LongitudeDegrees></Position></Trackpoint><Trackpoint><Time>2026-08-11T14:08:04.000Z</Time><Position><LatitudeDegrees>58.62859344482422</LatitudeDegrees><LongitudeDegrees>59.79558181762695</LongitudeDegrees></Position></Trackpoint><Trackpoint><Time>2026-08-11T14:08:06.000Z</Time><Position><LatitudeDegrees>58.62858581542969</LatitudeDegrees><LongitudeDegrees>59.79560470581055</LongitudeDegrees></Position></Trackpoint><Trackpoint><Time>2026-08-11T14:08:07.000Z</Time><Position><LatitudeDegrees>58.62858581542969</LatitudeDegrees><LongitudeDegrees>59.79562759399414</LongitudeDegrees></Position></Trackpoint><Trackpoint><Time>2026-08-11T14:08:07.000Z</Time><Position><LatitudeDegrees>58.62858200073242</LatitudeDegrees><LongitudeDegrees>59.795650482177734</LongitudeDegrees></Position></Trackpoint><Trackpoint><Time>2026-08-11T14:08:08.000Z</Time><Position><LatitudeDegrees>58.62858200073242</LatitudeDegrees><LongitudeDegrees>59.79567337036133</LongitudeDegrees></Position></Trackpoint><Trackpoint><Time>2026-08-11T14:08:09.000Z</Time><Position><LatitudeDegrees>58.628578186035156</LatitudeDegrees><LongitudeDegrees>59.79570388793945</LongitudeDegrees></Position></Trackpoint><Trackpoint><Time>2026-08-11T14:08:11.000Z</Time><Position><LatitudeDegrees>58.62857437133789</LatitudeDegrees><LongitudeDegrees>59.79572677612305</LongitudeDegrees></Position></Trackpoint><Trackpoint><Time>2026-08-11T14:08:12.000Z</Time><Position><LatitudeDegrees>58.62857437133789</LatitudeDegrees><LongitudeDegrees>59.79574203491211</LongitudeDegrees></Position></Trackpoint><Trackpoint><Time>2026-08-11T14:08:13.000Z</Time><Position><LatitudeDegrees>58.62856674194336</LatitudeDegrees><LongitudeDegrees>59.79576873779297</LongitudeDegrees></Position></Trackpoint><Trackpoint><Time>2026-08-11T14:08:13.000Z</Time><Position><LatitudeDegrees>58.628570556640625</LatitudeDegrees><LongitudeDegrees>59.79579162597656</LongitudeDegrees></Position></Trackpoint><Trackpoint><Time>2026-08-11T14:08:15.000Z</Time><Position><LatitudeDegrees>58.62857437133789</LatitudeDegrees><LongitudeDegrees>59.795799255371094</LongitudeDegrees></Position></Trackpoint><Trackpoint><Time>2026-08-11T14:08:16.000Z</Time><Position><LatitudeDegrees>58.62856674194336</LatitudeDegrees><LongitudeDegrees>59.79582977294922</LongitudeDegrees></Position></Trackpoint><Trackpoint><Time>2026-08-11T14:08:17.000Z</Time><Position><LatitudeDegrees>58.628562927246094</LatitudeDegrees><LongitudeDegrees>59.79585647583008</LongitudeDegrees></Position></Trackpoint><Trackpoint><Time>2026-08-11T14:08:17.000Z</Time><Position><LatitudeDegrees>58.62855529785156</LatitudeDegrees><LongitudeDegrees>59.79588317871094</LongitudeDegrees></Position></Trackpoint><Trackpoint><Time>2026-08-11T14:08:18.000Z</Time><Position><LatitudeDegrees>58.6285514831543</LatitudeDegrees><LongitudeDegrees>59.79591369628906</LongitudeDegrees></Position></Trackpoint><Trackpoint><Time>2026-08-11T14:08:19.000Z</Time><Position><LatitudeDegrees>58.6285514831543</LatitudeDegrees><LongitudeDegrees>59.79594802856445</LongitudeDegrees></Position></Trackpoint><Trackpoint><Time>2026-08-11T14:08:21.000Z</Time><Position><LatitudeDegrees>58.628543853759766</LatitudeDegrees><LongitudeDegrees>59.79597473144531</LongitudeDegrees></Position></Trackpoint><Trackpoint><Time>2026-08-11T14:08:22.000Z</Time><Position><LatitudeDegrees>58.628543853759766</LatitudeDegrees><LongitudeDegrees>59.795997619628906</LongitudeDegrees></Position></Trackpoint><Trackpoint><Time>2026-08-11T14:08:23.000Z</Time><Position><LatitudeDegrees>58.628543853759766</LatitudeDegrees><LongitudeDegrees>59.7960205078125</LongitudeDegrees></Position></Trackpoint><Trackpoint><Time>2026-08-11T14:08:24.000Z</Time><Position><LatitudeDegrees>58.6285400390625</LatitudeDegrees><LongitudeDegrees>59.796043395996094</LongitudeDegrees></Position></Trackpoint><Trackpoint><Time>2026-08-11T14:08:24.000Z</Time><Position><LatitudeDegrees>58.6285400390625</LatitudeDegrees><LongitudeDegrees>59.79606246948242</LongitudeDegrees></Position></Trackpoint><Trackpoint><Time>2026-08-11T14:08:25.000Z</Time><Position><LatitudeDegrees>58.62854162277501</LatitudeDegrees><LongitudeDegrees>59.796029330705856</LongitudeDegrees></Position></Trackpoint><Trackpoint><Time>2026-08-11T14:08:26.000Z</Time><Position><LatitudeDegrees>58.62852478027344</LatitudeDegrees><LongitudeDegrees>59.79610061645508</LongitudeDegrees></Position></Trackpoint><Trackpoint><Time>2026-08-11T14:08:27.000Z</Time><Position><LatitudeDegrees>58.628517150878906</LatitudeDegrees><LongitudeDegrees>59.796119689941406</LongitudeDegrees></Position></Trackpoint><Trackpoint><Time>2026-08-11T14:08:28.000Z</Time><Position><LatitudeDegrees>58.628517150878906</LatitudeDegrees><LongitudeDegrees>59.796146392822266</LongitudeDegrees></Position></Trackpoint><Trackpoint><Time>2026-08-11T14:08:29.000Z</Time><Position><LatitudeDegrees>58.628509521484375</LatitudeDegrees><LongitudeDegrees>59.79616928100586</LongitudeDegrees></Position></Trackpoint><Trackpoint><Time>2026-08-11T14:08:31.000Z</Time><Position><LatitudeDegrees>58.628501892089844</LatitudeDegrees><LongitudeDegrees>59.796199798583984</LongitudeDegrees></Position></Trackpoint><Trackpoint><Time>2026-08-11T14:08:31.000Z</Time><Position><LatitudeDegrees>58.62849807739258</LatitudeDegrees><LongitudeDegrees>59.79622268676758</LongitudeDegrees></Position></Trackpoint><Trackpoint><Time>2026-08-11T14:08:32.000Z</Time><Position><LatitudeDegrees>58.62849044799805</LatitudeDegrees><LongitudeDegrees>59.7962532043457</LongitudeDegrees></Position></Trackpoint><Trackpoint><Time>2026-08-11T14:08:33.000Z</Time><Position><LatitudeDegrees>58.628499578504666</LatitudeDegrees><LongitudeDegrees>59.796214582051086</LongitudeDegrees></Position></Trackpoint><Trackpoint><Time>2026-08-11T14:08:34.000Z</Time><Position><LatitudeDegrees>58.62848663330078</LatitudeDegrees><LongitudeDegrees>59.79631042480469</LongitudeDegrees></Position></Trackpoint><Trackpoint><Time>2026-08-11T14:08:35.000Z</Time><Position><LatitudeDegrees>58.628482818603516</LatitudeDegrees><LongitudeDegrees>59.79632568359375</LongitudeDegrees></Position></Trackpoint><Trackpoint><Time>2026-08-11T14:08:36.000Z</Time><Position><LatitudeDegrees>58.62847137451172</LatitudeDegrees><LongitudeDegrees>59.79636001586914</LongitudeDegrees></Position></Trackpoint><Trackpoint><Time>2026-08-11T14:08:37.000Z</Time><Position><LatitudeDegrees>58.628475189208984</LatitudeDegrees><LongitudeDegrees>59.79638671875</LongitudeDegrees></Position></Trackpoint><Trackpoint><Time>2026-08-11T14:08:38.000Z</Time><Position><LatitudeDegrees>58.62847900390625</LatitudeDegrees><LongitudeDegrees>59.79640197753906</LongitudeDegrees></Position></Trackpoint><Trackpoint><Time>2026-08-11T14:08:40.000Z</Time><Position><LatitudeDegrees>58.628475189208984</LatitudeDegrees><LongitudeDegrees>59.796424865722656</LongitudeDegrees></Position></Trackpoint><Trackpoint><Time>2026-08-11T14:08:41.000Z</Time><Position><LatitudeDegrees>58.62846755981445</LatitudeDegrees><LongitudeDegrees>59.796451568603516</LongitudeDegrees></Position></Trackpoint><Trackpoint><Time>2026-08-11T14:08:42.000Z</Time><Position><LatitudeDegrees>58.62845993041992</LatitudeDegrees><LongitudeDegrees>59.796478271484375</LongitudeDegrees></Position></Trackpoint><Trackpoint><Time>2026-08-11T14:08:42.000Z</Time><Position><LatitudeDegrees>58.628456115722656</LatitudeDegrees><LongitudeDegrees>59.7965087890625</LongitudeDegrees></Position></Trackpoint><Trackpoint><Time>2026-08-11T14:08:43.000Z</Time><Position><LatitudeDegrees>58.62845230102539</LatitudeDegrees><LongitudeDegrees>59.79653549194336</LongitudeDegrees></Position></Trackpoint><Trackpoint><Time>2026-08-11T14:08:44.000Z</Time><Position><LatitudeDegrees>58.628448486328125</LatitudeDegrees><LongitudeDegrees>59.796566009521484</LongitudeDegrees></Position></Trackpoint><Trackpoint><Time>2026-08-11T14:08:46.000Z</Time><Position><LatitudeDegrees>58.628448486328125</LatitudeDegrees><LongitudeDegrees>59.79659652709961</LongitudeDegrees></Position></Trackpoint><Trackpoint><Time>2026-08-11T14:08:47.000Z</Time><Position><LatitudeDegrees>58.62844467163086</LatitudeDegrees><LongitudeDegrees>59.79661560058594</LongitudeDegrees></Position></Trackpoint><Trackpoint><Time>2026-08-11T14:08:47.000Z</Time><Position><LatitudeDegrees>58.628440856933594</LatitudeDegrees><LongitudeDegrees>59.79663848876953</LongitudeDegrees></Position></Trackpoint><Trackpoint><Time>2026-08-11T14:08:49.000Z</Time><Position><LatitudeDegrees>58.628440856933594</LatitudeDegrees><LongitudeDegrees>59.796661376953125</LongitudeDegrees></Position></Trackpoint><Trackpoint><Time>2026-08-11T14:08:50.000Z</Time><Position><LatitudeDegrees>58.62843704223633</LatitudeDegrees><LongitudeDegrees>59.79668426513672</LongitudeDegrees></Position></Trackpoint><Trackpoint><Time>2026-08-11T14:08:51.000Z</Time><Position><LatitudeDegrees>58.62843322753906</LatitudeDegrees><LongitudeDegrees>59.79670333862305</LongitudeDegrees></Position></Trackpoint><Trackpoint><Time>2026-08-11T14:08:51.000Z</Time><Position><LatitudeDegrees>58.62843322753906</LatitudeDegrees><LongitudeDegrees>59.796730041503906</LongitudeDegrees></Position></Trackpoint><Trackpoint><Time>2026-08-11T14:08:53.000Z</Time><Position><LatitudeDegrees>58.6284294128418</LatitudeDegrees><LongitudeDegrees>59.796749114990234</LongitudeDegrees></Position></Trackpoint><Trackpoint><Time>2026-08-11T14:08:53.000Z</Time><Position><LatitudeDegrees>58.62842559814453</LatitudeDegrees><LongitudeDegrees>59.796775817871094</LongitudeDegrees></Position></Trackpoint><Trackpoint><Time>2026-08-11T14:08:55.000Z</Time><Position><LatitudeDegrees>58.62843039239517</LatitudeDegrees><LongitudeDegrees>59.796741756839744</LongitudeDegrees></Position></Trackpoint><Trackpoint><Time>2026-08-11T14:08:56.000Z</Time><Position><LatitudeDegrees>58.628414154052734</LatitudeDegrees><LongitudeDegrees>59.796817779541016</LongitudeDegrees></Position></Trackpoint><Trackpoint><Time>2026-08-11T14:08:57.000Z</Time><Position><LatitudeDegrees>58.6284065246582</LatitudeDegrees><LongitudeDegrees>59.796836853027344</LongitudeDegrees></Position></Trackpoint><Trackpoint><Time>2026-08-11T14:08:58.000Z</Time><Position><LatitudeDegrees>58.62839889526367</LatitudeDegrees><LongitudeDegrees>59.7968635559082</LongitudeDegrees></Position></Trackpoint><Trackpoint><Time>2026-08-11T14:08:58.000Z</Time><Position><LatitudeDegrees>58.62840544117015</LatitudeDegrees><LongitudeDegrees>59.796842823727</LongitudeDegrees></Position></Trackpoint><Trackpoint><Time>2026-08-11T14:09:00.000Z</Time><Position><LatitudeDegrees>58.62840159174261</LatitudeDegrees><LongitudeDegrees>59.79686828599527</LongitudeDegrees></Position></Trackpoint><Trackpoint><Time>2026-08-11T14:09:01.000Z</Time><Position><LatitudeDegrees>58.628395080566406</LatitudeDegrees><LongitudeDegrees>59.79692840576172</LongitudeDegrees></Position></Trackpoint><Trackpoint><Time>2026-08-11T14:09:02.000Z</Time><Position><LatitudeDegrees>58.628387451171875</LatitudeDegrees><LongitudeDegrees>59.79695510864258</LongitudeDegrees></Position></Trackpoint><Trackpoint><Time>2026-08-11T14:09:02.000Z</Time><Position><LatitudeDegrees>58.62838363647461</LatitudeDegrees><LongitudeDegrees>59.79698181152344</LongitudeDegrees></Position></Trackpoint><Trackpoint><Time>2026-08-11T14:09:04.000Z</Time><Position><LatitudeDegrees>58.628387380555324</LatitudeDegrees><LongitudeDegrees>59.796960355440454</LongitudeDegrees></Position></Trackpoint><Trackpoint><Time>2026-08-11T14:09:04.000Z</Time><Position><LatitudeDegrees>58.628379821777344</LatitudeDegrees><LongitudeDegrees>59.79702377319336</LongitudeDegrees></Position></Trackpoint><Trackpoint><Time>2026-08-11T14:09:06.000Z</Time><Position><LatitudeDegrees>58.628379821777344</LatitudeDegrees><LongitudeDegrees>59.79704284667969</LongitudeDegrees></Position></Trackpoint><Trackpoint><Time>2026-08-11T14:09:07.000Z</Time><Position><LatitudeDegrees>58.62836837768555</LatitudeDegrees><LongitudeDegrees>59.797061920166016</LongitudeDegrees></Position></Trackpoint><Trackpoint><Time>2026-08-11T14:09:07.000Z</Time><Position><LatitudeDegrees>58.6283743017007</LatitudeDegrees><LongitudeDegrees>59.797051037889986</LongitudeDegrees></Position></Trackpoint><Trackpoint><Time>2026-08-11T14:09:08.000Z</Time><Position><LatitudeDegrees>58.62836837768555</LatitudeDegrees><LongitudeDegrees>59.79712677001953</LongitudeDegrees></Position></Trackpoint><Trackpoint><Time>2026-08-11T14:09:10.000Z</Time><Position><LatitudeDegrees>58.62836837768555</LatitudeDegrees><LongitudeDegrees>59.79716110229492</LongitudeDegrees></Position></Trackpoint><Trackpoint><Time>2026-08-11T14:09:11.000Z</Time><Position><LatitudeDegrees>58.62836837768555</LatitudeDegrees><LongitudeDegrees>59.797183990478516</LongitudeDegrees></Position></Trackpoint><Trackpoint><Time>2026-08-11T14:09:12.000Z</Time><Position><LatitudeDegrees>58.62836913519027</LatitudeDegrees><LongitudeDegrees>59.797140547921785</LongitudeDegrees></Position></Trackpoint><Trackpoint><Time>2026-08-11T14:09:13.000Z</Time><Position><LatitudeDegrees>58.62835693359375</LatitudeDegrees><LongitudeDegrees>59.79721450805664</LongitudeDegrees></Position></Trackpoint><Trackpoint><Time>2026-08-11T14:09:14.000Z</Time><Position><LatitudeDegrees>58.62834548950195</LatitudeDegrees><LongitudeDegrees>59.79723358154297</LongitudeDegrees></Position></Trackpoint><Trackpoint><Time>2026-08-11T14:09:15.000Z</Time><Position><LatitudeDegrees>58.62834548950195</LatitudeDegrees><LongitudeDegrees>59.79726028442383</LongitudeDegrees></Position></Trackpoint><Trackpoint><Time>2026-08-11T14:09:16.000Z</Time><Position><LatitudeDegrees>58.62834167480469</LatitudeDegrees><LongitudeDegrees>59.79728698730469</LongitudeDegrees></Position></Trackpoint><Trackpoint><Time>2026-08-11T14:09:16.000Z</Time><Position><LatitudeDegrees>58.62834167480469</LatitudeDegrees><LongitudeDegrees>59.79731369018555</LongitudeDegrees></Position></Trackpoint><Trackpoint><Time>2026-08-11T14:09:18.000Z</Time><Position><LatitudeDegrees>58.62833786010742</LatitudeDegrees><LongitudeDegrees>59.7973518371582</LongitudeDegrees></Position></Trackpoint><Trackpoint><Time>2026-08-11T14:09:18.000Z</Time><Position><LatitudeDegrees>58.62833023071289</LatitudeDegrees><LongitudeDegrees>59.79737854003906</LongitudeDegrees></Position></Trackpoint><Trackpoint><Time>2026-08-11T14:09:19.000Z</Time><Position><LatitudeDegrees>58.62832260131836</LatitudeDegrees><LongitudeDegrees>59.797401428222656</LongitudeDegrees></Position></Trackpoint><Trackpoint><Time>2026-08-11T14:09:20.000Z</Time><Position><LatitudeDegrees>58.628318786621094</LatitudeDegrees><LongitudeDegrees>59.797420501708984</LongitudeDegrees></Position></Trackpoint><Trackpoint><Time>2026-08-11T14:09:22.000Z</Time><Position><LatitudeDegrees>58.62831497192383</LatitudeDegrees><LongitudeDegrees>59.79743957519531</LongitudeDegrees></Position></Trackpoint><Trackpoint><Time>2026-08-11T14:09:23.000Z</Time><Position><LatitudeDegrees>58.62831497192383</LatitudeDegrees><LongitudeDegrees>59.797462463378906</LongitudeDegrees></Position></Trackpoint><Trackpoint><Time>2026-08-11T14:09:24.000Z</Time><Position><LatitudeDegrees>58.62831115722656</LatitudeDegrees><LongitudeDegrees>59.797481536865234</LongitudeDegrees></Position></Trackpoint><Trackpoint><Time>2026-08-11T14:09:25.000Z</Time><Position><LatitudeDegrees>58.62830352783203</LatitudeDegrees><LongitudeDegrees>59.79750442504883</LongitudeDegrees></Position></Trackpoint><Trackpoint><Time>2026-08-11T14:09:25.000Z</Time><Position><LatitudeDegrees>58.628299713134766</LatitudeDegrees><LongitudeDegrees>59.79753494262695</LongitudeDegrees></Position></Trackpoint><Trackpoint><Time>2026-08-11T14:09:27.000Z</Time><Position><LatitudeDegrees>58.62830570700447</LatitudeDegrees><LongitudeDegrees>59.797499416845724</LongitudeDegrees></Position></Trackpoint><Trackpoint><Time>2026-08-11T14:09:27.000Z</Time><Position><LatitudeDegrees>58.628292083740234</LatitudeDegrees><LongitudeDegrees>59.79758834838867</LongitudeDegrees></Position></Trackpoint><Trackpoint><Time>2026-08-11T14:09:29.000Z</Time><Position><LatitudeDegrees>58.62830015297175</LatitudeDegrees><LongitudeDegrees>59.79754347445392</LongitudeDegrees></Position></Trackpoint><Trackpoint><Time>2026-08-11T14:09:30.000Z</Time><Position><LatitudeDegrees>58.6283073425293</LatitudeDegrees><LongitudeDegrees>59.79762649536133</LongitudeDegrees></Position></Trackpoint><Trackpoint><Time>2026-08-11T14:09:31.000Z</Time><Position><LatitudeDegrees>58.62831497192383</LatitudeDegrees><LongitudeDegrees>59.79764938354492</LongitudeDegrees></Position></Trackpoint><Trackpoint><Time>2026-08-11T14:09:32.000Z</Time><Position><LatitudeDegrees>58.62832260131836</LatitudeDegrees><LongitudeDegrees>59.79767990112305</LongitudeDegrees></Position></Trackpoint><Trackpoint><Time>2026-08-11T14:09:33.000Z</Time><Position><LatitudeDegrees>58.62833023071289</LatitudeDegrees><LongitudeDegrees>59.79770278930664</LongitudeDegrees></Position></Trackpoint><Trackpoint><Time>2026-08-11T14:09:33.000Z</Time><Position><LatitudeDegrees>58.62833786010742</LatitudeDegrees><LongitudeDegrees>59.797733306884766</LongitudeDegrees></Position></Trackpoint><Trackpoint><Time>2026-08-11T14:09:34.000Z</Time><Position><LatitudeDegrees>58.628327745475545</LatitudeDegrees><LongitudeDegrees>59.7976927240216</LongitudeDegrees></Position></Trackpoint><Trackpoint><Time>2026-08-11T14:09:36.000Z</Time><Position><LatitudeDegrees>58.62834930419922</LatitudeDegrees><LongitudeDegrees>59.79777145385742</LongitudeDegrees></Position></Trackpoint><Trackpoint><Time>2026-08-11T14:09:37.000Z</Time><Position><LatitudeDegrees>58.628353118896484</LatitudeDegrees><LongitudeDegrees>59.79779052734375</LongitudeDegrees></Position></Trackpoint><Trackpoint><Time>2026-08-11T14:09:37.000Z</Time><Position><LatitudeDegrees>58.628360748291016</LatitudeDegrees><LongitudeDegrees>59.79780578613281</LongitudeDegrees></Position></Trackpoint><Trackpoint><Time>2026-08-11T14:09:39.000Z</Time><Position><LatitudeDegrees>58.62836837768555</LatitudeDegrees><LongitudeDegrees>59.79783248901367</LongitudeDegrees></Position></Trackpoint><Trackpoint><Time>2026-08-11T14:09:40.000Z</Time><Position><LatitudeDegrees>58.62837219238281</LatitudeDegrees><LongitudeDegrees>59.7978515625</LongitudeDegrees></Position></Trackpoint><Trackpoint><Time>2026-08-11T14:09:41.000Z</Time><Position><LatitudeDegrees>58.628379821777344</LatitudeDegrees><LongitudeDegrees>59.797874450683594</LongitudeDegrees></Position></Trackpoint><Trackpoint><Time>2026-08-11T14:09:42.000Z</Time><Position><LatitudeDegrees>58.628387451171875</LatitudeDegrees><LongitudeDegrees>59.797889709472656</LongitudeDegrees></Position></Trackpoint><Trackpoint><Time>2026-08-11T14:09:42.000Z</Time><Position><LatitudeDegrees>58.628395080566406</LatitudeDegrees><LongitudeDegrees>59.79791259765625</LongitudeDegrees></Position></Trackpoint><Trackpoint><Time>2026-08-11T14:09:44.000Z</Time><Position><LatitudeDegrees>58.62840270996094</LatitudeDegrees><LongitudeDegrees>59.79793930053711</LongitudeDegrees></Position></Trackpoint><Trackpoint><Time>2026-08-11T14:09:44.000Z</Time><Position><LatitudeDegrees>58.6284065246582</LatitudeDegrees><LongitudeDegrees>59.797969818115234</LongitudeDegrees></Position></Trackpoint><Trackpoint><Time>2026-08-11T14:09:45.000Z</Time><Position><LatitudeDegrees>58.62841796875</LatitudeDegrees><LongitudeDegrees>59.79799270629883</LongitudeDegrees></Position></Trackpoint><Trackpoint><Time>2026-08-11T14:09:46.000Z</Time><Position><LatitudeDegrees>58.62840597453074</LatitudeDegrees><LongitudeDegrees>59.79795667017059</LongitudeDegrees></Position></Trackpoint><Trackpoint><Time>2026-08-11T14:09:48.000Z</Time><Position><LatitudeDegrees>58.62844467163086</LatitudeDegrees><LongitudeDegrees>59.79803466796875</LongitudeDegrees></Position></Trackpoint><Trackpoint><Time>2026-08-11T14:09:49.000Z</Time><Position><LatitudeDegrees>58.628456115722656</LatitudeDegrees><LongitudeDegrees>59.79804992675781</LongitudeDegrees></Position></Trackpoint><Trackpoint><Time>2026-08-11T14:09:51.000Z</Time><Position><LatitudeDegrees>58.62846374511719</LatitudeDegrees><LongitudeDegrees>59.798065185546875</LongitudeDegrees></Position></Trackpoint><Trackpoint><Time>2026-08-11T14:09:51.000Z</Time><Position><LatitudeDegrees>58.62847137451172</LatitudeDegrees><LongitudeDegrees>59.79807662963867</LongitudeDegrees></Position></Trackpoint><Trackpoint><Time>2026-08-11T14:09:52.000Z</Time><Position><LatitudeDegrees>58.62847900390625</LatitudeDegrees><LongitudeDegrees>59.798091888427734</LongitudeDegrees></Position></Trackpoint><Trackpoint><Time>2026-08-11T14:09:53.000Z</Time><Position><LatitudeDegrees>58.62849044799805</LatitudeDegrees><LongitudeDegrees>59.79811096191406</LongitudeDegrees></Position></Trackpoint><Trackpoint><Time>2026-08-11T14:09:54.000Z</Time><Position><LatitudeDegrees>58.62849807739258</LatitudeDegrees><LongitudeDegrees>59.79813766479492</LongitudeDegrees></Position></Trackpoint><Trackpoint><Time>2026-08-11T14:09:56.000Z</Time><Position><LatitudeDegrees>58.628509521484375</LatitudeDegrees><LongitudeDegrees>59.79815673828125</LongitudeDegrees></Position></Trackpoint><Trackpoint><Time>2026-08-11T14:09:57.000Z</Time><Position><LatitudeDegrees>58.62849946880151</LatitudeDegrees><LongitudeDegrees>59.79813903443507</LongitudeDegrees></Position></Trackpoint><Trackpoint><Time>2026-08-11T14:09:58.000Z</Time><Position><LatitudeDegrees>58.628507219737</LatitudeDegrees><LongitudeDegrees>59.79815784969289</LongitudeDegrees></Position></Trackpoint><Trackpoint><Time>2026-08-11T14:09:59.000Z</Time><Position><LatitudeDegrees>58.62852478027344</LatitudeDegrees><LongitudeDegrees>59.798213958740234</LongitudeDegrees></Position></Trackpoint><Trackpoint><Time>2026-08-11T14:10:00.000Z</Time><Position><LatitudeDegrees>58.6285285949707</LatitudeDegrees><LongitudeDegrees>59.79823684692383</LongitudeDegrees></Position></Trackpoint><Trackpoint><Time>2026-08-11T14:10:01.000Z</Time><Position><LatitudeDegrees>58.62853240966797</LatitudeDegrees><LongitudeDegrees>59.79825973510742</LongitudeDegrees></Position></Trackpoint><Trackpoint><Time>2026-08-11T14:10:02.000Z</Time><Position><LatitudeDegrees>58.6285400390625</LatitudeDegrees><LongitudeDegrees>59.798282623291016</LongitudeDegrees></Position></Trackpoint><Trackpoint><Time>2026-08-11T14:10:02.000Z</Time><Position><LatitudeDegrees>58.62854766845703</LatitudeDegrees><LongitudeDegrees>59.798309326171875</LongitudeDegrees></Position></Trackpoint><Trackpoint><Time>2026-08-11T14:10:04.000Z</Time><Position><LatitudeDegrees>58.62855911254883</LatitudeDegrees><LongitudeDegrees>59.79833221435547</LongitudeDegrees></Position></Trackpoint><Trackpoint><Time>2026-08-11T14:10:04.000Z</Time><Position><LatitudeDegrees>58.62856674194336</LatitudeDegrees><LongitudeDegrees>59.79835510253906</LongitudeDegrees></Position></Trackpoint><Trackpoint><Time>2026-08-11T14:10:06.000Z</Time><Position><LatitudeDegrees>58.628570556640625</LatitudeDegrees><LongitudeDegrees>59.798377990722656</LongitudeDegrees></Position></Trackpoint><Trackpoint><Time>2026-08-11T14:10:07.000Z</Time><Position><LatitudeDegrees>58.628564426657626</LatitudeDegrees><LongitudeDegrees>59.79835687468196</LongitudeDegrees></Position></Trackpoint><Trackpoint><Time>2026-08-11T14:10:08.000Z</Time><Position><LatitudeDegrees>58.62856837740252</LatitudeDegrees><LongitudeDegrees>59.79836686686606</LongitudeDegrees></Position></Trackpoint><Trackpoint><Time>2026-08-11T14:10:09.000Z</Time><Position><LatitudeDegrees>58.62858963012695</LatitudeDegrees><LongitudeDegrees>59.798423767089844</LongitudeDegrees></Position></Trackpoint><Trackpoint><Time>2026-08-11T14:10:10.000Z</Time><Position><LatitudeDegrees>58.628597259521484</LatitudeDegrees><LongitudeDegrees>59.798439025878906</LongitudeDegrees></Position></Trackpoint><Trackpoint><Time>2026-08-11T14:10:11.000Z</Time><Position><LatitudeDegrees>58.628604888916016</LatitudeDegrees><LongitudeDegrees>59.798458099365234</LongitudeDegrees></Position></Trackpoint><Trackpoint><Time>2026-08-11T14:10:12.000Z</Time><Position><LatitudeDegrees>58.62861251831055</LatitudeDegrees><LongitudeDegrees>59.798484802246094</LongitudeDegrees></Position></Trackpoint><Trackpoint><Time>2026-08-11T14:10:13.000Z</Time><Position><LatitudeDegrees>58.62862014770508</LatitudeDegrees><LongitudeDegrees>59.79851150512695</LongitudeDegrees></Position></Trackpoint><Trackpoint><Time>2026-08-11T14:10:13.000Z</Time><Position><LatitudeDegrees>58.628631591796875</LatitudeDegrees><LongitudeDegrees>59.79853439331055</LongitudeDegrees></Position></Trackpoint><Trackpoint><Time>2026-08-11T14:10:15.000Z</Time><Position><LatitudeDegrees>58.628639221191406</LatitudeDegrees><LongitudeDegrees>59.798553466796875</LongitudeDegrees></Position></Trackpoint><Trackpoint><Time>2026-08-11T14:10:15.000Z</Time><Position><LatitudeDegrees>58.6286336113046</LatitudeDegrees><LongitudeDegrees>59.798534185314224</LongitudeDegrees></Position></Trackpoint><Trackpoint><Time>2026-08-11T14:10:17.000Z</Time><Position><LatitudeDegrees>58.62865447998047</LatitudeDegrees><LongitudeDegrees>59.7985954284668</LongitudeDegrees></Position></Trackpoint><Trackpoint><Time>2026-08-11T14:10:18.000Z</Time><Position><LatitudeDegrees>58.628658294677734</LatitudeDegrees><LongitudeDegrees>59.798614501953125</LongitudeDegrees></Position></Trackpoint><Trackpoint><Time>2026-08-11T14:10:19.000Z</Time><Position><LatitudeDegrees>58.628662109375</LatitudeDegrees><LongitudeDegrees>59.79862976074219</LongitudeDegrees></Position></Trackpoint><Trackpoint><Time>2026-08-11T14:10:20.000Z</Time><Position><LatitudeDegrees>58.62866973876953</LatitudeDegrees><LongitudeDegrees>59.798648834228516</LongitudeDegrees></Position></Trackpoint><Trackpoint><Time>2026-08-11T14:10:21.000Z</Time><Position><LatitudeDegrees>58.6286735534668</LatitudeDegrees><LongitudeDegrees>59.79867172241211</LongitudeDegrees></Position></Trackpoint><Trackpoint><Time>2026-08-11T14:10:22.000Z</Time><Position><LatitudeDegrees>58.62868118286133</LatitudeDegrees><LongitudeDegrees>59.79868698120117</LongitudeDegrees></Position></Trackpoint><Trackpoint><Time>2026-08-11T14:10:23.000Z</Time><Position><LatitudeDegrees>58.62868881225586</LatitudeDegrees><LongitudeDegrees>59.7987060546875</LongitudeDegrees></Position></Trackpoint><Trackpoint><Time>2026-08-11T14:10:23.000Z</Time><Position><LatitudeDegrees>58.628683871946016</LatitudeDegrees><LongitudeDegrees>59.79869409277107</LongitudeDegrees></Position></Trackpoint><Trackpoint><Time>2026-08-11T14:10:25.000Z</Time><Position><LatitudeDegrees>58.62868346054581</LatitudeDegrees><LongitudeDegrees>59.79869384988128</LongitudeDegrees></Position></Trackpoint><Trackpoint><Time>2026-08-11T14:10:25.000Z</Time><Position><LatitudeDegrees>58.628719329833984</LatitudeDegrees><LongitudeDegrees>59.79877853393555</LongitudeDegrees></Position></Trackpoint><Trackpoint><Time>2026-08-11T14:10:27.000Z</Time><Position><LatitudeDegrees>58.628726959228516</LatitudeDegrees><LongitudeDegrees>59.79879379272461</LongitudeDegrees></Position></Trackpoint><Trackpoint><Time>2026-08-11T14:10:27.000Z</Time><Position><LatitudeDegrees>58.62873458862305</LatitudeDegrees><LongitudeDegrees>59.79881286621094</LongitudeDegrees></Position></Trackpoint><Trackpoint><Time>2026-08-11T14:10:29.000Z</Time><Position><LatitudeDegrees>58.628746032714844</LatitudeDegrees><LongitudeDegrees>59.79882049560547</LongitudeDegrees></Position></Trackpoint><Trackpoint><Time>2026-08-11T14:10:29.000Z</Time><Position><LatitudeDegrees>58.628736304198284</LatitudeDegrees><LongitudeDegrees>59.798810064651924</LongitudeDegrees></Position></Trackpoint><Trackpoint><Time>2026-08-11T14:10:30.000Z</Time><Position><LatitudeDegrees>58.62874024153549</LatitudeDegrees><LongitudeDegrees>59.798820303168945</LongitudeDegrees></Position></Trackpoint><Trackpoint><Time>2026-08-11T14:10:32.000Z</Time><Position><LatitudeDegrees>58.628761291503906</LatitudeDegrees><LongitudeDegrees>59.79888916015625</LongitudeDegrees></Position></Trackpoint><Trackpoint><Time>2026-08-11T14:10:32.000Z</Time><Position><LatitudeDegrees>58.62876510620117</LatitudeDegrees><LongitudeDegrees>59.79890823364258</LongitudeDegrees></Position></Trackpoint><Trackpoint><Time>2026-08-11T14:10:33.000Z</Time><Position><LatitudeDegrees>58.62877655029297</LatitudeDegrees><LongitudeDegrees>59.79893112182617</LongitudeDegrees></Position></Trackpoint><Trackpoint><Time>2026-08-11T14:10:35.000Z</Time><Position><LatitudeDegrees>58.6287841796875</LatitudeDegrees><LongitudeDegrees>59.79895782470703</LongitudeDegrees></Position></Trackpoint><Trackpoint><Time>2026-08-11T14:10:36.000Z</Time><Position><LatitudeDegrees>58.62877293453847</LatitudeDegrees><LongitudeDegrees>59.79892287857969</LongitudeDegrees></Position></Trackpoint><Trackpoint><Time>2026-08-11T14:10:36.000Z</Time><Position><LatitudeDegrees>58.62880325317383</LatitudeDegrees><LongitudeDegrees>59.798988342285156</LongitudeDegrees></Position></Trackpoint><Trackpoint><Time>2026-08-11T14:10:37.000Z</Time><Position><LatitudeDegrees>58.628807067871094</LatitudeDegrees><LongitudeDegrees>59.799007415771484</LongitudeDegrees></Position></Trackpoint><Trackpoint><Time>2026-08-11T14:10:38.000Z</Time><Position><LatitudeDegrees>58.628814697265625</LatitudeDegrees><LongitudeDegrees>59.79903030395508</LongitudeDegrees></Position></Trackpoint><Trackpoint><Time>2026-08-11T14:10:39.000Z</Time><Position><LatitudeDegrees>58.62881851196289</LatitudeDegrees><LongitudeDegrees>59.799049377441406</LongitudeDegrees></Position></Trackpoint><Trackpoint><Time>2026-08-11T14:10:40.000Z</Time><Position><LatitudeDegrees>58.62882995605469</LatitudeDegrees><LongitudeDegrees>59.79906463623047</LongitudeDegrees></Position></Trackpoint><Trackpoint><Time>2026-08-11T14:10:41.000Z</Time><Position><LatitudeDegrees>58.628841400146484</LatitudeDegrees><LongitudeDegrees>59.79907989501953</LongitudeDegrees></Position></Trackpoint><Trackpoint><Time>2026-08-11T14:10:42.000Z</Time><Position><LatitudeDegrees>58.628849029541016</LatitudeDegrees><LongitudeDegrees>59.799095153808594</LongitudeDegrees></Position></Trackpoint><Trackpoint><Time>2026-08-11T14:10:43.000Z</Time><Position><LatitudeDegrees>58.62885665893555</LatitudeDegrees><LongitudeDegrees>59.79912185668945</LongitudeDegrees></Position></Trackpoint><Trackpoint><Time>2026-08-11T14:10:44.000Z</Time><Position><LatitudeDegrees>58.62884976930794</LatitudeDegrees><LongitudeDegrees>59.79910939569852</LongitudeDegrees></Position></Trackpoint><Trackpoint><Time>2026-08-11T14:10:45.000Z</Time><Position><LatitudeDegrees>58.62887191772461</LatitudeDegrees><LongitudeDegrees>59.79917907714844</LongitudeDegrees></Position></Trackpoint><Trackpoint><Time>2026-08-11T14:10:46.000Z</Time><Position><LatitudeDegrees>58.62886693627233</LatitudeDegrees><LongitudeDegrees>59.79915459346005</LongitudeDegrees></Position></Trackpoint><Trackpoint><Time>2026-08-11T14:10:47.000Z</Time><Position><LatitudeDegrees>58.628883361816406</LatitudeDegrees><LongitudeDegrees>59.79921340942383</LongitudeDegrees></Position></Trackpoint><Trackpoint><Time>2026-08-11T14:10:48.000Z</Time><Position><LatitudeDegrees>58.62888717651367</LatitudeDegrees><LongitudeDegrees>59.79923629760742</LongitudeDegrees></Position></Trackpoint><Trackpoint><Time>2026-08-11T14:10:50.000Z</Time><Position><LatitudeDegrees>58.62889099121094</LatitudeDegrees><LongitudeDegrees>59.799259185791016</LongitudeDegrees></Position></Trackpoint><Trackpoint><Time>2026-08-11T14:10:50.000Z</Time><Position><LatitudeDegrees>58.6288948059082</LatitudeDegrees><LongitudeDegrees>59.799278259277344</LongitudeDegrees></Position></Trackpoint><Trackpoint><Time>2026-08-11T14:10:52.000Z</Time><Position><LatitudeDegrees>58.628902435302734</LatitudeDegrees><LongitudeDegrees>59.79929733276367</LongitudeDegrees></Position></Trackpoint><Trackpoint><Time>2026-08-11T14:10:52.000Z</Time><Position><LatitudeDegrees>58.628910064697266</LatitudeDegrees><LongitudeDegrees>59.79931640625</LongitudeDegrees></Position></Trackpoint><Trackpoint><Time>2026-08-11T14:10:53.000Z</Time><Position><LatitudeDegrees>58.6289176940918</LatitudeDegrees><LongitudeDegrees>59.79934310913086</LongitudeDegrees></Position></Trackpoint><Trackpoint><Time>2026-08-11T14:10:55.000Z</Time><Position><LatitudeDegrees>58.62892150878906</LatitudeDegrees><LongitudeDegrees>59.79936981201172</LongitudeDegrees></Position></Trackpoint><Trackpoint><Time>2026-08-11T14:10:56.000Z</Time><Position><LatitudeDegrees>58.628929138183594</LatitudeDegrees><LongitudeDegrees>59.799400329589844</LongitudeDegrees></Position></Trackpoint><Trackpoint><Time>2026-08-11T14:10:56.000Z</Time><Position><LatitudeDegrees>58.62892451817733</LatitudeDegrees><LongitudeDegrees>59.799378333961</LongitudeDegrees></Position></Trackpoint><Trackpoint><Time>2026-08-11T14:10:57.000Z</Time><Position><LatitudeDegrees>58.628944396972656</LatitudeDegrees><LongitudeDegrees>59.799442291259766</LongitudeDegrees></Position></Trackpoint><Trackpoint><Time>2026-08-11T14:10:59.000Z</Time><Position><LatitudeDegrees>58.62894821166992</LatitudeDegrees><LongitudeDegrees>59.79945373535156</LongitudeDegrees></Position></Trackpoint><Trackpoint><Time>2026-08-11T14:11:00.000Z</Time><Position><LatitudeDegrees>58.62895584106445</LatitudeDegrees><LongitudeDegrees>59.79947280883789</LongitudeDegrees></Position></Trackpoint><Trackpoint><Time>2026-08-11T14:11:01.000Z</Time><Position><LatitudeDegrees>58.628950296333315</LatitudeDegrees><LongitudeDegrees>59.79945516144363</LongitudeDegrees></Position></Trackpoint><Trackpoint><Time>2026-08-11T14:11:02.000Z</Time><Position><LatitudeDegrees>58.628953140293994</LatitudeDegrees><LongitudeDegrees>59.79946295558885</LongitudeDegrees></Position></Trackpoint><Trackpoint><Time>2026-08-11T14:11:02.000Z</Time><Position><LatitudeDegrees>58.62896557699244</LatitudeDegrees><LongitudeDegrees>59.79949594497638</LongitudeDegrees></Position></Trackpoint><Trackpoint><Time>2026-08-11T14:11:04.000Z</Time><Position><LatitudeDegrees>58.628990173339844</LatitudeDegrees><LongitudeDegrees>59.79954147338867</LongitudeDegrees></Position></Trackpoint><Trackpoint><Time>2026-08-11T14:11:05.000Z</Time><Position><LatitudeDegrees>58.62900161743164</LatitudeDegrees><LongitudeDegrees>59.799556732177734</LongitudeDegrees></Position></Trackpoint><Trackpoint><Time>2026-08-11T14:11:06.000Z</Time><Position><LatitudeDegrees>58.62901306152344</LatitudeDegrees><LongitudeDegrees>59.79957580566406</LongitudeDegrees></Position></Trackpoint><Trackpoint><Time>2026-08-11T14:11:06.000Z</Time><Position><LatitudeDegrees>58.6290283203125</LatitudeDegrees><LongitudeDegrees>59.799598693847656</LongitudeDegrees></Position></Trackpoint><Trackpoint><Time>2026-08-11T14:11:07.000Z</Time><Position><LatitudeDegrees>58.62903594970703</LatitudeDegrees><LongitudeDegrees>59.799617767333984</LongitudeDegrees></Position></Trackpoint><Trackpoint><Time>2026-08-11T14:11:09.000Z</Time><Position><LatitudeDegrees>58.62902660353589</LatitudeDegrees><LongitudeDegrees>59.799602620355834</LongitudeDegrees></Position></Trackpoint><Trackpoint><Time>2026-08-11T14:11:09.000Z</Time><Position><LatitudeDegrees>58.62902501133844</LatitudeDegrees><LongitudeDegrees>59.799600643971054</LongitudeDegrees></Position></Trackpoint><Trackpoint><Time>2026-08-11T14:11:10.000Z</Time><Position><LatitudeDegrees>58.629051208496094</LatitudeDegrees><LongitudeDegrees>59.79967498779297</LongitudeDegrees></Position></Trackpoint><Trackpoint><Time>2026-08-11T14:11:12.000Z</Time><Position><LatitudeDegrees>58.629058837890625</LatitudeDegrees><LongitudeDegrees>59.79969787597656</LongitudeDegrees></Position></Trackpoint><Trackpoint><Time>2026-08-11T14:11:13.000Z</Time><Position><LatitudeDegrees>58.62906265258789</LatitudeDegrees><LongitudeDegrees>59.799713134765625</LongitudeDegrees></Position></Trackpoint><Trackpoint><Time>2026-08-11T14:11:13.000Z</Time><Position><LatitudeDegrees>58.62907028198242</LatitudeDegrees><LongitudeDegrees>59.79972839355469</LongitudeDegrees></Position></Trackpoint><Trackpoint><Time>2026-08-11T14:11:15.000Z</Time><Position><LatitudeDegrees>58.62907409667969</LatitudeDegrees><LongitudeDegrees>59.79975128173828</LongitudeDegrees></Position></Trackpoint><Trackpoint><Time>2026-08-11T14:11:15.000Z</Time><Position><LatitudeDegrees>58.62908172607422</LatitudeDegrees><LongitudeDegrees>59.799781799316406</LongitudeDegrees></Position></Trackpoint><Trackpoint><Time>2026-08-11T14:11:17.000Z</Time><Position><LatitudeDegrees>58.629093170166016</LatitudeDegrees><LongitudeDegrees>59.7998046875</LongitudeDegrees></Position></Trackpoint><Trackpoint><Time>2026-08-11T14:11:18.000Z</Time><Position><LatitudeDegrees>58.62910079956055</LatitudeDegrees><LongitudeDegrees>59.799827575683594</LongitudeDegrees></Position></Trackpoint><Trackpoint><Time>2026-08-11T14:11:18.000Z</Time><Position><LatitudeDegrees>58.62910461425781</LatitudeDegrees><LongitudeDegrees>59.79985046386719</LongitudeDegrees></Position></Trackpoint><Trackpoint><Time>2026-08-11T14:11:19.000Z</Time><Position><LatitudeDegrees>58.629099819356796</LatitudeDegrees><LongitudeDegrees>59.79983059325536</LongitudeDegrees></Position></Trackpoint><Trackpoint><Time>2026-08-11T14:11:20.000Z</Time><Position><LatitudeDegrees>58.62910707247509</LatitudeDegrees><LongitudeDegrees>59.79985017203408</LongitudeDegrees></Position></Trackpoint><Trackpoint><Time>2026-08-11T14:11:22.000Z</Time><Position><LatitudeDegrees>58.62913131713867</LatitudeDegrees><LongitudeDegrees>59.799896240234375</LongitudeDegrees></Position></Trackpoint><Trackpoint><Time>2026-08-11T14:11:22.000Z</Time><Position><LatitudeDegrees>58.6291389465332</LatitudeDegrees><LongitudeDegrees>59.7999153137207</LongitudeDegrees></Position></Trackpoint><Trackpoint><Time>2026-08-11T14:11:24.000Z</Time><Position><LatitudeDegrees>58.629146575927734</LatitudeDegrees><LongitudeDegrees>59.799930572509766</LongitudeDegrees></Position></Trackpoint><Trackpoint><Time>2026-08-11T14:11:25.000Z</Time><Position><LatitudeDegrees>58.62915802001953</LatitudeDegrees><LongitudeDegrees>59.799949645996094</LongitudeDegrees></Position></Trackpoint><Trackpoint><Time>2026-08-11T14:11:25.000Z</Time><Position><LatitudeDegrees>58.62916564941406</LatitudeDegrees><LongitudeDegrees>59.79996871948242</LongitudeDegrees></Position></Trackpoint><Trackpoint><Time>2026-08-11T14:11:26.000Z</Time><Position><LatitudeDegrees>58.62917709350586</LatitudeDegrees><LongitudeDegrees>59.79998016357422</LongitudeDegrees></Position></Trackpoint><Trackpoint><Time>2026-08-11T14:11:28.000Z</Time><Position><LatitudeDegrees>58.62916324913916</LatitudeDegrees><LongitudeDegrees>59.79995704615108</LongitudeDegrees></Position></Trackpoint><Trackpoint><Time>2026-08-11T14:11:28.000Z</Time><Position><LatitudeDegrees>58.629188537597656</LatitudeDegrees><LongitudeDegrees>59.80003356933594</LongitudeDegrees></Position></Trackpoint><Trackpoint><Time>2026-08-11T14:11:30.000Z</Time><Position><LatitudeDegrees>58.62919616699219</LatitudeDegrees><LongitudeDegrees>59.80006408691406</LongitudeDegrees></Position></Trackpoint><Trackpoint><Time>2026-08-11T14:11:31.000Z</Time><Position><LatitudeDegrees>58.62920379638672</LatitudeDegrees><LongitudeDegrees>59.80009078979492</LongitudeDegrees></Position></Trackpoint><Trackpoint><Time>2026-08-11T14:11:32.000Z</Time><Position><LatitudeDegrees>58.629215240478516</LatitudeDegrees><LongitudeDegrees>59.80010986328125</LongitudeDegrees></Position></Trackpoint><Trackpoint><Time>2026-08-11T14:11:33.000Z</Time><Position><LatitudeDegrees>58.62922286987305</LatitudeDegrees><LongitudeDegrees>59.80012512207031</LongitudeDegrees></Position></Trackpoint><Trackpoint><Time>2026-08-11T14:11:33.000Z</Time><Position><LatitudeDegrees>58.62922668457031</LatitudeDegrees><LongitudeDegrees>59.80013656616211</LongitudeDegrees></Position></Trackpoint><Trackpoint><Time>2026-08-11T14:11:34.000Z</Time><Position><LatitudeDegrees>58.62923049926758</LatitudeDegrees><LongitudeDegrees>59.8001594543457</LongitudeDegrees></Position></Trackpoint><Trackpoint><Time>2026-08-11T14:11:35.000Z</Time><Position><LatitudeDegrees>58.629234313964844</LatitudeDegrees><LongitudeDegrees>59.80017852783203</LongitudeDegrees></Position></Trackpoint><Trackpoint><Time>2026-08-11T14:11:37.000Z</Time><Position><LatitudeDegrees>58.629229922290406</LatitudeDegrees><LongitudeDegrees>59.80016459636105</LongitudeDegrees></Position></Trackpoint><Trackpoint><Time>2026-08-11T14:11:37.000Z</Time><Position><LatitudeDegrees>58.629249572753906</LatitudeDegrees><LongitudeDegrees>59.80022048950195</LongitudeDegrees></Position></Trackpoint><Trackpoint><Time>2026-08-11T14:11:39.000Z</Time><Position><LatitudeDegrees>58.629242950659126</LatitudeDegrees><LongitudeDegrees>59.80019879149406</LongitudeDegrees></Position></Trackpoint><Trackpoint><Time>2026-08-11T14:11:40.000Z</Time><Position><LatitudeDegrees>58.629268646240234</LatitudeDegrees><LongitudeDegrees>59.80025863647461</LongitudeDegrees></Position></Trackpoint><Trackpoint><Time>2026-08-11T14:11:41.000Z</Time><Position><LatitudeDegrees>58.62928009033203</LatitudeDegrees><LongitudeDegrees>59.8002815246582</LongitudeDegrees></Position></Trackpoint><Trackpoint><Time>2026-08-11T14:11:41.000Z</Time><Position><LatitudeDegrees>58.62928771972656</LatitudeDegrees><LongitudeDegrees>59.80031204223633</LongitudeDegrees></Position></Trackpoint><Trackpoint><Time>2026-08-11T14:11:43.000Z</Time><Position><LatitudeDegrees>58.62929916381836</LatitudeDegrees><LongitudeDegrees>59.80033874511719</LongitudeDegrees></Position></Trackpoint><Trackpoint><Time>2026-08-11T14:11:44.000Z</Time><Position><LatitudeDegrees>58.62930679321289</LatitudeDegrees><LongitudeDegrees>59.80035400390625</LongitudeDegrees></Position></Trackpoint><Trackpoint><Time>2026-08-11T14:11:45.000Z</Time><Position><LatitudeDegrees>58.62929911364565</LatitudeDegrees><LongitudeDegrees>59.80033466674977</LongitudeDegrees></Position></Trackpoint><Trackpoint><Time>2026-08-11T14:11:46.000Z</Time><Position><LatitudeDegrees>58.62931823730469</LatitudeDegrees><LongitudeDegrees>59.80038833618164</LongitudeDegrees></Position></Trackpoint><Trackpoint><Time>2026-08-11T14:11:46.000Z</Time><Position><LatitudeDegrees>58.629305734560376</LatitudeDegrees><LongitudeDegrees>59.800355989519765</LongitudeDegrees></Position></Trackpoint><Trackpoint><Time>2026-08-11T14:11:48.000Z</Time><Position><LatitudeDegrees>58.62932586669922</LatitudeDegrees><LongitudeDegrees>59.80043029785156</LongitudeDegrees></Position></Trackpoint><Trackpoint><Time>2026-08-11T14:11:48.000Z</Time><Position><LatitudeDegrees>58.629329681396484</LatitudeDegrees><LongitudeDegrees>59.800453186035156</LongitudeDegrees></Position></Trackpoint><Trackpoint><Time>2026-08-11T14:11:50.000Z</Time><Position><LatitudeDegrees>58.629337310791016</LatitudeDegrees><LongitudeDegrees>59.800472259521484</LongitudeDegrees></Position></Trackpoint><Trackpoint><Time>2026-08-11T14:11:50.000Z</Time><Position><LatitudeDegrees>58.62934112548828</LatitudeDegrees><LongitudeDegrees>59.800498962402344</LongitudeDegrees></Position></Trackpoint><Trackpoint><Time>2026-08-11T14:11:51.000Z</Time><Position><LatitudeDegrees>58.629336718845344</LatitudeDegrees><LongitudeDegrees>59.800482528312116</LongitudeDegrees></Position></Trackpoint><Trackpoint><Time>2026-08-11T14:11:52.000Z</Time><Position><LatitudeDegrees>58.6293428219655</LatitudeDegrees><LongitudeDegrees>59.80049634310182</LongitudeDegrees></Position></Trackpoint><Trackpoint><Time>2026-08-11T14:11:53.000Z</Time><Position><LatitudeDegrees>58.629371643066406</LatitudeDegrees><LongitudeDegrees>59.800567626953125</LongitudeDegrees></Position></Trackpoint><Trackpoint><Time>2026-08-11T14:11:55.000Z</Time><Position><LatitudeDegrees>58.62937927246094</LatitudeDegrees><LongitudeDegrees>59.80058288574219</LongitudeDegrees></Position></Trackpoint><Trackpoint><Time>2026-08-11T14:11:56.000Z</Time><Position><LatitudeDegrees>58.629390716552734</LatitudeDegrees><LongitudeDegrees>59.800594329833984</LongitudeDegrees></Position></Trackpoint><Trackpoint><Time>2026-08-11T14:11:56.000Z</Time><Position><LatitudeDegrees>58.629398345947266</LatitudeDegrees><LongitudeDegrees>59.80061340332031</LongitudeDegrees></Position></Trackpoint><Trackpoint><Time>2026-08-11T14:11:57.000Z</Time><Position><LatitudeDegrees>58.62938453131225</LatitudeDegrees><LongitudeDegrees>59.800588436548054</LongitudeDegrees></Position></Trackpoint><Trackpoint><Time>2026-08-11T14:11:58.000Z</Time><Position><LatitudeDegrees>58.62940979003906</LatitudeDegrees><LongitudeDegrees>59.8006591796875</LongitudeDegrees></Position></Trackpoint><Trackpoint><Time>2026-08-11T14:11:59.000Z</Time><Position><LatitudeDegrees>58.62940979003906</LatitudeDegrees><LongitudeDegrees>59.80069351196289</LongitudeDegrees></Position></Trackpoint><Trackpoint><Time>2026-08-11T14:12:00.000Z</Time><Position><LatitudeDegrees>58.62940979003906</LatitudeDegrees><LongitudeDegrees>59.80072021484375</LongitudeDegrees></Position></Trackpoint><Trackpoint><Time>2026-08-11T14:12:01.000Z</Time><Position><LatitudeDegrees>58.629417419433594</LatitudeDegrees><LongitudeDegrees>59.800743103027344</LongitudeDegrees></Position></Trackpoint><Trackpoint><Time>2026-08-11T14:12:02.000Z</Time><Position><LatitudeDegrees>58.62941478768373</LatitudeDegrees><LongitudeDegrees>59.80072014433998</LongitudeDegrees></Position></Trackpoint><Trackpoint><Time>2026-08-11T14:12:04.000Z</Time><Position><LatitudeDegrees>58.62943649291992</LatitudeDegrees><LongitudeDegrees>59.80078125</LongitudeDegrees></Position></Trackpoint><Trackpoint><Time>2026-08-11T14:12:05.000Z</Time><Position><LatitudeDegrees>58.62942718993975</LatitudeDegrees><LongitudeDegrees>59.800760727948145</LongitudeDegrees></Position></Trackpoint><Trackpoint><Time>2026-08-11T14:12:06.000Z</Time><Position><LatitudeDegrees>58.629451751708984</LatitudeDegrees><LongitudeDegrees>59.80083465576172</LongitudeDegrees></Position></Trackpoint><Trackpoint><Time>2026-08-11T14:12:06.000Z</Time><Position><LatitudeDegrees>58.62946319580078</LatitudeDegrees><LongitudeDegrees>59.80085372924805</LongitudeDegrees></Position></Trackpoint><Trackpoint><Time>2026-08-11T14:12:07.000Z</Time><Position><LatitudeDegrees>58.62947082519531</LatitudeDegrees><LongitudeDegrees>59.80086898803711</LongitudeDegrees></Position></Trackpoint><Trackpoint><Time>2026-08-11T14:12:08.000Z</Time><Position><LatitudeDegrees>58.629478454589844</LatitudeDegrees><LongitudeDegrees>59.80088806152344</LongitudeDegrees></Position></Trackpoint><Trackpoint><Time>2026-08-11T14:12:09.000Z</Time><Position><LatitudeDegrees>58.62946524808269</LatitudeDegrees><LongitudeDegrees>59.80085928478472</LongitudeDegrees></Position></Trackpoint><Trackpoint><Time>2026-08-11T14:12:10.000Z</Time><Position><LatitudeDegrees>58.62948226928711</LatitudeDegrees><LongitudeDegrees>59.80093002319336</LongitudeDegrees></Position></Trackpoint><Trackpoint><Time>2026-08-11T14:12:11.000Z</Time><Position><LatitudeDegrees>58.629478454589844</LatitudeDegrees><LongitudeDegrees>59.800960540771484</LongitudeDegrees></Position></Trackpoint><Trackpoint><Time>2026-08-11T14:12:12.000Z</Time><Position><LatitudeDegrees>58.62948989868164</LatitudeDegrees><LongitudeDegrees>59.80097198486328</LongitudeDegrees></Position></Trackpoint><Trackpoint><Time>2026-08-11T14:12:13.000Z</Time><Position><LatitudeDegrees>58.629493713378906</LatitudeDegrees><LongitudeDegrees>59.800994873046875</LongitudeDegrees></Position></Trackpoint><Trackpoint><Time>2026-08-11T14:12:15.000Z</Time><Position><LatitudeDegrees>58.62949103966339</LatitudeDegrees><LongitudeDegrees>59.80097780874638</LongitudeDegrees></Position></Trackpoint><Trackpoint><Time>2026-08-11T14:12:16.000Z</Time><Position><LatitudeDegrees>58.62949071949405</LatitudeDegrees><LongitudeDegrees>59.800975180226764</LongitudeDegrees></Position></Trackpoint><Trackpoint><Time>2026-08-11T14:12:16.000Z</Time><Position><LatitudeDegrees>58.6295166015625</LatitudeDegrees><LongitudeDegrees>59.801048278808594</LongitudeDegrees></Position></Trackpoint><Trackpoint><Time>2026-08-11T14:12:17.000Z</Time><Position><LatitudeDegrees>58.629504098100234</LatitudeDegrees><LongitudeDegrees>59.80101392105601</LongitudeDegrees></Position></Trackpoint><Trackpoint><Time>2026-08-11T14:12:18.000Z</Time><Position><LatitudeDegrees>58.62953567504883</LatitudeDegrees><LongitudeDegrees>59.80110168457031</LongitudeDegrees></Position></Trackpoint><Trackpoint><Time>2026-08-11T14:12:19.000Z</Time><Position><LatitudeDegrees>58.62955093383789</LatitudeDegrees><LongitudeDegrees>59.801124572753906</LongitudeDegrees></Position></Trackpoint><Trackpoint><Time>2026-08-11T14:12:20.000Z</Time><Position><LatitudeDegrees>58.62956237792969</LatitudeDegrees><LongitudeDegrees>59.80113983154297</LongitudeDegrees></Position></Trackpoint><Trackpoint><Time>2026-08-11T14:12:21.000Z</Time><Position><LatitudeDegrees>58.62957000732422</LatitudeDegrees><LongitudeDegrees>59.80115509033203</LongitudeDegrees></Position></Trackpoint><Trackpoint><Time>2026-08-11T14:12:23.000Z</Time><Position><LatitudeDegrees>58.62957763671875</LatitudeDegrees><LongitudeDegrees>59.80117416381836</LongitudeDegrees></Position></Trackpoint><Trackpoint><Time>2026-08-11T14:12:23.000Z</Time><Position><LatitudeDegrees>58.62958526611328</LatitudeDegrees><LongitudeDegrees>59.80119323730469</LongitudeDegrees></Position></Trackpoint><Trackpoint><Time>2026-08-11T14:12:24.000Z</Time><Position><LatitudeDegrees>58.62959289550781</LatitudeDegrees><LongitudeDegrees>59.80121612548828</LongitudeDegrees></Position></Trackpoint><Trackpoint><Time>2026-08-11T14:12:26.000Z</Time><Position><LatitudeDegrees>58.629600524902344</LatitudeDegrees><LongitudeDegrees>59.80123519897461</LongitudeDegrees></Position></Trackpoint><Trackpoint><Time>2026-08-11T14:12:27.000Z</Time><Position><LatitudeDegrees>58.62958885224906</LatitudeDegrees><LongitudeDegrees>59.80120524565932</LongitudeDegrees></Position></Trackpoint><Trackpoint><Time>2026-08-11T14:12:27.000Z</Time><Position><LatitudeDegrees>58.62962341308594</LatitudeDegrees><LongitudeDegrees>59.8012580871582</LongitudeDegrees></Position></Trackpoint><Trackpoint><Time>2026-08-11T14:12:29.000Z</Time><Position><LatitudeDegrees>58.62963104248047</LatitudeDegrees><LongitudeDegrees>59.80126953125</LongitudeDegrees></Position></Trackpoint><Trackpoint><Time>2026-08-11T14:12:29.000Z</Time><Position><LatitudeDegrees>58.629634857177734</LatitudeDegrees><LongitudeDegrees>59.80128479003906</LongitudeDegrees></Position></Trackpoint><Trackpoint><Time>2026-08-11T14:12:31.000Z</Time><Position><LatitudeDegrees>58.629642486572266</LatitudeDegrees><LongitudeDegrees>59.801300048828125</LongitudeDegrees></Position></Trackpoint><Trackpoint><Time>2026-08-11T14:12:31.000Z</Time><Position><LatitudeDegrees>58.62963165376416</LatitudeDegrees><LongitudeDegrees>59.80127798369566</LongitudeDegrees></Position></Trackpoint><Trackpoint><Time>2026-08-11T14:12:33.000Z</Time><Position><LatitudeDegrees>58.62965393066406</LatitudeDegrees><LongitudeDegrees>59.80134201049805</LongitudeDegrees></Position></Trackpoint><Trackpoint><Time>2026-08-11T14:12:34.000Z</Time><Position><LatitudeDegrees>58.629661560058594</LatitudeDegrees><LongitudeDegrees>59.80136489868164</LongitudeDegrees></Position></Trackpoint><Trackpoint><Time>2026-08-11T14:12:35.000Z</Time><Position><LatitudeDegrees>58.62967300415039</LatitudeDegrees><LongitudeDegrees>59.8013916015625</LongitudeDegrees></Position></Trackpoint><Trackpoint><Time>2026-08-11T14:12:36.000Z</Time><Position><LatitudeDegrees>58.62968063354492</LatitudeDegrees><LongitudeDegrees>59.80140686035156</LongitudeDegrees></Position></Trackpoint><Trackpoint><Time>2026-08-11T14:12:37.000Z</Time><Position><LatitudeDegrees>58.62968444824219</LatitudeDegrees><LongitudeDegrees>59.80143356323242</LongitudeDegrees></Position></Trackpoint><Trackpoint><Time>2026-08-11T14:12:37.000Z</Time><Position><LatitudeDegrees>58.62969207763672</LatitudeDegrees><LongitudeDegrees>59.80146026611328</LongitudeDegrees></Position></Trackpoint><Trackpoint><Time>2026-08-11T14:12:38.000Z</Time><Position><LatitudeDegrees>58.62969970703125</LatitudeDegrees><LongitudeDegrees>59.80147933959961</LongitudeDegrees></Position></Trackpoint><Trackpoint><Time>2026-08-11T14:12:39.000Z</Time><Position><LatitudeDegrees>58.62970733642578</LatitudeDegrees><LongitudeDegrees>59.8015022277832</LongitudeDegrees></Position></Trackpoint><Trackpoint><Time>2026-08-11T14:12:40.000Z</Time><Position><LatitudeDegrees>58.62971496582031</LatitudeDegrees><LongitudeDegrees>59.80152130126953</LongitudeDegrees></Position></Trackpoint><Trackpoint><Time>2026-08-11T14:12:42.000Z</Time><Position><LatitudeDegrees>58.629722595214844</LatitudeDegrees><LongitudeDegrees>59.801536560058594</LongitudeDegrees></Position></Trackpoint><Trackpoint><Time>2026-08-11T14:12:43.000Z</Time><Position><LatitudeDegrees>58.62972640991211</LatitudeDegrees><LongitudeDegrees>59.80155563354492</LongitudeDegrees></Position></Trackpoint><Trackpoint><Time>2026-08-11T14:12:44.000Z</Time><Position><LatitudeDegrees>58.629722003640495</LatitudeDegrees><LongitudeDegrees>59.80154047085252</LongitudeDegrees></Position></Trackpoint><Trackpoint><Time>2026-08-11T14:12:45.000Z</Time><Position><LatitudeDegrees>58.62972906849728</LatitudeDegrees><LongitudeDegrees>59.801559603083994</LongitudeDegrees></Position></Trackpoint><Trackpoint><Time>2026-08-11T14:12:45.000Z</Time><Position><LatitudeDegrees>58.62975311279297</LatitudeDegrees><LongitudeDegrees>59.80160140991211</LongitudeDegrees></Position></Trackpoint><Trackpoint><Time>2026-08-11T14:12:47.000Z</Time><Position><LatitudeDegrees>58.629764556884766</LatitudeDegrees><LongitudeDegrees>59.801605224609375</LongitudeDegrees></Position></Trackpoint><Trackpoint><Time>2026-08-11T14:12:48.000Z</Time><Position><LatitudeDegrees>58.62976837158203</LatitudeDegrees><LongitudeDegrees>59.80162811279297</LongitudeDegrees></Position></Trackpoint><Trackpoint><Time>2026-08-11T14:12:48.000Z</Time><Position><LatitudeDegrees>58.62976166224135</LatitudeDegrees><LongitudeDegrees>59.80161397191895</LongitudeDegrees></Position></Trackpoint><Trackpoint><Time>2026-08-11T14:12:50.000Z</Time><Position><LatitudeDegrees>58.62977002596822</LatitudeDegrees><LongitudeDegrees>59.80163267417222</LongitudeDegrees></Position></Trackpoint><Trackpoint><Time>2026-08-11T14:12:51.000Z</Time><Position><LatitudeDegrees>58.62978744506836</LatitudeDegrees><LongitudeDegrees>59.80168151855469</LongitudeDegrees></Position></Trackpoint><Trackpoint><Time>2026-08-11T14:12:52.000Z</Time><Position><LatitudeDegrees>58.62979507446289</LatitudeDegrees><LongitudeDegrees>59.801700592041016</LongitudeDegrees></Position></Trackpoint><Trackpoint><Time>2026-08-11T14:12:52.000Z</Time><Position><LatitudeDegrees>58.62980270385742</LatitudeDegrees><LongitudeDegrees>59.80172348022461</LongitudeDegrees></Position></Trackpoint><Trackpoint><Time>2026-08-11T14:12:53.000Z</Time><Position><LatitudeDegrees>58.62981414794922</LatitudeDegrees><LongitudeDegrees>59.80175018310547</LongitudeDegrees></Position></Trackpoint><Trackpoint><Time>2026-08-11T14:12:54.000Z</Time><Position><LatitudeDegrees>58.62980106987156</LatitudeDegrees><LongitudeDegrees>59.801717046184535</LongitudeDegrees></Position></Trackpoint><Trackpoint><Time>2026-08-11T14:12:55.000Z</Time><Position><LatitudeDegrees>58.62980606148286</LatitudeDegrees><LongitudeDegrees>59.80173128276044</LongitudeDegrees></Position></Trackpoint><Trackpoint><Time>2026-08-11T14:12:56.000Z</Time><Position><LatitudeDegrees>58.62982940673828</LatitudeDegrees><LongitudeDegrees>59.801822662353516</LongitudeDegrees></Position></Trackpoint><Trackpoint><Time>2026-08-11T14:12:57.000Z</Time><Position><LatitudeDegrees>58.629825592041016</LatitudeDegrees><LongitudeDegrees>59.80185317993164</LongitudeDegrees></Position></Trackpoint><Trackpoint><Time>2026-08-11T14:12:59.000Z</Time><Position><LatitudeDegrees>58.629825592041016</LatitudeDegrees><LongitudeDegrees>59.801876068115234</LongitudeDegrees></Position></Trackpoint><Trackpoint><Time>2026-08-11T14:13:00.000Z</Time><Position><LatitudeDegrees>58.62982940673828</LatitudeDegrees><LongitudeDegrees>59.801902770996094</LongitudeDegrees></Position></Trackpoint><Trackpoint><Time>2026-08-11T14:13:01.000Z</Time><Position><LatitudeDegrees>58.629828281591884</LatitudeDegrees><LongitudeDegrees>59.801880211564814</LongitudeDegrees></Position></Trackpoint><Trackpoint><Time>2026-08-11T14:13:02.000Z</Time><Position><LatitudeDegrees>58.629833757635055</LatitudeDegrees><LongitudeDegrees>59.80188787372588</LongitudeDegrees></Position></Trackpoint><Trackpoint><Time>2026-08-11T14:13:03.000Z</Time><Position><LatitudeDegrees>58.6298442616866</LatitudeDegrees><LongitudeDegrees>59.80191142969178</LongitudeDegrees></Position></Trackpoint><Trackpoint><Time>2026-08-11T14:13:03.000Z</Time><Position><LatitudeDegrees>58.629878997802734</LatitudeDegrees><LongitudeDegrees>59.80193328857422</LongitudeDegrees></Position></Trackpoint><Trackpoint><Time>2026-08-11T14:13:04.000Z</Time><Position><LatitudeDegrees>58.629870158888444</LatitudeDegrees><LongitudeDegrees>59.801929752934186</LongitudeDegrees></Position></Trackpoint><Trackpoint><Time>2026-08-11T14:13:05.000Z</Time><Position><LatitudeDegrees>58.62990188598633</LatitudeDegrees><LongitudeDegrees>59.80198669433594</LongitudeDegrees></Position></Trackpoint><Trackpoint><Time>2026-08-11T14:13:06.000Z</Time><Position><LatitudeDegrees>58.62990188598633</LatitudeDegrees><LongitudeDegrees>59.802005767822266</LongitudeDegrees></Position></Trackpoint><Trackpoint><Time>2026-08-11T14:13:08.000Z</Time><Position><LatitudeDegrees>58.629913330078125</LatitudeDegrees><LongitudeDegrees>59.8020133972168</LongitudeDegrees></Position></Trackpoint><Trackpoint><Time>2026-08-11T14:13:08.000Z</Time><Position><LatitudeDegrees>58.629920959472656</LatitudeDegrees><LongitudeDegrees>59.80202865600586</LongitudeDegrees></Position></Trackpoint><Trackpoint><Time>2026-08-11T14:13:09.000Z</Time><Position><LatitudeDegrees>58.62992858886719</LatitudeDegrees><LongitudeDegrees>59.80204772949219</LongitudeDegrees></Position></Trackpoint><Trackpoint><Time>2026-08-11T14:13:10.000Z</Time><Position><LatitudeDegrees>58.62992337325792</LatitudeDegrees><LongitudeDegrees>59.80202986091178</LongitudeDegrees></Position></Trackpoint><Trackpoint><Time>2026-08-11T14:13:12.000Z</Time><Position><LatitudeDegrees>58.629922638692385</LatitudeDegrees><LongitudeDegrees>59.8020290362994</LongitudeDegrees></Position></Trackpoint><Trackpoint><Time>2026-08-11T14:13:13.000Z</Time><Position><LatitudeDegrees>58.62995147705078</LatitudeDegrees><LongitudeDegrees>59.802093505859375</LongitudeDegrees></Position></Trackpoint><Trackpoint><Time>2026-08-11T14:13:13.000Z</Time><Position><LatitudeDegrees>58.629947662353516</LatitudeDegrees><LongitudeDegrees>59.802127838134766</LongitudeDegrees></Position></Trackpoint><Trackpoint><Time>2026-08-11T14:13:15.000Z</Time><Position><LatitudeDegrees>58.62995147705078</LatitudeDegrees><LongitudeDegrees>59.80215072631836</LongitudeDegrees></Position></Trackpoint><Trackpoint><Time>2026-08-11T14:13:15.000Z</Time><Position><LatitudeDegrees>58.62995910644531</LatitudeDegrees><LongitudeDegrees>59.80218505859375</LongitudeDegrees></Position></Trackpoint><Trackpoint><Time>2026-08-11T14:13:17.000Z</Time><Position><LatitudeDegrees>58.629956373461475</LatitudeDegrees><LongitudeDegrees>59.80216176032363</LongitudeDegrees></Position></Trackpoint><Trackpoint><Time>2026-08-11T14:13:17.000Z</Time><Position><LatitudeDegrees>58.629981994628906</LatitudeDegrees><LongitudeDegrees>59.80221939086914</LongitudeDegrees></Position></Trackpoint><Trackpoint><Time>2026-08-11T14:13:18.000Z</Time><Position><LatitudeDegrees>58.62999725341797</LatitudeDegrees><LongitudeDegrees>59.8022346496582</LongitudeDegrees></Position></Trackpoint><Trackpoint><Time>2026-08-11T14:13:19.000Z</Time><Position><LatitudeDegrees>58.62998419789755</LatitudeDegrees><LongitudeDegrees>59.80221996757023</LongitudeDegrees></Position></Trackpoint><Trackpoint><Time>2026-08-11T14:13:20.000Z</Time><Position><LatitudeDegrees>58.62998367783203</LatitudeDegrees><LongitudeDegrees>59.802234900521256</LongitudeDegrees></Position></Trackpoint><Trackpoint><Time>2026-08-11T14:13:22.000Z</Time><Position><LatitudeDegrees>58.6299934387207</LatitudeDegrees><LongitudeDegrees>59.802330017089844</LongitudeDegrees></Position></Trackpoint><Trackpoint><Time>2026-08-11T14:13:22.000Z</Time><Position><LatitudeDegrees>58.62998962402344</LatitudeDegrees><LongitudeDegrees>59.80236053466797</LongitudeDegrees></Position></Trackpoint><Trackpoint><Time>2026-08-11T14:13:23.000Z</Time><Position><LatitudeDegrees>58.62998962402344</LatitudeDegrees><LongitudeDegrees>59.80238723754883</LongitudeDegrees></Position></Trackpoint><Trackpoint><Time>2026-08-11T14:13:24.000Z</Time><Position><LatitudeDegrees>58.62998962402344</LatitudeDegrees><LongitudeDegrees>59.80242919921875</LongitudeDegrees></Position></Trackpoint><Trackpoint><Time>2026-08-11T14:13:25.000Z</Time><Position><LatitudeDegrees>58.62999067798909</LatitudeDegrees><LongitudeDegrees>59.802377429666386</LongitudeDegrees></Position></Trackpoint><Trackpoint><Time>2026-08-11T14:13:27.000Z</Time><Position><LatitudeDegrees>58.63001251220703</LatitudeDegrees><LongitudeDegrees>59.80246353149414</LongitudeDegrees></Position></Trackpoint><Trackpoint><Time>2026-08-11T14:13:27.000Z</Time><Position><LatitudeDegrees>58.63002014160156</LatitudeDegrees><LongitudeDegrees>59.802467346191406</LongitudeDegrees></Position></Trackpoint><Trackpoint><Time>2026-08-11T14:13:28.000Z</Time><Position><LatitudeDegrees>58.63002395629883</LatitudeDegrees><LongitudeDegrees>59.802486419677734</LongitudeDegrees></Position></Trackpoint><Trackpoint><Time>2026-08-11T14:13:29.000Z</Time><Position><LatitudeDegrees>58.630027770996094</LatitudeDegrees><LongitudeDegrees>59.80250930786133</LongitudeDegrees></Position></Trackpoint><Trackpoint><Time>2026-08-11T14:13:30.000Z</Time><Position><LatitudeDegrees>58.63003158569336</LatitudeDegrees><LongitudeDegrees>59.80253601074219</LongitudeDegrees></Position></Trackpoint><Trackpoint><Time>2026-08-11T14:13:31.000Z</Time><Position><LatitudeDegrees>58.630035400390625</LatitudeDegrees><LongitudeDegrees>59.802555084228516</LongitudeDegrees></Position></Trackpoint><Trackpoint><Time>2026-08-11T14:13:32.000Z</Time><Position><LatitudeDegrees>58.630030408597335</LatitudeDegrees><LongitudeDegrees>59.802523878498675</LongitudeDegrees></Position></Trackpoint><Trackpoint><Time>2026-08-11T14:13:33.000Z</Time><Position><LatitudeDegrees>58.63006591796875</LatitudeDegrees><LongitudeDegrees>59.802581787109375</LongitudeDegrees></Position></Trackpoint><Trackpoint><Time>2026-08-11T14:13:34.000Z</Time><Position><LatitudeDegrees>58.63007736206055</LatitudeDegrees><LongitudeDegrees>59.80259323120117</LongitudeDegrees></Position></Trackpoint><Trackpoint><Time>2026-08-11T14:13:35.000Z</Time><Position><LatitudeDegrees>58.63008499145508</LatitudeDegrees><LongitudeDegrees>59.80261993408203</LongitudeDegrees></Position></Trackpoint><Trackpoint><Time>2026-08-11T14:13:36.000Z</Time><Position><LatitudeDegrees>58.630096435546875</LatitudeDegrees><LongitudeDegrees>59.802635192871094</LongitudeDegrees></Position></Trackpoint><Trackpoint><Time>2026-08-11T14:13:37.000Z</Time><Position><LatitudeDegrees>58.63008859239007</LatitudeDegrees><LongitudeDegrees>59.80262058413678</LongitudeDegrees></Position></Trackpoint><Trackpoint><Time>2026-08-11T14:13:38.000Z</Time><Position><LatitudeDegrees>58.63011169433594</LatitudeDegrees><LongitudeDegrees>59.80267333984375</LongitudeDegrees></Position></Trackpoint><Trackpoint><Time>2026-08-11T14:13:39.000Z</Time><Position><LatitudeDegrees>58.63011932373047</LatitudeDegrees><LongitudeDegrees>59.80269241333008</LongitudeDegrees></Position></Trackpoint><Trackpoint><Time>2026-08-11T14:13:41.000Z</Time><Position><LatitudeDegrees>58.630130767822266</LatitudeDegrees><LongitudeDegrees>59.802711486816406</LongitudeDegrees></Position></Trackpoint><Trackpoint><Time>2026-08-11T14:13:41.000Z</Time><Position><LatitudeDegrees>58.63014221191406</LatitudeDegrees><LongitudeDegrees>59.802738189697266</LongitudeDegrees></Position></Trackpoint><Trackpoint><Time>2026-08-11T14:13:42.000Z</Time><Position><LatitudeDegrees>58.630157470703125</LatitudeDegrees><LongitudeDegrees>59.80275344848633</LongitudeDegrees></Position></Trackpoint><Trackpoint><Time>2026-08-11T14:13:43.000Z</Time><Position><LatitudeDegrees>58.63016891479492</LatitudeDegrees><LongitudeDegrees>59.80277633666992</LongitudeDegrees></Position></Trackpoint><Trackpoint><Time>2026-08-11T14:13:44.000Z</Time><Position><LatitudeDegrees>58.63015073042064</LatitudeDegrees><LongitudeDegrees>59.802745963864126</LongitudeDegrees></Position></Trackpoint><Trackpoint><Time>2026-08-11T14:13:45.000Z</Time><Position><LatitudeDegrees>58.63018035888672</LatitudeDegrees><LongitudeDegrees>59.80282211303711</LongitudeDegrees></Position></Trackpoint><Trackpoint><Time>2026-08-11T14:13:47.000Z</Time><Position><LatitudeDegrees>58.630184173583984</LatitudeDegrees><LongitudeDegrees>59.80284118652344</LongitudeDegrees></Position></Trackpoint><Trackpoint><Time>2026-08-11T14:13:47.000Z</Time><Position><LatitudeDegrees>58.630191802978516</LatitudeDegrees><LongitudeDegrees>59.80286407470703</LongitudeDegrees></Position></Trackpoint><Trackpoint><Time>2026-08-11T14:13:48.000Z</Time><Position><LatitudeDegrees>58.630191802978516</LatitudeDegrees><LongitudeDegrees>59.80288314819336</LongitudeDegrees></Position></Trackpoint><Trackpoint><Time>2026-08-11T14:13:49.000Z</Time><Position><LatitudeDegrees>58.63019561767578</LatitudeDegrees><LongitudeDegrees>59.80289840698242</LongitudeDegrees></Position></Trackpoint><Trackpoint><Time>2026-08-11T14:13:50.000Z</Time><Position><LatitudeDegrees>58.63019342380151</LatitudeDegrees><LongitudeDegrees>59.80288221064704</LongitudeDegrees></Position></Trackpoint><Trackpoint><Time>2026-08-11T14:13:51.000Z</Time><Position><LatitudeDegrees>58.63021469116211</LatitudeDegrees><LongitudeDegrees>59.80293655395508</LongitudeDegrees></Position></Trackpoint><Trackpoint><Time>2026-08-11T14:13:52.000Z</Time><Position><LatitudeDegrees>58.63022232055664</LatitudeDegrees><LongitudeDegrees>59.80296325683594</LongitudeDegrees></Position></Trackpoint><Trackpoint><Time>2026-08-11T14:13:53.000Z</Time><Position><LatitudeDegrees>58.63023376464844</LatitudeDegrees><LongitudeDegrees>59.802982330322266</LongitudeDegrees></Position></Trackpoint><Trackpoint><Time>2026-08-11T14:13:54.000Z</Time><Position><LatitudeDegrees>58.6302375793457</LatitudeDegrees><LongitudeDegrees>59.80299758911133</LongitudeDegrees></Position></Trackpoint><Trackpoint><Time>2026-08-11T14:13:56.000Z</Time><Position><LatitudeDegrees>58.630245208740234</LatitudeDegrees><LongitudeDegrees>59.80300521850586</LongitudeDegrees></Position></Trackpoint><Trackpoint><Time>2026-08-11T14:13:56.000Z</Time><Position><LatitudeDegrees>58.63024090151791</LatitudeDegrees><LongitudeDegrees>59.80299493962968</LongitudeDegrees></Position></Trackpoint><Trackpoint><Time>2026-08-11T14:13:57.000Z</Time><Position><LatitudeDegrees>58.63023961471978</LatitudeDegrees><LongitudeDegrees>59.80299483862307</LongitudeDegrees></Position></Trackpoint><Trackpoint><Time>2026-08-11T14:13:58.000Z</Time><Position><LatitudeDegrees>58.63026428222656</LatitudeDegrees><LongitudeDegrees>59.803077697753906</LongitudeDegrees></Position></Trackpoint><Trackpoint><Time>2026-08-11T14:13:59.000Z</Time><Position><LatitudeDegrees>58.63026809692383</LatitudeDegrees><LongitudeDegrees>59.80309295654297</LongitudeDegrees></Position></Trackpoint><Trackpoint><Time>2026-08-11T14:14:00.000Z</Time><Position><LatitudeDegrees>58.630271911621094</LatitudeDegrees><LongitudeDegrees>59.8031120300293</LongitudeDegrees></Position></Trackpoint><Trackpoint><Time>2026-08-11T14:14:01.000Z</Time><Position><LatitudeDegrees>58.630279541015625</LatitudeDegrees><LongitudeDegrees>59.803131103515625</LongitudeDegrees></Position></Trackpoint><Trackpoint><Time>2026-08-11T14:14:02.000Z</Time><Position><LatitudeDegrees>58.630287170410156</LatitudeDegrees><LongitudeDegrees>59.803157806396484</LongitudeDegrees></Position></Trackpoint><Trackpoint><Time>2026-08-11T14:14:03.000Z</Time><Position><LatitudeDegrees>58.63029479980469</LatitudeDegrees><LongitudeDegrees>59.80317687988281</LongitudeDegrees></Position></Trackpoint><Trackpoint><Time>2026-08-11T14:14:04.000Z</Time><Position><LatitudeDegrees>58.63030242919922</LatitudeDegrees><LongitudeDegrees>59.803199768066406</LongitudeDegrees></Position></Trackpoint><Trackpoint><Time>2026-08-11T14:14:05.000Z</Time><Position><LatitudeDegrees>58.63031005859375</LatitudeDegrees><LongitudeDegrees>59.80322265625</LongitudeDegrees></Position></Trackpoint><Trackpoint><Time>2026-08-11T14:14:07.000Z</Time><Position><LatitudeDegrees>58.63031768798828</LatitudeDegrees><LongitudeDegrees>59.80324172973633</LongitudeDegrees></Position></Trackpoint><Trackpoint><Time>2026-08-11T14:14:08.000Z</Time><Position><LatitudeDegrees>58.6303069804926</LatitudeDegrees><LongitudeDegrees>59.80321112954943</LongitudeDegrees></Position></Trackpoint><Trackpoint><Time>2026-08-11T14:14:08.000Z</Time><Position><LatitudeDegrees>58.63032913208008</LatitudeDegrees><LongitudeDegrees>59.80329132080078</LongitudeDegrees></Position></Trackpoint><Trackpoint><Time>2026-08-11T14:14:09.000Z</Time><Position><LatitudeDegrees>58.63032913208008</LatitudeDegrees><LongitudeDegrees>59.80331802368164</LongitudeDegrees></Position></Trackpoint><Trackpoint><Time>2026-08-11T14:14:10.000Z</Time><Position><LatitudeDegrees>58.630332946777344</LatitudeDegrees><LongitudeDegrees>59.803340911865234</LongitudeDegrees></Position></Trackpoint><Trackpoint><Time>2026-08-11T14:14:11.000Z</Time><Position><LatitudeDegrees>58.630340576171875</LatitudeDegrees><LongitudeDegrees>59.8033561706543</LongitudeDegrees></Position></Trackpoint><Trackpoint><Time>2026-08-11T14:14:12.000Z</Time><Position><LatitudeDegrees>58.63033283488825</LatitudeDegrees><LongitudeDegrees>59.80332584677965</LongitudeDegrees></Position></Trackpoint><Trackpoint><Time>2026-08-11T14:14:13.000Z</Time><Position><LatitudeDegrees>58.63036346435547</LatitudeDegrees><LongitudeDegrees>59.80340576171875</LongitudeDegrees></Position></Trackpoint><Trackpoint><Time>2026-08-11T14:14:14.000Z</Time><Position><LatitudeDegrees>58.63037109375</LatitudeDegrees><LongitudeDegrees>59.80342483520508</LongitudeDegrees></Position></Trackpoint><Trackpoint><Time>2026-08-11T14:14:15.000Z</Time><Position><LatitudeDegrees>58.63037872314453</LatitudeDegrees><LongitudeDegrees>59.803443908691406</LongitudeDegrees></Position></Trackpoint><Trackpoint><Time>2026-08-11T14:14:16.000Z</Time><Position><LatitudeDegrees>58.6303825378418</LatitudeDegrees><LongitudeDegrees>59.803470611572266</LongitudeDegrees></Position></Trackpoint><Trackpoint><Time>2026-08-11T14:14:17.000Z</Time><Position><LatitudeDegrees>58.63039016723633</LatitudeDegrees><LongitudeDegrees>59.80349349975586</LongitudeDegrees></Position></Trackpoint><Trackpoint><Time>2026-08-11T14:14:18.000Z</Time><Position><LatitudeDegrees>58.630379829244006</LatitudeDegrees><LongitudeDegrees>59.803458702063</LongitudeDegrees></Position></Trackpoint><Trackpoint><Time>2026-08-11T14:14:20.000Z</Time><Position><LatitudeDegrees>58.630409240722656</LatitudeDegrees><LongitudeDegrees>59.80352020263672</LongitudeDegrees></Position></Trackpoint><Trackpoint><Time>2026-08-11T14:14:21.000Z</Time><Position><LatitudeDegrees>58.63042449951172</LatitudeDegrees><LongitudeDegrees>59.803524017333984</LongitudeDegrees></Position></Trackpoint><Trackpoint><Time>2026-08-11T14:14:22.000Z</Time><Position><LatitudeDegrees>58.63043212890625</LatitudeDegrees><LongitudeDegrees>59.80354690551758</LongitudeDegrees></Position></Trackpoint><Trackpoint><Time>2026-08-11T14:14:22.000Z</Time><Position><LatitudeDegrees>58.630424908236144</LatitudeDegrees><LongitudeDegrees>59.80353662873972</LongitudeDegrees></Position></Trackpoint><Trackpoint><Time>2026-08-11T14:14:23.000Z</Time><Position><LatitudeDegrees>58.63042345113363</LatitudeDegrees><LongitudeDegrees>59.80353515491148</LongitudeDegrees></Position></Trackpoint><Trackpoint><Time>2026-08-11T14:14:24.000Z</Time><Position><LatitudeDegrees>58.630455017089844</LatitudeDegrees><LongitudeDegrees>59.803619384765625</LongitudeDegrees></Position></Trackpoint><Trackpoint><Time>2026-08-11T14:14:25.000Z</Time><Position><LatitudeDegrees>58.630462646484375</LatitudeDegrees><LongitudeDegrees>59.80363464355469</LongitudeDegrees></Position></Trackpoint><Trackpoint><Time>2026-08-11T14:14:26.000Z</Time><Position><LatitudeDegrees>58.63046646118164</LatitudeDegrees><LongitudeDegrees>59.80365753173828</LongitudeDegrees></Position></Trackpoint><Trackpoint><Time>2026-08-11T14:14:27.000Z</Time><Position><LatitudeDegrees>58.630470275878906</LatitudeDegrees><LongitudeDegrees>59.803680419921875</LongitudeDegrees></Position></Trackpoint><Trackpoint><Time>2026-08-11T14:14:28.000Z</Time><Position><LatitudeDegrees>58.63047790527344</LatitudeDegrees><LongitudeDegrees>59.8036994934082</LongitudeDegrees></Position></Trackpoint><Trackpoint><Time>2026-08-11T14:14:30.000Z</Time><Position><LatitudeDegrees>58.630489349365234</LatitudeDegrees><LongitudeDegrees>59.8037109375</LongitudeDegrees></Position></Trackpoint><Trackpoint><Time>2026-08-11T14:14:31.000Z</Time><Position><LatitudeDegrees>58.6304931640625</LatitudeDegrees><LongitudeDegrees>59.80373001098633</LongitudeDegrees></Position></Trackpoint><Trackpoint><Time>2026-08-11T14:14:31.000Z</Time><Position><LatitudeDegrees>58.63048565568134</LatitudeDegrees><LongitudeDegrees>59.80371892527361</LongitudeDegrees></Position></Trackpoint><Trackpoint><Time>2026-08-11T14:14:33.000Z</Time><Position><LatitudeDegrees>58.63050842285156</LatitudeDegrees><LongitudeDegrees>59.803775787353516</LongitudeDegrees></Position></Trackpoint><Trackpoint><Time>2026-08-11T14:14:33.000Z</Time><Position><LatitudeDegrees>58.63051986694336</LatitudeDegrees><LongitudeDegrees>59.803794860839844</LongitudeDegrees></Position></Trackpoint><Trackpoint><Time>2026-08-11T14:14:34.000Z</Time><Position><LatitudeDegrees>58.630523681640625</LatitudeDegrees><LongitudeDegrees>59.80381393432617</LongitudeDegrees></Position></Trackpoint><Trackpoint><Time>2026-08-11T14:14:35.000Z</Time><Position><LatitudeDegrees>58.63053512573242</LatitudeDegrees><LongitudeDegrees>59.8038330078125</LongitudeDegrees></Position></Trackpoint><Trackpoint><Time>2026-08-11T14:14:36.000Z</Time><Position><LatitudeDegrees>58.63053894042969</LatitudeDegrees><LongitudeDegrees>59.80385208129883</LongitudeDegrees></Position></Trackpoint><Trackpoint><Time>2026-08-11T14:14:37.000Z</Time><Position><LatitudeDegrees>58.63053359523194</LatitudeDegrees><LongitudeDegrees>59.80383810229527</LongitudeDegrees></Position></Trackpoint><Trackpoint><Time>2026-08-11T14:14:38.000Z</Time><Position><LatitudeDegrees>58.63053263253172</LatitudeDegrees><LongitudeDegrees>59.80383519046639</LongitudeDegrees></Position></Trackpoint><Trackpoint><Time>2026-08-11T14:14:39.000Z</Time><Position><LatitudeDegrees>58.630547570064685</LatitudeDegrees><LongitudeDegrees>59.80386788402268</LongitudeDegrees></Position></Trackpoint><Trackpoint><Time>2026-08-11T14:14:41.000Z</Time><Position><LatitudeDegrees>58.63057327270508</LatitudeDegrees><LongitudeDegrees>59.803890228271484</LongitudeDegrees></Position></Trackpoint><Trackpoint><Time>2026-08-11T14:14:41.000Z</Time><Position><LatitudeDegrees>58.630584716796875</LatitudeDegrees><LongitudeDegrees>59.803890228271484</LongitudeDegrees></Position></Trackpoint><Trackpoint><Time>2026-08-11T14:14:42.000Z</Time><Position><LatitudeDegrees>58.63059997558594</LatitudeDegrees><LongitudeDegrees>59.803897857666016</LongitudeDegrees></Position></Trackpoint><Trackpoint><Time>2026-08-11T14:14:43.000Z</Time><Position><LatitudeDegrees>58.630611419677734</LatitudeDegrees><LongitudeDegrees>59.80390548706055</LongitudeDegrees></Position></Trackpoint><Trackpoint><Time>2026-08-11T14:14:45.000Z</Time><Position><LatitudeDegrees>58.63062286376953</LatitudeDegrees><LongitudeDegrees>59.80393981933594</LongitudeDegrees></Position></Trackpoint><Trackpoint><Time>2026-08-11T14:14:45.000Z</Time><Position><LatitudeDegrees>58.63063430786133</LatitudeDegrees><LongitudeDegrees>59.8039436340332</LongitudeDegrees></Position></Trackpoint><Trackpoint><Time>2026-08-11T14:14:46.000Z</Time><Position><LatitudeDegrees>58.630638122558594</LatitudeDegrees><LongitudeDegrees>59.80394744873047</LongitudeDegrees></Position></Trackpoint><Trackpoint><Time>2026-08-11T14:14:47.000Z</Time><Position><LatitudeDegrees>58.630630479705445</LatitudeDegrees><LongitudeDegrees>59.803935070260984</LongitudeDegrees></Position></Trackpoint><Trackpoint><Time>2026-08-11T14:14:48.000Z</Time><Position><LatitudeDegrees>58.630636128068396</LatitudeDegrees><LongitudeDegrees>59.80393715897284</LongitudeDegrees></Position></Trackpoint><Trackpoint><Time>2026-08-11T14:14:50.000Z</Time><Position><LatitudeDegrees>58.630653381347656</LatitudeDegrees><LongitudeDegrees>59.80393981933594</LongitudeDegrees></Position></Trackpoint><Trackpoint><Time>2026-08-11T14:14:51.000Z</Time><Position><LatitudeDegrees>58.63065719604492</LatitudeDegrees><LongitudeDegrees>59.803932189941406</LongitudeDegrees></Position></Trackpoint><Trackpoint><Time>2026-08-11T14:14:53.000Z</Time><Position><LatitudeDegrees>58.63066101074219</LatitudeDegrees><LongitudeDegrees>59.80393600463867</LongitudeDegrees></Position></Trackpoint><Trackpoint><Time>2026-08-11T14:14:54.000Z</Time><Position><LatitudeDegrees>58.63066864013672</LatitudeDegrees><LongitudeDegrees>59.80393981933594</LongitudeDegrees></Position></Trackpoint><Trackpoint><Time>2026-08-11T14:14:55.000Z</Time><Position><LatitudeDegrees>58.630680084228516</LatitudeDegrees><LongitudeDegrees>59.80393600463867</LongitudeDegrees></Position></Trackpoint><Trackpoint><Time>2026-08-11T14:14:56.000Z</Time><Position><LatitudeDegrees>58.630676300835205</LatitudeDegrees><LongitudeDegrees>59.80393510478521</LongitudeDegrees></Position></Trackpoint><Trackpoint><Time>2026-08-11T14:14:57.000Z</Time><Position><LatitudeDegrees>58.630706787109375</LatitudeDegrees><LongitudeDegrees>59.803916931152344</LongitudeDegrees></Position></Trackpoint><Trackpoint><Time>2026-08-11T14:14:58.000Z</Time><Position><LatitudeDegrees>58.63071823120117</LatitudeDegrees><LongitudeDegrees>59.803924560546875</LongitudeDegrees></Position></Trackpoint><Trackpoint><Time>2026-08-11T14:14:58.000Z</Time><Position><LatitudeDegrees>58.6307258605957</LatitudeDegrees><LongitudeDegrees>59.803924560546875</LongitudeDegrees></Position></Trackpoint><Trackpoint><Time>2026-08-11T14:14:59.000Z</Time><Position><LatitudeDegrees>58.6307373046875</LatitudeDegrees><LongitudeDegrees>59.80391311645508</LongitudeDegrees></Position></Trackpoint><Trackpoint><Time>2026-08-11T14:15:00.000Z</Time><Position><LatitudeDegrees>58.63072804930018</LatitudeDegrees><LongitudeDegrees>59.80391578031651</LongitudeDegrees></Position></Trackpoint><Trackpoint><Time>2026-08-11T14:15:01.000Z</Time><Position><LatitudeDegrees>58.63073815283506</LatitudeDegrees><LongitudeDegrees>59.8039121243546</LongitudeDegrees></Position></Trackpoint><Trackpoint><Time>2026-08-11T14:15:02.000Z</Time><Position><LatitudeDegrees>58.63074462116056</LatitudeDegrees><LongitudeDegrees>59.80391671871748</LongitudeDegrees></Position></Trackpoint><Trackpoint><Time>2026-08-11T14:15:03.000Z</Time><Position><LatitudeDegrees>58.63077926635742</LatitudeDegrees><LongitudeDegrees>59.80392837524414</LongitudeDegrees></Position></Trackpoint><Trackpoint><Time>2026-08-11T14:15:04.000Z</Time><Position><LatitudeDegrees>58.63078689575195</LatitudeDegrees><LongitudeDegrees>59.803924560546875</LongitudeDegrees></Position></Trackpoint><Trackpoint><Time>2026-08-11T14:15:05.000Z</Time><Position><LatitudeDegrees>58.630794525146484</LatitudeDegrees><LongitudeDegrees>59.80392837524414</LongitudeDegrees></Position></Trackpoint><Trackpoint><Time>2026-08-11T14:15:06.000Z</Time><Position><LatitudeDegrees>58.63080596923828</LatitudeDegrees><LongitudeDegrees>59.80392837524414</LongitudeDegrees></Position></Trackpoint><Trackpoint><Time>2026-08-11T14:15:07.000Z</Time><Position><LatitudeDegrees>58.63079736107231</LatitudeDegrees><LongitudeDegrees>59.80392794807539</LongitudeDegrees></Position></Trackpoint><Trackpoint><Time>2026-08-11T14:15:08.000Z</Time><Position><LatitudeDegrees>58.630828857421875</LatitudeDegrees><LongitudeDegrees>59.80392837524414</LongitudeDegrees></Position></Trackpoint><Trackpoint><Time>2026-08-11T14:15:09.000Z</Time><Position><LatitudeDegrees>58.63084411621094</LatitudeDegrees><LongitudeDegrees>59.803924560546875</LongitudeDegrees></Position></Trackpoint><Trackpoint><Time>2026-08-11T14:15:10.000Z</Time><Position><LatitudeDegrees>58.630859375</LatitudeDegrees><LongitudeDegrees>59.803916931152344</LongitudeDegrees></Position></Trackpoint><Trackpoint><Time>2026-08-11T14:15:12.000Z</Time><Position><LatitudeDegrees>58.6308708190918</LatitudeDegrees><LongitudeDegrees>59.80392074584961</LongitudeDegrees></Position></Trackpoint><Trackpoint><Time>2026-08-11T14:15:13.000Z</Time><Position><LatitudeDegrees>58.63085879038597</LatitudeDegrees><LongitudeDegrees>59.80392452500176</LongitudeDegrees></Position></Trackpoint><Trackpoint><Time>2026-08-11T14:15:13.000Z</Time><Position><LatitudeDegrees>58.63086856633757</LatitudeDegrees><LongitudeDegrees>59.803925904380236</LongitudeDegrees></Position></Trackpoint><Trackpoint><Time>2026-08-11T14:15:15.000Z</Time><Position><LatitudeDegrees>58.630864585610844</LatitudeDegrees><LongitudeDegrees>59.803924045368085</LongitudeDegrees></Position></Trackpoint><Trackpoint><Time>2026-08-11T14:15:16.000Z</Time><Position><LatitudeDegrees>58.63090515136719</LatitudeDegrees><LongitudeDegrees>59.80389404296875</LongitudeDegrees></Position></Trackpoint><Trackpoint><Time>2026-08-11T14:15:16.000Z</Time><Position><LatitudeDegrees>58.630924224853516</LatitudeDegrees><LongitudeDegrees>59.803863525390625</LongitudeDegrees></Position></Trackpoint><Trackpoint><Time>2026-08-11T14:15:17.000Z</Time><Position><LatitudeDegrees>58.63091454769114</LatitudeDegrees><LongitudeDegrees>59.80388129250932</LongitudeDegrees></Position></Trackpoint><Trackpoint><Time>2026-08-11T14:15:19.000Z</Time><Position><LatitudeDegrees>58.630958557128906</LatitudeDegrees><LongitudeDegrees>59.80385208129883</LongitudeDegrees></Position></Trackpoint><Trackpoint><Time>2026-08-11T14:15:20.000Z</Time><Position><LatitudeDegrees>58.63092982580062</LatitudeDegrees><LongitudeDegrees>59.803873146436416</LongitudeDegrees></Position></Trackpoint><Trackpoint><Time>2026-08-11T14:15:20.000Z</Time><Position><LatitudeDegrees>58.6309814453125</LatitudeDegrees><LongitudeDegrees>59.803855895996094</LongitudeDegrees></Position></Trackpoint><Trackpoint><Time>2026-08-11T14:15:21.000Z</Time><Position><LatitudeDegrees>58.63099670410156</LatitudeDegrees><LongitudeDegrees>59.80384826660156</LongitudeDegrees></Position></Trackpoint><Trackpoint><Time>2026-08-11T14:15:22.000Z</Time><Position><LatitudeDegrees>58.63100814819336</LatitudeDegrees><LongitudeDegrees>59.803836822509766</LongitudeDegrees></Position></Trackpoint><Trackpoint><Time>2026-08-11T14:15:23.000Z</Time><Position><LatitudeDegrees>58.63102340698242</LatitudeDegrees><LongitudeDegrees>59.8038330078125</LongitudeDegrees></Position></Trackpoint><Trackpoint><Time>2026-08-11T14:15:24.000Z</Time><Position><LatitudeDegrees>58.63104248046875</LatitudeDegrees><LongitudeDegrees>59.8038215637207</LongitudeDegrees></Position></Trackpoint><Trackpoint><Time>2026-08-11T14:15:25.000Z</Time><Position><LatitudeDegrees>58.63105773925781</LatitudeDegrees><LongitudeDegrees>59.80380630493164</LongitudeDegrees></Position></Trackpoint><Trackpoint><Time>2026-08-11T14:15:27.000Z</Time><Position><LatitudeDegrees>58.631072998046875</LatitudeDegrees><LongitudeDegrees>59.803794860839844</LongitudeDegrees></Position></Trackpoint><Trackpoint><Time>2026-08-11T14:15:27.000Z</Time><Position><LatitudeDegrees>58.631080627441406</LatitudeDegrees><LongitudeDegrees>59.80378341674805</LongitudeDegrees></Position></Trackpoint><Trackpoint><Time>2026-08-11T14:15:28.000Z</Time><Position><LatitudeDegrees>58.63108825683594</LatitudeDegrees><LongitudeDegrees>59.80378341674805</LongitudeDegrees></Position></Trackpoint><Trackpoint><Time>2026-08-11T14:15:29.000Z</Time><Position><LatitudeDegrees>58.631099700927734</LatitudeDegrees><LongitudeDegrees>59.80378723144531</LongitudeDegrees></Position></Trackpoint><Trackpoint><Time>2026-08-11T14:15:30.000Z</Time><Position><LatitudeDegrees>58.631107330322266</LatitudeDegrees><LongitudeDegrees>59.80378341674805</LongitudeDegrees></Position></Trackpoint><Trackpoint><Time>2026-08-11T14:15:31.000Z</Time><Position><LatitudeDegrees>58.63112258911133</LatitudeDegrees><LongitudeDegrees>59.80377197265625</LongitudeDegrees></Position></Trackpoint><Trackpoint><Time>2026-08-11T14:15:32.000Z</Time><Position><LatitudeDegrees>58.631141662597656</LatitudeDegrees><LongitudeDegrees>59.80376052856445</LongitudeDegrees></Position></Trackpoint><Trackpoint><Time>2026-08-11T14:15:34.000Z</Time><Position><LatitudeDegrees>58.63113058367276</LatitudeDegrees><LongitudeDegrees>59.803769888167885</LongitudeDegrees></Position></Trackpoint><Trackpoint><Time>2026-08-11T14:15:34.000Z</Time><Position><LatitudeDegrees>58.63113804680937</LatitudeDegrees><LongitudeDegrees>59.80377006164698</LongitudeDegrees></Position></Trackpoint><Trackpoint><Time>2026-08-11T14:15:35.000Z</Time><Position><LatitudeDegrees>58.6311530086346</LatitudeDegrees><LongitudeDegrees>59.80376527970383</LongitudeDegrees></Position></Trackpoint><Trackpoint><Time>2026-08-11T14:15:36.000Z</Time><Position><LatitudeDegrees>58.63115881327453</LatitudeDegrees><LongitudeDegrees>59.803763861602455</LongitudeDegrees></Position></Trackpoint><Trackpoint><Time>2026-08-11T14:15:38.000Z</Time><Position><LatitudeDegrees>58.631202697753906</LatitudeDegrees><LongitudeDegrees>59.803768157958984</LongitudeDegrees></Position></Trackpoint><Trackpoint><Time>2026-08-11T14:15:39.000Z</Time><Position><LatitudeDegrees>58.63121032714844</LatitudeDegrees><LongitudeDegrees>59.803775787353516</LongitudeDegrees></Position></Trackpoint><Trackpoint><Time>2026-08-11T14:15:40.000Z</Time><Position><LatitudeDegrees>58.6312255859375</LatitudeDegrees><LongitudeDegrees>59.80378341674805</LongitudeDegrees></Position></Trackpoint><Trackpoint><Time>2026-08-11T14:15:41.000Z</Time><Position><LatitudeDegrees>58.63124084472656</LatitudeDegrees><LongitudeDegrees>59.803794860839844</LongitudeDegrees></Position></Trackpoint><Trackpoint><Time>2026-08-11T14:15:41.000Z</Time><Position><LatitudeDegrees>58.631220950326764</LatitudeDegrees><LongitudeDegrees>59.803782249508956</LongitudeDegrees></Position></Trackpoint><Trackpoint><Time>2026-08-11T14:15:42.000Z</Time><Position><LatitudeDegrees>58.63127517700195</LatitudeDegrees><LongitudeDegrees>59.803775787353516</LongitudeDegrees></Position></Trackpoint><Trackpoint><Time>2026-08-11T14:15:44.000Z</Time><Position><LatitudeDegrees>58.631290435791016</LatitudeDegrees><LongitudeDegrees>59.80377197265625</LongitudeDegrees></Position></Trackpoint><Trackpoint><Time>2026-08-11T14:15:44.000Z</Time><Position><LatitudeDegrees>58.63129806518555</LatitudeDegrees><LongitudeDegrees>59.803775787353516</LongitudeDegrees></Position></Trackpoint><Trackpoint><Time>2026-08-11T14:15:45.000Z</Time><Position><LatitudeDegrees>58.63129425048828</LatitudeDegrees><LongitudeDegrees>59.80377960205078</LongitudeDegrees></Position></Trackpoint><Trackpoint><Time>2026-08-11T14:15:46.000Z</Time><Position><LatitudeDegrees>58.63128250770144</LatitudeDegrees><LongitudeDegrees>59.80377650743268</LongitudeDegrees></Position></Trackpoint><Trackpoint><Time>2026-08-11T14:15:48.000Z</Time><Position><LatitudeDegrees>58.63128662109375</LatitudeDegrees><LongitudeDegrees>59.803768157958984</LongitudeDegrees></Position></Trackpoint><Trackpoint><Time>2026-08-11T14:15:48.000Z</Time><Position><LatitudeDegrees>58.631282806396484</LatitudeDegrees><LongitudeDegrees>59.80377197265625</LongitudeDegrees></Position></Trackpoint><Trackpoint><Time>2026-08-11T14:15:49.000Z</Time><Position><LatitudeDegrees>58.63127517700195</LatitudeDegrees><LongitudeDegrees>59.80377197265625</LongitudeDegrees></Position></Trackpoint><Trackpoint><Time>2026-08-11T14:15:50.000Z</Time><Position><LatitudeDegrees>58.63127136230469</LatitudeDegrees><LongitudeDegrees>59.803768157958984</LongitudeDegrees></Position></Trackpoint><Trackpoint><Time>2026-08-11T14:15:52.000Z</Time><Position><LatitudeDegrees>58.63127353239918</LatitudeDegrees><LongitudeDegrees>59.80377049810702</LongitudeDegrees></Position></Trackpoint><Trackpoint><Time>2026-08-11T14:15:52.000Z</Time><Position><LatitudeDegrees>58.6312755742483</LatitudeDegrees><LongitudeDegrees>59.80376702746198</LongitudeDegrees></Position></Trackpoint><Trackpoint><Time>2026-08-11T14:15:53.000Z</Time><Position><LatitudeDegrees>58.63127517700195</LatitudeDegrees><LongitudeDegrees>59.80375671386719</LongitudeDegrees></Position></Trackpoint><Trackpoint><Time>2026-08-11T14:15:54.000Z</Time><Position><LatitudeDegrees>58.63127899169922</LatitudeDegrees><LongitudeDegrees>59.803749084472656</LongitudeDegrees></Position></Trackpoint><Trackpoint><Time>2026-08-11T14:15:55.000Z</Time><Position><LatitudeDegrees>58.63127714375092</LatitudeDegrees><LongitudeDegrees>59.80375666391881</LongitudeDegrees></Position></Trackpoint><Trackpoint><Time>2026-08-11T14:18:42.000Z</Time><Position><LatitudeDegrees>58.631309509277344</LatitudeDegrees><LongitudeDegrees>59.803768157958984</LongitudeDegrees></Position></Trackpoint><Trackpoint><Time>2026-08-11T14:18:43.000Z</Time><Position><LatitudeDegrees>58.63132095336914</LatitudeDegrees><LongitudeDegrees>59.803768157958984</LongitudeDegrees></Position></Trackpoint><Trackpoint><Time>2026-08-11T14:18:44.000Z</Time><Position><LatitudeDegrees>58.63133239746094</LatitudeDegrees><LongitudeDegrees>59.80377960205078</LongitudeDegrees></Position></Trackpoint><Trackpoint><Time>2026-08-11T14:18:45.000Z</Time><Position><LatitudeDegrees>58.631343841552734</LatitudeDegrees><LongitudeDegrees>59.80377960205078</LongitudeDegrees></Position></Trackpoint><Trackpoint><Time>2026-08-11T14:18:47.000Z</Time><Position><LatitudeDegrees>58.63133610671886</LatitudeDegrees><LongitudeDegrees>59.80377669307002</LongitudeDegrees></Position></Trackpoint><Trackpoint><Time>2026-08-11T14:18:48.000Z</Time><Position><LatitudeDegrees>58.63134873918983</LatitudeDegrees><LongitudeDegrees>59.80377816987803</LongitudeDegrees></Position></Trackpoint><Trackpoint><Time>2026-08-11T14:18:48.000Z</Time><Position><LatitudeDegrees>58.63134829382953</LatitudeDegrees><LongitudeDegrees>59.80377725588583</LongitudeDegrees></Position></Trackpoint><Trackpoint><Time>2026-08-11T14:18:50.000Z</Time><Position><LatitudeDegrees>58.63139724731445</LatitudeDegrees><LongitudeDegrees>59.803768157958984</LongitudeDegrees></Position></Trackpoint><Trackpoint><Time>2026-08-11T14:18:51.000Z</Time><Position><LatitudeDegrees>58.63140869140625</LatitudeDegrees><LongitudeDegrees>59.80375671386719</LongitudeDegrees></Position></Trackpoint><Trackpoint><Time>2026-08-11T14:18:51.000Z</Time><Position><LatitudeDegrees>58.63139876740192</LatitudeDegrees><LongitudeDegrees>59.803765214041924</LongitudeDegrees></Position></Trackpoint><Trackpoint><Time>2026-08-11T14:18:53.000Z</Time><Position><LatitudeDegrees>58.631431579589844</LatitudeDegrees><LongitudeDegrees>59.803768157958984</LongitudeDegrees></Position></Trackpoint><Trackpoint><Time>2026-08-11T14:18:54.000Z</Time><Position><LatitudeDegrees>58.63145065307617</LatitudeDegrees><LongitudeDegrees>59.803768157958984</LongitudeDegrees></Position></Trackpoint><Trackpoint><Time>2026-08-11T14:18:54.000Z</Time><Position><LatitudeDegrees>58.63146209716797</LatitudeDegrees><LongitudeDegrees>59.803768157958984</LongitudeDegrees></Position></Trackpoint><Trackpoint><Time>2026-08-11T14:18:55.000Z</Time><Position><LatitudeDegrees>58.631473541259766</LatitudeDegrees><LongitudeDegrees>59.803768157958984</LongitudeDegrees></Position></Trackpoint><Trackpoint><Time>2026-08-11T14:18:56.000Z</Time><Position><LatitudeDegrees>58.63148498535156</LatitudeDegrees><LongitudeDegrees>59.803768157958984</LongitudeDegrees></Position></Trackpoint><Trackpoint><Time>2026-08-11T14:18:58.000Z</Time><Position><LatitudeDegrees>58.63149642944336</LatitudeDegrees><LongitudeDegrees>59.80376434326172</LongitudeDegrees></Position></Trackpoint><Trackpoint><Time>2026-08-11T14:18:59.000Z</Time><Position><LatitudeDegrees>58.63151168823242</LatitudeDegrees><LongitudeDegrees>59.80376434326172</LongitudeDegrees></Position></Trackpoint><Trackpoint><Time>2026-08-11T14:18:59.000Z</Time><Position><LatitudeDegrees>58.63152313232422</LatitudeDegrees><LongitudeDegrees>59.80376434326172</LongitudeDegrees></Position></Trackpoint><Trackpoint><Time>2026-08-11T14:19:01.000Z</Time><Position><LatitudeDegrees>58.631534576416016</LatitudeDegrees><LongitudeDegrees>59.803768157958984</LongitudeDegrees></Position></Trackpoint><Trackpoint><Time>2026-08-11T14:19:01.000Z</Time><Position><LatitudeDegrees>58.63154983520508</LatitudeDegrees><LongitudeDegrees>59.803768157958984</LongitudeDegrees></Position></Trackpoint><Trackpoint><Time>2026-08-11T14:19:03.000Z</Time><Position><LatitudeDegrees>58.63156509399414</LatitudeDegrees><LongitudeDegrees>59.803768157958984</LongitudeDegrees></Position></Trackpoint><Trackpoint><Time>2026-08-11T14:19:04.000Z</Time><Position><LatitudeDegrees>58.63154419992166</LatitudeDegrees><LongitudeDegrees>59.803766520806676</LongitudeDegrees></Position></Trackpoint><Trackpoint><Time>2026-08-11T14:19:04.000Z</Time><Position><LatitudeDegrees>58.6316032409668</LatitudeDegrees><LongitudeDegrees>59.80379104614258</LongitudeDegrees></Position></Trackpoint><Trackpoint><Time>2026-08-11T14:19:05.000Z</Time><Position><LatitudeDegrees>58.631622314453125</LatitudeDegrees><LongitudeDegrees>59.80378723144531</LongitudeDegrees></Position></Trackpoint><Trackpoint><Time>2026-08-11T14:19:06.000Z</Time><Position><LatitudeDegrees>58.63164138793945</LatitudeDegrees><LongitudeDegrees>59.803802490234375</LongitudeDegrees></Position></Trackpoint><Trackpoint><Time>2026-08-11T14:19:08.000Z</Time><Position><LatitudeDegrees>58.63165283203125</LatitudeDegrees><LongitudeDegrees>59.803802490234375</LongitudeDegrees></Position></Trackpoint><Trackpoint><Time>2026-08-11T14:19:08.000Z</Time><Position><LatitudeDegrees>58.631628714510136</LatitudeDegrees><LongitudeDegrees>59.80379518308018</LongitudeDegrees></Position></Trackpoint><Trackpoint><Time>2026-08-11T14:19:10.000Z</Time><Position><LatitudeDegrees>58.63167190551758</LatitudeDegrees><LongitudeDegrees>59.803794860839844</LongitudeDegrees></Position></Trackpoint><Trackpoint><Time>2026-08-11T14:19:10.000Z</Time><Position><LatitudeDegrees>58.631690979003906</LatitudeDegrees><LongitudeDegrees>59.80378723144531</LongitudeDegrees></Position></Trackpoint><Trackpoint><Time>2026-08-11T14:19:11.000Z</Time><Position><LatitudeDegrees>58.63170623779297</LatitudeDegrees><LongitudeDegrees>59.80378341674805</LongitudeDegrees></Position></Trackpoint><Trackpoint><Time>2026-08-11T14:19:13.000Z</Time><Position><LatitudeDegrees>58.631717681884766</LatitudeDegrees><LongitudeDegrees>59.803775787353516</LongitudeDegrees></Position></Trackpoint><Trackpoint><Time>2026-08-11T14:19:13.000Z</Time><Position><LatitudeDegrees>58.63169643143994</LatitudeDegrees><LongitudeDegrees>59.803783378321086</LongitudeDegrees></Position></Trackpoint><Trackpoint><Time>2026-08-11T14:19:14.000Z</Time><Position><LatitudeDegrees>58.631736755371094</LatitudeDegrees><LongitudeDegrees>59.80379104614258</LongitudeDegrees></Position></Trackpoint><Trackpoint><Time>2026-08-11T14:19:15.000Z</Time><Position><LatitudeDegrees>58.631736755371094</LatitudeDegrees><LongitudeDegrees>59.80379867553711</LongitudeDegrees></Position></Trackpoint><Trackpoint><Time>2026-08-11T14:19:16.000Z</Time><Position><LatitudeDegrees>58.63174819946289</LatitudeDegrees><LongitudeDegrees>59.803802490234375</LongitudeDegrees></Position></Trackpoint><Trackpoint><Time>2026-08-11T14:19:17.000Z</Time><Position><LatitudeDegrees>58.63175964355469</LatitudeDegrees><LongitudeDegrees>59.803794860839844</LongitudeDegrees></Position></Trackpoint><Trackpoint><Time>2026-08-11T14:19:19.000Z</Time><Position><LatitudeDegrees>58.6317449726701</LatitudeDegrees><LongitudeDegrees>59.803793822598884</LongitudeDegrees></Position></Trackpoint><Trackpoint><Time>2026-08-11T14:19:19.000Z</Time><Position><LatitudeDegrees>58.63177490234375</LatitudeDegrees><LongitudeDegrees>59.80377960205078</LongitudeDegrees></Position></Trackpoint><Trackpoint><Time>2026-08-11T14:19:21.000Z</Time><Position><LatitudeDegrees>58.63176842682809</LatitudeDegrees><LongitudeDegrees>59.8037805866473</LongitudeDegrees></Position></Trackpoint><Trackpoint><Time>2026-08-11T14:19:21.000Z</Time><Position><LatitudeDegrees>58.631797790527344</LatitudeDegrees><LongitudeDegrees>59.80376052856445</LongitudeDegrees></Position></Trackpoint><Trackpoint><Time>2026-08-11T14:19:23.000Z</Time><Position><LatitudeDegrees>58.631813049316406</LatitudeDegrees><LongitudeDegrees>59.803749084472656</LongitudeDegrees></Position></Trackpoint><Trackpoint><Time>2026-08-11T14:19:23.000Z</Time><Position><LatitudeDegrees>58.631802311886325</LatitudeDegrees><LongitudeDegrees>59.803755012948635</LongitudeDegrees></Position></Trackpoint><Trackpoint><Time>2026-08-11T14:19:24.000Z</Time><Position><LatitudeDegrees>58.63181711091991</LatitudeDegrees><LongitudeDegrees>59.80374106974014</LongitudeDegrees></Position></Trackpoint><Trackpoint><Time>2026-08-11T14:19:26.000Z</Time><Position><LatitudeDegrees>58.63185119628906</LatitudeDegrees><LongitudeDegrees>59.8036994934082</LongitudeDegrees></Position></Trackpoint><Trackpoint><Time>2026-08-11T14:19:26.000Z</Time><Position><LatitudeDegrees>58.631858825683594</LatitudeDegrees><LongitudeDegrees>59.80368423461914</LongitudeDegrees></Position></Trackpoint><Trackpoint><Time>2026-08-11T14:19:27.000Z</Time><Position><LatitudeDegrees>58.631866455078125</LatitudeDegrees><LongitudeDegrees>59.803672790527344</LongitudeDegrees></Position></Trackpoint><Trackpoint><Time>2026-08-11T14:19:28.000Z</Time><Position><LatitudeDegrees>58.63187789916992</LatitudeDegrees><LongitudeDegrees>59.80366516113281</LongitudeDegrees></Position></Trackpoint><Trackpoint><Time>2026-08-11T14:19:29.000Z</Time><Position><LatitudeDegrees>58.63188552856445</LatitudeDegrees><LongitudeDegrees>59.80364990234375</LongitudeDegrees></Position></Trackpoint><Trackpoint><Time>2026-08-11T14:19:30.000Z</Time><Position><LatitudeDegrees>58.631900787353516</LatitudeDegrees><LongitudeDegrees>59.80363845825195</LongitudeDegrees></Position></Trackpoint><Trackpoint><Time>2026-08-11T14:19:31.000Z</Time><Position><LatitudeDegrees>58.63190841674805</LatitudeDegrees><LongitudeDegrees>59.80362319946289</LongitudeDegrees></Position></Trackpoint><Trackpoint><Time>2026-08-11T14:19:32.000Z</Time><Position><LatitudeDegrees>58.631919860839844</LatitudeDegrees><LongitudeDegrees>59.803611755371094</LongitudeDegrees></Position></Trackpoint><Trackpoint><Time>2026-08-11T14:19:33.000Z</Time><Position><LatitudeDegrees>58.631935119628906</LatitudeDegrees><LongitudeDegrees>59.8036003112793</LongitudeDegrees></Position></Trackpoint><Trackpoint><Time>2026-08-11T14:19:34.000Z</Time><Position><LatitudeDegrees>58.6319465637207</LatitudeDegrees><LongitudeDegrees>59.8035888671875</LongitudeDegrees></Position></Trackpoint><Trackpoint><Time>2026-08-11T14:19:36.000Z</Time><Position><LatitudeDegrees>58.63193828568307</LatitudeDegrees><LongitudeDegrees>59.80359988429549</LongitudeDegrees></Position></Trackpoint><Trackpoint><Time>2026-08-11T14:19:37.000Z</Time><Position><LatitudeDegrees>58.631949451217736</LatitudeDegrees><LongitudeDegrees>59.803590470756475</LongitudeDegrees></Position></Trackpoint><Trackpoint><Time>2026-08-11T14:19:38.000Z</Time><Position><LatitudeDegrees>58.63194988250343</LatitudeDegrees><LongitudeDegrees>59.80358288579978</LongitudeDegrees></Position></Trackpoint><Trackpoint><Time>2026-08-11T14:19:38.000Z</Time><Position><LatitudeDegrees>58.631980895996094</LatitudeDegrees><LongitudeDegrees>59.803531646728516</LongitudeDegrees></Position></Trackpoint><Trackpoint><Time>2026-08-11T14:19:39.000Z</Time><Position><LatitudeDegrees>58.631988525390625</LatitudeDegrees><LongitudeDegrees>59.80351257324219</LongitudeDegrees></Position></Trackpoint><Trackpoint><Time>2026-08-11T14:19:40.000Z</Time><Position><LatitudeDegrees>58.631996154785156</LatitudeDegrees><LongitudeDegrees>59.80350112915039</LongitudeDegrees></Position></Trackpoint><Trackpoint><Time>2026-08-11T14:19:41.000Z</Time><Position><LatitudeDegrees>58.63200378417969</LatitudeDegrees><LongitudeDegrees>59.80348587036133</LongitudeDegrees></Position></Trackpoint><Trackpoint><Time>2026-08-11T14:19:42.000Z</Time><Position><LatitudeDegrees>58.63201141357422</LatitudeDegrees><LongitudeDegrees>59.80347442626953</LongitudeDegrees></Position></Trackpoint><Trackpoint><Time>2026-08-11T14:19:43.000Z</Time><Position><LatitudeDegrees>58.632015228271484</LatitudeDegrees><LongitudeDegrees>59.803466796875</LongitudeDegrees></Position></Trackpoint><Trackpoint><Time>2026-08-11T14:19:44.000Z</Time><Position><LatitudeDegrees>58.632022857666016</LatitudeDegrees><LongitudeDegrees>59.80345916748047</LongitudeDegrees></Position></Trackpoint><Trackpoint><Time>2026-08-11T14:19:45.000Z</Time><Position><LatitudeDegrees>58.63202667236328</LatitudeDegrees><LongitudeDegrees>59.803443908691406</LongitudeDegrees></Position></Trackpoint><Trackpoint><Time>2026-08-11T14:19:46.000Z</Time><Position><LatitudeDegrees>58.63203430175781</LatitudeDegrees><LongitudeDegrees>59.803428649902344</LongitudeDegrees></Position></Trackpoint><Trackpoint><Time>2026-08-11T14:19:48.000Z</Time><Position><LatitudeDegrees>58.63203811645508</LatitudeDegrees><LongitudeDegrees>59.80341720581055</LongitudeDegrees></Position></Trackpoint><Trackpoint><Time>2026-08-11T14:19:49.000Z</Time><Position><LatitudeDegrees>58.632030969182395</LatitudeDegrees><LongitudeDegrees>59.80343489116764</LongitudeDegrees></Position></Trackpoint><Trackpoint><Time>2026-08-11T14:19:49.000Z</Time><Position><LatitudeDegrees>58.63206481933594</LatitudeDegrees><LongitudeDegrees>59.803409576416016</LongitudeDegrees></Position></Trackpoint><Trackpoint><Time>2026-08-11T14:19:50.000Z</Time><Position><LatitudeDegrees>58.632056345290586</LatitudeDegrees><LongitudeDegrees>59.80342410180742</LongitudeDegrees></Position></Trackpoint><Trackpoint><Time>2026-08-11T14:19:51.000Z</Time><Position><LatitudeDegrees>58.632071622323906</LatitudeDegrees><LongitudeDegrees>59.803424791455896</LongitudeDegrees></Position></Trackpoint><Trackpoint><Time>2026-08-11T14:19:52.000Z</Time><Position><LatitudeDegrees>58.63211441040039</LatitudeDegrees><LongitudeDegrees>59.803428649902344</LongitudeDegrees></Position></Trackpoint><Trackpoint><Time>2026-08-11T14:19:53.000Z</Time><Position><LatitudeDegrees>58.63212203979492</LatitudeDegrees><LongitudeDegrees>59.80343246459961</LongitudeDegrees></Position></Trackpoint><Trackpoint><Time>2026-08-11T14:19:54.000Z</Time><Position><LatitudeDegrees>58.632137298583984</LatitudeDegrees><LongitudeDegrees>59.80343246459961</LongitudeDegrees></Position></Trackpoint><Trackpoint><Time>2026-08-11T14:19:55.000Z</Time><Position><LatitudeDegrees>58.63215255737305</LatitudeDegrees><LongitudeDegrees>59.803428649902344</LongitudeDegrees></Position></Trackpoint><Trackpoint><Time>2026-08-11T14:19:56.000Z</Time><Position><LatitudeDegrees>58.632164001464844</LatitudeDegrees><LongitudeDegrees>59.80342102050781</LongitudeDegrees></Position></Trackpoint><Trackpoint><Time>2026-08-11T14:19:57.000Z</Time><Position><LatitudeDegrees>58.63218307495117</LatitudeDegrees><LongitudeDegrees>59.80341339111328</LongitudeDegrees></Position></Trackpoint><Trackpoint><Time>2026-08-11T14:19:58.000Z</Time><Position><LatitudeDegrees>58.63219451904297</LatitudeDegrees><LongitudeDegrees>59.80341339111328</LongitudeDegrees></Position></Trackpoint><Trackpoint><Time>2026-08-11T14:19:59.000Z</Time><Position><LatitudeDegrees>58.63217398119831</LatitudeDegrees><LongitudeDegrees>59.80341805566816</LongitudeDegrees></Position></Trackpoint><Trackpoint><Time>2026-08-11T14:20:00.000Z</Time><Position><LatitudeDegrees>58.63220977783203</LatitudeDegrees><LongitudeDegrees>59.80342483520508</LongitudeDegrees></Position></Trackpoint><Trackpoint><Time>2026-08-11T14:20:01.000Z</Time><Position><LatitudeDegrees>58.63220977783203</LatitudeDegrees><LongitudeDegrees>59.803428649902344</LongitudeDegrees></Position></Trackpoint><Trackpoint><Time>2026-08-11T14:20:02.000Z</Time><Position><LatitudeDegrees>58.632225036621094</LatitudeDegrees><LongitudeDegrees>59.80343246459961</LongitudeDegrees></Position></Trackpoint><Trackpoint><Time>2026-08-11T14:20:03.000Z</Time><Position><LatitudeDegrees>58.63224411010742</LatitudeDegrees><LongitudeDegrees>59.803443908691406</LongitudeDegrees></Position></Trackpoint><Trackpoint><Time>2026-08-11T14:20:04.000Z</Time><Position><LatitudeDegrees>58.63225555419922</LatitudeDegrees><LongitudeDegrees>59.80344009399414</LongitudeDegrees></Position></Trackpoint><Trackpoint><Time>2026-08-11T14:20:05.000Z</Time><Position><LatitudeDegrees>58.63223658992945</LatitudeDegrees><LongitudeDegrees>59.80343600319684</LongitudeDegrees></Position></Trackpoint><Trackpoint><Time>2026-08-11T14:20:06.000Z</Time><Position><LatitudeDegrees>58.63227844238281</LatitudeDegrees><LongitudeDegrees>59.803436279296875</LongitudeDegrees></Position></Trackpoint><Trackpoint><Time>2026-08-11T14:20:07.000Z</Time><Position><LatitudeDegrees>58.6322576004713</LatitudeDegrees><LongitudeDegrees>59.80343529556608</LongitudeDegrees></Position></Trackpoint><Trackpoint><Time>2026-08-11T14:20:08.000Z</Time><Position><LatitudeDegrees>58.632301330566406</LatitudeDegrees><LongitudeDegrees>59.80342102050781</LongitudeDegrees></Position></Trackpoint><Trackpoint><Time>2026-08-11T14:20:09.000Z</Time><Position><LatitudeDegrees>58.6323127746582</LatitudeDegrees><LongitudeDegrees>59.80341339111328</LongitudeDegrees></Position></Trackpoint><Trackpoint><Time>2026-08-11T14:20:10.000Z</Time><Position><LatitudeDegrees>58.63230345244231</LatitudeDegrees><LongitudeDegrees>59.80341445750838</LongitudeDegrees></Position></Trackpoint><Trackpoint><Time>2026-08-11T14:20:11.000Z</Time><Position><LatitudeDegrees>58.63230975641821</LatitudeDegrees><LongitudeDegrees>59.80340714065924</LongitudeDegrees></Position></Trackpoint><Trackpoint><Time>2026-08-11T14:20:12.000Z</Time><Position><LatitudeDegrees>58.632354736328125</LatitudeDegrees><LongitudeDegrees>59.80336380004883</LongitudeDegrees></Position></Trackpoint><Trackpoint><Time>2026-08-11T14:20:14.000Z</Time><Position><LatitudeDegrees>58.632362365722656</LatitudeDegrees><LongitudeDegrees>59.80335235595703</LongitudeDegrees></Position></Trackpoint><Trackpoint><Time>2026-08-11T14:20:15.000Z</Time><Position><LatitudeDegrees>58.63237380981445</LatitudeDegrees><LongitudeDegrees>59.80333709716797</LongitudeDegrees></Position></Trackpoint><Trackpoint><Time>2026-08-11T14:20:15.000Z</Time><Position><LatitudeDegrees>58.632381439208984</LatitudeDegrees><LongitudeDegrees>59.8033447265625</LongitudeDegrees></Position></Trackpoint><Trackpoint><Time>2026-08-11T14:20:17.000Z</Time><Position><LatitudeDegrees>58.63239669799805</LatitudeDegrees><LongitudeDegrees>59.8033332824707</LongitudeDegrees></Position></Trackpoint><Trackpoint><Time>2026-08-11T14:20:18.000Z</Time><Position><LatitudeDegrees>58.632408142089844</LatitudeDegrees><LongitudeDegrees>59.803321838378906</LongitudeDegrees></Position></Trackpoint><Trackpoint><Time>2026-08-11T14:20:19.000Z</Time><Position><LatitudeDegrees>58.63241958618164</LatitudeDegrees><LongitudeDegrees>59.803306579589844</LongitudeDegrees></Position></Trackpoint><Trackpoint><Time>2026-08-11T14:20:19.000Z</Time><Position><LatitudeDegrees>58.6324348449707</LatitudeDegrees><LongitudeDegrees>59.80329513549805</LongitudeDegrees></Position></Trackpoint><Trackpoint><Time>2026-08-11T14:20:21.000Z</Time><Position><LatitudeDegrees>58.6324254272357</LatitudeDegrees><LongitudeDegrees>59.803302807914264</LongitudeDegrees></Position></Trackpoint><Trackpoint><Time>2026-08-11T14:20:21.000Z</Time><Position><LatitudeDegrees>58.63243261614557</LatitudeDegrees><LongitudeDegrees>59.803295812164606</LongitudeDegrees></Position></Trackpoint><Trackpoint><Time>2026-08-11T14:20:22.000Z</Time><Position><LatitudeDegrees>58.632476806640625</LatitudeDegrees><LongitudeDegrees>59.80324935913086</LongitudeDegrees></Position></Trackpoint><Trackpoint><Time>2026-08-11T14:20:24.000Z</Time><Position><LatitudeDegrees>58.63248825073242</LatitudeDegrees><LongitudeDegrees>59.80322265625</LongitudeDegrees></Position></Trackpoint><Trackpoint><Time>2026-08-11T14:20:24.000Z</Time><Position><LatitudeDegrees>58.632503509521484</LatitudeDegrees><LongitudeDegrees>59.803199768066406</LongitudeDegrees></Position></Trackpoint><Trackpoint><Time>2026-08-11T14:20:25.000Z</Time><Position><LatitudeDegrees>58.632511138916016</LatitudeDegrees><LongitudeDegrees>59.80318832397461</LongitudeDegrees></Position></Trackpoint><Trackpoint><Time>2026-08-11T14:20:26.000Z</Time><Position><LatitudeDegrees>58.63250267983703</LatitudeDegrees><LongitudeDegrees>59.80320593799758</LongitudeDegrees></Position></Trackpoint><Trackpoint><Time>2026-08-11T14:20:28.000Z</Time><Position><LatitudeDegrees>58.63250635752855</LatitudeDegrees><LongitudeDegrees>59.80320207531739</LongitudeDegrees></Position></Trackpoint><Trackpoint><Time>2026-08-11T14:20:28.000Z</Time><Position><LatitudeDegrees>58.632517637005996</LatitudeDegrees><LongitudeDegrees>59.80318484899721</LongitudeDegrees></Position></Trackpoint><Trackpoint><Time>2026-08-11T14:20:30.000Z</Time><Position><LatitudeDegrees>58.632545471191406</LatitudeDegrees><LongitudeDegrees>59.803131103515625</LongitudeDegrees></Position></Trackpoint><Trackpoint><Time>2026-08-11T14:20:30.000Z</Time><Position><LatitudeDegrees>58.63254928588867</LatitudeDegrees><LongitudeDegrees>59.80310821533203</LongitudeDegrees></Position></Trackpoint><Trackpoint><Time>2026-08-11T14:20:31.000Z</Time><Position><LatitudeDegrees>58.63255310058594</LatitudeDegrees><LongitudeDegrees>59.8030891418457</LongitudeDegrees></Position></Trackpoint><Trackpoint><Time>2026-08-11T14:20:32.000Z</Time><Position><LatitudeDegrees>58.63254491092275</LatitudeDegrees><LongitudeDegrees>59.80311818045615</LongitudeDegrees></Position></Trackpoint><Trackpoint><Time>2026-08-11T14:20:34.000Z</Time><Position><LatitudeDegrees>58.6325798034668</LatitudeDegrees><LongitudeDegrees>59.80306625366211</LongitudeDegrees></Position></Trackpoint><Trackpoint><Time>2026-08-11T14:20:34.000Z</Time><Position><LatitudeDegrees>58.632598876953125</LatitudeDegrees><LongitudeDegrees>59.80305099487305</LongitudeDegrees></Position></Trackpoint><Trackpoint><Time>2026-08-11T14:20:36.000Z</Time><Position><LatitudeDegrees>58.632606506347656</LatitudeDegrees><LongitudeDegrees>59.80303955078125</LongitudeDegrees></Position></Trackpoint><Trackpoint><Time>2026-08-11T14:20:37.000Z</Time><Position><LatitudeDegrees>58.63261413574219</LatitudeDegrees><LongitudeDegrees>59.803016662597656</LongitudeDegrees></Position></Trackpoint><Trackpoint><Time>2026-08-11T14:20:37.000Z</Time><Position><LatitudeDegrees>58.63262176513672</LatitudeDegrees><LongitudeDegrees>59.803009033203125</LongitudeDegrees></Position></Trackpoint><Trackpoint><Time>2026-08-11T14:20:38.000Z</Time><Position><LatitudeDegrees>58.63262939453125</LatitudeDegrees><LongitudeDegrees>59.80299758911133</LongitudeDegrees></Position></Trackpoint><Trackpoint><Time>2026-08-11T14:20:39.000Z</Time><Position><LatitudeDegrees>58.63264083862305</LatitudeDegrees><LongitudeDegrees>59.80298614501953</LongitudeDegrees></Position></Trackpoint><Trackpoint><Time>2026-08-11T14:20:41.000Z</Time><Position><LatitudeDegrees>58.632652282714844</LatitudeDegrees><LongitudeDegrees>59.80297088623047</LongitudeDegrees></Position></Trackpoint><Trackpoint><Time>2026-08-11T14:20:41.000Z</Time><Position><LatitudeDegrees>58.63266372680664</LatitudeDegrees><LongitudeDegrees>59.80295181274414</LongitudeDegrees></Position></Trackpoint><Trackpoint><Time>2026-08-11T14:20:42.000Z</Time><Position><LatitudeDegrees>58.63267135620117</LatitudeDegrees><LongitudeDegrees>59.80293655395508</LongitudeDegrees></Position></Trackpoint><Trackpoint><Time>2026-08-11T14:20:44.000Z</Time><Position><LatitudeDegrees>58.632686614990234</LatitudeDegrees><LongitudeDegrees>59.802921295166016</LongitudeDegrees></Position></Trackpoint><Trackpoint><Time>2026-08-11T14:20:44.000Z</Time><Position><LatitudeDegrees>58.632694244384766</LatitudeDegrees><LongitudeDegrees>59.80290222167969</LongitudeDegrees></Position></Trackpoint><Trackpoint><Time>2026-08-11T14:20:45.000Z</Time><Position><LatitudeDegrees>58.63269805908203</LatitudeDegrees><LongitudeDegrees>59.80289077758789</LongitudeDegrees></Position></Trackpoint><Trackpoint><Time>2026-08-11T14:20:46.000Z</Time><Position><LatitudeDegrees>58.6327018737793</LatitudeDegrees><LongitudeDegrees>59.80287551879883</LongitudeDegrees></Position></Trackpoint><Trackpoint><Time>2026-08-11T14:20:47.000Z</Time><Position><LatitudeDegrees>58.632713317871094</LatitudeDegrees><LongitudeDegrees>59.80287170410156</LongitudeDegrees></Position></Trackpoint><Trackpoint><Time>2026-08-11T14:20:49.000Z</Time><Position><LatitudeDegrees>58.63272476196289</LatitudeDegrees><LongitudeDegrees>59.8028564453125</LongitudeDegrees></Position></Trackpoint><Trackpoint><Time>2026-08-11T14:20:49.000Z</Time><Position><LatitudeDegrees>58.63271059619207</LatitudeDegrees><LongitudeDegrees>59.80287450812209</LongitudeDegrees></Position></Trackpoint><Trackpoint><Time>2026-08-11T14:20:51.000Z</Time><Position><LatitudeDegrees>58.63274383544922</LatitudeDegrees><LongitudeDegrees>59.80283737182617</LongitudeDegrees></Position></Trackpoint><Trackpoint><Time>2026-08-11T14:20:51.000Z</Time><Position><LatitudeDegrees>58.63276290893555</LatitudeDegrees><LongitudeDegrees>59.802825927734375</LongitudeDegrees></Position></Trackpoint><Trackpoint><Time>2026-08-11T14:20:52.000Z</Time><Position><LatitudeDegrees>58.63277816772461</LatitudeDegrees><LongitudeDegrees>59.80281066894531</LongitudeDegrees></Position></Trackpoint><Trackpoint><Time>2026-08-11T14:20:54.000Z</Time><Position><LatitudeDegrees>58.63279342651367</LatitudeDegrees><LongitudeDegrees>59.802791595458984</LongitudeDegrees></Position></Trackpoint><Trackpoint><Time>2026-08-11T14:20:55.000Z</Time><Position><LatitudeDegrees>58.6328010559082</LatitudeDegrees><LongitudeDegrees>59.80278396606445</LongitudeDegrees></Position></Trackpoint><Trackpoint><Time>2026-08-11T14:20:55.000Z</Time><Position><LatitudeDegrees>58.6328125</LatitudeDegrees><LongitudeDegrees>59.80278015136719</LongitudeDegrees></Position></Trackpoint><Trackpoint><Time>2026-08-11T14:20:56.000Z</Time><Position><LatitudeDegrees>58.63282012939453</LatitudeDegrees><LongitudeDegrees>59.802772521972656</LongitudeDegrees></Position></Trackpoint><Trackpoint><Time>2026-08-11T14:20:57.000Z</Time><Position><LatitudeDegrees>58.63282775878906</LatitudeDegrees><LongitudeDegrees>59.80276107788086</LongitudeDegrees></Position></Trackpoint><Trackpoint><Time>2026-08-11T14:20:58.000Z</Time><Position><LatitudeDegrees>58.63281453287461</LatitudeDegrees><LongitudeDegrees>59.80277482147319</LongitudeDegrees></Position></Trackpoint><Trackpoint><Time>2026-08-11T14:20:59.000Z</Time><Position><LatitudeDegrees>58.63284683227539</LatitudeDegrees><LongitudeDegrees>59.802734375</LongitudeDegrees></Position></Trackpoint><Trackpoint><Time>2026-08-11T14:21:00.000Z</Time><Position><LatitudeDegrees>58.63285827636719</LatitudeDegrees><LongitudeDegrees>59.802711486816406</LongitudeDegrees></Position></Trackpoint><Trackpoint><Time>2026-08-11T14:21:01.000Z</Time><Position><LatitudeDegrees>58.63286590576172</LatitudeDegrees><LongitudeDegrees>59.802696228027344</LongitudeDegrees></Position></Trackpoint><Trackpoint><Time>2026-08-11T14:21:03.000Z</Time><Position><LatitudeDegrees>58.632877349853516</LatitudeDegrees><LongitudeDegrees>59.80268096923828</LongitudeDegrees></Position></Trackpoint><Trackpoint><Time>2026-08-11T14:21:04.000Z</Time><Position><LatitudeDegrees>58.63286997903142</LatitudeDegrees><LongitudeDegrees>59.80269473584959</LongitudeDegrees></Position></Trackpoint><Trackpoint><Time>2026-08-11T14:21:05.000Z</Time><Position><LatitudeDegrees>58.632896423339844</LatitudeDegrees><LongitudeDegrees>59.80266571044922</LongitudeDegrees></Position></Trackpoint><Trackpoint><Time>2026-08-11T14:21:06.000Z</Time><Position><LatitudeDegrees>58.632904052734375</LatitudeDegrees><LongitudeDegrees>59.80266571044922</LongitudeDegrees></Position></Trackpoint><Trackpoint><Time>2026-08-11T14:21:06.000Z</Time><Position><LatitudeDegrees>58.63288832167153</LatitudeDegrees><LongitudeDegrees>59.802680179891354</LongitudeDegrees></Position></Trackpoint><Trackpoint><Time>2026-08-11T14:21:07.000Z</Time><Position><LatitudeDegrees>58.632904052734375</LatitudeDegrees><LongitudeDegrees>59.80268478393555</LongitudeDegrees></Position></Trackpoint><Trackpoint><Time>2026-08-11T14:21:08.000Z</Time><Position><LatitudeDegrees>58.632904052734375</LatitudeDegrees><LongitudeDegrees>59.80269241333008</LongitudeDegrees></Position></Trackpoint><Trackpoint><Time>2026-08-11T14:21:09.000Z</Time><Position><LatitudeDegrees>58.632911682128906</LatitudeDegrees><LongitudeDegrees>59.80270767211914</LongitudeDegrees></Position></Trackpoint><Trackpoint><Time>2026-08-11T14:21:11.000Z</Time><Position><LatitudeDegrees>58.63291549682617</LatitudeDegrees><LongitudeDegrees>59.8027229309082</LongitudeDegrees></Position></Trackpoint><Trackpoint><Time>2026-08-11T14:21:11.000Z</Time><Position><LatitudeDegrees>58.6329231262207</LatitudeDegrees><LongitudeDegrees>59.80272674560547</LongitudeDegrees></Position></Trackpoint><Trackpoint><Time>2026-08-11T14:21:13.000Z</Time><Position><LatitudeDegrees>58.63292694091797</LatitudeDegrees><LongitudeDegrees>59.802738189697266</LongitudeDegrees></Position></Trackpoint><Trackpoint><Time>2026-08-11T14:21:13.000Z</Time><Position><LatitudeDegrees>58.63292017297465</LatitudeDegrees><LongitudeDegrees>59.80272506913222</LongitudeDegrees></Position></Trackpoint><Trackpoint><Time>2026-08-11T14:21:15.000Z</Time><Position><LatitudeDegrees>58.632938385009766</LatitudeDegrees><LongitudeDegrees>59.802772521972656</LongitudeDegrees></Position></Trackpoint><Trackpoint><Time>2026-08-11T14:21:16.000Z</Time><Position><LatitudeDegrees>58.6329460144043</LatitudeDegrees><LongitudeDegrees>59.802799224853516</LongitudeDegrees></Position></Trackpoint><Trackpoint><Time>2026-08-11T14:21:17.000Z</Time><Position><LatitudeDegrees>58.632957458496094</LatitudeDegrees><LongitudeDegrees>59.80282974243164</LongitudeDegrees></Position></Trackpoint><Trackpoint><Time>2026-08-11T14:21:17.000Z</Time><Position><LatitudeDegrees>58.63294900681855</LatitudeDegrees><LongitudeDegrees>59.80281026849107</LongitudeDegrees></Position></Trackpoint><Trackpoint><Time>2026-08-11T14:21:19.000Z</Time><Position><LatitudeDegrees>58.63295520143233</LatitudeDegrees><LongitudeDegrees>59.80283297379585</LongitudeDegrees></Position></Trackpoint><Trackpoint><Time>2026-08-11T14:21:20.000Z</Time><Position><LatitudeDegrees>58.63298034667969</LatitudeDegrees><LongitudeDegrees>59.80288314819336</LongitudeDegrees></Position></Trackpoint><Trackpoint><Time>2026-08-11T14:21:20.000Z</Time><Position><LatitudeDegrees>58.632974090960815</LatitudeDegrees><LongitudeDegrees>59.80286521799164</LongitudeDegrees></Position></Trackpoint><Trackpoint><Time>2026-08-11T14:21:22.000Z</Time><Position><LatitudeDegrees>58.6329794119892</LatitudeDegrees><LongitudeDegrees>59.802870114131856</LongitudeDegrees></Position></Trackpoint><Trackpoint><Time>2026-08-11T14:21:23.000Z</Time><Position><LatitudeDegrees>58.6329851155843</LatitudeDegrees><LongitudeDegrees>59.80287696110497</LongitudeDegrees></Position></Trackpoint><Trackpoint><Time>2026-08-11T14:21:23.000Z</Time><Position><LatitudeDegrees>58.63300117346234</LatitudeDegrees><LongitudeDegrees>59.80288191096456</LongitudeDegrees></Position></Trackpoint><Trackpoint><Time>2026-08-11T14:21:24.000Z</Time><Position><LatitudeDegrees>58.63304901123047</LatitudeDegrees><LongitudeDegrees>59.80287551879883</LongitudeDegrees></Position></Trackpoint><Trackpoint><Time>2026-08-11T14:21:25.000Z</Time><Position><LatitudeDegrees>58.63306427001953</LatitudeDegrees><LongitudeDegrees>59.8028564453125</LongitudeDegrees></Position></Trackpoint><Trackpoint><Time>2026-08-11T14:21:27.000Z</Time><Position><LatitudeDegrees>58.63305117562</LatitudeDegrees><LongitudeDegrees>59.80286260343422</LongitudeDegrees></Position></Trackpoint><Trackpoint><Time>2026-08-11T14:21:28.000Z</Time><Position><LatitudeDegrees>58.633055946353124</LatitudeDegrees><LongitudeDegrees>59.802854419715096</LongitudeDegrees></Position></Trackpoint><Trackpoint><Time>2026-08-11T14:21:28.000Z</Time><Position><LatitudeDegrees>58.63309860229492</LatitudeDegrees><LongitudeDegrees>59.802818298339844</LongitudeDegrees></Position></Trackpoint><Trackpoint><Time>2026-08-11T14:21:29.000Z</Time><Position><LatitudeDegrees>58.63311004638672</LatitudeDegrees><LongitudeDegrees>59.80279541015625</LongitudeDegrees></Position></Trackpoint><Trackpoint><Time>2026-08-11T14:21:31.000Z</Time><Position><LatitudeDegrees>58.63309994461185</LatitudeDegrees><LongitudeDegrees>59.80281070100126</LongitudeDegrees></Position></Trackpoint><Trackpoint><Time>2026-08-11T14:21:32.000Z</Time><Position><LatitudeDegrees>58.6331042978143</LatitudeDegrees><LongitudeDegrees>59.802802901362256</LongitudeDegrees></Position></Trackpoint><Trackpoint><Time>2026-08-11T14:21:32.000Z</Time><Position><LatitudeDegrees>58.63313674926758</LatitudeDegrees><LongitudeDegrees>59.802757263183594</LongitudeDegrees></Position></Trackpoint><Trackpoint><Time>2026-08-11T14:21:34.000Z</Time><Position><LatitudeDegrees>58.633148193359375</LatitudeDegrees><LongitudeDegrees>59.80274200439453</LongitudeDegrees></Position></Trackpoint><Trackpoint><Time>2026-08-11T14:21:35.000Z</Time><Position><LatitudeDegrees>58.633155822753906</LatitudeDegrees><LongitudeDegrees>59.802730560302734</LongitudeDegrees></Position></Trackpoint><Trackpoint><Time>2026-08-11T14:21:35.000Z</Time><Position><LatitudeDegrees>58.63316345214844</LatitudeDegrees><LongitudeDegrees>59.802711486816406</LongitudeDegrees></Position></Trackpoint><Trackpoint><Time>2026-08-11T14:21:37.000Z</Time><Position><LatitudeDegrees>58.6331507184193</LatitudeDegrees><LongitudeDegrees>59.80273482837194</LongitudeDegrees></Position></Trackpoint><Trackpoint><Time>2026-08-11T14:21:37.000Z</Time><Position><LatitudeDegrees>58.6331901550293</LatitudeDegrees><LongitudeDegrees>59.80268859863281</LongitudeDegrees></Position></Trackpoint><Trackpoint><Time>2026-08-11T14:21:39.000Z</Time><Position><LatitudeDegrees>58.633201599121094</LatitudeDegrees><LongitudeDegrees>59.802677154541016</LongitudeDegrees></Position></Trackpoint><Trackpoint><Time>2026-08-11T14:21:39.000Z</Time><Position><LatitudeDegrees>58.633216857910156</LatitudeDegrees><LongitudeDegrees>59.80266571044922</LongitudeDegrees></Position></Trackpoint><Trackpoint><Time>2026-08-11T14:21:40.000Z</Time><Position><LatitudeDegrees>58.63322830200195</LatitudeDegrees><LongitudeDegrees>59.802650451660156</LongitudeDegrees></Position></Trackpoint><Trackpoint><Time>2026-08-11T14:21:42.000Z</Time><Position><LatitudeDegrees>58.633243560791016</LatitudeDegrees><LongitudeDegrees>59.802635192871094</LongitudeDegrees></Position></Trackpoint><Trackpoint><Time>2026-08-11T14:21:43.000Z</Time><Position><LatitudeDegrees>58.63325119018555</LatitudeDegrees><LongitudeDegrees>59.80261993408203</LongitudeDegrees></Position></Trackpoint><Trackpoint><Time>2026-08-11T14:21:43.000Z</Time><Position><LatitudeDegrees>58.633270263671875</LatitudeDegrees><LongitudeDegrees>59.802608489990234</LongitudeDegrees></Position></Trackpoint><Trackpoint><Time>2026-08-11T14:21:44.000Z</Time><Position><LatitudeDegrees>58.63328170776367</LatitudeDegrees><LongitudeDegrees>59.80258560180664</LongitudeDegrees></Position></Trackpoint><Trackpoint><Time>2026-08-11T14:21:45.000Z</Time><Position><LatitudeDegrees>58.63329315185547</LatitudeDegrees><LongitudeDegrees>59.802574157714844</LongitudeDegrees></Position></Trackpoint><Trackpoint><Time>2026-08-11T14:21:46.000Z</Time><Position><LatitudeDegrees>58.633304595947266</LatitudeDegrees><LongitudeDegrees>59.80256271362305</LongitudeDegrees></Position></Trackpoint><Trackpoint><Time>2026-08-11T14:21:47.000Z</Time><Position><LatitudeDegrees>58.63331985473633</LatitudeDegrees><LongitudeDegrees>59.802555084228516</LongitudeDegrees></Position></Trackpoint><Trackpoint><Time>2026-08-11T14:21:48.000Z</Time><Position><LatitudeDegrees>58.63332748413086</LatitudeDegrees><LongitudeDegrees>59.80253982543945</LongitudeDegrees></Position></Trackpoint><Trackpoint><Time>2026-08-11T14:21:49.000Z</Time><Position><LatitudeDegrees>58.633310394976505</LatitudeDegrees><LongitudeDegrees>59.802557941789395</LongitudeDegrees></Position></Trackpoint><Trackpoint><Time>2026-08-11T14:21:50.000Z</Time><Position><LatitudeDegrees>58.633338928222656</LatitudeDegrees><LongitudeDegrees>59.80249786376953</LongitudeDegrees></Position></Trackpoint><Trackpoint><Time>2026-08-11T14:21:51.000Z</Time><Position><LatitudeDegrees>58.63334655761719</LatitudeDegrees><LongitudeDegrees>59.80248260498047</LongitudeDegrees></Position></Trackpoint><Trackpoint><Time>2026-08-11T14:21:52.000Z</Time><Position><LatitudeDegrees>58.63336181640625</LatitudeDegrees><LongitudeDegrees>59.80247497558594</LongitudeDegrees></Position></Trackpoint><Trackpoint><Time>2026-08-11T14:21:53.000Z</Time><Position><LatitudeDegrees>58.633365631103516</LatitudeDegrees><LongitudeDegrees>59.80246353149414</LongitudeDegrees></Position></Trackpoint><Trackpoint><Time>2026-08-11T14:21:54.000Z</Time><Position><LatitudeDegrees>58.63336944580078</LatitudeDegrees><LongitudeDegrees>59.80244827270508</LongitudeDegrees></Position></Trackpoint><Trackpoint><Time>2026-08-11T14:21:55.000Z</Time><Position><LatitudeDegrees>58.63335922041665</LatitudeDegrees><LongitudeDegrees>59.80246991903204</LongitudeDegrees></Position></Trackpoint><Trackpoint><Time>2026-08-11T14:21:56.000Z</Time><Position><LatitudeDegrees>58.63336698367043</LatitudeDegrees><LongitudeDegrees>59.802458064139046</LongitudeDegrees></Position></Trackpoint><Trackpoint><Time>2026-08-11T14:21:57.000Z</Time><Position><LatitudeDegrees>58.63340377807617</LatitudeDegrees><LongitudeDegrees>59.80244445800781</LongitudeDegrees></Position></Trackpoint><Trackpoint><Time>2026-08-11T14:21:58.000Z</Time><Position><LatitudeDegrees>58.6334114074707</LatitudeDegrees><LongitudeDegrees>59.80243682861328</LongitudeDegrees></Position></Trackpoint><Trackpoint><Time>2026-08-11T14:21:59.000Z</Time><Position><LatitudeDegrees>58.63343048095703</LatitudeDegrees><LongitudeDegrees>59.80243682861328</LongitudeDegrees></Position></Trackpoint><Trackpoint><Time>2026-08-11T14:22:00.000Z</Time><Position><LatitudeDegrees>58.633445739746094</LatitudeDegrees><LongitudeDegrees>59.80242919921875</LongitudeDegrees></Position></Trackpoint><Trackpoint><Time>2026-08-11T14:22:02.000Z</Time><Position><LatitudeDegrees>58.63342423925966</LatitudeDegrees><LongitudeDegrees>59.802435098146255</LongitudeDegrees></Position></Trackpoint><Trackpoint><Time>2026-08-11T14:22:03.000Z</Time><Position><LatitudeDegrees>58.63346481323242</LatitudeDegrees><LongitudeDegrees>59.802391052246094</LongitudeDegrees></Position></Trackpoint><Trackpoint><Time>2026-08-11T14:22:04.000Z</Time><Position><LatitudeDegrees>58.63346862792969</LatitudeDegrees><LongitudeDegrees>59.8023796081543</LongitudeDegrees></Position></Trackpoint><Trackpoint><Time>2026-08-11T14:22:04.000Z</Time><Position><LatitudeDegrees>58.633480072021484</LatitudeDegrees><LongitudeDegrees>59.80236053466797</LongitudeDegrees></Position></Trackpoint><Trackpoint><Time>2026-08-11T14:22:05.000Z</Time><Position><LatitudeDegrees>58.63349151611328</LatitudeDegrees><LongitudeDegrees>59.80234146118164</LongitudeDegrees></Position></Trackpoint><Trackpoint><Time>2026-08-11T14:22:07.000Z</Time><Position><LatitudeDegrees>58.63350296020508</LatitudeDegrees><LongitudeDegrees>59.80232620239258</LongitudeDegrees></Position></Trackpoint><Trackpoint><Time>2026-08-11T14:22:08.000Z</Time><Position><LatitudeDegrees>58.633514404296875</LatitudeDegrees><LongitudeDegrees>59.80230712890625</LongitudeDegrees></Position></Trackpoint><Trackpoint><Time>2026-08-11T14:22:09.000Z</Time><Position><LatitudeDegrees>58.633522033691406</LatitudeDegrees><LongitudeDegrees>59.80229568481445</LongitudeDegrees></Position></Trackpoint><Trackpoint><Time>2026-08-11T14:22:09.000Z</Time><Position><LatitudeDegrees>58.63353729248047</LatitudeDegrees><LongitudeDegrees>59.80228042602539</LongitudeDegrees></Position></Trackpoint><Trackpoint><Time>2026-08-11T14:22:11.000Z</Time><Position><LatitudeDegrees>58.633544921875</LatitudeDegrees><LongitudeDegrees>59.80226516723633</LongitudeDegrees></Position></Trackpoint><Trackpoint><Time>2026-08-11T14:22:11.000Z</Time><Position><LatitudeDegrees>58.6335563659668</LatitudeDegrees><LongitudeDegrees>59.802242279052734</LongitudeDegrees></Position></Trackpoint><Trackpoint><Time>2026-08-11T14:22:12.000Z</Time><Position><LatitudeDegrees>58.63354107591809</LatitudeDegrees><LongitudeDegrees>59.80226839314503</LongitudeDegrees></Position></Trackpoint><Trackpoint><Time>2026-08-11T14:22:14.000Z</Time><Position><LatitudeDegrees>58.633583068847656</LatitudeDegrees><LongitudeDegrees>59.80222702026367</LongitudeDegrees></Position></Trackpoint><Trackpoint><Time>2026-08-11T14:22:14.000Z</Time><Position><LatitudeDegrees>58.63359069824219</LatitudeDegrees><LongitudeDegrees>59.80223083496094</LongitudeDegrees></Position></Trackpoint><Trackpoint><Time>2026-08-11T14:22:15.000Z</Time><Position><LatitudeDegrees>58.633602142333984</LatitudeDegrees><LongitudeDegrees>59.802223205566406</LongitudeDegrees></Position></Trackpoint><Trackpoint><Time>2026-08-11T14:22:17.000Z</Time><Position><LatitudeDegrees>58.633609771728516</LatitudeDegrees><LongitudeDegrees>59.80221176147461</LongitudeDegrees></Position></Trackpoint><Trackpoint><Time>2026-08-11T14:22:18.000Z</Time><Position><LatitudeDegrees>58.63361740112305</LatitudeDegrees><LongitudeDegrees>59.80220031738281</LongitudeDegrees></Position></Trackpoint><Trackpoint><Time>2026-08-11T14:22:18.000Z</Time><Position><LatitudeDegrees>58.63362121582031</LatitudeDegrees><LongitudeDegrees>59.80219650268555</LongitudeDegrees></Position></Trackpoint><Trackpoint><Time>2026-08-11T14:22:19.000Z</Time><Position><LatitudeDegrees>58.6336154068286</LatitudeDegrees><LongitudeDegrees>59.80220682443136</LongitudeDegrees></Position></Trackpoint><Trackpoint><Time>2026-08-11T14:22:20.000Z</Time><Position><LatitudeDegrees>58.633624525280446</LatitudeDegrees><LongitudeDegrees>59.80220827828938</LongitudeDegrees></Position></Trackpoint><Trackpoint><Time>2026-08-11T14:22:21.000Z</Time><Position><LatitudeDegrees>58.63365173339844</LatitudeDegrees><LongitudeDegrees>59.80221939086914</LongitudeDegrees></Position></Trackpoint><Trackpoint><Time>2026-08-11T14:22:22.000Z</Time><Position><LatitudeDegrees>58.63363508313382</LatitudeDegrees><LongitudeDegrees>59.802215238572984</LongitudeDegrees></Position></Trackpoint><Trackpoint><Time>2026-08-11T14:22:23.000Z</Time><Position><LatitudeDegrees>58.633670806884766</LatitudeDegrees><LongitudeDegrees>59.802268981933594</LongitudeDegrees></Position></Trackpoint><Trackpoint><Time>2026-08-11T14:22:25.000Z</Time><Position><LatitudeDegrees>58.6336784362793</LatitudeDegrees><LongitudeDegrees>59.802284240722656</LongitudeDegrees></Position></Trackpoint><Trackpoint><Time>2026-08-11T14:22:25.000Z</Time><Position><LatitudeDegrees>58.63366260861237</LatitudeDegrees><LongitudeDegrees>59.80225995728802</LongitudeDegrees></Position></Trackpoint><Trackpoint><Time>2026-08-11T14:22:27.000Z</Time><Position><LatitudeDegrees>58.633689880371094</LatitudeDegrees><LongitudeDegrees>59.80233383178711</LongitudeDegrees></Position></Trackpoint><Trackpoint><Time>2026-08-11T14:22:28.000Z</Time><Position><LatitudeDegrees>58.633697509765625</LatitudeDegrees><LongitudeDegrees>59.802364349365234</LongitudeDegrees></Position></Trackpoint><Trackpoint><Time>2026-08-11T14:22:29.000Z</Time><Position><LatitudeDegrees>58.633705139160156</LatitudeDegrees><LongitudeDegrees>59.8023796081543</LongitudeDegrees></Position></Trackpoint><Trackpoint><Time>2026-08-11T14:22:30.000Z</Time><Position><LatitudeDegrees>58.633697870534746</LatitudeDegrees><LongitudeDegrees>59.802361883943306</LongitudeDegrees></Position></Trackpoint><Trackpoint><Time>2026-08-11T14:22:30.000Z</Time><Position><LatitudeDegrees>58.63372039794922</LatitudeDegrees><LongitudeDegrees>59.80241394042969</LongitudeDegrees></Position></Trackpoint><Trackpoint><Time>2026-08-11T14:22:32.000Z</Time><Position><LatitudeDegrees>58.633731842041016</LatitudeDegrees><LongitudeDegrees>59.802425384521484</LongitudeDegrees></Position></Trackpoint><Trackpoint><Time>2026-08-11T14:22:33.000Z</Time><Position><LatitudeDegrees>58.63374328613281</LatitudeDegrees><LongitudeDegrees>59.80244064331055</LongitudeDegrees></Position></Trackpoint><Trackpoint><Time>2026-08-11T14:22:34.000Z</Time><Position><LatitudeDegrees>58.63374710083008</LatitudeDegrees><LongitudeDegrees>59.802452087402344</LongitudeDegrees></Position></Trackpoint><Trackpoint><Time>2026-08-11T14:22:34.000Z</Time><Position><LatitudeDegrees>58.63374710083008</LatitudeDegrees><LongitudeDegrees>59.80247497558594</LongitudeDegrees></Position></Trackpoint><Trackpoint><Time>2026-08-11T14:22:36.000Z</Time><Position><LatitudeDegrees>58.63375473022461</LatitudeDegrees><LongitudeDegrees>59.802490234375</LongitudeDegrees></Position></Trackpoint><Trackpoint><Time>2026-08-11T14:22:36.000Z</Time><Position><LatitudeDegrees>58.6337461842928</LatitudeDegrees><LongitudeDegrees>59.80246608834783</LongitudeDegrees></Position></Trackpoint><Trackpoint><Time>2026-08-11T14:22:37.000Z</Time><Position><LatitudeDegrees>58.63377380371094</LatitudeDegrees><LongitudeDegrees>59.802520751953125</LongitudeDegrees></Position></Trackpoint><Trackpoint><Time>2026-08-11T14:22:39.000Z</Time><Position><LatitudeDegrees>58.6337890625</LatitudeDegrees><LongitudeDegrees>59.80253982543945</LongitudeDegrees></Position></Trackpoint><Trackpoint><Time>2026-08-11T14:22:39.000Z</Time><Position><LatitudeDegrees>58.6338005065918</LatitudeDegrees><LongitudeDegrees>59.80256652832031</LongitudeDegrees></Position></Trackpoint><Trackpoint><Time>2026-08-11T14:22:40.000Z</Time><Position><LatitudeDegrees>58.63381576538086</LatitudeDegrees><LongitudeDegrees>59.802589416503906</LongitudeDegrees></Position></Trackpoint><Trackpoint><Time>2026-08-11T14:22:41.000Z</Time><Position><LatitudeDegrees>58.63382339477539</LatitudeDegrees><LongitudeDegrees>59.8026008605957</LongitudeDegrees></Position></Trackpoint><Trackpoint><Time>2026-08-11T14:22:43.000Z</Time><Position><LatitudeDegrees>58.63380722720404</LatitudeDegrees><LongitudeDegrees>59.80257434180887</LongitudeDegrees></Position></Trackpoint><Trackpoint><Time>2026-08-11T14:22:43.000Z</Time><Position><LatitudeDegrees>58.633827209472656</LatitudeDegrees><LongitudeDegrees>59.802635192871094</LongitudeDegrees></Position></Trackpoint><Trackpoint><Time>2026-08-11T14:22:44.000Z</Time><Position><LatitudeDegrees>58.63382339477539</LatitudeDegrees><LongitudeDegrees>59.80265426635742</LongitudeDegrees></Position></Trackpoint><Trackpoint><Time>2026-08-11T14:22:46.000Z</Time><Position><LatitudeDegrees>58.633827209472656</LatitudeDegrees><LongitudeDegrees>59.80266571044922</LongitudeDegrees></Position></Trackpoint><Trackpoint><Time>2026-08-11T14:22:46.000Z</Time><Position><LatitudeDegrees>58.63383102416992</LatitudeDegrees><LongitudeDegrees>59.80270004272461</LongitudeDegrees></Position></Trackpoint><Trackpoint><Time>2026-08-11T14:22:48.000Z</Time><Position><LatitudeDegrees>58.63382667846389</LatitudeDegrees><LongitudeDegrees>59.80266771035153</LongitudeDegrees></Position></Trackpoint><Trackpoint><Time>2026-08-11T14:22:48.000Z</Time><Position><LatitudeDegrees>58.633839168499335</LatitudeDegrees><LongitudeDegrees>59.8026943267548</LongitudeDegrees></Position></Trackpoint><Trackpoint><Time>2026-08-11T14:22:49.000Z</Time><Position><LatitudeDegrees>58.63387680053711</LatitudeDegrees><LongitudeDegrees>59.802738189697266</LongitudeDegrees></Position></Trackpoint><Trackpoint><Time>2026-08-11T14:22:50.000Z</Time><Position><LatitudeDegrees>58.63386676898572</LatitudeDegrees><LongitudeDegrees>59.802720125474856</LongitudeDegrees></Position></Trackpoint><Trackpoint><Time>2026-08-11T14:22:51.000Z</Time><Position><LatitudeDegrees>58.63390350341797</LatitudeDegrees><LongitudeDegrees>59.8027458190918</LongitudeDegrees></Position></Trackpoint><Trackpoint><Time>2026-08-11T14:22:52.000Z</Time><Position><LatitudeDegrees>58.6339111328125</LatitudeDegrees><LongitudeDegrees>59.802764892578125</LongitudeDegrees></Position></Trackpoint><Trackpoint><Time>2026-08-11T14:22:53.000Z</Time><Position><LatitudeDegrees>58.63392639160156</LatitudeDegrees><LongitudeDegrees>59.80278015136719</LongitudeDegrees></Position></Trackpoint><Trackpoint><Time>2026-08-11T14:22:54.000Z</Time><Position><LatitudeDegrees>58.63393783569336</LatitudeDegrees><LongitudeDegrees>59.802791595458984</LongitudeDegrees></Position></Trackpoint><Trackpoint><Time>2026-08-11T14:22:55.000Z</Time><Position><LatitudeDegrees>58.633918806219945</LatitudeDegrees><LongitudeDegrees>59.802774152445764</LongitudeDegrees></Position></Trackpoint><Trackpoint><Time>2026-08-11T14:22:56.000Z</Time><Position><LatitudeDegrees>58.633941650390625</LatitudeDegrees><LongitudeDegrees>59.80282974243164</LongitudeDegrees></Position></Trackpoint><Trackpoint><Time>2026-08-11T14:22:57.000Z</Time><Position><LatitudeDegrees>58.63394546508789</LatitudeDegrees><LongitudeDegrees>59.802852630615234</LongitudeDegrees></Position></Trackpoint><Trackpoint><Time>2026-08-11T14:22:58.000Z</Time><Position><LatitudeDegrees>58.633949279785156</LatitudeDegrees><LongitudeDegrees>59.80287170410156</LongitudeDegrees></Position></Trackpoint><Trackpoint><Time>2026-08-11T14:22:59.000Z</Time><Position><LatitudeDegrees>58.633949279785156</LatitudeDegrees><LongitudeDegrees>59.802886962890625</LongitudeDegrees></Position></Trackpoint><Trackpoint><Time>2026-08-11T14:23:00.000Z</Time><Position><LatitudeDegrees>58.63395309448242</LatitudeDegrees><LongitudeDegrees>59.80290985107422</LongitudeDegrees></Position></Trackpoint><Trackpoint><Time>2026-08-11T14:23:01.000Z</Time><Position><LatitudeDegrees>58.63395690917969</LatitudeDegrees><LongitudeDegrees>59.80292892456055</LongitudeDegrees></Position></Trackpoint><Trackpoint><Time>2026-08-11T14:23:02.000Z</Time><Position><LatitudeDegrees>58.63395215029631</LatitudeDegrees><LongitudeDegrees>59.80290075669912</LongitudeDegrees></Position></Trackpoint><Trackpoint><Time>2026-08-11T14:23:03.000Z</Time><Position><LatitudeDegrees>58.633975982666016</LatitudeDegrees><LongitudeDegrees>59.8029670715332</LongitudeDegrees></Position></Trackpoint><Trackpoint><Time>2026-08-11T14:23:04.000Z</Time><Position><LatitudeDegrees>58.63398361206055</LatitudeDegrees><LongitudeDegrees>59.8029899597168</LongitudeDegrees></Position></Trackpoint><Trackpoint><Time>2026-08-11T14:23:05.000Z</Time><Position><LatitudeDegrees>58.63398742675781</LatitudeDegrees><LongitudeDegrees>59.80301284790039</LongitudeDegrees></Position></Trackpoint><Trackpoint><Time>2026-08-11T14:23:06.000Z</Time><Position><LatitudeDegrees>58.633995056152344</LatitudeDegrees><LongitudeDegrees>59.80303192138672</LongitudeDegrees></Position></Trackpoint><Trackpoint><Time>2026-08-11T14:23:07.000Z</Time><Position><LatitudeDegrees>58.634002685546875</LatitudeDegrees><LongitudeDegrees>59.80305480957031</LongitudeDegrees></Position></Trackpoint><Trackpoint><Time>2026-08-11T14:23:08.000Z</Time><Position><LatitudeDegrees>58.634010314941406</LatitudeDegrees><LongitudeDegrees>59.80307388305664</LongitudeDegrees></Position></Trackpoint><Trackpoint><Time>2026-08-11T14:23:09.000Z</Time><Position><LatitudeDegrees>58.63401794433594</LatitudeDegrees><LongitudeDegrees>59.80309295654297</LongitudeDegrees></Position></Trackpoint><Trackpoint><Time>2026-08-11T14:23:10.000Z</Time><Position><LatitudeDegrees>58.63402557373047</LatitudeDegrees><LongitudeDegrees>59.80310821533203</LongitudeDegrees></Position></Trackpoint><Trackpoint><Time>2026-08-11T14:23:12.000Z</Time><Position><LatitudeDegrees>58.634033203125</LatitudeDegrees><LongitudeDegrees>59.803123474121094</LongitudeDegrees></Position></Trackpoint><Trackpoint><Time>2026-08-11T14:23:12.000Z</Time><Position><LatitudeDegrees>58.63404083251953</LatitudeDegrees><LongitudeDegrees>59.80314254760742</LongitudeDegrees></Position></Trackpoint><Trackpoint><Time>2026-08-11T14:23:13.000Z</Time><Position><LatitudeDegrees>58.6340446472168</LatitudeDegrees><LongitudeDegrees>59.80316162109375</LongitudeDegrees></Position></Trackpoint><Trackpoint><Time>2026-08-11T14:23:14.000Z</Time><Position><LatitudeDegrees>58.63405227661133</LatitudeDegrees><LongitudeDegrees>59.80317687988281</LongitudeDegrees></Position></Trackpoint><Trackpoint><Time>2026-08-11T14:23:15.000Z</Time><Position><LatitudeDegrees>58.634056091308594</LatitudeDegrees><LongitudeDegrees>59.803199768066406</LongitudeDegrees></Position></Trackpoint><Trackpoint><Time>2026-08-11T14:23:16.000Z</Time><Position><LatitudeDegrees>58.634063720703125</LatitudeDegrees><LongitudeDegrees>59.80322265625</LongitudeDegrees></Position></Trackpoint><Trackpoint><Time>2026-08-11T14:23:17.000Z</Time><Position><LatitudeDegrees>58.634055223866596</LatitudeDegrees><LongitudeDegrees>59.80319348682383</LongitudeDegrees></Position></Trackpoint><Trackpoint><Time>2026-08-11T14:23:18.000Z</Time><Position><LatitudeDegrees>58.63408279418945</LatitudeDegrees><LongitudeDegrees>59.803260803222656</LongitudeDegrees></Position></Trackpoint><Trackpoint><Time>2026-08-11T14:23:19.000Z</Time><Position><LatitudeDegrees>58.63409423828125</LatitudeDegrees><LongitudeDegrees>59.80326843261719</LongitudeDegrees></Position></Trackpoint><Trackpoint><Time>2026-08-11T14:23:21.000Z</Time><Position><LatitudeDegrees>58.63410186767578</LatitudeDegrees><LongitudeDegrees>59.80326843261719</LongitudeDegrees></Position></Trackpoint><Trackpoint><Time>2026-08-11T14:23:21.000Z</Time><Position><LatitudeDegrees>58.63410568237305</LatitudeDegrees><LongitudeDegrees>59.80326843261719</LongitudeDegrees></Position></Trackpoint><Trackpoint><Time>2026-08-11T14:23:22.000Z</Time><Position><LatitudeDegrees>58.63409381306303</LatitudeDegrees><LongitudeDegrees>59.80325725901482</LongitudeDegrees></Position></Trackpoint><Trackpoint><Time>2026-08-11T14:23:24.000Z</Time><Position><LatitudeDegrees>58.63409423828125</LatitudeDegrees><LongitudeDegrees>59.803279876708984</LongitudeDegrees></Position></Trackpoint><Trackpoint><Time>2026-08-11T14:23:24.000Z</Time><Position><LatitudeDegrees>58.634090423583984</LatitudeDegrees><LongitudeDegrees>59.803287506103516</LongitudeDegrees></Position></Trackpoint><Trackpoint><Time>2026-08-11T14:23:25.000Z</Time><Position><LatitudeDegrees>58.634098052978516</LatitudeDegrees><LongitudeDegrees>59.80329132080078</LongitudeDegrees></Position></Trackpoint><Trackpoint><Time>2026-08-11T14:23:26.000Z</Time><Position><LatitudeDegrees>58.63409423828125</LatitudeDegrees><LongitudeDegrees>59.80330276489258</LongitudeDegrees></Position></Trackpoint><Trackpoint><Time>2026-08-11T14:23:27.000Z</Time><Position><LatitudeDegrees>58.63409423828125</LatitudeDegrees><LongitudeDegrees>59.80329895019531</LongitudeDegrees></Position></Trackpoint><Trackpoint><Time>2026-08-11T14:23:28.000Z</Time><Position><LatitudeDegrees>58.63409314919018</LatitudeDegrees><LongitudeDegrees>59.80329198889158</LongitudeDegrees></Position></Trackpoint><Trackpoint><Time>2026-08-11T14:23:29.000Z</Time><Position><LatitudeDegrees>58.63409423828125</LatitudeDegrees><LongitudeDegrees>59.80328369140625</LongitudeDegrees></Position></Trackpoint><Trackpoint><Time>2026-08-11T14:23:30.000Z</Time><Position><LatitudeDegrees>58.634098052978516</LatitudeDegrees><LongitudeDegrees>59.80328369140625</LongitudeDegrees></Position></Trackpoint><Trackpoint><Time>2026-08-11T14:23:31.000Z</Time><Position><LatitudeDegrees>58.634098052978516</LatitudeDegrees><LongitudeDegrees>59.80329132080078</LongitudeDegrees></Position></Trackpoint><Trackpoint><Time>2026-08-11T14:23:32.000Z</Time><Position><LatitudeDegrees>58.634098226715636</LatitudeDegrees><LongitudeDegrees>59.80329231935919</LongitudeDegrees></Position></Trackpoint><Trackpoint><Time>2026-08-11T14:23:33.000Z</Time><Position><LatitudeDegrees>58.63409560137406</LatitudeDegrees><LongitudeDegrees>59.80329719345296</LongitudeDegrees></Position></Trackpoint><Trackpoint><Time>2026-08-11T14:23:34.000Z</Time><Position><LatitudeDegrees>58.634090423583984</LatitudeDegrees><LongitudeDegrees>59.803321838378906</LongitudeDegrees></Position></Trackpoint><Trackpoint><Time>2026-08-11T14:23:35.000Z</Time><Position><LatitudeDegrees>58.63408660888672</LatitudeDegrees><LongitudeDegrees>59.80332565307617</LongitudeDegrees></Position></Trackpoint><Trackpoint><Time>2026-08-11T14:23:36.000Z</Time><Position><LatitudeDegrees>58.63408660888672</LatitudeDegrees><LongitudeDegrees>59.80332946777344</LongitudeDegrees></Position></Trackpoint><Trackpoint><Time>2026-08-11T14:23:38.000Z</Time><Position><LatitudeDegrees>58.63407516479492</LatitudeDegrees><LongitudeDegrees>59.803348541259766</LongitudeDegrees></Position></Trackpoint><Trackpoint><Time>2026-08-11T14:23:38.000Z</Time><Position><LatitudeDegrees>58.634071350097656</LatitudeDegrees><LongitudeDegrees>59.8033561706543</LongitudeDegrees></Position></Trackpoint><Trackpoint><Time>2026-08-11T14:23:39.000Z</Time><Position><LatitudeDegrees>58.63407516479492</LatitudeDegrees><LongitudeDegrees>59.8033561706543</LongitudeDegrees></Position></Trackpoint><Trackpoint><Time>2026-08-11T14:23:40.000Z</Time><Position><LatitudeDegrees>58.6340777330748</LatitudeDegrees><LongitudeDegrees>59.80334712689886</LongitudeDegrees></Position></Trackpoint><Trackpoint><Time>2026-08-11T14:23:41.000Z</Time><Position><LatitudeDegrees>58.63408660888672</LatitudeDegrees><LongitudeDegrees>59.803367614746094</LongitudeDegrees></Position></Trackpoint><Trackpoint><Time>2026-08-11T14:23:42.000Z</Time><Position><LatitudeDegrees>58.634090423583984</LatitudeDegrees><LongitudeDegrees>59.80337142944336</LongitudeDegrees></Position></Trackpoint><Trackpoint><Time>2026-08-11T14:23:43.000Z</Time><Position><LatitudeDegrees>58.63410186767578</LatitudeDegrees><LongitudeDegrees>59.803375244140625</LongitudeDegrees></Position></Trackpoint><Trackpoint><Time>2026-08-11T14:23:44.000Z</Time><Position><LatitudeDegrees>58.63410949707031</LatitudeDegrees><LongitudeDegrees>59.80337142944336</LongitudeDegrees></Position></Trackpoint><Trackpoint><Time>2026-08-11T14:23:45.000Z</Time><Position><LatitudeDegrees>58.634117126464844</LatitudeDegrees><LongitudeDegrees>59.80337142944336</LongitudeDegrees></Position></Trackpoint><Trackpoint><Time>2026-08-11T14:23:46.000Z</Time><Position><LatitudeDegrees>58.634108947312995</LatitudeDegrees><LongitudeDegrees>59.803371551595326</LongitudeDegrees></Position></Trackpoint><Trackpoint><Time>2026-08-11T14:23:47.000Z</Time><Position><LatitudeDegrees>58.63411331176758</LatitudeDegrees><LongitudeDegrees>59.80338668823242</LongitudeDegrees></Position></Trackpoint><Trackpoint><Time>2026-08-11T14:23:48.000Z</Time><Position><LatitudeDegrees>58.63410919236603</LatitudeDegrees><LongitudeDegrees>59.80337904610541</LongitudeDegrees></Position></Trackpoint><Trackpoint><Time>2026-08-11T14:23:49.000Z</Time><Position><LatitudeDegrees>58.63409423828125</LatitudeDegrees><LongitudeDegrees>59.803401947021484</LongitudeDegrees></Position></Trackpoint><Trackpoint><Time>2026-08-11T14:23:50.000Z</Time><Position><LatitudeDegrees>58.63407516479492</LatitudeDegrees><LongitudeDegrees>59.803409576416016</LongitudeDegrees></Position></Trackpoint><Trackpoint><Time>2026-08-11T14:23:52.000Z</Time><Position><LatitudeDegrees>58.634063720703125</LatitudeDegrees><LongitudeDegrees>59.803409576416016</LongitudeDegrees></Position></Trackpoint><Trackpoint><Time>2026-08-11T14:23:52.000Z</Time><Position><LatitudeDegrees>58.634078513731005</LatitudeDegrees><LongitudeDegrees>59.80340189667765</LongitudeDegrees></Position></Trackpoint><Trackpoint><Time>2026-08-11T14:23:53.000Z</Time><Position><LatitudeDegrees>58.634033203125</LatitudeDegrees><LongitudeDegrees>59.80339813232422</LongitudeDegrees></Position></Trackpoint><Trackpoint><Time>2026-08-11T14:23:54.000Z</Time><Position><LatitudeDegrees>58.63402557373047</LatitudeDegrees><LongitudeDegrees>59.80339050292969</LongitudeDegrees></Position></Trackpoint><Trackpoint><Time>2026-08-11T14:23:55.000Z</Time><Position><LatitudeDegrees>58.63401412963867</LatitudeDegrees><LongitudeDegrees>59.80338668823242</LongitudeDegrees></Position></Trackpoint><Trackpoint><Time>2026-08-11T14:23:56.000Z</Time><Position><LatitudeDegrees>58.63400650024414</LatitudeDegrees><LongitudeDegrees>59.803382873535156</LongitudeDegrees></Position></Trackpoint><Trackpoint><Time>2026-08-11T14:23:57.000Z</Time><Position><LatitudeDegrees>58.63399887084961</LatitudeDegrees><LongitudeDegrees>59.80338668823242</LongitudeDegrees></Position></Trackpoint><Trackpoint><Time>2026-08-11T14:23:58.000Z</Time><Position><LatitudeDegrees>58.63401325540811</LatitudeDegrees><LongitudeDegrees>59.80339031395225</LongitudeDegrees></Position></Trackpoint><Trackpoint><Time>2026-08-11T14:23:59.000Z</Time><Position><LatitudeDegrees>58.63399887084961</LatitudeDegrees><LongitudeDegrees>59.80342102050781</LongitudeDegrees></Position></Trackpoint><Trackpoint><Time>2026-08-11T14:24:00.000Z</Time><Position><LatitudeDegrees>58.63399887084961</LatitudeDegrees><LongitudeDegrees>59.80344009399414</LongitudeDegrees></Position></Trackpoint><Trackpoint><Time>2026-08-11T14:24:01.000Z</Time><Position><LatitudeDegrees>58.6340035420224</LatitudeDegrees><LongitudeDegrees>59.80342311209161</LongitudeDegrees></Position></Trackpoint><Trackpoint><Time>2026-08-11T14:24:02.000Z</Time><Position><LatitudeDegrees>58.63400650024414</LatitudeDegrees><LongitudeDegrees>59.80350875854492</LongitudeDegrees></Position></Trackpoint><Trackpoint><Time>2026-08-11T14:24:03.000Z</Time><Position><LatitudeDegrees>58.63399887084961</LatitudeDegrees><LongitudeDegrees>59.80352783203125</LongitudeDegrees></Position></Trackpoint><Trackpoint><Time>2026-08-11T14:24:04.000Z</Time><Position><LatitudeDegrees>58.634002685546875</LatitudeDegrees><LongitudeDegrees>59.803531646728516</LongitudeDegrees></Position></Trackpoint><Trackpoint><Time>2026-08-11T14:24:05.000Z</Time><Position><LatitudeDegrees>58.63401794433594</LatitudeDegrees><LongitudeDegrees>59.80351257324219</LongitudeDegrees></Position></Trackpoint><Trackpoint><Time>2026-08-11T14:24:06.000Z</Time><Position><LatitudeDegrees>58.63400682423517</LatitudeDegrees><LongitudeDegrees>59.803507327918595</LongitudeDegrees></Position></Trackpoint><Trackpoint><Time>2026-08-11T14:24:07.000Z</Time><Position><LatitudeDegrees>58.633995056152344</LatitudeDegrees><LongitudeDegrees>59.80351638793945</LongitudeDegrees></Position></Trackpoint><Trackpoint><Time>2026-08-11T14:24:08.000Z</Time><Position><LatitudeDegrees>58.633975982666016</LatitudeDegrees><LongitudeDegrees>59.803524017333984</LongitudeDegrees></Position></Trackpoint><Trackpoint><Time>2026-08-11T14:24:09.000Z</Time><Position><LatitudeDegrees>58.63395309448242</LatitudeDegrees><LongitudeDegrees>59.803531646728516</LongitudeDegrees></Position></Trackpoint><Trackpoint><Time>2026-08-11T14:24:10.000Z</Time><Position><LatitudeDegrees>58.63392639160156</LatitudeDegrees><LongitudeDegrees>59.80353546142578</LongitudeDegrees></Position></Trackpoint><Trackpoint><Time>2026-08-11T14:24:11.000Z</Time><Position><LatitudeDegrees>58.633935406046554</LatitudeDegrees><LongitudeDegrees>59.80353440598345</LongitudeDegrees></Position></Trackpoint><Trackpoint><Time>2026-08-11T14:24:12.000Z</Time><Position><LatitudeDegrees>58.633872985839844</LatitudeDegrees><LongitudeDegrees>59.80357360839844</LongitudeDegrees></Position></Trackpoint><Trackpoint><Time>2026-08-11T14:24:13.000Z</Time><Position><LatitudeDegrees>58.633853912353516</LatitudeDegrees><LongitudeDegrees>59.80360412597656</LongitudeDegrees></Position></Trackpoint><Trackpoint><Time>2026-08-11T14:24:14.000Z</Time><Position><LatitudeDegrees>58.633900737665186</LatitudeDegrees><LongitudeDegrees>59.803564571362465</LongitudeDegrees></Position></Trackpoint><Trackpoint><Time>2026-08-11T14:24:15.000Z</Time><Position><LatitudeDegrees>58.633827209472656</LatitudeDegrees><LongitudeDegrees>59.80357360839844</LongitudeDegrees></Position></Trackpoint><Trackpoint><Time>2026-08-11T14:24:17.000Z</Time><Position><LatitudeDegrees>58.63386519629236</LatitudeDegrees><LongitudeDegrees>59.803571294255555</LongitudeDegrees></Position></Trackpoint><Trackpoint><Time>2026-08-11T14:24:18.000Z</Time><Position><LatitudeDegrees>58.633880615234375</LatitudeDegrees><LongitudeDegrees>59.803558349609375</LongitudeDegrees></Position></Trackpoint><Trackpoint><Time>2026-08-11T14:24:19.000Z</Time><Position><LatitudeDegrees>58.633888244628906</LatitudeDegrees><LongitudeDegrees>59.803558349609375</LongitudeDegrees></Position></Trackpoint><Trackpoint><Time>2026-08-11T14:24:20.000Z</Time><Position><LatitudeDegrees>58.6338996887207</LatitudeDegrees><LongitudeDegrees>59.80354690551758</LongitudeDegrees></Position></Trackpoint><Trackpoint><Time>2026-08-11T14:24:21.000Z</Time><Position><LatitudeDegrees>58.63388891587785</LatitudeDegrees><LongitudeDegrees>59.80355350631726</LongitudeDegrees></Position></Trackpoint><Trackpoint><Time>2026-08-11T14:24:22.000Z</Time><Position><LatitudeDegrees>58.633907318115234</LatitudeDegrees><LongitudeDegrees>59.803531646728516</LongitudeDegrees></Position></Trackpoint><Trackpoint><Time>2026-08-11T14:24:23.000Z</Time><Position><LatitudeDegrees>58.6339111328125</LatitudeDegrees><LongitudeDegrees>59.80352020263672</LongitudeDegrees></Position></Trackpoint><Trackpoint><Time>2026-08-11T14:24:24.000Z</Time><Position><LatitudeDegrees>58.63391876220703</LatitudeDegrees><LongitudeDegrees>59.80351257324219</LongitudeDegrees></Position></Trackpoint><Trackpoint><Time>2026-08-11T14:24:25.000Z</Time><Position><LatitudeDegrees>58.63390798385205</LatitudeDegrees><LongitudeDegrees>59.803524479708734</LongitudeDegrees></Position></Trackpoint><Trackpoint><Time>2026-08-11T14:24:26.000Z</Time><Position><LatitudeDegrees>58.6339111328125</LatitudeDegrees><LongitudeDegrees>59.80348205566406</LongitudeDegrees></Position></Trackpoint><Trackpoint><Time>2026-08-11T14:24:27.000Z</Time><Position><LatitudeDegrees>58.63389587402344</LatitudeDegrees><LongitudeDegrees>59.80348587036133</LongitudeDegrees></Position></Trackpoint><Trackpoint><Time>2026-08-11T14:24:29.000Z</Time><Position><LatitudeDegrees>58.63390350341797</LatitudeDegrees><LongitudeDegrees>59.803462982177734</LongitudeDegrees></Position></Trackpoint><Trackpoint><Time>2026-08-11T14:24:30.000Z</Time><Position><LatitudeDegrees>58.63390350341797</LatitudeDegrees><LongitudeDegrees>59.80343246459961</LongitudeDegrees></Position></Trackpoint><Trackpoint><Time>2026-08-11T14:24:31.000Z</Time><Position><LatitudeDegrees>58.63390350341797</LatitudeDegrees><LongitudeDegrees>59.803401947021484</LongitudeDegrees></Position></Trackpoint><Trackpoint><Time>2026-08-11T14:24:32.000Z</Time><Position><LatitudeDegrees>58.63389205932617</LatitudeDegrees><LongitudeDegrees>59.80337905883789</LongitudeDegrees></Position></Trackpoint><Trackpoint><Time>2026-08-11T14:24:33.000Z</Time><Position><LatitudeDegrees>58.63389205932617</LatitudeDegrees><LongitudeDegrees>59.80337142944336</LongitudeDegrees></Position></Trackpoint><Trackpoint><Time>2026-08-11T14:24:34.000Z</Time><Position><LatitudeDegrees>58.63389578207615</LatitudeDegrees><LongitudeDegrees>59.80339750613151</LongitudeDegrees></Position></Trackpoint><Trackpoint><Time>2026-08-11T14:24:35.000Z</Time><Position><LatitudeDegrees>58.63388442993164</LatitudeDegrees><LongitudeDegrees>59.8033561706543</LongitudeDegrees></Position></Trackpoint><Trackpoint><Time>2026-08-11T14:24:36.000Z</Time><Position><LatitudeDegrees>58.633872985839844</LatitudeDegrees><LongitudeDegrees>59.80333709716797</LongitudeDegrees></Position></Trackpoint><Trackpoint><Time>2026-08-11T14:24:37.000Z</Time><Position><LatitudeDegrees>58.63386154174805</LatitudeDegrees><LongitudeDegrees>59.80332946777344</LongitudeDegrees></Position></Trackpoint><Trackpoint><Time>2026-08-11T14:24:38.000Z</Time><Position><LatitudeDegrees>58.63385009765625</LatitudeDegrees><LongitudeDegrees>59.803306579589844</LongitudeDegrees></Position></Trackpoint><Trackpoint><Time>2026-08-11T14:24:39.000Z</Time><Position><LatitudeDegrees>58.633862887797974</LatitudeDegrees><LongitudeDegrees>59.803328806975486</LongitudeDegrees></Position></Trackpoint><Trackpoint><Time>2026-08-11T14:24:40.000Z</Time><Position><LatitudeDegrees>58.633846282958984</LatitudeDegrees><LongitudeDegrees>59.80318832397461</LongitudeDegrees></Position></Trackpoint><Trackpoint><Time>2026-08-11T14:24:41.000Z</Time><Position><LatitudeDegrees>58.633852743708225</LatitudeDegrees><LongitudeDegrees>59.80321183307012</LongitudeDegrees></Position></Trackpoint><Trackpoint><Time>2026-08-11T14:24:42.000Z</Time><Position><LatitudeDegrees>58.63388442993164</LatitudeDegrees><LongitudeDegrees>59.80305480957031</LongitudeDegrees></Position></Trackpoint><Trackpoint><Time>2026-08-11T14:24:44.000Z</Time><Position><LatitudeDegrees>58.63386408776078</LatitudeDegrees><LongitudeDegrees>59.803226919593904</LongitudeDegrees></Position></Trackpoint></Track></Lap></Activity></Activities></TrainingCenterDatabase>