<?xml version='1.0' encoding='UTF-8' standalone='yes' ?><TrainingCenterDatabase creator="Mi Fitness" version="1.0" xmlns="http://www.garmin.com/xmlschemas/TrainingCenterDatabase/v2" xmlns:xsi="http://www.w3.org/2001/XMLSchema-instance" xsi:schemaLocation="http://www.garmin.com/xmlschemas/TrainingCenterDatabase/v2 http://www.garmin.com/xmlschemas/TrainingCenterDatabasev2.xsd"><Activities><Activity Sport=""><Id>2026-07-27T12:13:29.000Z</Id><Calories>615</Calories><Lap><TotalTimeSeconds>4242</TotalTimeSeconds><DistanceMeters>4986</DistanceMeters><Calories>389</Calories><HeartRateBpm>107</HeartRateBpm><AverageSpeed>4.2314</AverageSpeed><Steps>6364</Steps><Track><Trackpoint><Time>2026-07-27T12:13:29.000Z</Time><Position><LatitudeDegrees>58.63418197631836</LatitudeDegrees><LongitudeDegrees>59.803627014160156</LongitudeDegrees></Position></Trackpoint><Trackpoint><Time>2026-07-27T12:13:30.000Z</Time><Position><LatitudeDegrees>58.634185140230215</LatitudeDegrees><LongitudeDegrees>59.80364283371945</LongitudeDegrees></Position></Trackpoint><Trackpoint><Time>2026-07-27T12:13:31.000Z</Time><Position><LatitudeDegrees>58.63418645412096</LatitudeDegrees><LongitudeDegrees>59.803649403173154</LongitudeDegrees></Position></Trackpoint><Trackpoint><Time>2026-07-27T12:13:32.000Z</Time><Position><LatitudeDegrees>58.63418797537722</LatitudeDegrees><LongitudeDegrees>59.80365700945447</LongitudeDegrees></Position></Trackpoint><Trackpoint><Time>2026-07-27T12:13:33.000Z</Time><Position><LatitudeDegrees>58.6341898285617</LatitudeDegrees><LongitudeDegrees>59.80366739442785</LongitudeDegrees></Position></Trackpoint><Trackpoint><Time>2026-07-27T12:13:34.000Z</Time><Position><LatitudeDegrees>58.63419256251127</LatitudeDegrees><LongitudeDegrees>59.80367977966196</LongitudeDegrees></Position></Trackpoint><Trackpoint><Time>2026-07-27T12:13:35.000Z</Time><Position><LatitudeDegrees>58.634196263139785</LatitudeDegrees><LongitudeDegrees>59.80369378834747</LongitudeDegrees></Position></Trackpoint><Trackpoint><Time>2026-07-27T12:13:36.000Z</Time><Position><LatitudeDegrees>58.634201348903694</LatitudeDegrees><LongitudeDegrees>59.80370910274866</LongitudeDegrees></Position></Trackpoint><Trackpoint><Time>2026-07-27T12:13:37.000Z</Time><Position><LatitudeDegrees>58.63420634039055</LatitudeDegrees><LongitudeDegrees>59.80372494409647</LongitudeDegrees></Position></Trackpoint><Trackpoint><Time>2026-07-27T12:13:38.000Z</Time><Position><LatitudeDegrees>58.634211143201135</LatitudeDegrees><LongitudeDegrees>59.80374043875504</LongitudeDegrees></Position></Trackpoint><Trackpoint><Time>2026-07-27T12:13:39.000Z</Time><Position><LatitudeDegrees>58.6342152521926</LatitudeDegrees><LongitudeDegrees>59.80375576228337</LongitudeDegrees></Position></Trackpoint><Trackpoint><Time>2026-07-27T12:13:40.000Z</Time><Position><LatitudeDegrees>58.63421903824431</LatitudeDegrees><LongitudeDegrees>59.803770517971834</LongitudeDegrees></Position></Trackpoint><Trackpoint><Time>2026-07-27T12:13:41.000Z</Time><Position><LatitudeDegrees>58.63422220545172</LatitudeDegrees><LongitudeDegrees>59.8037851047607</LongitudeDegrees></Position></Trackpoint><Trackpoint><Time>2026-07-27T12:13:42.000Z</Time><Position><LatitudeDegrees>58.63422520099128</LatitudeDegrees><LongitudeDegrees>59.80379921872498</LongitudeDegrees></Position></Trackpoint><Trackpoint><Time>2026-07-27T12:13:43.000Z</Time><Position><LatitudeDegrees>58.63422823098732</LatitudeDegrees><LongitudeDegrees>59.803814264201506</LongitudeDegrees></Position></Trackpoint><Trackpoint><Time>2026-07-27T12:13:44.000Z</Time><Position><LatitudeDegrees>58.63423137589243</LatitudeDegrees><LongitudeDegrees>59.803830699913576</LongitudeDegrees></Position></Trackpoint><Trackpoint><Time>2026-07-27T12:13:45.000Z</Time><Position><LatitudeDegrees>58.634234164476446</LatitudeDegrees><LongitudeDegrees>59.80384951556043</LongitudeDegrees></Position></Trackpoint><Trackpoint><Time>2026-07-27T12:13:46.000Z</Time><Position><LatitudeDegrees>58.63423693801739</LatitudeDegrees><LongitudeDegrees>59.803870813267395</LongitudeDegrees></Position></Trackpoint><Trackpoint><Time>2026-07-27T12:13:47.000Z</Time><Position><LatitudeDegrees>58.63424032860512</LatitudeDegrees><LongitudeDegrees>59.80389480613612</LongitudeDegrees></Position></Trackpoint><Trackpoint><Time>2026-07-27T12:13:48.000Z</Time><Position><LatitudeDegrees>58.63424500696837</LatitudeDegrees><LongitudeDegrees>59.80392123600924</LongitudeDegrees></Position></Trackpoint><Trackpoint><Time>2026-07-27T12:13:49.000Z</Time><Position><LatitudeDegrees>58.63425108405142</LatitudeDegrees><LongitudeDegrees>59.80394968378332</LongitudeDegrees></Position></Trackpoint><Trackpoint><Time>2026-07-27T12:13:50.000Z</Time><Position><LatitudeDegrees>58.63425891563195</LatitudeDegrees><LongitudeDegrees>59.80397922825253</LongitudeDegrees></Position></Trackpoint><Trackpoint><Time>2026-07-27T12:13:51.000Z</Time><Position><LatitudeDegrees>58.63426793343337</LatitudeDegrees><LongitudeDegrees>59.80400837005319</LongitudeDegrees></Position></Trackpoint><Trackpoint><Time>2026-07-27T12:13:52.000Z</Time><Position><LatitudeDegrees>58.63427726156017</LatitudeDegrees><LongitudeDegrees>59.804036053768634</LongitudeDegrees></Position></Trackpoint><Trackpoint><Time>2026-07-27T12:13:53.000Z</Time><Position><LatitudeDegrees>58.63428600984898</LatitudeDegrees><LongitudeDegrees>59.80406105266487</LongitudeDegrees></Position></Trackpoint><Trackpoint><Time>2026-07-27T12:13:54.000Z</Time><Position><LatitudeDegrees>58.634293886122165</LatitudeDegrees><LongitudeDegrees>59.80408271651379</LongitudeDegrees></Position></Trackpoint><Trackpoint><Time>2026-07-27T12:13:55.000Z</Time><Position><LatitudeDegrees>58.63430088197312</LatitudeDegrees><LongitudeDegrees>59.804101205578036</LongitudeDegrees></Position></Trackpoint><Trackpoint><Time>2026-07-27T12:13:56.000Z</Time><Position><LatitudeDegrees>58.634307106940575</LatitudeDegrees><LongitudeDegrees>59.804116993337914</LongitudeDegrees></Position></Trackpoint><Trackpoint><Time>2026-07-27T12:13:57.000Z</Time><Position><LatitudeDegrees>58.634312705077974</LatitudeDegrees><LongitudeDegrees>59.80413111110735</LongitudeDegrees></Position></Trackpoint><Trackpoint><Time>2026-07-27T12:13:58.000Z</Time><Position><LatitudeDegrees>58.63431830577463</LatitudeDegrees><LongitudeDegrees>59.80414468756718</LongitudeDegrees></Position></Trackpoint><Trackpoint><Time>2026-07-27T12:13:59.000Z</Time><Position><LatitudeDegrees>58.63432367829495</LatitudeDegrees><LongitudeDegrees>59.804158257022074</LongitudeDegrees></Position></Trackpoint><Trackpoint><Time>2026-07-27T12:14:00.000Z</Time><Position><LatitudeDegrees>58.63432777767918</LatitudeDegrees><LongitudeDegrees>59.804171550804966</LongitudeDegrees></Position></Trackpoint><Trackpoint><Time>2026-07-27T12:14:01.000Z</Time><Position><LatitudeDegrees>58.634330826593754</LatitudeDegrees><LongitudeDegrees>59.80418449365188</LongitudeDegrees></Position></Trackpoint><Trackpoint><Time>2026-07-27T12:14:02.000Z</Time><Position><LatitudeDegrees>58.6343325619557</LatitudeDegrees><LongitudeDegrees>59.80419758921933</LongitudeDegrees></Position></Trackpoint><Trackpoint><Time>2026-07-27T12:14:03.000Z</Time><Position><LatitudeDegrees>58.634332554400565</LatitudeDegrees><LongitudeDegrees>59.8042110253284</LongitudeDegrees></Position></Trackpoint><Trackpoint><Time>2026-07-27T12:14:04.000Z</Time><Position><LatitudeDegrees>58.63433134041312</LatitudeDegrees><LongitudeDegrees>59.80422532523271</LongitudeDegrees></Position></Trackpoint><Trackpoint><Time>2026-07-27T12:14:05.000Z</Time><Position><LatitudeDegrees>58.63432831655821</LatitudeDegrees><LongitudeDegrees>59.8042401039481</LongitudeDegrees></Position></Trackpoint><Trackpoint><Time>2026-07-27T12:14:06.000Z</Time><Position><LatitudeDegrees>58.63432444583611</LatitudeDegrees><LongitudeDegrees>59.80425563108122</LongitudeDegrees></Position></Trackpoint><Trackpoint><Time>2026-07-27T12:14:07.000Z</Time><Position><LatitudeDegrees>58.634319743925936</LatitudeDegrees><LongitudeDegrees>59.804270942385536</LongitudeDegrees></Position></Trackpoint><Trackpoint><Time>2026-07-27T12:14:08.000Z</Time><Position><LatitudeDegrees>58.634313834356</LatitudeDegrees><LongitudeDegrees>59.80428615806411</LongitudeDegrees></Position></Trackpoint><Trackpoint><Time>2026-07-27T12:14:09.000Z</Time><Position><LatitudeDegrees>58.634307206694615</LatitudeDegrees><LongitudeDegrees>59.804301339893975</LongitudeDegrees></Position></Trackpoint><Trackpoint><Time>2026-07-27T12:14:10.000Z</Time><Position><LatitudeDegrees>58.634300154728294</LatitudeDegrees><LongitudeDegrees>59.804317007272026</LongitudeDegrees></Position></Trackpoint><Trackpoint><Time>2026-07-27T12:14:11.000Z</Time><Position><LatitudeDegrees>58.63429334351763</LatitudeDegrees><LongitudeDegrees>59.80433282217324</LongitudeDegrees></Position></Trackpoint><Trackpoint><Time>2026-07-27T12:14:12.000Z</Time><Position><LatitudeDegrees>58.634287016056135</LatitudeDegrees><LongitudeDegrees>59.80435009528511</LongitudeDegrees></Position></Trackpoint><Trackpoint><Time>2026-07-27T12:14:13.000Z</Time><Position><LatitudeDegrees>58.63428169993878</LatitudeDegrees><LongitudeDegrees>59.80436917923333</LongitudeDegrees></Position></Trackpoint><Trackpoint><Time>2026-07-27T12:14:14.000Z</Time><Position><LatitudeDegrees>58.63427846186352</LatitudeDegrees><LongitudeDegrees>59.80439145565468</LongitudeDegrees></Position></Trackpoint><Trackpoint><Time>2026-07-27T12:14:15.000Z</Time><Position><LatitudeDegrees>58.634277474418596</LatitudeDegrees><LongitudeDegrees>59.80441806302539</LongitudeDegrees></Position></Trackpoint><Trackpoint><Time>2026-07-27T12:14:16.000Z</Time><Position><LatitudeDegrees>58.63427803020596</LatitudeDegrees><LongitudeDegrees>59.804448914337144</LongitudeDegrees></Position></Trackpoint><Trackpoint><Time>2026-07-27T12:14:17.000Z</Time><Position><LatitudeDegrees>58.63428061904525</LatitudeDegrees><LongitudeDegrees>59.80448489788548</LongitudeDegrees></Position></Trackpoint><Trackpoint><Time>2026-07-27T12:14:18.000Z</Time><Position><LatitudeDegrees>58.63428469211074</LatitudeDegrees><LongitudeDegrees>59.80452425195345</LongitudeDegrees></Position></Trackpoint><Trackpoint><Time>2026-07-27T12:14:19.000Z</Time><Position><LatitudeDegrees>58.63428983287953</LatitudeDegrees><LongitudeDegrees>59.80456728723805</LongitudeDegrees></Position></Trackpoint><Trackpoint><Time>2026-07-27T12:14:20.000Z</Time><Position><LatitudeDegrees>58.63429475355425</LatitudeDegrees><LongitudeDegrees>59.80461121116297</LongitudeDegrees></Position></Trackpoint><Trackpoint><Time>2026-07-27T12:14:21.000Z</Time><Position><LatitudeDegrees>58.63429993124698</LatitudeDegrees><LongitudeDegrees>59.8046537803753</LongitudeDegrees></Position></Trackpoint><Trackpoint><Time>2026-07-27T12:14:22.000Z</Time><Position><LatitudeDegrees>58.63430552946051</LatitudeDegrees><LongitudeDegrees>59.804695224084035</LongitudeDegrees></Position></Trackpoint><Trackpoint><Time>2026-07-27T12:14:23.000Z</Time><Position><LatitudeDegrees>58.63431156155754</LatitudeDegrees><LongitudeDegrees>59.804733333088684</LongitudeDegrees></Position></Trackpoint><Trackpoint><Time>2026-07-27T12:14:24.000Z</Time><Position><LatitudeDegrees>58.63431699813174</LatitudeDegrees><LongitudeDegrees>59.804768604792265</LongitudeDegrees></Position></Trackpoint><Trackpoint><Time>2026-07-27T12:14:25.000Z</Time><Position><LatitudeDegrees>58.63432198128432</LatitudeDegrees><LongitudeDegrees>59.80479964976275</LongitudeDegrees></Position></Trackpoint><Trackpoint><Time>2026-07-27T12:14:26.000Z</Time><Position><LatitudeDegrees>58.6343266277333</LatitudeDegrees><LongitudeDegrees>59.80482643828049</LongitudeDegrees></Position></Trackpoint><Trackpoint><Time>2026-07-27T12:14:27.000Z</Time><Position><LatitudeDegrees>58.63433102876243</LatitudeDegrees><LongitudeDegrees>59.80485048363645</LongitudeDegrees></Position></Trackpoint><Trackpoint><Time>2026-07-27T12:14:28.000Z</Time><Position><LatitudeDegrees>58.63433525346468</LatitudeDegrees><LongitudeDegrees>59.80487227152435</LongitudeDegrees></Position></Trackpoint><Trackpoint><Time>2026-07-27T12:14:29.000Z</Time><Position><LatitudeDegrees>58.63433935292611</LatitudeDegrees><LongitudeDegrees>59.804892781322295</LongitudeDegrees></Position></Trackpoint><Trackpoint><Time>2026-07-27T12:14:30.000Z</Time><Position><LatitudeDegrees>58.63434385387078</LatitudeDegrees><LongitudeDegrees>59.80491404924361</LongitudeDegrees></Position></Trackpoint><Trackpoint><Time>2026-07-27T12:14:31.000Z</Time><Position><LatitudeDegrees>58.63434892169143</LatitudeDegrees><LongitudeDegrees>59.80493583734361</LongitudeDegrees></Position></Trackpoint><Trackpoint><Time>2026-07-27T12:14:32.000Z</Time><Position><LatitudeDegrees>58.63435455174464</LatitudeDegrees><LongitudeDegrees>59.804958960085855</LongitudeDegrees></Position></Trackpoint><Trackpoint><Time>2026-07-27T12:14:33.000Z</Time><Position><LatitudeDegrees>58.63436066995641</LatitudeDegrees><LongitudeDegrees>59.80498211276241</LongitudeDegrees></Position></Trackpoint><Trackpoint><Time>2026-07-27T12:14:34.000Z</Time><Position><LatitudeDegrees>58.63436718316616</LatitudeDegrees><LongitudeDegrees>59.80500377498778</LongitudeDegrees></Position></Trackpoint><Trackpoint><Time>2026-07-27T12:14:35.000Z</Time><Position><LatitudeDegrees>58.63437400230988</LatitudeDegrees><LongitudeDegrees>59.80502351191368</LongitudeDegrees></Position></Trackpoint><Trackpoint><Time>2026-07-27T12:14:36.000Z</Time><Position><LatitudeDegrees>58.634380561831264</LatitudeDegrees><LongitudeDegrees>59.80504139156436</LongitudeDegrees></Position></Trackpoint><Trackpoint><Time>2026-07-27T12:14:37.000Z</Time><Position><LatitudeDegrees>58.63438666213749</LatitudeDegrees><LongitudeDegrees>59.805057680332915</LongitudeDegrees></Position></Trackpoint><Trackpoint><Time>2026-07-27T12:14:38.000Z</Time><Position><LatitudeDegrees>58.63439227996914</LatitudeDegrees><LongitudeDegrees>59.80507220250562</LongitudeDegrees></Position></Trackpoint><Trackpoint><Time>2026-07-27T12:14:39.000Z</Time><Position><LatitudeDegrees>58.634397467672116</LatitudeDegrees><LongitudeDegrees>59.80508560206822</LongitudeDegrees></Position></Trackpoint><Trackpoint><Time>2026-07-27T12:14:40.000Z</Time><Position><LatitudeDegrees>58.63440181239993</LatitudeDegrees><LongitudeDegrees>59.80509975715268</LongitudeDegrees></Position></Trackpoint><Trackpoint><Time>2026-07-27T12:14:41.000Z</Time><Position><LatitudeDegrees>58.634404273101985</LatitudeDegrees><LongitudeDegrees>59.80511583387691</LongitudeDegrees></Position></Trackpoint><Trackpoint><Time>2026-07-27T12:14:42.000Z</Time><Position><LatitudeDegrees>58.634405642072025</LatitudeDegrees><LongitudeDegrees>59.80513602429007</LongitudeDegrees></Position></Trackpoint><Trackpoint><Time>2026-07-27T12:14:43.000Z</Time><Position><LatitudeDegrees>58.634406875335806</LatitudeDegrees><LongitudeDegrees>59.80515825511226</LongitudeDegrees></Position></Trackpoint><Trackpoint><Time>2026-07-27T12:14:44.000Z</Time><Position><LatitudeDegrees>58.634408384034295</LatitudeDegrees><LongitudeDegrees>59.80517994178242</LongitudeDegrees></Position></Trackpoint><Trackpoint><Time>2026-07-27T12:14:45.000Z</Time><Position><LatitudeDegrees>58.63441030213744</LatitudeDegrees><LongitudeDegrees>59.80520057934381</LongitudeDegrees></Position></Trackpoint><Trackpoint><Time>2026-07-27T12:14:46.000Z</Time><Position><LatitudeDegrees>58.63441312188267</LatitudeDegrees><LongitudeDegrees>59.80521813604747</LongitudeDegrees></Position></Trackpoint><Trackpoint><Time>2026-07-27T12:14:47.000Z</Time><Position><LatitudeDegrees>58.634416930265395</LatitudeDegrees><LongitudeDegrees>59.80523266018546</LongitudeDegrees></Position></Trackpoint><Trackpoint><Time>2026-07-27T12:14:48.000Z</Time><Position><LatitudeDegrees>58.63442163622308</LatitudeDegrees><LongitudeDegrees>59.80524456087128</LongitudeDegrees></Position></Trackpoint><Trackpoint><Time>2026-07-27T12:14:49.000Z</Time><Position><LatitudeDegrees>58.63442659744015</LatitudeDegrees><LongitudeDegrees>59.80525483291824</LongitudeDegrees></Position></Trackpoint><Trackpoint><Time>2026-07-27T12:14:50.000Z</Time><Position><LatitudeDegrees>58.63443151662746</LatitudeDegrees><LongitudeDegrees>59.80526360544634</LongitudeDegrees></Position></Trackpoint><Trackpoint><Time>2026-07-27T12:14:51.000Z</Time><Position><LatitudeDegrees>58.63443578713527</LatitudeDegrees><LongitudeDegrees>59.80527259292436</LongitudeDegrees></Position></Trackpoint><Trackpoint><Time>2026-07-27T12:14:52.000Z</Time><Position><LatitudeDegrees>58.634439731992636</LatitudeDegrees><LongitudeDegrees>59.80528296344981</LongitudeDegrees></Position></Trackpoint><Trackpoint><Time>2026-07-27T12:14:53.000Z</Time><Position><LatitudeDegrees>58.63444303641982</LatitudeDegrees><LongitudeDegrees>59.80529697901465</LongitudeDegrees></Position></Trackpoint><Trackpoint><Time>2026-07-27T12:14:54.000Z</Time><Position><LatitudeDegrees>58.63444516336765</LatitudeDegrees><LongitudeDegrees>59.805314613736684</LongitudeDegrees></Position></Trackpoint><Trackpoint><Time>2026-07-27T12:14:55.000Z</Time><Position><LatitudeDegrees>58.634446532399686</LatitudeDegrees><LongitudeDegrees>59.80533490283279</LongitudeDegrees></Position></Trackpoint><Trackpoint><Time>2026-07-27T12:14:56.000Z</Time><Position><LatitudeDegrees>58.63444741358353</LatitudeDegrees><LongitudeDegrees>59.80535759789884</LongitudeDegrees></Position></Trackpoint><Trackpoint><Time>2026-07-27T12:14:57.000Z</Time><Position><LatitudeDegrees>58.63444749114599</LatitudeDegrees><LongitudeDegrees>59.80538130860989</LongitudeDegrees></Position></Trackpoint><Trackpoint><Time>2026-07-27T12:14:58.000Z</Time><Position><LatitudeDegrees>58.63444771740596</LatitudeDegrees><LongitudeDegrees>59.80540435280603</LongitudeDegrees></Position></Trackpoint><Trackpoint><Time>2026-07-27T12:14:59.000Z</Time><Position><LatitudeDegrees>58.634447486253784</LatitudeDegrees><LongitudeDegrees>59.805426612874506</LongitudeDegrees></Position></Trackpoint><Trackpoint><Time>2026-07-27T12:15:00.000Z</Time><Position><LatitudeDegrees>58.63444709639206</LatitudeDegrees><LongitudeDegrees>59.805448141020065</LongitudeDegrees></Position></Trackpoint><Trackpoint><Time>2026-07-27T12:15:01.000Z</Time><Position><LatitudeDegrees>58.63444669120662</LatitudeDegrees><LongitudeDegrees>59.80546856307295</LongitudeDegrees></Position></Trackpoint><Trackpoint><Time>2026-07-27T12:15:02.000Z</Time><Position><LatitudeDegrees>58.634446331715296</LatitudeDegrees><LongitudeDegrees>59.80548786690289</LongitudeDegrees></Position></Trackpoint><Trackpoint><Time>2026-07-27T12:15:03.000Z</Time><Position><LatitudeDegrees>58.6344460371825</LatitudeDegrees><LongitudeDegrees>59.80550668064708</LongitudeDegrees></Position></Trackpoint><Trackpoint><Time>2026-07-27T12:15:04.000Z</Time><Position><LatitudeDegrees>58.634445807204635</LatitudeDegrees><LongitudeDegrees>59.80552728433759</LongitudeDegrees></Position></Trackpoint><Trackpoint><Time>2026-07-27T12:15:05.000Z</Time><Position><LatitudeDegrees>58.634445633329946</LatitudeDegrees><LongitudeDegrees>59.80554989762017</LongitudeDegrees></Position></Trackpoint><Trackpoint><Time>2026-07-27T12:15:06.000Z</Time><Position><LatitudeDegrees>58.63444501526636</LatitudeDegrees><LongitudeDegrees>59.80557484263475</LongitudeDegrees></Position></Trackpoint><Trackpoint><Time>2026-07-27T12:15:07.000Z</Time><Position><LatitudeDegrees>58.63444380398787</LatitudeDegrees><LongitudeDegrees>59.80560195277504</LongitudeDegrees></Position></Trackpoint><Trackpoint><Time>2026-07-27T12:15:08.000Z</Time><Position><LatitudeDegrees>58.634442014258845</LatitudeDegrees><LongitudeDegrees>59.805629902315175</LongitudeDegrees></Position></Trackpoint><Trackpoint><Time>2026-07-27T12:15:09.000Z</Time><Position><LatitudeDegrees>58.634440705624236</LatitudeDegrees><LongitudeDegrees>59.805658527151934</LongitudeDegrees></Position></Trackpoint><Trackpoint><Time>2026-07-27T12:15:10.000Z</Time><Position><LatitudeDegrees>58.63444025269224</LatitudeDegrees><LongitudeDegrees>59.80568669380762</LongitudeDegrees></Position></Trackpoint><Trackpoint><Time>2026-07-27T12:15:11.000Z</Time><Position><LatitudeDegrees>58.63444021030024</LatitudeDegrees><LongitudeDegrees>59.80571350467454</LongitudeDegrees></Position></Trackpoint><Trackpoint><Time>2026-07-27T12:15:12.000Z</Time><Position><LatitudeDegrees>58.63444034242326</LatitudeDegrees><LongitudeDegrees>59.80573827449073</LongitudeDegrees></Position></Trackpoint><Trackpoint><Time>2026-07-27T12:15:13.000Z</Time><Position><LatitudeDegrees>58.634440039848975</LatitudeDegrees><LongitudeDegrees>59.80576098300823</LongitudeDegrees></Position></Trackpoint><Trackpoint><Time>2026-07-27T12:15:14.000Z</Time><Position><LatitudeDegrees>58.634439107476176</LatitudeDegrees><LongitudeDegrees>59.80578139684221</LongitudeDegrees></Position></Trackpoint><Trackpoint><Time>2026-07-27T12:15:15.000Z</Time><Position><LatitudeDegrees>58.63443754578936</LatitudeDegrees><LongitudeDegrees>59.80580069361739</LongitudeDegrees></Position></Trackpoint><Trackpoint><Time>2026-07-27T12:15:16.000Z</Time><Position><LatitudeDegrees>58.63443494614895</LatitudeDegrees><LongitudeDegrees>59.805818522470496</LongitudeDegrees></Position></Trackpoint><Trackpoint><Time>2026-07-27T12:15:17.000Z</Time><Position><LatitudeDegrees>58.634431273483315</LatitudeDegrees><LongitudeDegrees>59.80583443769927</LongitudeDegrees></Position></Trackpoint><Trackpoint><Time>2026-07-27T12:15:18.000Z</Time><Position><LatitudeDegrees>58.634426161459324</LatitudeDegrees><LongitudeDegrees>59.80584899097007</LongitudeDegrees></Position></Trackpoint><Trackpoint><Time>2026-07-27T12:15:19.000Z</Time><Position><LatitudeDegrees>58.63441964394824</LatitudeDegrees><LongitudeDegrees>59.805863073893356</LongitudeDegrees></Position></Trackpoint><Trackpoint><Time>2026-07-27T12:15:20.000Z</Time><Position><LatitudeDegrees>58.63441191529154</LatitudeDegrees><LongitudeDegrees>59.80587809325368</LongitudeDegrees></Position></Trackpoint><Trackpoint><Time>2026-07-27T12:15:21.000Z</Time><Position><LatitudeDegrees>58.634403700584826</LatitudeDegrees><LongitudeDegrees>59.80589401861094</LongitudeDegrees></Position></Trackpoint><Trackpoint><Time>2026-07-27T12:15:22.000Z</Time><Position><LatitudeDegrees>58.63439536083044</LatitudeDegrees><LongitudeDegrees>59.80591121075618</LongitudeDegrees></Position></Trackpoint><Trackpoint><Time>2026-07-27T12:15:23.000Z</Time><Position><LatitudeDegrees>58.63438755036149</LatitudeDegrees><LongitudeDegrees>59.8059286764636</LongitudeDegrees></Position></Trackpoint><Trackpoint><Time>2026-07-27T12:15:24.000Z</Time><Position><LatitudeDegrees>58.63438047072117</LatitudeDegrees><LongitudeDegrees>59.80594499235719</LongitudeDegrees></Position></Trackpoint><Trackpoint><Time>2026-07-27T12:15:25.000Z</Time><Position><LatitudeDegrees>58.63437362150034</LatitudeDegrees><LongitudeDegrees>59.80595874059886</LongitudeDegrees></Position></Trackpoint><Trackpoint><Time>2026-07-27T12:15:26.000Z</Time><Position><LatitudeDegrees>58.634367746261056</LatitudeDegrees><LongitudeDegrees>59.80597064605108</LongitudeDegrees></Position></Trackpoint><Trackpoint><Time>2026-07-27T12:15:27.000Z</Time><Position><LatitudeDegrees>58.634362046996685</LatitudeDegrees><LongitudeDegrees>59.805980754145</LongitudeDegrees></Position></Trackpoint><Trackpoint><Time>2026-07-27T12:15:28.000Z</Time><Position><LatitudeDegrees>58.63435617247537</LatitudeDegrees><LongitudeDegrees>59.80599078311076</LongitudeDegrees></Position></Trackpoint><Trackpoint><Time>2026-07-27T12:15:29.000Z</Time><Position><LatitudeDegrees>58.63434951093146</LatitudeDegrees><LongitudeDegrees>59.80600194033942</LongitudeDegrees></Position></Trackpoint><Trackpoint><Time>2026-07-27T12:15:30.000Z</Time><Position><LatitudeDegrees>58.63433946337952</LatitudeDegrees><LongitudeDegrees>59.80601800553839</LongitudeDegrees></Position></Trackpoint><Trackpoint><Time>2026-07-27T12:15:32.000Z</Time><Position><LatitudeDegrees>58.63432735250217</LatitudeDegrees><LongitudeDegrees>59.80603647811233</LongitudeDegrees></Position></Trackpoint><Trackpoint><Time>2026-07-27T12:15:33.000Z</Time><Position><LatitudeDegrees>58.63431496707014</LatitudeDegrees><LongitudeDegrees>59.80605601924976</LongitudeDegrees></Position></Trackpoint><Trackpoint><Time>2026-07-27T12:15:34.000Z</Time><Position><LatitudeDegrees>58.634303568608175</LatitudeDegrees><LongitudeDegrees>59.80607594043495</LongitudeDegrees></Position></Trackpoint><Trackpoint><Time>2026-07-27T12:15:35.000Z</Time><Position><LatitudeDegrees>58.63429354997811</LatitudeDegrees><LongitudeDegrees>59.80609444050377</LongitudeDegrees></Position></Trackpoint><Trackpoint><Time>2026-07-27T12:15:36.000Z</Time><Position><LatitudeDegrees>58.6342844062636</LatitudeDegrees><LongitudeDegrees>59.80611047046426</LongitudeDegrees></Position></Trackpoint><Trackpoint><Time>2026-07-27T12:15:37.000Z</Time><Position><LatitudeDegrees>58.634275817229174</LatitudeDegrees><LongitudeDegrees>59.80612489456247</LongitudeDegrees></Position></Trackpoint><Trackpoint><Time>2026-07-27T12:15:38.000Z</Time><Position><LatitudeDegrees>58.63426806940944</LatitudeDegrees><LongitudeDegrees>59.806138764444356</LongitudeDegrees></Position></Trackpoint><Trackpoint><Time>2026-07-27T12:15:39.000Z</Time><Position><LatitudeDegrees>58.63426068322967</LatitudeDegrees><LongitudeDegrees>59.806153073956224</LongitudeDegrees></Position></Trackpoint><Trackpoint><Time>2026-07-27T12:15:40.000Z</Time><Position><LatitudeDegrees>58.63425341476905</LatitudeDegrees><LongitudeDegrees>59.80616817597129</LongitudeDegrees></Position></Trackpoint><Trackpoint><Time>2026-07-27T12:15:41.000Z</Time><Position><LatitudeDegrees>58.634246638074394</LatitudeDegrees><LongitudeDegrees>59.80618460370854</LongitudeDegrees></Position></Trackpoint><Trackpoint><Time>2026-07-27T12:15:42.000Z</Time><Position><LatitudeDegrees>58.63424044407325</LatitudeDegrees><LongitudeDegrees>59.80620289622152</LongitudeDegrees></Position></Trackpoint><Trackpoint><Time>2026-07-27T12:15:43.000Z</Time><Position><LatitudeDegrees>58.63423528503539</LatitudeDegrees><LongitudeDegrees>59.80622303616932</LongitudeDegrees></Position></Trackpoint><Trackpoint><Time>2026-07-27T12:15:44.000Z</Time><Position><LatitudeDegrees>58.634230235163386</LatitudeDegrees><LongitudeDegrees>59.80624428968429</LongitudeDegrees></Position></Trackpoint><Trackpoint><Time>2026-07-27T12:15:45.000Z</Time><Position><LatitudeDegrees>58.634225388782326</LatitudeDegrees><LongitudeDegrees>59.80626572199997</LongitudeDegrees></Position></Trackpoint><Trackpoint><Time>2026-07-27T12:15:46.000Z</Time><Position><LatitudeDegrees>58.63422075862068</LatitudeDegrees><LongitudeDegrees>59.806286435588966</LongitudeDegrees></Position></Trackpoint><Trackpoint><Time>2026-07-27T12:15:47.000Z</Time><Position><LatitudeDegrees>58.6342158325584</LatitudeDegrees><LongitudeDegrees>59.80630615306702</LongitudeDegrees></Position></Trackpoint><Trackpoint><Time>2026-07-27T12:15:48.000Z</Time><Position><LatitudeDegrees>58.63421092727638</LatitudeDegrees><LongitudeDegrees>59.80632586726863</LongitudeDegrees></Position></Trackpoint><Trackpoint><Time>2026-07-27T12:15:49.000Z</Time><Position><LatitudeDegrees>58.63420617052727</LatitudeDegrees><LongitudeDegrees>59.80634598749668</LongitudeDegrees></Position></Trackpoint><Trackpoint><Time>2026-07-27T12:15:50.000Z</Time><Position><LatitudeDegrees>58.63420110624928</LatitudeDegrees><LongitudeDegrees>59.80636711981347</LongitudeDegrees></Position></Trackpoint><Trackpoint><Time>2026-07-27T12:15:51.000Z</Time><Position><LatitudeDegrees>58.634196075702434</LatitudeDegrees><LongitudeDegrees>59.80638987352624</LongitudeDegrees></Position></Trackpoint><Trackpoint><Time>2026-07-27T12:15:52.000Z</Time><Position><LatitudeDegrees>58.63419170471027</LatitudeDegrees><LongitudeDegrees>59.806413801853694</LongitudeDegrees></Position></Trackpoint><Trackpoint><Time>2026-07-27T12:15:53.000Z</Time><Position><LatitudeDegrees>58.63418767674432</LatitudeDegrees><LongitudeDegrees>59.80643759081513</LongitudeDegrees></Position></Trackpoint><Trackpoint><Time>2026-07-27T12:15:54.000Z</Time><Position><LatitudeDegrees>58.63418381742072</LatitudeDegrees><LongitudeDegrees>59.8064607171569</LongitudeDegrees></Position></Trackpoint><Trackpoint><Time>2026-07-27T12:15:55.000Z</Time><Position><LatitudeDegrees>58.63418003327739</LatitudeDegrees><LongitudeDegrees>59.806483540042564</LongitudeDegrees></Position></Trackpoint><Trackpoint><Time>2026-07-27T12:15:56.000Z</Time><Position><LatitudeDegrees>58.63417578656363</LatitudeDegrees><LongitudeDegrees>59.806505756725144</LongitudeDegrees></Position></Trackpoint><Trackpoint><Time>2026-07-27T12:15:57.000Z</Time><Position><LatitudeDegrees>58.63417091518598</LatitudeDegrees><LongitudeDegrees>59.806526830717985</LongitudeDegrees></Position></Trackpoint><Trackpoint><Time>2026-07-27T12:15:58.000Z</Time><Position><LatitudeDegrees>58.63416641178487</LatitudeDegrees><LongitudeDegrees>59.80654815657234</LongitudeDegrees></Position></Trackpoint><Trackpoint><Time>2026-07-27T12:15:59.000Z</Time><Position><LatitudeDegrees>58.63416263793347</LatitudeDegrees><LongitudeDegrees>59.806569297063646</LongitudeDegrees></Position></Trackpoint><Trackpoint><Time>2026-07-27T12:16:00.000Z</Time><Position><LatitudeDegrees>58.63415964890309</LatitudeDegrees><LongitudeDegrees>59.80659058552992</LongitudeDegrees></Position></Trackpoint><Trackpoint><Time>2026-07-27T12:16:01.000Z</Time><Position><LatitudeDegrees>58.63415687711508</LatitudeDegrees><LongitudeDegrees>59.806612629869136</LongitudeDegrees></Position></Trackpoint><Trackpoint><Time>2026-07-27T12:16:02.000Z</Time><Position><LatitudeDegrees>58.634154060938904</LatitudeDegrees><LongitudeDegrees>59.8066355834188</LongitudeDegrees></Position></Trackpoint><Trackpoint><Time>2026-07-27T12:16:03.000Z</Time><Position><LatitudeDegrees>58.63415109832352</LatitudeDegrees><LongitudeDegrees>59.80665890302202</LongitudeDegrees></Position></Trackpoint><Trackpoint><Time>2026-07-27T12:16:04.000Z</Time><Position><LatitudeDegrees>58.634148455646795</LatitudeDegrees><LongitudeDegrees>59.80668231800624</LongitudeDegrees></Position></Trackpoint><Trackpoint><Time>2026-07-27T12:16:05.000Z</Time><Position><LatitudeDegrees>58.63414628391504</LatitudeDegrees><LongitudeDegrees>59.80670472543623</LongitudeDegrees></Position></Trackpoint><Trackpoint><Time>2026-07-27T12:16:06.000Z</Time><Position><LatitudeDegrees>58.6341445848726</LatitudeDegrees><LongitudeDegrees>59.80672580040455</LongitudeDegrees></Position></Trackpoint><Trackpoint><Time>2026-07-27T12:16:07.000Z</Time><Position><LatitudeDegrees>58.634143298568915</LatitudeDegrees><LongitudeDegrees>59.80674558012292</LongitudeDegrees></Position></Trackpoint><Trackpoint><Time>2026-07-27T12:16:08.000Z</Time><Position><LatitudeDegrees>58.63414185772932</LatitudeDegrees><LongitudeDegrees>59.80676522538098</LongitudeDegrees></Position></Trackpoint><Trackpoint><Time>2026-07-27T12:16:09.000Z</Time><Position><LatitudeDegrees>58.63413955895503</LatitudeDegrees><LongitudeDegrees>59.806784252267136</LongitudeDegrees></Position></Trackpoint><Trackpoint><Time>2026-07-27T12:16:10.000Z</Time><Position><LatitudeDegrees>58.63413769150944</LatitudeDegrees><LongitudeDegrees>59.80680303046819</LongitudeDegrees></Position></Trackpoint><Trackpoint><Time>2026-07-27T12:16:11.000Z</Time><Position><LatitudeDegrees>58.6341362413832</LatitudeDegrees><LongitudeDegrees>59.8068207649306</LongitudeDegrees></Position></Trackpoint><Trackpoint><Time>2026-07-27T12:16:12.000Z</Time><Position><LatitudeDegrees>58.63413465963389</LatitudeDegrees><LongitudeDegrees>59.80683726218708</LongitudeDegrees></Position></Trackpoint><Trackpoint><Time>2026-07-27T12:16:13.000Z</Time><Position><LatitudeDegrees>58.63413273708231</LatitudeDegrees><LongitudeDegrees>59.80685504940797</LongitudeDegrees></Position></Trackpoint><Trackpoint><Time>2026-07-27T12:16:14.000Z</Time><Position><LatitudeDegrees>58.6341314105442</LatitudeDegrees><LongitudeDegrees>59.80687353296944</LongitudeDegrees></Position></Trackpoint><Trackpoint><Time>2026-07-27T12:16:15.000Z</Time><Position><LatitudeDegrees>58.63413098933408</LatitudeDegrees><LongitudeDegrees>59.80689335824438</LongitudeDegrees></Position></Trackpoint><Trackpoint><Time>2026-07-27T12:16:16.000Z</Time><Position><LatitudeDegrees>58.634130995029906</LatitudeDegrees><LongitudeDegrees>59.80691461881197</LongitudeDegrees></Position></Trackpoint><Trackpoint><Time>2026-07-27T12:16:17.000Z</Time><Position><LatitudeDegrees>58.63413068619816</LatitudeDegrees><LongitudeDegrees>59.80693716899362</LongitudeDegrees></Position></Trackpoint><Trackpoint><Time>2026-07-27T12:16:18.000Z</Time><Position><LatitudeDegrees>58.634130287471564</LatitudeDegrees><LongitudeDegrees>59.80696029366337</LongitudeDegrees></Position></Trackpoint><Trackpoint><Time>2026-07-27T12:16:19.000Z</Time><Position><LatitudeDegrees>58.634129413288605</LatitudeDegrees><LongitudeDegrees>59.80698460379509</LongitudeDegrees></Position></Trackpoint><Trackpoint><Time>2026-07-27T12:16:20.000Z</Time><Position><LatitudeDegrees>58.6341279658863</LatitudeDegrees><LongitudeDegrees>59.80701019885591</LongitudeDegrees></Position></Trackpoint><Trackpoint><Time>2026-07-27T12:16:21.000Z</Time><Position><LatitudeDegrees>58.63412548896381</LatitudeDegrees><LongitudeDegrees>59.807035486059185</LongitudeDegrees></Position></Trackpoint><Trackpoint><Time>2026-07-27T12:16:22.000Z</Time><Position><LatitudeDegrees>58.634121926738594</LatitudeDegrees><LongitudeDegrees>59.80705886973404</LongitudeDegrees></Position></Trackpoint><Trackpoint><Time>2026-07-27T12:16:23.000Z</Time><Position><LatitudeDegrees>58.63411837475574</LatitudeDegrees><LongitudeDegrees>59.8070794474344</LongitudeDegrees></Position></Trackpoint><Trackpoint><Time>2026-07-27T12:16:24.000Z</Time><Position><LatitudeDegrees>58.634114793272026</LatitudeDegrees><LongitudeDegrees>59.80709671803481</LongitudeDegrees></Position></Trackpoint><Trackpoint><Time>2026-07-27T12:16:25.000Z</Time><Position><LatitudeDegrees>58.63411165931689</LatitudeDegrees><LongitudeDegrees>59.80711236844825</LongitudeDegrees></Position></Trackpoint><Trackpoint><Time>2026-07-27T12:16:26.000Z</Time><Position><LatitudeDegrees>58.63410911190734</LatitudeDegrees><LongitudeDegrees>59.80712730135026</LongitudeDegrees></Position></Trackpoint><Trackpoint><Time>2026-07-27T12:16:27.000Z</Time><Position><LatitudeDegrees>58.63410615379175</LatitudeDegrees><LongitudeDegrees>59.80714149097364</LongitudeDegrees></Position></Trackpoint><Trackpoint><Time>2026-07-27T12:16:28.000Z</Time><Position><LatitudeDegrees>58.63410193737151</LatitudeDegrees><LongitudeDegrees>59.807155511715884</LongitudeDegrees></Position></Trackpoint><Trackpoint><Time>2026-07-27T12:16:29.000Z</Time><Position><LatitudeDegrees>58.63409529585752</LatitudeDegrees><LongitudeDegrees>59.807169621808676</LongitudeDegrees></Position></Trackpoint><Trackpoint><Time>2026-07-27T12:16:30.000Z</Time><Position><LatitudeDegrees>58.63408752881608</LatitudeDegrees><LongitudeDegrees>59.80718538496429</LongitudeDegrees></Position></Trackpoint><Trackpoint><Time>2026-07-27T12:16:31.000Z</Time><Position><LatitudeDegrees>58.6340773574692</LatitudeDegrees><LongitudeDegrees>59.807201274560995</LongitudeDegrees></Position></Trackpoint><Trackpoint><Time>2026-07-27T12:16:32.000Z</Time><Position><LatitudeDegrees>58.63406603259428</LatitudeDegrees><LongitudeDegrees>59.80721517682468</LongitudeDegrees></Position></Trackpoint><Trackpoint><Time>2026-07-27T12:16:33.000Z</Time><Position><LatitudeDegrees>58.63405470696736</LatitudeDegrees><LongitudeDegrees>59.80722794513571</LongitudeDegrees></Position></Trackpoint><Trackpoint><Time>2026-07-27T12:16:34.000Z</Time><Position><LatitudeDegrees>58.63404385543657</LatitudeDegrees><LongitudeDegrees>59.80723909726445</LongitudeDegrees></Position></Trackpoint><Trackpoint><Time>2026-07-27T12:16:35.000Z</Time><Position><LatitudeDegrees>58.634033612710695</LatitudeDegrees><LongitudeDegrees>59.807249131657834</LongitudeDegrees></Position></Trackpoint><Trackpoint><Time>2026-07-27T12:16:36.000Z</Time><Position><LatitudeDegrees>58.6340239561281</LatitudeDegrees><LongitudeDegrees>59.80725839705256</LongitudeDegrees></Position></Trackpoint><Trackpoint><Time>2026-07-27T12:16:37.000Z</Time><Position><LatitudeDegrees>58.634014801125375</LatitudeDegrees><LongitudeDegrees>59.807268604601695</LongitudeDegrees></Position></Trackpoint><Trackpoint><Time>2026-07-27T12:16:38.000Z</Time><Position><LatitudeDegrees>58.634006048499465</LatitudeDegrees><LongitudeDegrees>59.80727935886982</LongitudeDegrees></Position></Trackpoint><Trackpoint><Time>2026-07-27T12:16:39.000Z</Time><Position><LatitudeDegrees>58.6339976057508</LatitudeDegrees><LongitudeDegrees>59.80729140605412</LongitudeDegrees></Position></Trackpoint><Trackpoint><Time>2026-07-27T12:16:40.000Z</Time><Position><LatitudeDegrees>58.633989395012684</LatitudeDegrees><LongitudeDegrees>59.807305377130255</LongitudeDegrees></Position></Trackpoint><Trackpoint><Time>2026-07-27T12:16:41.000Z</Time><Position><LatitudeDegrees>58.6339808648282</LatitudeDegrees><LongitudeDegrees>59.807321774637074</LongitudeDegrees></Position></Trackpoint><Trackpoint><Time>2026-07-27T12:16:42.000Z</Time><Position><LatitudeDegrees>58.63397231870008</LatitudeDegrees><LongitudeDegrees>59.80734049410812</LongitudeDegrees></Position></Trackpoint><Trackpoint><Time>2026-07-27T12:16:43.000Z</Time><Position><LatitudeDegrees>58.63396437327782</LatitudeDegrees><LongitudeDegrees>59.807360704889405</LongitudeDegrees></Position></Trackpoint><Trackpoint><Time>2026-07-27T12:16:44.000Z</Time><Position><LatitudeDegrees>58.63395671580795</LatitudeDegrees><LongitudeDegrees>59.80738187348251</LongitudeDegrees></Position></Trackpoint><Trackpoint><Time>2026-07-27T12:16:45.000Z</Time><Position><LatitudeDegrees>58.63394967014052</LatitudeDegrees><LongitudeDegrees>59.80740463646254</LongitudeDegrees></Position></Trackpoint><Trackpoint><Time>2026-07-27T12:16:46.000Z</Time><Position><LatitudeDegrees>58.633943780734484</LatitudeDegrees><LongitudeDegrees>59.807427092912725</LongitudeDegrees></Position></Trackpoint><Trackpoint><Time>2026-07-27T12:16:47.000Z</Time><Position><LatitudeDegrees>58.63393814419056</LatitudeDegrees><LongitudeDegrees>59.80744947853602</LongitudeDegrees></Position></Trackpoint><Trackpoint><Time>2026-07-27T12:16:48.000Z</Time><Position><LatitudeDegrees>58.63393284561495</LatitudeDegrees><LongitudeDegrees>59.80747238910392</LongitudeDegrees></Position></Trackpoint><Trackpoint><Time>2026-07-27T12:16:49.000Z</Time><Position><LatitudeDegrees>58.6339278766795</LatitudeDegrees><LongitudeDegrees>59.80749698182038</LongitudeDegrees></Position></Trackpoint><Trackpoint><Time>2026-07-27T12:16:50.000Z</Time><Position><LatitudeDegrees>58.63392270203496</LatitudeDegrees><LongitudeDegrees>59.80752302774873</LongitudeDegrees></Position></Trackpoint><Trackpoint><Time>2026-07-27T12:16:51.000Z</Time><Position><LatitudeDegrees>58.63391761721974</LatitudeDegrees><LongitudeDegrees>59.80755171491954</LongitudeDegrees></Position></Trackpoint><Trackpoint><Time>2026-07-27T12:16:52.000Z</Time><Position><LatitudeDegrees>58.63391273241694</LatitudeDegrees><LongitudeDegrees>59.80758319360393</LongitudeDegrees></Position></Trackpoint><Trackpoint><Time>2026-07-27T12:16:53.000Z</Time><Position><LatitudeDegrees>58.63390855694296</LatitudeDegrees><LongitudeDegrees>59.80761716740203</LongitudeDegrees></Position></Trackpoint><Trackpoint><Time>2026-07-27T12:16:54.000Z</Time><Position><LatitudeDegrees>58.63390569912064</LatitudeDegrees><LongitudeDegrees>59.80765221478117</LongitudeDegrees></Position></Trackpoint><Trackpoint><Time>2026-07-27T12:16:55.000Z</Time><Position><LatitudeDegrees>58.633903750748374</LatitudeDegrees><LongitudeDegrees>59.80768663329307</LongitudeDegrees></Position></Trackpoint><Trackpoint><Time>2026-07-27T12:16:56.000Z</Time><Position><LatitudeDegrees>58.633901937377985</LatitudeDegrees><LongitudeDegrees>59.80771833369505</LongitudeDegrees></Position></Trackpoint><Trackpoint><Time>2026-07-27T12:16:57.000Z</Time><Position><LatitudeDegrees>58.63389992273859</LatitudeDegrees><LongitudeDegrees>59.807745335600735</LongitudeDegrees></Position></Trackpoint><Trackpoint><Time>2026-07-27T12:16:58.000Z</Time><Position><LatitudeDegrees>58.63389808378583</LatitudeDegrees><LongitudeDegrees>59.80776889529773</LongitudeDegrees></Position></Trackpoint><Trackpoint><Time>2026-07-27T12:16:59.000Z</Time><Position><LatitudeDegrees>58.63389606360286</LatitudeDegrees><LongitudeDegrees>59.80779095119066</LongitudeDegrees></Position></Trackpoint><Trackpoint><Time>2026-07-27T12:17:00.000Z</Time><Position><LatitudeDegrees>58.63389373846006</LatitudeDegrees><LongitudeDegrees>59.80781249459018</LongitudeDegrees></Position></Trackpoint><Trackpoint><Time>2026-07-27T12:17:01.000Z</Time><Position><LatitudeDegrees>58.63389060693195</LatitudeDegrees><LongitudeDegrees>59.807834978750066</LongitudeDegrees></Position></Trackpoint><Trackpoint><Time>2026-07-27T12:17:02.000Z</Time><Position><LatitudeDegrees>58.63388656601313</LatitudeDegrees><LongitudeDegrees>59.807858881423506</LongitudeDegrees></Position></Trackpoint><Trackpoint><Time>2026-07-27T12:17:03.000Z</Time><Position><LatitudeDegrees>58.63388217961209</LatitudeDegrees><LongitudeDegrees>59.80788617574361</LongitudeDegrees></Position></Trackpoint><Trackpoint><Time>2026-07-27T12:17:04.000Z</Time><Position><LatitudeDegrees>58.633878213917875</LatitudeDegrees><LongitudeDegrees>59.80791674938906</LongitudeDegrees></Position></Trackpoint><Trackpoint><Time>2026-07-27T12:17:05.000Z</Time><Position><LatitudeDegrees>58.633875909696854</LatitudeDegrees><LongitudeDegrees>59.8079491559845</LongitudeDegrees></Position></Trackpoint><Trackpoint><Time>2026-07-27T12:17:06.000Z</Time><Position><LatitudeDegrees>58.6338750750798</LatitudeDegrees><LongitudeDegrees>59.80798158538674</LongitudeDegrees></Position></Trackpoint><Trackpoint><Time>2026-07-27T12:17:07.000Z</Time><Position><LatitudeDegrees>58.6338749528165</LatitudeDegrees><LongitudeDegrees>59.808012309969996</LongitudeDegrees></Position></Trackpoint><Trackpoint><Time>2026-07-27T12:17:08.000Z</Time><Position><LatitudeDegrees>58.633875139616535</LatitudeDegrees><LongitudeDegrees>59.80804083705129</LongitudeDegrees></Position></Trackpoint><Trackpoint><Time>2026-07-27T12:17:09.000Z</Time><Position><LatitudeDegrees>58.63387542972366</LatitudeDegrees><LongitudeDegrees>59.80806724577339</LongitudeDegrees></Position></Trackpoint><Trackpoint><Time>2026-07-27T12:17:10.000Z</Time><Position><LatitudeDegrees>58.63387572514128</LatitudeDegrees><LongitudeDegrees>59.808091840618125</LongitudeDegrees></Position></Trackpoint><Trackpoint><Time>2026-07-27T12:17:11.000Z</Time><Position><LatitudeDegrees>58.63387598482953</LatitudeDegrees><LongitudeDegrees>59.808115469400306</LongitudeDegrees></Position></Trackpoint><Trackpoint><Time>2026-07-27T12:17:12.000Z</Time><Position><LatitudeDegrees>58.63387668608326</LatitudeDegrees><LongitudeDegrees>59.808138115660384</LongitudeDegrees></Position></Trackpoint><Trackpoint><Time>2026-07-27T12:17:13.000Z</Time><Position><LatitudeDegrees>58.63387747918353</LatitudeDegrees><LongitudeDegrees>59.80816087794623</LongitudeDegrees></Position></Trackpoint><Trackpoint><Time>2026-07-27T12:17:14.000Z</Time><Position><LatitudeDegrees>58.63387820831605</LatitudeDegrees><LongitudeDegrees>59.808185662616616</LongitudeDegrees></Position></Trackpoint><Trackpoint><Time>2026-07-27T12:17:15.000Z</Time><Position><LatitudeDegrees>58.633878817521456</LatitudeDegrees><LongitudeDegrees>59.80821201598243</LongitudeDegrees></Position></Trackpoint><Trackpoint><Time>2026-07-27T12:17:16.000Z</Time><Position><LatitudeDegrees>58.63388027836753</LatitudeDegrees><LongitudeDegrees>59.80824052908091</LongitudeDegrees></Position></Trackpoint><Trackpoint><Time>2026-07-27T12:17:17.000Z</Time><Position><LatitudeDegrees>58.63388239206086</LatitudeDegrees><LongitudeDegrees>59.80827018890126</LongitudeDegrees></Position></Trackpoint><Trackpoint><Time>2026-07-27T12:17:18.000Z</Time><Position><LatitudeDegrees>58.633884503329135</LatitudeDegrees><LongitudeDegrees>59.80829896223997</LongitudeDegrees></Position></Trackpoint><Trackpoint><Time>2026-07-27T12:17:19.000Z</Time><Position><LatitudeDegrees>58.63388585300997</LatitudeDegrees><LongitudeDegrees>59.808325635923985</LongitudeDegrees></Position></Trackpoint><Trackpoint><Time>2026-07-27T12:17:20.000Z</Time><Position><LatitudeDegrees>58.63388671581422</LatitudeDegrees><LongitudeDegrees>59.808349490205075</LongitudeDegrees></Position></Trackpoint><Trackpoint><Time>2026-07-27T12:17:21.000Z</Time><Position><LatitudeDegrees>58.63388775697745</LatitudeDegrees><LongitudeDegrees>59.808370590533016</LongitudeDegrees></Position></Trackpoint><Trackpoint><Time>2026-07-27T12:17:22.000Z</Time><Position><LatitudeDegrees>58.63388873796313</LatitudeDegrees><LongitudeDegrees>59.80839029654916</LongitudeDegrees></Position></Trackpoint><Trackpoint><Time>2026-07-27T12:17:23.000Z</Time><Position><LatitudeDegrees>58.633889568257665</LatitudeDegrees><LongitudeDegrees>59.80840934715697</LongitudeDegrees></Position></Trackpoint><Trackpoint><Time>2026-07-27T12:17:24.000Z</Time><Position><LatitudeDegrees>58.63389071953613</LatitudeDegrees><LongitudeDegrees>59.80842911000342</LongitudeDegrees></Position></Trackpoint><Trackpoint><Time>2026-07-27T12:17:25.000Z</Time><Position><LatitudeDegrees>58.63389136563102</LatitudeDegrees><LongitudeDegrees>59.808451036137654</LongitudeDegrees></Position></Trackpoint><Trackpoint><Time>2026-07-27T12:17:26.000Z</Time><Position><LatitudeDegrees>58.63389123113855</LatitudeDegrees><LongitudeDegrees>59.80847495588475</LongitudeDegrees></Position></Trackpoint><Trackpoint><Time>2026-07-27T12:17:27.000Z</Time><Position><LatitudeDegrees>58.63389079243607</LatitudeDegrees><LongitudeDegrees>59.80850103310034</LongitudeDegrees></Position></Trackpoint><Trackpoint><Time>2026-07-27T12:17:28.000Z</Time><Position><LatitudeDegrees>58.63388979514595</LatitudeDegrees><LongitudeDegrees>59.80852856874722</LongitudeDegrees></Position></Trackpoint><Trackpoint><Time>2026-07-27T12:17:29.000Z</Time><Position><LatitudeDegrees>58.633888206200865</LatitudeDegrees><LongitudeDegrees>59.80855512930862</LongitudeDegrees></Position></Trackpoint><Trackpoint><Time>2026-07-27T12:17:30.000Z</Time><Position><LatitudeDegrees>58.633887067141856</LatitudeDegrees><LongitudeDegrees>59.808580816953175</LongitudeDegrees></Position></Trackpoint><Trackpoint><Time>2026-07-27T12:17:31.000Z</Time><Position><LatitudeDegrees>58.633885769946815</LatitudeDegrees><LongitudeDegrees>59.80860333774179</LongitudeDegrees></Position></Trackpoint><Trackpoint><Time>2026-07-27T12:17:32.000Z</Time><Position><LatitudeDegrees>58.63388408450848</LatitudeDegrees><LongitudeDegrees>59.80862264302564</LongitudeDegrees></Position></Trackpoint><Trackpoint><Time>2026-07-27T12:17:33.000Z</Time><Position><LatitudeDegrees>58.633881965891455</LatitudeDegrees><LongitudeDegrees>59.80863912547468</LongitudeDegrees></Position></Trackpoint><Trackpoint><Time>2026-07-27T12:17:34.000Z</Time><Position><LatitudeDegrees>58.63387945118767</LatitudeDegrees><LongitudeDegrees>59.80865526755254</LongitudeDegrees></Position></Trackpoint><Trackpoint><Time>2026-07-27T12:17:35.000Z</Time><Position><LatitudeDegrees>58.63387611689933</LatitudeDegrees><LongitudeDegrees>59.80867164569604</LongitudeDegrees></Position></Trackpoint><Trackpoint><Time>2026-07-27T12:17:36.000Z</Time><Position><LatitudeDegrees>58.63387238341898</LatitudeDegrees><LongitudeDegrees>59.80868944622365</LongitudeDegrees></Position></Trackpoint><Trackpoint><Time>2026-07-27T12:17:37.000Z</Time><Position><LatitudeDegrees>58.633867495892744</LatitudeDegrees><LongitudeDegrees>59.8087079959188</LongitudeDegrees></Position></Trackpoint><Trackpoint><Time>2026-07-27T12:17:38.000Z</Time><Position><LatitudeDegrees>58.63386080195605</LatitudeDegrees><LongitudeDegrees>59.80872594215269</LongitudeDegrees></Position></Trackpoint><Trackpoint><Time>2026-07-27T12:17:39.000Z</Time><Position><LatitudeDegrees>58.63385275440407</LatitudeDegrees><LongitudeDegrees>59.80874427415287</LongitudeDegrees></Position></Trackpoint><Trackpoint><Time>2026-07-27T12:17:40.000Z</Time><Position><LatitudeDegrees>58.633843713447426</LatitudeDegrees><LongitudeDegrees>59.80876432902495</LongitudeDegrees></Position></Trackpoint><Trackpoint><Time>2026-07-27T12:17:41.000Z</Time><Position><LatitudeDegrees>58.633834444545485</LatitudeDegrees><LongitudeDegrees>59.80878692591624</LongitudeDegrees></Position></Trackpoint><Trackpoint><Time>2026-07-27T12:17:42.000Z</Time><Position><LatitudeDegrees>58.633825781806976</LatitudeDegrees><LongitudeDegrees>59.80881158630397</LongitudeDegrees></Position></Trackpoint><Trackpoint><Time>2026-07-27T12:17:43.000Z</Time><Position><LatitudeDegrees>58.63381945977739</LatitudeDegrees><LongitudeDegrees>59.80883833788048</LongitudeDegrees></Position></Trackpoint><Trackpoint><Time>2026-07-27T12:17:44.000Z</Time><Position><LatitudeDegrees>58.63381540276335</LatitudeDegrees><LongitudeDegrees>59.8088669236495</LongitudeDegrees></Position></Trackpoint><Trackpoint><Time>2026-07-27T12:17:45.000Z</Time><Position><LatitudeDegrees>58.63381230965923</LatitudeDegrees><LongitudeDegrees>59.80889357508121</LongitudeDegrees></Position></Trackpoint><Trackpoint><Time>2026-07-27T12:17:46.000Z</Time><Position><LatitudeDegrees>58.63381001052059</LatitudeDegrees><LongitudeDegrees>59.80891796765988</LongitudeDegrees></Position></Trackpoint><Trackpoint><Time>2026-07-27T12:17:47.000Z</Time><Position><LatitudeDegrees>58.633808823064996</LatitudeDegrees><LongitudeDegrees>59.80894025765947</LongitudeDegrees></Position></Trackpoint><Trackpoint><Time>2026-07-27T12:17:48.000Z</Time><Position><LatitudeDegrees>58.63380922506691</LatitudeDegrees><LongitudeDegrees>59.80896224813352</LongitudeDegrees></Position></Trackpoint><Trackpoint><Time>2026-07-27T12:17:49.000Z</Time><Position><LatitudeDegrees>58.63381071967472</LatitudeDegrees><LongitudeDegrees>59.80898569930447</LongitudeDegrees></Position></Trackpoint><Trackpoint><Time>2026-07-27T12:17:50.000Z</Time><Position><LatitudeDegrees>58.63381247242342</LatitudeDegrees><LongitudeDegrees>59.809010169391165</LongitudeDegrees></Position></Trackpoint><Trackpoint><Time>2026-07-27T12:17:51.000Z</Time><Position><LatitudeDegrees>58.63381361690989</LatitudeDegrees><LongitudeDegrees>59.80903632489833</LongitudeDegrees></Position></Trackpoint><Trackpoint><Time>2026-07-27T12:17:52.000Z</Time><Position><LatitudeDegrees>58.63381338477934</LatitudeDegrees><LongitudeDegrees>59.809064223993666</LongitudeDegrees></Position></Trackpoint><Trackpoint><Time>2026-07-27T12:17:53.000Z</Time><Position><LatitudeDegrees>58.63381163628436</LatitudeDegrees><LongitudeDegrees>59.80909268762444</LongitudeDegrees></Position></Trackpoint><Trackpoint><Time>2026-07-27T12:17:54.000Z</Time><Position><LatitudeDegrees>58.63380899810601</LatitudeDegrees><LongitudeDegrees>59.80912017853891</LongitudeDegrees></Position></Trackpoint><Trackpoint><Time>2026-07-27T12:17:55.000Z</Time><Position><LatitudeDegrees>58.63380584252196</LatitudeDegrees><LongitudeDegrees>59.80914765732407</LongitudeDegrees></Position></Trackpoint><Trackpoint><Time>2026-07-27T12:17:56.000Z</Time><Position><LatitudeDegrees>58.63380336847804</LatitudeDegrees><LongitudeDegrees>59.80917405230659</LongitudeDegrees></Position></Trackpoint><Trackpoint><Time>2026-07-27T12:17:57.000Z</Time><Position><LatitudeDegrees>58.633800513433634</LatitudeDegrees><LongitudeDegrees>59.80919759240823</LongitudeDegrees></Position></Trackpoint><Trackpoint><Time>2026-07-27T12:17:58.000Z</Time><Position><LatitudeDegrees>58.63379786792114</LatitudeDegrees><LongitudeDegrees>59.80921742504894</LongitudeDegrees></Position></Trackpoint><Trackpoint><Time>2026-07-27T12:17:59.000Z</Time><Position><LatitudeDegrees>58.6337956482484</LatitudeDegrees><LongitudeDegrees>59.80923465417605</LongitudeDegrees></Position></Trackpoint><Trackpoint><Time>2026-07-27T12:18:00.000Z</Time><Position><LatitudeDegrees>58.63379388884231</LatitudeDegrees><LongitudeDegrees>59.809250068588916</LongitudeDegrees></Position></Trackpoint><Trackpoint><Time>2026-07-27T12:18:01.000Z</Time><Position><LatitudeDegrees>58.63379156558525</LatitudeDegrees><LongitudeDegrees>59.80926471566786</LongitudeDegrees></Position></Trackpoint><Trackpoint><Time>2026-07-27T12:18:02.000Z</Time><Position><LatitudeDegrees>58.633787839470216</LatitudeDegrees><LongitudeDegrees>59.80927912524517</LongitudeDegrees></Position></Trackpoint><Trackpoint><Time>2026-07-27T12:18:03.000Z</Time><Position><LatitudeDegrees>58.633782545020864</LatitudeDegrees><LongitudeDegrees>59.80929599405953</LongitudeDegrees></Position></Trackpoint><Trackpoint><Time>2026-07-27T12:18:04.000Z</Time><Position><LatitudeDegrees>58.63377532577122</LatitudeDegrees><LongitudeDegrees>59.80931562746788</LongitudeDegrees></Position></Trackpoint><Trackpoint><Time>2026-07-27T12:18:05.000Z</Time><Position><LatitudeDegrees>58.63376677157253</LatitudeDegrees><LongitudeDegrees>59.80933730678432</LongitudeDegrees></Position></Trackpoint><Trackpoint><Time>2026-07-27T12:18:06.000Z</Time><Position><LatitudeDegrees>58.633757786294524</LatitudeDegrees><LongitudeDegrees>59.80935900460897</LongitudeDegrees></Position></Trackpoint><Trackpoint><Time>2026-07-27T12:18:07.000Z</Time><Position><LatitudeDegrees>58.63374879750927</LatitudeDegrees><LongitudeDegrees>59.80937939400483</LongitudeDegrees></Position></Trackpoint><Trackpoint><Time>2026-07-27T12:18:08.000Z</Time><Position><LatitudeDegrees>58.63373949214474</LatitudeDegrees><LongitudeDegrees>59.809397117208604</LongitudeDegrees></Position></Trackpoint><Trackpoint><Time>2026-07-27T12:18:09.000Z</Time><Position><LatitudeDegrees>58.6337297818999</LatitudeDegrees><LongitudeDegrees>59.809412936471055</LongitudeDegrees></Position></Trackpoint><Trackpoint><Time>2026-07-27T12:18:10.000Z</Time><Position><LatitudeDegrees>58.633719192764595</LatitudeDegrees><LongitudeDegrees>59.80942643085921</LongitudeDegrees></Position></Trackpoint><Trackpoint><Time>2026-07-27T12:18:11.000Z</Time><Position><LatitudeDegrees>58.633707642329895</LatitudeDegrees><LongitudeDegrees>59.80943968385541</LongitudeDegrees></Position></Trackpoint><Trackpoint><Time>2026-07-27T12:18:12.000Z</Time><Position><LatitudeDegrees>58.63369522003838</LatitudeDegrees><LongitudeDegrees>59.809452605268206</LongitudeDegrees></Position></Trackpoint><Trackpoint><Time>2026-07-27T12:18:13.000Z</Time><Position><LatitudeDegrees>58.633682074626996</LatitudeDegrees><LongitudeDegrees>59.80946617973322</LongitudeDegrees></Position></Trackpoint><Trackpoint><Time>2026-07-27T12:18:14.000Z</Time><Position><LatitudeDegrees>58.6336683601619</LatitudeDegrees><LongitudeDegrees>59.809481218548605</LongitudeDegrees></Position></Trackpoint><Trackpoint><Time>2026-07-27T12:18:15.000Z</Time><Position><LatitudeDegrees>58.63365519235111</LatitudeDegrees><LongitudeDegrees>59.809496399054964</LongitudeDegrees></Position></Trackpoint><Trackpoint><Time>2026-07-27T12:18:16.000Z</Time><Position><LatitudeDegrees>58.63364247090751</LatitudeDegrees><LongitudeDegrees>59.80951066874063</LongitudeDegrees></Position></Trackpoint><Trackpoint><Time>2026-07-27T12:18:17.000Z</Time><Position><LatitudeDegrees>58.6336305868496</LatitudeDegrees><LongitudeDegrees>59.80952322143802</LongitudeDegrees></Position></Trackpoint><Trackpoint><Time>2026-07-27T12:18:18.000Z</Time><Position><LatitudeDegrees>58.63362008334526</LatitudeDegrees><LongitudeDegrees>59.809534435123915</LongitudeDegrees></Position></Trackpoint><Trackpoint><Time>2026-07-27T12:18:19.000Z</Time><Position><LatitudeDegrees>58.633610517286556</LatitudeDegrees><LongitudeDegrees>59.80954512693248</LongitudeDegrees></Position></Trackpoint><Trackpoint><Time>2026-07-27T12:18:20.000Z</Time><Position><LatitudeDegrees>58.63360158586715</LatitudeDegrees><LongitudeDegrees>59.809557169200815</LongitudeDegrees></Position></Trackpoint><Trackpoint><Time>2026-07-27T12:18:21.000Z</Time><Position><LatitudeDegrees>58.63359210370505</LatitudeDegrees><LongitudeDegrees>59.80957067007971</LongitudeDegrees></Position></Trackpoint><Trackpoint><Time>2026-07-27T12:18:22.000Z</Time><Position><LatitudeDegrees>58.63358263252865</LatitudeDegrees><LongitudeDegrees>59.80958450767756</LongitudeDegrees></Position></Trackpoint><Trackpoint><Time>2026-07-27T12:18:23.000Z</Time><Position><LatitudeDegrees>58.63357389187707</LatitudeDegrees><LongitudeDegrees>59.80959866635525</LongitudeDegrees></Position></Trackpoint><Trackpoint><Time>2026-07-27T12:18:24.000Z</Time><Position><LatitudeDegrees>58.633566084318744</LatitudeDegrees><LongitudeDegrees>59.80961309846195</LongitudeDegrees></Position></Trackpoint><Trackpoint><Time>2026-07-27T12:18:25.000Z</Time><Position><LatitudeDegrees>58.63355819429577</LatitudeDegrees><LongitudeDegrees>59.80962677005803</LongitudeDegrees></Position></Trackpoint><Trackpoint><Time>2026-07-27T12:18:26.000Z</Time><Position><LatitudeDegrees>58.63355030376238</LatitudeDegrees><LongitudeDegrees>59.80963886333243</LongitudeDegrees></Position></Trackpoint><Trackpoint><Time>2026-07-27T12:18:27.000Z</Time><Position><LatitudeDegrees>58.63354195692493</LatitudeDegrees><LongitudeDegrees>59.80965022327973</LongitudeDegrees></Position></Trackpoint><Trackpoint><Time>2026-07-27T12:18:28.000Z</Time><Position><LatitudeDegrees>58.633533514248974</LatitudeDegrees><LongitudeDegrees>59.80966276085015</LongitudeDegrees></Position></Trackpoint><Trackpoint><Time>2026-07-27T12:18:29.000Z</Time><Position><LatitudeDegrees>58.63352464687634</LatitudeDegrees><LongitudeDegrees>59.80967760150119</LongitudeDegrees></Position></Trackpoint><Trackpoint><Time>2026-07-27T12:18:30.000Z</Time><Position><LatitudeDegrees>58.63351429466021</LatitudeDegrees><LongitudeDegrees>59.80969491313687</LongitudeDegrees></Position></Trackpoint><Trackpoint><Time>2026-07-27T12:18:31.000Z</Time><Position><LatitudeDegrees>58.63350221157419</LatitudeDegrees><LongitudeDegrees>59.809713468537296</LongitudeDegrees></Position></Trackpoint><Trackpoint><Time>2026-07-27T12:18:32.000Z</Time><Position><LatitudeDegrees>58.633489008061545</LatitudeDegrees><LongitudeDegrees>59.80973260265705</LongitudeDegrees></Position></Trackpoint><Trackpoint><Time>2026-07-27T12:18:33.000Z</Time><Position><LatitudeDegrees>58.63347605854948</LatitudeDegrees><LongitudeDegrees>59.80975196733052</LongitudeDegrees></Position></Trackpoint><Trackpoint><Time>2026-07-27T12:18:34.000Z</Time><Position><LatitudeDegrees>58.63346487569359</LatitudeDegrees><LongitudeDegrees>59.80977138958027</LongitudeDegrees></Position></Trackpoint><Trackpoint><Time>2026-07-27T12:18:35.000Z</Time><Position><LatitudeDegrees>58.633455366097635</LatitudeDegrees><LongitudeDegrees>59.80978932194673</LongitudeDegrees></Position></Trackpoint><Trackpoint><Time>2026-07-27T12:18:36.000Z</Time><Position><LatitudeDegrees>58.63344776614816</LatitudeDegrees><LongitudeDegrees>59.80980531835873</LongitudeDegrees></Position></Trackpoint><Trackpoint><Time>2026-07-27T12:18:37.000Z</Time><Position><LatitudeDegrees>58.6334419280968</LatitudeDegrees><LongitudeDegrees>59.809819443586086</LongitudeDegrees></Position></Trackpoint><Trackpoint><Time>2026-07-27T12:18:38.000Z</Time><Position><LatitudeDegrees>58.63343707534827</LatitudeDegrees><LongitudeDegrees>59.80983196446691</LongitudeDegrees></Position></Trackpoint><Trackpoint><Time>2026-07-27T12:18:40.000Z</Time><Position><LatitudeDegrees>58.63343325122323</LatitudeDegrees><LongitudeDegrees>59.8098441760307</LongitudeDegrees></Position></Trackpoint><Trackpoint><Time>2026-07-27T12:18:41.000Z</Time><Position><LatitudeDegrees>58.633430341540304</LatitudeDegrees><LongitudeDegrees>59.809856161703564</LongitudeDegrees></Position></Trackpoint><Trackpoint><Time>2026-07-27T12:18:42.000Z</Time><Position><LatitudeDegrees>58.633428181908535</LatitudeDegrees><LongitudeDegrees>59.80986798483589</LongitudeDegrees></Position></Trackpoint><Trackpoint><Time>2026-07-27T12:18:43.000Z</Time><Position><LatitudeDegrees>58.63342562913707</LatitudeDegrees><LongitudeDegrees>59.80988018198995</LongitudeDegrees></Position></Trackpoint><Trackpoint><Time>2026-07-27T12:18:44.000Z</Time><Position><LatitudeDegrees>58.63342275249131</LatitudeDegrees><LongitudeDegrees>59.809889988471134</LongitudeDegrees></Position></Trackpoint><Trackpoint><Time>2026-07-27T12:18:45.000Z</Time><Position><LatitudeDegrees>58.63341815323396</LatitudeDegrees><LongitudeDegrees>59.809897062135875</LongitudeDegrees></Position></Trackpoint><Trackpoint><Time>2026-07-27T12:18:46.000Z</Time><Position><LatitudeDegrees>58.6334124556342</LatitudeDegrees><LongitudeDegrees>59.80990406088399</LongitudeDegrees></Position></Trackpoint><Trackpoint><Time>2026-07-27T12:18:47.000Z</Time><Position><LatitudeDegrees>58.63340556814685</LatitudeDegrees><LongitudeDegrees>59.8099125785533</LongitudeDegrees></Position></Trackpoint><Trackpoint><Time>2026-07-27T12:18:48.000Z</Time><Position><LatitudeDegrees>58.63339858501207</LatitudeDegrees><LongitudeDegrees>59.80992111814568</LongitudeDegrees></Position></Trackpoint><Trackpoint><Time>2026-07-27T12:18:49.000Z</Time><Position><LatitudeDegrees>58.6333909899294</LatitudeDegrees><LongitudeDegrees>59.809929060333566</LongitudeDegrees></Position></Trackpoint><Trackpoint><Time>2026-07-27T12:18:50.000Z</Time><Position><LatitudeDegrees>58.63338313842232</LatitudeDegrees><LongitudeDegrees>59.809937205954434</LongitudeDegrees></Position></Trackpoint><Trackpoint><Time>2026-07-27T12:18:51.000Z</Time><Position><LatitudeDegrees>58.633375699429536</LatitudeDegrees><LongitudeDegrees>59.80994585870953</LongitudeDegrees></Position></Trackpoint><Trackpoint><Time>2026-07-27T12:18:52.000Z</Time><Position><LatitudeDegrees>58.633368895496744</LatitudeDegrees><LongitudeDegrees>59.80995458897264</LongitudeDegrees></Position></Trackpoint><Trackpoint><Time>2026-07-27T12:18:53.000Z</Time><Position><LatitudeDegrees>58.633362247156064</LatitudeDegrees><LongitudeDegrees>59.809962720250695</LongitudeDegrees></Position></Trackpoint><Trackpoint><Time>2026-07-27T12:18:54.000Z</Time><Position><LatitudeDegrees>58.63335602658725</LatitudeDegrees><LongitudeDegrees>59.809969071598886</LongitudeDegrees></Position></Trackpoint><Trackpoint><Time>2026-07-27T12:18:55.000Z</Time><Position><LatitudeDegrees>58.63327407836914</LatitudeDegrees><LongitudeDegrees>59.810142517089844</LongitudeDegrees></Position></Trackpoint><Trackpoint><Time>2026-07-27T12:18:56.000Z</Time><Position><LatitudeDegrees>58.633341967598604</LatitudeDegrees><LongitudeDegrees>59.80999541759391</LongitudeDegrees></Position></Trackpoint><Trackpoint><Time>2026-07-27T12:18:57.000Z</Time><Position><LatitudeDegrees>58.63332550571595</LatitudeDegrees><LongitudeDegrees>59.810028575025164</LongitudeDegrees></Position></Trackpoint><Trackpoint><Time>2026-07-27T12:18:58.000Z</Time><Position><LatitudeDegrees>58.63331800086904</LatitudeDegrees><LongitudeDegrees>59.81004510399771</LongitudeDegrees></Position></Trackpoint><Trackpoint><Time>2026-07-27T12:19:00.000Z</Time><Position><LatitudeDegrees>58.63331465845326</LatitudeDegrees><LongitudeDegrees>59.810045808799174</LongitudeDegrees></Position></Trackpoint><Trackpoint><Time>2026-07-27T12:19:01.000Z</Time><Position><LatitudeDegrees>58.633312480038185</LatitudeDegrees><LongitudeDegrees>59.81004088544034</LongitudeDegrees></Position></Trackpoint><Trackpoint><Time>2026-07-27T12:19:02.000Z</Time><Position><LatitudeDegrees>58.63331155020432</LatitudeDegrees><LongitudeDegrees>59.81003427612306</LongitudeDegrees></Position></Trackpoint><Trackpoint><Time>2026-07-27T12:19:03.000Z</Time><Position><LatitudeDegrees>58.63331370197369</LatitudeDegrees><LongitudeDegrees>59.8100292895996</LongitudeDegrees></Position></Trackpoint><Trackpoint><Time>2026-07-27T12:19:04.000Z</Time><Position><LatitudeDegrees>58.633314398620605</LatitudeDegrees><LongitudeDegrees>59.810029528294436</LongitudeDegrees></Position></Trackpoint><Trackpoint><Time>2026-07-27T12:19:05.000Z</Time><Position><LatitudeDegrees>58.63331146892228</LatitudeDegrees><LongitudeDegrees>59.81003629476786</LongitudeDegrees></Position></Trackpoint><Trackpoint><Time>2026-07-27T12:19:06.000Z</Time><Position><LatitudeDegrees>58.633303994522066</LatitudeDegrees><LongitudeDegrees>59.810050266848386</LongitudeDegrees></Position></Trackpoint><Trackpoint><Time>2026-07-27T12:19:07.000Z</Time><Position><LatitudeDegrees>58.6332926701263</LatitudeDegrees><LongitudeDegrees>59.81007079885962</LongitudeDegrees></Position></Trackpoint><Trackpoint><Time>2026-07-27T12:19:08.000Z</Time><Position><LatitudeDegrees>58.633279255200556</LatitudeDegrees><LongitudeDegrees>59.81009433488023</LongitudeDegrees></Position></Trackpoint><Trackpoint><Time>2026-07-27T12:19:09.000Z</Time><Position><LatitudeDegrees>58.633266211499645</LatitudeDegrees><LongitudeDegrees>59.810117066460705</LongitudeDegrees></Position></Trackpoint><Trackpoint><Time>2026-07-27T12:19:10.000Z</Time><Position><LatitudeDegrees>58.633254015599526</LatitudeDegrees><LongitudeDegrees>59.81013899723506</LongitudeDegrees></Position></Trackpoint><Trackpoint><Time>2026-07-27T12:19:11.000Z</Time><Position><LatitudeDegrees>58.63324275495613</LatitudeDegrees><LongitudeDegrees>59.81016023148215</LongitudeDegrees></Position></Trackpoint><Trackpoint><Time>2026-07-27T12:19:12.000Z</Time><Position><LatitudeDegrees>58.633232835158545</LatitudeDegrees><LongitudeDegrees>59.8101804119351</LongitudeDegrees></Position></Trackpoint><Trackpoint><Time>2026-07-27T12:19:13.000Z</Time><Position><LatitudeDegrees>58.633223761535746</LatitudeDegrees><LongitudeDegrees>59.810200505933615</LongitudeDegrees></Position></Trackpoint><Trackpoint><Time>2026-07-27T12:19:14.000Z</Time><Position><LatitudeDegrees>58.63321473214983</LatitudeDegrees><LongitudeDegrees>59.81022092295673</LongitudeDegrees></Position></Trackpoint><Trackpoint><Time>2026-07-27T12:19:15.000Z</Time><Position><LatitudeDegrees>58.6332054110583</LatitudeDegrees><LongitudeDegrees>59.81024276940309</LongitudeDegrees></Position></Trackpoint><Trackpoint><Time>2026-07-27T12:19:16.000Z</Time><Position><LatitudeDegrees>58.63319618695942</LatitudeDegrees><LongitudeDegrees>59.810265827849626</LongitudeDegrees></Position></Trackpoint><Trackpoint><Time>2026-07-27T12:19:17.000Z</Time><Position><LatitudeDegrees>58.63318622826199</LatitudeDegrees><LongitudeDegrees>59.81028985319588</LongitudeDegrees></Position></Trackpoint><Trackpoint><Time>2026-07-27T12:19:18.000Z</Time><Position><LatitudeDegrees>58.63317626599489</LatitudeDegrees><LongitudeDegrees>59.81031413079058</LongitudeDegrees></Position></Trackpoint><Trackpoint><Time>2026-07-27T12:19:19.000Z</Time><Position><LatitudeDegrees>58.63316660167834</LatitudeDegrees><LongitudeDegrees>59.81033735471954</LongitudeDegrees></Position></Trackpoint><Trackpoint><Time>2026-07-27T12:19:20.000Z</Time><Position><LatitudeDegrees>58.63315732124693</LatitudeDegrees><LongitudeDegrees>59.81035863278956</LongitudeDegrees></Position></Trackpoint><Trackpoint><Time>2026-07-27T12:19:21.000Z</Time><Position><LatitudeDegrees>58.63314841082029</LatitudeDegrees><LongitudeDegrees>59.8103763784819</LongitudeDegrees></Position></Trackpoint><Trackpoint><Time>2026-07-27T12:19:22.000Z</Time><Position><LatitudeDegrees>58.63313981719249</LatitudeDegrees><LongitudeDegrees>59.810391371011804</LongitudeDegrees></Position></Trackpoint><Trackpoint><Time>2026-07-27T12:19:23.000Z</Time><Position><LatitudeDegrees>58.633131967401525</LatitudeDegrees><LongitudeDegrees>59.810405263871566</LongitudeDegrees></Position></Trackpoint><Trackpoint><Time>2026-07-27T12:19:24.000Z</Time><Position><LatitudeDegrees>58.633123962624296</LatitudeDegrees><LongitudeDegrees>59.810419858386695</LongitudeDegrees></Position></Trackpoint><Trackpoint><Time>2026-07-27T12:19:25.000Z</Time><Position><LatitudeDegrees>58.63311545258774</LatitudeDegrees><LongitudeDegrees>59.81043531673607</LongitudeDegrees></Position></Trackpoint><Trackpoint><Time>2026-07-27T12:19:26.000Z</Time><Position><LatitudeDegrees>58.63310537866575</LatitudeDegrees><LongitudeDegrees>59.81045159483855</LongitudeDegrees></Position></Trackpoint><Trackpoint><Time>2026-07-27T12:19:27.000Z</Time><Position><LatitudeDegrees>58.63309350560314</LatitudeDegrees><LongitudeDegrees>59.81046954854722</LongitudeDegrees></Position></Trackpoint><Trackpoint><Time>2026-07-27T12:19:28.000Z</Time><Position><LatitudeDegrees>58.63308045704156</LatitudeDegrees><LongitudeDegrees>59.81048833604816</LongitudeDegrees></Position></Trackpoint><Trackpoint><Time>2026-07-27T12:19:29.000Z</Time><Position><LatitudeDegrees>58.63306566146971</LatitudeDegrees><LongitudeDegrees>59.810508482859596</LongitudeDegrees></Position></Trackpoint><Trackpoint><Time>2026-07-27T12:19:30.000Z</Time><Position><LatitudeDegrees>58.633050576578164</LatitudeDegrees><LongitudeDegrees>59.81052807249953</LongitudeDegrees></Position></Trackpoint><Trackpoint><Time>2026-07-27T12:19:31.000Z</Time><Position><LatitudeDegrees>58.63303632943688</LatitudeDegrees><LongitudeDegrees>59.81054638720889</LongitudeDegrees></Position></Trackpoint><Trackpoint><Time>2026-07-27T12:19:32.000Z</Time><Position><LatitudeDegrees>58.63302327668686</LatitudeDegrees><LongitudeDegrees>59.810561826194096</LongitudeDegrees></Position></Trackpoint><Trackpoint><Time>2026-07-27T12:19:33.000Z</Time><Position><LatitudeDegrees>58.63301190151709</LatitudeDegrees><LongitudeDegrees>59.810574588900444</LongitudeDegrees></Position></Trackpoint><Trackpoint><Time>2026-07-27T12:19:34.000Z</Time><Position><LatitudeDegrees>58.63300120838476</LatitudeDegrees><LongitudeDegrees>59.81058608018373</LongitudeDegrees></Position></Trackpoint><Trackpoint><Time>2026-07-27T12:19:35.000Z</Time><Position><LatitudeDegrees>58.63299069975369</LatitudeDegrees><LongitudeDegrees>59.81059802101689</LongitudeDegrees></Position></Trackpoint><Trackpoint><Time>2026-07-27T12:19:36.000Z</Time><Position><LatitudeDegrees>58.632980147041415</LatitudeDegrees><LongitudeDegrees>59.8106110624549</LongitudeDegrees></Position></Trackpoint><Trackpoint><Time>2026-07-27T12:19:37.000Z</Time><Position><LatitudeDegrees>58.6329689721572</LatitudeDegrees><LongitudeDegrees>59.81062533136298</LongitudeDegrees></Position></Trackpoint><Trackpoint><Time>2026-07-27T12:19:38.000Z</Time><Position><LatitudeDegrees>58.632957016878834</LatitudeDegrees><LongitudeDegrees>59.81064121205511</LongitudeDegrees></Position></Trackpoint><Trackpoint><Time>2026-07-27T12:19:39.000Z</Time><Position><LatitudeDegrees>58.63294431620753</LatitudeDegrees><LongitudeDegrees>59.81065914554521</LongitudeDegrees></Position></Trackpoint><Trackpoint><Time>2026-07-27T12:19:40.000Z</Time><Position><LatitudeDegrees>58.63293146983864</LatitudeDegrees><LongitudeDegrees>59.810678560373375</LongitudeDegrees></Position></Trackpoint><Trackpoint><Time>2026-07-27T12:19:41.000Z</Time><Position><LatitudeDegrees>58.63291874344676</LatitudeDegrees><LongitudeDegrees>59.81069756223401</LongitudeDegrees></Position></Trackpoint><Trackpoint><Time>2026-07-27T12:19:42.000Z</Time><Position><LatitudeDegrees>58.63290721026793</LatitudeDegrees><LongitudeDegrees>59.810715423992654</LongitudeDegrees></Position></Trackpoint><Trackpoint><Time>2026-07-27T12:19:43.000Z</Time><Position><LatitudeDegrees>58.63289666953883</LatitudeDegrees><LongitudeDegrees>59.81073150291084</LongitudeDegrees></Position></Trackpoint><Trackpoint><Time>2026-07-27T12:19:44.000Z</Time><Position><LatitudeDegrees>58.63288740080963</LatitudeDegrees><LongitudeDegrees>59.8107457631123</LongitudeDegrees></Position></Trackpoint><Trackpoint><Time>2026-07-27T12:19:45.000Z</Time><Position><LatitudeDegrees>58.63287935594914</LatitudeDegrees><LongitudeDegrees>59.810758423251535</LongitudeDegrees></Position></Trackpoint><Trackpoint><Time>2026-07-27T12:19:46.000Z</Time><Position><LatitudeDegrees>58.63287186844303</LatitudeDegrees><LongitudeDegrees>59.810770268353934</LongitudeDegrees></Position></Trackpoint><Trackpoint><Time>2026-07-27T12:19:47.000Z</Time><Position><LatitudeDegrees>58.63286459226288</LatitudeDegrees><LongitudeDegrees>59.810783684770364</LongitudeDegrees></Position></Trackpoint><Trackpoint><Time>2026-07-27T12:19:48.000Z</Time><Position><LatitudeDegrees>58.632856868168645</LatitudeDegrees><LongitudeDegrees>59.8107994536039</LongitudeDegrees></Position></Trackpoint><Trackpoint><Time>2026-07-27T12:19:49.000Z</Time><Position><LatitudeDegrees>58.63284750293117</LatitudeDegrees><LongitudeDegrees>59.81081808422029</LongitudeDegrees></Position></Trackpoint><Trackpoint><Time>2026-07-27T12:19:50.000Z</Time><Position><LatitudeDegrees>58.63283719499837</LatitudeDegrees><LongitudeDegrees>59.810839419087834</LongitudeDegrees></Position></Trackpoint><Trackpoint><Time>2026-07-27T12:19:51.000Z</Time><Position><LatitudeDegrees>58.6328258633973</LatitudeDegrees><LongitudeDegrees>59.81086108780071</LongitudeDegrees></Position></Trackpoint><Trackpoint><Time>2026-07-27T12:19:52.000Z</Time><Position><LatitudeDegrees>58.63281507499872</LatitudeDegrees><LongitudeDegrees>59.81088305051944</LongitudeDegrees></Position></Trackpoint><Trackpoint><Time>2026-07-27T12:19:53.000Z</Time><Position><LatitudeDegrees>58.63280540537304</LatitudeDegrees><LongitudeDegrees>59.81090378426975</LongitudeDegrees></Position></Trackpoint><Trackpoint><Time>2026-07-27T12:19:54.000Z</Time><Position><LatitudeDegrees>58.632796947966554</LatitudeDegrees><LongitudeDegrees>59.810921350744415</LongitudeDegrees></Position></Trackpoint><Trackpoint><Time>2026-07-27T12:19:55.000Z</Time><Position><LatitudeDegrees>58.63278958567705</LatitudeDegrees><LongitudeDegrees>59.81093584780954</LongitudeDegrees></Position></Trackpoint><Trackpoint><Time>2026-07-27T12:19:56.000Z</Time><Position><LatitudeDegrees>58.63278264011072</LatitudeDegrees><LongitudeDegrees>59.810948688944954</LongitudeDegrees></Position></Trackpoint><Trackpoint><Time>2026-07-27T12:19:57.000Z</Time><Position><LatitudeDegrees>58.63277626800719</LatitudeDegrees><LongitudeDegrees>59.8109616480261</LongitudeDegrees></Position></Trackpoint><Trackpoint><Time>2026-07-27T12:19:58.000Z</Time><Position><LatitudeDegrees>58.63276948109275</LatitudeDegrees><LongitudeDegrees>59.810975440455884</LongitudeDegrees></Position></Trackpoint><Trackpoint><Time>2026-07-27T12:19:59.000Z</Time><Position><LatitudeDegrees>58.6327624152143</LatitudeDegrees><LongitudeDegrees>59.81098927468079</LongitudeDegrees></Position></Trackpoint><Trackpoint><Time>2026-07-27T12:20:00.000Z</Time><Position><LatitudeDegrees>58.632754672512114</LatitudeDegrees><LongitudeDegrees>59.8110037985696</LongitudeDegrees></Position></Trackpoint><Trackpoint><Time>2026-07-27T12:20:01.000Z</Time><Position><LatitudeDegrees>58.63274715522483</LatitudeDegrees><LongitudeDegrees>59.81101821119772</LongitudeDegrees></Position></Trackpoint><Trackpoint><Time>2026-07-27T12:20:02.000Z</Time><Position><LatitudeDegrees>58.63274020599274</LatitudeDegrees><LongitudeDegrees>59.81103023855536</LongitudeDegrees></Position></Trackpoint><Trackpoint><Time>2026-07-27T12:20:03.000Z</Time><Position><LatitudeDegrees>58.63273389301752</LatitudeDegrees><LongitudeDegrees>59.81104071910716</LongitudeDegrees></Position></Trackpoint><Trackpoint><Time>2026-07-27T12:20:04.000Z</Time><Position><LatitudeDegrees>58.63272718350306</LatitudeDegrees><LongitudeDegrees>59.81105068630164</LongitudeDegrees></Position></Trackpoint><Trackpoint><Time>2026-07-27T12:20:05.000Z</Time><Position><LatitudeDegrees>58.63272019261529</LatitudeDegrees><LongitudeDegrees>59.811060142025376</LongitudeDegrees></Position></Trackpoint><Trackpoint><Time>2026-07-27T12:20:06.000Z</Time><Position><LatitudeDegrees>58.63271251428662</LatitudeDegrees><LongitudeDegrees>59.811070131923046</LongitudeDegrees></Position></Trackpoint><Trackpoint><Time>2026-07-27T12:20:07.000Z</Time><Position><LatitudeDegrees>58.63270357990624</LatitudeDegrees><LongitudeDegrees>59.811081507676214</LongitudeDegrees></Position></Trackpoint><Trackpoint><Time>2026-07-27T12:20:08.000Z</Time><Position><LatitudeDegrees>58.63269429573485</LatitudeDegrees><LongitudeDegrees>59.81109444216328</LongitudeDegrees></Position></Trackpoint><Trackpoint><Time>2026-07-27T12:20:09.000Z</Time><Position><LatitudeDegrees>58.63268556950657</LatitudeDegrees><LongitudeDegrees>59.811108316909596</LongitudeDegrees></Position></Trackpoint><Trackpoint><Time>2026-07-27T12:20:10.000Z</Time><Position><LatitudeDegrees>58.63267721383483</LatitudeDegrees><LongitudeDegrees>59.81112177730457</LongitudeDegrees></Position></Trackpoint><Trackpoint><Time>2026-07-27T12:20:11.000Z</Time><Position><LatitudeDegrees>58.63266861437659</LatitudeDegrees><LongitudeDegrees>59.81113529787701</LongitudeDegrees></Position></Trackpoint><Trackpoint><Time>2026-07-27T12:20:12.000Z</Time><Position><LatitudeDegrees>58.63265954941453</LatitudeDegrees><LongitudeDegrees>59.81114857671938</LongitudeDegrees></Position></Trackpoint><Trackpoint><Time>2026-07-27T12:20:13.000Z</Time><Position><LatitudeDegrees>58.632649008163526</LatitudeDegrees><LongitudeDegrees>59.811160541300566</LongitudeDegrees></Position></Trackpoint><Trackpoint><Time>2026-07-27T12:20:14.000Z</Time><Position><LatitudeDegrees>58.632637743049266</LatitudeDegrees><LongitudeDegrees>59.81116944976804</LongitudeDegrees></Position></Trackpoint><Trackpoint><Time>2026-07-27T12:20:15.000Z</Time><Position><LatitudeDegrees>58.632626646463095</LatitudeDegrees><LongitudeDegrees>59.8111744874058</LongitudeDegrees></Position></Trackpoint><Trackpoint><Time>2026-07-27T12:20:16.000Z</Time><Position><LatitudeDegrees>58.63261606429121</LatitudeDegrees><LongitudeDegrees>59.811175325891156</LongitudeDegrees></Position></Trackpoint><Trackpoint><Time>2026-07-27T12:20:17.000Z</Time><Position><LatitudeDegrees>58.63260705217803</LatitudeDegrees><LongitudeDegrees>59.81117285857533</LongitudeDegrees></Position></Trackpoint><Trackpoint><Time>2026-07-27T12:20:18.000Z</Time><Position><LatitudeDegrees>58.63259886413722</LatitudeDegrees><LongitudeDegrees>59.811167877664744</LongitudeDegrees></Position></Trackpoint><Trackpoint><Time>2026-07-27T12:20:19.000Z</Time><Position><LatitudeDegrees>58.63259157678892</LatitudeDegrees><LongitudeDegrees>59.81116054242187</LongitudeDegrees></Position></Trackpoint><Trackpoint><Time>2026-07-27T12:20:20.000Z</Time><Position><LatitudeDegrees>58.632583637253475</LatitudeDegrees><LongitudeDegrees>59.81115122061128</LongitudeDegrees></Position></Trackpoint><Trackpoint><Time>2026-07-27T12:20:21.000Z</Time><Position><LatitudeDegrees>58.63257448971049</LatitudeDegrees><LongitudeDegrees>59.81114031866367</LongitudeDegrees></Position></Trackpoint><Trackpoint><Time>2026-07-27T12:20:22.000Z</Time><Position><LatitudeDegrees>58.63256503952178</LatitudeDegrees><LongitudeDegrees>59.81112918599017</LongitudeDegrees></Position></Trackpoint><Trackpoint><Time>2026-07-27T12:20:23.000Z</Time><Position><LatitudeDegrees>58.63255618800026</LatitudeDegrees><LongitudeDegrees>59.811119387157845</LongitudeDegrees></Position></Trackpoint><Trackpoint><Time>2026-07-27T12:20:24.000Z</Time><Position><LatitudeDegrees>58.63254822949862</LatitudeDegrees><LongitudeDegrees>59.81111286414295</LongitudeDegrees></Position></Trackpoint><Trackpoint><Time>2026-07-27T12:20:25.000Z</Time><Position><LatitudeDegrees>58.63254068101274</LatitudeDegrees><LongitudeDegrees>59.811109017048615</LongitudeDegrees></Position></Trackpoint><Trackpoint><Time>2026-07-27T12:20:26.000Z</Time><Position><LatitudeDegrees>58.63253329100053</LatitudeDegrees><LongitudeDegrees>59.811107744977576</LongitudeDegrees></Position></Trackpoint><Trackpoint><Time>2026-07-27T12:20:27.000Z</Time><Position><LatitudeDegrees>58.632524956307456</LatitudeDegrees><LongitudeDegrees>59.811109655097866</LongitudeDegrees></Position></Trackpoint><Trackpoint><Time>2026-07-27T12:20:28.000Z</Time><Position><LatitudeDegrees>58.63251534386607</LatitudeDegrees><LongitudeDegrees>59.81111507864271</LongitudeDegrees></Position></Trackpoint><Trackpoint><Time>2026-07-27T12:20:29.000Z</Time><Position><LatitudeDegrees>58.63250399089452</LatitudeDegrees><LongitudeDegrees>59.811123701082266</LongitudeDegrees></Position></Trackpoint><Trackpoint><Time>2026-07-27T12:20:30.000Z</Time><Position><LatitudeDegrees>58.6324904405876</LatitudeDegrees><LongitudeDegrees>59.81113351347752</LongitudeDegrees></Position></Trackpoint><Trackpoint><Time>2026-07-27T12:20:31.000Z</Time><Position><LatitudeDegrees>58.632476255674234</LatitudeDegrees><LongitudeDegrees>59.81114353575138</LongitudeDegrees></Position></Trackpoint><Trackpoint><Time>2026-07-27T12:20:32.000Z</Time><Position><LatitudeDegrees>58.63246363002092</LatitudeDegrees><LongitudeDegrees>59.81115284772718</LongitudeDegrees></Position></Trackpoint><Trackpoint><Time>2026-07-27T12:20:33.000Z</Time><Position><LatitudeDegrees>58.63245277739576</LatitudeDegrees><LongitudeDegrees>59.811162140832415</LongitudeDegrees></Position></Trackpoint><Trackpoint><Time>2026-07-27T12:20:34.000Z</Time><Position><LatitudeDegrees>58.6324430686595</LatitudeDegrees><LongitudeDegrees>59.81117170224199</LongitudeDegrees></Position></Trackpoint><Trackpoint><Time>2026-07-27T12:20:35.000Z</Time><Position><LatitudeDegrees>58.632434097895185</LatitudeDegrees><LongitudeDegrees>59.81118161578765</LongitudeDegrees></Position></Trackpoint><Trackpoint><Time>2026-07-27T12:20:36.000Z</Time><Position><LatitudeDegrees>58.63242560321511</LatitudeDegrees><LongitudeDegrees>59.8111923604086</LongitudeDegrees></Position></Trackpoint><Trackpoint><Time>2026-07-27T12:20:37.000Z</Time><Position><LatitudeDegrees>58.63241643643926</LatitudeDegrees><LongitudeDegrees>59.81120549551256</LongitudeDegrees></Position></Trackpoint><Trackpoint><Time>2026-07-27T12:20:38.000Z</Time><Position><LatitudeDegrees>58.632406210971276</LatitudeDegrees><LongitudeDegrees>59.81122086689015</LongitudeDegrees></Position></Trackpoint><Trackpoint><Time>2026-07-27T12:20:39.000Z</Time><Position><LatitudeDegrees>58.63239490347944</LatitudeDegrees><LongitudeDegrees>59.81123567595737</LongitudeDegrees></Position></Trackpoint><Trackpoint><Time>2026-07-27T12:20:40.000Z</Time><Position><LatitudeDegrees>58.63238313284169</LatitudeDegrees><LongitudeDegrees>59.81124982155692</LongitudeDegrees></Position></Trackpoint><Trackpoint><Time>2026-07-27T12:20:41.000Z</Time><Position><LatitudeDegrees>58.63237219259793</LatitudeDegrees><LongitudeDegrees>59.81126334718394</LongitudeDegrees></Position></Trackpoint><Trackpoint><Time>2026-07-27T12:20:42.000Z</Time><Position><LatitudeDegrees>58.632362019280585</LatitudeDegrees><LongitudeDegrees>59.811275860713074</LongitudeDegrees></Position></Trackpoint><Trackpoint><Time>2026-07-27T12:20:43.000Z</Time><Position><LatitudeDegrees>58.632351998707136</LatitudeDegrees><LongitudeDegrees>59.811287820165894</LongitudeDegrees></Position></Trackpoint><Trackpoint><Time>2026-07-27T12:20:44.000Z</Time><Position><LatitudeDegrees>58.632341858332296</LatitudeDegrees><LongitudeDegrees>59.8112994852858</LongitudeDegrees></Position></Trackpoint><Trackpoint><Time>2026-07-27T12:20:45.000Z</Time><Position><LatitudeDegrees>58.63233101167853</LatitudeDegrees><LongitudeDegrees>59.811312469652826</LongitudeDegrees></Position></Trackpoint><Trackpoint><Time>2026-07-27T12:20:46.000Z</Time><Position><LatitudeDegrees>58.63231881825405</LatitudeDegrees><LongitudeDegrees>59.81132628924844</LongitudeDegrees></Position></Trackpoint><Trackpoint><Time>2026-07-27T12:20:47.000Z</Time><Position><LatitudeDegrees>58.63230616636019</LatitudeDegrees><LongitudeDegrees>59.81134014792672</LongitudeDegrees></Position></Trackpoint><Trackpoint><Time>2026-07-27T12:20:48.000Z</Time><Position><LatitudeDegrees>58.632293480672914</LatitudeDegrees><LongitudeDegrees>59.8113556712345</LongitudeDegrees></Position></Trackpoint><Trackpoint><Time>2026-07-27T12:20:49.000Z</Time><Position><LatitudeDegrees>58.6322814300359</LatitudeDegrees><LongitudeDegrees>59.811370377309785</LongitudeDegrees></Position></Trackpoint><Trackpoint><Time>2026-07-27T12:20:50.000Z</Time><Position><LatitudeDegrees>58.63227069800417</LatitudeDegrees><LongitudeDegrees>59.81138432815083</LongitudeDegrees></Position></Trackpoint><Trackpoint><Time>2026-07-27T12:20:51.000Z</Time><Position><LatitudeDegrees>58.63226139684747</LatitudeDegrees><LongitudeDegrees>59.81139764622377</LongitudeDegrees></Position></Trackpoint><Trackpoint><Time>2026-07-27T12:20:52.000Z</Time><Position><LatitudeDegrees>58.63225338915158</LatitudeDegrees><LongitudeDegrees>59.81141046317905</LongitudeDegrees></Position></Trackpoint><Trackpoint><Time>2026-07-27T12:20:53.000Z</Time><Position><LatitudeDegrees>58.632245962700395</LatitudeDegrees><LongitudeDegrees>59.81142289755242</LongitudeDegrees></Position></Trackpoint><Trackpoint><Time>2026-07-27T12:20:54.000Z</Time><Position><LatitudeDegrees>58.632237770356454</LatitudeDegrees><LongitudeDegrees>59.81143651609652</LongitudeDegrees></Position></Trackpoint><Trackpoint><Time>2026-07-27T12:20:55.000Z</Time><Position><LatitudeDegrees>58.63222786601418</LatitudeDegrees><LongitudeDegrees>59.81145132245519</LongitudeDegrees></Position></Trackpoint><Trackpoint><Time>2026-07-27T12:20:56.000Z</Time><Position><LatitudeDegrees>58.63221656937877</LatitudeDegrees><LongitudeDegrees>59.811467655285504</LongitudeDegrees></Position></Trackpoint><Trackpoint><Time>2026-07-27T12:20:57.000Z</Time><Position><LatitudeDegrees>58.632204680424806</LatitudeDegrees><LongitudeDegrees>59.81148447891618</LongitudeDegrees></Position></Trackpoint><Trackpoint><Time>2026-07-27T12:20:58.000Z</Time><Position><LatitudeDegrees>58.6321926046317</LatitudeDegrees><LongitudeDegrees>59.81150130382975</LongitudeDegrees></Position></Trackpoint><Trackpoint><Time>2026-07-27T12:20:59.000Z</Time><Position><LatitudeDegrees>58.632181022580525</LatitudeDegrees><LongitudeDegrees>59.811517438651336</LongitudeDegrees></Position></Trackpoint><Trackpoint><Time>2026-07-27T12:21:00.000Z</Time><Position><LatitudeDegrees>58.632170151186244</LatitudeDegrees><LongitudeDegrees>59.81153317683258</LongitudeDegrees></Position></Trackpoint><Trackpoint><Time>2026-07-27T12:21:01.000Z</Time><Position><LatitudeDegrees>58.63215998856993</LatitudeDegrees><LongitudeDegrees>59.81154771091361</LongitudeDegrees></Position></Trackpoint><Trackpoint><Time>2026-07-27T12:21:02.000Z</Time><Position><LatitudeDegrees>58.6321504429872</LatitudeDegrees><LongitudeDegrees>59.81156184212119</LongitudeDegrees></Position></Trackpoint><Trackpoint><Time>2026-07-27T12:21:03.000Z</Time><Position><LatitudeDegrees>58.63214090784871</LatitudeDegrees><LongitudeDegrees>59.811575952135435</LongitudeDegrees></Position></Trackpoint><Trackpoint><Time>2026-07-27T12:21:04.000Z</Time><Position><LatitudeDegrees>58.63213113200023</LatitudeDegrees><LongitudeDegrees>59.81159069047568</LongitudeDegrees></Position></Trackpoint><Trackpoint><Time>2026-07-27T12:21:05.000Z</Time><Position><LatitudeDegrees>58.63212104290286</LatitudeDegrees><LongitudeDegrees>59.81160673360158</LongitudeDegrees></Position></Trackpoint><Trackpoint><Time>2026-07-27T12:21:06.000Z</Time><Position><LatitudeDegrees>58.63211016127704</LatitudeDegrees><LongitudeDegrees>59.81162272380266</LongitudeDegrees></Position></Trackpoint><Trackpoint><Time>2026-07-27T12:21:07.000Z</Time><Position><LatitudeDegrees>58.63209888106992</LatitudeDegrees><LongitudeDegrees>59.81163810872128</LongitudeDegrees></Position></Trackpoint><Trackpoint><Time>2026-07-27T12:21:08.000Z</Time><Position><LatitudeDegrees>58.63208790529</LatitudeDegrees><LongitudeDegrees>59.81165273856526</LongitudeDegrees></Position></Trackpoint><Trackpoint><Time>2026-07-27T12:21:09.000Z</Time><Position><LatitudeDegrees>58.63207699477623</LatitudeDegrees><LongitudeDegrees>59.811666158947226</LongitudeDegrees></Position></Trackpoint><Trackpoint><Time>2026-07-27T12:21:10.000Z</Time><Position><LatitudeDegrees>58.63206702187854</LatitudeDegrees><LongitudeDegrees>59.81167784835731</LongitudeDegrees></Position></Trackpoint><Trackpoint><Time>2026-07-27T12:21:11.000Z</Time><Position><LatitudeDegrees>58.63205773590751</LatitudeDegrees><LongitudeDegrees>59.81168830379861</LongitudeDegrees></Position></Trackpoint><Trackpoint><Time>2026-07-27T12:21:12.000Z</Time><Position><LatitudeDegrees>58.63204943506548</LatitudeDegrees><LongitudeDegrees>59.8116983779422</LongitudeDegrees></Position></Trackpoint><Trackpoint><Time>2026-07-27T12:21:13.000Z</Time><Position><LatitudeDegrees>58.63204211572232</LatitudeDegrees><LongitudeDegrees>59.81170651244299</LongitudeDegrees></Position></Trackpoint><Trackpoint><Time>2026-07-27T12:21:14.000Z</Time><Position><LatitudeDegrees>58.6320351607985</LatitudeDegrees><LongitudeDegrees>59.81171378330456</LongitudeDegrees></Position></Trackpoint><Trackpoint><Time>2026-07-27T12:21:15.000Z</Time><Position><LatitudeDegrees>58.632027779776806</LatitudeDegrees><LongitudeDegrees>59.81172123411849</LongitudeDegrees></Position></Trackpoint><Trackpoint><Time>2026-07-27T12:21:16.000Z</Time><Position><LatitudeDegrees>58.63201921217428</LatitudeDegrees><LongitudeDegrees>59.8117302507952</LongitudeDegrees></Position></Trackpoint><Trackpoint><Time>2026-07-27T12:21:17.000Z</Time><Position><LatitudeDegrees>58.632009786705154</LatitudeDegrees><LongitudeDegrees>59.811742182343956</LongitudeDegrees></Position></Trackpoint><Trackpoint><Time>2026-07-27T12:21:18.000Z</Time><Position><LatitudeDegrees>58.63199974885079</LatitudeDegrees><LongitudeDegrees>59.81175769982295</LongitudeDegrees></Position></Trackpoint><Trackpoint><Time>2026-07-27T12:21:19.000Z</Time><Position><LatitudeDegrees>58.631988788696695</LatitudeDegrees><LongitudeDegrees>59.81177612973699</LongitudeDegrees></Position></Trackpoint><Trackpoint><Time>2026-07-27T12:21:20.000Z</Time><Position><LatitudeDegrees>58.63197738659615</LatitudeDegrees><LongitudeDegrees>59.81179633130106</LongitudeDegrees></Position></Trackpoint><Trackpoint><Time>2026-07-27T12:21:21.000Z</Time><Position><LatitudeDegrees>58.63196628670842</LatitudeDegrees><LongitudeDegrees>59.81181711770262</LongitudeDegrees></Position></Trackpoint><Trackpoint><Time>2026-07-27T12:21:22.000Z</Time><Position><LatitudeDegrees>58.631955756714554</LatitudeDegrees><LongitudeDegrees>59.81183694588844</LongitudeDegrees></Position></Trackpoint><Trackpoint><Time>2026-07-27T12:21:23.000Z</Time><Position><LatitudeDegrees>58.63194632332014</LatitudeDegrees><LongitudeDegrees>59.81185481375267</LongitudeDegrees></Position></Trackpoint><Trackpoint><Time>2026-07-27T12:21:24.000Z</Time><Position><LatitudeDegrees>58.6319375730826</LatitudeDegrees><LongitudeDegrees>59.81187104980963</LongitudeDegrees></Position></Trackpoint><Trackpoint><Time>2026-07-27T12:21:25.000Z</Time><Position><LatitudeDegrees>58.631929248050355</LatitudeDegrees><LongitudeDegrees>59.81188746762433</LongitudeDegrees></Position></Trackpoint><Trackpoint><Time>2026-07-27T12:21:26.000Z</Time><Position><LatitudeDegrees>58.63192069780525</LatitudeDegrees><LongitudeDegrees>59.81190479075498</LongitudeDegrees></Position></Trackpoint><Trackpoint><Time>2026-07-27T12:21:27.000Z</Time><Position><LatitudeDegrees>58.631912172999755</LatitudeDegrees><LongitudeDegrees>59.81192369060167</LongitudeDegrees></Position></Trackpoint><Trackpoint><Time>2026-07-27T12:21:28.000Z</Time><Position><LatitudeDegrees>58.63190328398517</LatitudeDegrees><LongitudeDegrees>59.81194424130022</LongitudeDegrees></Position></Trackpoint><Trackpoint><Time>2026-07-27T12:21:29.000Z</Time><Position><LatitudeDegrees>58.631893917036834</LatitudeDegrees><LongitudeDegrees>59.811964792666046</LongitudeDegrees></Position></Trackpoint><Trackpoint><Time>2026-07-27T12:21:30.000Z</Time><Position><LatitudeDegrees>58.63188457627185</LatitudeDegrees><LongitudeDegrees>59.81198417540185</LongitudeDegrees></Position></Trackpoint><Trackpoint><Time>2026-07-27T12:21:31.000Z</Time><Position><LatitudeDegrees>58.631875465941846</LatitudeDegrees><LongitudeDegrees>59.81200156833327</LongitudeDegrees></Position></Trackpoint><Trackpoint><Time>2026-07-27T12:21:32.000Z</Time><Position><LatitudeDegrees>58.63186664058848</LatitudeDegrees><LongitudeDegrees>59.812016888661724</LongitudeDegrees></Position></Trackpoint><Trackpoint><Time>2026-07-27T12:21:33.000Z</Time><Position><LatitudeDegrees>58.631858086097495</LatitudeDegrees><LongitudeDegrees>59.812030857914046</LongitudeDegrees></Position></Trackpoint><Trackpoint><Time>2026-07-27T12:21:34.000Z</Time><Position><LatitudeDegrees>58.63184976189141</LatitudeDegrees><LongitudeDegrees>59.812044436258255</LongitudeDegrees></Position></Trackpoint><Trackpoint><Time>2026-07-27T12:21:35.000Z</Time><Position><LatitudeDegrees>58.631841621702335</LatitudeDegrees><LongitudeDegrees>59.812059048517256</LongitudeDegrees></Position></Trackpoint><Trackpoint><Time>2026-07-27T12:21:36.000Z</Time><Position><LatitudeDegrees>58.631832643636066</LatitudeDegrees><LongitudeDegrees>59.81207465916862</LongitudeDegrees></Position></Trackpoint><Trackpoint><Time>2026-07-27T12:21:37.000Z</Time><Position><LatitudeDegrees>58.63182300399339</LatitudeDegrees><LongitudeDegrees>59.812090146219646</LongitudeDegrees></Position></Trackpoint><Trackpoint><Time>2026-07-27T12:21:38.000Z</Time><Position><LatitudeDegrees>58.63181237068255</LatitudeDegrees><LongitudeDegrees>59.812106532292084</LongitudeDegrees></Position></Trackpoint><Trackpoint><Time>2026-07-27T12:21:39.000Z</Time><Position><LatitudeDegrees>58.63180024486228</LatitudeDegrees><LongitudeDegrees>59.81212265431579</LongitudeDegrees></Position></Trackpoint><Trackpoint><Time>2026-07-27T12:21:40.000Z</Time><Position><LatitudeDegrees>58.63178710226506</LatitudeDegrees><LongitudeDegrees>59.81213904641118</LongitudeDegrees></Position></Trackpoint><Trackpoint><Time>2026-07-27T12:21:41.000Z</Time><Position><LatitudeDegrees>58.631773269315154</LatitudeDegrees><LongitudeDegrees>59.81215491466233</LongitudeDegrees></Position></Trackpoint><Trackpoint><Time>2026-07-27T12:21:42.000Z</Time><Position><LatitudeDegrees>58.63175945866132</LatitudeDegrees><LongitudeDegrees>59.81216950973217</LongitudeDegrees></Position></Trackpoint><Trackpoint><Time>2026-07-27T12:21:43.000Z</Time><Position><LatitudeDegrees>58.63174596093441</LatitudeDegrees><LongitudeDegrees>59.812182686429615</LongitudeDegrees></Position></Trackpoint><Trackpoint><Time>2026-07-27T12:21:44.000Z</Time><Position><LatitudeDegrees>58.631733834883434</LatitudeDegrees><LongitudeDegrees>59.812195546227315</LongitudeDegrees></Position></Trackpoint><Trackpoint><Time>2026-07-27T12:21:45.000Z</Time><Position><LatitudeDegrees>58.631722361262774</LatitudeDegrees><LongitudeDegrees>59.81220907303266</LongitudeDegrees></Position></Trackpoint><Trackpoint><Time>2026-07-27T12:21:46.000Z</Time><Position><LatitudeDegrees>58.63171116012467</LatitudeDegrees><LongitudeDegrees>59.81222358644211</LongitudeDegrees></Position></Trackpoint><Trackpoint><Time>2026-07-27T12:21:47.000Z</Time><Position><LatitudeDegrees>58.631701019242456</LatitudeDegrees><LongitudeDegrees>59.81223762261513</LongitudeDegrees></Position></Trackpoint><Trackpoint><Time>2026-07-27T12:21:48.000Z</Time><Position><LatitudeDegrees>58.63169212696524</LatitudeDegrees><LongitudeDegrees>59.81225161916719</LongitudeDegrees></Position></Trackpoint><Trackpoint><Time>2026-07-27T12:21:49.000Z</Time><Position><LatitudeDegrees>58.63168391099428</LatitudeDegrees><LongitudeDegrees>59.81226478218699</LongitudeDegrees></Position></Trackpoint><Trackpoint><Time>2026-07-27T12:21:50.000Z</Time><Position><LatitudeDegrees>58.63167555922437</LatitudeDegrees><LongitudeDegrees>59.81227689169799</LongitudeDegrees></Position></Trackpoint><Trackpoint><Time>2026-07-27T12:21:51.000Z</Time><Position><LatitudeDegrees>58.63166724424371</LatitudeDegrees><LongitudeDegrees>59.812288971544</LongitudeDegrees></Position></Trackpoint><Trackpoint><Time>2026-07-27T12:21:52.000Z</Time><Position><LatitudeDegrees>58.63165854279741</LatitudeDegrees><LongitudeDegrees>59.81229997835365</LongitudeDegrees></Position></Trackpoint><Trackpoint><Time>2026-07-27T12:21:53.000Z</Time><Position><LatitudeDegrees>58.631648840566655</LatitudeDegrees><LongitudeDegrees>59.81231010976503</LongitudeDegrees></Position></Trackpoint><Trackpoint><Time>2026-07-27T12:21:54.000Z</Time><Position><LatitudeDegrees>58.63163850261426</LatitudeDegrees><LongitudeDegrees>59.81232004913875</LongitudeDegrees></Position></Trackpoint><Trackpoint><Time>2026-07-27T12:21:55.000Z</Time><Position><LatitudeDegrees>58.63162678165794</LatitudeDegrees><LongitudeDegrees>59.81233059216387</LongitudeDegrees></Position></Trackpoint><Trackpoint><Time>2026-07-27T12:21:56.000Z</Time><Position><LatitudeDegrees>58.63161403705901</LatitudeDegrees><LongitudeDegrees>59.81234198905392</LongitudeDegrees></Position></Trackpoint><Trackpoint><Time>2026-07-27T12:21:57.000Z</Time><Position><LatitudeDegrees>58.63160054819742</LatitudeDegrees><LongitudeDegrees>59.81235423326292</LongitudeDegrees></Position></Trackpoint><Trackpoint><Time>2026-07-27T12:21:58.000Z</Time><Position><LatitudeDegrees>58.63158652565613</LatitudeDegrees><LongitudeDegrees>59.81236623412167</LongitudeDegrees></Position></Trackpoint><Trackpoint><Time>2026-07-27T12:21:59.000Z</Time><Position><LatitudeDegrees>58.63157310387846</LatitudeDegrees><LongitudeDegrees>59.81237659446862</LongitudeDegrees></Position></Trackpoint><Trackpoint><Time>2026-07-27T12:22:00.000Z</Time><Position><LatitudeDegrees>58.631560672958884</LatitudeDegrees><LongitudeDegrees>59.81238592868449</LongitudeDegrees></Position></Trackpoint><Trackpoint><Time>2026-07-27T12:22:01.000Z</Time><Position><LatitudeDegrees>58.631549755986796</LatitudeDegrees><LongitudeDegrees>59.81239511110475</LongitudeDegrees></Position></Trackpoint><Trackpoint><Time>2026-07-27T12:22:02.000Z</Time><Position><LatitudeDegrees>58.63153988446438</LatitudeDegrees><LongitudeDegrees>59.812403542071394</LongitudeDegrees></Position></Trackpoint><Trackpoint><Time>2026-07-27T12:22:03.000Z</Time><Position><LatitudeDegrees>58.63153073126672</LatitudeDegrees><LongitudeDegrees>59.81241107107319</LongitudeDegrees></Position></Trackpoint><Trackpoint><Time>2026-07-27T12:22:04.000Z</Time><Position><LatitudeDegrees>58.63152255908759</LatitudeDegrees><LongitudeDegrees>59.81241824150105</LongitudeDegrees></Position></Trackpoint><Trackpoint><Time>2026-07-27T12:22:05.000Z</Time><Position><LatitudeDegrees>58.631514860590194</LatitudeDegrees><LongitudeDegrees>59.81242630238511</LongitudeDegrees></Position></Trackpoint><Trackpoint><Time>2026-07-27T12:22:06.000Z</Time><Position><LatitudeDegrees>58.63150687642935</LatitudeDegrees><LongitudeDegrees>59.81243614343956</LongitudeDegrees></Position></Trackpoint><Trackpoint><Time>2026-07-27T12:22:07.000Z</Time><Position><LatitudeDegrees>58.63149784093526</LatitudeDegrees><LongitudeDegrees>59.81244741298558</LongitudeDegrees></Position></Trackpoint><Trackpoint><Time>2026-07-27T12:22:08.000Z</Time><Position><LatitudeDegrees>58.63148855293783</LatitudeDegrees><LongitudeDegrees>59.812459293234745</LongitudeDegrees></Position></Trackpoint><Trackpoint><Time>2026-07-27T12:22:09.000Z</Time><Position><LatitudeDegrees>58.631479373830274</LatitudeDegrees><LongitudeDegrees>59.812471369011696</LongitudeDegrees></Position></Trackpoint><Trackpoint><Time>2026-07-27T12:22:10.000Z</Time><Position><LatitudeDegrees>58.63147043847052</LatitudeDegrees><LongitudeDegrees>59.81248393384829</LongitudeDegrees></Position></Trackpoint><Trackpoint><Time>2026-07-27T12:22:11.000Z</Time><Position><LatitudeDegrees>58.6314617711129</LatitudeDegrees><LongitudeDegrees>59.81249704586068</LongitudeDegrees></Position></Trackpoint><Trackpoint><Time>2026-07-27T12:22:12.000Z</Time><Position><LatitudeDegrees>58.631454326569724</LatitudeDegrees><LongitudeDegrees>59.812510658753844</LongitudeDegrees></Position></Trackpoint><Trackpoint><Time>2026-07-27T12:22:13.000Z</Time><Position><LatitudeDegrees>58.631447361896925</LatitudeDegrees><LongitudeDegrees>59.81252468917466</LongitudeDegrees></Position></Trackpoint><Trackpoint><Time>2026-07-27T12:22:14.000Z</Time><Position><LatitudeDegrees>58.63143953031348</LatitudeDegrees><LongitudeDegrees>59.81253904920649</LongitudeDegrees></Position></Trackpoint><Trackpoint><Time>2026-07-27T12:22:15.000Z</Time><Position><LatitudeDegrees>58.63143038843672</LatitudeDegrees><LongitudeDegrees>59.81255512916911</LongitudeDegrees></Position></Trackpoint><Trackpoint><Time>2026-07-27T12:22:16.000Z</Time><Position><LatitudeDegrees>58.63141992184105</LatitudeDegrees><LongitudeDegrees>59.81257279128145</LongitudeDegrees></Position></Trackpoint><Trackpoint><Time>2026-07-27T12:22:17.000Z</Time><Position><LatitudeDegrees>58.63140829461119</LatitudeDegrees><LongitudeDegrees>59.81259275495537</LongitudeDegrees></Position></Trackpoint><Trackpoint><Time>2026-07-27T12:22:18.000Z</Time><Position><LatitudeDegrees>58.63139621289896</LatitudeDegrees><LongitudeDegrees>59.812614041845485</LongitudeDegrees></Position></Trackpoint><Trackpoint><Time>2026-07-27T12:22:19.000Z</Time><Position><LatitudeDegrees>58.63138451546397</LatitudeDegrees><LongitudeDegrees>59.812635589593135</LongitudeDegrees></Position></Trackpoint><Trackpoint><Time>2026-07-27T12:22:20.000Z</Time><Position><LatitudeDegrees>58.63137398802461</LatitudeDegrees><LongitudeDegrees>59.81265545837106</LongitudeDegrees></Position></Trackpoint><Trackpoint><Time>2026-07-27T12:22:21.000Z</Time><Position><LatitudeDegrees>58.631364803998764</LatitudeDegrees><LongitudeDegrees>59.81267257517632</LongitudeDegrees></Position></Trackpoint><Trackpoint><Time>2026-07-27T12:22:22.000Z</Time><Position><LatitudeDegrees>58.63135637276997</LatitudeDegrees><LongitudeDegrees>59.81268685132204</LongitudeDegrees></Position></Trackpoint><Trackpoint><Time>2026-07-27T12:22:23.000Z</Time><Position><LatitudeDegrees>58.63134835448232</LatitudeDegrees><LongitudeDegrees>59.812699594099605</LongitudeDegrees></Position></Trackpoint><Trackpoint><Time>2026-07-27T12:22:24.000Z</Time><Position><LatitudeDegrees>58.631340066560824</LatitudeDegrees><LongitudeDegrees>59.81271251792191</LongitudeDegrees></Position></Trackpoint><Trackpoint><Time>2026-07-27T12:22:25.000Z</Time><Position><LatitudeDegrees>58.63133077289483</LatitudeDegrees><LongitudeDegrees>59.81272630560454</LongitudeDegrees></Position></Trackpoint><Trackpoint><Time>2026-07-27T12:22:26.000Z</Time><Position><LatitudeDegrees>58.63132029941519</LatitudeDegrees><LongitudeDegrees>59.81274210669981</LongitudeDegrees></Position></Trackpoint><Trackpoint><Time>2026-07-27T12:22:27.000Z</Time><Position><LatitudeDegrees>58.63130921547234</LatitudeDegrees><LongitudeDegrees>59.81275915699198</LongitudeDegrees></Position></Trackpoint><Trackpoint><Time>2026-07-27T12:22:28.000Z</Time><Position><LatitudeDegrees>58.63129783389582</LatitudeDegrees><LongitudeDegrees>59.812776981419</LongitudeDegrees></Position></Trackpoint><Trackpoint><Time>2026-07-27T12:22:29.000Z</Time><Position><LatitudeDegrees>58.63128681133071</LatitudeDegrees><LongitudeDegrees>59.812794795364816</LongitudeDegrees></Position></Trackpoint><Trackpoint><Time>2026-07-27T12:22:30.000Z</Time><Position><LatitudeDegrees>58.63127735134801</LatitudeDegrees><LongitudeDegrees>59.812811787433006</LongitudeDegrees></Position></Trackpoint><Trackpoint><Time>2026-07-27T12:22:31.000Z</Time><Position><LatitudeDegrees>58.631270728284555</LatitudeDegrees><LongitudeDegrees>59.812827728950204</LongitudeDegrees></Position></Trackpoint><Trackpoint><Time>2026-07-27T12:22:32.000Z</Time><Position><LatitudeDegrees>58.63126514439797</LatitudeDegrees><LongitudeDegrees>59.81284315018836</LongitudeDegrees></Position></Trackpoint><Trackpoint><Time>2026-07-27T12:22:33.000Z</Time><Position><LatitudeDegrees>58.631260215551855</LatitudeDegrees><LongitudeDegrees>59.81285588825505</LongitudeDegrees></Position></Trackpoint><Trackpoint><Time>2026-07-27T12:22:34.000Z</Time><Position><LatitudeDegrees>58.63125472025132</LatitudeDegrees><LongitudeDegrees>59.812865396780076</LongitudeDegrees></Position></Trackpoint><Trackpoint><Time>2026-07-27T12:22:35.000Z</Time><Position><LatitudeDegrees>58.63124871775823</LatitudeDegrees><LongitudeDegrees>59.81287137564611</LongitudeDegrees></Position></Trackpoint><Trackpoint><Time>2026-07-27T12:22:36.000Z</Time><Position><LatitudeDegrees>58.63124278718662</LatitudeDegrees><LongitudeDegrees>59.81287366467061</LongitudeDegrees></Position></Trackpoint><Trackpoint><Time>2026-07-27T12:22:37.000Z</Time><Position><LatitudeDegrees>58.631237647414565</LatitudeDegrees><LongitudeDegrees>59.81287365069187</LongitudeDegrees></Position></Trackpoint><Trackpoint><Time>2026-07-27T12:22:38.000Z</Time><Position><LatitudeDegrees>58.63123300339147</LatitudeDegrees><LongitudeDegrees>59.81287269005375</LongitudeDegrees></Position></Trackpoint><Trackpoint><Time>2026-07-27T12:22:39.000Z</Time><Position><LatitudeDegrees>58.63122624609993</LatitudeDegrees><LongitudeDegrees>59.81286900221714</LongitudeDegrees></Position></Trackpoint><Trackpoint><Time>2026-07-27T12:22:40.000Z</Time><Position><LatitudeDegrees>58.63122433353635</LatitudeDegrees><LongitudeDegrees>59.81286811698371</LongitudeDegrees></Position></Trackpoint><Trackpoint><Time>2026-07-27T12:22:41.000Z</Time><Position><LatitudeDegrees>58.63122223779083</LatitudeDegrees><LongitudeDegrees>59.81286603894506</LongitudeDegrees></Position></Trackpoint><Trackpoint><Time>2026-07-27T12:22:42.000Z</Time><Position><LatitudeDegrees>58.63121984598002</LatitudeDegrees><LongitudeDegrees>59.81286275716132</LongitudeDegrees></Position></Trackpoint><Trackpoint><Time>2026-07-27T12:22:43.000Z</Time><Position><LatitudeDegrees>58.63121666000371</LatitudeDegrees><LongitudeDegrees>59.812857932015326</LongitudeDegrees></Position></Trackpoint><Trackpoint><Time>2026-07-27T12:22:44.000Z</Time><Position><LatitudeDegrees>58.63121159743632</LatitudeDegrees><LongitudeDegrees>59.81285162172962</LongitudeDegrees></Position></Trackpoint><Trackpoint><Time>2026-07-27T12:22:45.000Z</Time><Position><LatitudeDegrees>58.631205432577765</LatitudeDegrees><LongitudeDegrees>59.81284599934009</LongitudeDegrees></Position></Trackpoint><Trackpoint><Time>2026-07-27T12:22:46.000Z</Time><Position><LatitudeDegrees>58.63119862578798</LatitudeDegrees><LongitudeDegrees>59.812841381874335</LongitudeDegrees></Position></Trackpoint><Trackpoint><Time>2026-07-27T12:22:47.000Z</Time><Position><LatitudeDegrees>58.6311904698282</LatitudeDegrees><LongitudeDegrees>59.8128367916932</LongitudeDegrees></Position></Trackpoint><Trackpoint><Time>2026-07-27T12:22:48.000Z</Time><Position><LatitudeDegrees>58.63118231542968</LatitudeDegrees><LongitudeDegrees>59.812834760334056</LongitudeDegrees></Position></Trackpoint><Trackpoint><Time>2026-07-27T12:22:49.000Z</Time><Position><LatitudeDegrees>58.63117324983639</LatitudeDegrees><LongitudeDegrees>59.8128389396112</LongitudeDegrees></Position></Trackpoint><Trackpoint><Time>2026-07-27T12:22:50.000Z</Time><Position><LatitudeDegrees>58.63116301409539</LatitudeDegrees><LongitudeDegrees>59.812845629842194</LongitudeDegrees></Position></Trackpoint><Trackpoint><Time>2026-07-27T12:22:51.000Z</Time><Position><LatitudeDegrees>58.6311506725267</LatitudeDegrees><LongitudeDegrees>59.81285445392917</LongitudeDegrees></Position></Trackpoint><Trackpoint><Time>2026-07-27T12:22:52.000Z</Time><Position><LatitudeDegrees>58.63113708928712</LatitudeDegrees><LongitudeDegrees>59.812863513861615</LongitudeDegrees></Position></Trackpoint><Trackpoint><Time>2026-07-27T12:22:53.000Z</Time><Position><LatitudeDegrees>58.63112375885306</LatitudeDegrees><LongitudeDegrees>59.81287052887324</LongitudeDegrees></Position></Trackpoint><Trackpoint><Time>2026-07-27T12:22:54.000Z</Time><Position><LatitudeDegrees>58.63110930581006</LatitudeDegrees><LongitudeDegrees>59.81287629096278</LongitudeDegrees></Position></Trackpoint><Trackpoint><Time>2026-07-27T12:22:55.000Z</Time><Position><LatitudeDegrees>58.631093797412355</LatitudeDegrees><LongitudeDegrees>59.81287981828051</LongitudeDegrees></Position></Trackpoint><Trackpoint><Time>2026-07-27T12:22:56.000Z</Time><Position><LatitudeDegrees>58.63107739681067</LatitudeDegrees><LongitudeDegrees>59.8128795244657</LongitudeDegrees></Position></Trackpoint><Trackpoint><Time>2026-07-27T12:22:57.000Z</Time><Position><LatitudeDegrees>58.63106028570893</LatitudeDegrees><LongitudeDegrees>59.81287426741744</LongitudeDegrees></Position></Trackpoint><Trackpoint><Time>2026-07-27T12:22:58.000Z</Time><Position><LatitudeDegrees>58.63107681274414</LatitudeDegrees><LongitudeDegrees>59.8124885559082</LongitudeDegrees></Position></Trackpoint><Trackpoint><Time>2026-07-27T12:22:59.000Z</Time><Position><LatitudeDegrees>58.63105633922781</LatitudeDegrees><LongitudeDegrees>59.8128206384589</LongitudeDegrees></Position></Trackpoint><Trackpoint><Time>2026-07-27T12:23:00.000Z</Time><Position><LatitudeDegrees>58.6310920715332</LatitudeDegrees><LongitudeDegrees>59.812461853027344</LongitudeDegrees></Position></Trackpoint><Trackpoint><Time>2026-07-27T12:23:01.000Z</Time><Position><LatitudeDegrees>58.631073240529204</LatitudeDegrees><LongitudeDegrees>59.81268936757388</LongitudeDegrees></Position></Trackpoint><Trackpoint><Time>2026-07-27T12:23:02.000Z</Time><Position><LatitudeDegrees>58.63107308406853</LatitudeDegrees><LongitudeDegrees>59.812666791769765</LongitudeDegrees></Position></Trackpoint><Trackpoint><Time>2026-07-27T12:23:03.000Z</Time><Position><LatitudeDegrees>58.63109200641037</LatitudeDegrees><LongitudeDegrees>59.81256195242517</LongitudeDegrees></Position></Trackpoint><Trackpoint><Time>2026-07-27T12:23:04.000Z</Time><Position><LatitudeDegrees>58.63108525721596</LatitudeDegrees><LongitudeDegrees>59.812613936621716</LongitudeDegrees></Position></Trackpoint><Trackpoint><Time>2026-07-27T12:23:05.000Z</Time><Position><LatitudeDegrees>58.63109799967997</LatitudeDegrees><LongitudeDegrees>59.81256922213575</LongitudeDegrees></Position></Trackpoint><Trackpoint><Time>2026-07-27T12:23:06.000Z</Time><Position><LatitudeDegrees>58.63111178918467</LatitudeDegrees><LongitudeDegrees>59.812530661618766</LongitudeDegrees></Position></Trackpoint><Trackpoint><Time>2026-07-27T12:23:07.000Z</Time><Position><LatitudeDegrees>58.63112570886545</LatitudeDegrees><LongitudeDegrees>59.81249860547417</LongitudeDegrees></Position></Trackpoint><Trackpoint><Time>2026-07-27T12:23:08.000Z</Time><Position><LatitudeDegrees>58.63113936441898</LatitudeDegrees><LongitudeDegrees>59.812473832015264</LongitudeDegrees></Position></Trackpoint><Trackpoint><Time>2026-07-27T12:23:09.000Z</Time><Position><LatitudeDegrees>58.63115262735833</LatitudeDegrees><LongitudeDegrees>59.812455237445135</LongitudeDegrees></Position></Trackpoint><Trackpoint><Time>2026-07-27T12:23:10.000Z</Time><Position><LatitudeDegrees>58.63116500554913</LatitudeDegrees><LongitudeDegrees>59.81244157413238</LongitudeDegrees></Position></Trackpoint><Trackpoint><Time>2026-07-27T12:23:11.000Z</Time><Position><LatitudeDegrees>58.63117689948078</LatitudeDegrees><LongitudeDegrees>59.8124302265095</LongitudeDegrees></Position></Trackpoint><Trackpoint><Time>2026-07-27T12:23:12.000Z</Time><Position><LatitudeDegrees>58.63118804663147</LatitudeDegrees><LongitudeDegrees>59.812419820183294</LongitudeDegrees></Position></Trackpoint><Trackpoint><Time>2026-07-27T12:23:13.000Z</Time><Position><LatitudeDegrees>58.63119843473419</LatitudeDegrees><LongitudeDegrees>59.81240966831881</LongitudeDegrees></Position></Trackpoint><Trackpoint><Time>2026-07-27T12:23:14.000Z</Time><Position><LatitudeDegrees>58.63120913538086</LatitudeDegrees><LongitudeDegrees>59.81240092422657</LongitudeDegrees></Position></Trackpoint><Trackpoint><Time>2026-07-27T12:23:15.000Z</Time><Position><LatitudeDegrees>58.631219570552986</LatitudeDegrees><LongitudeDegrees>59.812396330246</LongitudeDegrees></Position></Trackpoint><Trackpoint><Time>2026-07-27T12:23:16.000Z</Time><Position><LatitudeDegrees>58.63122806744468</LatitudeDegrees><LongitudeDegrees>59.81239746232459</LongitudeDegrees></Position></Trackpoint><Trackpoint><Time>2026-07-27T12:23:17.000Z</Time><Position><LatitudeDegrees>58.63123467552467</LatitudeDegrees><LongitudeDegrees>59.812403255337806</LongitudeDegrees></Position></Trackpoint><Trackpoint><Time>2026-07-27T12:23:18.000Z</Time><Position><LatitudeDegrees>58.63124014720257</LatitudeDegrees><LongitudeDegrees>59.81241512046105</LongitudeDegrees></Position></Trackpoint><Trackpoint><Time>2026-07-27T12:23:19.000Z</Time><Position><LatitudeDegrees>58.631244448590614</LatitudeDegrees><LongitudeDegrees>59.81243481795974</LongitudeDegrees></Position></Trackpoint><Trackpoint><Time>2026-07-27T12:23:20.000Z</Time><Position><LatitudeDegrees>58.63124722632701</LatitudeDegrees><LongitudeDegrees>59.8124630467176</LongitudeDegrees></Position></Trackpoint><Trackpoint><Time>2026-07-27T12:23:21.000Z</Time><Position><LatitudeDegrees>58.63124902005459</LatitudeDegrees><LongitudeDegrees>59.81249802036281</LongitudeDegrees></Position></Trackpoint><Trackpoint><Time>2026-07-27T12:23:22.000Z</Time><Position><LatitudeDegrees>58.631252626365395</LatitudeDegrees><LongitudeDegrees>59.812544012839226</LongitudeDegrees></Position></Trackpoint><Trackpoint><Time>2026-07-27T12:25:09.000Z</Time><Position><LatitudeDegrees>58.63127136230469</LatitudeDegrees><LongitudeDegrees>59.812896728515625</LongitudeDegrees></Position></Trackpoint><Trackpoint><Time>2026-07-27T12:25:10.000Z</Time><Position><LatitudeDegrees>58.63125455785141</LatitudeDegrees><LongitudeDegrees>59.81261507914648</LongitudeDegrees></Position></Trackpoint><Trackpoint><Time>2026-07-27T12:25:11.000Z</Time><Position><LatitudeDegrees>58.63125261402171</LatitudeDegrees><LongitudeDegrees>59.81268735044048</LongitudeDegrees></Position></Trackpoint><Trackpoint><Time>2026-07-27T12:25:12.000Z</Time><Position><LatitudeDegrees>58.63124834447413</LatitudeDegrees><LongitudeDegrees>59.81274888363454</LongitudeDegrees></Position></Trackpoint><Trackpoint><Time>2026-07-27T12:25:13.000Z</Time><Position><LatitudeDegrees>58.63124072744462</LatitudeDegrees><LongitudeDegrees>59.81280005527114</LongitudeDegrees></Position></Trackpoint><Trackpoint><Time>2026-07-27T12:25:14.000Z</Time><Position><LatitudeDegrees>58.63123124061278</LatitudeDegrees><LongitudeDegrees>59.81284088148138</LongitudeDegrees></Position></Trackpoint><Trackpoint><Time>2026-07-27T12:25:15.000Z</Time><Position><LatitudeDegrees>58.63122073252263</LatitudeDegrees><LongitudeDegrees>59.81287318633901</LongitudeDegrees></Position></Trackpoint><Trackpoint><Time>2026-07-27T12:25:16.000Z</Time><Position><LatitudeDegrees>58.631209683709855</LatitudeDegrees><LongitudeDegrees>59.81289930437177</LongitudeDegrees></Position></Trackpoint><Trackpoint><Time>2026-07-27T12:25:17.000Z</Time><Position><LatitudeDegrees>58.63119787186539</LatitudeDegrees><LongitudeDegrees>59.81292001186438</LongitudeDegrees></Position></Trackpoint><Trackpoint><Time>2026-07-27T12:25:18.000Z</Time><Position><LatitudeDegrees>58.63118579297953</LatitudeDegrees><LongitudeDegrees>59.81293681256204</LongitudeDegrees></Position></Trackpoint><Trackpoint><Time>2026-07-27T12:25:19.000Z</Time><Position><LatitudeDegrees>58.631174175202595</LatitudeDegrees><LongitudeDegrees>59.81295033757778</LongitudeDegrees></Position></Trackpoint><Trackpoint><Time>2026-07-27T12:25:21.000Z</Time><Position><LatitudeDegrees>58.63116374883916</LatitudeDegrees><LongitudeDegrees>59.81296077764317</LongitudeDegrees></Position></Trackpoint><Trackpoint><Time>2026-07-27T12:25:22.000Z</Time><Position><LatitudeDegrees>58.631155151347485</LatitudeDegrees><LongitudeDegrees>59.81296909686716</LongitudeDegrees></Position></Trackpoint><Trackpoint><Time>2026-07-27T12:25:23.000Z</Time><Position><LatitudeDegrees>58.631148410521234</LatitudeDegrees><LongitudeDegrees>59.812976943729986</LongitudeDegrees></Position></Trackpoint><Trackpoint><Time>2026-07-27T12:25:24.000Z</Time><Position><LatitudeDegrees>58.63114232028533</LatitudeDegrees><LongitudeDegrees>59.81298554736826</LongitudeDegrees></Position></Trackpoint><Trackpoint><Time>2026-07-27T12:25:25.000Z</Time><Position><LatitudeDegrees>58.63113630043554</LatitudeDegrees><LongitudeDegrees>59.81299580646103</LongitudeDegrees></Position></Trackpoint><Trackpoint><Time>2026-07-27T12:25:26.000Z</Time><Position><LatitudeDegrees>58.631129123769234</LatitudeDegrees><LongitudeDegrees>59.81300885786048</LongitudeDegrees></Position></Trackpoint><Trackpoint><Time>2026-07-27T12:25:27.000Z</Time><Position><LatitudeDegrees>58.63112043335909</LatitudeDegrees><LongitudeDegrees>59.81302530098253</LongitudeDegrees></Position></Trackpoint><Trackpoint><Time>2026-07-27T12:25:28.000Z</Time><Position><LatitudeDegrees>58.63111076610788</LatitudeDegrees><LongitudeDegrees>59.81304396814294</LongitudeDegrees></Position></Trackpoint><Trackpoint><Time>2026-07-27T12:25:29.000Z</Time><Position><LatitudeDegrees>58.63109997889553</LatitudeDegrees><LongitudeDegrees>59.813064582609066</LongitudeDegrees></Position></Trackpoint><Trackpoint><Time>2026-07-27T12:25:30.000Z</Time><Position><LatitudeDegrees>58.63108913574697</LatitudeDegrees><LongitudeDegrees>59.813085311647576</LongitudeDegrees></Position></Trackpoint><Trackpoint><Time>2026-07-27T12:25:31.000Z</Time><Position><LatitudeDegrees>58.63107868204248</LatitudeDegrees><LongitudeDegrees>59.813104406551346</LongitudeDegrees></Position></Trackpoint><Trackpoint><Time>2026-07-27T12:25:32.000Z</Time><Position><LatitudeDegrees>58.63106924083056</LatitudeDegrees><LongitudeDegrees>59.81312135688318</LongitudeDegrees></Position></Trackpoint><Trackpoint><Time>2026-07-27T12:25:33.000Z</Time><Position><LatitudeDegrees>58.631060938751496</LatitudeDegrees><LongitudeDegrees>59.81313622768059</LongitudeDegrees></Position></Trackpoint><Trackpoint><Time>2026-07-27T12:25:34.000Z</Time><Position><LatitudeDegrees>58.63105368175398</LatitudeDegrees><LongitudeDegrees>59.81315078146513</LongitudeDegrees></Position></Trackpoint><Trackpoint><Time>2026-07-27T12:25:35.000Z</Time><Position><LatitudeDegrees>58.63104680735931</LatitudeDegrees><LongitudeDegrees>59.81316627440071</LongitudeDegrees></Position></Trackpoint><Trackpoint><Time>2026-07-27T12:25:36.000Z</Time><Position><LatitudeDegrees>58.63103901440892</LatitudeDegrees><LongitudeDegrees>59.8131835928895</LongitudeDegrees></Position></Trackpoint><Trackpoint><Time>2026-07-27T12:25:37.000Z</Time><Position><LatitudeDegrees>58.63102988493756</LatitudeDegrees><LongitudeDegrees>59.81320433650636</LongitudeDegrees></Position></Trackpoint><Trackpoint><Time>2026-07-27T12:25:38.000Z</Time><Position><LatitudeDegrees>58.63101990796427</LatitudeDegrees><LongitudeDegrees>59.8132277451783</LongitudeDegrees></Position></Trackpoint><Trackpoint><Time>2026-07-27T12:25:39.000Z</Time><Position><LatitudeDegrees>58.631009393658985</LatitudeDegrees><LongitudeDegrees>59.81325120538367</LongitudeDegrees></Position></Trackpoint><Trackpoint><Time>2026-07-27T12:25:40.000Z</Time><Position><LatitudeDegrees>58.63099853872577</LatitudeDegrees><LongitudeDegrees>59.81327363417286</LongitudeDegrees></Position></Trackpoint><Trackpoint><Time>2026-07-27T12:25:41.000Z</Time><Position><LatitudeDegrees>58.63098844711424</LatitudeDegrees><LongitudeDegrees>59.81329373871057</LongitudeDegrees></Position></Trackpoint><Trackpoint><Time>2026-07-27T12:25:42.000Z</Time><Position><LatitudeDegrees>58.63097947549648</LatitudeDegrees><LongitudeDegrees>59.813311284878274</LongitudeDegrees></Position></Trackpoint><Trackpoint><Time>2026-07-27T12:25:43.000Z</Time><Position><LatitudeDegrees>58.63097113740183</LatitudeDegrees><LongitudeDegrees>59.81332748384231</LongitudeDegrees></Position></Trackpoint><Trackpoint><Time>2026-07-27T12:25:44.000Z</Time><Position><LatitudeDegrees>58.630963640784316</LatitudeDegrees><LongitudeDegrees>59.813343007312916</LongitudeDegrees></Position></Trackpoint><Trackpoint><Time>2026-07-27T12:25:45.000Z</Time><Position><LatitudeDegrees>58.63095647367343</LatitudeDegrees><LongitudeDegrees>59.813358218621325</LongitudeDegrees></Position></Trackpoint><Trackpoint><Time>2026-07-27T12:25:46.000Z</Time><Position><LatitudeDegrees>58.63094938293094</LatitudeDegrees><LongitudeDegrees>59.81337428668624</LongitudeDegrees></Position></Trackpoint><Trackpoint><Time>2026-07-27T12:25:47.000Z</Time><Position><LatitudeDegrees>58.63094225450435</LatitudeDegrees><LongitudeDegrees>59.813391093333344</LongitudeDegrees></Position></Trackpoint><Trackpoint><Time>2026-07-27T12:25:48.000Z</Time><Position><LatitudeDegrees>58.630935535870314</LatitudeDegrees><LongitudeDegrees>59.813407515877365</LongitudeDegrees></Position></Trackpoint><Trackpoint><Time>2026-07-27T12:25:49.000Z</Time><Position><LatitudeDegrees>58.63092984832903</LatitudeDegrees><LongitudeDegrees>59.81342265164751</LongitudeDegrees></Position></Trackpoint><Trackpoint><Time>2026-07-27T12:25:50.000Z</Time><Position><LatitudeDegrees>58.63092531541344</LatitudeDegrees><LongitudeDegrees>59.813436783659924</LongitudeDegrees></Position></Trackpoint><Trackpoint><Time>2026-07-27T12:25:51.000Z</Time><Position><LatitudeDegrees>58.630921839804074</LatitudeDegrees><LongitudeDegrees>59.81344966769028</LongitudeDegrees></Position></Trackpoint><Trackpoint><Time>2026-07-27T12:25:52.000Z</Time><Position><LatitudeDegrees>58.63091924571786</LatitudeDegrees><LongitudeDegrees>59.813459894503595</LongitudeDegrees></Position></Trackpoint><Trackpoint><Time>2026-07-27T12:25:53.000Z</Time><Position><LatitudeDegrees>58.630918296242555</LatitudeDegrees><LongitudeDegrees>59.81347133251616</LongitudeDegrees></Position></Trackpoint><Trackpoint><Time>2026-07-27T12:25:55.000Z</Time><Position><LatitudeDegrees>58.63091771752197</LatitudeDegrees><LongitudeDegrees>59.813476033869534</LongitudeDegrees></Position></Trackpoint><Trackpoint><Time>2026-07-27T12:25:56.000Z</Time><Position><LatitudeDegrees>58.630917824781065</LatitudeDegrees><LongitudeDegrees>59.81348097555627</LongitudeDegrees></Position></Trackpoint><Trackpoint><Time>2026-07-27T12:25:57.000Z</Time><Position><LatitudeDegrees>58.630920117655464</LatitudeDegrees><LongitudeDegrees>59.81348896105465</LongitudeDegrees></Position></Trackpoint><Trackpoint><Time>2026-07-27T12:25:58.000Z</Time><Position><LatitudeDegrees>58.630920161828335</LatitudeDegrees><LongitudeDegrees>59.813491485816655</LongitudeDegrees></Position></Trackpoint><Trackpoint><Time>2026-07-27T12:25:59.000Z</Time><Position><LatitudeDegrees>58.63092070150333</LatitudeDegrees><LongitudeDegrees>59.81349501670831</LongitudeDegrees></Position></Trackpoint><Trackpoint><Time>2026-07-27T12:26:01.000Z</Time><Position><LatitudeDegrees>58.63092088636553</LatitudeDegrees><LongitudeDegrees>59.813502915268685</LongitudeDegrees></Position></Trackpoint><Trackpoint><Time>2026-07-27T12:26:02.000Z</Time><Position><LatitudeDegrees>58.63092090137721</LatitudeDegrees><LongitudeDegrees>59.81351502608675</LongitudeDegrees></Position></Trackpoint><Trackpoint><Time>2026-07-27T12:26:03.000Z</Time><Position><LatitudeDegrees>58.630920844512055</LatitudeDegrees><LongitudeDegrees>59.8135317237434</LongitudeDegrees></Position></Trackpoint><Trackpoint><Time>2026-07-27T12:26:04.000Z</Time><Position><LatitudeDegrees>58.63092027573356</LatitudeDegrees><LongitudeDegrees>59.813552573789764</LongitudeDegrees></Position></Trackpoint><Trackpoint><Time>2026-07-27T12:26:05.000Z</Time><Position><LatitudeDegrees>58.630919079523316</LatitudeDegrees><LongitudeDegrees>59.81357539552051</LongitudeDegrees></Position></Trackpoint><Trackpoint><Time>2026-07-27T12:26:06.000Z</Time><Position><LatitudeDegrees>58.63091728883692</LatitudeDegrees><LongitudeDegrees>59.81359903778576</LongitudeDegrees></Position></Trackpoint><Trackpoint><Time>2026-07-27T12:26:07.000Z</Time><Position><LatitudeDegrees>58.63091450393606</LatitudeDegrees><LongitudeDegrees>59.813621452357374</LongitudeDegrees></Position></Trackpoint><Trackpoint><Time>2026-07-27T12:26:08.000Z</Time><Position><LatitudeDegrees>58.63091019819049</LatitudeDegrees><LongitudeDegrees>59.8136409740581</LongitudeDegrees></Position></Trackpoint><Trackpoint><Time>2026-07-27T12:26:09.000Z</Time><Position><LatitudeDegrees>58.63090483952504</LatitudeDegrees><LongitudeDegrees>59.81365777801863</LongitudeDegrees></Position></Trackpoint><Trackpoint><Time>2026-07-27T12:26:10.000Z</Time><Position><LatitudeDegrees>58.63089924539804</LatitudeDegrees><LongitudeDegrees>59.81367228518146</LongitudeDegrees></Position></Trackpoint><Trackpoint><Time>2026-07-27T12:26:11.000Z</Time><Position><LatitudeDegrees>58.630893293076625</LatitudeDegrees><LongitudeDegrees>59.81368594291649</LongitudeDegrees></Position></Trackpoint><Trackpoint><Time>2026-07-27T12:26:12.000Z</Time><Position><LatitudeDegrees>58.63088697798901</LatitudeDegrees><LongitudeDegrees>59.81369994593232</LongitudeDegrees></Position></Trackpoint><Trackpoint><Time>2026-07-27T12:26:13.000Z</Time><Position><LatitudeDegrees>58.630879365591625</LatitudeDegrees><LongitudeDegrees>59.813714741933495</LongitudeDegrees></Position></Trackpoint><Trackpoint><Time>2026-07-27T12:26:14.000Z</Time><Position><LatitudeDegrees>58.63087023751603</LatitudeDegrees><LongitudeDegrees>59.81373090313185</LongitudeDegrees></Position></Trackpoint><Trackpoint><Time>2026-07-27T12:26:15.000Z</Time><Position><LatitudeDegrees>58.63085969836581</LatitudeDegrees><LongitudeDegrees>59.8137484899623</LongitudeDegrees></Position></Trackpoint><Trackpoint><Time>2026-07-27T12:26:16.000Z</Time><Position><LatitudeDegrees>58.63084895155074</LatitudeDegrees><LongitudeDegrees>59.813767833946855</LongitudeDegrees></Position></Trackpoint><Trackpoint><Time>2026-07-27T12:26:17.000Z</Time><Position><LatitudeDegrees>58.63083851932856</LatitudeDegrees><LongitudeDegrees>59.81378786686803</LongitudeDegrees></Position></Trackpoint><Trackpoint><Time>2026-07-27T12:26:18.000Z</Time><Position><LatitudeDegrees>58.63082857640492</LatitudeDegrees><LongitudeDegrees>59.81380659154241</LongitudeDegrees></Position></Trackpoint><Trackpoint><Time>2026-07-27T12:26:19.000Z</Time><Position><LatitudeDegrees>58.63081913192869</LatitudeDegrees><LongitudeDegrees>59.813823353374765</LongitudeDegrees></Position></Trackpoint><Trackpoint><Time>2026-07-27T12:26:20.000Z</Time><Position><LatitudeDegrees>58.63081012569271</LatitudeDegrees><LongitudeDegrees>59.81383911392999</LongitudeDegrees></Position></Trackpoint><Trackpoint><Time>2026-07-27T12:26:21.000Z</Time><Position><LatitudeDegrees>58.6308014766542</LatitudeDegrees><LongitudeDegrees>59.81385488733559</LongitudeDegrees></Position></Trackpoint><Trackpoint><Time>2026-07-27T12:26:22.000Z</Time><Position><LatitudeDegrees>58.63079261598066</LatitudeDegrees><LongitudeDegrees>59.81387059998315</LongitudeDegrees></Position></Trackpoint><Trackpoint><Time>2026-07-27T12:26:23.000Z</Time><Position><LatitudeDegrees>58.630782846960315</LatitudeDegrees><LongitudeDegrees>59.81388671896709</LongitudeDegrees></Position></Trackpoint><Trackpoint><Time>2026-07-27T12:26:24.000Z</Time><Position><LatitudeDegrees>58.63077199924896</LatitudeDegrees><LongitudeDegrees>59.81390289488919</LongitudeDegrees></Position></Trackpoint><Trackpoint><Time>2026-07-27T12:26:25.000Z</Time><Position><LatitudeDegrees>58.63076112036276</LatitudeDegrees><LongitudeDegrees>59.81391946615831</LongitudeDegrees></Position></Trackpoint><Trackpoint><Time>2026-07-27T12:26:26.000Z</Time><Position><LatitudeDegrees>58.63075113531569</LatitudeDegrees><LongitudeDegrees>59.81393554217907</LongitudeDegrees></Position></Trackpoint><Trackpoint><Time>2026-07-27T12:26:27.000Z</Time><Position><LatitudeDegrees>58.63074182072581</LatitudeDegrees><LongitudeDegrees>59.81395033012834</LongitudeDegrees></Position></Trackpoint><Trackpoint><Time>2026-07-27T12:26:28.000Z</Time><Position><LatitudeDegrees>58.63073348815545</LatitudeDegrees><LongitudeDegrees>59.81396415842779</LongitudeDegrees></Position></Trackpoint><Trackpoint><Time>2026-07-27T12:26:29.000Z</Time><Position><LatitudeDegrees>58.63072613987565</LatitudeDegrees><LongitudeDegrees>59.813976795891364</LongitudeDegrees></Position></Trackpoint><Trackpoint><Time>2026-07-27T12:26:30.000Z</Time><Position><LatitudeDegrees>58.630718671268255</LatitudeDegrees><LongitudeDegrees>59.81398927937218</LongitudeDegrees></Position></Trackpoint><Trackpoint><Time>2026-07-27T12:26:31.000Z</Time><Position><LatitudeDegrees>58.63071015324792</LatitudeDegrees><LongitudeDegrees>59.81400254525499</LongitudeDegrees></Position></Trackpoint><Trackpoint><Time>2026-07-27T12:26:32.000Z</Time><Position><LatitudeDegrees>58.63069984826626</LatitudeDegrees><LongitudeDegrees>59.81401589953292</LongitudeDegrees></Position></Trackpoint><Trackpoint><Time>2026-07-27T12:26:33.000Z</Time><Position><LatitudeDegrees>58.63068817154066</LatitudeDegrees><LongitudeDegrees>59.81402953465602</LongitudeDegrees></Position></Trackpoint><Trackpoint><Time>2026-07-27T12:26:34.000Z</Time><Position><LatitudeDegrees>58.63067644935398</LatitudeDegrees><LongitudeDegrees>59.81404545227807</LongitudeDegrees></Position></Trackpoint><Trackpoint><Time>2026-07-27T12:26:35.000Z</Time><Position><LatitudeDegrees>58.63066523374858</LatitudeDegrees><LongitudeDegrees>59.81406320457033</LongitudeDegrees></Position></Trackpoint><Trackpoint><Time>2026-07-27T12:26:36.000Z</Time><Position><LatitudeDegrees>58.6306551766656</LatitudeDegrees><LongitudeDegrees>59.8140813924036</LongitudeDegrees></Position></Trackpoint><Trackpoint><Time>2026-07-27T12:26:37.000Z</Time><Position><LatitudeDegrees>58.63064590829092</LatitudeDegrees><LongitudeDegrees>59.814098404447556</LongitudeDegrees></Position></Trackpoint><Trackpoint><Time>2026-07-27T12:26:38.000Z</Time><Position><LatitudeDegrees>58.63063717509325</LatitudeDegrees><LongitudeDegrees>59.81411372801341</LongitudeDegrees></Position></Trackpoint><Trackpoint><Time>2026-07-27T12:26:39.000Z</Time><Position><LatitudeDegrees>58.63062880397077</LatitudeDegrees><LongitudeDegrees>59.81412736867244</LongitudeDegrees></Position></Trackpoint><Trackpoint><Time>2026-07-27T12:26:40.000Z</Time><Position><LatitudeDegrees>58.63062116677321</LatitudeDegrees><LongitudeDegrees>59.81413954471762</LongitudeDegrees></Position></Trackpoint><Trackpoint><Time>2026-07-27T12:26:41.000Z</Time><Position><LatitudeDegrees>58.6306133432213</LatitudeDegrees><LongitudeDegrees>59.81415102364087</LongitudeDegrees></Position></Trackpoint><Trackpoint><Time>2026-07-27T12:26:42.000Z</Time><Position><LatitudeDegrees>58.63060497823163</LatitudeDegrees><LongitudeDegrees>59.814163190216725</LongitudeDegrees></Position></Trackpoint><Trackpoint><Time>2026-07-27T12:26:43.000Z</Time><Position><LatitudeDegrees>58.630595995061746</LatitudeDegrees><LongitudeDegrees>59.814177016092984</LongitudeDegrees></Position></Trackpoint><Trackpoint><Time>2026-07-27T12:26:44.000Z</Time><Position><LatitudeDegrees>58.63058546222779</LatitudeDegrees><LongitudeDegrees>59.81419121962605</LongitudeDegrees></Position></Trackpoint><Trackpoint><Time>2026-07-27T12:26:45.000Z</Time><Position><LatitudeDegrees>58.6305731950107</LatitudeDegrees><LongitudeDegrees>59.81420620374192</LongitudeDegrees></Position></Trackpoint><Trackpoint><Time>2026-07-27T12:26:46.000Z</Time><Position><LatitudeDegrees>58.63055982955306</LatitudeDegrees><LongitudeDegrees>59.81422203419231</LongitudeDegrees></Position></Trackpoint><Trackpoint><Time>2026-07-27T12:26:47.000Z</Time><Position><LatitudeDegrees>58.63054625840773</LatitudeDegrees><LongitudeDegrees>59.81423911904086</LongitudeDegrees></Position></Trackpoint><Trackpoint><Time>2026-07-27T12:26:48.000Z</Time><Position><LatitudeDegrees>58.6305338547787</LatitudeDegrees><LongitudeDegrees>59.814255996509814</LongitudeDegrees></Position></Trackpoint><Trackpoint><Time>2026-07-27T12:26:49.000Z</Time><Position><LatitudeDegrees>58.63052205512695</LatitudeDegrees><LongitudeDegrees>59.81427160159658</LongitudeDegrees></Position></Trackpoint><Trackpoint><Time>2026-07-27T12:26:50.000Z</Time><Position><LatitudeDegrees>58.63051054984878</LatitudeDegrees><LongitudeDegrees>59.81428614861653</LongitudeDegrees></Position></Trackpoint><Trackpoint><Time>2026-07-27T12:26:51.000Z</Time><Position><LatitudeDegrees>58.63049966326726</LatitudeDegrees><LongitudeDegrees>59.814300351243766</LongitudeDegrees></Position></Trackpoint><Trackpoint><Time>2026-07-27T12:26:52.000Z</Time><Position><LatitudeDegrees>58.630489449540676</LatitudeDegrees><LongitudeDegrees>59.81431307876351</LongitudeDegrees></Position></Trackpoint><Trackpoint><Time>2026-07-27T12:26:53.000Z</Time><Position><LatitudeDegrees>58.63047935500268</LatitudeDegrees><LongitudeDegrees>59.814323565226914</LongitudeDegrees></Position></Trackpoint><Trackpoint><Time>2026-07-27T12:26:54.000Z</Time><Position><LatitudeDegrees>58.630469625947946</LatitudeDegrees><LongitudeDegrees>59.81433276204812</LongitudeDegrees></Position></Trackpoint><Trackpoint><Time>2026-07-27T12:26:55.000Z</Time><Position><LatitudeDegrees>58.630459827288995</LatitudeDegrees><LongitudeDegrees>59.81434220579605</LongitudeDegrees></Position></Trackpoint><Trackpoint><Time>2026-07-27T12:26:56.000Z</Time><Position><LatitudeDegrees>58.6304497887759</LatitudeDegrees><LongitudeDegrees>59.814353966420235</LongitudeDegrees></Position></Trackpoint><Trackpoint><Time>2026-07-27T12:26:57.000Z</Time><Position><LatitudeDegrees>58.630439471078965</LatitudeDegrees><LongitudeDegrees>59.81436908863795</LongitudeDegrees></Position></Trackpoint><Trackpoint><Time>2026-07-27T12:26:58.000Z</Time><Position><LatitudeDegrees>58.63042938344436</LatitudeDegrees><LongitudeDegrees>59.814387081632574</LongitudeDegrees></Position></Trackpoint><Trackpoint><Time>2026-07-27T12:26:59.000Z</Time><Position><LatitudeDegrees>58.630418237236626</LatitudeDegrees><LongitudeDegrees>59.814406885198956</LongitudeDegrees></Position></Trackpoint><Trackpoint><Time>2026-07-27T12:27:00.000Z</Time><Position><LatitudeDegrees>58.63040514800836</LatitudeDegrees><LongitudeDegrees>59.81442783032511</LongitudeDegrees></Position></Trackpoint><Trackpoint><Time>2026-07-27T12:27:01.000Z</Time><Position><LatitudeDegrees>58.63039195934083</LatitudeDegrees><LongitudeDegrees>59.81444802614027</LongitudeDegrees></Position></Trackpoint><Trackpoint><Time>2026-07-27T12:27:02.000Z</Time><Position><LatitudeDegrees>58.63037944324517</LatitudeDegrees><LongitudeDegrees>59.81446679009373</LongitudeDegrees></Position></Trackpoint><Trackpoint><Time>2026-07-27T12:27:03.000Z</Time><Position><LatitudeDegrees>58.63036734172711</LatitudeDegrees><LongitudeDegrees>59.814483535255015</LongitudeDegrees></Position></Trackpoint><Trackpoint><Time>2026-07-27T12:27:04.000Z</Time><Position><LatitudeDegrees>58.630355984936216</LatitudeDegrees><LongitudeDegrees>59.814498279015496</LongitudeDegrees></Position></Trackpoint><Trackpoint><Time>2026-07-27T12:27:05.000Z</Time><Position><LatitudeDegrees>58.63034541325448</LatitudeDegrees><LongitudeDegrees>59.81451079580367</LongitudeDegrees></Position></Trackpoint><Trackpoint><Time>2026-07-27T12:27:06.000Z</Time><Position><LatitudeDegrees>58.630335542544984</LatitudeDegrees><LongitudeDegrees>59.81452176816081</LongitudeDegrees></Position></Trackpoint><Trackpoint><Time>2026-07-27T12:27:07.000Z</Time><Position><LatitudeDegrees>58.63032624818862</LatitudeDegrees><LongitudeDegrees>59.81453265462679</LongitudeDegrees></Position></Trackpoint><Trackpoint><Time>2026-07-27T12:27:08.000Z</Time><Position><LatitudeDegrees>58.6303169152784</LatitudeDegrees><LongitudeDegrees>59.81454406690098</LongitudeDegrees></Position></Trackpoint><Trackpoint><Time>2026-07-27T12:27:09.000Z</Time><Position><LatitudeDegrees>58.630307295523465</LatitudeDegrees><LongitudeDegrees>59.81455618941488</LongitudeDegrees></Position></Trackpoint><Trackpoint><Time>2026-07-27T12:27:10.000Z</Time><Position><LatitudeDegrees>58.630296833874816</LatitudeDegrees><LongitudeDegrees>59.814568517354736</LongitudeDegrees></Position></Trackpoint><Trackpoint><Time>2026-07-27T12:27:11.000Z</Time><Position><LatitudeDegrees>58.63028540980054</LatitudeDegrees><LongitudeDegrees>59.814581306065904</LongitudeDegrees></Position></Trackpoint><Trackpoint><Time>2026-07-27T12:27:12.000Z</Time><Position><LatitudeDegrees>58.630272607576856</LatitudeDegrees><LongitudeDegrees>59.81459460156882</LongitudeDegrees></Position></Trackpoint><Trackpoint><Time>2026-07-27T12:27:13.000Z</Time><Position><LatitudeDegrees>58.630258922488835</LatitudeDegrees><LongitudeDegrees>59.81460835777029</LongitudeDegrees></Position></Trackpoint><Trackpoint><Time>2026-07-27T12:27:14.000Z</Time><Position><LatitudeDegrees>58.63024516143631</LatitudeDegrees><LongitudeDegrees>59.814622986168246</LongitudeDegrees></Position></Trackpoint><Trackpoint><Time>2026-07-27T12:27:15.000Z</Time><Position><LatitudeDegrees>58.63023215608809</LatitudeDegrees><LongitudeDegrees>59.8146370754543</LongitudeDegrees></Position></Trackpoint><Trackpoint><Time>2026-07-27T12:27:16.000Z</Time><Position><LatitudeDegrees>58.63022015195962</LatitudeDegrees><LongitudeDegrees>59.8146501135988</LongitudeDegrees></Position></Trackpoint><Trackpoint><Time>2026-07-27T12:27:17.000Z</Time><Position><LatitudeDegrees>58.63020961126793</LatitudeDegrees><LongitudeDegrees>59.81466202464329</LongitudeDegrees></Position></Trackpoint><Trackpoint><Time>2026-07-27T12:27:18.000Z</Time><Position><LatitudeDegrees>58.63019955731827</LatitudeDegrees><LongitudeDegrees>59.81467194274588</LongitudeDegrees></Position></Trackpoint><Trackpoint><Time>2026-07-27T12:27:19.000Z</Time><Position><LatitudeDegrees>58.63019001501319</LatitudeDegrees><LongitudeDegrees>59.81468074633632</LongitudeDegrees></Position></Trackpoint><Trackpoint><Time>2026-07-27T12:27:20.000Z</Time><Position><LatitudeDegrees>58.63018092893959</LatitudeDegrees><LongitudeDegrees>59.81468845061661</LongitudeDegrees></Position></Trackpoint><Trackpoint><Time>2026-07-27T12:27:21.000Z</Time><Position><LatitudeDegrees>58.63017221771987</LatitudeDegrees><LongitudeDegrees>59.81469618216346</LongitudeDegrees></Position></Trackpoint><Trackpoint><Time>2026-07-27T12:27:22.000Z</Time><Position><LatitudeDegrees>58.63016331011749</LatitudeDegrees><LongitudeDegrees>59.814703911828495</LongitudeDegrees></Position></Trackpoint><Trackpoint><Time>2026-07-27T12:27:23.000Z</Time><Position><LatitudeDegrees>58.630153506472986</LatitudeDegrees><LongitudeDegrees>59.81471260707021</LongitudeDegrees></Position></Trackpoint><Trackpoint><Time>2026-07-27T12:27:24.000Z</Time><Position><LatitudeDegrees>58.63014214403829</LatitudeDegrees><LongitudeDegrees>59.814723032000586</LongitudeDegrees></Position></Trackpoint><Trackpoint><Time>2026-07-27T12:27:25.000Z</Time><Position><LatitudeDegrees>58.630129639550624</LatitudeDegrees><LongitudeDegrees>59.81473576891411</LongitudeDegrees></Position></Trackpoint><Trackpoint><Time>2026-07-27T12:27:26.000Z</Time><Position><LatitudeDegrees>58.63011729043829</LatitudeDegrees><LongitudeDegrees>59.81475076087954</LongitudeDegrees></Position></Trackpoint><Trackpoint><Time>2026-07-27T12:27:27.000Z</Time><Position><LatitudeDegrees>58.630104142251476</LatitudeDegrees><LongitudeDegrees>59.81476818462881</LongitudeDegrees></Position></Trackpoint><Trackpoint><Time>2026-07-27T12:27:28.000Z</Time><Position><LatitudeDegrees>58.630089904475916</LatitudeDegrees><LongitudeDegrees>59.81478780083025</LongitudeDegrees></Position></Trackpoint><Trackpoint><Time>2026-07-27T12:27:29.000Z</Time><Position><LatitudeDegrees>58.63007606614708</LatitudeDegrees><LongitudeDegrees>59.81480922952119</LongitudeDegrees></Position></Trackpoint><Trackpoint><Time>2026-07-27T12:27:30.000Z</Time><Position><LatitudeDegrees>58.630063189231045</LatitudeDegrees><LongitudeDegrees>59.81483061275817</LongitudeDegrees></Position></Trackpoint><Trackpoint><Time>2026-07-27T12:27:31.000Z</Time><Position><LatitudeDegrees>58.63005187137892</LatitudeDegrees><LongitudeDegrees>59.814850211990844</LongitudeDegrees></Position></Trackpoint><Trackpoint><Time>2026-07-27T12:27:32.000Z</Time><Position><LatitudeDegrees>58.63004117939863</LatitudeDegrees><LongitudeDegrees>59.814867050589825</LongitudeDegrees></Position></Trackpoint><Trackpoint><Time>2026-07-27T12:27:33.000Z</Time><Position><LatitudeDegrees>58.6300316278621</LatitudeDegrees><LongitudeDegrees>59.81488059105911</LongitudeDegrees></Position></Trackpoint><Trackpoint><Time>2026-07-27T12:27:34.000Z</Time><Position><LatitudeDegrees>58.63002279270236</LatitudeDegrees><LongitudeDegrees>59.8148920145711</LongitudeDegrees></Position></Trackpoint><Trackpoint><Time>2026-07-27T12:27:35.000Z</Time><Position><LatitudeDegrees>58.63001391771799</LatitudeDegrees><LongitudeDegrees>59.81490256889087</LongitudeDegrees></Position></Trackpoint><Trackpoint><Time>2026-07-27T12:27:36.000Z</Time><Position><LatitudeDegrees>58.630004696591456</LatitudeDegrees><LongitudeDegrees>59.814912879449196</LongitudeDegrees></Position></Trackpoint><Trackpoint><Time>2026-07-27T12:27:37.000Z</Time><Position><LatitudeDegrees>58.629994068376575</LatitudeDegrees><LongitudeDegrees>59.81492372471635</LongitudeDegrees></Position></Trackpoint><Trackpoint><Time>2026-07-27T12:27:38.000Z</Time><Position><LatitudeDegrees>58.629982266348605</LatitudeDegrees><LongitudeDegrees>59.814937315105766</LongitudeDegrees></Position></Trackpoint><Trackpoint><Time>2026-07-27T12:27:39.000Z</Time><Position><LatitudeDegrees>58.629970026845825</LatitudeDegrees><LongitudeDegrees>59.81495322938587</LongitudeDegrees></Position></Trackpoint><Trackpoint><Time>2026-07-27T12:27:40.000Z</Time><Position><LatitudeDegrees>58.62995770926613</LatitudeDegrees><LongitudeDegrees>59.81497001659038</LongitudeDegrees></Position></Trackpoint><Trackpoint><Time>2026-07-27T12:27:41.000Z</Time><Position><LatitudeDegrees>58.62994645086384</LatitudeDegrees><LongitudeDegrees>59.81498696712446</LongitudeDegrees></Position></Trackpoint><Trackpoint><Time>2026-07-27T12:27:42.000Z</Time><Position><LatitudeDegrees>58.62993609444378</LatitudeDegrees><LongitudeDegrees>59.815003278179574</LongitudeDegrees></Position></Trackpoint><Trackpoint><Time>2026-07-27T12:27:43.000Z</Time><Position><LatitudeDegrees>58.62992596988906</LatitudeDegrees><LongitudeDegrees>59.81501772198731</LongitudeDegrees></Position></Trackpoint><Trackpoint><Time>2026-07-27T12:27:44.000Z</Time><Position><LatitudeDegrees>58.62991626107425</LatitudeDegrees><LongitudeDegrees>59.81503052218069</LongitudeDegrees></Position></Trackpoint><Trackpoint><Time>2026-07-27T12:27:45.000Z</Time><Position><LatitudeDegrees>58.62990699036545</LatitudeDegrees><LongitudeDegrees>59.815041981814666</LongitudeDegrees></Position></Trackpoint><Trackpoint><Time>2026-07-27T12:27:46.000Z</Time><Position><LatitudeDegrees>58.62989811074351</LatitudeDegrees><LongitudeDegrees>59.81505288736676</LongitudeDegrees></Position></Trackpoint><Trackpoint><Time>2026-07-27T12:27:47.000Z</Time><Position><LatitudeDegrees>58.629889552648976</LatitudeDegrees><LongitudeDegrees>59.815063633850215</LongitudeDegrees></Position></Trackpoint><Trackpoint><Time>2026-07-27T12:27:48.000Z</Time><Position><LatitudeDegrees>58.62988124616739</LatitudeDegrees><LongitudeDegrees>59.81507440436087</LongitudeDegrees></Position></Trackpoint><Trackpoint><Time>2026-07-27T12:27:49.000Z</Time><Position><LatitudeDegrees>58.62987215099027</LatitudeDegrees><LongitudeDegrees>59.81508478160923</LongitudeDegrees></Position></Trackpoint><Trackpoint><Time>2026-07-27T12:27:50.000Z</Time><Position><LatitudeDegrees>58.62986193991176</LatitudeDegrees><LongitudeDegrees>59.8150951338268</LongitudeDegrees></Position></Trackpoint><Trackpoint><Time>2026-07-27T12:27:51.000Z</Time><Position><LatitudeDegrees>58.62984915256999</LatitudeDegrees><LongitudeDegrees>59.81510463665503</LongitudeDegrees></Position></Trackpoint><Trackpoint><Time>2026-07-27T12:27:52.000Z</Time><Position><LatitudeDegrees>58.62983449741995</LatitudeDegrees><LongitudeDegrees>59.81511061156031</LongitudeDegrees></Position></Trackpoint><Trackpoint><Time>2026-07-27T12:27:53.000Z</Time><Position><LatitudeDegrees>58.62981948517865</LatitudeDegrees><LongitudeDegrees>59.81511534590046</LongitudeDegrees></Position></Trackpoint><Trackpoint><Time>2026-07-27T12:27:54.000Z</Time><Position><LatitudeDegrees>58.62980478384185</LatitudeDegrees><LongitudeDegrees>59.815120430520984</LongitudeDegrees></Position></Trackpoint><Trackpoint><Time>2026-07-27T12:27:55.000Z</Time><Position><LatitudeDegrees>58.62979111821897</LatitudeDegrees><LongitudeDegrees>59.815125006795306</LongitudeDegrees></Position></Trackpoint><Trackpoint><Time>2026-07-27T12:27:56.000Z</Time><Position><LatitudeDegrees>58.62977816426777</LatitudeDegrees><LongitudeDegrees>59.81512780713659</LongitudeDegrees></Position></Trackpoint><Trackpoint><Time>2026-07-27T12:27:57.000Z</Time><Position><LatitudeDegrees>58.629764717973636</LatitudeDegrees><LongitudeDegrees>59.815128047838</LongitudeDegrees></Position></Trackpoint><Trackpoint><Time>2026-07-27T12:27:58.000Z</Time><Position><LatitudeDegrees>58.629751325895896</LatitudeDegrees><LongitudeDegrees>59.81512769311132</LongitudeDegrees></Position></Trackpoint><Trackpoint><Time>2026-07-27T12:27:59.000Z</Time><Position><LatitudeDegrees>58.62973771655671</LatitudeDegrees><LongitudeDegrees>59.81512811791736</LongitudeDegrees></Position></Trackpoint><Trackpoint><Time>2026-07-27T12:28:00.000Z</Time><Position><LatitudeDegrees>58.62972380603762</LatitudeDegrees><LongitudeDegrees>59.815129788459</LongitudeDegrees></Position></Trackpoint><Trackpoint><Time>2026-07-27T12:28:01.000Z</Time><Position><LatitudeDegrees>58.62970959843419</LatitudeDegrees><LongitudeDegrees>59.8151342056777</LongitudeDegrees></Position></Trackpoint><Trackpoint><Time>2026-07-27T12:28:02.000Z</Time><Position><LatitudeDegrees>58.62969562317406</LatitudeDegrees><LongitudeDegrees>59.81514114556875</LongitudeDegrees></Position></Trackpoint><Trackpoint><Time>2026-07-27T12:28:03.000Z</Time><Position><LatitudeDegrees>58.62968157886164</LatitudeDegrees><LongitudeDegrees>59.81514921287713</LongitudeDegrees></Position></Trackpoint><Trackpoint><Time>2026-07-27T12:28:04.000Z</Time><Position><LatitudeDegrees>58.62966735023496</LatitudeDegrees><LongitudeDegrees>59.815159157119844</LongitudeDegrees></Position></Trackpoint><Trackpoint><Time>2026-07-27T12:28:05.000Z</Time><Position><LatitudeDegrees>58.629652913481735</LatitudeDegrees><LongitudeDegrees>59.81517055646068</LongitudeDegrees></Position></Trackpoint><Trackpoint><Time>2026-07-27T12:28:06.000Z</Time><Position><LatitudeDegrees>58.62963877511862</LatitudeDegrees><LongitudeDegrees>59.8151835400244</LongitudeDegrees></Position></Trackpoint><Trackpoint><Time>2026-07-27T12:28:07.000Z</Time><Position><LatitudeDegrees>58.629625595058776</LatitudeDegrees><LongitudeDegrees>59.81519697843504</LongitudeDegrees></Position></Trackpoint><Trackpoint><Time>2026-07-27T12:28:08.000Z</Time><Position><LatitudeDegrees>58.62961401169027</LatitudeDegrees><LongitudeDegrees>59.81520985858839</LongitudeDegrees></Position></Trackpoint><Trackpoint><Time>2026-07-27T12:28:09.000Z</Time><Position><LatitudeDegrees>58.62960359337909</LatitudeDegrees><LongitudeDegrees>59.81522183490583</LongitudeDegrees></Position></Trackpoint><Trackpoint><Time>2026-07-27T12:28:10.000Z</Time><Position><LatitudeDegrees>58.62959450244121</LatitudeDegrees><LongitudeDegrees>59.815232881072525</LongitudeDegrees></Position></Trackpoint><Trackpoint><Time>2026-07-27T12:28:11.000Z</Time><Position><LatitudeDegrees>58.62958663535741</LatitudeDegrees><LongitudeDegrees>59.815243105634586</LongitudeDegrees></Position></Trackpoint><Trackpoint><Time>2026-07-27T12:28:12.000Z</Time><Position><LatitudeDegrees>58.629579792415214</LatitudeDegrees><LongitudeDegrees>59.81525363796788</LongitudeDegrees></Position></Trackpoint><Trackpoint><Time>2026-07-27T12:28:13.000Z</Time><Position><LatitudeDegrees>58.62957327030872</LatitudeDegrees><LongitudeDegrees>59.81526539329569</LongitudeDegrees></Position></Trackpoint><Trackpoint><Time>2026-07-27T12:28:14.000Z</Time><Position><LatitudeDegrees>58.62956575899308</LatitudeDegrees><LongitudeDegrees>59.81527957078924</LongitudeDegrees></Position></Trackpoint><Trackpoint><Time>2026-07-27T12:28:15.000Z</Time><Position><LatitudeDegrees>58.629556845911644</LatitudeDegrees><LongitudeDegrees>59.81529586381528</LongitudeDegrees></Position></Trackpoint><Trackpoint><Time>2026-07-27T12:28:16.000Z</Time><Position><LatitudeDegrees>58.62954654107433</LatitudeDegrees><LongitudeDegrees>59.815311916124166</LongitudeDegrees></Position></Trackpoint><Trackpoint><Time>2026-07-27T12:28:17.000Z</Time><Position><LatitudeDegrees>58.629534537622725</LatitudeDegrees><LongitudeDegrees>59.81532923628249</LongitudeDegrees></Position></Trackpoint><Trackpoint><Time>2026-07-27T12:28:18.000Z</Time><Position><LatitudeDegrees>58.62952190641809</LatitudeDegrees><LongitudeDegrees>59.8153477932311</LongitudeDegrees></Position></Trackpoint><Trackpoint><Time>2026-07-27T12:28:19.000Z</Time><Position><LatitudeDegrees>58.62950965865858</LatitudeDegrees><LongitudeDegrees>59.815367415438644</LongitudeDegrees></Position></Trackpoint><Trackpoint><Time>2026-07-27T12:28:20.000Z</Time><Position><LatitudeDegrees>58.62949865118532</LatitudeDegrees><LongitudeDegrees>59.815386426706574</LongitudeDegrees></Position></Trackpoint><Trackpoint><Time>2026-07-27T12:28:21.000Z</Time><Position><LatitudeDegrees>58.62948907768522</LatitudeDegrees><LongitudeDegrees>59.815403235912356</LongitudeDegrees></Position></Trackpoint><Trackpoint><Time>2026-07-27T12:28:22.000Z</Time><Position><LatitudeDegrees>58.629480344266085</LatitudeDegrees><LongitudeDegrees>59.81541942885249</LongitudeDegrees></Position></Trackpoint><Trackpoint><Time>2026-07-27T12:28:23.000Z</Time><Position><LatitudeDegrees>58.62947307774144</LatitudeDegrees><LongitudeDegrees>59.815436227318244</LongitudeDegrees></Position></Trackpoint><Trackpoint><Time>2026-07-27T12:28:24.000Z</Time><Position><LatitudeDegrees>58.62946636875905</LatitudeDegrees><LongitudeDegrees>59.81545258793385</LongitudeDegrees></Position></Trackpoint><Trackpoint><Time>2026-07-27T12:28:25.000Z</Time><Position><LatitudeDegrees>58.62945879203642</LatitudeDegrees><LongitudeDegrees>59.81546715797853</LongitudeDegrees></Position></Trackpoint><Trackpoint><Time>2026-07-27T12:28:26.000Z</Time><Position><LatitudeDegrees>58.629449871967815</LatitudeDegrees><LongitudeDegrees>59.81548058939509</LongitudeDegrees></Position></Trackpoint><Trackpoint><Time>2026-07-27T12:28:27.000Z</Time><Position><LatitudeDegrees>58.62943958509938</LatitudeDegrees><LongitudeDegrees>59.81549427603772</LongitudeDegrees></Position></Trackpoint><Trackpoint><Time>2026-07-27T12:28:28.000Z</Time><Position><LatitudeDegrees>58.62942760758808</LatitudeDegrees><LongitudeDegrees>59.81550777996295</LongitudeDegrees></Position></Trackpoint><Trackpoint><Time>2026-07-27T12:28:29.000Z</Time><Position><LatitudeDegrees>58.629415491887876</LatitudeDegrees><LongitudeDegrees>59.81552290270504</LongitudeDegrees></Position></Trackpoint><Trackpoint><Time>2026-07-27T12:28:30.000Z</Time><Position><LatitudeDegrees>58.629404384698034</LatitudeDegrees><LongitudeDegrees>59.81553919920194</LongitudeDegrees></Position></Trackpoint><Trackpoint><Time>2026-07-27T12:28:31.000Z</Time><Position><LatitudeDegrees>58.62939413921616</LatitudeDegrees><LongitudeDegrees>59.81555584590198</LongitudeDegrees></Position></Trackpoint><Trackpoint><Time>2026-07-27T12:28:32.000Z</Time><Position><LatitudeDegrees>58.62938507399583</LatitudeDegrees><LongitudeDegrees>59.81557147946984</LongitudeDegrees></Position></Trackpoint><Trackpoint><Time>2026-07-27T12:28:33.000Z</Time><Position><LatitudeDegrees>58.62937716874324</LatitudeDegrees><LongitudeDegrees>59.81558615808317</LongitudeDegrees></Position></Trackpoint><Trackpoint><Time>2026-07-27T12:28:34.000Z</Time><Position><LatitudeDegrees>58.62936977661002</LatitudeDegrees><LongitudeDegrees>59.8156014971003</LongitudeDegrees></Position></Trackpoint><Trackpoint><Time>2026-07-27T12:28:35.000Z</Time><Position><LatitudeDegrees>58.62936256534434</LatitudeDegrees><LongitudeDegrees>59.815618077017824</LongitudeDegrees></Position></Trackpoint><Trackpoint><Time>2026-07-27T12:28:36.000Z</Time><Position><LatitudeDegrees>58.62935488528911</LatitudeDegrees><LongitudeDegrees>59.81563695685715</LongitudeDegrees></Position></Trackpoint><Trackpoint><Time>2026-07-27T12:28:37.000Z</Time><Position><LatitudeDegrees>58.629345549841084</LatitudeDegrees><LongitudeDegrees>59.81565729834588</LongitudeDegrees></Position></Trackpoint><Trackpoint><Time>2026-07-27T12:28:38.000Z</Time><Position><LatitudeDegrees>58.62933526200586</LatitudeDegrees><LongitudeDegrees>59.81567905826564</LongitudeDegrees></Position></Trackpoint><Trackpoint><Time>2026-07-27T12:28:39.000Z</Time><Position><LatitudeDegrees>58.62932541276329</LatitudeDegrees><LongitudeDegrees>59.81570203676416</LongitudeDegrees></Position></Trackpoint><Trackpoint><Time>2026-07-27T12:28:40.000Z</Time><Position><LatitudeDegrees>58.62931651867256</LatitudeDegrees><LongitudeDegrees>59.81572648474351</LongitudeDegrees></Position></Trackpoint><Trackpoint><Time>2026-07-27T12:28:41.000Z</Time><Position><LatitudeDegrees>58.629308180267046</LatitudeDegrees><LongitudeDegrees>59.8157503584854</LongitudeDegrees></Position></Trackpoint><Trackpoint><Time>2026-07-27T12:28:42.000Z</Time><Position><LatitudeDegrees>58.62930065132234</LatitudeDegrees><LongitudeDegrees>59.81577240041039</LongitudeDegrees></Position></Trackpoint><Trackpoint><Time>2026-07-27T12:28:43.000Z</Time><Position><LatitudeDegrees>58.629293442848</LatitudeDegrees><LongitudeDegrees>59.81579330693748</LongitudeDegrees></Position></Trackpoint><Trackpoint><Time>2026-07-27T12:28:44.000Z</Time><Position><LatitudeDegrees>58.629286801940204</LatitudeDegrees><LongitudeDegrees>59.81581302099123</LongitudeDegrees></Position></Trackpoint><Trackpoint><Time>2026-07-27T12:28:45.000Z</Time><Position><LatitudeDegrees>58.629279778293835</LatitudeDegrees><LongitudeDegrees>59.815832651339456</LongitudeDegrees></Position></Trackpoint><Trackpoint><Time>2026-07-27T12:28:46.000Z</Time><Position><LatitudeDegrees>58.629271050444245</LatitudeDegrees><LongitudeDegrees>59.81585266535319</LongitudeDegrees></Position></Trackpoint><Trackpoint><Time>2026-07-27T12:28:47.000Z</Time><Position><LatitudeDegrees>58.62926029290012</LatitudeDegrees><LongitudeDegrees>59.81587222704729</LongitudeDegrees></Position></Trackpoint><Trackpoint><Time>2026-07-27T12:28:48.000Z</Time><Position><LatitudeDegrees>58.62924763212152</LatitudeDegrees><LongitudeDegrees>59.81589153980035</LongitudeDegrees></Position></Trackpoint><Trackpoint><Time>2026-07-27T12:28:49.000Z</Time><Position><LatitudeDegrees>58.62923385407677</LatitudeDegrees><LongitudeDegrees>59.815910719321664</LongitudeDegrees></Position></Trackpoint><Trackpoint><Time>2026-07-27T12:28:50.000Z</Time><Position><LatitudeDegrees>58.62922040507453</LatitudeDegrees><LongitudeDegrees>59.815929830364276</LongitudeDegrees></Position></Trackpoint><Trackpoint><Time>2026-07-27T12:28:51.000Z</Time><Position><LatitudeDegrees>58.62920783852079</LatitudeDegrees><LongitudeDegrees>59.81594841877416</LongitudeDegrees></Position></Trackpoint><Trackpoint><Time>2026-07-27T12:28:52.000Z</Time><Position><LatitudeDegrees>58.62919626906569</LatitudeDegrees><LongitudeDegrees>59.81596538537343</LongitudeDegrees></Position></Trackpoint><Trackpoint><Time>2026-07-27T12:28:53.000Z</Time><Position><LatitudeDegrees>58.629185126339245</LatitudeDegrees><LongitudeDegrees>59.81597999603029</LongitudeDegrees></Position></Trackpoint><Trackpoint><Time>2026-07-27T12:28:54.000Z</Time><Position><LatitudeDegrees>58.62917509989534</LatitudeDegrees><LongitudeDegrees>59.81599274039706</LongitudeDegrees></Position></Trackpoint><Trackpoint><Time>2026-07-27T12:28:55.000Z</Time><Position><LatitudeDegrees>58.62916633044209</LatitudeDegrees><LongitudeDegrees>59.81600405966439</LongitudeDegrees></Position></Trackpoint><Trackpoint><Time>2026-07-27T12:28:56.000Z</Time><Position><LatitudeDegrees>58.629158224984316</LatitudeDegrees><LongitudeDegrees>59.81601627688113</LongitudeDegrees></Position></Trackpoint><Trackpoint><Time>2026-07-27T12:28:57.000Z</Time><Position><LatitudeDegrees>58.629149964473406</LatitudeDegrees><LongitudeDegrees>59.81602925428459</LongitudeDegrees></Position></Trackpoint><Trackpoint><Time>2026-07-27T12:28:58.000Z</Time><Position><LatitudeDegrees>58.62914123149865</LatitudeDegrees><LongitudeDegrees>59.81604283757068</LongitudeDegrees></Position></Trackpoint><Trackpoint><Time>2026-07-27T12:28:59.000Z</Time><Position><LatitudeDegrees>58.629131466369145</LatitudeDegrees><LongitudeDegrees>59.816057375038326</LongitudeDegrees></Position></Trackpoint><Trackpoint><Time>2026-07-27T12:29:00.000Z</Time><Position><LatitudeDegrees>58.629120571061</LatitudeDegrees><LongitudeDegrees>59.81607288766089</LongitudeDegrees></Position></Trackpoint><Trackpoint><Time>2026-07-27T12:29:01.000Z</Time><Position><LatitudeDegrees>58.629109139872064</LatitudeDegrees><LongitudeDegrees>59.816088279695</LongitudeDegrees></Position></Trackpoint><Trackpoint><Time>2026-07-27T12:29:02.000Z</Time><Position><LatitudeDegrees>58.62909699672286</LatitudeDegrees><LongitudeDegrees>59.816103604964965</LongitudeDegrees></Position></Trackpoint><Trackpoint><Time>2026-07-27T12:29:03.000Z</Time><Position><LatitudeDegrees>58.62908513969825</LatitudeDegrees><LongitudeDegrees>59.81611840459588</LongitudeDegrees></Position></Trackpoint><Trackpoint><Time>2026-07-27T12:29:04.000Z</Time><Position><LatitudeDegrees>58.62907394311922</LatitudeDegrees><LongitudeDegrees>59.81613255707275</LongitudeDegrees></Position></Trackpoint><Trackpoint><Time>2026-07-27T12:29:05.000Z</Time><Position><LatitudeDegrees>58.62906347637642</LatitudeDegrees><LongitudeDegrees>59.816146095412876</LongitudeDegrees></Position></Trackpoint><Trackpoint><Time>2026-07-27T12:29:06.000Z</Time><Position><LatitudeDegrees>58.629053674373885</LatitudeDegrees><LongitudeDegrees>59.81615813281617</LongitudeDegrees></Position></Trackpoint><Trackpoint><Time>2026-07-27T12:29:07.000Z</Time><Position><LatitudeDegrees>58.6290444249845</LatitudeDegrees><LongitudeDegrees>59.816169475932995</LongitudeDegrees></Position></Trackpoint><Trackpoint><Time>2026-07-27T12:29:08.000Z</Time><Position><LatitudeDegrees>58.629035611103525</LatitudeDegrees><LongitudeDegrees>59.81618005646886</LongitudeDegrees></Position></Trackpoint><Trackpoint><Time>2026-07-27T12:29:09.000Z</Time><Position><LatitudeDegrees>58.62902712860648</LatitudeDegrees><LongitudeDegrees>59.816190923395176</LongitudeDegrees></Position></Trackpoint><Trackpoint><Time>2026-07-27T12:29:10.000Z</Time><Position><LatitudeDegrees>58.62901840246818</LatitudeDegrees><LongitudeDegrees>59.81620247195556</LongitudeDegrees></Position></Trackpoint><Trackpoint><Time>2026-07-27T12:29:11.000Z</Time><Position><LatitudeDegrees>58.62900873753446</LatitudeDegrees><LongitudeDegrees>59.81621526704844</LongitudeDegrees></Position></Trackpoint><Trackpoint><Time>2026-07-27T12:29:12.000Z</Time><Position><LatitudeDegrees>58.628996988789375</LatitudeDegrees><LongitudeDegrees>59.81622938132726</LongitudeDegrees></Position></Trackpoint><Trackpoint><Time>2026-07-27T12:29:13.000Z</Time><Position><LatitudeDegrees>58.62898344174182</LatitudeDegrees><LongitudeDegrees>59.81624467539762</LongitudeDegrees></Position></Trackpoint><Trackpoint><Time>2026-07-27T12:29:14.000Z</Time><Position><LatitudeDegrees>58.628969424004545</LatitudeDegrees><LongitudeDegrees>59.81626045081718</LongitudeDegrees></Position></Trackpoint><Trackpoint><Time>2026-07-27T12:29:15.000Z</Time><Position><LatitudeDegrees>58.62895554274504</LatitudeDegrees><LongitudeDegrees>59.81627586855303</LongitudeDegrees></Position></Trackpoint><Trackpoint><Time>2026-07-27T12:29:16.000Z</Time><Position><LatitudeDegrees>58.628942520109035</LatitudeDegrees><LongitudeDegrees>59.81629013936098</LongitudeDegrees></Position></Trackpoint><Trackpoint><Time>2026-07-27T12:29:17.000Z</Time><Position><LatitudeDegrees>58.6289305432972</LatitudeDegrees><LongitudeDegrees>59.81630308541042</LongitudeDegrees></Position></Trackpoint><Trackpoint><Time>2026-07-27T12:29:18.000Z</Time><Position><LatitudeDegrees>58.62891955517506</LatitudeDegrees><LongitudeDegrees>59.81631382427428</LongitudeDegrees></Position></Trackpoint><Trackpoint><Time>2026-07-27T12:29:19.000Z</Time><Position><LatitudeDegrees>58.62890989492653</LatitudeDegrees><LongitudeDegrees>59.81632374466046</LongitudeDegrees></Position></Trackpoint><Trackpoint><Time>2026-07-27T12:29:20.000Z</Time><Position><LatitudeDegrees>58.628900552587055</LatitudeDegrees><LongitudeDegrees>59.81633352353553</LongitudeDegrees></Position></Trackpoint><Trackpoint><Time>2026-07-27T12:29:21.000Z</Time><Position><LatitudeDegrees>58.6288910714164</LatitudeDegrees><LongitudeDegrees>59.81634443708091</LongitudeDegrees></Position></Trackpoint><Trackpoint><Time>2026-07-27T12:29:22.000Z</Time><Position><LatitudeDegrees>58.62888079152186</LatitudeDegrees><LongitudeDegrees>59.81635784445865</LongitudeDegrees></Position></Trackpoint><Trackpoint><Time>2026-07-27T12:29:23.000Z</Time><Position><LatitudeDegrees>58.628869543652606</LatitudeDegrees><LongitudeDegrees>59.81637349572681</LongitudeDegrees></Position></Trackpoint><Trackpoint><Time>2026-07-27T12:29:24.000Z</Time><Position><LatitudeDegrees>58.62885738234361</LatitudeDegrees><LongitudeDegrees>59.816390999951004</LongitudeDegrees></Position></Trackpoint><Trackpoint><Time>2026-07-27T12:29:25.000Z</Time><Position><LatitudeDegrees>58.628845426514026</LatitudeDegrees><LongitudeDegrees>59.816408979086084</LongitudeDegrees></Position></Trackpoint><Trackpoint><Time>2026-07-27T12:29:26.000Z</Time><Position><LatitudeDegrees>58.62883362098849</LatitudeDegrees><LongitudeDegrees>59.81642680465301</LongitudeDegrees></Position></Trackpoint><Trackpoint><Time>2026-07-27T12:29:27.000Z</Time><Position><LatitudeDegrees>58.62882290297387</LatitudeDegrees><LongitudeDegrees>59.81644227909093</LongitudeDegrees></Position></Trackpoint><Trackpoint><Time>2026-07-27T12:29:28.000Z</Time><Position><LatitudeDegrees>58.62881253964162</LatitudeDegrees><LongitudeDegrees>59.81645528874545</LongitudeDegrees></Position></Trackpoint><Trackpoint><Time>2026-07-27T12:29:29.000Z</Time><Position><LatitudeDegrees>58.62880316288678</LatitudeDegrees><LongitudeDegrees>59.816466592771754</LongitudeDegrees></Position></Trackpoint><Trackpoint><Time>2026-07-27T12:29:30.000Z</Time><Position><LatitudeDegrees>58.628794416708466</LatitudeDegrees><LongitudeDegrees>59.81647721234067</LongitudeDegrees></Position></Trackpoint><Trackpoint><Time>2026-07-27T12:29:31.000Z</Time><Position><LatitudeDegrees>58.62878558394948</LatitudeDegrees><LongitudeDegrees>59.8164881454641</LongitudeDegrees></Position></Trackpoint><Trackpoint><Time>2026-07-27T12:29:32.000Z</Time><Position><LatitudeDegrees>58.628775890762455</LatitudeDegrees><LongitudeDegrees>59.816498783691124</LongitudeDegrees></Position></Trackpoint><Trackpoint><Time>2026-07-27T12:29:33.000Z</Time><Position><LatitudeDegrees>58.628765618496494</LatitudeDegrees><LongitudeDegrees>59.816507935069644</LongitudeDegrees></Position></Trackpoint><Trackpoint><Time>2026-07-27T12:29:34.000Z</Time><Position><LatitudeDegrees>58.62875544695507</LatitudeDegrees><LongitudeDegrees>59.81651529954878</LongitudeDegrees></Position></Trackpoint><Trackpoint><Time>2026-07-27T12:29:35.000Z</Time><Position><LatitudeDegrees>58.62874564317607</LatitudeDegrees><LongitudeDegrees>59.81652000368219</LongitudeDegrees></Position></Trackpoint><Trackpoint><Time>2026-07-27T12:29:38.000Z</Time><Position><LatitudeDegrees>58.628737249154085</LatitudeDegrees><LongitudeDegrees>59.81652349803873</LongitudeDegrees></Position></Trackpoint><Trackpoint><Time>2026-07-27T12:29:39.000Z</Time><Position><LatitudeDegrees>58.628731002687694</LatitudeDegrees><LongitudeDegrees>59.81652604567343</LongitudeDegrees></Position></Trackpoint><Trackpoint><Time>2026-07-27T12:29:43.000Z</Time><Position><LatitudeDegrees>58.628719329833984</LatitudeDegrees><LongitudeDegrees>59.816532135009766</LongitudeDegrees></Position></Trackpoint><Trackpoint><Time>2026-07-27T12:29:44.000Z</Time><Position><LatitudeDegrees>58.62872693199143</LatitudeDegrees><LongitudeDegrees>59.81652836604208</LongitudeDegrees></Position></Trackpoint><Trackpoint><Time>2026-07-27T12:29:49.000Z</Time><Position><LatitudeDegrees>58.62872330059633</LatitudeDegrees><LongitudeDegrees>59.81652882616732</LongitudeDegrees></Position></Trackpoint><Trackpoint><Time>2026-07-27T12:29:50.000Z</Time><Position><LatitudeDegrees>58.62871933698291</LatitudeDegrees><LongitudeDegrees>59.816527481904686</LongitudeDegrees></Position></Trackpoint><Trackpoint><Time>2026-07-27T12:29:51.000Z</Time><Position><LatitudeDegrees>58.62871378683223</LatitudeDegrees><LongitudeDegrees>59.81652360862655</LongitudeDegrees></Position></Trackpoint><Trackpoint><Time>2026-07-27T12:29:52.000Z</Time><Position><LatitudeDegrees>58.628706826814174</LatitudeDegrees><LongitudeDegrees>59.81651576367054</LongitudeDegrees></Position></Trackpoint><Trackpoint><Time>2026-07-27T12:29:53.000Z</Time><Position><LatitudeDegrees>58.6286977314204</LatitudeDegrees><LongitudeDegrees>59.81650337304842</LongitudeDegrees></Position></Trackpoint><Trackpoint><Time>2026-07-27T12:29:54.000Z</Time><Position><LatitudeDegrees>58.62868647593463</LatitudeDegrees><LongitudeDegrees>59.81648727341267</LongitudeDegrees></Position></Trackpoint><Trackpoint><Time>2026-07-27T12:29:55.000Z</Time><Position><LatitudeDegrees>58.62867430664364</LatitudeDegrees><LongitudeDegrees>59.81646877498158</LongitudeDegrees></Position></Trackpoint><Trackpoint><Time>2026-07-27T12:29:56.000Z</Time><Position><LatitudeDegrees>58.628661854095405</LatitudeDegrees><LongitudeDegrees>59.81644872522849</LongitudeDegrees></Position></Trackpoint><Trackpoint><Time>2026-07-27T12:29:57.000Z</Time><Position><LatitudeDegrees>58.62864990393687</LatitudeDegrees><LongitudeDegrees>59.81642914111286</LongitudeDegrees></Position></Trackpoint><Trackpoint><Time>2026-07-27T12:29:58.000Z</Time><Position><LatitudeDegrees>58.62863871524268</LatitudeDegrees><LongitudeDegrees>59.81641128313263</LongitudeDegrees></Position></Trackpoint><Trackpoint><Time>2026-07-27T12:29:59.000Z</Time><Position><LatitudeDegrees>58.628628296975634</LatitudeDegrees><LongitudeDegrees>59.81639446963476</LongitudeDegrees></Position></Trackpoint><Trackpoint><Time>2026-07-27T12:30:00.000Z</Time><Position><LatitudeDegrees>58.62861953316497</LatitudeDegrees><LongitudeDegrees>59.816378285834084</LongitudeDegrees></Position></Trackpoint><Trackpoint><Time>2026-07-27T12:30:01.000Z</Time><Position><LatitudeDegrees>58.62861208592584</LatitudeDegrees><LongitudeDegrees>59.81636345930879</LongitudeDegrees></Position></Trackpoint><Trackpoint><Time>2026-07-27T12:30:02.000Z</Time><Position><LatitudeDegrees>58.62860564712601</LatitudeDegrees><LongitudeDegrees>59.816349136274354</LongitudeDegrees></Position></Trackpoint><Trackpoint><Time>2026-07-27T12:30:03.000Z</Time><Position><LatitudeDegrees>58.62860045004532</LatitudeDegrees><LongitudeDegrees>59.81633392127032</LongitudeDegrees></Position></Trackpoint><Trackpoint><Time>2026-07-27T12:30:04.000Z</Time><Position><LatitudeDegrees>58.62859545216219</LatitudeDegrees><LongitudeDegrees>59.81631735408248</LongitudeDegrees></Position></Trackpoint><Trackpoint><Time>2026-07-27T12:30:05.000Z</Time><Position><LatitudeDegrees>58.628589708954124</LatitudeDegrees><LongitudeDegrees>59.81629941873002</LongitudeDegrees></Position></Trackpoint><Trackpoint><Time>2026-07-27T12:30:06.000Z</Time><Position><LatitudeDegrees>58.62858243748599</LatitudeDegrees><LongitudeDegrees>59.81627930501213</LongitudeDegrees></Position></Trackpoint><Trackpoint><Time>2026-07-27T12:30:07.000Z</Time><Position><LatitudeDegrees>58.62857351146884</LatitudeDegrees><LongitudeDegrees>59.81625744846163</LongitudeDegrees></Position></Trackpoint><Trackpoint><Time>2026-07-27T12:30:08.000Z</Time><Position><LatitudeDegrees>58.62856358086217</LatitudeDegrees><LongitudeDegrees>59.81623474174598</LongitudeDegrees></Position></Trackpoint><Trackpoint><Time>2026-07-27T12:30:09.000Z</Time><Position><LatitudeDegrees>58.628553531889125</LatitudeDegrees><LongitudeDegrees>59.81621117200223</LongitudeDegrees></Position></Trackpoint><Trackpoint><Time>2026-07-27T12:30:10.000Z</Time><Position><LatitudeDegrees>58.628543744718094</LatitudeDegrees><LongitudeDegrees>59.81618880314379</LongitudeDegrees></Position></Trackpoint><Trackpoint><Time>2026-07-27T12:30:11.000Z</Time><Position><LatitudeDegrees>58.628534342313216</LatitudeDegrees><LongitudeDegrees>59.81616882063785</LongitudeDegrees></Position></Trackpoint><Trackpoint><Time>2026-07-27T12:30:12.000Z</Time><Position><LatitudeDegrees>58.628525815541686</LatitudeDegrees><LongitudeDegrees>59.8161514064146</LongitudeDegrees></Position></Trackpoint><Trackpoint><Time>2026-07-27T12:30:13.000Z</Time><Position><LatitudeDegrees>58.62851776456214</LatitudeDegrees><LongitudeDegrees>59.816135816153135</LongitudeDegrees></Position></Trackpoint><Trackpoint><Time>2026-07-27T12:30:14.000Z</Time><Position><LatitudeDegrees>58.62851045325002</LatitudeDegrees><LongitudeDegrees>59.81612101960394</LongitudeDegrees></Position></Trackpoint><Trackpoint><Time>2026-07-27T12:30:15.000Z</Time><Position><LatitudeDegrees>58.62850340573222</LatitudeDegrees><LongitudeDegrees>59.8161055113829</LongitudeDegrees></Position></Trackpoint><Trackpoint><Time>2026-07-27T12:30:16.000Z</Time><Position><LatitudeDegrees>58.62849639217071</LatitudeDegrees><LongitudeDegrees>59.81608729403278</LongitudeDegrees></Position></Trackpoint><Trackpoint><Time>2026-07-27T12:30:17.000Z</Time><Position><LatitudeDegrees>58.62848882394169</LatitudeDegrees><LongitudeDegrees>59.816066871867946</LongitudeDegrees></Position></Trackpoint><Trackpoint><Time>2026-07-27T12:30:18.000Z</Time><Position><LatitudeDegrees>58.6284815090422</LatitudeDegrees><LongitudeDegrees>59.81604522517711</LongitudeDegrees></Position></Trackpoint><Trackpoint><Time>2026-07-27T12:30:19.000Z</Time><Position><LatitudeDegrees>58.6284742581073</LatitudeDegrees><LongitudeDegrees>59.81602438367378</LongitudeDegrees></Position></Trackpoint><Trackpoint><Time>2026-07-27T12:30:20.000Z</Time><Position><LatitudeDegrees>58.62846796416167</LatitudeDegrees><LongitudeDegrees>59.816004100695814</LongitudeDegrees></Position></Trackpoint><Trackpoint><Time>2026-07-27T12:30:21.000Z</Time><Position><LatitudeDegrees>58.628461892933295</LatitudeDegrees><LongitudeDegrees>59.81598518219488</LongitudeDegrees></Position></Trackpoint><Trackpoint><Time>2026-07-27T12:30:22.000Z</Time><Position><LatitudeDegrees>58.62845571343904</LatitudeDegrees><LongitudeDegrees>59.815966316128325</LongitudeDegrees></Position></Trackpoint><Trackpoint><Time>2026-07-27T12:30:23.000Z</Time><Position><LatitudeDegrees>58.628449792875394</LatitudeDegrees><LongitudeDegrees>59.815946955423364</LongitudeDegrees></Position></Trackpoint><Trackpoint><Time>2026-07-27T12:30:24.000Z</Time><Position><LatitudeDegrees>58.62844424923277</LatitudeDegrees><LongitudeDegrees>59.815927427873895</LongitudeDegrees></Position></Trackpoint><Trackpoint><Time>2026-07-27T12:30:25.000Z</Time><Position><LatitudeDegrees>58.62843908272632</LatitudeDegrees><LongitudeDegrees>59.81590740027998</LongitudeDegrees></Position></Trackpoint><Trackpoint><Time>2026-07-27T12:30:26.000Z</Time><Position><LatitudeDegrees>58.62843375542916</LatitudeDegrees><LongitudeDegrees>59.81588679959874</LongitudeDegrees></Position></Trackpoint><Trackpoint><Time>2026-07-27T12:30:27.000Z</Time><Position><LatitudeDegrees>58.62842806644231</LatitudeDegrees><LongitudeDegrees>59.8158666485248</LongitudeDegrees></Position></Trackpoint><Trackpoint><Time>2026-07-27T12:30:28.000Z</Time><Position><LatitudeDegrees>58.62842246906182</LatitudeDegrees><LongitudeDegrees>59.81584828975274</LongitudeDegrees></Position></Trackpoint><Trackpoint><Time>2026-07-27T12:30:29.000Z</Time><Position><LatitudeDegrees>58.62841713821257</LatitudeDegrees><LongitudeDegrees>59.81583204620972</LongitudeDegrees></Position></Trackpoint><Trackpoint><Time>2026-07-27T12:30:30.000Z</Time><Position><LatitudeDegrees>58.62841162211497</LatitudeDegrees><LongitudeDegrees>59.81581728979086</LongitudeDegrees></Position></Trackpoint><Trackpoint><Time>2026-07-27T12:30:31.000Z</Time><Position><LatitudeDegrees>58.62840575848746</LatitudeDegrees><LongitudeDegrees>59.81580308134085</LongitudeDegrees></Position></Trackpoint><Trackpoint><Time>2026-07-27T12:30:32.000Z</Time><Position><LatitudeDegrees>58.62840001471264</LatitudeDegrees><LongitudeDegrees>59.81578847414266</LongitudeDegrees></Position></Trackpoint><Trackpoint><Time>2026-07-27T12:30:33.000Z</Time><Position><LatitudeDegrees>58.6283935886701</LatitudeDegrees><LongitudeDegrees>59.81577410870658</LongitudeDegrees></Position></Trackpoint><Trackpoint><Time>2026-07-27T12:30:34.000Z</Time><Position><LatitudeDegrees>58.62838672719855</LatitudeDegrees><LongitudeDegrees>59.81575825934384</LongitudeDegrees></Position></Trackpoint><Trackpoint><Time>2026-07-27T12:30:35.000Z</Time><Position><LatitudeDegrees>58.62837958784107</LatitudeDegrees><LongitudeDegrees>59.81574089542861</LongitudeDegrees></Position></Trackpoint><Trackpoint><Time>2026-07-27T12:30:36.000Z</Time><Position><LatitudeDegrees>58.62837227114537</LatitudeDegrees><LongitudeDegrees>59.81572219873869</LongitudeDegrees></Position></Trackpoint><Trackpoint><Time>2026-07-27T12:30:37.000Z</Time><Position><LatitudeDegrees>58.628364351670854</LatitudeDegrees><LongitudeDegrees>59.81570241519583</LongitudeDegrees></Position></Trackpoint><Trackpoint><Time>2026-07-27T12:30:38.000Z</Time><Position><LatitudeDegrees>58.62835622118324</LatitudeDegrees><LongitudeDegrees>59.81568178557475</LongitudeDegrees></Position></Trackpoint><Trackpoint><Time>2026-07-27T12:30:39.000Z</Time><Position><LatitudeDegrees>58.62834757849731</LatitudeDegrees><LongitudeDegrees>59.81566051762737</LongitudeDegrees></Position></Trackpoint><Trackpoint><Time>2026-07-27T12:30:40.000Z</Time><Position><LatitudeDegrees>58.62833885492545</LatitudeDegrees><LongitudeDegrees>59.81563926845168</LongitudeDegrees></Position></Trackpoint><Trackpoint><Time>2026-07-27T12:30:41.000Z</Time><Position><LatitudeDegrees>58.6283307280887</LatitudeDegrees><LongitudeDegrees>59.81561879586386</LongitudeDegrees></Position></Trackpoint><Trackpoint><Time>2026-07-27T12:30:42.000Z</Time><Position><LatitudeDegrees>58.628323400463934</LatitudeDegrees><LongitudeDegrees>59.81559882267338</LongitudeDegrees></Position></Trackpoint><Trackpoint><Time>2026-07-27T12:30:43.000Z</Time><Position><LatitudeDegrees>58.628316852860245</LatitudeDegrees><LongitudeDegrees>59.81557917062704</LongitudeDegrees></Position></Trackpoint><Trackpoint><Time>2026-07-27T12:30:44.000Z</Time><Position><LatitudeDegrees>58.628310977259645</LatitudeDegrees><LongitudeDegrees>59.81555874587463</LongitudeDegrees></Position></Trackpoint><Trackpoint><Time>2026-07-27T12:30:45.000Z</Time><Position><LatitudeDegrees>58.62830466370491</LatitudeDegrees><LongitudeDegrees>59.81553817632905</LongitudeDegrees></Position></Trackpoint><Trackpoint><Time>2026-07-27T12:30:46.000Z</Time><Position><LatitudeDegrees>58.6282975112894</LatitudeDegrees><LongitudeDegrees>59.81551773916975</LongitudeDegrees></Position></Trackpoint><Trackpoint><Time>2026-07-27T12:30:47.000Z</Time><Position><LatitudeDegrees>58.62828995218351</LatitudeDegrees><LongitudeDegrees>59.81549851077814</LongitudeDegrees></Position></Trackpoint><Trackpoint><Time>2026-07-27T12:30:48.000Z</Time><Position><LatitudeDegrees>58.628283195788754</LatitudeDegrees><LongitudeDegrees>59.815480779300465</LongitudeDegrees></Position></Trackpoint><Trackpoint><Time>2026-07-27T12:30:49.000Z</Time><Position><LatitudeDegrees>58.628276657929014</LatitudeDegrees><LongitudeDegrees>59.81546398166771</LongitudeDegrees></Position></Trackpoint><Trackpoint><Time>2026-07-27T12:30:50.000Z</Time><Position><LatitudeDegrees>58.628270069972444</LatitudeDegrees><LongitudeDegrees>59.81544727652108</LongitudeDegrees></Position></Trackpoint><Trackpoint><Time>2026-07-27T12:30:51.000Z</Time><Position><LatitudeDegrees>58.62826332771734</LatitudeDegrees><LongitudeDegrees>59.815429815879874</LongitudeDegrees></Position></Trackpoint><Trackpoint><Time>2026-07-27T12:30:52.000Z</Time><Position><LatitudeDegrees>58.62825591844334</LatitudeDegrees><LongitudeDegrees>59.815410857873346</LongitudeDegrees></Position></Trackpoint><Trackpoint><Time>2026-07-27T12:30:53.000Z</Time><Position><LatitudeDegrees>58.62824820621657</LatitudeDegrees><LongitudeDegrees>59.81538979954833</LongitudeDegrees></Position></Trackpoint><Trackpoint><Time>2026-07-27T12:30:54.000Z</Time><Position><LatitudeDegrees>58.62824086946576</LatitudeDegrees><LongitudeDegrees>59.81536715177192</LongitudeDegrees></Position></Trackpoint><Trackpoint><Time>2026-07-27T12:30:55.000Z</Time><Position><LatitudeDegrees>58.62823413939872</LatitudeDegrees><LongitudeDegrees>59.81534430816115</LongitudeDegrees></Position></Trackpoint><Trackpoint><Time>2026-07-27T12:30:56.000Z</Time><Position><LatitudeDegrees>58.62822803336758</LatitudeDegrees><LongitudeDegrees>59.815322847010265</LongitudeDegrees></Position></Trackpoint><Trackpoint><Time>2026-07-27T12:30:57.000Z</Time><Position><LatitudeDegrees>58.62822247842446</LatitudeDegrees><LongitudeDegrees>59.8153027512662</LongitudeDegrees></Position></Trackpoint><Trackpoint><Time>2026-07-27T12:30:58.000Z</Time><Position><LatitudeDegrees>58.62821786340631</LatitudeDegrees><LongitudeDegrees>59.81528383865806</LongitudeDegrees></Position></Trackpoint><Trackpoint><Time>2026-07-27T12:30:59.000Z</Time><Position><LatitudeDegrees>58.628213738200586</LatitudeDegrees><LongitudeDegrees>59.81526539265627</LongitudeDegrees></Position></Trackpoint><Trackpoint><Time>2026-07-27T12:31:00.000Z</Time><Position><LatitudeDegrees>58.628208875347994</LatitudeDegrees><LongitudeDegrees>59.81524509983937</LongitudeDegrees></Position></Trackpoint><Trackpoint><Time>2026-07-27T12:31:01.000Z</Time><Position><LatitudeDegrees>58.62820335362636</LatitudeDegrees><LongitudeDegrees>59.81522224449918</LongitudeDegrees></Position></Trackpoint><Trackpoint><Time>2026-07-27T12:31:02.000Z</Time><Position><LatitudeDegrees>58.62819680043324</LatitudeDegrees><LongitudeDegrees>59.8151973503898</LongitudeDegrees></Position></Trackpoint><Trackpoint><Time>2026-07-27T12:31:03.000Z</Time><Position><LatitudeDegrees>58.62818919470632</LatitudeDegrees><LongitudeDegrees>59.81517138449421</LongitudeDegrees></Position></Trackpoint><Trackpoint><Time>2026-07-27T12:31:04.000Z</Time><Position><LatitudeDegrees>58.62818066286257</LatitudeDegrees><LongitudeDegrees>59.81514635144222</LongitudeDegrees></Position></Trackpoint><Trackpoint><Time>2026-07-27T12:31:05.000Z</Time><Position><LatitudeDegrees>58.628171865441004</LatitudeDegrees><LongitudeDegrees>59.81512344668881</LongitudeDegrees></Position></Trackpoint><Trackpoint><Time>2026-07-27T12:31:06.000Z</Time><Position><LatitudeDegrees>58.628164087781386</LatitudeDegrees><LongitudeDegrees>59.81510239978767</LongitudeDegrees></Position></Trackpoint><Trackpoint><Time>2026-07-27T12:31:07.000Z</Time><Position><LatitudeDegrees>58.628157238733955</LatitudeDegrees><LongitudeDegrees>59.815083350518094</LongitudeDegrees></Position></Trackpoint><Trackpoint><Time>2026-07-27T12:31:08.000Z</Time><Position><LatitudeDegrees>58.628151161574245</LatitudeDegrees><LongitudeDegrees>59.81506610005287</LongitudeDegrees></Position></Trackpoint><Trackpoint><Time>2026-07-27T12:31:09.000Z</Time><Position><LatitudeDegrees>58.62814520307665</LatitudeDegrees><LongitudeDegrees>59.815049846023875</LongitudeDegrees></Position></Trackpoint><Trackpoint><Time>2026-07-27T12:31:10.000Z</Time><Position><LatitudeDegrees>58.628139078990976</LatitudeDegrees><LongitudeDegrees>59.81503413009809</LongitudeDegrees></Position></Trackpoint><Trackpoint><Time>2026-07-27T12:31:11.000Z</Time><Position><LatitudeDegrees>58.6281326935065</LatitudeDegrees><LongitudeDegrees>59.81501771523272</LongitudeDegrees></Position></Trackpoint><Trackpoint><Time>2026-07-27T12:31:12.000Z</Time><Position><LatitudeDegrees>58.62812555110469</LatitudeDegrees><LongitudeDegrees>59.81499920245889</LongitudeDegrees></Position></Trackpoint><Trackpoint><Time>2026-07-27T12:31:13.000Z</Time><Position><LatitudeDegrees>58.62811754486368</LatitudeDegrees><LongitudeDegrees>59.81497828489794</LongitudeDegrees></Position></Trackpoint><Trackpoint><Time>2026-07-27T12:31:14.000Z</Time><Position><LatitudeDegrees>58.62810972084317</LatitudeDegrees><LongitudeDegrees>59.81495661364964</LongitudeDegrees></Position></Trackpoint><Trackpoint><Time>2026-07-27T12:31:15.000Z</Time><Position><LatitudeDegrees>58.62810248645771</LatitudeDegrees><LongitudeDegrees>59.81493496542658</LongitudeDegrees></Position></Trackpoint><Trackpoint><Time>2026-07-27T12:31:16.000Z</Time><Position><LatitudeDegrees>58.62809593381544</LatitudeDegrees><LongitudeDegrees>59.81491414676026</LongitudeDegrees></Position></Trackpoint><Trackpoint><Time>2026-07-27T12:31:17.000Z</Time><Position><LatitudeDegrees>58.62809001334883</LatitudeDegrees><LongitudeDegrees>59.814894383334895</LongitudeDegrees></Position></Trackpoint><Trackpoint><Time>2026-07-27T12:31:18.000Z</Time><Position><LatitudeDegrees>58.62808413389494</LatitudeDegrees><LongitudeDegrees>59.814875143045576</LongitudeDegrees></Position></Trackpoint><Trackpoint><Time>2026-07-27T12:31:19.000Z</Time><Position><LatitudeDegrees>58.628077557118594</LatitudeDegrees><LongitudeDegrees>59.81485564999942</LongitudeDegrees></Position></Trackpoint><Trackpoint><Time>2026-07-27T12:31:20.000Z</Time><Position><LatitudeDegrees>58.62807006844904</LatitudeDegrees><LongitudeDegrees>59.8148351274882</LongitudeDegrees></Position></Trackpoint><Trackpoint><Time>2026-07-27T12:31:21.000Z</Time><Position><LatitudeDegrees>58.628061696559</LatitudeDegrees><LongitudeDegrees>59.81481387737848</LongitudeDegrees></Position></Trackpoint><Trackpoint><Time>2026-07-27T12:31:22.000Z</Time><Position><LatitudeDegrees>58.62805354583811</LatitudeDegrees><LongitudeDegrees>59.814793096596354</LongitudeDegrees></Position></Trackpoint><Trackpoint><Time>2026-07-27T12:31:23.000Z</Time><Position><LatitudeDegrees>58.62804604272411</LatitudeDegrees><LongitudeDegrees>59.8147722386172</LongitudeDegrees></Position></Trackpoint><Trackpoint><Time>2026-07-27T12:31:24.000Z</Time><Position><LatitudeDegrees>58.62803927971893</LatitudeDegrees><LongitudeDegrees>59.81475206749331</LongitudeDegrees></Position></Trackpoint><Trackpoint><Time>2026-07-27T12:31:25.000Z</Time><Position><LatitudeDegrees>58.628033689536714</LatitudeDegrees><LongitudeDegrees>59.81473280973006</LongitudeDegrees></Position></Trackpoint><Trackpoint><Time>2026-07-27T12:31:26.000Z</Time><Position><LatitudeDegrees>58.62802881024292</LatitudeDegrees><LongitudeDegrees>59.81471395177084</LongitudeDegrees></Position></Trackpoint><Trackpoint><Time>2026-07-27T12:31:27.000Z</Time><Position><LatitudeDegrees>58.62802436035603</LatitudeDegrees><LongitudeDegrees>59.814695230801675</LongitudeDegrees></Position></Trackpoint><Trackpoint><Time>2026-07-27T12:31:28.000Z</Time><Position><LatitudeDegrees>58.62801918961761</LatitudeDegrees><LongitudeDegrees>59.814676521004536</LongitudeDegrees></Position></Trackpoint><Trackpoint><Time>2026-07-27T12:31:29.000Z</Time><Position><LatitudeDegrees>58.628013406443706</LatitudeDegrees><LongitudeDegrees>59.81465727951884</LongitudeDegrees></Position></Trackpoint><Trackpoint><Time>2026-07-27T12:31:30.000Z</Time><Position><LatitudeDegrees>58.628006644478205</LatitudeDegrees><LongitudeDegrees>59.81463735101791</LongitudeDegrees></Position></Trackpoint><Trackpoint><Time>2026-07-27T12:31:31.000Z</Time><Position><LatitudeDegrees>58.628000836912335</LatitudeDegrees><LongitudeDegrees>59.814617249321024</LongitudeDegrees></Position></Trackpoint><Trackpoint><Time>2026-07-27T12:31:32.000Z</Time><Position><LatitudeDegrees>58.62799518857111</LatitudeDegrees><LongitudeDegrees>59.81459720826554</LongitudeDegrees></Position></Trackpoint><Trackpoint><Time>2026-07-27T12:31:33.000Z</Time><Position><LatitudeDegrees>58.62799033075996</LatitudeDegrees><LongitudeDegrees>59.81457829559148</LongitudeDegrees></Position></Trackpoint><Trackpoint><Time>2026-07-27T12:31:34.000Z</Time><Position><LatitudeDegrees>58.62798642200815</LatitudeDegrees><LongitudeDegrees>59.81455982698251</LongitudeDegrees></Position></Trackpoint><Trackpoint><Time>2026-07-27T12:31:35.000Z</Time><Position><LatitudeDegrees>58.627983405793</LatitudeDegrees><LongitudeDegrees>59.81454244284049</LongitudeDegrees></Position></Trackpoint><Trackpoint><Time>2026-07-27T12:31:36.000Z</Time><Position><LatitudeDegrees>58.62798016505963</LatitudeDegrees><LongitudeDegrees>59.81452430927211</LongitudeDegrees></Position></Trackpoint><Trackpoint><Time>2026-07-27T12:31:37.000Z</Time><Position><LatitudeDegrees>58.627975778973536</LatitudeDegrees><LongitudeDegrees>59.81450427759605</LongitudeDegrees></Position></Trackpoint><Trackpoint><Time>2026-07-27T12:31:38.000Z</Time><Position><LatitudeDegrees>58.62796952569803</LatitudeDegrees><LongitudeDegrees>59.814481628755686</LongitudeDegrees></Position></Trackpoint><Trackpoint><Time>2026-07-27T12:31:39.000Z</Time><Position><LatitudeDegrees>58.62796134760762</LatitudeDegrees><LongitudeDegrees>59.814456892139205</LongitudeDegrees></Position></Trackpoint><Trackpoint><Time>2026-07-27T12:31:40.000Z</Time><Position><LatitudeDegrees>58.62795195762791</LatitudeDegrees><LongitudeDegrees>59.81443153295046</LongitudeDegrees></Position></Trackpoint><Trackpoint><Time>2026-07-27T12:31:41.000Z</Time><Position><LatitudeDegrees>58.627942294520224</LatitudeDegrees><LongitudeDegrees>59.81440770334732</LongitudeDegrees></Position></Trackpoint><Trackpoint><Time>2026-07-27T12:31:42.000Z</Time><Position><LatitudeDegrees>58.627932779953326</LatitudeDegrees><LongitudeDegrees>59.814386582950796</LongitudeDegrees></Position></Trackpoint><Trackpoint><Time>2026-07-27T12:31:43.000Z</Time><Position><LatitudeDegrees>58.62792405813012</LatitudeDegrees><LongitudeDegrees>59.81436733062434</LongitudeDegrees></Position></Trackpoint><Trackpoint><Time>2026-07-27T12:31:44.000Z</Time><Position><LatitudeDegrees>58.627915802996775</LatitudeDegrees><LongitudeDegrees>59.81434984980653</LongitudeDegrees></Position></Trackpoint><Trackpoint><Time>2026-07-27T12:31:45.000Z</Time><Position><LatitudeDegrees>58.62790684115326</LatitudeDegrees><LongitudeDegrees>59.814332404527846</LongitudeDegrees></Position></Trackpoint><Trackpoint><Time>2026-07-27T12:31:46.000Z</Time><Position><LatitudeDegrees>58.62789726967013</LatitudeDegrees><LongitudeDegrees>59.81431427529675</LongitudeDegrees></Position></Trackpoint><Trackpoint><Time>2026-07-27T12:31:47.000Z</Time><Position><LatitudeDegrees>58.62788720677058</LatitudeDegrees><LongitudeDegrees>59.81429574319752</LongitudeDegrees></Position></Trackpoint><Trackpoint><Time>2026-07-27T12:31:48.000Z</Time><Position><LatitudeDegrees>58.62787676421543</LatitudeDegrees><LongitudeDegrees>59.81427697569754</LongitudeDegrees></Position></Trackpoint><Trackpoint><Time>2026-07-27T12:31:49.000Z</Time><Position><LatitudeDegrees>58.62786701598097</LatitudeDegrees><LongitudeDegrees>59.81425856158941</LongitudeDegrees></Position></Trackpoint><Trackpoint><Time>2026-07-27T12:31:50.000Z</Time><Position><LatitudeDegrees>58.62785782564082</LatitudeDegrees><LongitudeDegrees>59.81424069800026</LongitudeDegrees></Position></Trackpoint><Trackpoint><Time>2026-07-27T12:31:51.000Z</Time><Position><LatitudeDegrees>58.62784857579454</LatitudeDegrees><LongitudeDegrees>59.81422290584471</LongitudeDegrees></Position></Trackpoint><Trackpoint><Time>2026-07-27T12:31:52.000Z</Time><Position><LatitudeDegrees>58.62783950942418</LatitudeDegrees><LongitudeDegrees>59.814204489040414</LongitudeDegrees></Position></Trackpoint><Trackpoint><Time>2026-07-27T12:31:53.000Z</Time><Position><LatitudeDegrees>58.62783070304899</LatitudeDegrees><LongitudeDegrees>59.81418622031141</LongitudeDegrees></Position></Trackpoint><Trackpoint><Time>2026-07-27T12:31:54.000Z</Time><Position><LatitudeDegrees>58.62782166520156</LatitudeDegrees><LongitudeDegrees>59.8141688884966</LongitudeDegrees></Position></Trackpoint><Trackpoint><Time>2026-07-27T12:31:55.000Z</Time><Position><LatitudeDegrees>58.62781271279893</LatitudeDegrees><LongitudeDegrees>59.81415269821464</LongitudeDegrees></Position></Trackpoint><Trackpoint><Time>2026-07-27T12:31:56.000Z</Time><Position><LatitudeDegrees>58.6278039653914</LatitudeDegrees><LongitudeDegrees>59.81413660799905</LongitudeDegrees></Position></Trackpoint><Trackpoint><Time>2026-07-27T12:31:57.000Z</Time><Position><LatitudeDegrees>58.627795445902976</LatitudeDegrees><LongitudeDegrees>59.814121155317096</LongitudeDegrees></Position></Trackpoint><Trackpoint><Time>2026-07-27T12:31:58.000Z</Time><Position><LatitudeDegrees>58.627787624132054</LatitudeDegrees><LongitudeDegrees>59.8141059900786</LongitudeDegrees></Position></Trackpoint><Trackpoint><Time>2026-07-27T12:31:59.000Z</Time><Position><LatitudeDegrees>58.62778011439569</LatitudeDegrees><LongitudeDegrees>59.81409044160122</LongitudeDegrees></Position></Trackpoint><Trackpoint><Time>2026-07-27T12:32:00.000Z</Time><Position><LatitudeDegrees>58.627772717807616</LatitudeDegrees><LongitudeDegrees>59.81407330364249</LongitudeDegrees></Position></Trackpoint><Trackpoint><Time>2026-07-27T12:32:01.000Z</Time><Position><LatitudeDegrees>58.627765827548046</LatitudeDegrees><LongitudeDegrees>59.81405477304967</LongitudeDegrees></Position></Trackpoint><Trackpoint><Time>2026-07-27T12:32:02.000Z</Time><Position><LatitudeDegrees>58.6277595405552</LatitudeDegrees><LongitudeDegrees>59.814035599244136</LongitudeDegrees></Position></Trackpoint><Trackpoint><Time>2026-07-27T12:32:03.000Z</Time><Position><LatitudeDegrees>58.62775332971249</LatitudeDegrees><LongitudeDegrees>59.81401519419674</LongitudeDegrees></Position></Trackpoint><Trackpoint><Time>2026-07-27T12:32:04.000Z</Time><Position><LatitudeDegrees>58.627746968161965</LatitudeDegrees><LongitudeDegrees>59.81399396337611</LongitudeDegrees></Position></Trackpoint><Trackpoint><Time>2026-07-27T12:32:05.000Z</Time><Position><LatitudeDegrees>58.62774038181907</LatitudeDegrees><LongitudeDegrees>59.81397266936512</LongitudeDegrees></Position></Trackpoint><Trackpoint><Time>2026-07-27T12:32:06.000Z</Time><Position><LatitudeDegrees>58.62773356902509</LatitudeDegrees><LongitudeDegrees>59.81395065510998</LongitudeDegrees></Position></Trackpoint><Trackpoint><Time>2026-07-27T12:32:07.000Z</Time><Position><LatitudeDegrees>58.62772704777217</LatitudeDegrees><LongitudeDegrees>59.81392823206687</LongitudeDegrees></Position></Trackpoint><Trackpoint><Time>2026-07-27T12:32:08.000Z</Time><Position><LatitudeDegrees>58.627720504357285</LatitudeDegrees><LongitudeDegrees>59.8139060705818</LongitudeDegrees></Position></Trackpoint><Trackpoint><Time>2026-07-27T12:32:09.000Z</Time><Position><LatitudeDegrees>58.62771430204214</LatitudeDegrees><LongitudeDegrees>59.81388490276563</LongitudeDegrees></Position></Trackpoint><Trackpoint><Time>2026-07-27T12:32:10.000Z</Time><Position><LatitudeDegrees>58.62770805703977</LatitudeDegrees><LongitudeDegrees>59.81386441297951</LongitudeDegrees></Position></Trackpoint><Trackpoint><Time>2026-07-27T12:32:11.000Z</Time><Position><LatitudeDegrees>58.62770161677273</LatitudeDegrees><LongitudeDegrees>59.813844384208714</LongitudeDegrees></Position></Trackpoint><Trackpoint><Time>2026-07-27T12:32:12.000Z</Time><Position><LatitudeDegrees>58.6276954330771</LatitudeDegrees><LongitudeDegrees>59.81382564712995</LongitudeDegrees></Position></Trackpoint><Trackpoint><Time>2026-07-27T12:32:13.000Z</Time><Position><LatitudeDegrees>58.62768916949286</LatitudeDegrees><LongitudeDegrees>59.81380837805688</LongitudeDegrees></Position></Trackpoint><Trackpoint><Time>2026-07-27T12:32:14.000Z</Time><Position><LatitudeDegrees>58.627683187318766</LatitudeDegrees><LongitudeDegrees>59.81379050274256</LongitudeDegrees></Position></Trackpoint><Trackpoint><Time>2026-07-27T12:32:15.000Z</Time><Position><LatitudeDegrees>58.62767759923112</LatitudeDegrees><LongitudeDegrees>59.8137717343637</LongitudeDegrees></Position></Trackpoint><Trackpoint><Time>2026-07-27T12:32:16.000Z</Time><Position><LatitudeDegrees>58.627671911442775</LatitudeDegrees><LongitudeDegrees>59.81375304864161</LongitudeDegrees></Position></Trackpoint><Trackpoint><Time>2026-07-27T12:32:17.000Z</Time><Position><LatitudeDegrees>58.62766593339214</LatitudeDegrees><LongitudeDegrees>59.81373532641262</LongitudeDegrees></Position></Trackpoint><Trackpoint><Time>2026-07-27T12:32:18.000Z</Time><Position><LatitudeDegrees>58.62766011346494</LatitudeDegrees><LongitudeDegrees>59.813718806771625</LongitudeDegrees></Position></Trackpoint><Trackpoint><Time>2026-07-27T12:32:19.000Z</Time><Position><LatitudeDegrees>58.627654616026476</LatitudeDegrees><LongitudeDegrees>59.81370294422491</LongitudeDegrees></Position></Trackpoint><Trackpoint><Time>2026-07-27T12:32:20.000Z</Time><Position><LatitudeDegrees>58.627648977766285</LatitudeDegrees><LongitudeDegrees>59.81368791939352</LongitudeDegrees></Position></Trackpoint><Trackpoint><Time>2026-07-27T12:32:21.000Z</Time><Position><LatitudeDegrees>58.62764302595194</LatitudeDegrees><LongitudeDegrees>59.81367467836499</LongitudeDegrees></Position></Trackpoint><Trackpoint><Time>2026-07-27T12:32:22.000Z</Time><Position><LatitudeDegrees>58.62763721930128</LatitudeDegrees><LongitudeDegrees>59.81366387143192</LongitudeDegrees></Position></Trackpoint><Trackpoint><Time>2026-07-27T12:32:23.000Z</Time><Position><LatitudeDegrees>58.62763221770868</LatitudeDegrees><LongitudeDegrees>59.81365496438342</LongitudeDegrees></Position></Trackpoint><Trackpoint><Time>2026-07-27T12:32:24.000Z</Time><Position><LatitudeDegrees>58.627626723691115</LatitudeDegrees><LongitudeDegrees>59.81364434968093</LongitudeDegrees></Position></Trackpoint><Trackpoint><Time>2026-07-27T12:32:25.000Z</Time><Position><LatitudeDegrees>58.627624663868495</LatitudeDegrees><LongitudeDegrees>59.81364019185071</LongitudeDegrees></Position></Trackpoint><Trackpoint><Time>2026-07-27T12:32:26.000Z</Time><Position><LatitudeDegrees>58.627622816815425</LatitudeDegrees><LongitudeDegrees>59.8136346143098</LongitudeDegrees></Position></Trackpoint><Trackpoint><Time>2026-07-27T12:32:27.000Z</Time><Position><LatitudeDegrees>58.627621294454414</LatitudeDegrees><LongitudeDegrees>59.81362720951113</LongitudeDegrees></Position></Trackpoint><Trackpoint><Time>2026-07-27T12:32:28.000Z</Time><Position><LatitudeDegrees>58.62761961159453</LatitudeDegrees><LongitudeDegrees>59.81361804413901</LongitudeDegrees></Position></Trackpoint><Trackpoint><Time>2026-07-27T12:32:29.000Z</Time><Position><LatitudeDegrees>58.62761758901777</LatitudeDegrees><LongitudeDegrees>59.81360639240195</LongitudeDegrees></Position></Trackpoint><Trackpoint><Time>2026-07-27T12:32:30.000Z</Time><Position><LatitudeDegrees>58.627615196518306</LatitudeDegrees><LongitudeDegrees>59.81359325373724</LongitudeDegrees></Position></Trackpoint><Trackpoint><Time>2026-07-27T12:32:31.000Z</Time><Position><LatitudeDegrees>58.62761246913541</LatitudeDegrees><LongitudeDegrees>59.813579720202</LongitudeDegrees></Position></Trackpoint><Trackpoint><Time>2026-07-27T12:32:32.000Z</Time><Position><LatitudeDegrees>58.627608974670565</LatitudeDegrees><LongitudeDegrees>59.813565313001575</LongitudeDegrees></Position></Trackpoint><Trackpoint><Time>2026-07-27T12:32:33.000Z</Time><Position><LatitudeDegrees>58.627605123194456</LatitudeDegrees><LongitudeDegrees>59.813547988643485</LongitudeDegrees></Position></Trackpoint><Trackpoint><Time>2026-07-27T12:32:34.000Z</Time><Position><LatitudeDegrees>58.62760112940971</LatitudeDegrees><LongitudeDegrees>59.813527769572765</LongitudeDegrees></Position></Trackpoint><Trackpoint><Time>2026-07-27T12:32:35.000Z</Time><Position><LatitudeDegrees>58.62759612078189</LatitudeDegrees><LongitudeDegrees>59.81350601578627</LongitudeDegrees></Position></Trackpoint><Trackpoint><Time>2026-07-27T12:32:36.000Z</Time><Position><LatitudeDegrees>58.62759084744703</LatitudeDegrees><LongitudeDegrees>59.81348495318633</LongitudeDegrees></Position></Trackpoint><Trackpoint><Time>2026-07-27T12:32:37.000Z</Time><Position><LatitudeDegrees>58.62758565231091</LatitudeDegrees><LongitudeDegrees>59.813464920150416</LongitudeDegrees></Position></Trackpoint><Trackpoint><Time>2026-07-27T12:32:38.000Z</Time><Position><LatitudeDegrees>58.62758066655688</LatitudeDegrees><LongitudeDegrees>59.81344641350127</LongitudeDegrees></Position></Trackpoint><Trackpoint><Time>2026-07-27T12:32:39.000Z</Time><Position><LatitudeDegrees>58.627574938115494</LatitudeDegrees><LongitudeDegrees>59.81342895232702</LongitudeDegrees></Position></Trackpoint><Trackpoint><Time>2026-07-27T12:32:40.000Z</Time><Position><LatitudeDegrees>58.62756865982624</LatitudeDegrees><LongitudeDegrees>59.813411225165765</LongitudeDegrees></Position></Trackpoint><Trackpoint><Time>2026-07-27T12:32:41.000Z</Time><Position><LatitudeDegrees>58.62756198167897</LatitudeDegrees><LongitudeDegrees>59.81339174683155</LongitudeDegrees></Position></Trackpoint><Trackpoint><Time>2026-07-27T12:32:42.000Z</Time><Position><LatitudeDegrees>58.6275550167657</LatitudeDegrees><LongitudeDegrees>59.813371109656906</LongitudeDegrees></Position></Trackpoint><Trackpoint><Time>2026-07-27T12:32:43.000Z</Time><Position><LatitudeDegrees>58.62754735885684</LatitudeDegrees><LongitudeDegrees>59.81334970631954</LongitudeDegrees></Position></Trackpoint><Trackpoint><Time>2026-07-27T12:32:44.000Z</Time><Position><LatitudeDegrees>58.62753941920906</LatitudeDegrees><LongitudeDegrees>59.81332877609429</LongitudeDegrees></Position></Trackpoint><Trackpoint><Time>2026-07-27T12:32:45.000Z</Time><Position><LatitudeDegrees>58.62753189296295</LatitudeDegrees><LongitudeDegrees>59.81330925824325</LongitudeDegrees></Position></Trackpoint><Trackpoint><Time>2026-07-27T12:32:46.000Z</Time><Position><LatitudeDegrees>58.627525013341106</LatitudeDegrees><LongitudeDegrees>59.81329086869917</LongitudeDegrees></Position></Trackpoint><Trackpoint><Time>2026-07-27T12:32:47.000Z</Time><Position><LatitudeDegrees>58.62751830378851</LatitudeDegrees><LongitudeDegrees>59.8132738352678</LongitudeDegrees></Position></Trackpoint><Trackpoint><Time>2026-07-27T12:32:48.000Z</Time><Position><LatitudeDegrees>58.627511056605165</LatitudeDegrees><LongitudeDegrees>59.81325758810153</LongitudeDegrees></Position></Trackpoint><Trackpoint><Time>2026-07-27T12:32:49.000Z</Time><Position><LatitudeDegrees>58.62750402856194</LatitudeDegrees><LongitudeDegrees>59.8132403227703</LongitudeDegrees></Position></Trackpoint><Trackpoint><Time>2026-07-27T12:32:50.000Z</Time><Position><LatitudeDegrees>58.62749652397477</LatitudeDegrees><LongitudeDegrees>59.813220937218965</LongitudeDegrees></Position></Trackpoint><Trackpoint><Time>2026-07-27T12:32:51.000Z</Time><Position><LatitudeDegrees>58.62748880711208</LatitudeDegrees><LongitudeDegrees>59.8131992497115</LongitudeDegrees></Position></Trackpoint><Trackpoint><Time>2026-07-27T12:32:52.000Z</Time><Position><LatitudeDegrees>58.62748101405366</LatitudeDegrees><LongitudeDegrees>59.813176949687396</LongitudeDegrees></Position></Trackpoint><Trackpoint><Time>2026-07-27T12:32:53.000Z</Time><Position><LatitudeDegrees>58.627473210621304</LatitudeDegrees><LongitudeDegrees>59.81315432191913</LongitudeDegrees></Position></Trackpoint><Trackpoint><Time>2026-07-27T12:32:54.000Z</Time><Position><LatitudeDegrees>58.627465914864736</LatitudeDegrees><LongitudeDegrees>59.81313299458283</LongitudeDegrees></Position></Trackpoint><Trackpoint><Time>2026-07-27T12:32:55.000Z</Time><Position><LatitudeDegrees>58.62745976458529</LatitudeDegrees><LongitudeDegrees>59.813112981696634</LongitudeDegrees></Position></Trackpoint><Trackpoint><Time>2026-07-27T12:32:56.000Z</Time><Position><LatitudeDegrees>58.62745389620934</LatitudeDegrees><LongitudeDegrees>59.81309412032599</LongitudeDegrees></Position></Trackpoint><Trackpoint><Time>2026-07-27T12:32:57.000Z</Time><Position><LatitudeDegrees>58.62744791790658</LatitudeDegrees><LongitudeDegrees>59.81307619557375</LongitudeDegrees></Position></Trackpoint><Trackpoint><Time>2026-07-27T12:32:58.000Z</Time><Position><LatitudeDegrees>58.62744168241717</LatitudeDegrees><LongitudeDegrees>59.813058509113915</LongitudeDegrees></Position></Trackpoint><Trackpoint><Time>2026-07-27T12:32:59.000Z</Time><Position><LatitudeDegrees>58.627434672493486</LatitudeDegrees><LongitudeDegrees>59.813039763546854</LongitudeDegrees></Position></Trackpoint><Trackpoint><Time>2026-07-27T12:33:00.000Z</Time><Position><LatitudeDegrees>58.627427264123796</LatitudeDegrees><LongitudeDegrees>59.813019560494936</LongitudeDegrees></Position></Trackpoint><Trackpoint><Time>2026-07-27T12:33:01.000Z</Time><Position><LatitudeDegrees>58.62742015290317</LatitudeDegrees><LongitudeDegrees>59.81299743334833</LongitudeDegrees></Position></Trackpoint><Trackpoint><Time>2026-07-27T12:33:02.000Z</Time><Position><LatitudeDegrees>58.62741260794098</LatitudeDegrees><LongitudeDegrees>59.81297539533866</LongitudeDegrees></Position></Trackpoint><Trackpoint><Time>2026-07-27T12:33:03.000Z</Time><Position><LatitudeDegrees>58.627404873512795</LatitudeDegrees><LongitudeDegrees>59.81295377453064</LongitudeDegrees></Position></Trackpoint><Trackpoint><Time>2026-07-27T12:33:04.000Z</Time><Position><LatitudeDegrees>58.62739756414772</LatitudeDegrees><LongitudeDegrees>59.812933142095666</LongitudeDegrees></Position></Trackpoint><Trackpoint><Time>2026-07-27T12:33:05.000Z</Time><Position><LatitudeDegrees>58.62739087837313</LatitudeDegrees><LongitudeDegrees>59.81291458562623</LongitudeDegrees></Position></Trackpoint><Trackpoint><Time>2026-07-27T12:33:06.000Z</Time><Position><LatitudeDegrees>58.62738481791232</LatitudeDegrees><LongitudeDegrees>59.81289730736092</LongitudeDegrees></Position></Trackpoint><Trackpoint><Time>2026-07-27T12:33:07.000Z</Time><Position><LatitudeDegrees>58.62737881360632</LatitudeDegrees><LongitudeDegrees>59.812881793920646</LongitudeDegrees></Position></Trackpoint><Trackpoint><Time>2026-07-27T12:33:08.000Z</Time><Position><LatitudeDegrees>58.627372623849084</LatitudeDegrees><LongitudeDegrees>59.81286557114641</LongitudeDegrees></Position></Trackpoint><Trackpoint><Time>2026-07-27T12:33:09.000Z</Time><Position><LatitudeDegrees>58.62736568333096</LatitudeDegrees><LongitudeDegrees>59.81284722152836</LongitudeDegrees></Position></Trackpoint><Trackpoint><Time>2026-07-27T12:33:10.000Z</Time><Position><LatitudeDegrees>58.62735834520822</LatitudeDegrees><LongitudeDegrees>59.812827413487085</LongitudeDegrees></Position></Trackpoint><Trackpoint><Time>2026-07-27T12:33:11.000Z</Time><Position><LatitudeDegrees>58.62735080595435</LatitudeDegrees><LongitudeDegrees>59.81280660948689</LongitudeDegrees></Position></Trackpoint><Trackpoint><Time>2026-07-27T12:33:12.000Z</Time><Position><LatitudeDegrees>58.62734317229855</LatitudeDegrees><LongitudeDegrees>59.812785617426435</LongitudeDegrees></Position></Trackpoint><Trackpoint><Time>2026-07-27T12:33:13.000Z</Time><Position><LatitudeDegrees>58.62733598992244</LatitudeDegrees><LongitudeDegrees>59.81276430455196</LongitudeDegrees></Position></Trackpoint><Trackpoint><Time>2026-07-27T12:33:14.000Z</Time><Position><LatitudeDegrees>58.627329915245454</LatitudeDegrees><LongitudeDegrees>59.81274265736703</LongitudeDegrees></Position></Trackpoint><Trackpoint><Time>2026-07-27T12:33:15.000Z</Time><Position><LatitudeDegrees>58.62732409721026</LatitudeDegrees><LongitudeDegrees>59.81272169244285</LongitudeDegrees></Position></Trackpoint><Trackpoint><Time>2026-07-27T12:33:16.000Z</Time><Position><LatitudeDegrees>58.62731864199411</LatitudeDegrees><LongitudeDegrees>59.81269880320648</LongitudeDegrees></Position></Trackpoint><Trackpoint><Time>2026-07-27T12:33:18.000Z</Time><Position><LatitudeDegrees>58.62731354675705</LatitudeDegrees><LongitudeDegrees>59.81267414238807</LongitudeDegrees></Position></Trackpoint><Trackpoint><Time>2026-07-27T12:33:19.000Z</Time><Position><LatitudeDegrees>58.62730876412674</LatitudeDegrees><LongitudeDegrees>59.812647510656234</LongitudeDegrees></Position></Trackpoint><Trackpoint><Time>2026-07-27T12:33:20.000Z</Time><Position><LatitudeDegrees>58.62730423447104</LatitudeDegrees><LongitudeDegrees>59.81261907888342</LongitudeDegrees></Position></Trackpoint><Trackpoint><Time>2026-07-27T12:33:21.000Z</Time><Position><LatitudeDegrees>58.62730039037318</LatitudeDegrees><LongitudeDegrees>59.81259061730499</LongitudeDegrees></Position></Trackpoint><Trackpoint><Time>2026-07-27T12:33:22.000Z</Time><Position><LatitudeDegrees>58.62729732199504</LatitudeDegrees><LongitudeDegrees>59.8125628587884</LongitudeDegrees></Position></Trackpoint><Trackpoint><Time>2026-07-27T12:33:23.000Z</Time><Position><LatitudeDegrees>58.627294966905836</LatitudeDegrees><LongitudeDegrees>59.81253748374784</LongitudeDegrees></Position></Trackpoint><Trackpoint><Time>2026-07-27T12:33:24.000Z</Time><Position><LatitudeDegrees>58.627292718234315</LatitudeDegrees><LongitudeDegrees>59.81251438870776</LongitudeDegrees></Position></Trackpoint><Trackpoint><Time>2026-07-27T12:33:25.000Z</Time><Position><LatitudeDegrees>58.62729031239212</LatitudeDegrees><LongitudeDegrees>59.81249323841887</LongitudeDegrees></Position></Trackpoint><Trackpoint><Time>2026-07-27T12:33:26.000Z</Time><Position><LatitudeDegrees>58.627287660997375</LatitudeDegrees><LongitudeDegrees>59.81247364520844</LongitudeDegrees></Position></Trackpoint><Trackpoint><Time>2026-07-27T12:33:27.000Z</Time><Position><LatitudeDegrees>58.627284269557165</LatitudeDegrees><LongitudeDegrees>59.81245475996066</LongitudeDegrees></Position></Trackpoint><Trackpoint><Time>2026-07-27T12:33:28.000Z</Time><Position><LatitudeDegrees>58.627280029406535</LatitudeDegrees><LongitudeDegrees>59.81243516289413</LongitudeDegrees></Position></Trackpoint><Trackpoint><Time>2026-07-27T12:33:29.000Z</Time><Position><LatitudeDegrees>58.627275983945566</LatitudeDegrees><LongitudeDegrees>59.81241289182454</LongitudeDegrees></Position></Trackpoint><Trackpoint><Time>2026-07-27T12:33:30.000Z</Time><Position><LatitudeDegrees>58.627272537893084</LatitudeDegrees><LongitudeDegrees>59.812389440305665</LongitudeDegrees></Position></Trackpoint><Trackpoint><Time>2026-07-27T12:33:31.000Z</Time><Position><LatitudeDegrees>58.62726978099263</LatitudeDegrees><LongitudeDegrees>59.812366064552265</LongitudeDegrees></Position></Trackpoint><Trackpoint><Time>2026-07-27T12:33:32.000Z</Time><Position><LatitudeDegrees>58.62726766175195</LatitudeDegrees><LongitudeDegrees>59.81234376180169</LongitudeDegrees></Position></Trackpoint><Trackpoint><Time>2026-07-27T12:33:33.000Z</Time><Position><LatitudeDegrees>58.62726607712217</LatitudeDegrees><LongitudeDegrees>59.81232182581003</LongitudeDegrees></Position></Trackpoint><Trackpoint><Time>2026-07-27T12:33:34.000Z</Time><Position><LatitudeDegrees>58.6272644264372</LatitudeDegrees><LongitudeDegrees>59.81229991864952</LongitudeDegrees></Position></Trackpoint><Trackpoint><Time>2026-07-27T12:33:35.000Z</Time><Position><LatitudeDegrees>58.62726198119018</LatitudeDegrees><LongitudeDegrees>59.81227789744982</LongitudeDegrees></Position></Trackpoint><Trackpoint><Time>2026-07-27T12:33:36.000Z</Time><Position><LatitudeDegrees>58.62725903294914</LatitudeDegrees><LongitudeDegrees>59.81225522839828</LongitudeDegrees></Position></Trackpoint><Trackpoint><Time>2026-07-27T12:33:37.000Z</Time><Position><LatitudeDegrees>58.62725527673943</LatitudeDegrees><LongitudeDegrees>59.8122327540251</LongitudeDegrees></Position></Trackpoint><Trackpoint><Time>2026-07-27T12:33:38.000Z</Time><Position><LatitudeDegrees>58.62725118027449</LatitudeDegrees><LongitudeDegrees>59.81221030671502</LongitudeDegrees></Position></Trackpoint><Trackpoint><Time>2026-07-27T12:33:39.000Z</Time><Position><LatitudeDegrees>58.62724795906679</LatitudeDegrees><LongitudeDegrees>59.812189282796844</LongitudeDegrees></Position></Trackpoint><Trackpoint><Time>2026-07-27T12:33:40.000Z</Time><Position><LatitudeDegrees>58.62724551175634</LatitudeDegrees><LongitudeDegrees>59.812169585024506</LongitudeDegrees></Position></Trackpoint><Trackpoint><Time>2026-07-27T12:33:41.000Z</Time><Position><LatitudeDegrees>58.62724271804994</LatitudeDegrees><LongitudeDegrees>59.81215100314004</LongitudeDegrees></Position></Trackpoint><Trackpoint><Time>2026-07-27T12:33:42.000Z</Time><Position><LatitudeDegrees>58.62723916103288</LatitudeDegrees><LongitudeDegrees>59.812132328108426</LongitudeDegrees></Position></Trackpoint><Trackpoint><Time>2026-07-27T12:33:43.000Z</Time><Position><LatitudeDegrees>58.62723525658618</LatitudeDegrees><LongitudeDegrees>59.81211160513218</LongitudeDegrees></Position></Trackpoint><Trackpoint><Time>2026-07-27T12:33:44.000Z</Time><Position><LatitudeDegrees>58.62723073096495</LatitudeDegrees><LongitudeDegrees>59.812088292011104</LongitudeDegrees></Position></Trackpoint><Trackpoint><Time>2026-07-27T12:33:45.000Z</Time><Position><LatitudeDegrees>58.62722555115873</LatitudeDegrees><LongitudeDegrees>59.81206298750085</LongitudeDegrees></Position></Trackpoint><Trackpoint><Time>2026-07-27T12:33:46.000Z</Time><Position><LatitudeDegrees>58.6272207667576</LatitudeDegrees><LongitudeDegrees>59.812037173002004</LongitudeDegrees></Position></Trackpoint><Trackpoint><Time>2026-07-27T12:33:47.000Z</Time><Position><LatitudeDegrees>58.627216759268116</LatitudeDegrees><LongitudeDegrees>59.81201201367159</LongitudeDegrees></Position></Trackpoint><Trackpoint><Time>2026-07-27T12:33:48.000Z</Time><Position><LatitudeDegrees>58.62721309648134</LatitudeDegrees><LongitudeDegrees>59.811987905270264</LongitudeDegrees></Position></Trackpoint><Trackpoint><Time>2026-07-27T12:33:49.000Z</Time><Position><LatitudeDegrees>58.62720955615716</LatitudeDegrees><LongitudeDegrees>59.81196536551092</LongitudeDegrees></Position></Trackpoint><Trackpoint><Time>2026-07-27T12:33:50.000Z</Time><Position><LatitudeDegrees>58.627206520662405</LatitudeDegrees><LongitudeDegrees>59.81194391666155</LongitudeDegrees></Position></Trackpoint><Trackpoint><Time>2026-07-27T12:33:51.000Z</Time><Position><LatitudeDegrees>58.62720359306378</LatitudeDegrees><LongitudeDegrees>59.81192273234891</LongitudeDegrees></Position></Trackpoint><Trackpoint><Time>2026-07-27T12:33:52.000Z</Time><Position><LatitudeDegrees>58.627201575263854</LatitudeDegrees><LongitudeDegrees>59.811899479849586</LongitudeDegrees></Position></Trackpoint><Trackpoint><Time>2026-07-27T12:33:53.000Z</Time><Position><LatitudeDegrees>58.62719970152032</LatitudeDegrees><LongitudeDegrees>59.811873953529535</LongitudeDegrees></Position></Trackpoint><Trackpoint><Time>2026-07-27T12:33:54.000Z</Time><Position><LatitudeDegrees>58.62719763798553</LatitudeDegrees><LongitudeDegrees>59.81184733976448</LongitudeDegrees></Position></Trackpoint><Trackpoint><Time>2026-07-27T12:33:55.000Z</Time><Position><LatitudeDegrees>58.627195271529324</LatitudeDegrees><LongitudeDegrees>59.8118217355473</LongitudeDegrees></Position></Trackpoint><Trackpoint><Time>2026-07-27T12:33:56.000Z</Time><Position><LatitudeDegrees>58.62719259444043</LatitudeDegrees><LongitudeDegrees>59.81179836452624</LongitudeDegrees></Position></Trackpoint><Trackpoint><Time>2026-07-27T12:33:57.000Z</Time><Position><LatitudeDegrees>58.62719013302294</LatitudeDegrees><LongitudeDegrees>59.81177695440252</LongitudeDegrees></Position></Trackpoint><Trackpoint><Time>2026-07-27T12:33:58.000Z</Time><Position><LatitudeDegrees>58.62718758673472</LatitudeDegrees><LongitudeDegrees>59.811757141356196</LongitudeDegrees></Position></Trackpoint><Trackpoint><Time>2026-07-27T12:33:59.000Z</Time><Position><LatitudeDegrees>58.62718484269552</LatitudeDegrees><LongitudeDegrees>59.81173661212916</LongitudeDegrees></Position></Trackpoint><Trackpoint><Time>2026-07-27T12:34:00.000Z</Time><Position><LatitudeDegrees>58.62718187979853</LatitudeDegrees><LongitudeDegrees>59.8117149955759</LongitudeDegrees></Position></Trackpoint><Trackpoint><Time>2026-07-27T12:34:01.000Z</Time><Position><LatitudeDegrees>58.62717822783071</LatitudeDegrees><LongitudeDegrees>59.81169325762423</LongitudeDegrees></Position></Trackpoint><Trackpoint><Time>2026-07-27T12:34:02.000Z</Time><Position><LatitudeDegrees>58.62717427119447</LatitudeDegrees><LongitudeDegrees>59.81167279087798</LongitudeDegrees></Position></Trackpoint><Trackpoint><Time>2026-07-27T12:34:03.000Z</Time><Position><LatitudeDegrees>58.62717020730326</LatitudeDegrees><LongitudeDegrees>59.81165547453241</LongitudeDegrees></Position></Trackpoint><Trackpoint><Time>2026-07-27T12:34:04.000Z</Time><Position><LatitudeDegrees>58.62716613122455</LatitudeDegrees><LongitudeDegrees>59.81164216776425</LongitudeDegrees></Position></Trackpoint><Trackpoint><Time>2026-07-27T12:34:05.000Z</Time><Position><LatitudeDegrees>58.6271622522733</LatitudeDegrees><LongitudeDegrees>59.81162969792011</LongitudeDegrees></Position></Trackpoint><Trackpoint><Time>2026-07-27T12:34:06.000Z</Time><Position><LatitudeDegrees>58.627160083997545</LatitudeDegrees><LongitudeDegrees>59.81162470735986</LongitudeDegrees></Position></Trackpoint><Trackpoint><Time>2026-07-27T12:34:07.000Z</Time><Position><LatitudeDegrees>58.62715857751807</LatitudeDegrees><LongitudeDegrees>59.81162140490238</LongitudeDegrees></Position></Trackpoint><Trackpoint><Time>2026-07-27T12:34:08.000Z</Time><Position><LatitudeDegrees>58.627159118652344</LatitudeDegrees><LongitudeDegrees>59.81161117553711</LongitudeDegrees></Position></Trackpoint><Trackpoint><Time>2026-07-27T12:34:09.000Z</Time><Position><LatitudeDegrees>58.627158026553346</LatitudeDegrees><LongitudeDegrees>59.81161775269548</LongitudeDegrees></Position></Trackpoint><Trackpoint><Time>2026-07-27T12:34:10.000Z</Time><Position><LatitudeDegrees>58.62715745020633</LatitudeDegrees><LongitudeDegrees>59.81161246676286</LongitudeDegrees></Position></Trackpoint><Trackpoint><Time>2026-07-27T12:34:11.000Z</Time><Position><LatitudeDegrees>58.62715595815808</LatitudeDegrees><LongitudeDegrees>59.811603759174616</LongitudeDegrees></Position></Trackpoint><Trackpoint><Time>2026-07-27T12:34:12.000Z</Time><Position><LatitudeDegrees>58.62715330127441</LatitudeDegrees><LongitudeDegrees>59.81159231198716</LongitudeDegrees></Position></Trackpoint><Trackpoint><Time>2026-07-27T12:34:13.000Z</Time><Position><LatitudeDegrees>58.62714952645843</LatitudeDegrees><LongitudeDegrees>59.8115792473281</LongitudeDegrees></Position></Trackpoint><Trackpoint><Time>2026-07-27T12:34:14.000Z</Time><Position><LatitudeDegrees>58.627145775732565</LatitudeDegrees><LongitudeDegrees>59.8115647453164</LongitudeDegrees></Position></Trackpoint><Trackpoint><Time>2026-07-27T12:34:15.000Z</Time><Position><LatitudeDegrees>58.6271425163278</LatitudeDegrees><LongitudeDegrees>59.81155053344497</LongitudeDegrees></Position></Trackpoint><Trackpoint><Time>2026-07-27T12:34:16.000Z</Time><Position><LatitudeDegrees>58.6271393879945</LatitudeDegrees><LongitudeDegrees>59.81153679630331</LongitudeDegrees></Position></Trackpoint><Trackpoint><Time>2026-07-27T12:34:17.000Z</Time><Position><LatitudeDegrees>58.62713573593639</LatitudeDegrees><LongitudeDegrees>59.81152159053819</LongitudeDegrees></Position></Trackpoint><Trackpoint><Time>2026-07-27T12:34:18.000Z</Time><Position><LatitudeDegrees>58.62713135770585</LatitudeDegrees><LongitudeDegrees>59.81150381469695</LongitudeDegrees></Position></Trackpoint><Trackpoint><Time>2026-07-27T12:34:19.000Z</Time><Position><LatitudeDegrees>58.62712577352068</LatitudeDegrees><LongitudeDegrees>59.811484324251246</LongitudeDegrees></Position></Trackpoint><Trackpoint><Time>2026-07-27T12:34:20.000Z</Time><Position><LatitudeDegrees>58.627119430183654</LatitudeDegrees><LongitudeDegrees>59.81146418119035</LongitudeDegrees></Position></Trackpoint><Trackpoint><Time>2026-07-27T12:34:21.000Z</Time><Position><LatitudeDegrees>58.62711260913905</LatitudeDegrees><LongitudeDegrees>59.81144488586028</LongitudeDegrees></Position></Trackpoint><Trackpoint><Time>2026-07-27T12:34:22.000Z</Time><Position><LatitudeDegrees>58.627105977218655</LatitudeDegrees><LongitudeDegrees>59.81142645773796</LongitudeDegrees></Position></Trackpoint><Trackpoint><Time>2026-07-27T12:34:23.000Z</Time><Position><LatitudeDegrees>58.62709978477225</LatitudeDegrees><LongitudeDegrees>59.811408303929205</LongitudeDegrees></Position></Trackpoint><Trackpoint><Time>2026-07-27T12:34:24.000Z</Time><Position><LatitudeDegrees>58.627094078496384</LatitudeDegrees><LongitudeDegrees>59.81138965544209</LongitudeDegrees></Position></Trackpoint><Trackpoint><Time>2026-07-27T12:34:25.000Z</Time><Position><LatitudeDegrees>58.62708783600178</LatitudeDegrees><LongitudeDegrees>59.81136927985007</LongitudeDegrees></Position></Trackpoint><Trackpoint><Time>2026-07-27T12:34:26.000Z</Time><Position><LatitudeDegrees>58.6270811946679</LatitudeDegrees><LongitudeDegrees>59.811346891270084</LongitudeDegrees></Position></Trackpoint><Trackpoint><Time>2026-07-27T12:34:27.000Z</Time><Position><LatitudeDegrees>58.627074262262624</LatitudeDegrees><LongitudeDegrees>59.811322630329926</LongitudeDegrees></Position></Trackpoint><Trackpoint><Time>2026-07-27T12:34:28.000Z</Time><Position><LatitudeDegrees>58.62706809974816</LatitudeDegrees><LongitudeDegrees>59.81129875370188</LongitudeDegrees></Position></Trackpoint><Trackpoint><Time>2026-07-27T12:34:29.000Z</Time><Position><LatitudeDegrees>58.62706206602857</LatitudeDegrees><LongitudeDegrees>59.811276141432955</LongitudeDegrees></Position></Trackpoint><Trackpoint><Time>2026-07-27T12:34:30.000Z</Time><Position><LatitudeDegrees>58.627055880548546</LatitudeDegrees><LongitudeDegrees>59.811254993677295</LongitudeDegrees></Position></Trackpoint><Trackpoint><Time>2026-07-27T12:34:31.000Z</Time><Position><LatitudeDegrees>58.62705042646551</LatitudeDegrees><LongitudeDegrees>59.81123471528636</LongitudeDegrees></Position></Trackpoint><Trackpoint><Time>2026-07-27T12:34:32.000Z</Time><Position><LatitudeDegrees>58.627044504787584</LatitudeDegrees><LongitudeDegrees>59.81121592879773</LongitudeDegrees></Position></Trackpoint><Trackpoint><Time>2026-07-27T12:34:33.000Z</Time><Position><LatitudeDegrees>58.62703817135565</LatitudeDegrees><LongitudeDegrees>59.8111977198885</LongitudeDegrees></Position></Trackpoint><Trackpoint><Time>2026-07-27T12:34:34.000Z</Time><Position><LatitudeDegrees>58.62703101240423</LatitudeDegrees><LongitudeDegrees>59.81117914826795</LongitudeDegrees></Position></Trackpoint><Trackpoint><Time>2026-07-27T12:34:35.000Z</Time><Position><LatitudeDegrees>58.627023453095696</LatitudeDegrees><LongitudeDegrees>59.811159873246446</LongitudeDegrees></Position></Trackpoint><Trackpoint><Time>2026-07-27T12:34:36.000Z</Time><Position><LatitudeDegrees>58.6270152303007</LatitudeDegrees><LongitudeDegrees>59.8111398447971</LongitudeDegrees></Position></Trackpoint><Trackpoint><Time>2026-07-27T12:34:37.000Z</Time><Position><LatitudeDegrees>58.627007300032524</LatitudeDegrees><LongitudeDegrees>59.81111767018661</LongitudeDegrees></Position></Trackpoint><Trackpoint><Time>2026-07-27T12:34:38.000Z</Time><Position><LatitudeDegrees>58.62700050807456</LatitudeDegrees><LongitudeDegrees>59.81109305129752</LongitudeDegrees></Position></Trackpoint><Trackpoint><Time>2026-07-27T12:34:39.000Z</Time><Position><LatitudeDegrees>58.626994077426986</LatitudeDegrees><LongitudeDegrees>59.81106813751703</LongitudeDegrees></Position></Trackpoint><Trackpoint><Time>2026-07-27T12:34:40.000Z</Time><Position><LatitudeDegrees>58.626987641721726</LatitudeDegrees><LongitudeDegrees>59.811044341493975</LongitudeDegrees></Position></Trackpoint><Trackpoint><Time>2026-07-27T12:34:41.000Z</Time><Position><LatitudeDegrees>58.62698202994657</LatitudeDegrees><LongitudeDegrees>59.81102210154176</LongitudeDegrees></Position></Trackpoint><Trackpoint><Time>2026-07-27T12:34:42.000Z</Time><Position><LatitudeDegrees>58.62697698814552</LatitudeDegrees><LongitudeDegrees>59.81100188806374</LongitudeDegrees></Position></Trackpoint><Trackpoint><Time>2026-07-27T12:34:43.000Z</Time><Position><LatitudeDegrees>58.62697184896512</LatitudeDegrees><LongitudeDegrees>59.81098265547159</LongitudeDegrees></Position></Trackpoint><Trackpoint><Time>2026-07-27T12:34:44.000Z</Time><Position><LatitudeDegrees>58.62696586045482</LatitudeDegrees><LongitudeDegrees>59.81096384726194</LongitudeDegrees></Position></Trackpoint><Trackpoint><Time>2026-07-27T12:34:45.000Z</Time><Position><LatitudeDegrees>58.626958821946516</LatitudeDegrees><LongitudeDegrees>59.81094420055805</LongitudeDegrees></Position></Trackpoint><Trackpoint><Time>2026-07-27T12:34:46.000Z</Time><Position><LatitudeDegrees>58.62695176478529</LatitudeDegrees><LongitudeDegrees>59.810921834052785</LongitudeDegrees></Position></Trackpoint><Trackpoint><Time>2026-07-27T12:34:47.000Z</Time><Position><LatitudeDegrees>58.62694413688627</LatitudeDegrees><LongitudeDegrees>59.81089730126475</LongitudeDegrees></Position></Trackpoint><Trackpoint><Time>2026-07-27T12:34:48.000Z</Time><Position><LatitudeDegrees>58.62693627374645</LatitudeDegrees><LongitudeDegrees>59.81087208741173</LongitudeDegrees></Position></Trackpoint><Trackpoint><Time>2026-07-27T12:34:49.000Z</Time><Position><LatitudeDegrees>58.6269288333381</LatitudeDegrees><LongitudeDegrees>59.8108473811802</LongitudeDegrees></Position></Trackpoint><Trackpoint><Time>2026-07-27T12:34:50.000Z</Time><Position><LatitudeDegrees>58.626921542768564</LatitudeDegrees><LongitudeDegrees>59.81082409656907</LongitudeDegrees></Position></Trackpoint><Trackpoint><Time>2026-07-27T12:34:51.000Z</Time><Position><LatitudeDegrees>58.62691427041998</LatitudeDegrees><LongitudeDegrees>59.81080242753074</LongitudeDegrees></Position></Trackpoint><Trackpoint><Time>2026-07-27T12:34:52.000Z</Time><Position><LatitudeDegrees>58.62690793897033</LatitudeDegrees><LongitudeDegrees>59.81078175697433</LongitudeDegrees></Position></Trackpoint><Trackpoint><Time>2026-07-27T12:34:53.000Z</Time><Position><LatitudeDegrees>58.62690182842496</LatitudeDegrees><LongitudeDegrees>59.81076268182884</LongitudeDegrees></Position></Trackpoint><Trackpoint><Time>2026-07-27T12:34:54.000Z</Time><Position><LatitudeDegrees>58.62689512430274</LatitudeDegrees><LongitudeDegrees>59.81074524316096</LongitudeDegrees></Position></Trackpoint><Trackpoint><Time>2026-07-27T12:34:55.000Z</Time><Position><LatitudeDegrees>58.62688805696848</LatitudeDegrees><LongitudeDegrees>59.81072728940141</LongitudeDegrees></Position></Trackpoint><Trackpoint><Time>2026-07-27T12:34:56.000Z</Time><Position><LatitudeDegrees>58.62688027830118</LatitudeDegrees><LongitudeDegrees>59.81070751096285</LongitudeDegrees></Position></Trackpoint><Trackpoint><Time>2026-07-27T12:34:57.000Z</Time><Position><LatitudeDegrees>58.626871736231536</LatitudeDegrees><LongitudeDegrees>59.81068609231894</LongitudeDegrees></Position></Trackpoint><Trackpoint><Time>2026-07-27T12:34:58.000Z</Time><Position><LatitudeDegrees>58.62686299690781</LatitudeDegrees><LongitudeDegrees>59.81066331995995</LongitudeDegrees></Position></Trackpoint><Trackpoint><Time>2026-07-27T12:34:59.000Z</Time><Position><LatitudeDegrees>58.62685382919539</LatitudeDegrees><LongitudeDegrees>59.81064046484066</LongitudeDegrees></Position></Trackpoint><Trackpoint><Time>2026-07-27T12:35:00.000Z</Time><Position><LatitudeDegrees>58.626844682499</LatitudeDegrees><LongitudeDegrees>59.8106185506154</LongitudeDegrees></Position></Trackpoint><Trackpoint><Time>2026-07-27T12:35:01.000Z</Time><Position><LatitudeDegrees>58.62683622881172</LatitudeDegrees><LongitudeDegrees>59.81059787809684</LongitudeDegrees></Position></Trackpoint><Trackpoint><Time>2026-07-27T12:35:02.000Z</Time><Position><LatitudeDegrees>58.626828166325424</LatitudeDegrees><LongitudeDegrees>59.810578411798495</LongitudeDegrees></Position></Trackpoint><Trackpoint><Time>2026-07-27T12:35:03.000Z</Time><Position><LatitudeDegrees>58.626820810146036</LatitudeDegrees><LongitudeDegrees>59.810559492678685</LongitudeDegrees></Position></Trackpoint><Trackpoint><Time>2026-07-27T12:35:04.000Z</Time><Position><LatitudeDegrees>58.626814199391255</LatitudeDegrees><LongitudeDegrees>59.81054126870315</LongitudeDegrees></Position></Trackpoint><Trackpoint><Time>2026-07-27T12:35:05.000Z</Time><Position><LatitudeDegrees>58.626807764886316</LatitudeDegrees><LongitudeDegrees>59.81052420119902</LongitudeDegrees></Position></Trackpoint><Trackpoint><Time>2026-07-27T12:35:06.000Z</Time><Position><LatitudeDegrees>58.62680075999405</LatitudeDegrees><LongitudeDegrees>59.81050784211423</LongitudeDegrees></Position></Trackpoint><Trackpoint><Time>2026-07-27T12:35:07.000Z</Time><Position><LatitudeDegrees>58.62679295043272</LatitudeDegrees><LongitudeDegrees>59.81049093678019</LongitudeDegrees></Position></Trackpoint><Trackpoint><Time>2026-07-27T12:35:08.000Z</Time><Position><LatitudeDegrees>58.62678483260598</LatitudeDegrees><LongitudeDegrees>59.81047059053972</LongitudeDegrees></Position></Trackpoint><Trackpoint><Time>2026-07-27T12:35:09.000Z</Time><Position><LatitudeDegrees>58.626776650514785</LatitudeDegrees><LongitudeDegrees>59.81044654252221</LongitudeDegrees></Position></Trackpoint><Trackpoint><Time>2026-07-27T12:35:10.000Z</Time><Position><LatitudeDegrees>58.62676900250575</LatitudeDegrees><LongitudeDegrees>59.81041965002054</LongitudeDegrees></Position></Trackpoint><Trackpoint><Time>2026-07-27T12:35:11.000Z</Time><Position><LatitudeDegrees>58.6267615768387</LatitudeDegrees><LongitudeDegrees>59.8103921000136</LongitudeDegrees></Position></Trackpoint><Trackpoint><Time>2026-07-27T12:35:12.000Z</Time><Position><LatitudeDegrees>58.62675421659139</LatitudeDegrees><LongitudeDegrees>59.8103663463939</LongitudeDegrees></Position></Trackpoint><Trackpoint><Time>2026-07-27T12:35:13.000Z</Time><Position><LatitudeDegrees>58.62674733835208</LatitudeDegrees><LongitudeDegrees>59.810342189971365</LongitudeDegrees></Position></Trackpoint><Trackpoint><Time>2026-07-27T12:35:14.000Z</Time><Position><LatitudeDegrees>58.62674105182073</LatitudeDegrees><LongitudeDegrees>59.81031934371505</LongitudeDegrees></Position></Trackpoint><Trackpoint><Time>2026-07-27T12:35:15.000Z</Time><Position><LatitudeDegrees>58.62673532623061</LatitudeDegrees><LongitudeDegrees>59.8102975212582</LongitudeDegrees></Position></Trackpoint><Trackpoint><Time>2026-07-27T12:35:16.000Z</Time><Position><LatitudeDegrees>58.62673056652561</LatitudeDegrees><LongitudeDegrees>59.810276962872926</LongitudeDegrees></Position></Trackpoint><Trackpoint><Time>2026-07-27T12:35:17.000Z</Time><Position><LatitudeDegrees>58.626725346673396</LatitudeDegrees><LongitudeDegrees>59.81025760526963</LongitudeDegrees></Position></Trackpoint><Trackpoint><Time>2026-07-27T12:35:18.000Z</Time><Position><LatitudeDegrees>58.6267196280561</LatitudeDegrees><LongitudeDegrees>59.810239268265</LongitudeDegrees></Position></Trackpoint><Trackpoint><Time>2026-07-27T12:35:19.000Z</Time><Position><LatitudeDegrees>58.626713458785346</LatitudeDegrees><LongitudeDegrees>59.81022027782939</LongitudeDegrees></Position></Trackpoint><Trackpoint><Time>2026-07-27T12:35:20.000Z</Time><Position><LatitudeDegrees>58.62670691651579</LatitudeDegrees><LongitudeDegrees>59.81019904918719</LongitudeDegrees></Position></Trackpoint><Trackpoint><Time>2026-07-27T12:35:21.000Z</Time><Position><LatitudeDegrees>58.62670008110206</LatitudeDegrees><LongitudeDegrees>59.81017521694541</LongitudeDegrees></Position></Trackpoint><Trackpoint><Time>2026-07-27T12:35:22.000Z</Time><Position><LatitudeDegrees>58.62669253344492</LatitudeDegrees><LongitudeDegrees>59.81014994401231</LongitudeDegrees></Position></Trackpoint><Trackpoint><Time>2026-07-27T12:35:23.000Z</Time><Position><LatitudeDegrees>58.62668517158194</LatitudeDegrees><LongitudeDegrees>59.81012585266533</LongitudeDegrees></Position></Trackpoint><Trackpoint><Time>2026-07-27T12:35:24.000Z</Time><Position><LatitudeDegrees>58.626677851897924</LatitudeDegrees><LongitudeDegrees>59.81010289196974</LongitudeDegrees></Position></Trackpoint><Trackpoint><Time>2026-07-27T12:35:25.000Z</Time><Position><LatitudeDegrees>58.62667148905497</LatitudeDegrees><LongitudeDegrees>59.81008138544214</LongitudeDegrees></Position></Trackpoint><Trackpoint><Time>2026-07-27T12:35:26.000Z</Time><Position><LatitudeDegrees>58.6266653577111</LatitudeDegrees><LongitudeDegrees>59.810061769287806</LongitudeDegrees></Position></Trackpoint><Trackpoint><Time>2026-07-27T12:35:27.000Z</Time><Position><LatitudeDegrees>58.62665912943373</LatitudeDegrees><LongitudeDegrees>59.81004349091346</LongitudeDegrees></Position></Trackpoint><Trackpoint><Time>2026-07-27T12:35:28.000Z</Time><Position><LatitudeDegrees>58.62665317101528</LatitudeDegrees><LongitudeDegrees>59.81002468220887</LongitudeDegrees></Position></Trackpoint><Trackpoint><Time>2026-07-27T12:35:29.000Z</Time><Position><LatitudeDegrees>58.626647109266464</LatitudeDegrees><LongitudeDegrees>59.810004152280406</LongitudeDegrees></Position></Trackpoint><Trackpoint><Time>2026-07-27T12:35:30.000Z</Time><Position><LatitudeDegrees>58.626641293368436</LatitudeDegrees><LongitudeDegrees>59.80998163159484</LongitudeDegrees></Position></Trackpoint><Trackpoint><Time>2026-07-27T12:35:31.000Z</Time><Position><LatitudeDegrees>58.62663534596042</LatitudeDegrees><LongitudeDegrees>59.80995824388129</LongitudeDegrees></Position></Trackpoint><Trackpoint><Time>2026-07-27T12:35:32.000Z</Time><Position><LatitudeDegrees>58.626629128511794</LatitudeDegrees><LongitudeDegrees>59.809935542431866</LongitudeDegrees></Position></Trackpoint><Trackpoint><Time>2026-07-27T12:35:33.000Z</Time><Position><LatitudeDegrees>58.62662359785155</LatitudeDegrees><LongitudeDegrees>59.80991358925246</LongitudeDegrees></Position></Trackpoint><Trackpoint><Time>2026-07-27T12:35:34.000Z</Time><Position><LatitudeDegrees>58.626619059885535</LatitudeDegrees><LongitudeDegrees>59.809892313839846</LongitudeDegrees></Position></Trackpoint><Trackpoint><Time>2026-07-27T12:35:35.000Z</Time><Position><LatitudeDegrees>58.62661551318518</LatitudeDegrees><LongitudeDegrees>59.80987257938934</LongitudeDegrees></Position></Trackpoint><Trackpoint><Time>2026-07-27T12:35:36.000Z</Time><Position><LatitudeDegrees>58.62661234032407</LatitudeDegrees><LongitudeDegrees>59.80985356439217</LongitudeDegrees></Position></Trackpoint><Trackpoint><Time>2026-07-27T12:35:37.000Z</Time><Position><LatitudeDegrees>58.62660923904374</LatitudeDegrees><LongitudeDegrees>59.80983483818289</LongitudeDegrees></Position></Trackpoint><Trackpoint><Time>2026-07-27T12:35:38.000Z</Time><Position><LatitudeDegrees>58.626604606844914</LatitudeDegrees><LongitudeDegrees>59.80981618633359</LongitudeDegrees></Position></Trackpoint><Trackpoint><Time>2026-07-27T12:35:39.000Z</Time><Position><LatitudeDegrees>58.62659895947728</LatitudeDegrees><LongitudeDegrees>59.809796531770516</LongitudeDegrees></Position></Trackpoint><Trackpoint><Time>2026-07-27T12:35:40.000Z</Time><Position><LatitudeDegrees>58.626592639639114</LatitudeDegrees><LongitudeDegrees>59.809776049226166</LongitudeDegrees></Position></Trackpoint><Trackpoint><Time>2026-07-27T12:35:41.000Z</Time><Position><LatitudeDegrees>58.626585874775586</LatitudeDegrees><LongitudeDegrees>59.809756385763215</LongitudeDegrees></Position></Trackpoint><Trackpoint><Time>2026-07-27T12:35:42.000Z</Time><Position><LatitudeDegrees>58.62657832606391</LatitudeDegrees><LongitudeDegrees>59.80973811456915</LongitudeDegrees></Position></Trackpoint><Trackpoint><Time>2026-07-27T12:35:43.000Z</Time><Position><LatitudeDegrees>58.6265704441819</LatitudeDegrees><LongitudeDegrees>59.80972031378484</LongitudeDegrees></Position></Trackpoint><Trackpoint><Time>2026-07-27T12:35:44.000Z</Time><Position><LatitudeDegrees>58.62656196788501</LatitudeDegrees><LongitudeDegrees>59.809701564160335</LongitudeDegrees></Position></Trackpoint><Trackpoint><Time>2026-07-27T12:35:45.000Z</Time><Position><LatitudeDegrees>58.62655286587626</LatitudeDegrees><LongitudeDegrees>59.80968189259401</LongitudeDegrees></Position></Trackpoint><Trackpoint><Time>2026-07-27T12:35:46.000Z</Time><Position><LatitudeDegrees>58.62654320557569</LatitudeDegrees><LongitudeDegrees>59.809661918103956</LongitudeDegrees></Position></Trackpoint><Trackpoint><Time>2026-07-27T12:35:47.000Z</Time><Position><LatitudeDegrees>58.62653357601565</LatitudeDegrees><LongitudeDegrees>59.809641934502274</LongitudeDegrees></Position></Trackpoint><Trackpoint><Time>2026-07-27T12:35:48.000Z</Time><Position><LatitudeDegrees>58.626523726223176</LatitudeDegrees><LongitudeDegrees>59.80962255357067</LongitudeDegrees></Position></Trackpoint><Trackpoint><Time>2026-07-27T12:35:49.000Z</Time><Position><LatitudeDegrees>58.62651309149512</LatitudeDegrees><LongitudeDegrees>59.809604929130685</LongitudeDegrees></Position></Trackpoint><Trackpoint><Time>2026-07-27T12:35:50.000Z</Time><Position><LatitudeDegrees>58.62650251923443</LatitudeDegrees><LongitudeDegrees>59.80958784208963</LongitudeDegrees></Position></Trackpoint><Trackpoint><Time>2026-07-27T12:35:51.000Z</Time><Position><LatitudeDegrees>58.62649235041229</LatitudeDegrees><LongitudeDegrees>59.809569742188884</LongitudeDegrees></Position></Trackpoint><Trackpoint><Time>2026-07-27T12:35:52.000Z</Time><Position><LatitudeDegrees>58.62648316328191</LatitudeDegrees><LongitudeDegrees>59.809550610589895</LongitudeDegrees></Position></Trackpoint><Trackpoint><Time>2026-07-27T12:35:53.000Z</Time><Position><LatitudeDegrees>58.62647458037797</LatitudeDegrees><LongitudeDegrees>59.80953204078307</LongitudeDegrees></Position></Trackpoint><Trackpoint><Time>2026-07-27T12:35:54.000Z</Time><Position><LatitudeDegrees>58.62646636869613</LatitudeDegrees><LongitudeDegrees>59.80951461691573</LongitudeDegrees></Position></Trackpoint><Trackpoint><Time>2026-07-27T12:35:55.000Z</Time><Position><LatitudeDegrees>58.62645887424223</LatitudeDegrees><LongitudeDegrees>59.80949745325838</LongitudeDegrees></Position></Trackpoint><Trackpoint><Time>2026-07-27T12:35:56.000Z</Time><Position><LatitudeDegrees>58.62645165784729</LatitudeDegrees><LongitudeDegrees>59.80948064125115</LongitudeDegrees></Position></Trackpoint><Trackpoint><Time>2026-07-27T12:35:57.000Z</Time><Position><LatitudeDegrees>58.62644548217967</LatitudeDegrees><LongitudeDegrees>59.809464173418355</LongitudeDegrees></Position></Trackpoint><Trackpoint><Time>2026-07-27T12:35:58.000Z</Time><Position><LatitudeDegrees>58.62643954853461</LatitudeDegrees><LongitudeDegrees>59.80944800250701</LongitudeDegrees></Position></Trackpoint><Trackpoint><Time>2026-07-27T12:35:59.000Z</Time><Position><LatitudeDegrees>58.626433986526266</LatitudeDegrees><LongitudeDegrees>59.80943158133672</LongitudeDegrees></Position></Trackpoint><Trackpoint><Time>2026-07-27T12:36:00.000Z</Time><Position><LatitudeDegrees>58.6264278226138</LatitudeDegrees><LongitudeDegrees>59.80941520629131</LongitudeDegrees></Position></Trackpoint><Trackpoint><Time>2026-07-27T12:36:01.000Z</Time><Position><LatitudeDegrees>58.62642171233536</LatitudeDegrees><LongitudeDegrees>59.809398503900866</LongitudeDegrees></Position></Trackpoint><Trackpoint><Time>2026-07-27T12:36:02.000Z</Time><Position><LatitudeDegrees>58.62641542916895</LatitudeDegrees><LongitudeDegrees>59.80938136237225</LongitudeDegrees></Position></Trackpoint><Trackpoint><Time>2026-07-27T12:36:03.000Z</Time><Position><LatitudeDegrees>58.626409391625785</LatitudeDegrees><LongitudeDegrees>59.809364281638665</LongitudeDegrees></Position></Trackpoint><Trackpoint><Time>2026-07-27T12:36:04.000Z</Time><Position><LatitudeDegrees>58.62640374053737</LatitudeDegrees><LongitudeDegrees>59.80934794939694</LongitudeDegrees></Position></Trackpoint><Trackpoint><Time>2026-07-27T12:36:05.000Z</Time><Position><LatitudeDegrees>58.62639799469132</LatitudeDegrees><LongitudeDegrees>59.809330594353284</LongitudeDegrees></Position></Trackpoint><Trackpoint><Time>2026-07-27T12:36:06.000Z</Time><Position><LatitudeDegrees>58.62639196807031</LatitudeDegrees><LongitudeDegrees>59.80931210791556</LongitudeDegrees></Position></Trackpoint><Trackpoint><Time>2026-07-27T12:36:07.000Z</Time><Position><LatitudeDegrees>58.62638562010326</LatitudeDegrees><LongitudeDegrees>59.80929308018523</LongitudeDegrees></Position></Trackpoint><Trackpoint><Time>2026-07-27T12:36:08.000Z</Time><Position><LatitudeDegrees>58.62637897532591</LatitudeDegrees><LongitudeDegrees>59.809273334049216</LongitudeDegrees></Position></Trackpoint><Trackpoint><Time>2026-07-27T12:36:09.000Z</Time><Position><LatitudeDegrees>58.626372081938065</LatitudeDegrees><LongitudeDegrees>59.80925337838336</LongitudeDegrees></Position></Trackpoint><Trackpoint><Time>2026-07-27T12:36:10.000Z</Time><Position><LatitudeDegrees>58.62636548130939</LatitudeDegrees><LongitudeDegrees>59.809234428873765</LongitudeDegrees></Position></Trackpoint><Trackpoint><Time>2026-07-27T12:36:11.000Z</Time><Position><LatitudeDegrees>58.626358869208175</LatitudeDegrees><LongitudeDegrees>59.80921587782065</LongitudeDegrees></Position></Trackpoint><Trackpoint><Time>2026-07-27T12:36:12.000Z</Time><Position><LatitudeDegrees>58.62635212181413</LatitudeDegrees><LongitudeDegrees>59.80919840303292</LongitudeDegrees></Position></Trackpoint><Trackpoint><Time>2026-07-27T12:36:13.000Z</Time><Position><LatitudeDegrees>58.62634520549855</LatitudeDegrees><LongitudeDegrees>59.80918165590725</LongitudeDegrees></Position></Trackpoint><Trackpoint><Time>2026-07-27T12:36:14.000Z</Time><Position><LatitudeDegrees>58.62633861770347</LatitudeDegrees><LongitudeDegrees>59.80916539948283</LongitudeDegrees></Position></Trackpoint><Trackpoint><Time>2026-07-27T12:36:15.000Z</Time><Position><LatitudeDegrees>58.62633203151637</LatitudeDegrees><LongitudeDegrees>59.80914898357991</LongitudeDegrees></Position></Trackpoint><Trackpoint><Time>2026-07-27T12:36:16.000Z</Time><Position><LatitudeDegrees>58.62632580170802</LatitudeDegrees><LongitudeDegrees>59.80913314012286</LongitudeDegrees></Position></Trackpoint><Trackpoint><Time>2026-07-27T12:36:17.000Z</Time><Position><LatitudeDegrees>58.62631904942293</LatitudeDegrees><LongitudeDegrees>59.80911760745936</LongitudeDegrees></Position></Trackpoint><Trackpoint><Time>2026-07-27T12:36:18.000Z</Time><Position><LatitudeDegrees>58.62631245899945</LatitudeDegrees><LongitudeDegrees>59.80910174833176</LongitudeDegrees></Position></Trackpoint><Trackpoint><Time>2026-07-27T12:36:19.000Z</Time><Position><LatitudeDegrees>58.626305801885614</LatitudeDegrees><LongitudeDegrees>59.80908534219728</LongitudeDegrees></Position></Trackpoint><Trackpoint><Time>2026-07-27T12:36:20.000Z</Time><Position><LatitudeDegrees>58.626299482126335</LatitudeDegrees><LongitudeDegrees>59.80906836843655</LongitudeDegrees></Position></Trackpoint><Trackpoint><Time>2026-07-27T12:36:21.000Z</Time><Position><LatitudeDegrees>58.626293133211206</LatitudeDegrees><LongitudeDegrees>59.80905089141181</LongitudeDegrees></Position></Trackpoint><Trackpoint><Time>2026-07-27T12:36:22.000Z</Time><Position><LatitudeDegrees>58.62628660794113</LatitudeDegrees><LongitudeDegrees>59.80903398144397</LongitudeDegrees></Position></Trackpoint><Trackpoint><Time>2026-07-27T12:36:23.000Z</Time><Position><LatitudeDegrees>58.62628035794013</LatitudeDegrees><LongitudeDegrees>59.80901653771413</LongitudeDegrees></Position></Trackpoint><Trackpoint><Time>2026-07-27T12:36:24.000Z</Time><Position><LatitudeDegrees>58.62627404426104</LatitudeDegrees><LongitudeDegrees>59.808998664986525</LongitudeDegrees></Position></Trackpoint><Trackpoint><Time>2026-07-27T12:36:25.000Z</Time><Position><LatitudeDegrees>58.6262675354871</LatitudeDegrees><LongitudeDegrees>59.80897997185715</LongitudeDegrees></Position></Trackpoint><Trackpoint><Time>2026-07-27T12:36:26.000Z</Time><Position><LatitudeDegrees>58.62626080253665</LatitudeDegrees><LongitudeDegrees>59.80896138165134</LongitudeDegrees></Position></Trackpoint><Trackpoint><Time>2026-07-27T12:36:27.000Z</Time><Position><LatitudeDegrees>58.62625386220559</LatitudeDegrees><LongitudeDegrees>59.80894228219396</LongitudeDegrees></Position></Trackpoint><Trackpoint><Time>2026-07-27T12:36:28.000Z</Time><Position><LatitudeDegrees>58.62624723763864</LatitudeDegrees><LongitudeDegrees>59.80892248673251</LongitudeDegrees></Position></Trackpoint><Trackpoint><Time>2026-07-27T12:36:29.000Z</Time><Position><LatitudeDegrees>58.626241103756406</LatitudeDegrees><LongitudeDegrees>59.80890200768718</LongitudeDegrees></Position></Trackpoint><Trackpoint><Time>2026-07-27T12:36:30.000Z</Time><Position><LatitudeDegrees>58.62623546961838</LatitudeDegrees><LongitudeDegrees>59.80888093790996</LongitudeDegrees></Position></Trackpoint><Trackpoint><Time>2026-07-27T12:36:31.000Z</Time><Position><LatitudeDegrees>58.62623125403539</LatitudeDegrees><LongitudeDegrees>59.80886134990242</LongitudeDegrees></Position></Trackpoint><Trackpoint><Time>2026-07-27T12:36:32.000Z</Time><Position><LatitudeDegrees>58.62622865333498</LatitudeDegrees><LongitudeDegrees>59.808843417396304</LongitudeDegrees></Position></Trackpoint><Trackpoint><Time>2026-07-27T12:36:33.000Z</Time><Position><LatitudeDegrees>58.626227541103646</LatitudeDegrees><LongitudeDegrees>59.808826509848416</LongitudeDegrees></Position></Trackpoint><Trackpoint><Time>2026-07-27T12:36:34.000Z</Time><Position><LatitudeDegrees>58.62622816384796</LatitudeDegrees><LongitudeDegrees>59.80881072563882</LongitudeDegrees></Position></Trackpoint><Trackpoint><Time>2026-07-27T12:36:35.000Z</Time><Position><LatitudeDegrees>58.62622991079544</LatitudeDegrees><LongitudeDegrees>59.80879694032619</LongitudeDegrees></Position></Trackpoint><Trackpoint><Time>2026-07-27T12:36:36.000Z</Time><Position><LatitudeDegrees>58.626231896509196</LatitudeDegrees><LongitudeDegrees>59.808786237160604</LongitudeDegrees></Position></Trackpoint><Trackpoint><Time>2026-07-27T12:36:37.000Z</Time><Position><LatitudeDegrees>58.62623471961543</LatitudeDegrees><LongitudeDegrees>59.8087774095218</LongitudeDegrees></Position></Trackpoint><Trackpoint><Time>2026-07-27T12:36:39.000Z</Time><Position><LatitudeDegrees>58.6262360270092</LatitudeDegrees><LongitudeDegrees>59.808773001601296</LongitudeDegrees></Position></Trackpoint><Trackpoint><Time>2026-07-27T12:36:42.000Z</Time><Position><LatitudeDegrees>58.626238025914546</LatitudeDegrees><LongitudeDegrees>59.80876972246821</LongitudeDegrees></Position></Trackpoint><Trackpoint><Time>2026-07-27T12:36:43.000Z</Time><Position><LatitudeDegrees>58.62624505087991</LatitudeDegrees><LongitudeDegrees>59.808760308542226</LongitudeDegrees></Position></Trackpoint><Trackpoint><Time>2026-07-27T12:36:44.000Z</Time><Position><LatitudeDegrees>58.62624231377027</LatitudeDegrees><LongitudeDegrees>59.80876406713537</LongitudeDegrees></Position></Trackpoint><Trackpoint><Time>2026-07-27T12:36:45.000Z</Time><Position><LatitudeDegrees>58.62624718128607</LatitudeDegrees><LongitudeDegrees>59.808757504116514</LongitudeDegrees></Position></Trackpoint><Trackpoint><Time>2026-07-27T12:36:46.000Z</Time><Position><LatitudeDegrees>58.62625215239755</LatitudeDegrees><LongitudeDegrees>59.80874896158274</LongitudeDegrees></Position></Trackpoint><Trackpoint><Time>2026-07-27T12:36:47.000Z</Time><Position><LatitudeDegrees>58.626257017749175</LatitudeDegrees><LongitudeDegrees>59.80873825218688</LongitudeDegrees></Position></Trackpoint><Trackpoint><Time>2026-07-27T12:36:48.000Z</Time><Position><LatitudeDegrees>58.62626170469547</LatitudeDegrees><LongitudeDegrees>59.808725087275995</LongitudeDegrees></Position></Trackpoint><Trackpoint><Time>2026-07-27T12:36:49.000Z</Time><Position><LatitudeDegrees>58.62626571660604</LatitudeDegrees><LongitudeDegrees>59.808709173524186</LongitudeDegrees></Position></Trackpoint><Trackpoint><Time>2026-07-27T12:36:50.000Z</Time><Position><LatitudeDegrees>58.62626893559174</LatitudeDegrees><LongitudeDegrees>59.80868927410778</LongitudeDegrees></Position></Trackpoint><Trackpoint><Time>2026-07-27T12:36:51.000Z</Time><Position><LatitudeDegrees>58.626269946040736</LatitudeDegrees><LongitudeDegrees>59.80866539121556</LongitudeDegrees></Position></Trackpoint><Trackpoint><Time>2026-07-27T12:36:52.000Z</Time><Position><LatitudeDegrees>58.62626942764045</LatitudeDegrees><LongitudeDegrees>59.808639016243276</LongitudeDegrees></Position></Trackpoint><Trackpoint><Time>2026-07-27T12:36:53.000Z</Time><Position><LatitudeDegrees>58.62626834614494</LatitudeDegrees><LongitudeDegrees>59.808612062473365</LongitudeDegrees></Position></Trackpoint><Trackpoint><Time>2026-07-27T12:36:54.000Z</Time><Position><LatitudeDegrees>58.62626668194573</LatitudeDegrees><LongitudeDegrees>59.80858637136838</LongitudeDegrees></Position></Trackpoint><Trackpoint><Time>2026-07-27T12:36:55.000Z</Time><Position><LatitudeDegrees>58.62626450175654</LatitudeDegrees><LongitudeDegrees>59.808563028853484</LongitudeDegrees></Position></Trackpoint><Trackpoint><Time>2026-07-27T12:36:56.000Z</Time><Position><LatitudeDegrees>58.62626189927882</LatitudeDegrees><LongitudeDegrees>59.80854169110029</LongitudeDegrees></Position></Trackpoint><Trackpoint><Time>2026-07-27T12:36:57.000Z</Time><Position><LatitudeDegrees>58.62625847769146</LatitudeDegrees><LongitudeDegrees>59.808522448811274</LongitudeDegrees></Position></Trackpoint><Trackpoint><Time>2026-07-27T12:36:58.000Z</Time><Position><LatitudeDegrees>58.626254668312356</LatitudeDegrees><LongitudeDegrees>59.80850458078047</LongitudeDegrees></Position></Trackpoint><Trackpoint><Time>2026-07-27T12:36:59.000Z</Time><Position><LatitudeDegrees>58.62625069854511</LatitudeDegrees><LongitudeDegrees>59.80848712399664</LongitudeDegrees></Position></Trackpoint><Trackpoint><Time>2026-07-27T12:37:00.000Z</Time><Position><LatitudeDegrees>58.62624570340643</LatitudeDegrees><LongitudeDegrees>59.80846816024485</LongitudeDegrees></Position></Trackpoint><Trackpoint><Time>2026-07-27T12:37:01.000Z</Time><Position><LatitudeDegrees>58.626239458272245</LatitudeDegrees><LongitudeDegrees>59.80844611373604</LongitudeDegrees></Position></Trackpoint><Trackpoint><Time>2026-07-27T12:37:02.000Z</Time><Position><LatitudeDegrees>58.626232031069875</LatitudeDegrees><LongitudeDegrees>59.80842171039617</LongitudeDegrees></Position></Trackpoint><Trackpoint><Time>2026-07-27T12:37:03.000Z</Time><Position><LatitudeDegrees>58.626224091101356</LatitudeDegrees><LongitudeDegrees>59.80839604129207</LongitudeDegrees></Position></Trackpoint><Trackpoint><Time>2026-07-27T12:37:04.000Z</Time><Position><LatitudeDegrees>58.62621597982034</LatitudeDegrees><LongitudeDegrees>59.8083706974416</LongitudeDegrees></Position></Trackpoint><Trackpoint><Time>2026-07-27T12:37:05.000Z</Time><Position><LatitudeDegrees>58.62620834944714</LatitudeDegrees><LongitudeDegrees>59.80834629233318</LongitudeDegrees></Position></Trackpoint><Trackpoint><Time>2026-07-27T12:37:06.000Z</Time><Position><LatitudeDegrees>58.62620140686405</LatitudeDegrees><LongitudeDegrees>59.808323447746275</LongitudeDegrees></Position></Trackpoint><Trackpoint><Time>2026-07-27T12:37:07.000Z</Time><Position><LatitudeDegrees>58.62619514899527</LatitudeDegrees><LongitudeDegrees>59.80830075062798</LongitudeDegrees></Position></Trackpoint><Trackpoint><Time>2026-07-27T12:37:09.000Z</Time><Position><LatitudeDegrees>58.62618899708143</LatitudeDegrees><LongitudeDegrees>59.80827857932985</LongitudeDegrees></Position></Trackpoint><Trackpoint><Time>2026-07-27T12:37:10.000Z</Time><Position><LatitudeDegrees>58.62618318878157</LatitudeDegrees><LongitudeDegrees>59.808257022181465</LongitudeDegrees></Position></Trackpoint><Trackpoint><Time>2026-07-27T12:37:11.000Z</Time><Position><LatitudeDegrees>58.62617728825866</LatitudeDegrees><LongitudeDegrees>59.80823505751344</LongitudeDegrees></Position></Trackpoint><Trackpoint><Time>2026-07-27T12:37:12.000Z</Time><Position><LatitudeDegrees>58.62617112785717</LatitudeDegrees><LongitudeDegrees>59.80821133765157</LongitudeDegrees></Position></Trackpoint><Trackpoint><Time>2026-07-27T12:37:13.000Z</Time><Position><LatitudeDegrees>58.62616467188598</LatitudeDegrees><LongitudeDegrees>59.80818602246575</LongitudeDegrees></Position></Trackpoint><Trackpoint><Time>2026-07-27T12:37:14.000Z</Time><Position><LatitudeDegrees>58.62615843319284</LatitudeDegrees><LongitudeDegrees>59.80816134099562</LongitudeDegrees></Position></Trackpoint><Trackpoint><Time>2026-07-27T12:37:15.000Z</Time><Position><LatitudeDegrees>58.62615210548763</LatitudeDegrees><LongitudeDegrees>59.80813861950821</LongitudeDegrees></Position></Trackpoint><Trackpoint><Time>2026-07-27T12:37:16.000Z</Time><Position><LatitudeDegrees>58.626145574054426</LatitudeDegrees><LongitudeDegrees>59.808117173422474</LongitudeDegrees></Position></Trackpoint><Trackpoint><Time>2026-07-27T12:37:17.000Z</Time><Position><LatitudeDegrees>58.62613930740819</LatitudeDegrees><LongitudeDegrees>59.80809704671983</LongitudeDegrees></Position></Trackpoint><Trackpoint><Time>2026-07-27T12:37:18.000Z</Time><Position><LatitudeDegrees>58.62613297490337</LatitudeDegrees><LongitudeDegrees>59.80807759856186</LongitudeDegrees></Position></Trackpoint><Trackpoint><Time>2026-07-27T12:37:19.000Z</Time><Position><LatitudeDegrees>58.626126448821964</LatitudeDegrees><LongitudeDegrees>59.8080570091079</LongitudeDegrees></Position></Trackpoint><Trackpoint><Time>2026-07-27T12:37:20.000Z</Time><Position><LatitudeDegrees>58.626119211800074</LatitudeDegrees><LongitudeDegrees>59.80803467537048</LongitudeDegrees></Position></Trackpoint><Trackpoint><Time>2026-07-27T12:37:21.000Z</Time><Position><LatitudeDegrees>58.626111631628746</LatitudeDegrees><LongitudeDegrees>59.80801155211664</LongitudeDegrees></Position></Trackpoint><Trackpoint><Time>2026-07-27T12:37:22.000Z</Time><Position><LatitudeDegrees>58.6261034142087</LatitudeDegrees><LongitudeDegrees>59.807989113105755</LongitudeDegrees></Position></Trackpoint><Trackpoint><Time>2026-07-27T12:37:23.000Z</Time><Position><LatitudeDegrees>58.62609500982056</LatitudeDegrees><LongitudeDegrees>59.80796836707016</LongitudeDegrees></Position></Trackpoint><Trackpoint><Time>2026-07-27T12:37:24.000Z</Time><Position><LatitudeDegrees>58.626086627901984</LatitudeDegrees><LongitudeDegrees>59.80794951214865</LongitudeDegrees></Position></Trackpoint><Trackpoint><Time>2026-07-27T12:37:25.000Z</Time><Position><LatitudeDegrees>58.62607884143306</LatitudeDegrees><LongitudeDegrees>59.807931897609144</LongitudeDegrees></Position></Trackpoint><Trackpoint><Time>2026-07-27T12:37:26.000Z</Time><Position><LatitudeDegrees>58.626071320350434</LatitudeDegrees><LongitudeDegrees>59.80791411703607</LongitudeDegrees></Position></Trackpoint><Trackpoint><Time>2026-07-27T12:37:27.000Z</Time><Position><LatitudeDegrees>58.62606438427167</LatitudeDegrees><LongitudeDegrees>59.80789512292014</LongitudeDegrees></Position></Trackpoint><Trackpoint><Time>2026-07-27T12:37:28.000Z</Time><Position><LatitudeDegrees>58.626057110520364</LatitudeDegrees><LongitudeDegrees>59.80787463961848</LongitudeDegrees></Position></Trackpoint><Trackpoint><Time>2026-07-27T12:37:29.000Z</Time><Position><LatitudeDegrees>58.62604965205797</LatitudeDegrees><LongitudeDegrees>59.80785323435753</LongitudeDegrees></Position></Trackpoint><Trackpoint><Time>2026-07-27T12:37:30.000Z</Time><Position><LatitudeDegrees>58.62604209558651</LatitudeDegrees><LongitudeDegrees>59.80783272790397</LongitudeDegrees></Position></Trackpoint><Trackpoint><Time>2026-07-27T12:37:31.000Z</Time><Position><LatitudeDegrees>58.62603448939209</LatitudeDegrees><LongitudeDegrees>59.807812285917834</LongitudeDegrees></Position></Trackpoint><Trackpoint><Time>2026-07-27T12:37:32.000Z</Time><Position><LatitudeDegrees>58.62602734935301</LatitudeDegrees><LongitudeDegrees>59.8077920461264</LongitudeDegrees></Position></Trackpoint><Trackpoint><Time>2026-07-27T12:37:33.000Z</Time><Position><LatitudeDegrees>58.62602033848422</LatitudeDegrees><LongitudeDegrees>59.80777252890961</LongitudeDegrees></Position></Trackpoint><Trackpoint><Time>2026-07-27T12:37:34.000Z</Time><Position><LatitudeDegrees>58.62601379103583</LatitudeDegrees><LongitudeDegrees>59.80775434544652</LongitudeDegrees></Position></Trackpoint><Trackpoint><Time>2026-07-27T12:37:35.000Z</Time><Position><LatitudeDegrees>58.62600729557327</LatitudeDegrees><LongitudeDegrees>59.80773708664516</LongitudeDegrees></Position></Trackpoint><Trackpoint><Time>2026-07-27T12:37:36.000Z</Time><Position><LatitudeDegrees>58.62600116559237</LatitudeDegrees><LongitudeDegrees>59.80771948612765</LongitudeDegrees></Position></Trackpoint><Trackpoint><Time>2026-07-27T12:37:37.000Z</Time><Position><LatitudeDegrees>58.625994993681545</LatitudeDegrees><LongitudeDegrees>59.80770008699486</LongitudeDegrees></Position></Trackpoint><Trackpoint><Time>2026-07-27T12:37:38.000Z</Time><Position><LatitudeDegrees>58.62598910704736</LatitudeDegrees><LongitudeDegrees>59.80767754087546</LongitudeDegrees></Position></Trackpoint><Trackpoint><Time>2026-07-27T12:37:39.000Z</Time><Position><LatitudeDegrees>58.62598360382958</LatitudeDegrees><LongitudeDegrees>59.80765316520799</LongitudeDegrees></Position></Trackpoint><Trackpoint><Time>2026-07-27T12:37:40.000Z</Time><Position><LatitudeDegrees>58.62597847523452</LatitudeDegrees><LongitudeDegrees>59.80762969581977</LongitudeDegrees></Position></Trackpoint><Trackpoint><Time>2026-07-27T12:37:41.000Z</Time><Position><LatitudeDegrees>58.62597366955837</LatitudeDegrees><LongitudeDegrees>59.80760765348554</LongitudeDegrees></Position></Trackpoint><Trackpoint><Time>2026-07-27T12:37:42.000Z</Time><Position><LatitudeDegrees>58.62596912406164</LatitudeDegrees><LongitudeDegrees>59.80758706951749</LongitudeDegrees></Position></Trackpoint><Trackpoint><Time>2026-07-27T12:37:43.000Z</Time><Position><LatitudeDegrees>58.62596477951248</LatitudeDegrees><LongitudeDegrees>59.807567280021296</LongitudeDegrees></Position></Trackpoint><Trackpoint><Time>2026-07-27T12:37:44.000Z</Time><Position><LatitudeDegrees>58.62596009611529</LatitudeDegrees><LongitudeDegrees>59.807547420003274</LongitudeDegrees></Position></Trackpoint><Trackpoint><Time>2026-07-27T12:37:45.000Z</Time><Position><LatitudeDegrees>58.625954895054896</LatitudeDegrees><LongitudeDegrees>59.80752714228155</LongitudeDegrees></Position></Trackpoint><Trackpoint><Time>2026-07-27T12:37:46.000Z</Time><Position><LatitudeDegrees>58.625949658741135</LatitudeDegrees><LongitudeDegrees>59.80750586787606</LongitudeDegrees></Position></Trackpoint><Trackpoint><Time>2026-07-27T12:37:47.000Z</Time><Position><LatitudeDegrees>58.62594312153933</LatitudeDegrees><LongitudeDegrees>59.80748495509822</LongitudeDegrees></Position></Trackpoint><Trackpoint><Time>2026-07-27T12:37:48.000Z</Time><Position><LatitudeDegrees>58.6259344395753</LatitudeDegrees><LongitudeDegrees>59.80746491693161</LongitudeDegrees></Position></Trackpoint><Trackpoint><Time>2026-07-27T12:37:49.000Z</Time><Position><LatitudeDegrees>58.62592451981176</LatitudeDegrees><LongitudeDegrees>59.80744536277432</LongitudeDegrees></Position></Trackpoint><Trackpoint><Time>2026-07-27T12:37:50.000Z</Time><Position><LatitudeDegrees>58.62591438424649</LatitudeDegrees><LongitudeDegrees>59.807426559252214</LongitudeDegrees></Position></Trackpoint><Trackpoint><Time>2026-07-27T12:37:51.000Z</Time><Position><LatitudeDegrees>58.625904971080715</LatitudeDegrees><LongitudeDegrees>59.80740900943845</LongitudeDegrees></Position></Trackpoint><Trackpoint><Time>2026-07-27T12:37:52.000Z</Time><Position><LatitudeDegrees>58.625896573978096</LatitudeDegrees><LongitudeDegrees>59.807392759603765</LongitudeDegrees></Position></Trackpoint><Trackpoint><Time>2026-07-27T12:37:53.000Z</Time><Position><LatitudeDegrees>58.62588820424772</LatitudeDegrees><LongitudeDegrees>59.80737717234301</LongitudeDegrees></Position></Trackpoint><Trackpoint><Time>2026-07-27T12:37:54.000Z</Time><Position><LatitudeDegrees>58.62587945120052</LatitudeDegrees><LongitudeDegrees>59.80736190011115</LongitudeDegrees></Position></Trackpoint><Trackpoint><Time>2026-07-27T12:37:55.000Z</Time><Position><LatitudeDegrees>58.6258711741204</LatitudeDegrees><LongitudeDegrees>59.80734675934405</LongitudeDegrees></Position></Trackpoint><Trackpoint><Time>2026-07-27T12:37:56.000Z</Time><Position><LatitudeDegrees>58.625862196967624</LatitudeDegrees><LongitudeDegrees>59.80733165757058</LongitudeDegrees></Position></Trackpoint><Trackpoint><Time>2026-07-27T12:37:57.000Z</Time><Position><LatitudeDegrees>58.625853104484314</LatitudeDegrees><LongitudeDegrees>59.80731606209266</LongitudeDegrees></Position></Trackpoint><Trackpoint><Time>2026-07-27T12:37:58.000Z</Time><Position><LatitudeDegrees>58.625844152289275</LatitudeDegrees><LongitudeDegrees>59.80730030650429</LongitudeDegrees></Position></Trackpoint><Trackpoint><Time>2026-07-27T12:37:59.000Z</Time><Position><LatitudeDegrees>58.625835917259685</LatitudeDegrees><LongitudeDegrees>59.80728307990867</LongitudeDegrees></Position></Trackpoint><Trackpoint><Time>2026-07-27T12:38:00.000Z</Time><Position><LatitudeDegrees>58.6258285449257</LatitudeDegrees><LongitudeDegrees>59.8072650104576</LongitudeDegrees></Position></Trackpoint><Trackpoint><Time>2026-07-27T12:38:01.000Z</Time><Position><LatitudeDegrees>58.62582149488521</LatitudeDegrees><LongitudeDegrees>59.807245975413515</LongitudeDegrees></Position></Trackpoint><Trackpoint><Time>2026-07-27T12:38:02.000Z</Time><Position><LatitudeDegrees>58.6258145032167</LatitudeDegrees><LongitudeDegrees>59.807227027382645</LongitudeDegrees></Position></Trackpoint><Trackpoint><Time>2026-07-27T12:38:03.000Z</Time><Position><LatitudeDegrees>58.62580794334718</LatitudeDegrees><LongitudeDegrees>59.80720760947408</LongitudeDegrees></Position></Trackpoint><Trackpoint><Time>2026-07-27T12:38:04.000Z</Time><Position><LatitudeDegrees>58.62580191364559</LatitudeDegrees><LongitudeDegrees>59.8071885318709</LongitudeDegrees></Position></Trackpoint><Trackpoint><Time>2026-07-27T12:38:05.000Z</Time><Position><LatitudeDegrees>58.62579638657727</LatitudeDegrees><LongitudeDegrees>59.80716959494522</LongitudeDegrees></Position></Trackpoint><Trackpoint><Time>2026-07-27T12:38:06.000Z</Time><Position><LatitudeDegrees>58.625790796679716</LatitudeDegrees><LongitudeDegrees>59.807150208817255</LongitudeDegrees></Position></Trackpoint><Trackpoint><Time>2026-07-27T12:38:07.000Z</Time><Position><LatitudeDegrees>58.625785408751256</LatitudeDegrees><LongitudeDegrees>59.80712920898803</LongitudeDegrees></Position></Trackpoint><Trackpoint><Time>2026-07-27T12:38:08.000Z</Time><Position><LatitudeDegrees>58.62578030592225</LatitudeDegrees><LongitudeDegrees>59.80710681260477</LongitudeDegrees></Position></Trackpoint><Trackpoint><Time>2026-07-27T12:38:09.000Z</Time><Position><LatitudeDegrees>58.625774996225836</LatitudeDegrees><LongitudeDegrees>59.80708426756278</LongitudeDegrees></Position></Trackpoint><Trackpoint><Time>2026-07-27T12:38:10.000Z</Time><Position><LatitudeDegrees>58.62576979321541</LatitudeDegrees><LongitudeDegrees>59.80706308608832</LongitudeDegrees></Position></Trackpoint><Trackpoint><Time>2026-07-27T12:38:11.000Z</Time><Position><LatitudeDegrees>58.62576481232972</LatitudeDegrees><LongitudeDegrees>59.80704371595476</LongitudeDegrees></Position></Trackpoint><Trackpoint><Time>2026-07-27T12:38:12.000Z</Time><Position><LatitudeDegrees>58.625760072600926</LatitudeDegrees><LongitudeDegrees>59.80702610908725</LongitudeDegrees></Position></Trackpoint><Trackpoint><Time>2026-07-27T12:38:13.000Z</Time><Position><LatitudeDegrees>58.625755550914974</LatitudeDegrees><LongitudeDegrees>59.80701050898505</LongitudeDegrees></Position></Trackpoint><Trackpoint><Time>2026-07-27T12:38:14.000Z</Time><Position><LatitudeDegrees>58.62575072015665</LatitudeDegrees><LongitudeDegrees>59.80699577914275</LongitudeDegrees></Position></Trackpoint><Trackpoint><Time>2026-07-27T12:38:15.000Z</Time><Position><LatitudeDegrees>58.62574540291129</LatitudeDegrees><LongitudeDegrees>59.806980850202365</LongitudeDegrees></Position></Trackpoint><Trackpoint><Time>2026-07-27T12:38:16.000Z</Time><Position><LatitudeDegrees>58.62573958855351</LatitudeDegrees><LongitudeDegrees>59.80696383848869</LongitudeDegrees></Position></Trackpoint><Trackpoint><Time>2026-07-27T12:38:17.000Z</Time><Position><LatitudeDegrees>58.625733336511026</LatitudeDegrees><LongitudeDegrees>59.80694423556227</LongitudeDegrees></Position></Trackpoint><Trackpoint><Time>2026-07-27T12:38:18.000Z</Time><Position><LatitudeDegrees>58.62572721704496</LatitudeDegrees><LongitudeDegrees>59.806922164609006</LongitudeDegrees></Position></Trackpoint><Trackpoint><Time>2026-07-27T12:38:19.000Z</Time><Position><LatitudeDegrees>58.62572144799187</LatitudeDegrees><LongitudeDegrees>59.80689995157095</LongitudeDegrees></Position></Trackpoint><Trackpoint><Time>2026-07-27T12:38:20.000Z</Time><Position><LatitudeDegrees>58.62571558447853</LatitudeDegrees><LongitudeDegrees>59.806879062195584</LongitudeDegrees></Position></Trackpoint><Trackpoint><Time>2026-07-27T12:38:21.000Z</Time><Position><LatitudeDegrees>58.62571043463636</LatitudeDegrees><LongitudeDegrees>59.8068599302365</LongitudeDegrees></Position></Trackpoint><Trackpoint><Time>2026-07-27T12:38:22.000Z</Time><Position><LatitudeDegrees>58.62570575007161</LatitudeDegrees><LongitudeDegrees>59.80684201915556</LongitudeDegrees></Position></Trackpoint><Trackpoint><Time>2026-07-27T12:38:23.000Z</Time><Position><LatitudeDegrees>58.62570087915917</LatitudeDegrees><LongitudeDegrees>59.806825440901214</LongitudeDegrees></Position></Trackpoint><Trackpoint><Time>2026-07-27T12:38:24.000Z</Time><Position><LatitudeDegrees>58.62569557745553</LatitudeDegrees><LongitudeDegrees>59.80680860167944</LongitudeDegrees></Position></Trackpoint><Trackpoint><Time>2026-07-27T12:38:25.000Z</Time><Position><LatitudeDegrees>58.62568882036088</LatitudeDegrees><LongitudeDegrees>59.80678940977563</LongitudeDegrees></Position></Trackpoint><Trackpoint><Time>2026-07-27T12:38:26.000Z</Time><Position><LatitudeDegrees>58.62568086231868</LatitudeDegrees><LongitudeDegrees>59.80676730571513</LongitudeDegrees></Position></Trackpoint><Trackpoint><Time>2026-07-27T12:38:27.000Z</Time><Position><LatitudeDegrees>58.625672451867665</LatitudeDegrees><LongitudeDegrees>59.806744391300995</LongitudeDegrees></Position></Trackpoint><Trackpoint><Time>2026-07-27T12:38:28.000Z</Time><Position><LatitudeDegrees>58.62566395534704</LatitudeDegrees><LongitudeDegrees>59.8067221257441</LongitudeDegrees></Position></Trackpoint><Trackpoint><Time>2026-07-27T12:38:29.000Z</Time><Position><LatitudeDegrees>58.62565602428501</LatitudeDegrees><LongitudeDegrees>59.80670004749506</LongitudeDegrees></Position></Trackpoint><Trackpoint><Time>2026-07-27T12:38:30.000Z</Time><Position><LatitudeDegrees>58.62564885442687</LatitudeDegrees><LongitudeDegrees>59.80667892165301</LongitudeDegrees></Position></Trackpoint><Trackpoint><Time>2026-07-27T12:38:31.000Z</Time><Position><LatitudeDegrees>58.6256424286877</LatitudeDegrees><LongitudeDegrees>59.806658941071284</LongitudeDegrees></Position></Trackpoint><Trackpoint><Time>2026-07-27T12:38:32.000Z</Time><Position><LatitudeDegrees>58.62563615491419</LatitudeDegrees><LongitudeDegrees>59.806640038180895</LongitudeDegrees></Position></Trackpoint><Trackpoint><Time>2026-07-27T12:38:33.000Z</Time><Position><LatitudeDegrees>58.62562928012268</LatitudeDegrees><LongitudeDegrees>59.806620578002764</LongitudeDegrees></Position></Trackpoint><Trackpoint><Time>2026-07-27T12:38:34.000Z</Time><Position><LatitudeDegrees>58.62562206095976</LatitudeDegrees><LongitudeDegrees>59.80659995872502</LongitudeDegrees></Position></Trackpoint><Trackpoint><Time>2026-07-27T12:38:35.000Z</Time><Position><LatitudeDegrees>58.62561464732061</LatitudeDegrees><LongitudeDegrees>59.80657857088078</LongitudeDegrees></Position></Trackpoint><Trackpoint><Time>2026-07-27T12:38:36.000Z</Time><Position><LatitudeDegrees>58.62560712589779</LatitudeDegrees><LongitudeDegrees>59.80655667394894</LongitudeDegrees></Position></Trackpoint><Trackpoint><Time>2026-07-27T12:38:37.000Z</Time><Position><LatitudeDegrees>58.62560003583866</LatitudeDegrees><LongitudeDegrees>59.80653590896405</LongitudeDegrees></Position></Trackpoint><Trackpoint><Time>2026-07-27T12:38:38.000Z</Time><Position><LatitudeDegrees>58.625593543817224</LatitudeDegrees><LongitudeDegrees>59.80651631686455</LongitudeDegrees></Position></Trackpoint><Trackpoint><Time>2026-07-27T12:38:39.000Z</Time><Position><LatitudeDegrees>58.62558764171816</LatitudeDegrees><LongitudeDegrees>59.80649776397221</LongitudeDegrees></Position></Trackpoint><Trackpoint><Time>2026-07-27T12:38:40.000Z</Time><Position><LatitudeDegrees>58.62558225048366</LatitudeDegrees><LongitudeDegrees>59.806480551463814</LongitudeDegrees></Position></Trackpoint><Trackpoint><Time>2026-07-27T12:38:41.000Z</Time><Position><LatitudeDegrees>58.625576782375774</LatitudeDegrees><LongitudeDegrees>59.80646414172715</LongitudeDegrees></Position></Trackpoint><Trackpoint><Time>2026-07-27T12:38:42.000Z</Time><Position><LatitudeDegrees>58.625571494821614</LatitudeDegrees><LongitudeDegrees>59.80644772071041</LongitudeDegrees></Position></Trackpoint><Trackpoint><Time>2026-07-27T12:38:43.000Z</Time><Position><LatitudeDegrees>58.62556549144321</LatitudeDegrees><LongitudeDegrees>59.80642948577585</LongitudeDegrees></Position></Trackpoint><Trackpoint><Time>2026-07-27T12:38:44.000Z</Time><Position><LatitudeDegrees>58.62555898456781</LatitudeDegrees><LongitudeDegrees>59.80640941696136</LongitudeDegrees></Position></Trackpoint><Trackpoint><Time>2026-07-27T12:38:45.000Z</Time><Position><LatitudeDegrees>58.62555212626192</LatitudeDegrees><LongitudeDegrees>59.806388231032194</LongitudeDegrees></Position></Trackpoint><Trackpoint><Time>2026-07-27T12:38:46.000Z</Time><Position><LatitudeDegrees>58.6255455138678</LatitudeDegrees><LongitudeDegrees>59.8063668561668</LongitudeDegrees></Position></Trackpoint><Trackpoint><Time>2026-07-27T12:38:47.000Z</Time><Position><LatitudeDegrees>58.62553887221788</LatitudeDegrees><LongitudeDegrees>59.80634569886968</LongitudeDegrees></Position></Trackpoint><Trackpoint><Time>2026-07-27T12:38:48.000Z</Time><Position><LatitudeDegrees>58.625533070965155</LatitudeDegrees><LongitudeDegrees>59.8063248986284</LongitudeDegrees></Position></Trackpoint><Trackpoint><Time>2026-07-27T12:38:49.000Z</Time><Position><LatitudeDegrees>58.62552836039803</LatitudeDegrees><LongitudeDegrees>59.806304467061</LongitudeDegrees></Position></Trackpoint><Trackpoint><Time>2026-07-27T12:38:50.000Z</Time><Position><LatitudeDegrees>58.62552372438452</LatitudeDegrees><LongitudeDegrees>59.806284361633445</LongitudeDegrees></Position></Trackpoint><Trackpoint><Time>2026-07-27T12:38:51.000Z</Time><Position><LatitudeDegrees>58.62551824526814</LatitudeDegrees><LongitudeDegrees>59.80626354374801</LongitudeDegrees></Position></Trackpoint><Trackpoint><Time>2026-07-27T12:38:52.000Z</Time><Position><LatitudeDegrees>58.625511653338314</LatitudeDegrees><LongitudeDegrees>59.80624216672903</LongitudeDegrees></Position></Trackpoint><Trackpoint><Time>2026-07-27T12:38:53.000Z</Time><Position><LatitudeDegrees>58.62550349073655</LatitudeDegrees><LongitudeDegrees>59.8062198758739</LongitudeDegrees></Position></Trackpoint><Trackpoint><Time>2026-07-27T12:38:54.000Z</Time><Position><LatitudeDegrees>58.62549474971603</LatitudeDegrees><LongitudeDegrees>59.806197621614984</LongitudeDegrees></Position></Trackpoint><Trackpoint><Time>2026-07-27T12:38:55.000Z</Time><Position><LatitudeDegrees>58.625485913158904</LatitudeDegrees><LongitudeDegrees>59.8061767698962</LongitudeDegrees></Position></Trackpoint><Trackpoint><Time>2026-07-27T12:38:56.000Z</Time><Position><LatitudeDegrees>58.625477681804725</LatitudeDegrees><LongitudeDegrees>59.806156724023644</LongitudeDegrees></Position></Trackpoint><Trackpoint><Time>2026-07-27T12:38:57.000Z</Time><Position><LatitudeDegrees>58.62547026656453</LatitudeDegrees><LongitudeDegrees>59.80613713482975</LongitudeDegrees></Position></Trackpoint><Trackpoint><Time>2026-07-27T12:38:58.000Z</Time><Position><LatitudeDegrees>58.6254631599409</LatitudeDegrees><LongitudeDegrees>59.806118289512256</LongitudeDegrees></Position></Trackpoint><Trackpoint><Time>2026-07-27T12:38:59.000Z</Time><Position><LatitudeDegrees>58.625456602929624</LatitudeDegrees><LongitudeDegrees>59.80609972126275</LongitudeDegrees></Position></Trackpoint><Trackpoint><Time>2026-07-27T12:39:00.000Z</Time><Position><LatitudeDegrees>58.62544964501767</LatitudeDegrees><LongitudeDegrees>59.80608120227269</LongitudeDegrees></Position></Trackpoint><Trackpoint><Time>2026-07-27T12:39:01.000Z</Time><Position><LatitudeDegrees>58.62544243581767</LatitudeDegrees><LongitudeDegrees>59.806061163568714</LongitudeDegrees></Position></Trackpoint><Trackpoint><Time>2026-07-27T12:39:02.000Z</Time><Position><LatitudeDegrees>58.625435069197536</LatitudeDegrees><LongitudeDegrees>59.80603915404823</LongitudeDegrees></Position></Trackpoint><Trackpoint><Time>2026-07-27T12:39:03.000Z</Time><Position><LatitudeDegrees>58.625427604019855</LatitudeDegrees><LongitudeDegrees>59.806017199325936</LongitudeDegrees></Position></Trackpoint><Trackpoint><Time>2026-07-27T12:39:04.000Z</Time><Position><LatitudeDegrees>58.625420077175896</LatitudeDegrees><LongitudeDegrees>59.80599661619488</LongitudeDegrees></Position></Trackpoint><Trackpoint><Time>2026-07-27T12:39:05.000Z</Time><Position><LatitudeDegrees>58.62541300138412</LatitudeDegrees><LongitudeDegrees>59.80597728130208</LongitudeDegrees></Position></Trackpoint><Trackpoint><Time>2026-07-27T12:39:06.000Z</Time><Position><LatitudeDegrees>58.62540652990722</LatitudeDegrees><LongitudeDegrees>59.80595898363715</LongitudeDegrees></Position></Trackpoint><Trackpoint><Time>2026-07-27T12:39:07.000Z</Time><Position><LatitudeDegrees>58.625400648300975</LatitudeDegrees><LongitudeDegrees>59.80594150317236</LongitudeDegrees></Position></Trackpoint><Trackpoint><Time>2026-07-27T12:39:08.000Z</Time><Position><LatitudeDegrees>58.62539527490778</LatitudeDegrees><LongitudeDegrees>59.805924644406566</LongitudeDegrees></Position></Trackpoint><Trackpoint><Time>2026-07-27T12:39:09.000Z</Time><Position><LatitudeDegrees>58.62538933164869</LatitudeDegrees><LongitudeDegrees>59.80590628858926</LongitudeDegrees></Position></Trackpoint><Trackpoint><Time>2026-07-27T12:39:10.000Z</Time><Position><LatitudeDegrees>58.62538244767627</LatitudeDegrees><LongitudeDegrees>59.805885265682015</LongitudeDegrees></Position></Trackpoint><Trackpoint><Time>2026-07-27T12:39:11.000Z</Time><Position><LatitudeDegrees>58.62537459100231</LatitudeDegrees><LongitudeDegrees>59.80586290497279</LongitudeDegrees></Position></Trackpoint><Trackpoint><Time>2026-07-27T12:39:12.000Z</Time><Position><LatitudeDegrees>58.625365873297774</LatitudeDegrees><LongitudeDegrees>59.80584188405405</LongitudeDegrees></Position></Trackpoint><Trackpoint><Time>2026-07-27T12:39:13.000Z</Time><Position><LatitudeDegrees>58.62535791989631</LatitudeDegrees><LongitudeDegrees>59.80582215446632</LongitudeDegrees></Position></Trackpoint><Trackpoint><Time>2026-07-27T12:39:14.000Z</Time><Position><LatitudeDegrees>58.62535032284614</LatitudeDegrees><LongitudeDegrees>59.80580353051201</LongitudeDegrees></Position></Trackpoint><Trackpoint><Time>2026-07-27T12:39:15.000Z</Time><Position><LatitudeDegrees>58.625343358012586</LatitudeDegrees><LongitudeDegrees>59.80578579380827</LongitudeDegrees></Position></Trackpoint><Trackpoint><Time>2026-07-27T12:39:16.000Z</Time><Position><LatitudeDegrees>58.62533656825152</LatitudeDegrees><LongitudeDegrees>59.80576825092988</LongitudeDegrees></Position></Trackpoint><Trackpoint><Time>2026-07-27T12:39:17.000Z</Time><Position><LatitudeDegrees>58.62532974282546</LatitudeDegrees><LongitudeDegrees>59.80575108103464</LongitudeDegrees></Position></Trackpoint><Trackpoint><Time>2026-07-27T12:39:18.000Z</Time><Position><LatitudeDegrees>58.625323289133846</LatitudeDegrees><LongitudeDegrees>59.80573333081266</LongitudeDegrees></Position></Trackpoint><Trackpoint><Time>2026-07-27T12:39:19.000Z</Time><Position><LatitudeDegrees>58.62531732724581</LatitudeDegrees><LongitudeDegrees>59.80571321331131</LongitudeDegrees></Position></Trackpoint><Trackpoint><Time>2026-07-27T12:39:20.000Z</Time><Position><LatitudeDegrees>58.625311353876945</LatitudeDegrees><LongitudeDegrees>59.805690786051265</LongitudeDegrees></Position></Trackpoint><Trackpoint><Time>2026-07-27T12:39:21.000Z</Time><Position><LatitudeDegrees>58.62530516323151</LatitudeDegrees><LongitudeDegrees>59.80566685878611</LongitudeDegrees></Position></Trackpoint><Trackpoint><Time>2026-07-27T12:39:22.000Z</Time><Position><LatitudeDegrees>58.62529869844307</LatitudeDegrees><LongitudeDegrees>59.805644405575855</LongitudeDegrees></Position></Trackpoint><Trackpoint><Time>2026-07-27T12:39:23.000Z</Time><Position><LatitudeDegrees>58.6252929504992</LatitudeDegrees><LongitudeDegrees>59.805622503602386</LongitudeDegrees></Position></Trackpoint><Trackpoint><Time>2026-07-27T12:39:24.000Z</Time><Position><LatitudeDegrees>58.62528725629449</LatitudeDegrees><LongitudeDegrees>59.805601191678655</LongitudeDegrees></Position></Trackpoint><Trackpoint><Time>2026-07-27T12:39:25.000Z</Time><Position><LatitudeDegrees>58.62528133584268</LatitudeDegrees><LongitudeDegrees>59.80558089966775</LongitudeDegrees></Position></Trackpoint><Trackpoint><Time>2026-07-27T12:39:26.000Z</Time><Position><LatitudeDegrees>58.62527461326393</LatitudeDegrees><LongitudeDegrees>59.80556167369736</LongitudeDegrees></Position></Trackpoint><Trackpoint><Time>2026-07-27T12:39:27.000Z</Time><Position><LatitudeDegrees>58.625266954343516</LatitudeDegrees><LongitudeDegrees>59.80554241671849</LongitudeDegrees></Position></Trackpoint><Trackpoint><Time>2026-07-27T12:39:28.000Z</Time><Position><LatitudeDegrees>58.62525842398536</LatitudeDegrees><LongitudeDegrees>59.80552170168842</LongitudeDegrees></Position></Trackpoint><Trackpoint><Time>2026-07-27T12:39:29.000Z</Time><Position><LatitudeDegrees>58.62525013998801</LatitudeDegrees><LongitudeDegrees>59.805499128042044</LongitudeDegrees></Position></Trackpoint><Trackpoint><Time>2026-07-27T12:39:30.000Z</Time><Position><LatitudeDegrees>58.625241551856924</LatitudeDegrees><LongitudeDegrees>59.805475258974504</LongitudeDegrees></Position></Trackpoint><Trackpoint><Time>2026-07-27T12:39:31.000Z</Time><Position><LatitudeDegrees>58.62523296152581</LatitudeDegrees><LongitudeDegrees>59.80545294074677</LongitudeDegrees></Position></Trackpoint><Trackpoint><Time>2026-07-27T12:39:32.000Z</Time><Position><LatitudeDegrees>58.625224004012786</LatitudeDegrees><LongitudeDegrees>59.80543265688547</LongitudeDegrees></Position></Trackpoint><Trackpoint><Time>2026-07-27T12:39:33.000Z</Time><Position><LatitudeDegrees>58.625215065744</LatitudeDegrees><LongitudeDegrees>59.805413855804524</LongitudeDegrees></Position></Trackpoint><Trackpoint><Time>2026-07-27T12:39:34.000Z</Time><Position><LatitudeDegrees>58.625206793003294</LatitudeDegrees><LongitudeDegrees>59.80539660964039</LongitudeDegrees></Position></Trackpoint><Trackpoint><Time>2026-07-27T12:39:35.000Z</Time><Position><LatitudeDegrees>58.62519887692174</LatitudeDegrees><LongitudeDegrees>59.805380748530055</LongitudeDegrees></Position></Trackpoint><Trackpoint><Time>2026-07-27T12:39:36.000Z</Time><Position><LatitudeDegrees>58.62519114452017</LatitudeDegrees><LongitudeDegrees>59.80536553513809</LongitudeDegrees></Position></Trackpoint><Trackpoint><Time>2026-07-27T12:39:37.000Z</Time><Position><LatitudeDegrees>58.62518399059556</LatitudeDegrees><LongitudeDegrees>59.80534960345025</LongitudeDegrees></Position></Trackpoint><Trackpoint><Time>2026-07-27T12:39:38.000Z</Time><Position><LatitudeDegrees>58.6251770138812</LatitudeDegrees><LongitudeDegrees>59.80533248308853</LongitudeDegrees></Position></Trackpoint><Trackpoint><Time>2026-07-27T12:39:39.000Z</Time><Position><LatitudeDegrees>58.625170515988046</LatitudeDegrees><LongitudeDegrees>59.80531462251067</LongitudeDegrees></Position></Trackpoint><Trackpoint><Time>2026-07-27T12:39:40.000Z</Time><Position><LatitudeDegrees>58.62516455967356</LatitudeDegrees><LongitudeDegrees>59.80529679102278</LongitudeDegrees></Position></Trackpoint><Trackpoint><Time>2026-07-27T12:39:41.000Z</Time><Position><LatitudeDegrees>58.62515910127255</LatitudeDegrees><LongitudeDegrees>59.80527930171711</LongitudeDegrees></Position></Trackpoint><Trackpoint><Time>2026-07-27T12:39:42.000Z</Time><Position><LatitudeDegrees>58.625153569285196</LatitudeDegrees><LongitudeDegrees>59.805261260395675</LongitudeDegrees></Position></Trackpoint><Trackpoint><Time>2026-07-27T12:39:43.000Z</Time><Position><LatitudeDegrees>58.62514773779348</LatitudeDegrees><LongitudeDegrees>59.805242369648326</LongitudeDegrees></Position></Trackpoint><Trackpoint><Time>2026-07-27T12:39:44.000Z</Time><Position><LatitudeDegrees>58.62514155219779</LatitudeDegrees><LongitudeDegrees>59.80522310562478</LongitudeDegrees></Position></Trackpoint><Trackpoint><Time>2026-07-27T12:39:45.000Z</Time><Position><LatitudeDegrees>58.62513454585025</LatitudeDegrees><LongitudeDegrees>59.805202243496964</LongitudeDegrees></Position></Trackpoint><Trackpoint><Time>2026-07-27T12:39:46.000Z</Time><Position><LatitudeDegrees>58.625127611133216</LatitudeDegrees><LongitudeDegrees>59.80518046317532</LongitudeDegrees></Position></Trackpoint><Trackpoint><Time>2026-07-27T12:39:47.000Z</Time><Position><LatitudeDegrees>58.625120127144584</LatitudeDegrees><LongitudeDegrees>59.80515865212905</LongitudeDegrees></Position></Trackpoint><Trackpoint><Time>2026-07-27T12:39:48.000Z</Time><Position><LatitudeDegrees>58.62511288789558</LatitudeDegrees><LongitudeDegrees>59.80513815901227</LongitudeDegrees></Position></Trackpoint><Trackpoint><Time>2026-07-27T12:39:49.000Z</Time><Position><LatitudeDegrees>58.625106188974556</LatitudeDegrees><LongitudeDegrees>59.80511839087023</LongitudeDegrees></Position></Trackpoint><Trackpoint><Time>2026-07-27T12:39:50.000Z</Time><Position><LatitudeDegrees>58.62510008276436</LatitudeDegrees><LongitudeDegrees>59.8050999896762</LongitudeDegrees></Position></Trackpoint><Trackpoint><Time>2026-07-27T12:39:51.000Z</Time><Position><LatitudeDegrees>58.62509402515385</LatitudeDegrees><LongitudeDegrees>59.80508206514925</LongitudeDegrees></Position></Trackpoint><Trackpoint><Time>2026-07-27T12:39:52.000Z</Time><Position><LatitudeDegrees>58.62508680660097</LatitudeDegrees><LongitudeDegrees>59.805063699851885</LongitudeDegrees></Position></Trackpoint><Trackpoint><Time>2026-07-27T12:39:53.000Z</Time><Position><LatitudeDegrees>58.625078567591785</LatitudeDegrees><LongitudeDegrees>59.80504408291434</LongitudeDegrees></Position></Trackpoint><Trackpoint><Time>2026-07-27T12:39:54.000Z</Time><Position><LatitudeDegrees>58.62506998656778</LatitudeDegrees><LongitudeDegrees>59.80502304103954</LongitudeDegrees></Position></Trackpoint><Trackpoint><Time>2026-07-27T12:39:55.000Z</Time><Position><LatitudeDegrees>58.62506187644149</LatitudeDegrees><LongitudeDegrees>59.80500166496774</LongitudeDegrees></Position></Trackpoint><Trackpoint><Time>2026-07-27T12:39:56.000Z</Time><Position><LatitudeDegrees>58.62505402194778</LatitudeDegrees><LongitudeDegrees>59.804980446795824</LongitudeDegrees></Position></Trackpoint><Trackpoint><Time>2026-07-27T12:39:57.000Z</Time><Position><LatitudeDegrees>58.62504679123385</LatitudeDegrees><LongitudeDegrees>59.80496054814074</LongitudeDegrees></Position></Trackpoint><Trackpoint><Time>2026-07-27T12:39:58.000Z</Time><Position><LatitudeDegrees>58.6250402558538</LatitudeDegrees><LongitudeDegrees>59.80494227803708</LongitudeDegrees></Position></Trackpoint><Trackpoint><Time>2026-07-27T12:39:59.000Z</Time><Position><LatitudeDegrees>58.62503484564156</LatitudeDegrees><LongitudeDegrees>59.80492457551227</LongitudeDegrees></Position></Trackpoint><Trackpoint><Time>2026-07-27T12:40:00.000Z</Time><Position><LatitudeDegrees>58.625029124371636</LatitudeDegrees><LongitudeDegrees>59.80490644116389</LongitudeDegrees></Position></Trackpoint><Trackpoint><Time>2026-07-27T12:40:01.000Z</Time><Position><LatitudeDegrees>58.62502303009289</LatitudeDegrees><LongitudeDegrees>59.804887029217994</LongitudeDegrees></Position></Trackpoint><Trackpoint><Time>2026-07-27T12:40:02.000Z</Time><Position><LatitudeDegrees>58.62501609555626</LatitudeDegrees><LongitudeDegrees>59.80486615533437</LongitudeDegrees></Position></Trackpoint><Trackpoint><Time>2026-07-27T12:40:03.000Z</Time><Position><LatitudeDegrees>58.62500921540008</LatitudeDegrees><LongitudeDegrees>59.80484393123307</LongitudeDegrees></Position></Trackpoint><Trackpoint><Time>2026-07-27T12:40:04.000Z</Time><Position><LatitudeDegrees>58.62500177186534</LatitudeDegrees><LongitudeDegrees>59.804822045054394</LongitudeDegrees></Position></Trackpoint><Trackpoint><Time>2026-07-27T12:40:05.000Z</Time><Position><LatitudeDegrees>58.62499407245771</LatitudeDegrees><LongitudeDegrees>59.80480163826955</LongitudeDegrees></Position></Trackpoint><Trackpoint><Time>2026-07-27T12:40:06.000Z</Time><Position><LatitudeDegrees>58.624986276659165</LatitudeDegrees><LongitudeDegrees>59.804782991096516</LongitudeDegrees></Position></Trackpoint><Trackpoint><Time>2026-07-27T12:40:07.000Z</Time><Position><LatitudeDegrees>58.624978462521334</LatitudeDegrees><LongitudeDegrees>59.80476550348425</LongitudeDegrees></Position></Trackpoint><Trackpoint><Time>2026-07-27T12:40:08.000Z</Time><Position><LatitudeDegrees>58.62497115415291</LatitudeDegrees><LongitudeDegrees>59.804748779483866</LongitudeDegrees></Position></Trackpoint><Trackpoint><Time>2026-07-27T12:40:09.000Z</Time><Position><LatitudeDegrees>58.62496401287398</LatitudeDegrees><LongitudeDegrees>59.804731578800734</LongitudeDegrees></Position></Trackpoint><Trackpoint><Time>2026-07-27T12:40:10.000Z</Time><Position><LatitudeDegrees>58.624957367369795</LatitudeDegrees><LongitudeDegrees>59.804712472600436</LongitudeDegrees></Position></Trackpoint><Trackpoint><Time>2026-07-27T12:40:11.000Z</Time><Position><LatitudeDegrees>58.62495079976135</LatitudeDegrees><LongitudeDegrees>59.80469062740094</LongitudeDegrees></Position></Trackpoint><Trackpoint><Time>2026-07-27T12:40:12.000Z</Time><Position><LatitudeDegrees>58.62494363834371</LatitudeDegrees><LongitudeDegrees>59.804667030714185</LongitudeDegrees></Position></Trackpoint><Trackpoint><Time>2026-07-27T12:40:13.000Z</Time><Position><LatitudeDegrees>58.624936172311514</LatitudeDegrees><LongitudeDegrees>59.80464231403126</LongitudeDegrees></Position></Trackpoint><Trackpoint><Time>2026-07-27T12:40:14.000Z</Time><Position><LatitudeDegrees>58.62492855986158</LatitudeDegrees><LongitudeDegrees>59.804617860392305</LongitudeDegrees></Position></Trackpoint><Trackpoint><Time>2026-07-27T12:40:15.000Z</Time><Position><LatitudeDegrees>58.624920884937126</LatitudeDegrees><LongitudeDegrees>59.80459567444993</LongitudeDegrees></Position></Trackpoint><Trackpoint><Time>2026-07-27T12:40:16.000Z</Time><Position><LatitudeDegrees>58.6249136797379</LatitudeDegrees><LongitudeDegrees>59.80457531151026</LongitudeDegrees></Position></Trackpoint><Trackpoint><Time>2026-07-27T12:40:17.000Z</Time><Position><LatitudeDegrees>58.62490710315298</LatitudeDegrees><LongitudeDegrees>59.804556354453915</LongitudeDegrees></Position></Trackpoint><Trackpoint><Time>2026-07-27T12:40:18.000Z</Time><Position><LatitudeDegrees>58.62490065032587</LatitudeDegrees><LongitudeDegrees>59.8045384510542</LongitudeDegrees></Position></Trackpoint><Trackpoint><Time>2026-07-27T12:40:19.000Z</Time><Position><LatitudeDegrees>58.62489360784509</LatitudeDegrees><LongitudeDegrees>59.80452181062782</LongitudeDegrees></Position></Trackpoint><Trackpoint><Time>2026-07-27T12:40:20.000Z</Time><Position><LatitudeDegrees>58.62488575758515</LatitudeDegrees><LongitudeDegrees>59.80450537805641</LongitudeDegrees></Position></Trackpoint><Trackpoint><Time>2026-07-27T12:40:21.000Z</Time><Position><LatitudeDegrees>58.62487711339194</LatitudeDegrees><LongitudeDegrees>59.80448771290794</LongitudeDegrees></Position></Trackpoint><Trackpoint><Time>2026-07-27T12:40:22.000Z</Time><Position><LatitudeDegrees>58.62486827247841</LatitudeDegrees><LongitudeDegrees>59.80446789055325</LongitudeDegrees></Position></Trackpoint><Trackpoint><Time>2026-07-27T12:40:23.000Z</Time><Position><LatitudeDegrees>58.6248590164349</LatitudeDegrees><LongitudeDegrees>59.8044467862946</LongitudeDegrees></Position></Trackpoint><Trackpoint><Time>2026-07-27T12:40:24.000Z</Time><Position><LatitudeDegrees>58.62484979820495</LatitudeDegrees><LongitudeDegrees>59.80442590436232</LongitudeDegrees></Position></Trackpoint><Trackpoint><Time>2026-07-27T12:40:25.000Z</Time><Position><LatitudeDegrees>58.62484128908313</LatitudeDegrees><LongitudeDegrees>59.804406325323995</LongitudeDegrees></Position></Trackpoint><Trackpoint><Time>2026-07-27T12:40:26.000Z</Time><Position><LatitudeDegrees>58.62483318490735</LatitudeDegrees><LongitudeDegrees>59.80438832696892</LongitudeDegrees></Position></Trackpoint><Trackpoint><Time>2026-07-27T12:40:27.000Z</Time><Position><LatitudeDegrees>58.62482530843931</LatitudeDegrees><LongitudeDegrees>59.804371331211065</LongitudeDegrees></Position></Trackpoint><Trackpoint><Time>2026-07-27T12:40:28.000Z</Time><Position><LatitudeDegrees>58.62481755746042</LatitudeDegrees><LongitudeDegrees>59.8043549712935</LongitudeDegrees></Position></Trackpoint><Trackpoint><Time>2026-07-27T12:40:29.000Z</Time><Position><LatitudeDegrees>58.62480889454607</LatitudeDegrees><LongitudeDegrees>59.80433950417496</LongitudeDegrees></Position></Trackpoint><Trackpoint><Time>2026-07-27T12:40:30.000Z</Time><Position><LatitudeDegrees>58.62479949910638</LatitudeDegrees><LongitudeDegrees>59.80432443147961</LongitudeDegrees></Position></Trackpoint><Trackpoint><Time>2026-07-27T12:40:31.000Z</Time><Position><LatitudeDegrees>58.62478953904693</LatitudeDegrees><LongitudeDegrees>59.804309007725415</LongitudeDegrees></Position></Trackpoint><Trackpoint><Time>2026-07-27T12:40:32.000Z</Time><Position><LatitudeDegrees>58.624779155984925</LatitudeDegrees><LongitudeDegrees>59.80429150212403</LongitudeDegrees></Position></Trackpoint><Trackpoint><Time>2026-07-27T12:40:33.000Z</Time><Position><LatitudeDegrees>58.62476895214542</LatitudeDegrees><LongitudeDegrees>59.80427195869165</LongitudeDegrees></Position></Trackpoint><Trackpoint><Time>2026-07-27T12:40:34.000Z</Time><Position><LatitudeDegrees>58.62475915254183</LatitudeDegrees><LongitudeDegrees>59.804250657108135</LongitudeDegrees></Position></Trackpoint><Trackpoint><Time>2026-07-27T12:40:35.000Z</Time><Position><LatitudeDegrees>58.62474930834849</LatitudeDegrees><LongitudeDegrees>59.804229407042875</LongitudeDegrees></Position></Trackpoint><Trackpoint><Time>2026-07-27T12:40:36.000Z</Time><Position><LatitudeDegrees>58.62473973005769</LatitudeDegrees><LongitudeDegrees>59.80420894716578</LongitudeDegrees></Position></Trackpoint><Trackpoint><Time>2026-07-27T12:40:37.000Z</Time><Position><LatitudeDegrees>58.62473100102292</LatitudeDegrees><LongitudeDegrees>59.80418996987692</LongitudeDegrees></Position></Trackpoint><Trackpoint><Time>2026-07-27T12:40:38.000Z</Time><Position><LatitudeDegrees>58.62472325248789</LatitudeDegrees><LongitudeDegrees>59.80417257004177</LongitudeDegrees></Position></Trackpoint><Trackpoint><Time>2026-07-27T12:40:39.000Z</Time><Position><LatitudeDegrees>58.624716902268084</LatitudeDegrees><LongitudeDegrees>59.804155605044066</LongitudeDegrees></Position></Trackpoint><Trackpoint><Time>2026-07-27T12:40:40.000Z</Time><Position><LatitudeDegrees>58.6247114533516</LatitudeDegrees><LongitudeDegrees>59.8041385485056</LongitudeDegrees></Position></Trackpoint><Trackpoint><Time>2026-07-27T12:40:41.000Z</Time><Position><LatitudeDegrees>58.6247056061502</LatitudeDegrees><LongitudeDegrees>59.80412070578477</LongitudeDegrees></Position></Trackpoint><Trackpoint><Time>2026-07-27T12:40:42.000Z</Time><Position><LatitudeDegrees>58.62469887656939</LatitudeDegrees><LongitudeDegrees>59.80410238132094</LongitudeDegrees></Position></Trackpoint><Trackpoint><Time>2026-07-27T12:40:43.000Z</Time><Position><LatitudeDegrees>58.624691178494956</LatitudeDegrees><LongitudeDegrees>59.80408278310213</LongitudeDegrees></Position></Trackpoint><Trackpoint><Time>2026-07-27T12:40:44.000Z</Time><Position><LatitudeDegrees>58.624682600766896</LatitudeDegrees><LongitudeDegrees>59.804062727657175</LongitudeDegrees></Position></Trackpoint><Trackpoint><Time>2026-07-27T12:40:45.000Z</Time><Position><LatitudeDegrees>58.62467378248532</LatitudeDegrees><LongitudeDegrees>59.80404358916538</LongitudeDegrees></Position></Trackpoint><Trackpoint><Time>2026-07-27T12:40:46.000Z</Time><Position><LatitudeDegrees>58.62466501772762</LatitudeDegrees><LongitudeDegrees>59.80402532625945</LongitudeDegrees></Position></Trackpoint><Trackpoint><Time>2026-07-27T12:40:47.000Z</Time><Position><LatitudeDegrees>58.624657399956234</LatitudeDegrees><LongitudeDegrees>59.8040073199122</LongitudeDegrees></Position></Trackpoint><Trackpoint><Time>2026-07-27T12:40:48.000Z</Time><Position><LatitudeDegrees>58.62465074267086</LatitudeDegrees><LongitudeDegrees>59.8039892822587</LongitudeDegrees></Position></Trackpoint><Trackpoint><Time>2026-07-27T12:40:49.000Z</Time><Position><LatitudeDegrees>58.624644356176915</LatitudeDegrees><LongitudeDegrees>59.803971098764656</LongitudeDegrees></Position></Trackpoint><Trackpoint><Time>2026-07-27T12:40:50.000Z</Time><Position><LatitudeDegrees>58.62463792167951</LatitudeDegrees><LongitudeDegrees>59.803952251368834</LongitudeDegrees></Position></Trackpoint><Trackpoint><Time>2026-07-27T12:40:51.000Z</Time><Position><LatitudeDegrees>58.62463180366005</LatitudeDegrees><LongitudeDegrees>59.80393212231651</LongitudeDegrees></Position></Trackpoint><Trackpoint><Time>2026-07-27T12:40:52.000Z</Time><Position><LatitudeDegrees>58.62462562199407</LatitudeDegrees><LongitudeDegrees>59.80391062169436</LongitudeDegrees></Position></Trackpoint><Trackpoint><Time>2026-07-27T12:40:53.000Z</Time><Position><LatitudeDegrees>58.62461922830256</LatitudeDegrees><LongitudeDegrees>59.803889357343834</LongitudeDegrees></Position></Trackpoint><Trackpoint><Time>2026-07-27T12:40:54.000Z</Time><Position><LatitudeDegrees>58.62461258869125</LatitudeDegrees><LongitudeDegrees>59.803869450713194</LongitudeDegrees></Position></Trackpoint><Trackpoint><Time>2026-07-27T12:40:55.000Z</Time><Position><LatitudeDegrees>58.62460621037541</LatitudeDegrees><LongitudeDegrees>59.803851189390926</LongitudeDegrees></Position></Trackpoint><Trackpoint><Time>2026-07-27T12:40:56.000Z</Time><Position><LatitudeDegrees>58.62460075831694</LatitudeDegrees><LongitudeDegrees>59.80383399103211</LongitudeDegrees></Position></Trackpoint><Trackpoint><Time>2026-07-27T12:40:57.000Z</Time><Position><LatitudeDegrees>58.62459589787497</LatitudeDegrees><LongitudeDegrees>59.80381747937792</LongitudeDegrees></Position></Trackpoint><Trackpoint><Time>2026-07-27T12:40:58.000Z</Time><Position><LatitudeDegrees>58.62459092568954</LatitudeDegrees><LongitudeDegrees>59.803800921724324</LongitudeDegrees></Position></Trackpoint><Trackpoint><Time>2026-07-27T12:40:59.000Z</Time><Position><LatitudeDegrees>58.624585566435655</LatitudeDegrees><LongitudeDegrees>59.8037835326127</LongitudeDegrees></Position></Trackpoint><Trackpoint><Time>2026-07-27T12:41:00.000Z</Time><Position><LatitudeDegrees>58.62457926679434</LatitudeDegrees><LongitudeDegrees>59.80376460567074</LongitudeDegrees></Position></Trackpoint><Trackpoint><Time>2026-07-27T12:41:01.000Z</Time><Position><LatitudeDegrees>58.6245719195877</LatitudeDegrees><LongitudeDegrees>59.80374551620085</LongitudeDegrees></Position></Trackpoint><Trackpoint><Time>2026-07-27T12:41:02.000Z</Time><Position><LatitudeDegrees>58.62456410474033</LatitudeDegrees><LongitudeDegrees>59.80372685145861</LongitudeDegrees></Position></Trackpoint><Trackpoint><Time>2026-07-27T12:41:03.000Z</Time><Position><LatitudeDegrees>58.62455661071612</LatitudeDegrees><LongitudeDegrees>59.80370830917171</LongitudeDegrees></Position></Trackpoint><Trackpoint><Time>2026-07-27T12:41:04.000Z</Time><Position><LatitudeDegrees>58.62454972105363</LatitudeDegrees><LongitudeDegrees>59.803689259526735</LongitudeDegrees></Position></Trackpoint><Trackpoint><Time>2026-07-27T12:41:05.000Z</Time><Position><LatitudeDegrees>58.62454298534397</LatitudeDegrees><LongitudeDegrees>59.803669508264164</LongitudeDegrees></Position></Trackpoint><Trackpoint><Time>2026-07-27T12:41:06.000Z</Time><Position><LatitudeDegrees>58.62453570872349</LatitudeDegrees><LongitudeDegrees>59.80364906543301</LongitudeDegrees></Position></Trackpoint><Trackpoint><Time>2026-07-27T12:41:07.000Z</Time><Position><LatitudeDegrees>58.62452767444927</LatitudeDegrees><LongitudeDegrees>59.803628513544176</LongitudeDegrees></Position></Trackpoint><Trackpoint><Time>2026-07-27T12:41:08.000Z</Time><Position><LatitudeDegrees>58.62451889050305</LatitudeDegrees><LongitudeDegrees>59.80360663766063</LongitudeDegrees></Position></Trackpoint><Trackpoint><Time>2026-07-27T12:41:09.000Z</Time><Position><LatitudeDegrees>58.62450994600186</LatitudeDegrees><LongitudeDegrees>59.80358359697411</LongitudeDegrees></Position></Trackpoint><Trackpoint><Time>2026-07-27T12:41:10.000Z</Time><Position><LatitudeDegrees>58.624501104170726</LatitudeDegrees><LongitudeDegrees>59.80356156498826</LongitudeDegrees></Position></Trackpoint><Trackpoint><Time>2026-07-27T12:41:11.000Z</Time><Position><LatitudeDegrees>58.62449246023695</LatitudeDegrees><LongitudeDegrees>59.80354179696977</LongitudeDegrees></Position></Trackpoint><Trackpoint><Time>2026-07-27T12:41:12.000Z</Time><Position><LatitudeDegrees>58.6244845176291</LatitudeDegrees><LongitudeDegrees>59.80352402969193</LongitudeDegrees></Position></Trackpoint><Trackpoint><Time>2026-07-27T12:41:13.000Z</Time><Position><LatitudeDegrees>58.62447739366173</LatitudeDegrees><LongitudeDegrees>59.80350740834654</LongitudeDegrees></Position></Trackpoint><Trackpoint><Time>2026-07-27T12:41:14.000Z</Time><Position><LatitudeDegrees>58.62447054196699</LatitudeDegrees><LongitudeDegrees>59.803490454595156</LongitudeDegrees></Position></Trackpoint><Trackpoint><Time>2026-07-27T12:41:15.000Z</Time><Position><LatitudeDegrees>58.62446370258662</LatitudeDegrees><LongitudeDegrees>59.80347358149375</LongitudeDegrees></Position></Trackpoint><Trackpoint><Time>2026-07-27T12:41:16.000Z</Time><Position><LatitudeDegrees>58.62445627726997</LatitudeDegrees><LongitudeDegrees>59.80345547996937</LongitudeDegrees></Position></Trackpoint><Trackpoint><Time>2026-07-27T12:41:17.000Z</Time><Position><LatitudeDegrees>58.62444858445213</LatitudeDegrees><LongitudeDegrees>59.80343576856838</LongitudeDegrees></Position></Trackpoint><Trackpoint><Time>2026-07-27T12:41:18.000Z</Time><Position><LatitudeDegrees>58.62444127921929</LatitudeDegrees><LongitudeDegrees>59.80341400721002</LongitudeDegrees></Position></Trackpoint><Trackpoint><Time>2026-07-27T12:41:19.000Z</Time><Position><LatitudeDegrees>58.624434092001216</LatitudeDegrees><LongitudeDegrees>59.803392725816416</LongitudeDegrees></Position></Trackpoint><Trackpoint><Time>2026-07-27T12:41:20.000Z</Time><Position><LatitudeDegrees>58.6244273862435</LatitudeDegrees><LongitudeDegrees>59.803372904691095</LongitudeDegrees></Position></Trackpoint><Trackpoint><Time>2026-07-27T12:41:21.000Z</Time><Position><LatitudeDegrees>58.6244202706092</LatitudeDegrees><LongitudeDegrees>59.803354760132514</LongitudeDegrees></Position></Trackpoint><Trackpoint><Time>2026-07-27T12:41:22.000Z</Time><Position><LatitudeDegrees>58.624412920233716</LatitudeDegrees><LongitudeDegrees>59.80333767642418</LongitudeDegrees></Position></Trackpoint><Trackpoint><Time>2026-07-27T12:41:23.000Z</Time><Position><LatitudeDegrees>58.624405926982924</LatitudeDegrees><LongitudeDegrees>59.803321753445594</LongitudeDegrees></Position></Trackpoint><Trackpoint><Time>2026-07-27T12:41:24.000Z</Time><Position><LatitudeDegrees>58.62439899915991</LatitudeDegrees><LongitudeDegrees>59.80330590413133</LongitudeDegrees></Position></Trackpoint><Trackpoint><Time>2026-07-27T12:41:25.000Z</Time><Position><LatitudeDegrees>58.62439200823659</LatitudeDegrees><LongitudeDegrees>59.803289181726264</LongitudeDegrees></Position></Trackpoint><Trackpoint><Time>2026-07-27T12:41:26.000Z</Time><Position><LatitudeDegrees>58.62438393015841</LatitudeDegrees><LongitudeDegrees>59.803270329163716</LongitudeDegrees></Position></Trackpoint><Trackpoint><Time>2026-07-27T12:41:27.000Z</Time><Position><LatitudeDegrees>58.62437546194147</LatitudeDegrees><LongitudeDegrees>59.80324861253357</LongitudeDegrees></Position></Trackpoint><Trackpoint><Time>2026-07-27T12:41:28.000Z</Time><Position><LatitudeDegrees>58.62436694071397</LatitudeDegrees><LongitudeDegrees>59.80322458679654</LongitudeDegrees></Position></Trackpoint><Trackpoint><Time>2026-07-27T12:41:29.000Z</Time><Position><LatitudeDegrees>58.62435802250974</LatitudeDegrees><LongitudeDegrees>59.803199756095545</LongitudeDegrees></Position></Trackpoint><Trackpoint><Time>2026-07-27T12:41:30.000Z</Time><Position><LatitudeDegrees>58.624349106234035</LatitudeDegrees><LongitudeDegrees>59.80317582242395</LongitudeDegrees></Position></Trackpoint><Trackpoint><Time>2026-07-27T12:41:31.000Z</Time><Position><LatitudeDegrees>58.62434035592181</LatitudeDegrees><LongitudeDegrees>59.80315386119764</LongitudeDegrees></Position></Trackpoint><Trackpoint><Time>2026-07-27T12:41:32.000Z</Time><Position><LatitudeDegrees>58.624332307437584</LatitudeDegrees><LongitudeDegrees>59.803133082927125</LongitudeDegrees></Position></Trackpoint><Trackpoint><Time>2026-07-27T12:41:33.000Z</Time><Position><LatitudeDegrees>58.62432509138968</LatitudeDegrees><LongitudeDegrees>59.80311350025435</LongitudeDegrees></Position></Trackpoint><Trackpoint><Time>2026-07-27T12:41:34.000Z</Time><Position><LatitudeDegrees>58.624318654725016</LatitudeDegrees><LongitudeDegrees>59.80309496493251</LongitudeDegrees></Position></Trackpoint><Trackpoint><Time>2026-07-27T12:41:35.000Z</Time><Position><LatitudeDegrees>58.62431238595129</LatitudeDegrees><LongitudeDegrees>59.80307728148274</LongitudeDegrees></Position></Trackpoint><Trackpoint><Time>2026-07-27T12:41:36.000Z</Time><Position><LatitudeDegrees>58.62430552207641</LatitudeDegrees><LongitudeDegrees>59.80305928084259</LongitudeDegrees></Position></Trackpoint><Trackpoint><Time>2026-07-27T12:41:37.000Z</Time><Position><LatitudeDegrees>58.62429782525513</LatitudeDegrees><LongitudeDegrees>59.80304003265344</LongitudeDegrees></Position></Trackpoint><Trackpoint><Time>2026-07-27T12:41:38.000Z</Time><Position><LatitudeDegrees>58.624288814831615</LatitudeDegrees><LongitudeDegrees>59.803018824272996</LongitudeDegrees></Position></Trackpoint><Trackpoint><Time>2026-07-27T12:41:39.000Z</Time><Position><LatitudeDegrees>58.624279440675885</LatitudeDegrees><LongitudeDegrees>59.802996103409605</LongitudeDegrees></Position></Trackpoint><Trackpoint><Time>2026-07-27T12:41:40.000Z</Time><Position><LatitudeDegrees>58.624270140660556</LatitudeDegrees><LongitudeDegrees>59.80297322779062</LongitudeDegrees></Position></Trackpoint><Trackpoint><Time>2026-07-27T12:41:41.000Z</Time><Position><LatitudeDegrees>58.62426108560037</LatitudeDegrees><LongitudeDegrees>59.80295175565733</LongitudeDegrees></Position></Trackpoint><Trackpoint><Time>2026-07-27T12:41:42.000Z</Time><Position><LatitudeDegrees>58.624252314402895</LatitudeDegrees><LongitudeDegrees>59.802932148610196</LongitudeDegrees></Position></Trackpoint><Trackpoint><Time>2026-07-27T12:41:43.000Z</Time><Position><LatitudeDegrees>58.62424478587948</LatitudeDegrees><LongitudeDegrees>59.802914357370696</LongitudeDegrees></Position></Trackpoint><Trackpoint><Time>2026-07-27T12:41:44.000Z</Time><Position><LatitudeDegrees>58.62423824579464</LatitudeDegrees><LongitudeDegrees>59.80289714936689</LongitudeDegrees></Position></Trackpoint><Trackpoint><Time>2026-07-27T12:41:45.000Z</Time><Position><LatitudeDegrees>58.62423197297053</LatitudeDegrees><LongitudeDegrees>59.80287994212714</LongitudeDegrees></Position></Trackpoint><Trackpoint><Time>2026-07-27T12:41:46.000Z</Time><Position><LatitudeDegrees>58.624226125710145</LatitudeDegrees><LongitudeDegrees>59.80286249567213</LongitudeDegrees></Position></Trackpoint><Trackpoint><Time>2026-07-27T12:41:47.000Z</Time><Position><LatitudeDegrees>58.62422022497688</LatitudeDegrees><LongitudeDegrees>59.80284474187329</LongitudeDegrees></Position></Trackpoint><Trackpoint><Time>2026-07-27T12:41:48.000Z</Time><Position><LatitudeDegrees>58.62421408035064</LatitudeDegrees><LongitudeDegrees>59.802824733677646</LongitudeDegrees></Position></Trackpoint><Trackpoint><Time>2026-07-27T12:41:49.000Z</Time><Position><LatitudeDegrees>58.624207155102766</LatitudeDegrees><LongitudeDegrees>59.80280244818289</LongitudeDegrees></Position></Trackpoint><Trackpoint><Time>2026-07-27T12:41:50.000Z</Time><Position><LatitudeDegrees>58.62419932838209</LatitudeDegrees><LongitudeDegrees>59.80277816824498</LongitudeDegrees></Position></Trackpoint><Trackpoint><Time>2026-07-27T12:41:51.000Z</Time><Position><LatitudeDegrees>58.62419115573137</LatitudeDegrees><LongitudeDegrees>59.80275471439028</LongitudeDegrees></Position></Trackpoint><Trackpoint><Time>2026-07-27T12:41:52.000Z</Time><Position><LatitudeDegrees>58.624182420730605</LatitudeDegrees><LongitudeDegrees>59.802733142179086</LongitudeDegrees></Position></Trackpoint><Trackpoint><Time>2026-07-27T12:41:53.000Z</Time><Position><LatitudeDegrees>58.624174085648846</LatitudeDegrees><LongitudeDegrees>59.80271315520961</LongitudeDegrees></Position></Trackpoint><Trackpoint><Time>2026-07-27T12:41:54.000Z</Time><Position><LatitudeDegrees>58.624166495451576</LatitudeDegrees><LongitudeDegrees>59.80269442795033</LongitudeDegrees></Position></Trackpoint><Trackpoint><Time>2026-07-27T12:41:55.000Z</Time><Position><LatitudeDegrees>58.624159696602284</LatitudeDegrees><LongitudeDegrees>59.802676175044</LongitudeDegrees></Position></Trackpoint><Trackpoint><Time>2026-07-27T12:41:56.000Z</Time><Position><LatitudeDegrees>58.62415311705726</LatitudeDegrees><LongitudeDegrees>59.80265801217183</LongitudeDegrees></Position></Trackpoint><Trackpoint><Time>2026-07-27T12:41:57.000Z</Time><Position><LatitudeDegrees>58.62414698269307</LatitudeDegrees><LongitudeDegrees>59.80263879028155</LongitudeDegrees></Position></Trackpoint><Trackpoint><Time>2026-07-27T12:41:58.000Z</Time><Position><LatitudeDegrees>58.6241403501737</LatitudeDegrees><LongitudeDegrees>59.802618172078475</LongitudeDegrees></Position></Trackpoint><Trackpoint><Time>2026-07-27T12:41:59.000Z</Time><Position><LatitudeDegrees>58.624132894939365</LatitudeDegrees><LongitudeDegrees>59.80259570825743</LongitudeDegrees></Position></Trackpoint><Trackpoint><Time>2026-07-27T12:42:00.000Z</Time><Position><LatitudeDegrees>58.62412507853038</LatitudeDegrees><LongitudeDegrees>59.802572919493684</LongitudeDegrees></Position></Trackpoint><Trackpoint><Time>2026-07-27T12:42:01.000Z</Time><Position><LatitudeDegrees>58.62411664777004</LatitudeDegrees><LongitudeDegrees>59.80255096336855</LongitudeDegrees></Position></Trackpoint><Trackpoint><Time>2026-07-27T12:42:02.000Z</Time><Position><LatitudeDegrees>58.6241080668534</LatitudeDegrees><LongitudeDegrees>59.80253020974472</LongitudeDegrees></Position></Trackpoint><Trackpoint><Time>2026-07-27T12:42:03.000Z</Time><Position><LatitudeDegrees>58.624100035834445</LatitudeDegrees><LongitudeDegrees>59.80251016699411</LongitudeDegrees></Position></Trackpoint><Trackpoint><Time>2026-07-27T12:42:04.000Z</Time><Position><LatitudeDegrees>58.62409228282957</LatitudeDegrees><LongitudeDegrees>59.80249054140842</LongitudeDegrees></Position></Trackpoint><Trackpoint><Time>2026-07-27T12:42:05.000Z</Time><Position><LatitudeDegrees>58.62408514979599</LatitudeDegrees><LongitudeDegrees>59.802471648096876</LongitudeDegrees></Position></Trackpoint><Trackpoint><Time>2026-07-27T12:42:06.000Z</Time><Position><LatitudeDegrees>58.62407820838008</LatitudeDegrees><LongitudeDegrees>59.802453033235096</LongitudeDegrees></Position></Trackpoint><Trackpoint><Time>2026-07-27T12:42:07.000Z</Time><Position><LatitudeDegrees>58.624071257577704</LatitudeDegrees><LongitudeDegrees>59.802433984573824</LongitudeDegrees></Position></Trackpoint><Trackpoint><Time>2026-07-27T12:42:08.000Z</Time><Position><LatitudeDegrees>58.62406372620278</LatitudeDegrees><LongitudeDegrees>59.80241377485196</LongitudeDegrees></Position></Trackpoint><Trackpoint><Time>2026-07-27T12:42:09.000Z</Time><Position><LatitudeDegrees>58.62405594314804</LatitudeDegrees><LongitudeDegrees>59.802391763968885</LongitudeDegrees></Position></Trackpoint><Trackpoint><Time>2026-07-27T12:42:10.000Z</Time><Position><LatitudeDegrees>58.6240475865546</LatitudeDegrees><LongitudeDegrees>59.8023698779286</LongitudeDegrees></Position></Trackpoint><Trackpoint><Time>2026-07-27T12:42:11.000Z</Time><Position><LatitudeDegrees>58.624039087093685</LatitudeDegrees><LongitudeDegrees>59.802348893900394</LongitudeDegrees></Position></Trackpoint><Trackpoint><Time>2026-07-27T12:42:12.000Z</Time><Position><LatitudeDegrees>58.62403064046688</LatitudeDegrees><LongitudeDegrees>59.80232999539786</LongitudeDegrees></Position></Trackpoint><Trackpoint><Time>2026-07-27T12:42:13.000Z</Time><Position><LatitudeDegrees>58.62402232048944</LatitudeDegrees><LongitudeDegrees>59.80231242293606</LongitudeDegrees></Position></Trackpoint><Trackpoint><Time>2026-07-27T12:42:14.000Z</Time><Position><LatitudeDegrees>58.62401414130571</LatitudeDegrees><LongitudeDegrees>59.802295693538454</LongitudeDegrees></Position></Trackpoint><Trackpoint><Time>2026-07-27T12:42:15.000Z</Time><Position><LatitudeDegrees>58.62400658028075</LatitudeDegrees><LongitudeDegrees>59.80227901048255</LongitudeDegrees></Position></Trackpoint><Trackpoint><Time>2026-07-27T12:42:16.000Z</Time><Position><LatitudeDegrees>58.62399926505906</LatitudeDegrees><LongitudeDegrees>59.80226155009296</LongitudeDegrees></Position></Trackpoint><Trackpoint><Time>2026-07-27T12:42:17.000Z</Time><Position><LatitudeDegrees>58.62399201074374</LatitudeDegrees><LongitudeDegrees>59.802242583311674</LongitudeDegrees></Position></Trackpoint><Trackpoint><Time>2026-07-27T12:42:18.000Z</Time><Position><LatitudeDegrees>58.62398424376023</LatitudeDegrees><LongitudeDegrees>59.802221513620765</LongitudeDegrees></Position></Trackpoint><Trackpoint><Time>2026-07-27T12:42:19.000Z</Time><Position><LatitudeDegrees>58.623975793691585</LatitudeDegrees><LongitudeDegrees>59.80219983409139</LongitudeDegrees></Position></Trackpoint><Trackpoint><Time>2026-07-27T12:42:20.000Z</Time><Position><LatitudeDegrees>58.62396716763797</LatitudeDegrees><LongitudeDegrees>59.80217823789187</LongitudeDegrees></Position></Trackpoint><Trackpoint><Time>2026-07-27T12:42:21.000Z</Time><Position><LatitudeDegrees>58.623958597027574</LatitudeDegrees><LongitudeDegrees>59.802157489407406</LongitudeDegrees></Position></Trackpoint><Trackpoint><Time>2026-07-27T12:42:22.000Z</Time><Position><LatitudeDegrees>58.623950659664786</LatitudeDegrees><LongitudeDegrees>59.80213779463436</LongitudeDegrees></Position></Trackpoint><Trackpoint><Time>2026-07-27T12:42:23.000Z</Time><Position><LatitudeDegrees>58.62394351223236</LatitudeDegrees><LongitudeDegrees>59.802119103166646</LongitudeDegrees></Position></Trackpoint><Trackpoint><Time>2026-07-27T12:42:24.000Z</Time><Position><LatitudeDegrees>58.623937117871115</LatitudeDegrees><LongitudeDegrees>59.802101265472636</LongitudeDegrees></Position></Trackpoint><Trackpoint><Time>2026-07-27T12:42:25.000Z</Time><Position><LatitudeDegrees>58.62393087513504</LatitudeDegrees><LongitudeDegrees>59.80208362077903</LongitudeDegrees></Position></Trackpoint><Trackpoint><Time>2026-07-27T12:42:26.000Z</Time><Position><LatitudeDegrees>58.62392451686775</LatitudeDegrees><LongitudeDegrees>59.80206489296481</LongitudeDegrees></Position></Trackpoint><Trackpoint><Time>2026-07-27T12:42:27.000Z</Time><Position><LatitudeDegrees>58.62391745826299</LatitudeDegrees><LongitudeDegrees>59.80204420588705</LongitudeDegrees></Position></Trackpoint><Trackpoint><Time>2026-07-27T12:42:28.000Z</Time><Position><LatitudeDegrees>58.62391003797588</LatitudeDegrees><LongitudeDegrees>59.80202145018939</LongitudeDegrees></Position></Trackpoint><Trackpoint><Time>2026-07-27T12:42:29.000Z</Time><Position><LatitudeDegrees>58.623901952286694</LatitudeDegrees><LongitudeDegrees>59.80199929439256</LongitudeDegrees></Position></Trackpoint><Trackpoint><Time>2026-07-27T12:42:30.000Z</Time><Position><LatitudeDegrees>58.62389365112747</LatitudeDegrees><LongitudeDegrees>59.80197925009664</LongitudeDegrees></Position></Trackpoint><Trackpoint><Time>2026-07-27T12:42:31.000Z</Time><Position><LatitudeDegrees>58.623885837061096</LatitudeDegrees><LongitudeDegrees>59.80196117921039</LongitudeDegrees></Position></Trackpoint><Trackpoint><Time>2026-07-27T12:42:32.000Z</Time><Position><LatitudeDegrees>58.62387873690877</LatitudeDegrees><LongitudeDegrees>59.80194428196846</LongitudeDegrees></Position></Trackpoint><Trackpoint><Time>2026-07-27T12:42:33.000Z</Time><Position><LatitudeDegrees>58.62387235245324</LatitudeDegrees><LongitudeDegrees>59.80192807836535</LongitudeDegrees></Position></Trackpoint><Trackpoint><Time>2026-07-27T12:42:34.000Z</Time><Position><LatitudeDegrees>58.62386561334886</LatitudeDegrees><LongitudeDegrees>59.80191277130191</LongitudeDegrees></Position></Trackpoint><Trackpoint><Time>2026-07-27T12:42:35.000Z</Time><Position><LatitudeDegrees>58.62385959314211</LatitudeDegrees><LongitudeDegrees>59.801898818880574</LongitudeDegrees></Position></Trackpoint><Trackpoint><Time>2026-07-27T12:42:36.000Z</Time><Position><LatitudeDegrees>58.623854152075175</LatitudeDegrees><LongitudeDegrees>59.80188721511819</LongitudeDegrees></Position></Trackpoint><Trackpoint><Time>2026-07-27T12:42:38.000Z</Time><Position><LatitudeDegrees>58.62384783429566</LatitudeDegrees><LongitudeDegrees>59.80187365511081</LongitudeDegrees></Position></Trackpoint><Trackpoint><Time>2026-07-27T12:42:39.000Z</Time><Position><LatitudeDegrees>58.62384510387223</LatitudeDegrees><LongitudeDegrees>59.80186838668389</LongitudeDegrees></Position></Trackpoint><Trackpoint><Time>2026-07-27T12:42:40.000Z</Time><Position><LatitudeDegrees>58.623842387713005</LatitudeDegrees><LongitudeDegrees>59.801862306763894</LongitudeDegrees></Position></Trackpoint><Trackpoint><Time>2026-07-27T12:42:41.000Z</Time><Position><LatitudeDegrees>58.62383904682194</LatitudeDegrees><LongitudeDegrees>59.80185520416065</LongitudeDegrees></Position></Trackpoint><Trackpoint><Time>2026-07-27T12:42:42.000Z</Time><Position><LatitudeDegrees>58.62383489822255</LatitudeDegrees><LongitudeDegrees>59.80184663354825</LongitudeDegrees></Position></Trackpoint><Trackpoint><Time>2026-07-27T12:42:43.000Z</Time><Position><LatitudeDegrees>58.62382997022714</LatitudeDegrees><LongitudeDegrees>59.80183562072214</LongitudeDegrees></Position></Trackpoint><Trackpoint><Time>2026-07-27T12:42:44.000Z</Time><Position><LatitudeDegrees>58.62382388491936</LatitudeDegrees><LongitudeDegrees>59.801821588316194</LongitudeDegrees></Position></Trackpoint><Trackpoint><Time>2026-07-27T12:42:45.000Z</Time><Position><LatitudeDegrees>58.62381712481056</LatitudeDegrees><LongitudeDegrees>59.801804686110316</LongitudeDegrees></Position></Trackpoint><Trackpoint><Time>2026-07-27T12:42:46.000Z</Time><Position><LatitudeDegrees>58.623810464835294</LatitudeDegrees><LongitudeDegrees>59.801785344123324</LongitudeDegrees></Position></Trackpoint><Trackpoint><Time>2026-07-27T12:42:47.000Z</Time><Position><LatitudeDegrees>58.623803721674875</LatitudeDegrees><LongitudeDegrees>59.80176601103601</LongitudeDegrees></Position></Trackpoint><Trackpoint><Time>2026-07-27T12:42:48.000Z</Time><Position><LatitudeDegrees>58.62379683050922</LatitudeDegrees><LongitudeDegrees>59.80174720454388</LongitudeDegrees></Position></Trackpoint><Trackpoint><Time>2026-07-27T12:42:49.000Z</Time><Position><LatitudeDegrees>58.62379027325014</LatitudeDegrees><LongitudeDegrees>59.801729559874154</LongitudeDegrees></Position></Trackpoint><Trackpoint><Time>2026-07-27T12:42:50.000Z</Time><Position><LatitudeDegrees>58.62378371589796</LatitudeDegrees><LongitudeDegrees>59.801712699905806</LongitudeDegrees></Position></Trackpoint><Trackpoint><Time>2026-07-27T12:42:51.000Z</Time><Position><LatitudeDegrees>58.62377800013366</LatitudeDegrees><LongitudeDegrees>59.801695389391355</LongitudeDegrees></Position></Trackpoint><Trackpoint><Time>2026-07-27T12:42:52.000Z</Time><Position><LatitudeDegrees>58.62377189574116</LatitudeDegrees><LongitudeDegrees>59.80167766705222</LongitudeDegrees></Position></Trackpoint><Trackpoint><Time>2026-07-27T12:42:53.000Z</Time><Position><LatitudeDegrees>58.623765925177516</LatitudeDegrees><LongitudeDegrees>59.80165911208163</LongitudeDegrees></Position></Trackpoint><Trackpoint><Time>2026-07-27T12:42:54.000Z</Time><Position><LatitudeDegrees>58.62375930721001</LatitudeDegrees><LongitudeDegrees>59.801638678823075</LongitudeDegrees></Position></Trackpoint><Trackpoint><Time>2026-07-27T12:42:55.000Z</Time><Position><LatitudeDegrees>58.62375180319425</LatitudeDegrees><LongitudeDegrees>59.80161617771575</LongitudeDegrees></Position></Trackpoint><Trackpoint><Time>2026-07-27T12:42:56.000Z</Time><Position><LatitudeDegrees>58.62374440779272</LatitudeDegrees><LongitudeDegrees>59.801592775318696</LongitudeDegrees></Position></Trackpoint><Trackpoint><Time>2026-07-27T12:42:57.000Z</Time><Position><LatitudeDegrees>58.623737027089504</LatitudeDegrees><LongitudeDegrees>59.80157053657084</LongitudeDegrees></Position></Trackpoint><Trackpoint><Time>2026-07-27T12:42:58.000Z</Time><Position><LatitudeDegrees>58.623730110131014</LatitudeDegrees><LongitudeDegrees>59.801549672919684</LongitudeDegrees></Position></Trackpoint><Trackpoint><Time>2026-07-27T12:42:59.000Z</Time><Position><LatitudeDegrees>58.62372378232859</LatitudeDegrees><LongitudeDegrees>59.80152960534415</LongitudeDegrees></Position></Trackpoint><Trackpoint><Time>2026-07-27T12:43:00.000Z</Time><Position><LatitudeDegrees>58.62371753010291</LatitudeDegrees><LongitudeDegrees>59.80151097243018</LongitudeDegrees></Position></Trackpoint><Trackpoint><Time>2026-07-27T12:43:01.000Z</Time><Position><LatitudeDegrees>58.623711621855335</LatitudeDegrees><LongitudeDegrees>59.801493363421514</LongitudeDegrees></Position></Trackpoint><Trackpoint><Time>2026-07-27T12:43:02.000Z</Time><Position><LatitudeDegrees>58.623705144752186</LatitudeDegrees><LongitudeDegrees>59.801475498517085</LongitudeDegrees></Position></Trackpoint><Trackpoint><Time>2026-07-27T12:43:03.000Z</Time><Position><LatitudeDegrees>58.623698285480494</LatitudeDegrees><LongitudeDegrees>59.801456883495966</LongitudeDegrees></Position></Trackpoint><Trackpoint><Time>2026-07-27T12:43:04.000Z</Time><Position><LatitudeDegrees>58.62369116997495</LatitudeDegrees><LongitudeDegrees>59.80143643187661</LongitudeDegrees></Position></Trackpoint><Trackpoint><Time>2026-07-27T12:43:05.000Z</Time><Position><LatitudeDegrees>58.62368388298688</LatitudeDegrees><LongitudeDegrees>59.80141344232367</LongitudeDegrees></Position></Trackpoint><Trackpoint><Time>2026-07-27T12:43:06.000Z</Time><Position><LatitudeDegrees>58.62367697103986</LatitudeDegrees><LongitudeDegrees>59.80138844135441</LongitudeDegrees></Position></Trackpoint><Trackpoint><Time>2026-07-27T12:43:07.000Z</Time><Position><LatitudeDegrees>58.62367012146395</LatitudeDegrees><LongitudeDegrees>59.80136190396844</LongitudeDegrees></Position></Trackpoint><Trackpoint><Time>2026-07-27T12:43:08.000Z</Time><Position><LatitudeDegrees>58.623663687096624</LatitudeDegrees><LongitudeDegrees>59.80133520220443</LongitudeDegrees></Position></Trackpoint><Trackpoint><Time>2026-07-27T12:43:09.000Z</Time><Position><LatitudeDegrees>58.62365775995672</LatitudeDegrees><LongitudeDegrees>59.801309411821954</LongitudeDegrees></Position></Trackpoint><Trackpoint><Time>2026-07-27T12:43:10.000Z</Time><Position><LatitudeDegrees>58.62365280244942</LatitudeDegrees><LongitudeDegrees>59.80128534849086</LongitudeDegrees></Position></Trackpoint><Trackpoint><Time>2026-07-27T12:43:11.000Z</Time><Position><LatitudeDegrees>58.62364937016834</LatitudeDegrees><LongitudeDegrees>59.80126214724552</LongitudeDegrees></Position></Trackpoint><Trackpoint><Time>2026-07-27T12:43:12.000Z</Time><Position><LatitudeDegrees>58.62364651694373</LatitudeDegrees><LongitudeDegrees>59.801239341216835</LongitudeDegrees></Position></Trackpoint><Trackpoint><Time>2026-07-27T12:43:13.000Z</Time><Position><LatitudeDegrees>58.62364426840095</LatitudeDegrees><LongitudeDegrees>59.8012166874071</LongitudeDegrees></Position></Trackpoint><Trackpoint><Time>2026-07-27T12:43:14.000Z</Time><Position><LatitudeDegrees>58.62364255748337</LatitudeDegrees><LongitudeDegrees>59.801194555815286</LongitudeDegrees></Position></Trackpoint><Trackpoint><Time>2026-07-27T12:43:15.000Z</Time><Position><LatitudeDegrees>58.623641287571466</LatitudeDegrees><LongitudeDegrees>59.801172052572205</LongitudeDegrees></Position></Trackpoint><Trackpoint><Time>2026-07-27T12:43:16.000Z</Time><Position><LatitudeDegrees>58.623640851882286</LatitudeDegrees><LongitudeDegrees>59.801148367642966</LongitudeDegrees></Position></Trackpoint><Trackpoint><Time>2026-07-27T12:43:17.000Z</Time><Position><LatitudeDegrees>58.623640815673895</LatitudeDegrees><LongitudeDegrees>59.8011228294852</LongitudeDegrees></Position></Trackpoint><Trackpoint><Time>2026-07-27T12:43:18.000Z</Time><Position><LatitudeDegrees>58.62364192785354</LatitudeDegrees><LongitudeDegrees>59.80109588900506</LongitudeDegrees></Position></Trackpoint><Trackpoint><Time>2026-07-27T12:43:19.000Z</Time><Position><LatitudeDegrees>58.6236433702311</LatitudeDegrees><LongitudeDegrees>59.80106742227608</LongitudeDegrees></Position></Trackpoint><Trackpoint><Time>2026-07-27T12:43:20.000Z</Time><Position><LatitudeDegrees>58.62364525307882</LatitudeDegrees><LongitudeDegrees>59.80103855337416</LongitudeDegrees></Position></Trackpoint><Trackpoint><Time>2026-07-27T12:43:21.000Z</Time><Position><LatitudeDegrees>58.623647075666184</LatitudeDegrees><LongitudeDegrees>59.80101028646016</LongitudeDegrees></Position></Trackpoint><Trackpoint><Time>2026-07-27T12:43:22.000Z</Time><Position><LatitudeDegrees>58.623648639509994</LatitudeDegrees><LongitudeDegrees>59.80098148898491</LongitudeDegrees></Position></Trackpoint><Trackpoint><Time>2026-07-27T12:43:23.000Z</Time><Position><LatitudeDegrees>58.623650385688215</LatitudeDegrees><LongitudeDegrees>59.80095225223424</LongitudeDegrees></Position></Trackpoint><Trackpoint><Time>2026-07-27T12:43:24.000Z</Time><Position><LatitudeDegrees>58.623651493227875</LatitudeDegrees><LongitudeDegrees>59.800922670183034</LongitudeDegrees></Position></Trackpoint><Trackpoint><Time>2026-07-27T12:43:25.000Z</Time><Position><LatitudeDegrees>58.62365317482508</LatitudeDegrees><LongitudeDegrees>59.800892825852095</LongitudeDegrees></Position></Trackpoint><Trackpoint><Time>2026-07-27T12:43:26.000Z</Time><Position><LatitudeDegrees>58.623654387397245</LatitudeDegrees><LongitudeDegrees>59.800862787095355</LongitudeDegrees></Position></Trackpoint><Trackpoint><Time>2026-07-27T12:43:27.000Z</Time><Position><LatitudeDegrees>58.62365476156684</LatitudeDegrees><LongitudeDegrees>59.80083358603283</LongitudeDegrees></Position></Trackpoint><Trackpoint><Time>2026-07-27T12:43:28.000Z</Time><Position><LatitudeDegrees>58.62365523204082</LatitudeDegrees><LongitudeDegrees>59.8008065194304</LongitudeDegrees></Position></Trackpoint><Trackpoint><Time>2026-07-27T12:43:29.000Z</Time><Position><LatitudeDegrees>58.62365617140215</LatitudeDegrees><LongitudeDegrees>59.80078135777418</LongitudeDegrees></Position></Trackpoint><Trackpoint><Time>2026-07-27T12:43:30.000Z</Time><Position><LatitudeDegrees>58.623657183301326</LatitudeDegrees><LongitudeDegrees>59.80075776204571</LongitudeDegrees></Position></Trackpoint><Trackpoint><Time>2026-07-27T12:43:31.000Z</Time><Position><LatitudeDegrees>58.623658584808894</LatitudeDegrees><LongitudeDegrees>59.800735391641446</LongitudeDegrees></Position></Trackpoint><Trackpoint><Time>2026-07-27T12:43:32.000Z</Time><Position><LatitudeDegrees>58.623659966888816</LatitudeDegrees><LongitudeDegrees>59.800714438631594</LongitudeDegrees></Position></Trackpoint><Trackpoint><Time>2026-07-27T12:43:33.000Z</Time><Position><LatitudeDegrees>58.62366116357992</LatitudeDegrees><LongitudeDegrees>59.80069382097541</LongitudeDegrees></Position></Trackpoint><Trackpoint><Time>2026-07-27T12:43:34.000Z</Time><Position><LatitudeDegrees>58.623662619938855</LatitudeDegrees><LongitudeDegrees>59.80067256039967</LongitudeDegrees></Position></Trackpoint><Trackpoint><Time>2026-07-27T12:43:35.000Z</Time><Position><LatitudeDegrees>58.62366448592682</LatitudeDegrees><LongitudeDegrees>59.80064984692598</LongitudeDegrees></Position></Trackpoint><Trackpoint><Time>2026-07-27T12:43:36.000Z</Time><Position><LatitudeDegrees>58.62366677072756</LatitudeDegrees><LongitudeDegrees>59.80062504384485</LongitudeDegrees></Position></Trackpoint><Trackpoint><Time>2026-07-27T12:43:37.000Z</Time><Position><LatitudeDegrees>58.623669424369275</LatitudeDegrees><LongitudeDegrees>59.80059766752542</LongitudeDegrees></Position></Trackpoint><Trackpoint><Time>2026-07-27T12:43:38.000Z</Time><Position><LatitudeDegrees>58.62367237893172</LatitudeDegrees><LongitudeDegrees>59.80056784906362</LongitudeDegrees></Position></Trackpoint><Trackpoint><Time>2026-07-27T12:43:39.000Z</Time><Position><LatitudeDegrees>58.623675567820364</LatitudeDegrees><LongitudeDegrees>59.800536445505</LongitudeDegrees></Position></Trackpoint><Trackpoint><Time>2026-07-27T12:43:40.000Z</Time><Position><LatitudeDegrees>58.62367893353394</LatitudeDegrees><LongitudeDegrees>59.80050352364368</LongitudeDegrees></Position></Trackpoint><Trackpoint><Time>2026-07-27T12:43:41.000Z</Time><Position><LatitudeDegrees>58.62368291930691</LatitudeDegrees><LongitudeDegrees>59.80047077469139</LongitudeDegrees></Position></Trackpoint><Trackpoint><Time>2026-07-27T12:43:42.000Z</Time><Position><LatitudeDegrees>58.62368664887309</LatitudeDegrees><LongitudeDegrees>59.80043985217417</LongitudeDegrees></Position></Trackpoint><Trackpoint><Time>2026-07-27T12:43:43.000Z</Time><Position><LatitudeDegrees>58.623689794240605</LatitudeDegrees><LongitudeDegrees>59.800411202648995</LongitudeDegrees></Position></Trackpoint><Trackpoint><Time>2026-07-27T12:43:44.000Z</Time><Position><LatitudeDegrees>58.62369278492308</LatitudeDegrees><LongitudeDegrees>59.8003842286772</LongitudeDegrees></Position></Trackpoint><Trackpoint><Time>2026-07-27T12:43:45.000Z</Time><Position><LatitudeDegrees>58.62369581766215</LatitudeDegrees><LongitudeDegrees>59.80035895876952</LongitudeDegrees></Position></Trackpoint><Trackpoint><Time>2026-07-27T12:43:46.000Z</Time><Position><LatitudeDegrees>58.62369896808468</LatitudeDegrees><LongitudeDegrees>59.80033518595357</LongitudeDegrees></Position></Trackpoint><Trackpoint><Time>2026-07-27T12:43:47.000Z</Time><Position><LatitudeDegrees>58.623702252231844</LatitudeDegrees><LongitudeDegrees>59.80031263284175</LongitudeDegrees></Position></Trackpoint><Trackpoint><Time>2026-07-27T12:43:48.000Z</Time><Position><LatitudeDegrees>58.62370516993595</LatitudeDegrees><LongitudeDegrees>59.800290049428206</LongitudeDegrees></Position></Trackpoint><Trackpoint><Time>2026-07-27T12:43:49.000Z</Time><Position><LatitudeDegrees>58.62370756224369</LatitudeDegrees><LongitudeDegrees>59.800266924808</LongitudeDegrees></Position></Trackpoint><Trackpoint><Time>2026-07-27T12:43:50.000Z</Time><Position><LatitudeDegrees>58.62370943112659</LatitudeDegrees><LongitudeDegrees>59.800242628425885</LongitudeDegrees></Position></Trackpoint><Trackpoint><Time>2026-07-27T12:43:51.000Z</Time><Position><LatitudeDegrees>58.62371133418803</LatitudeDegrees><LongitudeDegrees>59.800217540602674</LongitudeDegrees></Position></Trackpoint><Trackpoint><Time>2026-07-27T12:43:52.000Z</Time><Position><LatitudeDegrees>58.62371300707027</LatitudeDegrees><LongitudeDegrees>59.80019094032618</LongitudeDegrees></Position></Trackpoint><Trackpoint><Time>2026-07-27T12:43:53.000Z</Time><Position><LatitudeDegrees>58.62371437044514</LatitudeDegrees><LongitudeDegrees>59.80016272478064</LongitudeDegrees></Position></Trackpoint><Trackpoint><Time>2026-07-27T12:43:54.000Z</Time><Position><LatitudeDegrees>58.62371543136746</LatitudeDegrees><LongitudeDegrees>59.800133548551045</LongitudeDegrees></Position></Trackpoint><Trackpoint><Time>2026-07-27T12:43:55.000Z</Time><Position><LatitudeDegrees>58.62371623156195</LatitudeDegrees><LongitudeDegrees>59.800103804519665</LongitudeDegrees></Position></Trackpoint><Trackpoint><Time>2026-07-27T12:43:56.000Z</Time><Position><LatitudeDegrees>58.623717311286896</LatitudeDegrees><LongitudeDegrees>59.80007421697564</LongitudeDegrees></Position></Trackpoint><Trackpoint><Time>2026-07-27T12:43:57.000Z</Time><Position><LatitudeDegrees>58.62371885716136</LatitudeDegrees><LongitudeDegrees>59.800044574509855</LongitudeDegrees></Position></Trackpoint><Trackpoint><Time>2026-07-27T12:43:58.000Z</Time><Position><LatitudeDegrees>58.623720886211714</LatitudeDegrees><LongitudeDegrees>59.80001675554859</LongitudeDegrees></Position></Trackpoint><Trackpoint><Time>2026-07-27T12:43:59.000Z</Time><Position><LatitudeDegrees>58.623722853824475</LatitudeDegrees><LongitudeDegrees>59.799991299646386</LongitudeDegrees></Position></Trackpoint><Trackpoint><Time>2026-07-27T12:44:00.000Z</Time><Position><LatitudeDegrees>58.62372503320568</LatitudeDegrees><LongitudeDegrees>59.79996763610412</LongitudeDegrees></Position></Trackpoint><Trackpoint><Time>2026-07-27T12:44:01.000Z</Time><Position><LatitudeDegrees>58.62372702007992</LatitudeDegrees><LongitudeDegrees>59.79994578945279</LongitudeDegrees></Position></Trackpoint><Trackpoint><Time>2026-07-27T12:44:02.000Z</Time><Position><LatitudeDegrees>58.62372916227169</LatitudeDegrees><LongitudeDegrees>59.79992455737866</LongitudeDegrees></Position></Trackpoint><Trackpoint><Time>2026-07-27T12:44:03.000Z</Time><Position><LatitudeDegrees>58.62373158309194</LatitudeDegrees><LongitudeDegrees>59.79990287623814</LongitudeDegrees></Position></Trackpoint><Trackpoint><Time>2026-07-27T12:44:04.000Z</Time><Position><LatitudeDegrees>58.6237342975627</LatitudeDegrees><LongitudeDegrees>59.799879876013726</LongitudeDegrees></Position></Trackpoint><Trackpoint><Time>2026-07-27T12:44:05.000Z</Time><Position><LatitudeDegrees>58.62373727418093</LatitudeDegrees><LongitudeDegrees>59.79985438848436</LongitudeDegrees></Position></Trackpoint><Trackpoint><Time>2026-07-27T12:44:06.000Z</Time><Position><LatitudeDegrees>58.62374046632642</LatitudeDegrees><LongitudeDegrees>59.7998262517795</LongitudeDegrees></Position></Trackpoint><Trackpoint><Time>2026-07-27T12:44:07.000Z</Time><Position><LatitudeDegrees>58.623743337526165</LatitudeDegrees><LongitudeDegrees>59.79979671847435</LongitudeDegrees></Position></Trackpoint><Trackpoint><Time>2026-07-27T12:44:08.000Z</Time><Position><LatitudeDegrees>58.62374619764624</LatitudeDegrees><LongitudeDegrees>59.79976746289391</LongitudeDegrees></Position></Trackpoint><Trackpoint><Time>2026-07-27T12:44:09.000Z</Time><Position><LatitudeDegrees>58.62374917572187</LatitudeDegrees><LongitudeDegrees>59.79973913893552</LongitudeDegrees></Position></Trackpoint><Trackpoint><Time>2026-07-27T12:44:10.000Z</Time><Position><LatitudeDegrees>58.62375182014404</LatitudeDegrees><LongitudeDegrees>59.79971238593424</LongitudeDegrees></Position></Trackpoint><Trackpoint><Time>2026-07-27T12:44:11.000Z</Time><Position><LatitudeDegrees>58.62375447735961</LatitudeDegrees><LongitudeDegrees>59.799687265559605</LongitudeDegrees></Position></Trackpoint><Trackpoint><Time>2026-07-27T12:44:12.000Z</Time><Position><LatitudeDegrees>58.623756798794346</LatitudeDegrees><LongitudeDegrees>59.79966408327464</LongitudeDegrees></Position></Trackpoint><Trackpoint><Time>2026-07-27T12:44:13.000Z</Time><Position><LatitudeDegrees>58.6237586839907</LatitudeDegrees><LongitudeDegrees>59.79964271612834</LongitudeDegrees></Position></Trackpoint><Trackpoint><Time>2026-07-27T12:44:14.000Z</Time><Position><LatitudeDegrees>58.62376063717806</LatitudeDegrees><LongitudeDegrees>59.799622390904446</LongitudeDegrees></Position></Trackpoint><Trackpoint><Time>2026-07-27T12:44:15.000Z</Time><Position><LatitudeDegrees>58.62376285728836</LatitudeDegrees><LongitudeDegrees>59.799601676216334</LongitudeDegrees></Position></Trackpoint><Trackpoint><Time>2026-07-27T12:44:16.000Z</Time><Position><LatitudeDegrees>58.62376490237864</LatitudeDegrees><LongitudeDegrees>59.79957954294778</LongitudeDegrees></Position></Trackpoint><Trackpoint><Time>2026-07-27T12:44:17.000Z</Time><Position><LatitudeDegrees>58.62376661290559</LatitudeDegrees><LongitudeDegrees>59.79955525973644</LongitudeDegrees></Position></Trackpoint><Trackpoint><Time>2026-07-27T12:44:18.000Z</Time><Position><LatitudeDegrees>58.62376845571528</LatitudeDegrees><LongitudeDegrees>59.7995288013248</LongitudeDegrees></Position></Trackpoint><Trackpoint><Time>2026-07-27T12:44:19.000Z</Time><Position><LatitudeDegrees>58.6237706060922</LatitudeDegrees><LongitudeDegrees>59.799499946884026</LongitudeDegrees></Position></Trackpoint><Trackpoint><Time>2026-07-27T12:44:20.000Z</Time><Position><LatitudeDegrees>58.62377260713794</LatitudeDegrees><LongitudeDegrees>59.79946940260678</LongitudeDegrees></Position></Trackpoint><Trackpoint><Time>2026-07-27T12:44:21.000Z</Time><Position><LatitudeDegrees>58.623773800242304</LatitudeDegrees><LongitudeDegrees>59.799438165825315</LongitudeDegrees></Position></Trackpoint><Trackpoint><Time>2026-07-27T12:44:22.000Z</Time><Position><LatitudeDegrees>58.62377401786572</LatitudeDegrees><LongitudeDegrees>59.79940722576679</LongitudeDegrees></Position></Trackpoint><Trackpoint><Time>2026-07-27T12:44:23.000Z</Time><Position><LatitudeDegrees>58.62377429543253</LatitudeDegrees><LongitudeDegrees>59.79937793096525</LongitudeDegrees></Position></Trackpoint><Trackpoint><Time>2026-07-27T12:44:24.000Z</Time><Position><LatitudeDegrees>58.623775051671366</LatitudeDegrees><LongitudeDegrees>59.799350136015114</LongitudeDegrees></Position></Trackpoint><Trackpoint><Time>2026-07-27T12:44:25.000Z</Time><Position><LatitudeDegrees>58.62377639759182</LatitudeDegrees><LongitudeDegrees>59.79932407814048</LongitudeDegrees></Position></Trackpoint><Trackpoint><Time>2026-07-27T12:44:26.000Z</Time><Position><LatitudeDegrees>58.62377830322659</LatitudeDegrees><LongitudeDegrees>59.79929963208713</LongitudeDegrees></Position></Trackpoint><Trackpoint><Time>2026-07-27T12:44:27.000Z</Time><Position><LatitudeDegrees>58.623781174006275</LatitudeDegrees><LongitudeDegrees>59.79927604978575</LongitudeDegrees></Position></Trackpoint><Trackpoint><Time>2026-07-27T12:44:28.000Z</Time><Position><LatitudeDegrees>58.62378456341522</LatitudeDegrees><LongitudeDegrees>59.799252912295216</LongitudeDegrees></Position></Trackpoint><Trackpoint><Time>2026-07-27T12:44:29.000Z</Time><Position><LatitudeDegrees>58.6237882209981</LatitudeDegrees><LongitudeDegrees>59.799229500380164</LongitudeDegrees></Position></Trackpoint><Trackpoint><Time>2026-07-27T12:44:30.000Z</Time><Position><LatitudeDegrees>58.62379151957873</LatitudeDegrees><LongitudeDegrees>59.79920604266808</LongitudeDegrees></Position></Trackpoint><Trackpoint><Time>2026-07-27T12:44:31.000Z</Time><Position><LatitudeDegrees>58.623794246942424</LatitudeDegrees><LongitudeDegrees>59.79918263919338</LongitudeDegrees></Position></Trackpoint><Trackpoint><Time>2026-07-27T12:44:32.000Z</Time><Position><LatitudeDegrees>58.62379589939632</LatitudeDegrees><LongitudeDegrees>59.799158834581654</LongitudeDegrees></Position></Trackpoint><Trackpoint><Time>2026-07-27T12:44:33.000Z</Time><Position><LatitudeDegrees>58.62379689707655</LatitudeDegrees><LongitudeDegrees>59.79913400316925</LongitudeDegrees></Position></Trackpoint><Trackpoint><Time>2026-07-27T12:44:34.000Z</Time><Position><LatitudeDegrees>58.623797497048415</LatitudeDegrees><LongitudeDegrees>59.79910801907532</LongitudeDegrees></Position></Trackpoint><Trackpoint><Time>2026-07-27T12:44:35.000Z</Time><Position><LatitudeDegrees>58.623797856225224</LatitudeDegrees><LongitudeDegrees>59.79908048879225</LongitudeDegrees></Position></Trackpoint><Trackpoint><Time>2026-07-27T12:44:36.000Z</Time><Position><LatitudeDegrees>58.623798070134804</LatitudeDegrees><LongitudeDegrees>59.79905242793275</LongitudeDegrees></Position></Trackpoint><Trackpoint><Time>2026-07-27T12:44:37.000Z</Time><Position><LatitudeDegrees>58.62379819676352</LatitudeDegrees><LongitudeDegrees>59.799024812469305</LongitudeDegrees></Position></Trackpoint><Trackpoint><Time>2026-07-27T12:44:38.000Z</Time><Position><LatitudeDegrees>58.62379827119447</LatitudeDegrees><LongitudeDegrees>59.79899945600588</LongitudeDegrees></Position></Trackpoint><Trackpoint><Time>2026-07-27T12:44:39.000Z</Time><Position><LatitudeDegrees>58.62379782496491</LatitudeDegrees><LongitudeDegrees>59.798977794727065</LongitudeDegrees></Position></Trackpoint><Trackpoint><Time>2026-07-27T12:44:41.000Z</Time><Position><LatitudeDegrees>58.62379673197226</LatitudeDegrees><LongitudeDegrees>59.79896092505146</LongitudeDegrees></Position></Trackpoint><Trackpoint><Time>2026-07-27T12:44:42.000Z</Time><Position><LatitudeDegrees>58.62379502329434</LatitudeDegrees><LongitudeDegrees>59.79894917313641</LongitudeDegrees></Position></Trackpoint><Trackpoint><Time>2026-07-27T12:44:43.000Z</Time><Position><LatitudeDegrees>58.62378879162687</LatitudeDegrees><LongitudeDegrees>59.79893056340196</LongitudeDegrees></Position></Trackpoint><Trackpoint><Time>2026-07-27T12:44:45.000Z</Time><Position><LatitudeDegrees>58.62379157211527</LatitudeDegrees><LongitudeDegrees>59.798943067341696</LongitudeDegrees></Position></Trackpoint><Trackpoint><Time>2026-07-27T12:44:48.000Z</Time><Position><LatitudeDegrees>58.62378857529614</LatitudeDegrees><LongitudeDegrees>59.79894048841485</LongitudeDegrees></Position></Trackpoint><Trackpoint><Time>2026-07-27T12:44:50.000Z</Time><Position><LatitudeDegrees>58.623775482177734</LatitudeDegrees><LongitudeDegrees>59.7989387512207</LongitudeDegrees></Position></Trackpoint><Trackpoint><Time>2026-07-27T12:44:51.000Z</Time><Position><LatitudeDegrees>58.6237866398454</LatitudeDegrees><LongitudeDegrees>59.79893920336053</LongitudeDegrees></Position></Trackpoint><Trackpoint><Time>2026-07-27T12:44:52.000Z</Time><Position><LatitudeDegrees>58.62378538991373</LatitudeDegrees><LongitudeDegrees>59.79893127194156</LongitudeDegrees></Position></Trackpoint><Trackpoint><Time>2026-07-27T12:44:54.000Z</Time><Position><LatitudeDegrees>58.623785561949745</LatitudeDegrees><LongitudeDegrees>59.79891672520742</LongitudeDegrees></Position></Trackpoint><Trackpoint><Time>2026-07-27T12:44:55.000Z</Time><Position><LatitudeDegrees>58.62378678712953</LatitudeDegrees><LongitudeDegrees>59.79889740423224</LongitudeDegrees></Position></Trackpoint><Trackpoint><Time>2026-07-27T12:44:56.000Z</Time><Position><LatitudeDegrees>58.62378926800031</LatitudeDegrees><LongitudeDegrees>59.79887467999836</LongitudeDegrees></Position></Trackpoint><Trackpoint><Time>2026-07-27T12:44:57.000Z</Time><Position><LatitudeDegrees>58.62379292681174</LatitudeDegrees><LongitudeDegrees>59.79885102275698</LongitudeDegrees></Position></Trackpoint><Trackpoint><Time>2026-07-27T12:44:58.000Z</Time><Position><LatitudeDegrees>58.6237966011355</LatitudeDegrees><LongitudeDegrees>59.79882756959002</LongitudeDegrees></Position></Trackpoint><Trackpoint><Time>2026-07-27T12:44:59.000Z</Time><Position><LatitudeDegrees>58.623800299864484</LatitudeDegrees><LongitudeDegrees>59.79880525220371</LongitudeDegrees></Position></Trackpoint><Trackpoint><Time>2026-07-27T12:45:00.000Z</Time><Position><LatitudeDegrees>58.62380353391809</LatitudeDegrees><LongitudeDegrees>59.79878332930877</LongitudeDegrees></Position></Trackpoint><Trackpoint><Time>2026-07-27T12:45:01.000Z</Time><Position><LatitudeDegrees>58.623806651127616</LatitudeDegrees><LongitudeDegrees>59.798761934595824</LongitudeDegrees></Position></Trackpoint><Trackpoint><Time>2026-07-27T12:45:02.000Z</Time><Position><LatitudeDegrees>58.62380980973835</LatitudeDegrees><LongitudeDegrees>59.79874056572113</LongitudeDegrees></Position></Trackpoint><Trackpoint><Time>2026-07-27T12:45:03.000Z</Time><Position><LatitudeDegrees>58.62381306960719</LatitudeDegrees><LongitudeDegrees>59.79871852287589</LongitudeDegrees></Position></Trackpoint><Trackpoint><Time>2026-07-27T12:45:04.000Z</Time><Position><LatitudeDegrees>58.62381644238888</LatitudeDegrees><LongitudeDegrees>59.79869511474795</LongitudeDegrees></Position></Trackpoint><Trackpoint><Time>2026-07-27T12:45:05.000Z</Time><Position><LatitudeDegrees>58.62381991839105</LatitudeDegrees><LongitudeDegrees>59.798668273421434</LongitudeDegrees></Position></Trackpoint><Trackpoint><Time>2026-07-27T12:45:06.000Z</Time><Position><LatitudeDegrees>58.62382348037385</LatitudeDegrees><LongitudeDegrees>59.79863856712669</LongitudeDegrees></Position></Trackpoint><Trackpoint><Time>2026-07-27T12:45:07.000Z</Time><Position><LatitudeDegrees>58.623827110201866</LatitudeDegrees><LongitudeDegrees>59.79860659759425</LongitudeDegrees></Position></Trackpoint><Trackpoint><Time>2026-07-27T12:45:08.000Z</Time><Position><LatitudeDegrees>58.62383079169849</LatitudeDegrees><LongitudeDegrees>59.79857290311996</LongitudeDegrees></Position></Trackpoint><Trackpoint><Time>2026-07-27T12:45:09.000Z</Time><Position><LatitudeDegrees>58.623834511570074</LatitudeDegrees><LongitudeDegrees>59.798538906006904</LongitudeDegrees></Position></Trackpoint><Trackpoint><Time>2026-07-27T12:45:10.000Z</Time><Position><LatitudeDegrees>58.62383825941647</LatitudeDegrees><LongitudeDegrees>59.798506210071395</LongitudeDegrees></Position></Trackpoint><Trackpoint><Time>2026-07-27T12:45:11.000Z</Time><Position><LatitudeDegrees>58.62384202736405</LatitudeDegrees><LongitudeDegrees>59.79847481920368</LongitudeDegrees></Position></Trackpoint><Trackpoint><Time>2026-07-27T12:45:12.000Z</Time><Position><LatitudeDegrees>58.62384531997959</LatitudeDegrees><LongitudeDegrees>59.79844603633428</LongitudeDegrees></Position></Trackpoint><Trackpoint><Time>2026-07-27T12:45:13.000Z</Time><Position><LatitudeDegrees>58.62384897345656</LatitudeDegrees><LongitudeDegrees>59.798418594488936</LongitudeDegrees></Position></Trackpoint><Trackpoint><Time>2026-07-27T12:45:14.000Z</Time><Position><LatitudeDegrees>58.62385230663007</LatitudeDegrees><LongitudeDegrees>59.79839082054575</LongitudeDegrees></Position></Trackpoint><Trackpoint><Time>2026-07-27T12:45:15.000Z</Time><Position><LatitudeDegrees>58.623855080084155</LatitudeDegrees><LongitudeDegrees>59.79836304730282</LongitudeDegrees></Position></Trackpoint><Trackpoint><Time>2026-07-27T12:45:16.000Z</Time><Position><LatitudeDegrees>58.62385726705848</LatitudeDegrees><LongitudeDegrees>59.798335901338255</LongitudeDegrees></Position></Trackpoint><Trackpoint><Time>2026-07-27T12:45:17.000Z</Time><Position><LatitudeDegrees>58.62385991102729</LatitudeDegrees><LongitudeDegrees>59.79830956018758</LongitudeDegrees></Position></Trackpoint><Trackpoint><Time>2026-07-27T12:45:18.000Z</Time><Position><LatitudeDegrees>58.62386289346288</LatitudeDegrees><LongitudeDegrees>59.79828448327982</LongitudeDegrees></Position></Trackpoint><Trackpoint><Time>2026-07-27T12:45:19.000Z</Time><Position><LatitudeDegrees>58.62386612210991</LatitudeDegrees><LongitudeDegrees>59.798260207948886</LongitudeDegrees></Position></Trackpoint><Trackpoint><Time>2026-07-27T12:45:20.000Z</Time><Position><LatitudeDegrees>58.62386903776306</LatitudeDegrees><LongitudeDegrees>59.79823644077227</LongitudeDegrees></Position></Trackpoint><Trackpoint><Time>2026-07-27T12:45:21.000Z</Time><Position><LatitudeDegrees>58.623871450295226</LatitudeDegrees><LongitudeDegrees>59.79821299568798</LongitudeDegrees></Position></Trackpoint><Trackpoint><Time>2026-07-27T12:45:22.000Z</Time><Position><LatitudeDegrees>58.62387383559116</LatitudeDegrees><LongitudeDegrees>59.79818926511879</LongitudeDegrees></Position></Trackpoint><Trackpoint><Time>2026-07-27T12:45:23.000Z</Time><Position><LatitudeDegrees>58.62387590352118</LatitudeDegrees><LongitudeDegrees>59.7981650354857</LongitudeDegrees></Position></Trackpoint><Trackpoint><Time>2026-07-27T12:45:24.000Z</Time><Position><LatitudeDegrees>58.62387806494427</LatitudeDegrees><LongitudeDegrees>59.79814028288384</LongitudeDegrees></Position></Trackpoint><Trackpoint><Time>2026-07-27T12:45:25.000Z</Time><Position><LatitudeDegrees>58.62387998745554</LatitudeDegrees><LongitudeDegrees>59.79811506459065</LongitudeDegrees></Position></Trackpoint><Trackpoint><Time>2026-07-27T12:45:26.000Z</Time><Position><LatitudeDegrees>58.62388107521293</LatitudeDegrees><LongitudeDegrees>59.79808995357627</LongitudeDegrees></Position></Trackpoint><Trackpoint><Time>2026-07-27T12:45:27.000Z</Time><Position><LatitudeDegrees>58.623881679578815</LatitudeDegrees><LongitudeDegrees>59.79806370320801</LongitudeDegrees></Position></Trackpoint><Trackpoint><Time>2026-07-27T12:45:28.000Z</Time><Position><LatitudeDegrees>58.6238815176879</LatitudeDegrees><LongitudeDegrees>59.79803741514712</LongitudeDegrees></Position></Trackpoint><Trackpoint><Time>2026-07-27T12:45:29.000Z</Time><Position><LatitudeDegrees>58.623880571394714</LatitudeDegrees><LongitudeDegrees>59.79800909987917</LongitudeDegrees></Position></Trackpoint><Trackpoint><Time>2026-07-27T12:45:30.000Z</Time><Position><LatitudeDegrees>58.62387942351381</LatitudeDegrees><LongitudeDegrees>59.79797819824471</LongitudeDegrees></Position></Trackpoint><Trackpoint><Time>2026-07-27T12:45:31.000Z</Time><Position><LatitudeDegrees>58.623878829551764</LatitudeDegrees><LongitudeDegrees>59.797945301530085</LongitudeDegrees></Position></Trackpoint><Trackpoint><Time>2026-07-27T12:45:32.000Z</Time><Position><LatitudeDegrees>58.6238785399461</LatitudeDegrees><LongitudeDegrees>59.79791188853349</LongitudeDegrees></Position></Trackpoint><Trackpoint><Time>2026-07-27T12:45:33.000Z</Time><Position><LatitudeDegrees>58.623878902465606</LatitudeDegrees><LongitudeDegrees>59.79787912414796</LongitudeDegrees></Position></Trackpoint><Trackpoint><Time>2026-07-27T12:45:34.000Z</Time><Position><LatitudeDegrees>58.6238799766338</LatitudeDegrees><LongitudeDegrees>59.79784691525642</LongitudeDegrees></Position></Trackpoint><Trackpoint><Time>2026-07-27T12:45:35.000Z</Time><Position><LatitudeDegrees>58.62388169562541</LatitudeDegrees><LongitudeDegrees>59.797815641823966</LongitudeDegrees></Position></Trackpoint><Trackpoint><Time>2026-07-27T12:45:36.000Z</Time><Position><LatitudeDegrees>58.62388345954683</LatitudeDegrees><LongitudeDegrees>59.797785340268135</LongitudeDegrees></Position></Trackpoint><Trackpoint><Time>2026-07-27T12:45:37.000Z</Time><Position><LatitudeDegrees>58.623885505185825</LatitudeDegrees><LongitudeDegrees>59.79775688006924</LongitudeDegrees></Position></Trackpoint><Trackpoint><Time>2026-07-27T12:45:38.000Z</Time><Position><LatitudeDegrees>58.62388789390146</LatitudeDegrees><LongitudeDegrees>59.79772940375163</LongitudeDegrees></Position></Trackpoint><Trackpoint><Time>2026-07-27T12:45:39.000Z</Time><Position><LatitudeDegrees>58.62389011731946</LatitudeDegrees><LongitudeDegrees>59.797702921509206</LongitudeDegrees></Position></Trackpoint><Trackpoint><Time>2026-07-27T12:45:40.000Z</Time><Position><LatitudeDegrees>58.62389247690067</LatitudeDegrees><LongitudeDegrees>59.79767779956272</LongitudeDegrees></Position></Trackpoint><Trackpoint><Time>2026-07-27T12:45:41.000Z</Time><Position><LatitudeDegrees>58.62389458970976</LatitudeDegrees><LongitudeDegrees>59.79765401414217</LongitudeDegrees></Position></Trackpoint><Trackpoint><Time>2026-07-27T12:45:42.000Z</Time><Position><LatitudeDegrees>58.62389681932462</LatitudeDegrees><LongitudeDegrees>59.79763089430657</LongitudeDegrees></Position></Trackpoint><Trackpoint><Time>2026-07-27T12:45:43.000Z</Time><Position><LatitudeDegrees>58.623898810876305</LatitudeDegrees><LongitudeDegrees>59.79760807831323</LongitudeDegrees></Position></Trackpoint><Trackpoint><Time>2026-07-27T12:45:44.000Z</Time><Position><LatitudeDegrees>58.62390093838361</LatitudeDegrees><LongitudeDegrees>59.79758537818676</LongitudeDegrees></Position></Trackpoint><Trackpoint><Time>2026-07-27T12:45:45.000Z</Time><Position><LatitudeDegrees>58.62390333843025</LatitudeDegrees><LongitudeDegrees>59.79756221203066</LongitudeDegrees></Position></Trackpoint><Trackpoint><Time>2026-07-27T12:45:46.000Z</Time><Position><LatitudeDegrees>58.62390603228595</LatitudeDegrees><LongitudeDegrees>59.79753840001476</LongitudeDegrees></Position></Trackpoint><Trackpoint><Time>2026-07-27T12:45:47.000Z</Time><Position><LatitudeDegrees>58.62390899100033</LatitudeDegrees><LongitudeDegrees>59.797513461363486</LongitudeDegrees></Position></Trackpoint><Trackpoint><Time>2026-07-27T12:45:48.000Z</Time><Position><LatitudeDegrees>58.62391265826707</LatitudeDegrees><LongitudeDegrees>59.79748734267938</LongitudeDegrees></Position></Trackpoint><Trackpoint><Time>2026-07-27T12:45:49.000Z</Time><Position><LatitudeDegrees>58.62391712587241</LatitudeDegrees><LongitudeDegrees>59.797459683816406</LongitudeDegrees></Position></Trackpoint><Trackpoint><Time>2026-07-27T12:45:50.000Z</Time><Position><LatitudeDegrees>58.62392232889473</LatitudeDegrees><LongitudeDegrees>59.79743102374464</LongitudeDegrees></Position></Trackpoint><Trackpoint><Time>2026-07-27T12:45:51.000Z</Time><Position><LatitudeDegrees>58.62392814620748</LatitudeDegrees><LongitudeDegrees>59.79740073371235</LongitudeDegrees></Position></Trackpoint><Trackpoint><Time>2026-07-27T12:45:52.000Z</Time><Position><LatitudeDegrees>58.62393395947286</LatitudeDegrees><LongitudeDegrees>59.79736876398155</LongitudeDegrees></Position></Trackpoint><Trackpoint><Time>2026-07-27T12:45:53.000Z</Time><Position><LatitudeDegrees>58.623939024947575</LatitudeDegrees><LongitudeDegrees>59.797336288876494</LongitudeDegrees></Position></Trackpoint><Trackpoint><Time>2026-07-27T12:45:54.000Z</Time><Position><LatitudeDegrees>58.62394362192177</LatitudeDegrees><LongitudeDegrees>59.797304346497704</LongitudeDegrees></Position></Trackpoint><Trackpoint><Time>2026-07-27T12:45:55.000Z</Time><Position><LatitudeDegrees>58.62394792554777</LatitudeDegrees><LongitudeDegrees>59.79727231677374</LongitudeDegrees></Position></Trackpoint><Trackpoint><Time>2026-07-27T12:45:56.000Z</Time><Position><LatitudeDegrees>58.62395155599932</LatitudeDegrees><LongitudeDegrees>59.79724093477037</LongitudeDegrees></Position></Trackpoint><Trackpoint><Time>2026-07-27T12:45:57.000Z</Time><Position><LatitudeDegrees>58.62395493286284</LatitudeDegrees><LongitudeDegrees>59.797209930467616</LongitudeDegrees></Position></Trackpoint><Trackpoint><Time>2026-07-27T12:45:58.000Z</Time><Position><LatitudeDegrees>58.62395777187503</LatitudeDegrees><LongitudeDegrees>59.79717963379556</LongitudeDegrees></Position></Trackpoint><Trackpoint><Time>2026-07-27T12:45:59.000Z</Time><Position><LatitudeDegrees>58.62396051460981</LatitudeDegrees><LongitudeDegrees>59.79715155863893</LongitudeDegrees></Position></Trackpoint><Trackpoint><Time>2026-07-27T12:46:00.000Z</Time><Position><LatitudeDegrees>58.62396335527911</LatitudeDegrees><LongitudeDegrees>59.7971255537272</LongitudeDegrees></Position></Trackpoint><Trackpoint><Time>2026-07-27T12:46:01.000Z</Time><Position><LatitudeDegrees>58.6239658716855</LatitudeDegrees><LongitudeDegrees>59.79710080143869</LongitudeDegrees></Position></Trackpoint><Trackpoint><Time>2026-07-27T12:46:02.000Z</Time><Position><LatitudeDegrees>58.62396842118328</LatitudeDegrees><LongitudeDegrees>59.79707680427723</LongitudeDegrees></Position></Trackpoint><Trackpoint><Time>2026-07-27T12:46:03.000Z</Time><Position><LatitudeDegrees>58.62397114669564</LatitudeDegrees><LongitudeDegrees>59.79705277082729</LongitudeDegrees></Position></Trackpoint><Trackpoint><Time>2026-07-27T12:46:04.000Z</Time><Position><LatitudeDegrees>58.623973594881285</LatitudeDegrees><LongitudeDegrees>59.79702886942575</LongitudeDegrees></Position></Trackpoint><Trackpoint><Time>2026-07-27T12:46:05.000Z</Time><Position><LatitudeDegrees>58.623976104244235</LatitudeDegrees><LongitudeDegrees>59.79700515245113</LongitudeDegrees></Position></Trackpoint><Trackpoint><Time>2026-07-27T12:46:06.000Z</Time><Position><LatitudeDegrees>58.62397880633973</LatitudeDegrees><LongitudeDegrees>59.7969806385825</LongitudeDegrees></Position></Trackpoint><Trackpoint><Time>2026-07-27T12:46:07.000Z</Time><Position><LatitudeDegrees>58.62398124099904</LatitudeDegrees><LongitudeDegrees>59.796956005180554</LongitudeDegrees></Position></Trackpoint><Trackpoint><Time>2026-07-27T12:46:08.000Z</Time><Position><LatitudeDegrees>58.623983742645</LatitudeDegrees><LongitudeDegrees>59.7969305673257</LongitudeDegrees></Position></Trackpoint><Trackpoint><Time>2026-07-27T12:46:09.000Z</Time><Position><LatitudeDegrees>58.62398644040645</LatitudeDegrees><LongitudeDegrees>59.79690463580614</LongitudeDegrees></Position></Trackpoint><Trackpoint><Time>2026-07-27T12:46:10.000Z</Time><Position><LatitudeDegrees>58.62398887268119</LatitudeDegrees><LongitudeDegrees>59.79687840197594</LongitudeDegrees></Position></Trackpoint><Trackpoint><Time>2026-07-27T12:46:11.000Z</Time><Position><LatitudeDegrees>58.62399137305149</LatitudeDegrees><LongitudeDegrees>59.79685198344219</LongitudeDegrees></Position></Trackpoint><Trackpoint><Time>2026-07-27T12:46:12.000Z</Time><Position><LatitudeDegrees>58.623994070157686</LatitudeDegrees><LongitudeDegrees>59.796825941956456</LongitudeDegrees></Position></Trackpoint><Trackpoint><Time>2026-07-27T12:46:13.000Z</Time><Position><LatitudeDegrees>58.62399650211679</LatitudeDegrees><LongitudeDegrees>59.79680095008385</LongitudeDegrees></Position></Trackpoint><Trackpoint><Time>2026-07-27T12:46:14.000Z</Time><Position><LatitudeDegrees>58.62399900235183</LatitudeDegrees><LongitudeDegrees>59.7967761708716</LongitudeDegrees></Position></Trackpoint><Trackpoint><Time>2026-07-27T12:46:15.000Z</Time><Position><LatitudeDegrees>58.624001699414414</LatitudeDegrees><LongitudeDegrees>59.796750742729415</LongitudeDegrees></Position></Trackpoint><Trackpoint><Time>2026-07-27T12:46:16.000Z</Time><Position><LatitudeDegrees>58.62400413137325</LatitudeDegrees><LongitudeDegrees>59.79672439411484</LongitudeDegrees></Position></Trackpoint><Trackpoint><Time>2026-07-27T12:46:17.000Z</Time><Position><LatitudeDegrees>58.624006142015276</LatitudeDegrees><LongitudeDegrees>59.79669615211765</LongitudeDegrees></Position></Trackpoint><Trackpoint><Time>2026-07-27T12:46:18.000Z</Time><Position><LatitudeDegrees>58.62400772108214</LatitudeDegrees><LongitudeDegrees>59.796667327905595</LongitudeDegrees></Position></Trackpoint><Trackpoint><Time>2026-07-27T12:46:19.000Z</Time><Position><LatitudeDegrees>58.62400940935173</LatitudeDegrees><LongitudeDegrees>59.796637067355846</LongitudeDegrees></Position></Trackpoint><Trackpoint><Time>2026-07-27T12:46:20.000Z</Time><Position><LatitudeDegrees>58.62401141551842</LatitudeDegrees><LongitudeDegrees>59.79660471345328</LongitudeDegrees></Position></Trackpoint><Trackpoint><Time>2026-07-27T12:46:21.000Z</Time><Position><LatitudeDegrees>58.6240137847279</LatitudeDegrees><LongitudeDegrees>59.79657026429581</LongitudeDegrees></Position></Trackpoint><Trackpoint><Time>2026-07-27T12:46:22.000Z</Time><Position><LatitudeDegrees>58.62401697858729</LatitudeDegrees><LongitudeDegrees>59.79653496724414</LongitudeDegrees></Position></Trackpoint><Trackpoint><Time>2026-07-27T12:46:23.000Z</Time><Position><LatitudeDegrees>58.62402108135924</LatitudeDegrees><LongitudeDegrees>59.796499444828946</LongitudeDegrees></Position></Trackpoint><Trackpoint><Time>2026-07-27T12:46:24.000Z</Time><Position><LatitudeDegrees>58.62402552147774</LatitudeDegrees><LongitudeDegrees>59.796464471964796</LongitudeDegrees></Position></Trackpoint><Trackpoint><Time>2026-07-27T12:46:25.000Z</Time><Position><LatitudeDegrees>58.62402953064431</LatitudeDegrees><LongitudeDegrees>59.79643078686392</LongitudeDegrees></Position></Trackpoint><Trackpoint><Time>2026-07-27T12:46:26.000Z</Time><Position><LatitudeDegrees>58.62403284776004</LatitudeDegrees><LongitudeDegrees>59.796399507485525</LongitudeDegrees></Position></Trackpoint><Trackpoint><Time>2026-07-27T12:46:27.000Z</Time><Position><LatitudeDegrees>58.62403594373</LatitudeDegrees><LongitudeDegrees>59.79637078547162</LongitudeDegrees></Position></Trackpoint><Trackpoint><Time>2026-07-27T12:46:28.000Z</Time><Position><LatitudeDegrees>58.62403904087232</LatitudeDegrees><LongitudeDegrees>59.796344844650235</LongitudeDegrees></Position></Trackpoint><Trackpoint><Time>2026-07-27T12:46:29.000Z</Time><Position><LatitudeDegrees>58.62404174098392</LatitudeDegrees><LongitudeDegrees>59.79632093062873</LongitudeDegrees></Position></Trackpoint><Trackpoint><Time>2026-07-27T12:46:30.000Z</Time><Position><LatitudeDegrees>58.6240439310298</LatitudeDegrees><LongitudeDegrees>59.796298472586365</LongitudeDegrees></Position></Trackpoint><Trackpoint><Time>2026-07-27T12:46:31.000Z</Time><Position><LatitudeDegrees>58.62404611953516</LatitudeDegrees><LongitudeDegrees>59.7962770485674</LongitudeDegrees></Position></Trackpoint><Trackpoint><Time>2026-07-27T12:46:32.000Z</Time><Position><LatitudeDegrees>58.62404851612534</LatitudeDegrees><LongitudeDegrees>59.79625684169168</LongitudeDegrees></Position></Trackpoint><Trackpoint><Time>2026-07-27T12:46:33.000Z</Time><Position><LatitudeDegrees>58.62405069081307</LatitudeDegrees><LongitudeDegrees>59.79623581271309</LongitudeDegrees></Position></Trackpoint><Trackpoint><Time>2026-07-27T12:46:34.000Z</Time><Position><LatitudeDegrees>58.62405298460671</LatitudeDegrees><LongitudeDegrees>59.79621273770713</LongitudeDegrees></Position></Trackpoint><Trackpoint><Time>2026-07-27T12:46:35.000Z</Time><Position><LatitudeDegrees>58.6240550330472</LatitudeDegrees><LongitudeDegrees>59.79618639600413</LongitudeDegrees></Position></Trackpoint><Trackpoint><Time>2026-07-27T12:46:36.000Z</Time><Position><LatitudeDegrees>58.62405720713946</LatitudeDegrees><LongitudeDegrees>59.79615719377787</LongitudeDegrees></Position></Trackpoint><Trackpoint><Time>2026-07-27T12:46:37.000Z</Time><Position><LatitudeDegrees>58.62405964354848</LatitudeDegrees><LongitudeDegrees>59.79612517583747</LongitudeDegrees></Position></Trackpoint><Trackpoint><Time>2026-07-27T12:46:38.000Z</Time><Position><LatitudeDegrees>58.6240623648895</LatitudeDegrees><LongitudeDegrees>59.79609121164007</LongitudeDegrees></Position></Trackpoint><Trackpoint><Time>2026-07-27T12:46:39.000Z</Time><Position><LatitudeDegrees>58.624065343905635</LatitudeDegrees><LongitudeDegrees>59.796056398666884</LongitudeDegrees></Position></Trackpoint><Trackpoint><Time>2026-07-27T12:46:40.000Z</Time><Position><LatitudeDegrees>58.62406853629938</LatitudeDegrees><LongitudeDegrees>59.79602080822575</LongitudeDegrees></Position></Trackpoint><Trackpoint><Time>2026-07-27T12:46:41.000Z</Time><Position><LatitudeDegrees>58.62407189644087</LatitudeDegrees><LongitudeDegrees>59.79598554869167</LongitudeDegrees></Position></Trackpoint><Trackpoint><Time>2026-07-27T12:46:42.000Z</Time><Position><LatitudeDegrees>58.624075384008</LatitudeDegrees><LongitudeDegrees>59.795951034059016</LongitudeDegrees></Position></Trackpoint><Trackpoint><Time>2026-07-27T12:46:43.000Z</Time><Position><LatitudeDegrees>58.62407847642931</LatitudeDegrees><LongitudeDegrees>59.79591733921751</LongitudeDegrees></Position></Trackpoint><Trackpoint><Time>2026-07-27T12:46:44.000Z</Time><Position><LatitudeDegrees>58.6240810092088</LatitudeDegrees><LongitudeDegrees>59.795884879400894</LongitudeDegrees></Position></Trackpoint><Trackpoint><Time>2026-07-27T12:46:45.000Z</Time><Position><LatitudeDegrees>58.62408298643071</LatitudeDegrees><LongitudeDegrees>59.795854646323946</LongitudeDegrees></Position></Trackpoint><Trackpoint><Time>2026-07-27T12:46:46.000Z</Time><Position><LatitudeDegrees>58.62408546030328</LatitudeDegrees><LongitudeDegrees>59.79582627299859</LongitudeDegrees></Position></Trackpoint><Trackpoint><Time>2026-07-27T12:46:47.000Z</Time><Position><LatitudeDegrees>58.62408782119536</LatitudeDegrees><LongitudeDegrees>59.79580034881183</LongitudeDegrees></Position></Trackpoint><Trackpoint><Time>2026-07-27T12:46:48.000Z</Time><Position><LatitudeDegrees>58.62409081176262</LatitudeDegrees><LongitudeDegrees>59.795776802149675</LongitudeDegrees></Position></Trackpoint><Trackpoint><Time>2026-07-27T12:46:49.000Z</Time><Position><LatitudeDegrees>58.62409367781633</LatitudeDegrees><LongitudeDegrees>59.795755298367396</LongitudeDegrees></Position></Trackpoint><Trackpoint><Time>2026-07-27T12:46:50.000Z</Time><Position><LatitudeDegrees>58.62409661434818</LatitudeDegrees><LongitudeDegrees>59.795735927057216</LongitudeDegrees></Position></Trackpoint><Trackpoint><Time>2026-07-27T12:46:51.000Z</Time><Position><LatitudeDegrees>58.624100182227096</LatitudeDegrees><LongitudeDegrees>59.79571649297416</LongitudeDegrees></Position></Trackpoint><Trackpoint><Time>2026-07-27T12:46:52.000Z</Time><Position><LatitudeDegrees>58.624103552183925</LatitudeDegrees><LongitudeDegrees>59.79569463126809</LongitudeDegrees></Position></Trackpoint><Trackpoint><Time>2026-07-27T12:46:53.000Z</Time><Position><LatitudeDegrees>58.624106408100985</LatitudeDegrees><LongitudeDegrees>59.79566918998598</LongitudeDegrees></Position></Trackpoint><Trackpoint><Time>2026-07-27T12:46:54.000Z</Time><Position><LatitudeDegrees>58.62410917537731</LatitudeDegrees><LongitudeDegrees>59.79564064375894</LongitudeDegrees></Position></Trackpoint><Trackpoint><Time>2026-07-27T12:46:55.000Z</Time><Position><LatitudeDegrees>58.62411204058333</LatitudeDegrees><LongitudeDegrees>59.79561056579211</LongitudeDegrees></Position></Trackpoint><Trackpoint><Time>2026-07-27T12:46:56.000Z</Time><Position><LatitudeDegrees>58.62411506798581</LatitudeDegrees><LongitudeDegrees>59.79557931096969</LongitudeDegrees></Position></Trackpoint><Trackpoint><Time>2026-07-27T12:46:57.000Z</Time><Position><LatitudeDegrees>58.62411777362369</LatitudeDegrees><LongitudeDegrees>59.795548645324324</LongitudeDegrees></Position></Trackpoint><Trackpoint><Time>2026-07-27T12:46:58.000Z</Time><Position><LatitudeDegrees>58.62412048909426</LatitudeDegrees><LongitudeDegrees>59.795519220547156</LongitudeDegrees></Position></Trackpoint><Trackpoint><Time>2026-07-27T12:46:59.000Z</Time><Position><LatitudeDegrees>58.62412334969835</LatitudeDegrees><LongitudeDegrees>59.79549114576278</LongitudeDegrees></Position></Trackpoint><Trackpoint><Time>2026-07-27T12:47:00.000Z</Time><Position><LatitudeDegrees>58.624126882140295</LatitudeDegrees><LongitudeDegrees>59.79546478225344</LongitudeDegrees></Position></Trackpoint><Trackpoint><Time>2026-07-27T12:47:01.000Z</Time><Position><LatitudeDegrees>58.62413072749452</LatitudeDegrees><LongitudeDegrees>59.79544152799949</LongitudeDegrees></Position></Trackpoint><Trackpoint><Time>2026-07-27T12:47:02.000Z</Time><Position><LatitudeDegrees>58.62413469778167</LatitudeDegrees><LongitudeDegrees>59.79541960122518</LongitudeDegrees></Position></Trackpoint><Trackpoint><Time>2026-07-27T12:47:03.000Z</Time><Position><LatitudeDegrees>58.62413869955065</LatitudeDegrees><LongitudeDegrees>59.795399076977056</LongitudeDegrees></Position></Trackpoint><Trackpoint><Time>2026-07-27T12:47:04.000Z</Time><Position><LatitudeDegrees>58.624142200663904</LatitudeDegrees><LongitudeDegrees>59.795378337317835</LongitudeDegrees></Position></Trackpoint><Trackpoint><Time>2026-07-27T12:47:05.000Z</Time><Position><LatitudeDegrees>58.624145535838466</LatitudeDegrees><LongitudeDegrees>59.795357233185285</LongitudeDegrees></Position></Trackpoint><Trackpoint><Time>2026-07-27T12:47:06.000Z</Time><Position><LatitudeDegrees>58.624148374609334</LatitudeDegrees><LongitudeDegrees>59.79533477074898</LongitudeDegrees></Position></Trackpoint><Trackpoint><Time>2026-07-27T12:47:07.000Z</Time><Position><LatitudeDegrees>58.62415064459267</LatitudeDegrees><LongitudeDegrees>59.79531071505263</LongitudeDegrees></Position></Trackpoint><Trackpoint><Time>2026-07-27T12:47:08.000Z</Time><Position><LatitudeDegrees>58.6241523889814</LatitudeDegrees><LongitudeDegrees>59.79528370499407</LongitudeDegrees></Position></Trackpoint><Trackpoint><Time>2026-07-27T12:47:09.000Z</Time><Position><LatitudeDegrees>58.62415418263372</LatitudeDegrees><LongitudeDegrees>59.79525453843518</LongitudeDegrees></Position></Trackpoint><Trackpoint><Time>2026-07-27T12:47:10.000Z</Time><Position><LatitudeDegrees>58.62415576636186</LatitudeDegrees><LongitudeDegrees>59.795223820745655</LongitudeDegrees></Position></Trackpoint><Trackpoint><Time>2026-07-27T12:47:11.000Z</Time><Position><LatitudeDegrees>58.62415803958836</LatitudeDegrees><LongitudeDegrees>59.79519200032218</LongitudeDegrees></Position></Trackpoint><Trackpoint><Time>2026-07-27T12:47:12.000Z</Time><Position><LatitudeDegrees>58.624161284229324</LatitudeDegrees><LongitudeDegrees>59.795158913753085</LongitudeDegrees></Position></Trackpoint><Trackpoint><Time>2026-07-27T12:47:13.000Z</Time><Position><LatitudeDegrees>58.62416500209703</LatitudeDegrees><LongitudeDegrees>59.7951256354691</LongitudeDegrees></Position></Trackpoint><Trackpoint><Time>2026-07-27T12:47:14.000Z</Time><Position><LatitudeDegrees>58.624168927283215</LatitudeDegrees><LongitudeDegrees>59.79509312217357</LongitudeDegrees></Position></Trackpoint><Trackpoint><Time>2026-07-27T12:47:15.000Z</Time><Position><LatitudeDegrees>58.62417243405836</LatitudeDegrees><LongitudeDegrees>59.7950611800731</LongitudeDegrees></Position></Trackpoint><Trackpoint><Time>2026-07-27T12:47:16.000Z</Time><Position><LatitudeDegrees>58.62417580803922</LatitudeDegrees><LongitudeDegrees>59.79503112487695</LongitudeDegrees></Position></Trackpoint><Trackpoint><Time>2026-07-27T12:47:17.000Z</Time><Position><LatitudeDegrees>58.62417869428563</LatitudeDegrees><LongitudeDegrees>59.79500374586737</LongitudeDegrees></Position></Trackpoint><Trackpoint><Time>2026-07-27T12:47:18.000Z</Time><Position><LatitudeDegrees>58.624181009221374</LatitudeDegrees><LongitudeDegrees>59.794978535001995</LongitudeDegrees></Position></Trackpoint><Trackpoint><Time>2026-07-27T12:47:19.000Z</Time><Position><LatitudeDegrees>58.62418279175384</LatitudeDegrees><LongitudeDegrees>59.794954515163404</LongitudeDegrees></Position></Trackpoint><Trackpoint><Time>2026-07-27T12:47:20.000Z</Time><Position><LatitudeDegrees>58.62418363662891</LatitudeDegrees><LongitudeDegrees>59.79493162068618</LongitudeDegrees></Position></Trackpoint><Trackpoint><Time>2026-07-27T12:47:21.000Z</Time><Position><LatitudeDegrees>58.624184476517584</LatitudeDegrees><LongitudeDegrees>59.794909680088686</LongitudeDegrees></Position></Trackpoint><Trackpoint><Time>2026-07-27T12:47:22.000Z</Time><Position><LatitudeDegrees>58.62418569616487</LatitudeDegrees><LongitudeDegrees>59.79488801070944</LongitudeDegrees></Position></Trackpoint><Trackpoint><Time>2026-07-27T12:47:23.000Z</Time><Position><LatitudeDegrees>58.62418740528016</LatitudeDegrees><LongitudeDegrees>59.794865806984596</LongitudeDegrees></Position></Trackpoint><Trackpoint><Time>2026-07-27T12:47:24.000Z</Time><Position><LatitudeDegrees>58.62418909661233</LatitudeDegrees><LongitudeDegrees>59.794842805738554</LongitudeDegrees></Position></Trackpoint><Trackpoint><Time>2026-07-27T12:47:25.000Z</Time><Position><LatitudeDegrees>58.62419105315151</LatitudeDegrees><LongitudeDegrees>59.79481802172623</LongitudeDegrees></Position></Trackpoint><Trackpoint><Time>2026-07-27T12:47:26.000Z</Time><Position><LatitudeDegrees>58.62419335740357</LatitudeDegrees><LongitudeDegrees>59.794790298784946</LongitudeDegrees></Position></Trackpoint><Trackpoint><Time>2026-07-27T12:47:27.000Z</Time><Position><LatitudeDegrees>58.62419550910812</LatitudeDegrees><LongitudeDegrees>59.79476002758607</LongitudeDegrees></Position></Trackpoint><Trackpoint><Time>2026-07-27T12:47:28.000Z</Time><Position><LatitudeDegrees>58.62419781143111</LatitudeDegrees><LongitudeDegrees>59.7947276960861</LongitudeDegrees></Position></Trackpoint><Trackpoint><Time>2026-07-27T12:47:29.000Z</Time><Position><LatitudeDegrees>58.62420036989475</LatitudeDegrees><LongitudeDegrees>59.79469474889955</LongitudeDegrees></Position></Trackpoint><Trackpoint><Time>2026-07-27T12:47:30.000Z</Time><Position><LatitudeDegrees>58.624203195081336</LatitudeDegrees><LongitudeDegrees>59.794661859989304</LongitudeDegrees></Position></Trackpoint><Trackpoint><Time>2026-07-27T12:47:31.000Z</Time><Position><LatitudeDegrees>58.624205767504904</LatitudeDegrees><LongitudeDegrees>59.79462978904669</LongitudeDegrees></Position></Trackpoint><Trackpoint><Time>2026-07-27T12:47:32.000Z</Time><Position><LatitudeDegrees>58.62420790566556</LatitudeDegrees><LongitudeDegrees>59.79459972317426</LongitudeDegrees></Position></Trackpoint><Trackpoint><Time>2026-07-27T12:47:33.000Z</Time><Position><LatitudeDegrees>58.62420959055258</LatitudeDegrees><LongitudeDegrees>59.79457189391271</LongitudeDegrees></Position></Trackpoint><Trackpoint><Time>2026-07-27T12:47:34.000Z</Time><Position><LatitudeDegrees>58.624211362124335</LatitudeDegrees><LongitudeDegrees>59.794546109552606</LongitudeDegrees></Position></Trackpoint><Trackpoint><Time>2026-07-27T12:47:35.000Z</Time><Position><LatitudeDegrees>58.62421343162781</LatitudeDegrees><LongitudeDegrees>59.79452153907097</LongitudeDegrees></Position></Trackpoint><Trackpoint><Time>2026-07-27T12:47:36.000Z</Time><Position><LatitudeDegrees>58.62421535821186</LatitudeDegrees><LongitudeDegrees>59.794498663646614</LongitudeDegrees></Position></Trackpoint><Trackpoint><Time>2026-07-27T12:47:37.000Z</Time><Position><LatitudeDegrees>58.624217468273415</LatitudeDegrees><LongitudeDegrees>59.79447648466574</LongitudeDegrees></Position></Trackpoint><Trackpoint><Time>2026-07-27T12:47:38.000Z</Time><Position><LatitudeDegrees>58.62421938307391</LatitudeDegrees><LongitudeDegrees>59.79445450147843</LongitudeDegrees></Position></Trackpoint><Trackpoint><Time>2026-07-27T12:47:39.000Z</Time><Position><LatitudeDegrees>58.62422097169764</LatitudeDegrees><LongitudeDegrees>59.79443101393867</LongitudeDegrees></Position></Trackpoint><Trackpoint><Time>2026-07-27T12:47:40.000Z</Time><Position><LatitudeDegrees>58.62422271170407</LatitudeDegrees><LongitudeDegrees>59.79440502534039</LongitudeDegrees></Position></Trackpoint><Trackpoint><Time>2026-07-27T12:47:41.000Z</Time><Position><LatitudeDegrees>58.62422478033838</LatitudeDegrees><LongitudeDegrees>59.79437693582448</LongitudeDegrees></Position></Trackpoint><Trackpoint><Time>2026-07-27T12:47:42.000Z</Time><Position><LatitudeDegrees>58.62422671880652</LatitudeDegrees><LongitudeDegrees>59.7943471798319</LongitudeDegrees></Position></Trackpoint><Trackpoint><Time>2026-07-27T12:47:43.000Z</Time><Position><LatitudeDegrees>58.624228844479056</LatitudeDegrees><LongitudeDegrees>59.79431663978031</LongitudeDegrees></Position></Trackpoint><Trackpoint><Time>2026-07-27T12:47:44.000Z</Time><Position><LatitudeDegrees>58.62423126403238</LatitudeDegrees><LongitudeDegrees>59.79428480049027</LongitudeDegrees></Position></Trackpoint><Trackpoint><Time>2026-07-27T12:47:45.000Z</Time><Position><LatitudeDegrees>58.62423398368022</LatitudeDegrees><LongitudeDegrees>59.79425210615961</LongitudeDegrees></Position></Trackpoint><Trackpoint><Time>2026-07-27T12:47:46.000Z</Time><Position><LatitudeDegrees>58.62423647785431</LatitudeDegrees><LongitudeDegrees>59.79422031829884</LongitudeDegrees></Position></Trackpoint><Trackpoint><Time>2026-07-27T12:47:47.000Z</Time><Position><LatitudeDegrees>58.62423855904732</LatitudeDegrees><LongitudeDegrees>59.794190046012694</LongitudeDegrees></Position></Trackpoint><Trackpoint><Time>2026-07-27T12:47:48.000Z</Time><Position><LatitudeDegrees>58.62424069265359</LatitudeDegrees><LongitudeDegrees>59.7941613456291</LongitudeDegrees></Position></Trackpoint><Trackpoint><Time>2026-07-27T12:47:49.000Z</Time><Position><LatitudeDegrees>58.62424257400026</LatitudeDegrees><LongitudeDegrees>59.794134528205085</LongitudeDegrees></Position></Trackpoint><Trackpoint><Time>2026-07-27T12:47:50.000Z</Time><Position><LatitudeDegrees>58.624244599600644</LatitudeDegrees><LongitudeDegrees>59.7941094801693</LongitudeDegrees></Position></Trackpoint><Trackpoint><Time>2026-07-27T12:47:51.000Z</Time><Position><LatitudeDegrees>58.62424642462676</LatitudeDegrees><LongitudeDegrees>59.79408592765096</LongitudeDegrees></Position></Trackpoint><Trackpoint><Time>2026-07-27T12:47:52.000Z</Time><Position><LatitudeDegrees>58.62424891203162</LatitudeDegrees><LongitudeDegrees>59.79406307630295</LongitudeDegrees></Position></Trackpoint><Trackpoint><Time>2026-07-27T12:47:53.000Z</Time><Position><LatitudeDegrees>58.62425184258209</LatitudeDegrees><LongitudeDegrees>59.79404050899246</LongitudeDegrees></Position></Trackpoint><Trackpoint><Time>2026-07-27T12:47:54.000Z</Time><Position><LatitudeDegrees>58.62425555872423</LatitudeDegrees><LongitudeDegrees>59.79401801747452</LongitudeDegrees></Position></Trackpoint><Trackpoint><Time>2026-07-27T12:47:55.000Z</Time><Position><LatitudeDegrees>58.624259611048615</LatitudeDegrees><LongitudeDegrees>59.793995016648424</LongitudeDegrees></Position></Trackpoint><Trackpoint><Time>2026-07-27T12:47:56.000Z</Time><Position><LatitudeDegrees>58.62426328171436</LatitudeDegrees><LongitudeDegrees>59.79397133091912</LongitudeDegrees></Position></Trackpoint><Trackpoint><Time>2026-07-27T12:47:57.000Z</Time><Position><LatitudeDegrees>58.62426632407596</LatitudeDegrees><LongitudeDegrees>59.79394599665576</LongitudeDegrees></Position></Trackpoint><Trackpoint><Time>2026-07-27T12:47:58.000Z</Time><Position><LatitudeDegrees>58.624269206809075</LatitudeDegrees><LongitudeDegrees>59.79391882858988</LongitudeDegrees></Position></Trackpoint><Trackpoint><Time>2026-07-27T12:47:59.000Z</Time><Position><LatitudeDegrees>58.62427263302866</LatitudeDegrees><LongitudeDegrees>59.79388900656629</LongitudeDegrees></Position></Trackpoint><Trackpoint><Time>2026-07-27T12:48:00.000Z</Time><Position><LatitudeDegrees>58.62427584332401</LatitudeDegrees><LongitudeDegrees>59.79385653344919</LongitudeDegrees></Position></Trackpoint><Trackpoint><Time>2026-07-27T12:48:01.000Z</Time><Position><LatitudeDegrees>58.62427904226862</LatitudeDegrees><LongitudeDegrees>59.79382272990321</LongitudeDegrees></Position></Trackpoint><Trackpoint><Time>2026-07-27T12:48:02.000Z</Time><Position><LatitudeDegrees>58.62428280518016</LatitudeDegrees><LongitudeDegrees>59.793788800191265</LongitudeDegrees></Position></Trackpoint><Trackpoint><Time>2026-07-27T12:48:03.000Z</Time><Position><LatitudeDegrees>58.624286806998704</LatitudeDegrees><LongitudeDegrees>59.79375525646217</LongitudeDegrees></Position></Trackpoint><Trackpoint><Time>2026-07-27T12:48:04.000Z</Time><Position><LatitudeDegrees>58.62429039357977</LatitudeDegrees><LongitudeDegrees>59.7937227497062</LongitudeDegrees></Position></Trackpoint><Trackpoint><Time>2026-07-27T12:48:05.000Z</Time><Position><LatitudeDegrees>58.62429334881995</LatitudeDegrees><LongitudeDegrees>59.79369141492893</LongitudeDegrees></Position></Trackpoint><Trackpoint><Time>2026-07-27T12:48:06.000Z</Time><Position><LatitudeDegrees>58.62429566475229</LatitudeDegrees><LongitudeDegrees>59.79366115730846</LongitudeDegrees></Position></Trackpoint><Trackpoint><Time>2026-07-27T12:48:07.000Z</Time><Position><LatitudeDegrees>58.62429742014994</LatitudeDegrees><LongitudeDegrees>59.79363179954253</LongitudeDegrees></Position></Trackpoint><Trackpoint><Time>2026-07-27T12:48:08.000Z</Time><Position><LatitudeDegrees>58.62429871939807</LatitudeDegrees><LongitudeDegrees>59.79360266350657</LongitudeDegrees></Position></Trackpoint><Trackpoint><Time>2026-07-27T12:48:09.000Z</Time><Position><LatitudeDegrees>58.624300153642714</LatitudeDegrees><LongitudeDegrees>59.79357491029941</LongitudeDegrees></Position></Trackpoint><Trackpoint><Time>2026-07-27T12:48:10.000Z</Time><Position><LatitudeDegrees>58.62430194901091</LatitudeDegrees><LongitudeDegrees>59.79354981983754</LongitudeDegrees></Position></Trackpoint><Trackpoint><Time>2026-07-27T12:48:11.000Z</Time><Position><LatitudeDegrees>58.62430415227966</LatitudeDegrees><LongitudeDegrees>59.79352659825267</LongitudeDegrees></Position></Trackpoint><Trackpoint><Time>2026-07-27T12:48:12.000Z</Time><Position><LatitudeDegrees>58.62430673035987</LatitudeDegrees><LongitudeDegrees>59.7935036995146</LongitudeDegrees></Position></Trackpoint><Trackpoint><Time>2026-07-27T12:48:13.000Z</Time><Position><LatitudeDegrees>58.62430962151787</LatitudeDegrees><LongitudeDegrees>59.793480935090265</LongitudeDegrees></Position></Trackpoint><Trackpoint><Time>2026-07-27T12:48:14.000Z</Time><Position><LatitudeDegrees>58.62431227053598</LatitudeDegrees><LongitudeDegrees>59.79345772048587</LongitudeDegrees></Position></Trackpoint><Trackpoint><Time>2026-07-27T12:48:15.000Z</Time><Position><LatitudeDegrees>58.624314479835355</LatitudeDegrees><LongitudeDegrees>59.79343436237792</LongitudeDegrees></Position></Trackpoint><Trackpoint><Time>2026-07-27T12:48:16.000Z</Time><Position><LatitudeDegrees>58.62431671409428</LatitudeDegrees><LongitudeDegrees>59.793410515873894</LongitudeDegrees></Position></Trackpoint><Trackpoint><Time>2026-07-27T12:48:17.000Z</Time><Position><LatitudeDegrees>58.62431867186862</LatitudeDegrees><LongitudeDegrees>59.793385612009814</LongitudeDegrees></Position></Trackpoint><Trackpoint><Time>2026-07-27T12:48:18.000Z</Time><Position><LatitudeDegrees>58.62432075411064</LatitudeDegrees><LongitudeDegrees>59.79335906256728</LongitudeDegrees></Position></Trackpoint><Trackpoint><Time>2026-07-27T12:48:19.000Z</Time><Position><LatitudeDegrees>58.62432359958123</LatitudeDegrees><LongitudeDegrees>59.79333083650585</LongitudeDegrees></Position></Trackpoint><Trackpoint><Time>2026-07-27T12:48:20.000Z</Time><Position><LatitudeDegrees>58.62432688377357</LatitudeDegrees><LongitudeDegrees>59.79330113623354</LongitudeDegrees></Position></Trackpoint><Trackpoint><Time>2026-07-27T12:48:21.000Z</Time><Position><LatitudeDegrees>58.62432992712504</LatitudeDegrees><LongitudeDegrees>59.79326974471081</LongitudeDegrees></Position></Trackpoint><Trackpoint><Time>2026-07-27T12:48:22.000Z</Time><Position><LatitudeDegrees>58.6243334599019</LatitudeDegrees><LongitudeDegrees>59.79323776884424</LongitudeDegrees></Position></Trackpoint><Trackpoint><Time>2026-07-27T12:48:23.000Z</Time><Position><LatitudeDegrees>58.62433723042451</LatitudeDegrees><LongitudeDegrees>59.793206229105124</LongitudeDegrees></Position></Trackpoint><Trackpoint><Time>2026-07-27T12:48:24.000Z</Time><Position><LatitudeDegrees>58.6243411045285</LatitudeDegrees><LongitudeDegrees>59.79317597939188</LongitudeDegrees></Position></Trackpoint><Trackpoint><Time>2026-07-27T12:48:25.000Z</Time><Position><LatitudeDegrees>58.62434452405537</LatitudeDegrees><LongitudeDegrees>59.793147205795506</LongitudeDegrees></Position></Trackpoint><Trackpoint><Time>2026-07-27T12:48:26.000Z</Time><Position><LatitudeDegrees>58.624347807091745</LatitudeDegrees><LongitudeDegrees>59.79312077471833</LongitudeDegrees></Position></Trackpoint><Trackpoint><Time>2026-07-27T12:48:27.000Z</Time><Position><LatitudeDegrees>58.624351102154655</LatitudeDegrees><LongitudeDegrees>59.79309625270433</LongitudeDegrees></Position></Trackpoint><Trackpoint><Time>2026-07-27T12:48:28.000Z</Time><Position><LatitudeDegrees>58.62435397925416</LatitudeDegrees><LongitudeDegrees>59.793073705827105</LongitudeDegrees></Position></Trackpoint><Trackpoint><Time>2026-07-27T12:48:29.000Z</Time><Position><LatitudeDegrees>58.62435631495103</LatitudeDegrees><LongitudeDegrees>59.79305241818153</LongitudeDegrees></Position></Trackpoint><Trackpoint><Time>2026-07-27T12:48:30.000Z</Time><Position><LatitudeDegrees>58.62435812789708</LatitudeDegrees><LongitudeDegrees>59.79303095409229</LongitudeDegrees></Position></Trackpoint><Trackpoint><Time>2026-07-27T12:48:31.000Z</Time><Position><LatitudeDegrees>58.62435949286803</LatitudeDegrees><LongitudeDegrees>59.79300874494669</LongitudeDegrees></Position></Trackpoint><Trackpoint><Time>2026-07-27T12:48:32.000Z</Time><Position><LatitudeDegrees>58.624360987766565</LatitudeDegrees><LongitudeDegrees>59.79298467297669</LongitudeDegrees></Position></Trackpoint><Trackpoint><Time>2026-07-27T12:48:33.000Z</Time><Position><LatitudeDegrees>58.62436283391626</LatitudeDegrees><LongitudeDegrees>59.79295802732818</LongitudeDegrees></Position></Trackpoint><Trackpoint><Time>2026-07-27T12:48:34.000Z</Time><Position><LatitudeDegrees>58.62436556699362</LatitudeDegrees><LongitudeDegrees>59.79292933518613</LongitudeDegrees></Position></Trackpoint><Trackpoint><Time>2026-07-27T12:48:35.000Z</Time><Position><LatitudeDegrees>58.62436880416164</LatitudeDegrees><LongitudeDegrees>59.79289907632721</LongitudeDegrees></Position></Trackpoint><Trackpoint><Time>2026-07-27T12:48:36.000Z</Time><Position><LatitudeDegrees>58.624372323056015</LatitudeDegrees><LongitudeDegrees>59.792867649425204</LongitudeDegrees></Position></Trackpoint><Trackpoint><Time>2026-07-27T12:48:37.000Z</Time><Position><LatitudeDegrees>58.62437599594055</LatitudeDegrees><LongitudeDegrees>59.792836347805064</LongitudeDegrees></Position></Trackpoint><Trackpoint><Time>2026-07-27T12:48:38.000Z</Time><Position><LatitudeDegrees>58.62437975044481</LatitudeDegrees><LongitudeDegrees>59.79280617763202</LongitudeDegrees></Position></Trackpoint><Trackpoint><Time>2026-07-27T12:48:39.000Z</Time><Position><LatitudeDegrees>58.624383546288485</LatitudeDegrees><LongitudeDegrees>59.792777408058946</LongitudeDegrees></Position></Trackpoint><Trackpoint><Time>2026-07-27T12:48:40.000Z</Time><Position><LatitudeDegrees>58.624387361576936</LatitudeDegrees><LongitudeDegrees>59.79274997016707</LongitudeDegrees></Position></Trackpoint><Trackpoint><Time>2026-07-27T12:48:41.000Z</Time><Position><LatitudeDegrees>58.6243906951869</LatitudeDegrees><LongitudeDegrees>59.792723664654105</LongitudeDegrees></Position></Trackpoint><Trackpoint><Time>2026-07-27T12:48:42.000Z</Time><Position><LatitudeDegrees>58.62439389217242</LatitudeDegrees><LongitudeDegrees>59.792699243322815</LongitudeDegrees></Position></Trackpoint><Trackpoint><Time>2026-07-27T12:48:43.000Z</Time><Position><LatitudeDegrees>58.62439662256319</LatitudeDegrees><LongitudeDegrees>59.79267628434818</LongitudeDegrees></Position></Trackpoint><Trackpoint><Time>2026-07-27T12:48:44.000Z</Time><Position><LatitudeDegrees>58.62439881035316</LatitudeDegrees><LongitudeDegrees>59.79265491592795</LongitudeDegrees></Position></Trackpoint><Trackpoint><Time>2026-07-27T12:48:45.000Z</Time><Position><LatitudeDegrees>58.624400493882504</LatitudeDegrees><LongitudeDegrees>59.7926335178811</LongitudeDegrees></Position></Trackpoint><Trackpoint><Time>2026-07-27T12:48:46.000Z</Time><Position><LatitudeDegrees>58.62440224327267</LatitudeDegrees><LongitudeDegrees>59.792610447544384</LongitudeDegrees></Position></Trackpoint><Trackpoint><Time>2026-07-27T12:48:47.000Z</Time><Position><LatitudeDegrees>58.62440428486556</LatitudeDegrees><LongitudeDegrees>59.79258524305015</LongitudeDegrees></Position></Trackpoint><Trackpoint><Time>2026-07-27T12:48:48.000Z</Time><Position><LatitudeDegrees>58.62440667437255</LatitudeDegrees><LongitudeDegrees>59.792558477712404</LongitudeDegrees></Position></Trackpoint><Trackpoint><Time>2026-07-27T12:48:49.000Z</Time><Position><LatitudeDegrees>58.62440939008317</LatitudeDegrees><LongitudeDegrees>59.79253009836226</LongitudeDegrees></Position></Trackpoint><Trackpoint><Time>2026-07-27T12:48:50.000Z</Time><Position><LatitudeDegrees>58.624411891577985</LatitudeDegrees><LongitudeDegrees>59.79249980064843</LongitudeDegrees></Position></Trackpoint><Trackpoint><Time>2026-07-27T12:48:51.000Z</Time><Position><LatitudeDegrees>58.62441447339913</LatitudeDegrees><LongitudeDegrees>59.79246868466921</LongitudeDegrees></Position></Trackpoint><Trackpoint><Time>2026-07-27T12:48:52.000Z</Time><Position><LatitudeDegrees>58.62441724653912</LatitudeDegrees><LongitudeDegrees>59.79243828772613</LongitudeDegrees></Position></Trackpoint><Trackpoint><Time>2026-07-27T12:48:53.000Z</Time><Position><LatitudeDegrees>58.62442023215289</LatitudeDegrees><LongitudeDegrees>59.7924086610334</LongitudeDegrees></Position></Trackpoint><Trackpoint><Time>2026-07-27T12:48:54.000Z</Time><Position><LatitudeDegrees>58.624422922071446</LatitudeDegrees><LongitudeDegrees>59.79238070604352</LongitudeDegrees></Position></Trackpoint><Trackpoint><Time>2026-07-27T12:48:55.000Z</Time><Position><LatitudeDegrees>58.62442514496587</LatitudeDegrees><LongitudeDegrees>59.79235457944415</LongitudeDegrees></Position></Trackpoint><Trackpoint><Time>2026-07-27T12:48:56.000Z</Time><Position><LatitudeDegrees>58.62442786944029</LatitudeDegrees><LongitudeDegrees>59.79232962148273</LongitudeDegrees></Position></Trackpoint><Trackpoint><Time>2026-07-27T12:48:57.000Z</Time><Position><LatitudeDegrees>58.624430450799906</LatitudeDegrees><LongitudeDegrees>59.792305900068854</LongitudeDegrees></Position></Trackpoint><Trackpoint><Time>2026-07-27T12:48:58.000Z</Time><Position><LatitudeDegrees>58.6244331315171</LatitudeDegrees><LongitudeDegrees>59.79228377407158</LongitudeDegrees></Position></Trackpoint><Trackpoint><Time>2026-07-27T12:48:59.000Z</Time><Position><LatitudeDegrees>58.624435998697685</LatitudeDegrees><LongitudeDegrees>59.7922622072946</LongitudeDegrees></Position></Trackpoint><Trackpoint><Time>2026-07-27T12:49:00.000Z</Time><Position><LatitudeDegrees>58.62443906428244</LatitudeDegrees><LongitudeDegrees>59.79224070122265</LongitudeDegrees></Position></Trackpoint><Trackpoint><Time>2026-07-27T12:49:01.000Z</Time><Position><LatitudeDegrees>58.62444181811349</LatitudeDegrees><LongitudeDegrees>59.79221904275912</LongitudeDegrees></Position></Trackpoint><Trackpoint><Time>2026-07-27T12:49:02.000Z</Time><Position><LatitudeDegrees>58.624444090103914</LatitudeDegrees><LongitudeDegrees>59.79219569487109</LongitudeDegrees></Position></Trackpoint><Trackpoint><Time>2026-07-27T12:49:03.000Z</Time><Position><LatitudeDegrees>58.6244463616604</LatitudeDegrees><LongitudeDegrees>59.79217024139222</LongitudeDegrees></Position></Trackpoint><Trackpoint><Time>2026-07-27T12:49:04.000Z</Time><Position><LatitudeDegrees>58.62444883109794</LatitudeDegrees><LongitudeDegrees>59.79214229157012</LongitudeDegrees></Position></Trackpoint><Trackpoint><Time>2026-07-27T12:49:05.000Z</Time><Position><LatitudeDegrees>58.62445155469157</LatitudeDegrees><LongitudeDegrees>59.792112004881794</LongitudeDegrees></Position></Trackpoint><Trackpoint><Time>2026-07-27T12:49:06.000Z</Time><Position><LatitudeDegrees>58.62445501260726</LatitudeDegrees><LongitudeDegrees>59.792080236549054</LongitudeDegrees></Position></Trackpoint><Trackpoint><Time>2026-07-27T12:49:07.000Z</Time><Position><LatitudeDegrees>58.62445881873363</LatitudeDegrees><LongitudeDegrees>59.79204850816882</LongitudeDegrees></Position></Trackpoint><Trackpoint><Time>2026-07-27T12:49:08.000Z</Time><Position><LatitudeDegrees>58.62446276936484</LatitudeDegrees><LongitudeDegrees>59.79201744125759</LongitudeDegrees></Position></Trackpoint><Trackpoint><Time>2026-07-27T12:49:09.000Z</Time><Position><LatitudeDegrees>58.62446627245042</LatitudeDegrees><LongitudeDegrees>59.79198720687805</LongitudeDegrees></Position></Trackpoint><Trackpoint><Time>2026-07-27T12:49:10.000Z</Time><Position><LatitudeDegrees>58.62446963121668</LatitudeDegrees><LongitudeDegrees>59.791958747846564</LongitudeDegrees></Position></Trackpoint><Trackpoint><Time>2026-07-27T12:49:11.000Z</Time><Position><LatitudeDegrees>58.62447249945486</LatitudeDegrees><LongitudeDegrees>59.79193222458313</LongitudeDegrees></Position></Trackpoint><Trackpoint><Time>2026-07-27T12:49:12.000Z</Time><Position><LatitudeDegrees>58.6244747975432</LatitudeDegrees><LongitudeDegrees>59.79190794431176</LongitudeDegrees></Position></Trackpoint><Trackpoint><Time>2026-07-27T12:49:13.000Z</Time><Position><LatitudeDegrees>58.624477055479275</LatitudeDegrees><LongitudeDegrees>59.791885256062294</LongitudeDegrees></Position></Trackpoint><Trackpoint><Time>2026-07-27T12:49:14.000Z</Time><Position><LatitudeDegrees>58.62447900707664</LatitudeDegrees><LongitudeDegrees>59.791863687409915</LongitudeDegrees></Position></Trackpoint><Trackpoint><Time>2026-07-27T12:49:15.000Z</Time><Position><LatitudeDegrees>58.62448058202893</LatitudeDegrees><LongitudeDegrees>59.791841920874504</LongitudeDegrees></Position></Trackpoint><Trackpoint><Time>2026-07-27T12:49:16.000Z</Time><Position><LatitudeDegrees>58.624482289334104</LatitudeDegrees><LongitudeDegrees>59.79181846005055</LongitudeDegrees></Position></Trackpoint><Trackpoint><Time>2026-07-27T12:49:17.000Z</Time><Position><LatitudeDegrees>58.62448383201657</LatitudeDegrees><LongitudeDegrees>59.791792906127746</LongitudeDegrees></Position></Trackpoint><Trackpoint><Time>2026-07-27T12:49:18.000Z</Time><Position><LatitudeDegrees>58.62448461929034</LatitudeDegrees><LongitudeDegrees>59.79176536350877</LongitudeDegrees></Position></Trackpoint><Trackpoint><Time>2026-07-27T12:49:19.000Z</Time><Position><LatitudeDegrees>58.62448548402684</LatitudeDegrees><LongitudeDegrees>59.7917366200469</LongitudeDegrees></Position></Trackpoint><Trackpoint><Time>2026-07-27T12:49:20.000Z</Time><Position><LatitudeDegrees>58.624486269677455</LatitudeDegrees><LongitudeDegrees>59.79170813355397</LongitudeDegrees></Position></Trackpoint><Trackpoint><Time>2026-07-27T12:49:21.000Z</Time><Position><LatitudeDegrees>58.6244869219208</LatitudeDegrees><LongitudeDegrees>59.79167949220272</LongitudeDegrees></Position></Trackpoint><Trackpoint><Time>2026-07-27T12:49:22.000Z</Time><Position><LatitudeDegrees>58.62448841472937</LatitudeDegrees><LongitudeDegrees>59.79165103587538</LongitudeDegrees></Position></Trackpoint><Trackpoint><Time>2026-07-27T12:49:23.000Z</Time><Position><LatitudeDegrees>58.62449006211101</LatitudeDegrees><LongitudeDegrees>59.79162434963112</LongitudeDegrees></Position></Trackpoint><Trackpoint><Time>2026-07-27T12:49:24.000Z</Time><Position><LatitudeDegrees>58.624492051322676</LatitudeDegrees><LongitudeDegrees>59.79159936945205</LongitudeDegrees></Position></Trackpoint><Trackpoint><Time>2026-07-27T12:49:25.000Z</Time><Position><LatitudeDegrees>58.624494905220274</LatitudeDegrees><LongitudeDegrees>59.791576339613215</LongitudeDegrees></Position></Trackpoint><Trackpoint><Time>2026-07-27T12:49:26.000Z</Time><Position><LatitudeDegrees>58.62449774893094</LatitudeDegrees><LongitudeDegrees>59.79155560000262</LongitudeDegrees></Position></Trackpoint><Trackpoint><Time>2026-07-27T12:49:27.000Z</Time><Position><LatitudeDegrees>58.62450071307095</LatitudeDegrees><LongitudeDegrees>59.79153552781829</LongitudeDegrees></Position></Trackpoint><Trackpoint><Time>2026-07-27T12:49:28.000Z</Time><Position><LatitudeDegrees>58.62450432558614</LatitudeDegrees><LongitudeDegrees>59.79151585868373</LongitudeDegrees></Position></Trackpoint><Trackpoint><Time>2026-07-27T12:49:29.000Z</Time><Position><LatitudeDegrees>58.624508231073605</LatitudeDegrees><LongitudeDegrees>59.79149594237844</LongitudeDegrees></Position></Trackpoint><Trackpoint><Time>2026-07-27T12:49:30.000Z</Time><Position><LatitudeDegrees>58.62451322478528</LatitudeDegrees><LongitudeDegrees>59.791477501286394</LongitudeDegrees></Position></Trackpoint><Trackpoint><Time>2026-07-27T12:49:31.000Z</Time><Position><LatitudeDegrees>58.624519984171116</LatitudeDegrees><LongitudeDegrees>59.791461055401356</LongitudeDegrees></Position></Trackpoint><Trackpoint><Time>2026-07-27T12:49:32.000Z</Time><Position><LatitudeDegrees>58.624528561605985</LatitudeDegrees><LongitudeDegrees>59.79144705240294</LongitudeDegrees></Position></Trackpoint><Trackpoint><Time>2026-07-27T12:49:33.000Z</Time><Position><LatitudeDegrees>58.624538745315775</LatitudeDegrees><LongitudeDegrees>59.79143536311972</LongitudeDegrees></Position></Trackpoint><Trackpoint><Time>2026-07-27T12:49:34.000Z</Time><Position><LatitudeDegrees>58.624550241921874</LatitudeDegrees><LongitudeDegrees>59.791425147782135</LongitudeDegrees></Position></Trackpoint><Trackpoint><Time>2026-07-27T12:49:35.000Z</Time><Position><LatitudeDegrees>58.62456227248233</LatitudeDegrees><LongitudeDegrees>59.791414892145156</LongitudeDegrees></Position></Trackpoint><Trackpoint><Time>2026-07-27T12:49:36.000Z</Time><Position><LatitudeDegrees>58.62457395806001</LatitudeDegrees><LongitudeDegrees>59.79140299854331</LongitudeDegrees></Position></Trackpoint><Trackpoint><Time>2026-07-27T12:49:37.000Z</Time><Position><LatitudeDegrees>58.624584491346695</LatitudeDegrees><LongitudeDegrees>59.79138901923499</LongitudeDegrees></Position></Trackpoint><Trackpoint><Time>2026-07-27T12:49:38.000Z</Time><Position><LatitudeDegrees>58.62459319815012</LatitudeDegrees><LongitudeDegrees>59.79137352713315</LongitudeDegrees></Position></Trackpoint><Trackpoint><Time>2026-07-27T12:49:39.000Z</Time><Position><LatitudeDegrees>58.6246000352418</LatitudeDegrees><LongitudeDegrees>59.79135695234722</LongitudeDegrees></Position></Trackpoint><Trackpoint><Time>2026-07-27T12:49:40.000Z</Time><Position><LatitudeDegrees>58.624605224793456</LatitudeDegrees><LongitudeDegrees>59.79133863175023</LongitudeDegrees></Position></Trackpoint><Trackpoint><Time>2026-07-27T12:49:41.000Z</Time><Position><LatitudeDegrees>58.624609559372715</LatitudeDegrees><LongitudeDegrees>59.79131753709534</LongitudeDegrees></Position></Trackpoint><Trackpoint><Time>2026-07-27T12:49:42.000Z</Time><Position><LatitudeDegrees>58.624613964730386</LatitudeDegrees><LongitudeDegrees>59.79129311135173</LongitudeDegrees></Position></Trackpoint><Trackpoint><Time>2026-07-27T12:49:43.000Z</Time><Position><LatitudeDegrees>58.624618813037216</LatitudeDegrees><LongitudeDegrees>59.79126555265572</LongitudeDegrees></Position></Trackpoint><Trackpoint><Time>2026-07-27T12:49:44.000Z</Time><Position><LatitudeDegrees>58.624623711103055</LatitudeDegrees><LongitudeDegrees>59.79123681354803</LongitudeDegrees></Position></Trackpoint><Trackpoint><Time>2026-07-27T12:49:45.000Z</Time><Position><LatitudeDegrees>58.62462800100198</LatitudeDegrees><LongitudeDegrees>59.79120833926469</LongitudeDegrees></Position></Trackpoint><Trackpoint><Time>2026-07-27T12:49:46.000Z</Time><Position><LatitudeDegrees>58.62463197944607</LatitudeDegrees><LongitudeDegrees>59.79118264945477</LongitudeDegrees></Position></Trackpoint><Trackpoint><Time>2026-07-27T12:49:47.000Z</Time><Position><LatitudeDegrees>58.62463580860602</LatitudeDegrees><LongitudeDegrees>59.79115944518959</LongitudeDegrees></Position></Trackpoint><Trackpoint><Time>2026-07-27T12:49:48.000Z</Time><Position><LatitudeDegrees>58.62463908481891</LatitudeDegrees><LongitudeDegrees>59.791137794733835</LongitudeDegrees></Position></Trackpoint><Trackpoint><Time>2026-07-27T12:49:49.000Z</Time><Position><LatitudeDegrees>58.62464269203402</LatitudeDegrees><LongitudeDegrees>59.79111662532812</LongitudeDegrees></Position></Trackpoint><Trackpoint><Time>2026-07-27T12:49:50.000Z</Time><Position><LatitudeDegrees>58.624646951807534</LatitudeDegrees><LongitudeDegrees>59.791094454211084</LongitudeDegrees></Position></Trackpoint><Trackpoint><Time>2026-07-27T12:49:51.000Z</Time><Position><LatitudeDegrees>58.624651423201485</LatitudeDegrees><LongitudeDegrees>59.79107128891089</LongitudeDegrees></Position></Trackpoint><Trackpoint><Time>2026-07-27T12:49:52.000Z</Time><Position><LatitudeDegrees>58.62465589746177</LatitudeDegrees><LongitudeDegrees>59.79104677051918</LongitudeDegrees></Position></Trackpoint><Trackpoint><Time>2026-07-27T12:49:53.000Z</Time><Position><LatitudeDegrees>58.62466028824859</LatitudeDegrees><LongitudeDegrees>59.79102092489276</LongitudeDegrees></Position></Trackpoint><Trackpoint><Time>2026-07-27T12:49:54.000Z</Time><Position><LatitudeDegrees>58.6246635914968</LatitudeDegrees><LongitudeDegrees>59.79099540186076</LongitudeDegrees></Position></Trackpoint><Trackpoint><Time>2026-07-27T12:49:55.000Z</Time><Position><LatitudeDegrees>58.62466602289343</LatitudeDegrees><LongitudeDegrees>59.790971818694565</LongitudeDegrees></Position></Trackpoint><Trackpoint><Time>2026-07-27T12:49:56.000Z</Time><Position><LatitudeDegrees>58.62466827277705</LatitudeDegrees><LongitudeDegrees>59.79094961324038</LongitudeDegrees></Position></Trackpoint><Trackpoint><Time>2026-07-27T12:49:57.000Z</Time><Position><LatitudeDegrees>58.624670159138404</LatitudeDegrees><LongitudeDegrees>59.79092788754665</LongitudeDegrees></Position></Trackpoint><Trackpoint><Time>2026-07-27T12:49:58.000Z</Time><Position><LatitudeDegrees>58.62467165367754</LatitudeDegrees><LongitudeDegrees>59.79090621023047</LongitudeDegrees></Position></Trackpoint><Trackpoint><Time>2026-07-27T12:49:59.000Z</Time><Position><LatitudeDegrees>58.62467279502938</LatitudeDegrees><LongitudeDegrees>59.79088390781415</LongitudeDegrees></Position></Trackpoint><Trackpoint><Time>2026-07-27T12:50:00.000Z</Time><Position><LatitudeDegrees>58.624674134046764</LatitudeDegrees><LongitudeDegrees>59.79085980394655</LongitudeDegrees></Position></Trackpoint><Trackpoint><Time>2026-07-27T12:50:01.000Z</Time><Position><LatitudeDegrees>58.62467587221917</LatitudeDegrees><LongitudeDegrees>59.790833645380594</LongitudeDegrees></Position></Trackpoint><Trackpoint><Time>2026-07-27T12:50:02.000Z</Time><Position><LatitudeDegrees>58.62467755168513</LatitudeDegrees><LongitudeDegrees>59.790805101927475</LongitudeDegrees></Position></Trackpoint><Trackpoint><Time>2026-07-27T12:50:03.000Z</Time><Position><LatitudeDegrees>58.6246789914169</LatitudeDegrees><LongitudeDegrees>59.79077483331172</LongitudeDegrees></Position></Trackpoint><Trackpoint><Time>2026-07-27T12:50:04.000Z</Time><Position><LatitudeDegrees>58.62468014763075</LatitudeDegrees><LongitudeDegrees>59.79074431187314</LongitudeDegrees></Position></Trackpoint><Trackpoint><Time>2026-07-27T12:50:05.000Z</Time><Position><LatitudeDegrees>58.62468103868416</LatitudeDegrees><LongitudeDegrees>59.79071368680918</LongitudeDegrees></Position></Trackpoint><Trackpoint><Time>2026-07-27T12:50:06.000Z</Time><Position><LatitudeDegrees>58.62468219578092</LatitudeDegrees><LongitudeDegrees>59.790683522475085</LongitudeDegrees></Position></Trackpoint><Trackpoint><Time>2026-07-27T12:50:07.000Z</Time><Position><LatitudeDegrees>58.6246833139316</LatitudeDegrees><LongitudeDegrees>59.79065497137844</LongitudeDegrees></Position></Trackpoint><Trackpoint><Time>2026-07-27T12:50:08.000Z</Time><Position><LatitudeDegrees>58.624684272530025</LatitudeDegrees><LongitudeDegrees>59.79062879071432</LongitudeDegrees></Position></Trackpoint><Trackpoint><Time>2026-07-27T12:50:09.000Z</Time><Position><LatitudeDegrees>58.62468504238486</LatitudeDegrees><LongitudeDegrees>59.79060400885827</LongitudeDegrees></Position></Trackpoint><Trackpoint><Time>2026-07-27T12:50:10.000Z</Time><Position><LatitudeDegrees>58.62468514608847</LatitudeDegrees><LongitudeDegrees>59.790579556517386</LongitudeDegrees></Position></Trackpoint><Trackpoint><Time>2026-07-27T12:50:11.000Z</Time><Position><LatitudeDegrees>58.62468496213858</LatitudeDegrees><LongitudeDegrees>59.79055446141783</LongitudeDegrees></Position></Trackpoint><Trackpoint><Time>2026-07-27T12:50:12.000Z</Time><Position><LatitudeDegrees>58.624684193722466</LatitudeDegrees><LongitudeDegrees>59.79052889525251</LongitudeDegrees></Position></Trackpoint><Trackpoint><Time>2026-07-27T12:50:13.000Z</Time><Position><LatitudeDegrees>58.62468328322871</LatitudeDegrees><LongitudeDegrees>59.79050200996965</LongitudeDegrees></Position></Trackpoint><Trackpoint><Time>2026-07-27T12:50:14.000Z</Time><Position><LatitudeDegrees>58.624682431083144</LatitudeDegrees><LongitudeDegrees>59.790475584062456</LongitudeDegrees></Position></Trackpoint><Trackpoint><Time>2026-07-27T12:50:15.000Z</Time><Position><LatitudeDegrees>58.624681712338905</LatitudeDegrees><LongitudeDegrees>59.79044882218171</LongitudeDegrees></Position></Trackpoint><Trackpoint><Time>2026-07-27T12:50:16.000Z</Time><Position><LatitudeDegrees>58.62468114078351</LatitudeDegrees><LongitudeDegrees>59.7904219295084</LongitudeDegrees></Position></Trackpoint><Trackpoint><Time>2026-07-27T12:50:17.000Z</Time><Position><LatitudeDegrees>58.62468070320366</LatitudeDegrees><LongitudeDegrees>59.790396476161774</LongitudeDegrees></Position></Trackpoint><Trackpoint><Time>2026-07-27T12:50:18.000Z</Time><Position><LatitudeDegrees>58.62468037696212</LatitudeDegrees><LongitudeDegrees>59.79037194481268</LongitudeDegrees></Position></Trackpoint><Trackpoint><Time>2026-07-27T12:50:19.000Z</Time><Position><LatitudeDegrees>58.6246796488354</LatitudeDegrees><LongitudeDegrees>59.79034800407071</LongitudeDegrees></Position></Trackpoint><Trackpoint><Time>2026-07-27T12:50:20.000Z</Time><Position><LatitudeDegrees>58.62467884865291</LatitudeDegrees><LongitudeDegrees>59.790323462433484</LongitudeDegrees></Position></Trackpoint><Trackpoint><Time>2026-07-27T12:50:21.000Z</Time><Position><LatitudeDegrees>58.62467812149767</LatitudeDegrees><LongitudeDegrees>59.79029790632459</LongitudeDegrees></Position></Trackpoint><Trackpoint><Time>2026-07-27T12:50:22.000Z</Time><Position><LatitudeDegrees>58.624678496968</LatitudeDegrees><LongitudeDegrees>59.790266399519176</LongitudeDegrees></Position></Trackpoint><Trackpoint><Time>2026-07-27T12:50:24.000Z</Time><Position><LatitudeDegrees>58.62467976795588</LatitudeDegrees><LongitudeDegrees>59.79023305859494</LongitudeDegrees></Position></Trackpoint><Trackpoint><Time>2026-07-27T12:50:25.000Z</Time><Position><LatitudeDegrees>58.62468222383962</LatitudeDegrees><LongitudeDegrees>59.790199814302234</LongitudeDegrees></Position></Trackpoint><Trackpoint><Time>2026-07-27T12:50:26.000Z</Time><Position><LatitudeDegrees>58.62468534210465</LatitudeDegrees><LongitudeDegrees>59.79016891821777</LongitudeDegrees></Position></Trackpoint><Trackpoint><Time>2026-07-27T12:50:27.000Z</Time><Position><LatitudeDegrees>58.624688822546396</LatitudeDegrees><LongitudeDegrees>59.79014099622697</LongitudeDegrees></Position></Trackpoint><Trackpoint><Time>2026-07-27T12:50:28.000Z</Time><Position><LatitudeDegrees>58.624692984656406</LatitudeDegrees><LongitudeDegrees>59.79011690359111</LongitudeDegrees></Position></Trackpoint><Trackpoint><Time>2026-07-27T12:50:29.000Z</Time><Position><LatitudeDegrees>58.62469738291024</LatitudeDegrees><LongitudeDegrees>59.79009601143281</LongitudeDegrees></Position></Trackpoint><Trackpoint><Time>2026-07-27T12:50:30.000Z</Time><Position><LatitudeDegrees>58.624702293127996</LatitudeDegrees><LongitudeDegrees>59.790075691540444</LongitudeDegrees></Position></Trackpoint><Trackpoint><Time>2026-07-27T12:50:31.000Z</Time><Position><LatitudeDegrees>58.624707763191786</LatitudeDegrees><LongitudeDegrees>59.790054298468746</LongitudeDegrees></Position></Trackpoint><Trackpoint><Time>2026-07-27T12:50:32.000Z</Time><Position><LatitudeDegrees>58.624713740965674</LatitudeDegrees><LongitudeDegrees>59.79003080269881</LongitudeDegrees></Position></Trackpoint><Trackpoint><Time>2026-07-27T12:50:33.000Z</Time><Position><LatitudeDegrees>58.624720629425134</LatitudeDegrees><LongitudeDegrees>59.790006029339786</LongitudeDegrees></Position></Trackpoint><Trackpoint><Time>2026-07-27T12:50:34.000Z</Time><Position><LatitudeDegrees>58.62472798803318</LatitudeDegrees><LongitudeDegrees>59.789980482175764</LongitudeDegrees></Position></Trackpoint><Trackpoint><Time>2026-07-27T12:50:35.000Z</Time><Position><LatitudeDegrees>58.62473557501913</LatitudeDegrees><LongitudeDegrees>59.789955447219775</LongitudeDegrees></Position></Trackpoint><Trackpoint><Time>2026-07-27T12:50:36.000Z</Time><Position><LatitudeDegrees>58.62474277189117</LatitudeDegrees><LongitudeDegrees>59.789931388353736</LongitudeDegrees></Position></Trackpoint><Trackpoint><Time>2026-07-27T12:50:37.000Z</Time><Position><LatitudeDegrees>58.62474937400428</LatitudeDegrees><LongitudeDegrees>59.78990935056127</LongitudeDegrees></Position></Trackpoint><Trackpoint><Time>2026-07-27T12:50:38.000Z</Time><Position><LatitudeDegrees>58.62475537341523</LatitudeDegrees><LongitudeDegrees>59.78988901518912</LongitudeDegrees></Position></Trackpoint><Trackpoint><Time>2026-07-27T12:50:39.000Z</Time><Position><LatitudeDegrees>58.62476133381926</LatitudeDegrees><LongitudeDegrees>59.78986905328094</LongitudeDegrees></Position></Trackpoint><Trackpoint><Time>2026-07-27T12:50:40.000Z</Time><Position><LatitudeDegrees>58.62476749237133</LatitudeDegrees><LongitudeDegrees>59.789848379984036</LongitudeDegrees></Position></Trackpoint><Trackpoint><Time>2026-07-27T12:50:41.000Z</Time><Position><LatitudeDegrees>58.624774410918405</LatitudeDegrees><LongitudeDegrees>59.78982615021495</LongitudeDegrees></Position></Trackpoint><Trackpoint><Time>2026-07-27T12:50:42.000Z</Time><Position><LatitudeDegrees>58.62478124408234</LatitudeDegrees><LongitudeDegrees>59.789803194932205</LongitudeDegrees></Position></Trackpoint><Trackpoint><Time>2026-07-27T12:50:43.000Z</Time><Position><LatitudeDegrees>58.624788144277645</LatitudeDegrees><LongitudeDegrees>59.7897794598602</LongitudeDegrees></Position></Trackpoint><Trackpoint><Time>2026-07-27T12:50:44.000Z</Time><Position><LatitudeDegrees>58.62479467605969</LatitudeDegrees><LongitudeDegrees>59.789756491563054</LongitudeDegrees></Position></Trackpoint><Trackpoint><Time>2026-07-27T12:50:45.000Z</Time><Position><LatitudeDegrees>58.624800707383166</LatitudeDegrees><LongitudeDegrees>59.78973531816368</LongitudeDegrees></Position></Trackpoint><Trackpoint><Time>2026-07-27T12:50:46.000Z</Time><Position><LatitudeDegrees>58.62480624810049</LatitudeDegrees><LongitudeDegrees>59.78971564309434</LongitudeDegrees></Position></Trackpoint><Trackpoint><Time>2026-07-27T12:50:47.000Z</Time><Position><LatitudeDegrees>58.624811854848396</LatitudeDegrees><LongitudeDegrees>59.789697641520775</LongitudeDegrees></Position></Trackpoint><Trackpoint><Time>2026-07-27T12:50:48.000Z</Time><Position><LatitudeDegrees>58.62481725878291</LatitudeDegrees><LongitudeDegrees>59.78968117079144</LongitudeDegrees></Position></Trackpoint><Trackpoint><Time>2026-07-27T12:50:49.000Z</Time><Position><LatitudeDegrees>58.6248218856053</LatitudeDegrees><LongitudeDegrees>59.78966646528674</LongitudeDegrees></Position></Trackpoint><Trackpoint><Time>2026-07-27T12:50:50.000Z</Time><Position><LatitudeDegrees>58.62482559854134</LatitudeDegrees><LongitudeDegrees>59.78965339496845</LongitudeDegrees></Position></Trackpoint><Trackpoint><Time>2026-07-27T12:50:51.000Z</Time><Position><LatitudeDegrees>58.624828948169416</LatitudeDegrees><LongitudeDegrees>59.789641206798144</LongitudeDegrees></Position></Trackpoint><Trackpoint><Time>2026-07-27T12:50:52.000Z</Time><Position><LatitudeDegrees>58.62483171825546</LatitudeDegrees><LongitudeDegrees>59.789628987816535</LongitudeDegrees></Position></Trackpoint><Trackpoint><Time>2026-07-27T12:50:53.000Z</Time><Position><LatitudeDegrees>58.62483438374104</LatitudeDegrees><LongitudeDegrees>59.789615876380495</LongitudeDegrees></Position></Trackpoint><Trackpoint><Time>2026-07-27T12:50:54.000Z</Time><Position><LatitudeDegrees>58.62483666403762</LatitudeDegrees><LongitudeDegrees>59.789601142571215</LongitudeDegrees></Position></Trackpoint><Trackpoint><Time>2026-07-27T12:50:55.000Z</Time><Position><LatitudeDegrees>58.624838493027916</LatitudeDegrees><LongitudeDegrees>59.78958567323417</LongitudeDegrees></Position></Trackpoint><Trackpoint><Time>2026-07-27T12:50:56.000Z</Time><Position><LatitudeDegrees>58.62483990140709</LatitudeDegrees><LongitudeDegrees>59.7895704176164</LongitudeDegrees></Position></Trackpoint><Trackpoint><Time>2026-07-27T12:50:57.000Z</Time><Position><LatitudeDegrees>58.62484193502249</LatitudeDegrees><LongitudeDegrees>59.78955573921895</LongitudeDegrees></Position></Trackpoint><Trackpoint><Time>2026-07-27T12:50:58.000Z</Time><Position><LatitudeDegrees>58.62484396511955</LatitudeDegrees><LongitudeDegrees>59.789542692879536</LongitudeDegrees></Position></Trackpoint><Trackpoint><Time>2026-07-27T12:50:59.000Z</Time><Position><LatitudeDegrees>58.624846222818384</LatitudeDegrees><LongitudeDegrees>59.789531503543344</LongitudeDegrees></Position></Trackpoint><Trackpoint><Time>2026-07-27T12:51:00.000Z</Time><Position><LatitudeDegrees>58.62484926370023</LatitudeDegrees><LongitudeDegrees>59.78952251511737</LongitudeDegrees></Position></Trackpoint><Trackpoint><Time>2026-07-27T12:51:01.000Z</Time><Position><LatitudeDegrees>58.624853216051605</LatitudeDegrees><LongitudeDegrees>59.78951656597172</LongitudeDegrees></Position></Trackpoint><Trackpoint><Time>2026-07-27T12:51:02.000Z</Time><Position><LatitudeDegrees>58.624858015719454</LatitudeDegrees><LongitudeDegrees>59.78951459050937</LongitudeDegrees></Position></Trackpoint><Trackpoint><Time>2026-07-27T12:51:03.000Z</Time><Position><LatitudeDegrees>58.624863037921</LatitudeDegrees><LongitudeDegrees>59.78951597392177</LongitudeDegrees></Position></Trackpoint><Trackpoint><Time>2026-07-27T12:51:04.000Z</Time><Position><LatitudeDegrees>58.62486897600924</LatitudeDegrees><LongitudeDegrees>59.78952101112502</LongitudeDegrees></Position></Trackpoint><Trackpoint><Time>2026-07-27T12:51:05.000Z</Time><Position><LatitudeDegrees>58.624875508366756</LatitudeDegrees><LongitudeDegrees>59.78952886500624</LongitudeDegrees></Position></Trackpoint><Trackpoint><Time>2026-07-27T12:51:06.000Z</Time><Position><LatitudeDegrees>58.62488144704598</LatitudeDegrees><LongitudeDegrees>59.78953980851933</LongitudeDegrees></Position></Trackpoint><Trackpoint><Time>2026-07-27T12:51:07.000Z</Time><Position><LatitudeDegrees>58.62488588939758</LatitudeDegrees><LongitudeDegrees>59.789552578304985</LongitudeDegrees></Position></Trackpoint><Trackpoint><Time>2026-07-27T12:51:08.000Z</Time><Position><LatitudeDegrees>58.62488865573185</LatitudeDegrees><LongitudeDegrees>59.78956593005979</LongitudeDegrees></Position></Trackpoint><Trackpoint><Time>2026-07-27T12:51:09.000Z</Time><Position><LatitudeDegrees>58.624889397550234</LatitudeDegrees><LongitudeDegrees>59.78957731820076</LongitudeDegrees></Position></Trackpoint><Trackpoint><Time>2026-07-27T12:51:11.000Z</Time><Position><LatitudeDegrees>58.624889700004815</LatitudeDegrees><LongitudeDegrees>59.7895859463988</LongitudeDegrees></Position></Trackpoint><Trackpoint><Time>2026-07-27T12:51:12.000Z</Time><Position><LatitudeDegrees>58.62489027230577</LatitudeDegrees><LongitudeDegrees>59.78959428898663</LongitudeDegrees></Position></Trackpoint><Trackpoint><Time>2026-07-27T12:51:13.000Z</Time><Position><LatitudeDegrees>58.6248908822845</LatitudeDegrees><LongitudeDegrees>59.78960340163461</LongitudeDegrees></Position></Trackpoint><Trackpoint><Time>2026-07-27T12:51:14.000Z</Time><Position><LatitudeDegrees>58.62489093987972</LatitudeDegrees><LongitudeDegrees>59.789614109877554</LongitudeDegrees></Position></Trackpoint><Trackpoint><Time>2026-07-27T12:51:15.000Z</Time><Position><LatitudeDegrees>58.62489223142459</LatitudeDegrees><LongitudeDegrees>59.78962214241047</LongitudeDegrees></Position></Trackpoint><Trackpoint><Time>2026-07-27T12:51:16.000Z</Time><Position><LatitudeDegrees>58.624895334215104</LatitudeDegrees><LongitudeDegrees>59.78962804203333</LongitudeDegrees></Position></Trackpoint><Trackpoint><Time>2026-07-27T12:51:17.000Z</Time><Position><LatitudeDegrees>58.624901232751604</LatitudeDegrees><LongitudeDegrees>59.789632306045036</LongitudeDegrees></Position></Trackpoint><Trackpoint><Time>2026-07-27T12:51:18.000Z</Time><Position><LatitudeDegrees>58.624908504822535</LatitudeDegrees><LongitudeDegrees>59.78963632839932</LongitudeDegrees></Position></Trackpoint><Trackpoint><Time>2026-07-27T12:51:19.000Z</Time><Position><LatitudeDegrees>58.6249163884227</LatitudeDegrees><LongitudeDegrees>59.789639734967935</LongitudeDegrees></Position></Trackpoint><Trackpoint><Time>2026-07-27T12:51:20.000Z</Time><Position><LatitudeDegrees>58.62492498085469</LatitudeDegrees><LongitudeDegrees>59.78964196109693</LongitudeDegrees></Position></Trackpoint><Trackpoint><Time>2026-07-27T12:51:21.000Z</Time><Position><LatitudeDegrees>58.6249342312135</LatitudeDegrees><LongitudeDegrees>59.78964341536125</LongitudeDegrees></Position></Trackpoint><Trackpoint><Time>2026-07-27T12:51:22.000Z</Time><Position><LatitudeDegrees>58.624943544480196</LatitudeDegrees><LongitudeDegrees>59.789644365093324</LongitudeDegrees></Position></Trackpoint><Trackpoint><Time>2026-07-27T12:51:23.000Z</Time><Position><LatitudeDegrees>58.624952177921394</LatitudeDegrees><LongitudeDegrees>59.78964596436676</LongitudeDegrees></Position></Trackpoint><Trackpoint><Time>2026-07-27T12:51:24.000Z</Time><Position><LatitudeDegrees>58.62496040251992</LatitudeDegrees><LongitudeDegrees>59.789648605099906</LongitudeDegrees></Position></Trackpoint><Trackpoint><Time>2026-07-27T12:51:25.000Z</Time><Position><LatitudeDegrees>58.624968382349856</LatitudeDegrees><LongitudeDegrees>59.78965133580679</LongitudeDegrees></Position></Trackpoint><Trackpoint><Time>2026-07-27T12:51:26.000Z</Time><Position><LatitudeDegrees>58.62497572678746</LatitudeDegrees><LongitudeDegrees>59.78965424269638</LongitudeDegrees></Position></Trackpoint><Trackpoint><Time>2026-07-27T12:51:28.000Z</Time><Position><LatitudeDegrees>58.62498186690186</LatitudeDegrees><LongitudeDegrees>59.78965733865962</LongitudeDegrees></Position></Trackpoint><Trackpoint><Time>2026-07-27T12:51:30.000Z</Time><Position><LatitudeDegrees>58.624989729865696</LatitudeDegrees><LongitudeDegrees>59.78966152963033</LongitudeDegrees></Position></Trackpoint><Trackpoint><Time>2026-07-27T12:51:31.000Z</Time><Position><LatitudeDegrees>58.62499274818018</LatitudeDegrees><LongitudeDegrees>59.789662804651236</LongitudeDegrees></Position></Trackpoint><Trackpoint><Time>2026-07-27T12:51:32.000Z</Time><Position><LatitudeDegrees>58.624996390814694</LatitudeDegrees><LongitudeDegrees>59.789664619253216</LongitudeDegrees></Position></Trackpoint><Trackpoint><Time>2026-07-27T12:51:38.000Z</Time><Position><LatitudeDegrees>58.62500569836581</LatitudeDegrees><LongitudeDegrees>59.789667402392496</LongitudeDegrees></Position></Trackpoint><Trackpoint><Time>2026-07-27T12:51:39.000Z</Time><Position><LatitudeDegrees>58.62501712352964</LatitudeDegrees><LongitudeDegrees>59.78967120641726</LongitudeDegrees></Position></Trackpoint><Trackpoint><Time>2026-07-27T12:51:40.000Z</Time><Position><LatitudeDegrees>58.62502991283699</LatitudeDegrees><LongitudeDegrees>59.789676411467745</LongitudeDegrees></Position></Trackpoint><Trackpoint><Time>2026-07-27T12:51:41.000Z</Time><Position><LatitudeDegrees>58.62504358089838</LatitudeDegrees><LongitudeDegrees>59.78968299427885</LongitudeDegrees></Position></Trackpoint><Trackpoint><Time>2026-07-27T12:51:42.000Z</Time><Position><LatitudeDegrees>58.62505732541685</LatitudeDegrees><LongitudeDegrees>59.78969125804635</LongitudeDegrees></Position></Trackpoint><Trackpoint><Time>2026-07-27T12:51:43.000Z</Time><Position><LatitudeDegrees>58.62507080616661</LatitudeDegrees><LongitudeDegrees>59.78970062227757</LongitudeDegrees></Position></Trackpoint><Trackpoint><Time>2026-07-27T12:51:44.000Z</Time><Position><LatitudeDegrees>58.625083427275044</LatitudeDegrees><LongitudeDegrees>59.78971021705278</LongitudeDegrees></Position></Trackpoint><Trackpoint><Time>2026-07-27T12:51:45.000Z</Time><Position><LatitudeDegrees>58.62509505367559</LatitudeDegrees><LongitudeDegrees>59.789719164909435</LongitudeDegrees></Position></Trackpoint><Trackpoint><Time>2026-07-27T12:51:46.000Z</Time><Position><LatitudeDegrees>58.62510526780196</LatitudeDegrees><LongitudeDegrees>59.78972718751022</LongitudeDegrees></Position></Trackpoint><Trackpoint><Time>2026-07-27T12:51:47.000Z</Time><Position><LatitudeDegrees>58.625115058170934</LatitudeDegrees><LongitudeDegrees>59.7897357578136</LongitudeDegrees></Position></Trackpoint><Trackpoint><Time>2026-07-27T12:51:48.000Z</Time><Position><LatitudeDegrees>58.62512439666468</LatitudeDegrees><LongitudeDegrees>59.789745901746805</LongitudeDegrees></Position></Trackpoint><Trackpoint><Time>2026-07-27T12:51:49.000Z</Time><Position><LatitudeDegrees>58.62513284009023</LatitudeDegrees><LongitudeDegrees>59.78975930867972</LongitudeDegrees></Position></Trackpoint><Trackpoint><Time>2026-07-27T12:51:50.000Z</Time><Position><LatitudeDegrees>58.62513983119596</LatitudeDegrees><LongitudeDegrees>59.789776255550144</LongitudeDegrees></Position></Trackpoint><Trackpoint><Time>2026-07-27T12:51:51.000Z</Time><Position><LatitudeDegrees>58.62514532689012</LatitudeDegrees><LongitudeDegrees>59.789795912454046</LongitudeDegrees></Position></Trackpoint><Trackpoint><Time>2026-07-27T12:51:52.000Z</Time><Position><LatitudeDegrees>58.6251495013599</LatitudeDegrees><LongitudeDegrees>59.78981758978058</LongitudeDegrees></Position></Trackpoint><Trackpoint><Time>2026-07-27T12:51:53.000Z</Time><Position><LatitudeDegrees>58.62515259591855</LatitudeDegrees><LongitudeDegrees>59.78984074420683</LongitudeDegrees></Position></Trackpoint><Trackpoint><Time>2026-07-27T12:51:54.000Z</Time><Position><LatitudeDegrees>58.625154358941245</LatitudeDegrees><LongitudeDegrees>59.789863983169525</LongitudeDegrees></Position></Trackpoint><Trackpoint><Time>2026-07-27T12:51:55.000Z</Time><Position><LatitudeDegrees>58.62515534731173</LatitudeDegrees><LongitudeDegrees>59.78988672231457</LongitudeDegrees></Position></Trackpoint><Trackpoint><Time>2026-07-27T12:51:56.000Z</Time><Position><LatitudeDegrees>58.625156379409376</LatitudeDegrees><LongitudeDegrees>59.78990878513629</LongitudeDegrees></Position></Trackpoint><Trackpoint><Time>2026-07-27T12:51:57.000Z</Time><Position><LatitudeDegrees>58.62515876587901</LatitudeDegrees><LongitudeDegrees>59.7899292065276</LongitudeDegrees></Position></Trackpoint><Trackpoint><Time>2026-07-27T12:51:58.000Z</Time><Position><LatitudeDegrees>58.62516385187752</LatitudeDegrees><LongitudeDegrees>59.789947799700336</LongitudeDegrees></Position></Trackpoint><Trackpoint><Time>2026-07-27T12:51:59.000Z</Time><Position><LatitudeDegrees>58.625171355294306</LatitudeDegrees><LongitudeDegrees>59.78996325354612</LongitudeDegrees></Position></Trackpoint><Trackpoint><Time>2026-07-27T12:52:00.000Z</Time><Position><LatitudeDegrees>58.625179870453614</LatitudeDegrees><LongitudeDegrees>59.78997592064528</LongitudeDegrees></Position></Trackpoint><Trackpoint><Time>2026-07-27T12:52:01.000Z</Time><Position><LatitudeDegrees>58.62518868859566</LatitudeDegrees><LongitudeDegrees>59.7899867934875</LongitudeDegrees></Position></Trackpoint><Trackpoint><Time>2026-07-27T12:52:02.000Z</Time><Position><LatitudeDegrees>58.625196989331535</LatitudeDegrees><LongitudeDegrees>59.78999553188203</LongitudeDegrees></Position></Trackpoint><Trackpoint><Time>2026-07-27T12:52:03.000Z</Time><Position><LatitudeDegrees>58.62520645964851</LatitudeDegrees><LongitudeDegrees>59.790002269680116</LongitudeDegrees></Position></Trackpoint><Trackpoint><Time>2026-07-27T12:52:04.000Z</Time><Position><LatitudeDegrees>58.62521764419023</LatitudeDegrees><LongitudeDegrees>59.79000633955845</LongitudeDegrees></Position></Trackpoint><Trackpoint><Time>2026-07-27T12:52:05.000Z</Time><Position><LatitudeDegrees>58.62523005763034</LatitudeDegrees><LongitudeDegrees>59.79000927794637</LongitudeDegrees></Position></Trackpoint><Trackpoint><Time>2026-07-27T12:52:06.000Z</Time><Position><LatitudeDegrees>58.62524334236802</LatitudeDegrees><LongitudeDegrees>59.79001137321115</LongitudeDegrees></Position></Trackpoint><Trackpoint><Time>2026-07-27T12:52:07.000Z</Time><Position><LatitudeDegrees>58.62525674969098</LatitudeDegrees><LongitudeDegrees>59.7900113834938</LongitudeDegrees></Position></Trackpoint><Trackpoint><Time>2026-07-27T12:52:08.000Z</Time><Position><LatitudeDegrees>58.625269955520906</LatitudeDegrees><LongitudeDegrees>59.7900105337915</LongitudeDegrees></Position></Trackpoint><Trackpoint><Time>2026-07-27T12:52:09.000Z</Time><Position><LatitudeDegrees>58.62528236264224</LatitudeDegrees><LongitudeDegrees>59.79000992858736</LongitudeDegrees></Position></Trackpoint><Trackpoint><Time>2026-07-27T12:52:10.000Z</Time><Position><LatitudeDegrees>58.62529431722535</LatitudeDegrees><LongitudeDegrees>59.79000950175274</LongitudeDegrees></Position></Trackpoint><Trackpoint><Time>2026-07-27T12:52:11.000Z</Time><Position><LatitudeDegrees>58.625306019917346</LatitudeDegrees><LongitudeDegrees>59.79000969277084</LongitudeDegrees></Position></Trackpoint><Trackpoint><Time>2026-07-27T12:52:12.000Z</Time><Position><LatitudeDegrees>58.62531758568124</LatitudeDegrees><LongitudeDegrees>59.79001158255626</LongitudeDegrees></Position></Trackpoint><Trackpoint><Time>2026-07-27T12:52:13.000Z</Time><Position><LatitudeDegrees>58.62533005865838</LatitudeDegrees><LongitudeDegrees>59.790014908620854</LongitudeDegrees></Position></Trackpoint><Trackpoint><Time>2026-07-27T12:52:14.000Z</Time><Position><LatitudeDegrees>58.62534277320031</LatitudeDegrees><LongitudeDegrees>59.790017420076516</LongitudeDegrees></Position></Trackpoint><Trackpoint><Time>2026-07-27T12:52:15.000Z</Time><Position><LatitudeDegrees>58.62535493455571</LatitudeDegrees><LongitudeDegrees>59.79001976331814</LongitudeDegrees></Position></Trackpoint><Trackpoint><Time>2026-07-27T12:52:16.000Z</Time><Position><LatitudeDegrees>58.62536628642013</LatitudeDegrees><LongitudeDegrees>59.79002075731086</LongitudeDegrees></Position></Trackpoint><Trackpoint><Time>2026-07-27T12:52:17.000Z</Time><Position><LatitudeDegrees>58.625377316746416</LatitudeDegrees><LongitudeDegrees>59.79002106806043</LongitudeDegrees></Position></Trackpoint><Trackpoint><Time>2026-07-27T12:52:18.000Z</Time><Position><LatitudeDegrees>58.62538875736937</LatitudeDegrees><LongitudeDegrees>59.79002105754345</LongitudeDegrees></Position></Trackpoint><Trackpoint><Time>2026-07-27T12:52:19.000Z</Time><Position><LatitudeDegrees>58.625400857022015</LatitudeDegrees><LongitudeDegrees>59.790021405678644</LongitudeDegrees></Position></Trackpoint><Trackpoint><Time>2026-07-27T12:52:20.000Z</Time><Position><LatitudeDegrees>58.62541363355544</LatitudeDegrees><LongitudeDegrees>59.79002185683614</LongitudeDegrees></Position></Trackpoint><Trackpoint><Time>2026-07-27T12:52:21.000Z</Time><Position><LatitudeDegrees>58.62542651783408</LatitudeDegrees><LongitudeDegrees>59.79002229251628</LongitudeDegrees></Position></Trackpoint><Trackpoint><Time>2026-07-27T12:52:22.000Z</Time><Position><LatitudeDegrees>58.6254397512506</LatitudeDegrees><LongitudeDegrees>59.790022176292815</LongitudeDegrees></Position></Trackpoint><Trackpoint><Time>2026-07-27T12:52:23.000Z</Time><Position><LatitudeDegrees>58.62545240918602</LatitudeDegrees><LongitudeDegrees>59.79002282691539</LongitudeDegrees></Position></Trackpoint><Trackpoint><Time>2026-07-27T12:52:24.000Z</Time><Position><LatitudeDegrees>58.62546516393474</LatitudeDegrees><LongitudeDegrees>59.790023709844306</LongitudeDegrees></Position></Trackpoint><Trackpoint><Time>2026-07-27T12:52:25.000Z</Time><Position><LatitudeDegrees>58.62547779033359</LatitudeDegrees><LongitudeDegrees>59.79002457512214</LongitudeDegrees></Position></Trackpoint><Trackpoint><Time>2026-07-27T12:52:26.000Z</Time><Position><LatitudeDegrees>58.62549070173697</LatitudeDegrees><LongitudeDegrees>59.79002581168418</LongitudeDegrees></Position></Trackpoint><Trackpoint><Time>2026-07-27T12:52:27.000Z</Time><Position><LatitudeDegrees>58.62550403179813</LatitudeDegrees><LongitudeDegrees>59.7900275320532</LongitudeDegrees></Position></Trackpoint><Trackpoint><Time>2026-07-27T12:52:28.000Z</Time><Position><LatitudeDegrees>58.62551729221521</LatitudeDegrees><LongitudeDegrees>59.79002825164206</LongitudeDegrees></Position></Trackpoint><Trackpoint><Time>2026-07-27T12:52:29.000Z</Time><Position><LatitudeDegrees>58.625529801217304</LatitudeDegrees><LongitudeDegrees>59.79002748749691</LongitudeDegrees></Position></Trackpoint><Trackpoint><Time>2026-07-27T12:52:30.000Z</Time><Position><LatitudeDegrees>58.62554137447142</LatitudeDegrees><LongitudeDegrees>59.79002718959872</LongitudeDegrees></Position></Trackpoint><Trackpoint><Time>2026-07-27T12:52:31.000Z</Time><Position><LatitudeDegrees>58.62555303538613</LatitudeDegrees><LongitudeDegrees>59.79002663234074</LongitudeDegrees></Position></Trackpoint><Trackpoint><Time>2026-07-27T12:52:32.000Z</Time><Position><LatitudeDegrees>58.6255642149629</LatitudeDegrees><LongitudeDegrees>59.79002652940359</LongitudeDegrees></Position></Trackpoint><Trackpoint><Time>2026-07-27T12:52:33.000Z</Time><Position><LatitudeDegrees>58.62557474064813</LatitudeDegrees><LongitudeDegrees>59.790027116393354</LongitudeDegrees></Position></Trackpoint><Trackpoint><Time>2026-07-27T12:52:34.000Z</Time><Position><LatitudeDegrees>58.6255846253045</LatitudeDegrees><LongitudeDegrees>59.79002840178939</LongitudeDegrees></Position></Trackpoint><Trackpoint><Time>2026-07-27T12:52:35.000Z</Time><Position><LatitudeDegrees>58.62559346689374</LatitudeDegrees><LongitudeDegrees>59.79002932022318</LongitudeDegrees></Position></Trackpoint><Trackpoint><Time>2026-07-27T12:52:36.000Z</Time><Position><LatitudeDegrees>58.62560221294042</LatitudeDegrees><LongitudeDegrees>59.79002996965008</LongitudeDegrees></Position></Trackpoint><Trackpoint><Time>2026-07-27T12:52:37.000Z</Time><Position><LatitudeDegrees>58.62561126592949</LatitudeDegrees><LongitudeDegrees>59.79003042493802</LongitudeDegrees></Position></Trackpoint><Trackpoint><Time>2026-07-27T12:52:38.000Z</Time><Position><LatitudeDegrees>58.62562075222209</LatitudeDegrees><LongitudeDegrees>59.790031721058774</LongitudeDegrees></Position></Trackpoint><Trackpoint><Time>2026-07-27T12:52:39.000Z</Time><Position><LatitudeDegrees>58.62563017863348</LatitudeDegrees><LongitudeDegrees>59.79003270749677</LongitudeDegrees></Position></Trackpoint><Trackpoint><Time>2026-07-27T12:52:40.000Z</Time><Position><LatitudeDegrees>58.62563983935001</LatitudeDegrees><LongitudeDegrees>59.79003148134678</LongitudeDegrees></Position></Trackpoint><Trackpoint><Time>2026-07-27T12:52:41.000Z</Time><Position><LatitudeDegrees>58.62564982545473</LatitudeDegrees><LongitudeDegrees>59.7900275429113</LongitudeDegrees></Position></Trackpoint><Trackpoint><Time>2026-07-27T12:52:42.000Z</Time><Position><LatitudeDegrees>58.62565915347435</LatitudeDegrees><LongitudeDegrees>59.79002152412657</LongitudeDegrees></Position></Trackpoint><Trackpoint><Time>2026-07-27T12:52:43.000Z</Time><Position><LatitudeDegrees>58.62566750284601</LatitudeDegrees><LongitudeDegrees>59.790014931475945</LongitudeDegrees></Position></Trackpoint><Trackpoint><Time>2026-07-27T12:52:44.000Z</Time><Position><LatitudeDegrees>58.6256748671592</LatitudeDegrees><LongitudeDegrees>59.79000747981307</LongitudeDegrees></Position></Trackpoint><Trackpoint><Time>2026-07-27T12:52:45.000Z</Time><Position><LatitudeDegrees>58.62568137020464</LatitudeDegrees><LongitudeDegrees>59.789997693126246</LongitudeDegrees></Position></Trackpoint><Trackpoint><Time>2026-07-27T12:52:46.000Z</Time><Position><LatitudeDegrees>58.62568668389526</LatitudeDegrees><LongitudeDegrees>59.78998624246265</LongitudeDegrees></Position></Trackpoint><Trackpoint><Time>2026-07-27T12:52:47.000Z</Time><Position><LatitudeDegrees>58.62569082576576</LatitudeDegrees><LongitudeDegrees>59.78997263852956</LongitudeDegrees></Position></Trackpoint><Trackpoint><Time>2026-07-27T12:52:48.000Z</Time><Position><LatitudeDegrees>58.62569444304947</LatitudeDegrees><LongitudeDegrees>59.78995793541002</LongitudeDegrees></Position></Trackpoint><Trackpoint><Time>2026-07-27T12:52:49.000Z</Time><Position><LatitudeDegrees>58.625697869628574</LatitudeDegrees><LongitudeDegrees>59.78994270828951</LongitudeDegrees></Position></Trackpoint><Trackpoint><Time>2026-07-27T12:52:50.000Z</Time><Position><LatitudeDegrees>58.62570126748354</LatitudeDegrees><LongitudeDegrees>59.78992873013517</LongitudeDegrees></Position></Trackpoint><Trackpoint><Time>2026-07-27T12:52:51.000Z</Time><Position><LatitudeDegrees>58.625705686231264</LatitudeDegrees><LongitudeDegrees>59.78991657081108</LongitudeDegrees></Position></Trackpoint><Trackpoint><Time>2026-07-27T12:52:52.000Z</Time><Position><LatitudeDegrees>58.625711427108946</LatitudeDegrees><LongitudeDegrees>59.78990672117278</LongitudeDegrees></Position></Trackpoint><Trackpoint><Time>2026-07-27T12:52:53.000Z</Time><Position><LatitudeDegrees>58.62571893409335</LatitudeDegrees><LongitudeDegrees>59.78989908692627</LongitudeDegrees></Position></Trackpoint><Trackpoint><Time>2026-07-27T12:52:54.000Z</Time><Position><LatitudeDegrees>58.625728163351795</LatitudeDegrees><LongitudeDegrees>59.78989334489596</LongitudeDegrees></Position></Trackpoint><Trackpoint><Time>2026-07-27T12:52:55.000Z</Time><Position><LatitudeDegrees>58.62573936539186</LatitudeDegrees><LongitudeDegrees>59.789889119124275</LongitudeDegrees></Position></Trackpoint><Trackpoint><Time>2026-07-27T12:52:56.000Z</Time><Position><LatitudeDegrees>58.62575190056678</LatitudeDegrees><LongitudeDegrees>59.78988410172738</LongitudeDegrees></Position></Trackpoint><Trackpoint><Time>2026-07-27T12:52:57.000Z</Time><Position><LatitudeDegrees>58.625764844732224</LatitudeDegrees><LongitudeDegrees>59.78987989189874</LongitudeDegrees></Position></Trackpoint><Trackpoint><Time>2026-07-27T12:52:58.000Z</Time><Position><LatitudeDegrees>58.62577678558018</LatitudeDegrees><LongitudeDegrees>59.789876554978775</LongitudeDegrees></Position></Trackpoint><Trackpoint><Time>2026-07-27T12:52:59.000Z</Time><Position><LatitudeDegrees>58.62578824947064</LatitudeDegrees><LongitudeDegrees>59.78987449545095</LongitudeDegrees></Position></Trackpoint><Trackpoint><Time>2026-07-27T12:53:00.000Z</Time><Position><LatitudeDegrees>58.625799024782346</LatitudeDegrees><LongitudeDegrees>59.789873226333086</LongitudeDegrees></Position></Trackpoint><Trackpoint><Time>2026-07-27T12:53:01.000Z</Time><Position><LatitudeDegrees>58.625809602351275</LatitudeDegrees><LongitudeDegrees>59.789872935232374</LongitudeDegrees></Position></Trackpoint><Trackpoint><Time>2026-07-27T12:53:02.000Z</Time><Position><LatitudeDegrees>58.62582020970003</LatitudeDegrees><LongitudeDegrees>59.78987308427408</LongitudeDegrees></Position></Trackpoint><Trackpoint><Time>2026-07-27T12:53:03.000Z</Time><Position><LatitudeDegrees>58.625831426318435</LatitudeDegrees><LongitudeDegrees>59.78987437467307</LongitudeDegrees></Position></Trackpoint><Trackpoint><Time>2026-07-27T12:53:04.000Z</Time><Position><LatitudeDegrees>58.625843412660885</LatitudeDegrees><LongitudeDegrees>59.78987645911091</LongitudeDegrees></Position></Trackpoint><Trackpoint><Time>2026-07-27T12:53:05.000Z</Time><Position><LatitudeDegrees>58.625856625625545</LatitudeDegrees><LongitudeDegrees>59.78987860302599</LongitudeDegrees></Position></Trackpoint><Trackpoint><Time>2026-07-27T12:53:06.000Z</Time><Position><LatitudeDegrees>58.625870606332604</LatitudeDegrees><LongitudeDegrees>59.78987853782505</LongitudeDegrees></Position></Trackpoint><Trackpoint><Time>2026-07-27T12:53:07.000Z</Time><Position><LatitudeDegrees>58.6258855568721</LatitudeDegrees><LongitudeDegrees>59.78987561276242</LongitudeDegrees></Position></Trackpoint><Trackpoint><Time>2026-07-27T12:53:08.000Z</Time><Position><LatitudeDegrees>58.62590045677367</LatitudeDegrees><LongitudeDegrees>59.78987237495137</LongitudeDegrees></Position></Trackpoint><Trackpoint><Time>2026-07-27T12:53:09.000Z</Time><Position><LatitudeDegrees>58.62591538188353</LatitudeDegrees><LongitudeDegrees>59.789868444687</LongitudeDegrees></Position></Trackpoint><Trackpoint><Time>2026-07-27T12:53:10.000Z</Time><Position><LatitudeDegrees>58.6259298705916</LatitudeDegrees><LongitudeDegrees>59.78986424408012</LongitudeDegrees></Position></Trackpoint><Trackpoint><Time>2026-07-27T12:53:11.000Z</Time><Position><LatitudeDegrees>58.62594378880297</LatitudeDegrees><LongitudeDegrees>59.789859981668094</LongitudeDegrees></Position></Trackpoint><Trackpoint><Time>2026-07-27T12:53:12.000Z</Time><Position><LatitudeDegrees>58.62595715451528</LatitudeDegrees><LongitudeDegrees>59.78985575126616</LongitudeDegrees></Position></Trackpoint><Trackpoint><Time>2026-07-27T12:53:13.000Z</Time><Position><LatitudeDegrees>58.62597053566358</LatitudeDegrees><LongitudeDegrees>59.78985158740212</LongitudeDegrees></Position></Trackpoint><Trackpoint><Time>2026-07-27T12:53:14.000Z</Time><Position><LatitudeDegrees>58.625983674550675</LatitudeDegrees><LongitudeDegrees>59.7898494541981</LongitudeDegrees></Position></Trackpoint><Trackpoint><Time>2026-07-27T12:53:15.000Z</Time><Position><LatitudeDegrees>58.62599698575273</LatitudeDegrees><LongitudeDegrees>59.7898484310811</LongitudeDegrees></Position></Trackpoint><Trackpoint><Time>2026-07-27T12:53:16.000Z</Time><Position><LatitudeDegrees>58.626009638668435</LatitudeDegrees><LongitudeDegrees>59.78984799645047</LongitudeDegrees></Position></Trackpoint><Trackpoint><Time>2026-07-27T12:53:17.000Z</Time><Position><LatitudeDegrees>58.62602137571853</LatitudeDegrees><LongitudeDegrees>59.78984834957296</LongitudeDegrees></Position></Trackpoint><Trackpoint><Time>2026-07-27T12:53:18.000Z</Time><Position><LatitudeDegrees>58.62603220837325</LatitudeDegrees><LongitudeDegrees>59.78984947140633</LongitudeDegrees></Position></Trackpoint><Trackpoint><Time>2026-07-27T12:53:19.000Z</Time><Position><LatitudeDegrees>58.62604274704483</LatitudeDegrees><LongitudeDegrees>59.789850765834856</LongitudeDegrees></Position></Trackpoint><Trackpoint><Time>2026-07-27T12:53:20.000Z</Time><Position><LatitudeDegrees>58.626053280853654</LatitudeDegrees><LongitudeDegrees>59.78985147559527</LongitudeDegrees></Position></Trackpoint><Trackpoint><Time>2026-07-27T12:53:21.000Z</Time><Position><LatitudeDegrees>58.62606490871452</LatitudeDegrees><LongitudeDegrees>59.7898523430838</LongitudeDegrees></Position></Trackpoint><Trackpoint><Time>2026-07-27T12:53:22.000Z</Time><Position><LatitudeDegrees>58.62607794277725</LatitudeDegrees><LongitudeDegrees>59.78985316418919</LongitudeDegrees></Position></Trackpoint><Trackpoint><Time>2026-07-27T12:53:23.000Z</Time><Position><LatitudeDegrees>58.62609233111168</LatitudeDegrees><LongitudeDegrees>59.78985386080482</LongitudeDegrees></Position></Trackpoint><Trackpoint><Time>2026-07-27T12:53:24.000Z</Time><Position><LatitudeDegrees>58.62610787851251</LatitudeDegrees><LongitudeDegrees>59.78985392713123</LongitudeDegrees></Position></Trackpoint><Trackpoint><Time>2026-07-27T12:53:25.000Z</Time><Position><LatitudeDegrees>58.62612288699141</LatitudeDegrees><LongitudeDegrees>59.78985323576002</LongitudeDegrees></Position></Trackpoint><Trackpoint><Time>2026-07-27T12:53:26.000Z</Time><Position><LatitudeDegrees>58.626137216040604</LatitudeDegrees><LongitudeDegrees>59.78985134185886</LongitudeDegrees></Position></Trackpoint><Trackpoint><Time>2026-07-27T12:53:27.000Z</Time><Position><LatitudeDegrees>58.62615040538745</LatitudeDegrees><LongitudeDegrees>59.78984919579513</LongitudeDegrees></Position></Trackpoint><Trackpoint><Time>2026-07-27T12:53:28.000Z</Time><Position><LatitudeDegrees>58.6261624117554</LatitudeDegrees><LongitudeDegrees>59.78984673171584</LongitudeDegrees></Position></Trackpoint><Trackpoint><Time>2026-07-27T12:53:29.000Z</Time><Position><LatitudeDegrees>58.62617434837652</LatitudeDegrees><LongitudeDegrees>59.789844452927994</LongitudeDegrees></Position></Trackpoint><Trackpoint><Time>2026-07-27T12:53:30.000Z</Time><Position><LatitudeDegrees>58.62618766189004</LatitudeDegrees><LongitudeDegrees>59.789842542928305</LongitudeDegrees></Position></Trackpoint><Trackpoint><Time>2026-07-27T12:53:31.000Z</Time><Position><LatitudeDegrees>58.626201792126935</LatitudeDegrees><LongitudeDegrees>59.78984298839593</LongitudeDegrees></Position></Trackpoint><Trackpoint><Time>2026-07-27T12:53:32.000Z</Time><Position><LatitudeDegrees>58.626215913955086</LatitudeDegrees><LongitudeDegrees>59.789843857137825</LongitudeDegrees></Position></Trackpoint><Trackpoint><Time>2026-07-27T12:53:33.000Z</Time><Position><LatitudeDegrees>58.626230178247454</LatitudeDegrees><LongitudeDegrees>59.78984380947524</LongitudeDegrees></Position></Trackpoint><Trackpoint><Time>2026-07-27T12:53:34.000Z</Time><Position><LatitudeDegrees>58.626243649632244</LatitudeDegrees><LongitudeDegrees>59.78984339052414</LongitudeDegrees></Position></Trackpoint><Trackpoint><Time>2026-07-27T12:53:35.000Z</Time><Position><LatitudeDegrees>58.62625653427126</LatitudeDegrees><LongitudeDegrees>59.7898428724358</LongitudeDegrees></Position></Trackpoint><Trackpoint><Time>2026-07-27T12:53:36.000Z</Time><Position><LatitudeDegrees>58.62626850276614</LatitudeDegrees><LongitudeDegrees>59.7898428696259</LongitudeDegrees></Position></Trackpoint><Trackpoint><Time>2026-07-27T12:53:37.000Z</Time><Position><LatitudeDegrees>58.62627953704534</LatitudeDegrees><LongitudeDegrees>59.78984356899612</LongitudeDegrees></Position></Trackpoint><Trackpoint><Time>2026-07-27T12:53:38.000Z</Time><Position><LatitudeDegrees>58.626290239182204</LatitudeDegrees><LongitudeDegrees>59.78984397817379</LongitudeDegrees></Position></Trackpoint><Trackpoint><Time>2026-07-27T12:53:39.000Z</Time><Position><LatitudeDegrees>58.626301389371186</LatitudeDegrees><LongitudeDegrees>59.78984323610193</LongitudeDegrees></Position></Trackpoint><Trackpoint><Time>2026-07-27T12:53:40.000Z</Time><Position><LatitudeDegrees>58.62631374102619</LatitudeDegrees><LongitudeDegrees>59.78984211515092</LongitudeDegrees></Position></Trackpoint><Trackpoint><Time>2026-07-27T12:53:41.000Z</Time><Position><LatitudeDegrees>58.62632696061122</LatitudeDegrees><LongitudeDegrees>59.78984049242658</LongitudeDegrees></Position></Trackpoint><Trackpoint><Time>2026-07-27T12:53:42.000Z</Time><Position><LatitudeDegrees>58.62634079936753</LatitudeDegrees><LongitudeDegrees>59.78983789210823</LongitudeDegrees></Position></Trackpoint><Trackpoint><Time>2026-07-27T12:53:43.000Z</Time><Position><LatitudeDegrees>58.62635458576766</LatitudeDegrees><LongitudeDegrees>59.78983571254161</LongitudeDegrees></Position></Trackpoint><Trackpoint><Time>2026-07-27T12:53:44.000Z</Time><Position><LatitudeDegrees>58.62636756036341</LatitudeDegrees><LongitudeDegrees>59.789834475609275</LongitudeDegrees></Position></Trackpoint><Trackpoint><Time>2026-07-27T12:53:45.000Z</Time><Position><LatitudeDegrees>58.626380004193194</LatitudeDegrees><LongitudeDegrees>59.78983427525419</LongitudeDegrees></Position></Trackpoint><Trackpoint><Time>2026-07-27T12:53:46.000Z</Time><Position><LatitudeDegrees>58.62639210112099</LatitudeDegrees><LongitudeDegrees>59.78983354829021</LongitudeDegrees></Position></Trackpoint><Trackpoint><Time>2026-07-27T12:53:47.000Z</Time><Position><LatitudeDegrees>58.62640446100309</LatitudeDegrees><LongitudeDegrees>59.78983171853462</LongitudeDegrees></Position></Trackpoint><Trackpoint><Time>2026-07-27T12:53:48.000Z</Time><Position><LatitudeDegrees>58.62641730124886</LatitudeDegrees><LongitudeDegrees>59.78982917984841</LongitudeDegrees></Position></Trackpoint><Trackpoint><Time>2026-07-27T12:53:49.000Z</Time><Position><LatitudeDegrees>58.62643064974077</LatitudeDegrees><LongitudeDegrees>59.78982716464808</LongitudeDegrees></Position></Trackpoint><Trackpoint><Time>2026-07-27T12:53:50.000Z</Time><Position><LatitudeDegrees>58.626444942339766</LatitudeDegrees><LongitudeDegrees>59.7898256236846</LongitudeDegrees></Position></Trackpoint><Trackpoint><Time>2026-07-27T12:53:51.000Z</Time><Position><LatitudeDegrees>58.626459747762574</LatitudeDegrees><LongitudeDegrees>59.789824475808004</LongitudeDegrees></Position></Trackpoint><Trackpoint><Time>2026-07-27T12:53:52.000Z</Time><Position><LatitudeDegrees>58.6264748225722</LatitudeDegrees><LongitudeDegrees>59.789823637145915</LongitudeDegrees></Position></Trackpoint><Trackpoint><Time>2026-07-27T12:53:53.000Z</Time><Position><LatitudeDegrees>58.62648954232716</LatitudeDegrees><LongitudeDegrees>59.78982303346968</LongitudeDegrees></Position></Trackpoint><Trackpoint><Time>2026-07-27T12:53:54.000Z</Time><Position><LatitudeDegrees>58.62650418504298</LatitudeDegrees><LongitudeDegrees>59.78982211443878</LongitudeDegrees></Position></Trackpoint><Trackpoint><Time>2026-07-27T12:53:55.000Z</Time><Position><LatitudeDegrees>58.626518385492965</LatitudeDegrees><LongitudeDegrees>59.789821673101144</LongitudeDegrees></Position></Trackpoint><Trackpoint><Time>2026-07-27T12:53:56.000Z</Time><Position><LatitudeDegrees>58.62653253963935</LatitudeDegrees><LongitudeDegrees>59.789821485138546</LongitudeDegrees></Position></Trackpoint><Trackpoint><Time>2026-07-27T12:53:57.000Z</Time><Position><LatitudeDegrees>58.62654632688496</LatitudeDegrees><LongitudeDegrees>59.78981995681709</LongitudeDegrees></Position></Trackpoint><Trackpoint><Time>2026-07-27T12:53:58.000Z</Time><Position><LatitudeDegrees>58.62655917267774</LatitudeDegrees><LongitudeDegrees>59.78981807264891</LongitudeDegrees></Position></Trackpoint><Trackpoint><Time>2026-07-27T12:53:59.000Z</Time><Position><LatitudeDegrees>58.6265729196745</LatitudeDegrees><LongitudeDegrees>59.78981677337193</LongitudeDegrees></Position></Trackpoint><Trackpoint><Time>2026-07-27T12:54:00.000Z</Time><Position><LatitudeDegrees>58.62658723185337</LatitudeDegrees><LongitudeDegrees>59.78981588173289</LongitudeDegrees></Position></Trackpoint><Trackpoint><Time>2026-07-27T12:54:01.000Z</Time><Position><LatitudeDegrees>58.62660140867845</LatitudeDegrees><LongitudeDegrees>59.789815272413264</LongitudeDegrees></Position></Trackpoint><Trackpoint><Time>2026-07-27T12:54:02.000Z</Time><Position><LatitudeDegrees>58.62661566862875</LatitudeDegrees><LongitudeDegrees>59.78981436795682</LongitudeDegrees></Position></Trackpoint><Trackpoint><Time>2026-07-27T12:54:03.000Z</Time><Position><LatitudeDegrees>58.626630091012245</LatitudeDegrees><LongitudeDegrees>59.789812968428194</LongitudeDegrees></Position></Trackpoint><Trackpoint><Time>2026-07-27T12:54:04.000Z</Time><Position><LatitudeDegrees>58.626644198031904</LatitudeDegrees><LongitudeDegrees>59.78981105502909</LongitudeDegrees></Position></Trackpoint><Trackpoint><Time>2026-07-27T12:54:05.000Z</Time><Position><LatitudeDegrees>58.62665783339147</LatitudeDegrees><LongitudeDegrees>59.78980868597225</LongitudeDegrees></Position></Trackpoint><Trackpoint><Time>2026-07-27T12:54:06.000Z</Time><Position><LatitudeDegrees>58.62667050364915</LatitudeDegrees><LongitudeDegrees>59.78980643332521</LongitudeDegrees></Position></Trackpoint><Trackpoint><Time>2026-07-27T12:54:07.000Z</Time><Position><LatitudeDegrees>58.626682129458544</LatitudeDegrees><LongitudeDegrees>59.789804517743455</LongitudeDegrees></Position></Trackpoint><Trackpoint><Time>2026-07-27T12:54:08.000Z</Time><Position><LatitudeDegrees>58.62669379141675</LatitudeDegrees><LongitudeDegrees>59.78980347644906</LongitudeDegrees></Position></Trackpoint><Trackpoint><Time>2026-07-27T12:54:09.000Z</Time><Position><LatitudeDegrees>58.626706419520644</LatitudeDegrees><LongitudeDegrees>59.78980341847453</LongitudeDegrees></Position></Trackpoint><Trackpoint><Time>2026-07-27T12:54:10.000Z</Time><Position><LatitudeDegrees>58.6267192935494</LatitudeDegrees><LongitudeDegrees>59.789804262515474</LongitudeDegrees></Position></Trackpoint><Trackpoint><Time>2026-07-27T12:54:11.000Z</Time><Position><LatitudeDegrees>58.626732574938586</LatitudeDegrees><LongitudeDegrees>59.78980536970509</LongitudeDegrees></Position></Trackpoint><Trackpoint><Time>2026-07-27T12:54:12.000Z</Time><Position><LatitudeDegrees>58.626746277888664</LatitudeDegrees><LongitudeDegrees>59.789806443162</LongitudeDegrees></Position></Trackpoint><Trackpoint><Time>2026-07-27T12:54:13.000Z</Time><Position><LatitudeDegrees>58.626760354141155</LatitudeDegrees><LongitudeDegrees>59.789807854560706</LongitudeDegrees></Position></Trackpoint><Trackpoint><Time>2026-07-27T12:54:14.000Z</Time><Position><LatitudeDegrees>58.62677375668756</LatitudeDegrees><LongitudeDegrees>59.78980971359484</LongitudeDegrees></Position></Trackpoint><Trackpoint><Time>2026-07-27T12:54:15.000Z</Time><Position><LatitudeDegrees>58.62678809924652</LatitudeDegrees><LongitudeDegrees>59.789811028765335</LongitudeDegrees></Position></Trackpoint><Trackpoint><Time>2026-07-27T12:54:17.000Z</Time><Position><LatitudeDegrees>58.62680245692011</LatitudeDegrees><LongitudeDegrees>59.789811951154505</LongitudeDegrees></Position></Trackpoint><Trackpoint><Time>2026-07-27T12:54:18.000Z</Time><Position><LatitudeDegrees>58.62681693647522</LatitudeDegrees><LongitudeDegrees>59.78981259339598</LongitudeDegrees></Position></Trackpoint><Trackpoint><Time>2026-07-27T12:54:19.000Z</Time><Position><LatitudeDegrees>58.62683205584933</LatitudeDegrees><LongitudeDegrees>59.789812058611325</LongitudeDegrees></Position></Trackpoint><Trackpoint><Time>2026-07-27T12:54:20.000Z</Time><Position><LatitudeDegrees>58.62684745661593</LatitudeDegrees><LongitudeDegrees>59.78981061811624</LongitudeDegrees></Position></Trackpoint><Trackpoint><Time>2026-07-27T12:54:21.000Z</Time><Position><LatitudeDegrees>58.62686295504674</LatitudeDegrees><LongitudeDegrees>59.78980849989415</LongitudeDegrees></Position></Trackpoint><Trackpoint><Time>2026-07-27T12:54:22.000Z</Time><Position><LatitudeDegrees>58.62687797333066</LatitudeDegrees><LongitudeDegrees>59.78980686404269</LongitudeDegrees></Position></Trackpoint><Trackpoint><Time>2026-07-27T12:54:23.000Z</Time><Position><LatitudeDegrees>58.62689233513192</LatitudeDegrees><LongitudeDegrees>59.789805147195985</LongitudeDegrees></Position></Trackpoint><Trackpoint><Time>2026-07-27T12:54:24.000Z</Time><Position><LatitudeDegrees>58.626905562477525</LatitudeDegrees><LongitudeDegrees>59.78980410695803</LongitudeDegrees></Position></Trackpoint><Trackpoint><Time>2026-07-27T12:54:25.000Z</Time><Position><LatitudeDegrees>58.62691760412791</LatitudeDegrees><LongitudeDegrees>59.78980445810432</LongitudeDegrees></Position></Trackpoint><Trackpoint><Time>2026-07-27T12:54:26.000Z</Time><Position><LatitudeDegrees>58.62692957038435</LatitudeDegrees><LongitudeDegrees>59.78980582681057</LongitudeDegrees></Position></Trackpoint><Trackpoint><Time>2026-07-27T12:54:27.000Z</Time><Position><LatitudeDegrees>58.62694192818262</LatitudeDegrees><LongitudeDegrees>59.78980792852119</LongitudeDegrees></Position></Trackpoint><Trackpoint><Time>2026-07-27T12:54:28.000Z</Time><Position><LatitudeDegrees>58.626955309179266</LatitudeDegrees><LongitudeDegrees>59.78980957274546</LongitudeDegrees></Position></Trackpoint><Trackpoint><Time>2026-07-27T12:54:29.000Z</Time><Position><LatitudeDegrees>58.626969352574946</LatitudeDegrees><LongitudeDegrees>59.789811796749134</LongitudeDegrees></Position></Trackpoint><Trackpoint><Time>2026-07-27T12:54:30.000Z</Time><Position><LatitudeDegrees>58.62698382476253</LatitudeDegrees><LongitudeDegrees>59.78981495329903</LongitudeDegrees></Position></Trackpoint><Trackpoint><Time>2026-07-27T12:54:31.000Z</Time><Position><LatitudeDegrees>58.626998084889415</LatitudeDegrees><LongitudeDegrees>59.78981955759602</LongitudeDegrees></Position></Trackpoint><Trackpoint><Time>2026-07-27T12:54:32.000Z</Time><Position><LatitudeDegrees>58.62701189624879</LatitudeDegrees><LongitudeDegrees>59.78982416716899</LongitudeDegrees></Position></Trackpoint><Trackpoint><Time>2026-07-27T12:54:33.000Z</Time><Position><LatitudeDegrees>58.627025218955524</LatitudeDegrees><LongitudeDegrees>59.78982916650431</LongitudeDegrees></Position></Trackpoint><Trackpoint><Time>2026-07-27T12:54:34.000Z</Time><Position><LatitudeDegrees>58.62703809930143</LatitudeDegrees><LongitudeDegrees>59.78983368469965</LongitudeDegrees></Position></Trackpoint><Trackpoint><Time>2026-07-27T12:54:35.000Z</Time><Position><LatitudeDegrees>58.62705012351673</LatitudeDegrees><LongitudeDegrees>59.78983791445258</LongitudeDegrees></Position></Trackpoint><Trackpoint><Time>2026-07-27T12:54:36.000Z</Time><Position><LatitudeDegrees>58.62706172069093</LatitudeDegrees><LongitudeDegrees>59.78984148253293</LongitudeDegrees></Position></Trackpoint><Trackpoint><Time>2026-07-27T12:54:37.000Z</Time><Position><LatitudeDegrees>58.62707312234747</LatitudeDegrees><LongitudeDegrees>59.789844809767345</LongitudeDegrees></Position></Trackpoint><Trackpoint><Time>2026-07-27T12:54:38.000Z</Time><Position><LatitudeDegrees>58.627084448929814</LatitudeDegrees><LongitudeDegrees>59.78984761076788</LongitudeDegrees></Position></Trackpoint><Trackpoint><Time>2026-07-27T12:54:39.000Z</Time><Position><LatitudeDegrees>58.6270967388975</LatitudeDegrees><LongitudeDegrees>59.78984885632233</LongitudeDegrees></Position></Trackpoint><Trackpoint><Time>2026-07-27T12:54:40.000Z</Time><Position><LatitudeDegrees>58.62710980666313</LatitudeDegrees><LongitudeDegrees>59.789847832595335</LongitudeDegrees></Position></Trackpoint><Trackpoint><Time>2026-07-27T12:54:41.000Z</Time><Position><LatitudeDegrees>58.627125434408896</LatitudeDegrees><LongitudeDegrees>59.78984453686452</LongitudeDegrees></Position></Trackpoint><Trackpoint><Time>2026-07-27T12:54:43.000Z</Time><Position><LatitudeDegrees>58.627141089863585</LatitudeDegrees><LongitudeDegrees>59.78984121805944</LongitudeDegrees></Position></Trackpoint><Trackpoint><Time>2026-07-27T12:54:44.000Z</Time><Position><LatitudeDegrees>58.62715621620768</LatitudeDegrees><LongitudeDegrees>59.78983880532584</LongitudeDegrees></Position></Trackpoint><Trackpoint><Time>2026-07-27T12:54:45.000Z</Time><Position><LatitudeDegrees>58.6271711416455</LatitudeDegrees><LongitudeDegrees>59.78983609619216</LongitudeDegrees></Position></Trackpoint><Trackpoint><Time>2026-07-27T12:54:46.000Z</Time><Position><LatitudeDegrees>58.62718651673916</LatitudeDegrees><LongitudeDegrees>59.78983312309363</LongitudeDegrees></Position></Trackpoint><Trackpoint><Time>2026-07-27T12:54:47.000Z</Time><Position><LatitudeDegrees>58.62720206208857</LatitudeDegrees><LongitudeDegrees>59.78982944365703</LongitudeDegrees></Position></Trackpoint><Trackpoint><Time>2026-07-27T12:54:48.000Z</Time><Position><LatitudeDegrees>58.62721666155416</LatitudeDegrees><LongitudeDegrees>59.78982496635573</LongitudeDegrees></Position></Trackpoint><Trackpoint><Time>2026-07-27T12:54:49.000Z</Time><Position><LatitudeDegrees>58.62722997687517</LatitudeDegrees><LongitudeDegrees>59.78982024551137</LongitudeDegrees></Position></Trackpoint><Trackpoint><Time>2026-07-27T12:54:50.000Z</Time><Position><LatitudeDegrees>58.627242033562574</LatitudeDegrees><LongitudeDegrees>59.78981700950232</LongitudeDegrees></Position></Trackpoint><Trackpoint><Time>2026-07-27T12:54:51.000Z</Time><Position><LatitudeDegrees>58.62725349327696</LatitudeDegrees><LongitudeDegrees>59.78981431072421</LongitudeDegrees></Position></Trackpoint><Trackpoint><Time>2026-07-27T12:54:52.000Z</Time><Position><LatitudeDegrees>58.62726519474344</LatitudeDegrees><LongitudeDegrees>59.78981266919042</LongitudeDegrees></Position></Trackpoint><Trackpoint><Time>2026-07-27T12:54:53.000Z</Time><Position><LatitudeDegrees>58.62727745234846</LatitudeDegrees><LongitudeDegrees>59.7898121633641</LongitudeDegrees></Position></Trackpoint><Trackpoint><Time>2026-07-27T12:54:54.000Z</Time><Position><LatitudeDegrees>58.6272903241873</LatitudeDegrees><LongitudeDegrees>59.7898117005714</LongitudeDegrees></Position></Trackpoint><Trackpoint><Time>2026-07-27T12:54:55.000Z</Time><Position><LatitudeDegrees>58.62730424496018</LatitudeDegrees><LongitudeDegrees>59.78981082528951</LongitudeDegrees></Position></Trackpoint><Trackpoint><Time>2026-07-27T12:54:56.000Z</Time><Position><LatitudeDegrees>58.62731876945143</LatitudeDegrees><LongitudeDegrees>59.78980989247192</LongitudeDegrees></Position></Trackpoint><Trackpoint><Time>2026-07-27T12:54:57.000Z</Time><Position><LatitudeDegrees>58.62733265759881</LatitudeDegrees><LongitudeDegrees>59.789809545295554</LongitudeDegrees></Position></Trackpoint><Trackpoint><Time>2026-07-27T12:54:58.000Z</Time><Position><LatitudeDegrees>58.62734596998772</LatitudeDegrees><LongitudeDegrees>59.789809483865334</LongitudeDegrees></Position></Trackpoint><Trackpoint><Time>2026-07-27T12:54:59.000Z</Time><Position><LatitudeDegrees>58.62735929507762</LatitudeDegrees><LongitudeDegrees>59.78980905838876</LongitudeDegrees></Position></Trackpoint><Trackpoint><Time>2026-07-27T12:55:00.000Z</Time><Position><LatitudeDegrees>58.627372383974944</LatitudeDegrees><LongitudeDegrees>59.789809027205656</LongitudeDegrees></Position></Trackpoint><Trackpoint><Time>2026-07-27T12:55:01.000Z</Time><Position><LatitudeDegrees>58.62738467488138</LatitudeDegrees><LongitudeDegrees>59.789809162408055</LongitudeDegrees></Position></Trackpoint><Trackpoint><Time>2026-07-27T12:55:02.000Z</Time><Position><LatitudeDegrees>58.6273975076824</LatitudeDegrees><LongitudeDegrees>59.78980983839115</LongitudeDegrees></Position></Trackpoint><Trackpoint><Time>2026-07-27T12:55:03.000Z</Time><Position><LatitudeDegrees>58.627410385414976</LatitudeDegrees><LongitudeDegrees>59.789811139934976</LongitudeDegrees></Position></Trackpoint><Trackpoint><Time>2026-07-27T12:55:04.000Z</Time><Position><LatitudeDegrees>58.62742358725685</LatitudeDegrees><LongitudeDegrees>59.78981204244378</LongitudeDegrees></Position></Trackpoint><Trackpoint><Time>2026-07-27T12:55:05.000Z</Time><Position><LatitudeDegrees>58.62743669697318</LatitudeDegrees><LongitudeDegrees>59.78981266478101</LongitudeDegrees></Position></Trackpoint><Trackpoint><Time>2026-07-27T12:55:06.000Z</Time><Position><LatitudeDegrees>58.62744955496875</LatitudeDegrees><LongitudeDegrees>59.789812602247586</LongitudeDegrees></Position></Trackpoint><Trackpoint><Time>2026-07-27T12:55:07.000Z</Time><Position><LatitudeDegrees>58.62746212782491</LatitudeDegrees><LongitudeDegrees>59.78981226568766</LongitudeDegrees></Position></Trackpoint><Trackpoint><Time>2026-07-27T12:55:08.000Z</Time><Position><LatitudeDegrees>58.627474438375955</LatitudeDegrees><LongitudeDegrees>59.789811859471435</LongitudeDegrees></Position></Trackpoint><Trackpoint><Time>2026-07-27T12:55:09.000Z</Time><Position><LatitudeDegrees>58.6274870193029</LatitudeDegrees><LongitudeDegrees>59.789811476705665</LongitudeDegrees></Position></Trackpoint><Trackpoint><Time>2026-07-27T12:55:10.000Z</Time><Position><LatitudeDegrees>58.62750005527919</LatitudeDegrees><LongitudeDegrees>59.78981115272498</LongitudeDegrees></Position></Trackpoint><Trackpoint><Time>2026-07-27T12:55:11.000Z</Time><Position><LatitudeDegrees>58.62751356395464</LatitudeDegrees><LongitudeDegrees>59.789811384147</LongitudeDegrees></Position></Trackpoint><Trackpoint><Time>2026-07-27T12:55:12.000Z</Time><Position><LatitudeDegrees>58.62752700231718</LatitudeDegrees><LongitudeDegrees>59.789811324989095</LongitudeDegrees></Position></Trackpoint><Trackpoint><Time>2026-07-27T12:55:13.000Z</Time><Position><LatitudeDegrees>58.62754015576089</LatitudeDegrees><LongitudeDegrees>59.789812132974745</LongitudeDegrees></Position></Trackpoint><Trackpoint><Time>2026-07-27T12:55:14.000Z</Time><Position><LatitudeDegrees>58.627553462083405</LatitudeDegrees><LongitudeDegrees>59.7898131943753</LongitudeDegrees></Position></Trackpoint><Trackpoint><Time>2026-07-27T12:55:15.000Z</Time><Position><LatitudeDegrees>58.627566592352025</LatitudeDegrees><LongitudeDegrees>59.78981471352202</LongitudeDegrees></Position></Trackpoint><Trackpoint><Time>2026-07-27T12:55:16.000Z</Time><Position><LatitudeDegrees>58.627579433697534</LatitudeDegrees><LongitudeDegrees>59.7898162262037</LongitudeDegrees></Position></Trackpoint><Trackpoint><Time>2026-07-27T12:55:17.000Z</Time><Position><LatitudeDegrees>58.62759197671947</LatitudeDegrees><LongitudeDegrees>59.789818031683076</LongitudeDegrees></Position></Trackpoint><Trackpoint><Time>2026-07-27T12:55:18.000Z</Time><Position><LatitudeDegrees>58.62760474544641</LatitudeDegrees><LongitudeDegrees>59.78982021562638</LongitudeDegrees></Position></Trackpoint><Trackpoint><Time>2026-07-27T12:55:19.000Z</Time><Position><LatitudeDegrees>58.627618416332524</LatitudeDegrees><LongitudeDegrees>59.78982129590669</LongitudeDegrees></Position></Trackpoint><Trackpoint><Time>2026-07-27T12:55:20.000Z</Time><Position><LatitudeDegrees>58.62763217295219</LatitudeDegrees><LongitudeDegrees>59.789821783009444</LongitudeDegrees></Position></Trackpoint><Trackpoint><Time>2026-07-27T12:55:21.000Z</Time><Position><LatitudeDegrees>58.62764615768096</LatitudeDegrees><LongitudeDegrees>59.78982098408175</LongitudeDegrees></Position></Trackpoint><Trackpoint><Time>2026-07-27T12:55:22.000Z</Time><Position><LatitudeDegrees>58.627659420655135</LatitudeDegrees><LongitudeDegrees>59.78981877884376</LongitudeDegrees></Position></Trackpoint><Trackpoint><Time>2026-07-27T12:55:23.000Z</Time><Position><LatitudeDegrees>58.62767166332528</LatitudeDegrees><LongitudeDegrees>59.78981676708987</LongitudeDegrees></Position></Trackpoint><Trackpoint><Time>2026-07-27T12:55:24.000Z</Time><Position><LatitudeDegrees>58.62768338330388</LatitudeDegrees><LongitudeDegrees>59.78981558283537</LongitudeDegrees></Position></Trackpoint><Trackpoint><Time>2026-07-27T12:55:25.000Z</Time><Position><LatitudeDegrees>58.62769485261102</LatitudeDegrees><LongitudeDegrees>59.7898153809806</LongitudeDegrees></Position></Trackpoint><Trackpoint><Time>2026-07-27T12:55:26.000Z</Time><Position><LatitudeDegrees>58.62770670505756</LatitudeDegrees><LongitudeDegrees>59.78981609922918</LongitudeDegrees></Position></Trackpoint><Trackpoint><Time>2026-07-27T12:55:27.000Z</Time><Position><LatitudeDegrees>58.62771915249259</LatitudeDegrees><LongitudeDegrees>59.7898175938315</LongitudeDegrees></Position></Trackpoint><Trackpoint><Time>2026-07-27T12:55:28.000Z</Time><Position><LatitudeDegrees>58.62773171618613</LatitudeDegrees><LongitudeDegrees>59.78981921633223</LongitudeDegrees></Position></Trackpoint><Trackpoint><Time>2026-07-27T12:55:29.000Z</Time><Position><LatitudeDegrees>58.62774418405962</LatitudeDegrees><LongitudeDegrees>59.78982019364967</LongitudeDegrees></Position></Trackpoint><Trackpoint><Time>2026-07-27T12:55:30.000Z</Time><Position><LatitudeDegrees>58.627756481070385</LatitudeDegrees><LongitudeDegrees>59.789820290211274</LongitudeDegrees></Position></Trackpoint><Trackpoint><Time>2026-07-27T12:55:31.000Z</Time><Position><LatitudeDegrees>58.62776859824332</LatitudeDegrees><LongitudeDegrees>59.78982050126534</LongitudeDegrees></Position></Trackpoint><Trackpoint><Time>2026-07-27T12:55:32.000Z</Time><Position><LatitudeDegrees>58.62778104457472</LatitudeDegrees><LongitudeDegrees>59.78982073238275</LongitudeDegrees></Position></Trackpoint><Trackpoint><Time>2026-07-27T12:55:33.000Z</Time><Position><LatitudeDegrees>58.627793987439226</LatitudeDegrees><LongitudeDegrees>59.78982094209935</LongitudeDegrees></Position></Trackpoint><Trackpoint><Time>2026-07-27T12:55:34.000Z</Time><Position><LatitudeDegrees>58.627806942427426</LatitudeDegrees><LongitudeDegrees>59.78982111608556</LongitudeDegrees></Position></Trackpoint><Trackpoint><Time>2026-07-27T12:55:35.000Z</Time><Position><LatitudeDegrees>58.627819708487294</LatitudeDegrees><LongitudeDegrees>59.78982174263657</LongitudeDegrees></Position></Trackpoint><Trackpoint><Time>2026-07-27T12:55:36.000Z</Time><Position><LatitudeDegrees>58.62783222706758</LatitudeDegrees><LongitudeDegrees>59.78982198554136</LongitudeDegrees></Position></Trackpoint><Trackpoint><Time>2026-07-27T12:55:37.000Z</Time><Position><LatitudeDegrees>58.62784401620792</LatitudeDegrees><LongitudeDegrees>59.78982203927138</LongitudeDegrees></Position></Trackpoint><Trackpoint><Time>2026-07-27T12:55:38.000Z</Time><Position><LatitudeDegrees>58.627854971043504</LatitudeDegrees><LongitudeDegrees>59.78982200819675</LongitudeDegrees></Position></Trackpoint><Trackpoint><Time>2026-07-27T12:55:39.000Z</Time><Position><LatitudeDegrees>58.62786515546923</LatitudeDegrees><LongitudeDegrees>59.78982243579574</LongitudeDegrees></Position></Trackpoint><Trackpoint><Time>2026-07-27T12:55:40.000Z</Time><Position><LatitudeDegrees>58.62787518429073</LatitudeDegrees><LongitudeDegrees>59.78982299741014</LongitudeDegrees></Position></Trackpoint><Trackpoint><Time>2026-07-27T12:55:41.000Z</Time><Position><LatitudeDegrees>58.62788582028763</LatitudeDegrees><LongitudeDegrees>59.78982305252358</LongitudeDegrees></Position></Trackpoint><Trackpoint><Time>2026-07-27T12:55:42.000Z</Time><Position><LatitudeDegrees>58.627897789278606</LatitudeDegrees><LongitudeDegrees>59.78982289196931</LongitudeDegrees></Position></Trackpoint><Trackpoint><Time>2026-07-27T12:55:43.000Z</Time><Position><LatitudeDegrees>58.6279107294816</LatitudeDegrees><LongitudeDegrees>59.7898231528134</LongitudeDegrees></Position></Trackpoint><Trackpoint><Time>2026-07-27T12:55:44.000Z</Time><Position><LatitudeDegrees>58.62792387763848</LatitudeDegrees><LongitudeDegrees>59.78982355372444</LongitudeDegrees></Position></Trackpoint><Trackpoint><Time>2026-07-27T12:55:45.000Z</Time><Position><LatitudeDegrees>58.62793689272353</LatitudeDegrees><LongitudeDegrees>59.789824450474015</LongitudeDegrees></Position></Trackpoint><Trackpoint><Time>2026-07-27T12:55:46.000Z</Time><Position><LatitudeDegrees>58.62794916175994</LatitudeDegrees><LongitudeDegrees>59.78982445710874</LongitudeDegrees></Position></Trackpoint><Trackpoint><Time>2026-07-27T12:55:47.000Z</Time><Position><LatitudeDegrees>58.627961017668255</LatitudeDegrees><LongitudeDegrees>59.78982507553418</LongitudeDegrees></Position></Trackpoint><Trackpoint><Time>2026-07-27T12:55:48.000Z</Time><Position><LatitudeDegrees>58.62797314019123</LatitudeDegrees><LongitudeDegrees>59.78982635615208</LongitudeDegrees></Position></Trackpoint><Trackpoint><Time>2026-07-27T12:55:49.000Z</Time><Position><LatitudeDegrees>58.627985775050014</LatitudeDegrees><LongitudeDegrees>59.789827745117556</LongitudeDegrees></Position></Trackpoint><Trackpoint><Time>2026-07-27T12:55:50.000Z</Time><Position><LatitudeDegrees>58.62799895768325</LatitudeDegrees><LongitudeDegrees>59.789829000432555</LongitudeDegrees></Position></Trackpoint><Trackpoint><Time>2026-07-27T12:55:51.000Z</Time><Position><LatitudeDegrees>58.628012632379736</LatitudeDegrees><LongitudeDegrees>59.78982857075619</LongitudeDegrees></Position></Trackpoint><Trackpoint><Time>2026-07-27T12:55:52.000Z</Time><Position><LatitudeDegrees>58.62802671304016</LatitudeDegrees><LongitudeDegrees>59.789825543850036</LongitudeDegrees></Position></Trackpoint><Trackpoint><Time>2026-07-27T12:55:53.000Z</Time><Position><LatitudeDegrees>58.62804111210109</LatitudeDegrees><LongitudeDegrees>59.789820366985005</LongitudeDegrees></Position></Trackpoint><Trackpoint><Time>2026-07-27T12:55:54.000Z</Time><Position><LatitudeDegrees>58.62805526302415</LatitudeDegrees><LongitudeDegrees>59.789813989916766</LongitudeDegrees></Position></Trackpoint><Trackpoint><Time>2026-07-27T12:55:55.000Z</Time><Position><LatitudeDegrees>58.628068474727456</LatitudeDegrees><LongitudeDegrees>59.789808426662496</LongitudeDegrees></Position></Trackpoint><Trackpoint><Time>2026-07-27T12:55:56.000Z</Time><Position><LatitudeDegrees>58.628082051979725</LatitudeDegrees><LongitudeDegrees>59.78980391259922</LongitudeDegrees></Position></Trackpoint><Trackpoint><Time>2026-07-27T12:55:57.000Z</Time><Position><LatitudeDegrees>58.62809550598932</LatitudeDegrees><LongitudeDegrees>59.789801389222205</LongitudeDegrees></Position></Trackpoint><Trackpoint><Time>2026-07-27T12:55:58.000Z</Time><Position><LatitudeDegrees>58.62810865127358</LatitudeDegrees><LongitudeDegrees>59.78980294721151</LongitudeDegrees></Position></Trackpoint><Trackpoint><Time>2026-07-27T12:55:59.000Z</Time><Position><LatitudeDegrees>58.628121940679584</LatitudeDegrees><LongitudeDegrees>59.78980794452048</LongitudeDegrees></Position></Trackpoint><Trackpoint><Time>2026-07-27T12:56:00.000Z</Time><Position><LatitudeDegrees>58.62813456298582</LatitudeDegrees><LongitudeDegrees>59.7898151856908</LongitudeDegrees></Position></Trackpoint><Trackpoint><Time>2026-07-27T12:56:01.000Z</Time><Position><LatitudeDegrees>58.6281467593361</LatitudeDegrees><LongitudeDegrees>59.789822911175406</LongitudeDegrees></Position></Trackpoint><Trackpoint><Time>2026-07-27T12:56:02.000Z</Time><Position><LatitudeDegrees>58.628158194101644</LatitudeDegrees><LongitudeDegrees>59.78983082378378</LongitudeDegrees></Position></Trackpoint><Trackpoint><Time>2026-07-27T12:56:03.000Z</Time><Position><LatitudeDegrees>58.628167847586354</LatitudeDegrees><LongitudeDegrees>59.78983926671651</LongitudeDegrees></Position></Trackpoint><Trackpoint><Time>2026-07-27T12:56:04.000Z</Time><Position><LatitudeDegrees>58.62817601808069</LatitudeDegrees><LongitudeDegrees>59.78984831324872</LongitudeDegrees></Position></Trackpoint><Trackpoint><Time>2026-07-27T12:56:05.000Z</Time><Position><LatitudeDegrees>58.62818301877017</LatitudeDegrees><LongitudeDegrees>59.78985791608646</LongitudeDegrees></Position></Trackpoint><Trackpoint><Time>2026-07-27T12:56:06.000Z</Time><Position><LatitudeDegrees>58.628189128777734</LatitudeDegrees><LongitudeDegrees>59.789868963572786</LongitudeDegrees></Position></Trackpoint><Trackpoint><Time>2026-07-27T12:56:07.000Z</Time><Position><LatitudeDegrees>58.62819506698379</LatitudeDegrees><LongitudeDegrees>59.78988310497038</LongitudeDegrees></Position></Trackpoint><Trackpoint><Time>2026-07-27T12:56:08.000Z</Time><Position><LatitudeDegrees>58.62820115149774</LatitudeDegrees><LongitudeDegrees>59.78990013279116</LongitudeDegrees></Position></Trackpoint><Trackpoint><Time>2026-07-27T12:56:09.000Z</Time><Position><LatitudeDegrees>58.628207494549244</LatitudeDegrees><LongitudeDegrees>59.78992008072721</LongitudeDegrees></Position></Trackpoint><Trackpoint><Time>2026-07-27T12:56:10.000Z</Time><Position><LatitudeDegrees>58.62821410917532</LatitudeDegrees><LongitudeDegrees>59.78994209825103</LongitudeDegrees></Position></Trackpoint><Trackpoint><Time>2026-07-27T12:56:11.000Z</Time><Position><LatitudeDegrees>58.62822096588884</LatitudeDegrees><LongitudeDegrees>59.78996459023736</LongitudeDegrees></Position></Trackpoint><Trackpoint><Time>2026-07-27T12:56:12.000Z</Time><Position><LatitudeDegrees>58.62822753186388</LatitudeDegrees><LongitudeDegrees>59.789986349253255</LongitudeDegrees></Position></Trackpoint><Trackpoint><Time>2026-07-27T12:56:13.000Z</Time><Position><LatitudeDegrees>58.628233624980766</LatitudeDegrees><LongitudeDegrees>59.790006972113204</LongitudeDegrees></Position></Trackpoint><Trackpoint><Time>2026-07-27T12:56:14.000Z</Time><Position><LatitudeDegrees>58.62823972053781</LatitudeDegrees><LongitudeDegrees>59.790026928206494</LongitudeDegrees></Position></Trackpoint><Trackpoint><Time>2026-07-27T12:56:15.000Z</Time><Position><LatitudeDegrees>58.62824601396552</LatitudeDegrees><LongitudeDegrees>59.79004698603239</LongitudeDegrees></Position></Trackpoint><Trackpoint><Time>2026-07-27T12:56:16.000Z</Time><Position><LatitudeDegrees>58.62825256035228</LatitudeDegrees><LongitudeDegrees>59.790068428248524</LongitudeDegrees></Position></Trackpoint><Trackpoint><Time>2026-07-27T12:56:17.000Z</Time><Position><LatitudeDegrees>58.6282588603078</LatitudeDegrees><LongitudeDegrees>59.79009258463294</LongitudeDegrees></Position></Trackpoint><Trackpoint><Time>2026-07-27T12:56:18.000Z</Time><Position><LatitudeDegrees>58.62826522940621</LatitudeDegrees><LongitudeDegrees>59.790118185641326</LongitudeDegrees></Position></Trackpoint><Trackpoint><Time>2026-07-27T12:56:19.000Z</Time><Position><LatitudeDegrees>58.62827178873706</LatitudeDegrees><LongitudeDegrees>59.79014501262832</LongitudeDegrees></Position></Trackpoint><Trackpoint><Time>2026-07-27T12:56:20.000Z</Time><Position><LatitudeDegrees>58.62827905336365</LatitudeDegrees><LongitudeDegrees>59.790171838974736</LongitudeDegrees></Position></Trackpoint><Trackpoint><Time>2026-07-27T12:56:21.000Z</Time><Position><LatitudeDegrees>58.62828714488258</LatitudeDegrees><LongitudeDegrees>59.79019571154701</LongitudeDegrees></Position></Trackpoint><Trackpoint><Time>2026-07-27T12:56:22.000Z</Time><Position><LatitudeDegrees>58.62829551763037</LatitudeDegrees><LongitudeDegrees>59.79021726209055</LongitudeDegrees></Position></Trackpoint><Trackpoint><Time>2026-07-27T12:56:23.000Z</Time><Position><LatitudeDegrees>58.62830391078933</LatitudeDegrees><LongitudeDegrees>59.790236559197446</LongitudeDegrees></Position></Trackpoint><Trackpoint><Time>2026-07-27T12:56:24.000Z</Time><Position><LatitudeDegrees>58.62831221432627</LatitudeDegrees><LongitudeDegrees>59.79025392034139</LongitudeDegrees></Position></Trackpoint><Trackpoint><Time>2026-07-27T12:56:25.000Z</Time><Position><LatitudeDegrees>58.62832088403935</LatitudeDegrees><LongitudeDegrees>59.790271193578405</LongitudeDegrees></Position></Trackpoint><Trackpoint><Time>2026-07-27T12:56:26.000Z</Time><Position><LatitudeDegrees>58.62833006064327</LatitudeDegrees><LongitudeDegrees>59.7902891512823</LongitudeDegrees></Position></Trackpoint><Trackpoint><Time>2026-07-27T12:56:27.000Z</Time><Position><LatitudeDegrees>58.62833924741977</LatitudeDegrees><LongitudeDegrees>59.7903080236921</LongitudeDegrees></Position></Trackpoint><Trackpoint><Time>2026-07-27T12:56:28.000Z</Time><Position><LatitudeDegrees>58.62834823849805</LatitudeDegrees><LongitudeDegrees>59.790328767448</LongitudeDegrees></Position></Trackpoint><Trackpoint><Time>2026-07-27T12:56:29.000Z</Time><Position><LatitudeDegrees>58.628356974211236</LatitudeDegrees><LongitudeDegrees>59.79035251556317</LongitudeDegrees></Position></Trackpoint><Trackpoint><Time>2026-07-27T12:56:30.000Z</Time><Position><LatitudeDegrees>58.62836546276223</LatitudeDegrees><LongitudeDegrees>59.79037739060275</LongitudeDegrees></Position></Trackpoint><Trackpoint><Time>2026-07-27T12:56:31.000Z</Time><Position><LatitudeDegrees>58.62837373925217</LatitudeDegrees><LongitudeDegrees>59.79040296434804</LongitudeDegrees></Position></Trackpoint><Trackpoint><Time>2026-07-27T12:56:32.000Z</Time><Position><LatitudeDegrees>58.628381355743954</LatitudeDegrees><LongitudeDegrees>59.79042701232401</LongitudeDegrees></Position></Trackpoint><Trackpoint><Time>2026-07-27T12:56:33.000Z</Time><Position><LatitudeDegrees>58.62838821247192</LatitudeDegrees><LongitudeDegrees>59.79044930385846</LongitudeDegrees></Position></Trackpoint><Trackpoint><Time>2026-07-27T12:56:34.000Z</Time><Position><LatitudeDegrees>58.62839436586377</LatitudeDegrees><LongitudeDegrees>59.7904699693895</LongitudeDegrees></Position></Trackpoint><Trackpoint><Time>2026-07-27T12:56:35.000Z</Time><Position><LatitudeDegrees>58.628400419041064</LatitudeDegrees><LongitudeDegrees>59.790490250552196</LongitudeDegrees></Position></Trackpoint><Trackpoint><Time>2026-07-27T12:56:36.000Z</Time><Position><LatitudeDegrees>58.62840614364114</LatitudeDegrees><LongitudeDegrees>59.790511197637</LongitudeDegrees></Position></Trackpoint><Trackpoint><Time>2026-07-27T12:56:37.000Z</Time><Position><LatitudeDegrees>58.62841148778903</LatitudeDegrees><LongitudeDegrees>59.79053364732906</LongitudeDegrees></Position></Trackpoint><Trackpoint><Time>2026-07-27T12:56:38.000Z</Time><Position><LatitudeDegrees>58.62841647895135</LatitudeDegrees><LongitudeDegrees>59.790558240956486</LongitudeDegrees></Position></Trackpoint><Trackpoint><Time>2026-07-27T12:56:39.000Z</Time><Position><LatitudeDegrees>58.62842068413431</LatitudeDegrees><LongitudeDegrees>59.79058447785808</LongitudeDegrees></Position></Trackpoint><Trackpoint><Time>2026-07-27T12:56:40.000Z</Time><Position><LatitudeDegrees>58.628424025895896</LatitudeDegrees><LongitudeDegrees>59.790609003269424</LongitudeDegrees></Position></Trackpoint><Trackpoint><Time>2026-07-27T12:56:41.000Z</Time><Position><LatitudeDegrees>58.62842707277235</LatitudeDegrees><LongitudeDegrees>59.79063114486445</LongitudeDegrees></Position></Trackpoint><Trackpoint><Time>2026-07-27T12:56:43.000Z</Time><Position><LatitudeDegrees>58.62842960714328</LatitudeDegrees><LongitudeDegrees>59.79065093171607</LongitudeDegrees></Position></Trackpoint><Trackpoint><Time>2026-07-27T12:56:44.000Z</Time><Position><LatitudeDegrees>58.628431605164685</LatitudeDegrees><LongitudeDegrees>59.79066818841463</LongitudeDegrees></Position></Trackpoint><Trackpoint><Time>2026-07-27T12:56:45.000Z</Time><Position><LatitudeDegrees>58.62843355303676</LatitudeDegrees><LongitudeDegrees>59.79068879524428</LongitudeDegrees></Position></Trackpoint><Trackpoint><Time>2026-07-27T12:56:46.000Z</Time><Position><LatitudeDegrees>58.628434375888595</LatitudeDegrees><LongitudeDegrees>59.79069639173882</LongitudeDegrees></Position></Trackpoint><Trackpoint><Time>2026-07-27T12:56:47.000Z</Time><Position><LatitudeDegrees>58.62843505698812</LatitudeDegrees><LongitudeDegrees>59.79070328292734</LongitudeDegrees></Position></Trackpoint><Trackpoint><Time>2026-07-27T12:56:49.000Z</Time><Position><LatitudeDegrees>58.62843713486249</LatitudeDegrees><LongitudeDegrees>59.79071405017051</LongitudeDegrees></Position></Trackpoint><Trackpoint><Time>2026-07-27T12:56:50.000Z</Time><Position><LatitudeDegrees>58.62843839458322</LatitudeDegrees><LongitudeDegrees>59.79071786741298</LongitudeDegrees></Position></Trackpoint><Trackpoint><Time>2026-07-27T12:56:53.000Z</Time><Position><LatitudeDegrees>58.62844020863841</LatitudeDegrees><LongitudeDegrees>59.790722893862295</LongitudeDegrees></Position></Trackpoint><Trackpoint><Time>2026-07-27T12:56:56.000Z</Time><Position><LatitudeDegrees>58.62844201815577</LatitudeDegrees><LongitudeDegrees>59.790728262776774</LongitudeDegrees></Position></Trackpoint><Trackpoint><Time>2026-07-27T12:56:57.000Z</Time><Position><LatitudeDegrees>58.62844296878331</LatitudeDegrees><LongitudeDegrees>59.79073554737648</LongitudeDegrees></Position></Trackpoint><Trackpoint><Time>2026-07-27T12:56:58.000Z</Time><Position><LatitudeDegrees>58.6284437140029</LatitudeDegrees><LongitudeDegrees>59.79073873769573</LongitudeDegrees></Position></Trackpoint><Trackpoint><Time>2026-07-27T12:57:03.000Z</Time><Position><LatitudeDegrees>58.62845785291661</LatitudeDegrees><LongitudeDegrees>59.7907751000313</LongitudeDegrees></Position></Trackpoint><Trackpoint><Time>2026-07-27T12:57:04.000Z</Time><Position><LatitudeDegrees>58.62847569309203</LatitudeDegrees><LongitudeDegrees>59.79081507094184</LongitudeDegrees></Position></Trackpoint><Trackpoint><Time>2026-07-27T12:57:05.000Z</Time><Position><LatitudeDegrees>58.6284917885897</LatitudeDegrees><LongitudeDegrees>59.79085139777803</LongitudeDegrees></Position></Trackpoint><Trackpoint><Time>2026-07-27T12:57:07.000Z</Time><Position><LatitudeDegrees>58.62850363090628</LatitudeDegrees><LongitudeDegrees>59.79087911331536</LongitudeDegrees></Position></Trackpoint><Trackpoint><Time>2026-07-27T12:57:08.000Z</Time><Position><LatitudeDegrees>58.62851220167765</LatitudeDegrees><LongitudeDegrees>59.79089825635355</LongitudeDegrees></Position></Trackpoint><Trackpoint><Time>2026-07-27T12:57:09.000Z</Time><Position><LatitudeDegrees>58.62851734585084</LatitudeDegrees><LongitudeDegrees>59.79091190158137</LongitudeDegrees></Position></Trackpoint><Trackpoint><Time>2026-07-27T12:57:10.000Z</Time><Position><LatitudeDegrees>58.628519439368546</LatitudeDegrees><LongitudeDegrees>59.790923489725685</LongitudeDegrees></Position></Trackpoint><Trackpoint><Time>2026-07-27T12:57:11.000Z</Time><Position><LatitudeDegrees>58.628518538992914</LatitudeDegrees><LongitudeDegrees>59.79093421220549</LongitudeDegrees></Position></Trackpoint><Trackpoint><Time>2026-07-27T12:57:12.000Z</Time><Position><LatitudeDegrees>58.62851505236216</LatitudeDegrees><LongitudeDegrees>59.79094467079359</LongitudeDegrees></Position></Trackpoint><Trackpoint><Time>2026-07-27T12:57:13.000Z</Time><Position><LatitudeDegrees>58.62850996890784</LatitudeDegrees><LongitudeDegrees>59.790955147190196</LongitudeDegrees></Position></Trackpoint><Trackpoint><Time>2026-07-27T12:57:14.000Z</Time><Position><LatitudeDegrees>58.628504880281994</LatitudeDegrees><LongitudeDegrees>59.79096624473377</LongitudeDegrees></Position></Trackpoint><Trackpoint><Time>2026-07-27T12:57:15.000Z</Time><Position><LatitudeDegrees>58.62850044264377</LatitudeDegrees><LongitudeDegrees>59.79097862178655</LongitudeDegrees></Position></Trackpoint><Trackpoint><Time>2026-07-27T12:57:16.000Z</Time><Position><LatitudeDegrees>58.6284968426681</LatitudeDegrees><LongitudeDegrees>59.79099287487163</LongitudeDegrees></Position></Trackpoint><Trackpoint><Time>2026-07-27T12:57:17.000Z</Time><Position><LatitudeDegrees>58.628494049721226</LatitudeDegrees><LongitudeDegrees>59.79100851926056</LongitudeDegrees></Position></Trackpoint><Trackpoint><Time>2026-07-27T12:57:18.000Z</Time><Position><LatitudeDegrees>58.628491947606236</LatitudeDegrees><LongitudeDegrees>59.791024687143654</LongitudeDegrees></Position></Trackpoint><Trackpoint><Time>2026-07-27T12:57:19.000Z</Time><Position><LatitudeDegrees>58.628490399802125</LatitudeDegrees><LongitudeDegrees>59.791041443548885</LongitudeDegrees></Position></Trackpoint><Trackpoint><Time>2026-07-27T12:57:20.000Z</Time><Position><LatitudeDegrees>58.62848976855065</LatitudeDegrees><LongitudeDegrees>59.791058739721</LongitudeDegrees></Position></Trackpoint><Trackpoint><Time>2026-07-27T12:57:21.000Z</Time><Position><LatitudeDegrees>58.62848910617567</LatitudeDegrees><LongitudeDegrees>59.791076486302714</LongitudeDegrees></Position></Trackpoint><Trackpoint><Time>2026-07-27T12:57:22.000Z</Time><Position><LatitudeDegrees>58.628488515997816</LatitudeDegrees><LongitudeDegrees>59.79109605751617</LongitudeDegrees></Position></Trackpoint><Trackpoint><Time>2026-07-27T12:57:23.000Z</Time><Position><LatitudeDegrees>58.628487541690966</LatitudeDegrees><LongitudeDegrees>59.79111729551254</LongitudeDegrees></Position></Trackpoint><Trackpoint><Time>2026-07-27T12:57:24.000Z</Time><Position><LatitudeDegrees>58.628485555016546</LatitudeDegrees><LongitudeDegrees>59.79114139018721</LongitudeDegrees></Position></Trackpoint><Trackpoint><Time>2026-07-27T12:57:25.000Z</Time><Position><LatitudeDegrees>58.62848340640206</LatitudeDegrees><LongitudeDegrees>59.79116748570719</LongitudeDegrees></Position></Trackpoint><Trackpoint><Time>2026-07-27T12:57:26.000Z</Time><Position><LatitudeDegrees>58.628481466866674</LatitudeDegrees><LongitudeDegrees>59.79119497280647</LongitudeDegrees></Position></Trackpoint><Trackpoint><Time>2026-07-27T12:57:27.000Z</Time><Position><LatitudeDegrees>58.62847986237347</LatitudeDegrees><LongitudeDegrees>59.79122195313002</LongitudeDegrees></Position></Trackpoint><Trackpoint><Time>2026-07-27T12:57:28.000Z</Time><Position><LatitudeDegrees>58.62847860179607</LatitudeDegrees><LongitudeDegrees>59.79124722030522</LongitudeDegrees></Position></Trackpoint><Trackpoint><Time>2026-07-27T12:57:29.000Z</Time><Position><LatitudeDegrees>58.62847813425849</LatitudeDegrees><LongitudeDegrees>59.791270986998214</LongitudeDegrees></Position></Trackpoint><Trackpoint><Time>2026-07-27T12:57:30.000Z</Time><Position><LatitudeDegrees>58.628478053328905</LatitudeDegrees><LongitudeDegrees>59.791293043766004</LongitudeDegrees></Position></Trackpoint><Trackpoint><Time>2026-07-27T12:57:31.000Z</Time><Position><LatitudeDegrees>58.6284791212258</LatitudeDegrees><LongitudeDegrees>59.79131450304054</LongitudeDegrees></Position></Trackpoint><Trackpoint><Time>2026-07-27T12:57:32.000Z</Time><Position><LatitudeDegrees>58.62848150440605</LatitudeDegrees><LongitudeDegrees>59.7913349204245</LongitudeDegrees></Position></Trackpoint><Trackpoint><Time>2026-07-27T12:57:33.000Z</Time><Position><LatitudeDegrees>58.62848510260749</LatitudeDegrees><LongitudeDegrees>59.79135473623595</LongitudeDegrees></Position></Trackpoint><Trackpoint><Time>2026-07-27T12:57:34.000Z</Time><Position><LatitudeDegrees>58.62848971859272</LatitudeDegrees><LongitudeDegrees>59.791375188244714</LongitudeDegrees></Position></Trackpoint><Trackpoint><Time>2026-07-27T12:57:35.000Z</Time><Position><LatitudeDegrees>58.62849465089115</LatitudeDegrees><LongitudeDegrees>59.79139572532948</LongitudeDegrees></Position></Trackpoint><Trackpoint><Time>2026-07-27T12:57:36.000Z</Time><Position><LatitudeDegrees>58.628499080404865</LatitudeDegrees><LongitudeDegrees>59.79141659921135</LongitudeDegrees></Position></Trackpoint><Trackpoint><Time>2026-07-27T12:57:37.000Z</Time><Position><LatitudeDegrees>58.628503223944314</LatitudeDegrees><LongitudeDegrees>59.791437380719465</LongitudeDegrees></Position></Trackpoint><Trackpoint><Time>2026-07-27T12:57:38.000Z</Time><Position><LatitudeDegrees>58.628506717893</LatitudeDegrees><LongitudeDegrees>59.791457904962975</LongitudeDegrees></Position></Trackpoint><Trackpoint><Time>2026-07-27T12:57:39.000Z</Time><Position><LatitudeDegrees>58.628509495875534</LatitudeDegrees><LongitudeDegrees>59.79147862666447</LongitudeDegrees></Position></Trackpoint><Trackpoint><Time>2026-07-27T12:57:40.000Z</Time><Position><LatitudeDegrees>58.62851211206009</LatitudeDegrees><LongitudeDegrees>59.79150019736107</LongitudeDegrees></Position></Trackpoint><Trackpoint><Time>2026-07-27T12:57:41.000Z</Time><Position><LatitudeDegrees>58.628513836216904</LatitudeDegrees><LongitudeDegrees>59.79152277641024</LongitudeDegrees></Position></Trackpoint><Trackpoint><Time>2026-07-27T12:57:42.000Z</Time><Position><LatitudeDegrees>58.628514482103405</LatitudeDegrees><LongitudeDegrees>59.7915467896308</LongitudeDegrees></Position></Trackpoint><Trackpoint><Time>2026-07-27T12:57:43.000Z</Time><Position><LatitudeDegrees>58.62851460102368</LatitudeDegrees><LongitudeDegrees>59.79157222831541</LongitudeDegrees></Position></Trackpoint><Trackpoint><Time>2026-07-27T12:57:44.000Z</Time><Position><LatitudeDegrees>58.62851448765846</LatitudeDegrees><LongitudeDegrees>59.79159743709009</LongitudeDegrees></Position></Trackpoint><Trackpoint><Time>2026-07-27T12:57:45.000Z</Time><Position><LatitudeDegrees>58.62851429318057</LatitudeDegrees><LongitudeDegrees>59.79162225333584</LongitudeDegrees></Position></Trackpoint><Trackpoint><Time>2026-07-27T12:57:46.000Z</Time><Position><LatitudeDegrees>58.628514090258726</LatitudeDegrees><LongitudeDegrees>59.791647150071846</LongitudeDegrees></Position></Trackpoint><Trackpoint><Time>2026-07-27T12:57:47.000Z</Time><Position><LatitudeDegrees>58.62851390990409</LatitudeDegrees><LongitudeDegrees>59.79167133255114</LongitudeDegrees></Position></Trackpoint><Trackpoint><Time>2026-07-27T12:57:48.000Z</Time><Position><LatitudeDegrees>58.628513761991634</LatitudeDegrees><LongitudeDegrees>59.79169505475481</LongitudeDegrees></Position></Trackpoint><Trackpoint><Time>2026-07-27T12:57:49.000Z</Time><Position><LatitudeDegrees>58.62851315681366</LatitudeDegrees><LongitudeDegrees>59.791718969967036</LongitudeDegrees></Position></Trackpoint><Trackpoint><Time>2026-07-27T12:57:50.000Z</Time><Position><LatitudeDegrees>58.62851244099218</LatitudeDegrees><LongitudeDegrees>59.791742832849046</LongitudeDegrees></Position></Trackpoint><Trackpoint><Time>2026-07-27T12:57:51.000Z</Time><Position><LatitudeDegrees>58.628511281868</LatitudeDegrees><LongitudeDegrees>59.79176703868929</LongitudeDegrees></Position></Trackpoint><Trackpoint><Time>2026-07-27T12:57:52.000Z</Time><Position><LatitudeDegrees>58.628509599338194</LatitudeDegrees><LongitudeDegrees>59.791793175094405</LongitudeDegrees></Position></Trackpoint><Trackpoint><Time>2026-07-27T12:57:53.000Z</Time><Position><LatitudeDegrees>58.628508406813275</LatitudeDegrees><LongitudeDegrees>59.79182066888744</LongitudeDegrees></Position></Trackpoint><Trackpoint><Time>2026-07-27T12:57:54.000Z</Time><Position><LatitudeDegrees>58.62850756914747</LatitudeDegrees><LongitudeDegrees>59.79184959940694</LongitudeDegrees></Position></Trackpoint><Trackpoint><Time>2026-07-27T12:57:55.000Z</Time><Position><LatitudeDegrees>58.628506985137626</LatitudeDegrees><LongitudeDegrees>59.79187883570426</LongitudeDegrees></Position></Trackpoint><Trackpoint><Time>2026-07-27T12:57:56.000Z</Time><Position><LatitudeDegrees>58.628506580548546</LatitudeDegrees><LongitudeDegrees>59.7919073831603</LongitudeDegrees></Position></Trackpoint><Trackpoint><Time>2026-07-27T12:57:57.000Z</Time><Position><LatitudeDegrees>58.62850630177931</LatitudeDegrees><LongitudeDegrees>59.791934920569474</LongitudeDegrees></Position></Trackpoint><Trackpoint><Time>2026-07-27T12:57:58.000Z</Time><Position><LatitudeDegrees>58.628506110606494</LatitudeDegrees><LongitudeDegrees>59.79196095567599</LongitudeDegrees></Position></Trackpoint><Trackpoint><Time>2026-07-27T12:57:59.000Z</Time><Position><LatitudeDegrees>58.628505980045546</LatitudeDegrees><LongitudeDegrees>59.79198596818137</LongitudeDegrees></Position></Trackpoint><Trackpoint><Time>2026-07-27T12:58:00.000Z</Time><Position><LatitudeDegrees>58.628505891203886</LatitudeDegrees><LongitudeDegrees>59.79201077650265</LongitudeDegrees></Position></Trackpoint><Trackpoint><Time>2026-07-27T12:58:01.000Z</Time><Position><LatitudeDegrees>58.62850583094632</LatitudeDegrees><LongitudeDegrees>59.792035254287335</LongitudeDegrees></Position></Trackpoint><Trackpoint><Time>2026-07-27T12:58:02.000Z</Time><Position><LatitudeDegrees>58.628505790194595</LatitudeDegrees><LongitudeDegrees>59.79205939192313</LongitudeDegrees></Position></Trackpoint><Trackpoint><Time>2026-07-27T12:58:03.000Z</Time><Position><LatitudeDegrees>58.628506252317074</LatitudeDegrees><LongitudeDegrees>59.792083718719596</LongitudeDegrees></Position></Trackpoint><Trackpoint><Time>2026-07-27T12:58:04.000Z</Time><Position><LatitudeDegrees>58.62850686222719</LatitudeDegrees><LongitudeDegrees>59.79210842838557</LongitudeDegrees></Position></Trackpoint><Trackpoint><Time>2026-07-27T12:58:05.000Z</Time><Position><LatitudeDegrees>58.62850794433077</LatitudeDegrees><LongitudeDegrees>59.792137468441034</LongitudeDegrees></Position></Trackpoint><Trackpoint><Time>2026-07-27T12:58:07.000Z</Time><Position><LatitudeDegrees>58.628509082013004</LatitudeDegrees><LongitudeDegrees>59.79216652309062</LongitudeDegrees></Position></Trackpoint><Trackpoint><Time>2026-07-27T12:58:08.000Z</Time><Position><LatitudeDegrees>58.62851058617521</LatitudeDegrees><LongitudeDegrees>59.79219479229398</LongitudeDegrees></Position></Trackpoint><Trackpoint><Time>2026-07-27T12:58:09.000Z</Time><Position><LatitudeDegrees>58.628512048209146</LatitudeDegrees><LongitudeDegrees>59.792222047378644</LongitudeDegrees></Position></Trackpoint><Trackpoint><Time>2026-07-27T12:58:10.000Z</Time><Position><LatitudeDegrees>58.62851379485403</LatitudeDegrees><LongitudeDegrees>59.79224832433028</LongitudeDegrees></Position></Trackpoint><Trackpoint><Time>2026-07-27T12:58:11.000Z</Time><Position><LatitudeDegrees>58.62851543453197</LatitudeDegrees><LongitudeDegrees>59.79227376351086</LongitudeDegrees></Position></Trackpoint><Trackpoint><Time>2026-07-27T12:58:12.000Z</Time><Position><LatitudeDegrees>58.62851633009656</LatitudeDegrees><LongitudeDegrees>59.792298040642166</LongitudeDegrees></Position></Trackpoint><Trackpoint><Time>2026-07-27T12:58:13.000Z</Time><Position><LatitudeDegrees>58.62851631465547</LatitudeDegrees><LongitudeDegrees>59.79232166093349</LongitudeDegrees></Position></Trackpoint><Trackpoint><Time>2026-07-27T12:58:14.000Z</Time><Position><LatitudeDegrees>58.62851543640309</LatitudeDegrees><LongitudeDegrees>59.79234491675129</LongitudeDegrees></Position></Trackpoint><Trackpoint><Time>2026-07-27T12:58:15.000Z</Time><Position><LatitudeDegrees>58.62851480514923</LatitudeDegrees><LongitudeDegrees>59.79236699606021</LongitudeDegrees></Position></Trackpoint><Trackpoint><Time>2026-07-27T12:58:16.000Z</Time><Position><LatitudeDegrees>58.62851435663807</LatitudeDegrees><LongitudeDegrees>59.792389184272</LongitudeDegrees></Position></Trackpoint><Trackpoint><Time>2026-07-27T12:58:17.000Z</Time><Position><LatitudeDegrees>58.62851404095218</LatitudeDegrees><LongitudeDegrees>59.79241199678455</LongitudeDegrees></Position></Trackpoint><Trackpoint><Time>2026-07-27T12:58:18.000Z</Time><Position><LatitudeDegrees>58.62851382048597</LatitudeDegrees><LongitudeDegrees>59.79243409689601</LongitudeDegrees></Position></Trackpoint><Trackpoint><Time>2026-07-27T12:58:19.000Z</Time><Position><LatitudeDegrees>58.62851317792029</LatitudeDegrees><LongitudeDegrees>59.79245600476481</LongitudeDegrees></Position></Trackpoint><Trackpoint><Time>2026-07-27T12:58:20.000Z</Time><Position><LatitudeDegrees>58.62851293360292</LatitudeDegrees><LongitudeDegrees>59.79248187616854</LongitudeDegrees></Position></Trackpoint><Trackpoint><Time>2026-07-27T12:58:21.000Z</Time><Position><LatitudeDegrees>58.62851239504463</LatitudeDegrees><LongitudeDegrees>59.79250850738572</LongitudeDegrees></Position></Trackpoint><Trackpoint><Time>2026-07-27T12:58:22.000Z</Time><Position><LatitudeDegrees>58.628512294041876</LatitudeDegrees><LongitudeDegrees>59.792533012664244</LongitudeDegrees></Position></Trackpoint><Trackpoint><Time>2026-07-27T12:58:24.000Z</Time><Position><LatitudeDegrees>58.62851238620264</LatitudeDegrees><LongitudeDegrees>59.79255790369051</LongitudeDegrees></Position></Trackpoint><Trackpoint><Time>2026-07-27T12:58:25.000Z</Time><Position><LatitudeDegrees>58.6285130356965</LatitudeDegrees><LongitudeDegrees>59.792581717297494</LongitudeDegrees></Position></Trackpoint><Trackpoint><Time>2026-07-27T12:58:26.000Z</Time><Position><LatitudeDegrees>58.62851432096778</LatitudeDegrees><LongitudeDegrees>59.7926049684106</LongitudeDegrees></Position></Trackpoint><Trackpoint><Time>2026-07-27T12:58:27.000Z</Time><Position><LatitudeDegrees>58.6285161927214</LatitudeDegrees><LongitudeDegrees>59.79262843089913</LongitudeDegrees></Position></Trackpoint><Trackpoint><Time>2026-07-27T12:58:28.000Z</Time><Position><LatitudeDegrees>58.62851806577126</LatitudeDegrees><LongitudeDegrees>59.79265239633856</LongitudeDegrees></Position></Trackpoint><Trackpoint><Time>2026-07-27T12:58:29.000Z</Time><Position><LatitudeDegrees>58.62851969895184</LatitudeDegrees><LongitudeDegrees>59.79267643064579</LongitudeDegrees></Position></Trackpoint><Trackpoint><Time>2026-07-27T12:58:30.000Z</Time><Position><LatitudeDegrees>58.62852053411938</LatitudeDegrees><LongitudeDegrees>59.792700346211845</LongitudeDegrees></Position></Trackpoint><Trackpoint><Time>2026-07-27T12:58:31.000Z</Time><Position><LatitudeDegrees>58.628520443835434</LatitudeDegrees><LongitudeDegrees>59.79272457062395</LongitudeDegrees></Position></Trackpoint><Trackpoint><Time>2026-07-27T12:58:32.000Z</Time><Position><LatitudeDegrees>58.628519984007504</LatitudeDegrees><LongitudeDegrees>59.79274826111565</LongitudeDegrees></Position></Trackpoint><Trackpoint><Time>2026-07-27T12:58:33.000Z</Time><Position><LatitudeDegrees>58.62851943100726</LatitudeDegrees><LongitudeDegrees>59.792771628746074</LongitudeDegrees></Position></Trackpoint><Trackpoint><Time>2026-07-27T12:58:34.000Z</Time><Position><LatitudeDegrees>58.6285189106123</LatitudeDegrees><LongitudeDegrees>59.792792843432714</LongitudeDegrees></Position></Trackpoint><Trackpoint><Time>2026-07-27T12:58:37.000Z</Time><Position><LatitudeDegrees>58.628517980826565</LatitudeDegrees><LongitudeDegrees>59.79281093820302</LongitudeDegrees></Position></Trackpoint><Trackpoint><Time>2026-07-27T12:58:38.000Z</Time><Position><LatitudeDegrees>58.62851631684736</LatitudeDegrees><LongitudeDegrees>59.79283194272541</LongitudeDegrees></Position></Trackpoint><Trackpoint><Time>2026-07-27T12:58:39.000Z</Time><Position><LatitudeDegrees>58.628515933930586</LatitudeDegrees><LongitudeDegrees>59.79283988436584</LongitudeDegrees></Position></Trackpoint><Trackpoint><Time>2026-07-27T12:58:40.000Z</Time><Position><LatitudeDegrees>58.62851593242617</LatitudeDegrees><LongitudeDegrees>59.792847454441784</LongitudeDegrees></Position></Trackpoint><Trackpoint><Time>2026-07-27T12:58:41.000Z</Time><Position><LatitudeDegrees>58.62851636894609</LatitudeDegrees><LongitudeDegrees>59.79285537674522</LongitudeDegrees></Position></Trackpoint><Trackpoint><Time>2026-07-27T12:58:48.000Z</Time><Position><LatitudeDegrees>58.62851734754775</LatitudeDegrees><LongitudeDegrees>59.79286436968236</LongitudeDegrees></Position></Trackpoint><Trackpoint><Time>2026-07-27T12:58:49.000Z</Time><Position><LatitudeDegrees>58.62851919415826</LatitudeDegrees><LongitudeDegrees>59.792878532665796</LongitudeDegrees></Position></Trackpoint><Trackpoint><Time>2026-07-27T12:58:50.000Z</Time><Position><LatitudeDegrees>58.62852067162347</LatitudeDegrees><LongitudeDegrees>59.79289594471293</LongitudeDegrees></Position></Trackpoint><Trackpoint><Time>2026-07-27T12:58:51.000Z</Time><Position><LatitudeDegrees>58.628521807431916</LatitudeDegrees><LongitudeDegrees>59.79291539768668</LongitudeDegrees></Position></Trackpoint><Trackpoint><Time>2026-07-27T12:58:52.000Z</Time><Position><LatitudeDegrees>58.62852265675542</LatitudeDegrees><LongitudeDegrees>59.792936621696654</LongitudeDegrees></Position></Trackpoint><Trackpoint><Time>2026-07-27T12:58:53.000Z</Time><Position><LatitudeDegrees>58.62852229986425</LatitudeDegrees><LongitudeDegrees>59.7929592782832</LongitudeDegrees></Position></Trackpoint><Trackpoint><Time>2026-07-27T12:58:54.000Z</Time><Position><LatitudeDegrees>58.62852149202009</LatitudeDegrees><LongitudeDegrees>59.79298304418829</LongitudeDegrees></Position></Trackpoint><Trackpoint><Time>2026-07-27T12:58:55.000Z</Time><Position><LatitudeDegrees>58.62852158136526</LatitudeDegrees><LongitudeDegrees>59.793007154293534</LongitudeDegrees></Position></Trackpoint><Trackpoint><Time>2026-07-27T12:58:56.000Z</Time><Position><LatitudeDegrees>58.6285220287356</LatitudeDegrees><LongitudeDegrees>59.79303075970946</LongitudeDegrees></Position></Trackpoint><Trackpoint><Time>2026-07-27T12:58:57.000Z</Time><Position><LatitudeDegrees>58.62852256613334</LatitudeDegrees><LongitudeDegrees>59.79305455483243</LongitudeDegrees></Position></Trackpoint><Trackpoint><Time>2026-07-27T12:58:58.000Z</Time><Position><LatitudeDegrees>58.62852307163318</LatitudeDegrees><LongitudeDegrees>59.7930783116788</LongitudeDegrees></Position></Trackpoint><Trackpoint><Time>2026-07-27T12:58:59.000Z</Time><Position><LatitudeDegrees>58.62852251989503</LatitudeDegrees><LongitudeDegrees>59.793101941270024</LongitudeDegrees></Position></Trackpoint><Trackpoint><Time>2026-07-27T12:59:00.000Z</Time><Position><LatitudeDegrees>58.628521113955145</LatitudeDegrees><LongitudeDegrees>59.79312591290542</LongitudeDegrees></Position></Trackpoint><Trackpoint><Time>2026-07-27T12:59:01.000Z</Time><Position><LatitudeDegrees>58.62851904706614</LatitudeDegrees><LongitudeDegrees>59.793148907125364</LongitudeDegrees></Position></Trackpoint><Trackpoint><Time>2026-07-27T12:59:02.000Z</Time><Position><LatitudeDegrees>58.62851697325833</LatitudeDegrees><LongitudeDegrees>59.79317197481405</LongitudeDegrees></Position></Trackpoint><Trackpoint><Time>2026-07-27T12:59:03.000Z</Time><Position><LatitudeDegrees>58.628514673160595</LatitudeDegrees><LongitudeDegrees>59.79319602894165</LongitudeDegrees></Position></Trackpoint><Trackpoint><Time>2026-07-27T12:59:04.000Z</Time><Position><LatitudeDegrees>58.6285130646938</LatitudeDegrees><LongitudeDegrees>59.7932193604493</LongitudeDegrees></Position></Trackpoint><Trackpoint><Time>2026-07-27T12:59:05.000Z</Time><Position><LatitudeDegrees>58.62851194750797</LatitudeDegrees><LongitudeDegrees>59.79324233745798</LongitudeDegrees></Position></Trackpoint><Trackpoint><Time>2026-07-27T12:59:06.000Z</Time><Position><LatitudeDegrees>58.62851166564775</LatitudeDegrees><LongitudeDegrees>59.79326564668222</LongitudeDegrees></Position></Trackpoint><Trackpoint><Time>2026-07-27T12:59:07.000Z</Time><Position><LatitudeDegrees>58.628511763978814</LatitudeDegrees><LongitudeDegrees>59.79328903868398</LongitudeDegrees></Position></Trackpoint><Trackpoint><Time>2026-07-27T12:59:08.000Z</Time><Position><LatitudeDegrees>58.62851200626468</LatitudeDegrees><LongitudeDegrees>59.7933128897226</LongitudeDegrees></Position></Trackpoint><Trackpoint><Time>2026-07-27T12:59:09.000Z</Time><Position><LatitudeDegrees>58.6285122767389</LatitudeDegrees><LongitudeDegrees>59.79333729583754</LongitudeDegrees></Position></Trackpoint><Trackpoint><Time>2026-07-27T12:59:10.000Z</Time><Position><LatitudeDegrees>58.62851252410708</LatitudeDegrees><LongitudeDegrees>59.79336173572723</LongitudeDegrees></Position></Trackpoint><Trackpoint><Time>2026-07-27T12:59:11.000Z</Time><Position><LatitudeDegrees>58.628513219820704</LatitudeDegrees><LongitudeDegrees>59.79338599036736</LongitudeDegrees></Position></Trackpoint><Trackpoint><Time>2026-07-27T12:59:12.000Z</Time><Position><LatitudeDegrees>58.628514010884146</LatitudeDegrees><LongitudeDegrees>59.7934095037223</LongitudeDegrees></Position></Trackpoint><Trackpoint><Time>2026-07-27T12:59:13.000Z</Time><Position><LatitudeDegrees>58.62851473968402</LatitudeDegrees><LongitudeDegrees>59.7934331211621</LongitudeDegrees></Position></Trackpoint><Trackpoint><Time>2026-07-27T12:59:14.000Z</Time><Position><LatitudeDegrees>58.62851485969071</LatitudeDegrees><LongitudeDegrees>59.793456198257964</LongitudeDegrees></Position></Trackpoint><Trackpoint><Time>2026-07-27T12:59:15.000Z</Time><Position><LatitudeDegrees>58.628515203184</LatitudeDegrees><LongitudeDegrees>59.793479028575575</LongitudeDegrees></Position></Trackpoint><Trackpoint><Time>2026-07-27T12:59:16.000Z</Time><Position><LatitudeDegrees>58.62851510501907</LatitudeDegrees><LongitudeDegrees>59.793500785467444</LongitudeDegrees></Position></Trackpoint><Trackpoint><Time>2026-07-27T12:59:17.000Z</Time><Position><LatitudeDegrees>58.62851532717449</LatitudeDegrees><LongitudeDegrees>59.793524203928854</LongitudeDegrees></Position></Trackpoint><Trackpoint><Time>2026-07-27T12:59:19.000Z</Time><Position><LatitudeDegrees>58.6285156527352</LatitudeDegrees><LongitudeDegrees>59.793547259398416</LongitudeDegrees></Position></Trackpoint><Trackpoint><Time>2026-07-27T12:59:20.000Z</Time><Position><LatitudeDegrees>58.628516468707055</LatitudeDegrees><LongitudeDegrees>59.79357063351555</LongitudeDegrees></Position></Trackpoint><Trackpoint><Time>2026-07-27T12:59:21.000Z</Time><Position><LatitudeDegrees>58.62851738191782</LatitudeDegrees><LongitudeDegrees>59.79359456610416</LongitudeDegrees></Position></Trackpoint><Trackpoint><Time>2026-07-27T12:59:22.000Z</Time><Position><LatitudeDegrees>58.628518707576205</LatitudeDegrees><LongitudeDegrees>59.79361859464215</LongitudeDegrees></Position></Trackpoint><Trackpoint><Time>2026-07-27T12:59:23.000Z</Time><Position><LatitudeDegrees>58.62852003294803</LatitudeDegrees><LongitudeDegrees>59.793643005943146</LongitudeDegrees></Position></Trackpoint><Trackpoint><Time>2026-07-27T12:59:24.000Z</Time><Position><LatitudeDegrees>58.62852118809238</LatitudeDegrees><LongitudeDegrees>59.793666400167666</LongitudeDegrees></Position></Trackpoint><Trackpoint><Time>2026-07-27T12:59:25.000Z</Time><Position><LatitudeDegrees>58.628522124870344</LatitudeDegrees><LongitudeDegrees>59.793688331355355</LongitudeDegrees></Position></Trackpoint><Trackpoint><Time>2026-07-27T12:59:26.000Z</Time><Position><LatitudeDegrees>58.628522851483716</LatitudeDegrees><LongitudeDegrees>59.793709293234045</LongitudeDegrees></Position></Trackpoint><Trackpoint><Time>2026-07-27T12:59:27.000Z</Time><Position><LatitudeDegrees>58.62852290867396</LatitudeDegrees><LongitudeDegrees>59.79372961354666</LongitudeDegrees></Position></Trackpoint><Trackpoint><Time>2026-07-27T12:59:28.000Z</Time><Position><LatitudeDegrees>58.62852219322253</LatitudeDegrees><LongitudeDegrees>59.79374950961271</LongitudeDegrees></Position></Trackpoint><Trackpoint><Time>2026-07-27T12:59:29.000Z</Time><Position><LatitudeDegrees>58.6285212513986</LatitudeDegrees><LongitudeDegrees>59.79376961499363</LongitudeDegrees></Position></Trackpoint><Trackpoint><Time>2026-07-27T12:59:30.000Z</Time><Position><LatitudeDegrees>58.62852082683922</LatitudeDegrees><LongitudeDegrees>59.79379114296714</LongitudeDegrees></Position></Trackpoint><Trackpoint><Time>2026-07-27T12:59:31.000Z</Time><Position><LatitudeDegrees>58.62852018018757</LatitudeDegrees><LongitudeDegrees>59.79381343139263</LongitudeDegrees></Position></Trackpoint><Trackpoint><Time>2026-07-27T12:59:32.000Z</Time><Position><LatitudeDegrees>58.628520014678294</LatitudeDegrees><LongitudeDegrees>59.79383366192255</LongitudeDegrees></Position></Trackpoint><Trackpoint><Time>2026-07-27T12:59:36.000Z</Time><Position><LatitudeDegrees>58.62852006856236</LatitudeDegrees><LongitudeDegrees>59.79385093799518</LongitudeDegrees></Position></Trackpoint><Trackpoint><Time>2026-07-27T12:59:37.000Z</Time><Position><LatitudeDegrees>58.62852038992435</LatitudeDegrees><LongitudeDegrees>59.79386834864585</LongitudeDegrees></Position></Trackpoint><Trackpoint><Time>2026-07-27T12:59:38.000Z</Time><Position><LatitudeDegrees>58.62851992250498</LatitudeDegrees><LongitudeDegrees>59.79387595311928</LongitudeDegrees></Position></Trackpoint><Trackpoint><Time>2026-07-27T12:59:40.000Z</Time><Position><LatitudeDegrees>58.62851888466147</LatitudeDegrees><LongitudeDegrees>59.79388407018159</LongitudeDegrees></Position></Trackpoint><Trackpoint><Time>2026-07-27T12:59:41.000Z</Time><Position><LatitudeDegrees>58.62851689687657</LatitudeDegrees><LongitudeDegrees>59.79389781084071</LongitudeDegrees></Position></Trackpoint><Trackpoint><Time>2026-07-27T12:59:42.000Z</Time><Position><LatitudeDegrees>58.628515979847386</LatitudeDegrees><LongitudeDegrees>59.793904091381364</LongitudeDegrees></Position></Trackpoint><Trackpoint><Time>2026-07-27T12:59:43.000Z</Time><Position><LatitudeDegrees>58.62851526287369</LatitudeDegrees><LongitudeDegrees>59.79391539585995</LongitudeDegrees></Position></Trackpoint><Trackpoint><Time>2026-07-27T12:59:44.000Z</Time><Position><LatitudeDegrees>58.628514720312005</LatitudeDegrees><LongitudeDegrees>59.793930256114706</LongitudeDegrees></Position></Trackpoint><Trackpoint><Time>2026-07-27T12:59:45.000Z</Time><Position><LatitudeDegrees>58.628514808826594</LatitudeDegrees><LongitudeDegrees>59.79394614229732</LongitudeDegrees></Position></Trackpoint><Trackpoint><Time>2026-07-27T12:59:46.000Z</Time><Position><LatitudeDegrees>58.62851514587872</LatitudeDegrees><LongitudeDegrees>59.79396237046623</LongitudeDegrees></Position></Trackpoint><Trackpoint><Time>2026-07-27T12:59:47.000Z</Time><Position><LatitudeDegrees>58.62851554202677</LatitudeDegrees><LongitudeDegrees>59.793978615058066</LongitudeDegrees></Position></Trackpoint><Trackpoint><Time>2026-07-27T12:59:48.000Z</Time><Position><LatitudeDegrees>58.62851591166748</LatitudeDegrees><LongitudeDegrees>59.79399522949773</LongitudeDegrees></Position></Trackpoint><Trackpoint><Time>2026-07-27T12:59:49.000Z</Time><Position><LatitudeDegrees>58.62851671255938</LatitudeDegrees><LongitudeDegrees>59.79401231186799</LongitudeDegrees></Position></Trackpoint><Trackpoint><Time>2026-07-27T12:59:50.000Z</Time><Position><LatitudeDegrees>58.62851856748288</LatitudeDegrees><LongitudeDegrees>59.79402935289377</LongitudeDegrees></Position></Trackpoint><Trackpoint><Time>2026-07-27T12:59:51.000Z</Time><Position><LatitudeDegrees>58.62852257685759</LatitudeDegrees><LongitudeDegrees>59.79404712736638</LongitudeDegrees></Position></Trackpoint><Trackpoint><Time>2026-07-27T12:59:52.000Z</Time><Position><LatitudeDegrees>58.62852793813122</LatitudeDegrees><LongitudeDegrees>59.79406488101268</LongitudeDegrees></Position></Trackpoint><Trackpoint><Time>2026-07-27T12:59:53.000Z</Time><Position><LatitudeDegrees>58.62853365766117</LatitudeDegrees><LongitudeDegrees>59.79408279548148</LongitudeDegrees></Position></Trackpoint><Trackpoint><Time>2026-07-27T12:59:54.000Z</Time><Position><LatitudeDegrees>58.62853928025063</LatitudeDegrees><LongitudeDegrees>59.79410092494049</LongitudeDegrees></Position></Trackpoint><Trackpoint><Time>2026-07-27T12:59:55.000Z</Time><Position><LatitudeDegrees>58.62854512048715</LatitudeDegrees><LongitudeDegrees>59.79411828488288</LongitudeDegrees></Position></Trackpoint><Trackpoint><Time>2026-07-27T12:59:56.000Z</Time><Position><LatitudeDegrees>58.6285507903831</LatitudeDegrees><LongitudeDegrees>59.794136527064666</LongitudeDegrees></Position></Trackpoint><Trackpoint><Time>2026-07-27T12:59:57.000Z</Time><Position><LatitudeDegrees>58.62855664162579</LatitudeDegrees><LongitudeDegrees>59.79415523927874</LongitudeDegrees></Position></Trackpoint><Trackpoint><Time>2026-07-27T12:59:58.000Z</Time><Position><LatitudeDegrees>58.62856328538684</LatitudeDegrees><LongitudeDegrees>59.79417321221529</LongitudeDegrees></Position></Trackpoint><Trackpoint><Time>2026-07-27T12:59:59.000Z</Time><Position><LatitudeDegrees>58.62856989242732</LatitudeDegrees><LongitudeDegrees>59.79419004272537</LongitudeDegrees></Position></Trackpoint><Trackpoint><Time>2026-07-27T13:00:00.000Z</Time><Position><LatitudeDegrees>58.6285756363414</LatitudeDegrees><LongitudeDegrees>59.79420473218626</LongitudeDegrees></Position></Trackpoint><Trackpoint><Time>2026-07-27T13:00:03.000Z</Time><Position><LatitudeDegrees>58.628579797957954</LatitudeDegrees><LongitudeDegrees>59.79421763374286</LongitudeDegrees></Position></Trackpoint><Trackpoint><Time>2026-07-27T13:00:04.000Z</Time><Position><LatitudeDegrees>58.628582773794435</LatitudeDegrees><LongitudeDegrees>59.79423059113869</LongitudeDegrees></Position></Trackpoint><Trackpoint><Time>2026-07-27T13:00:05.000Z</Time><Position><LatitudeDegrees>58.62858487934303</LatitudeDegrees><LongitudeDegrees>59.79424435652194</LongitudeDegrees></Position></Trackpoint><Trackpoint><Time>2026-07-27T13:00:06.000Z</Time><Position><LatitudeDegrees>58.6285868458447</LatitudeDegrees><LongitudeDegrees>59.79425864633773</LongitudeDegrees></Position></Trackpoint><Trackpoint><Time>2026-07-27T13:00:07.000Z</Time><Position><LatitudeDegrees>58.62858801307408</LatitudeDegrees><LongitudeDegrees>59.79427376610919</LongitudeDegrees></Position></Trackpoint><Trackpoint><Time>2026-07-27T13:00:08.000Z</Time><Position><LatitudeDegrees>58.62858870132435</LatitudeDegrees><LongitudeDegrees>59.79429022474802</LongitudeDegrees></Position></Trackpoint><Trackpoint><Time>2026-07-27T13:00:09.000Z</Time><Position><LatitudeDegrees>58.62858910397917</LatitudeDegrees><LongitudeDegrees>59.79430757038879</LongitudeDegrees></Position></Trackpoint><Trackpoint><Time>2026-07-27T13:00:10.000Z</Time><Position><LatitudeDegrees>58.62858835811488</LatitudeDegrees><LongitudeDegrees>59.7943255030929</LongitudeDegrees></Position></Trackpoint><Trackpoint><Time>2026-07-27T13:00:11.000Z</Time><Position><LatitudeDegrees>58.62858674537207</LatitudeDegrees><LongitudeDegrees>59.79434333437633</LongitudeDegrees></Position></Trackpoint><Trackpoint><Time>2026-07-27T13:00:12.000Z</Time><Position><LatitudeDegrees>58.628584982612864</LatitudeDegrees><LongitudeDegrees>59.79436177293681</LongitudeDegrees></Position></Trackpoint><Trackpoint><Time>2026-07-27T13:00:13.000Z</Time><Position><LatitudeDegrees>58.628582894708764</LatitudeDegrees><LongitudeDegrees>59.79438152230725</LongitudeDegrees></Position></Trackpoint><Trackpoint><Time>2026-07-27T13:00:14.000Z</Time><Position><LatitudeDegrees>58.62858094087848</LatitudeDegrees><LongitudeDegrees>59.794401724764235</LongitudeDegrees></Position></Trackpoint><Trackpoint><Time>2026-07-27T13:00:15.000Z</Time><Position><LatitudeDegrees>58.62857880342481</LatitudeDegrees><LongitudeDegrees>59.79442245852631</LongitudeDegrees></Position></Trackpoint><Trackpoint><Time>2026-07-27T13:00:16.000Z</Time><Position><LatitudeDegrees>58.62857637507722</LatitudeDegrees><LongitudeDegrees>59.794444177224904</LongitudeDegrees></Position></Trackpoint><Trackpoint><Time>2026-07-27T13:00:17.000Z</Time><Position><LatitudeDegrees>58.62857364899394</LatitudeDegrees><LongitudeDegrees>59.79446645165483</LongitudeDegrees></Position></Trackpoint><Trackpoint><Time>2026-07-27T13:00:18.000Z</Time><Position><LatitudeDegrees>58.6285701709606</LatitudeDegrees><LongitudeDegrees>59.79448952333842</LongitudeDegrees></Position></Trackpoint><Trackpoint><Time>2026-07-27T13:00:19.000Z</Time><Position><LatitudeDegrees>58.62856634003884</LatitudeDegrees><LongitudeDegrees>59.794511920584476</LongitudeDegrees></Position></Trackpoint><Trackpoint><Time>2026-07-27T13:00:20.000Z</Time><Position><LatitudeDegrees>58.62856285547887</LatitudeDegrees><LongitudeDegrees>59.79453410308575</LongitudeDegrees></Position></Trackpoint><Trackpoint><Time>2026-07-27T13:00:21.000Z</Time><Position><LatitudeDegrees>58.62855947118961</LatitudeDegrees><LongitudeDegrees>59.79455677733184</LongitudeDegrees></Position></Trackpoint><Trackpoint><Time>2026-07-27T13:00:22.000Z</Time><Position><LatitudeDegrees>58.62855607295296</LatitudeDegrees><LongitudeDegrees>59.794579681553394</LongitudeDegrees></Position></Trackpoint><Trackpoint><Time>2026-07-27T13:00:23.000Z</Time><Position><LatitudeDegrees>58.62855261552022</LatitudeDegrees><LongitudeDegrees>59.79460267842807</LongitudeDegrees></Position></Trackpoint><Trackpoint><Time>2026-07-27T13:00:24.000Z</Time><Position><LatitudeDegrees>58.628548598243576</LatitudeDegrees><LongitudeDegrees>59.79462569951006</LongitudeDegrees></Position></Trackpoint><Trackpoint><Time>2026-07-27T13:00:25.000Z</Time><Position><LatitudeDegrees>58.628545845237156</LatitudeDegrees><LongitudeDegrees>59.794647734282876</LongitudeDegrees></Position></Trackpoint><Trackpoint><Time>2026-07-27T13:00:26.000Z</Time><Position><LatitudeDegrees>58.62854298702234</LatitudeDegrees><LongitudeDegrees>59.794668493173425</LongitudeDegrees></Position></Trackpoint><Trackpoint><Time>2026-07-27T13:00:27.000Z</Time><Position><LatitudeDegrees>58.62853996271613</LatitudeDegrees><LongitudeDegrees>59.794687531072796</LongitudeDegrees></Position></Trackpoint><Trackpoint><Time>2026-07-27T13:00:28.000Z</Time><Position><LatitudeDegrees>58.62853725817306</LatitudeDegrees><LongitudeDegrees>59.79470537516752</LongitudeDegrees></Position></Trackpoint><Trackpoint><Time>2026-07-27T13:00:29.000Z</Time><Position><LatitudeDegrees>58.62853503244313</LatitudeDegrees><LongitudeDegrees>59.79472337501485</LongitudeDegrees></Position></Trackpoint><Trackpoint><Time>2026-07-27T13:00:30.000Z</Time><Position><LatitudeDegrees>58.62853279996287</LatitudeDegrees><LongitudeDegrees>59.79474157680624</LongitudeDegrees></Position></Trackpoint><Trackpoint><Time>2026-07-27T13:00:31.000Z</Time><Position><LatitudeDegrees>58.62853036162743</LatitudeDegrees><LongitudeDegrees>59.79476144247751</LongitudeDegrees></Position></Trackpoint><Trackpoint><Time>2026-07-27T13:00:32.000Z</Time><Position><LatitudeDegrees>58.62852766186001</LatitudeDegrees><LongitudeDegrees>59.79478336054612</LongitudeDegrees></Position></Trackpoint><Trackpoint><Time>2026-07-27T13:00:33.000Z</Time><Position><LatitudeDegrees>58.62852471132663</LatitudeDegrees><LongitudeDegrees>59.794806737983805</LongitudeDegrees></Position></Trackpoint><Trackpoint><Time>2026-07-27T13:00:34.000Z</Time><Position><LatitudeDegrees>58.62852154660533</LatitudeDegrees><LongitudeDegrees>59.794830164032696</LongitudeDegrees></Position></Trackpoint><Trackpoint><Time>2026-07-27T13:00:35.000Z</Time><Position><LatitudeDegrees>58.628518210250874</LatitudeDegrees><LongitudeDegrees>59.794853541067106</LongitudeDegrees></Position></Trackpoint><Trackpoint><Time>2026-07-27T13:00:36.000Z</Time><Position><LatitudeDegrees>58.62851474181759</LatitudeDegrees><LongitudeDegrees>59.7948778143937</LongitudeDegrees></Position></Trackpoint><Trackpoint><Time>2026-07-27T13:00:37.000Z</Time><Position><LatitudeDegrees>58.62851117454738</LatitudeDegrees><LongitudeDegrees>59.79490325828353</LongitudeDegrees></Position></Trackpoint><Trackpoint><Time>2026-07-27T13:00:38.000Z</Time><Position><LatitudeDegrees>58.62850704520532</LatitudeDegrees><LongitudeDegrees>59.79492934583993</LongitudeDegrees></Position></Trackpoint><Trackpoint><Time>2026-07-27T13:00:39.000Z</Time><Position><LatitudeDegrees>58.628502724767515</LatitudeDegrees><LongitudeDegrees>59.794955287845035</LongitudeDegrees></Position></Trackpoint><Trackpoint><Time>2026-07-27T13:00:40.000Z</Time><Position><LatitudeDegrees>58.62849839054114</LatitudeDegrees><LongitudeDegrees>59.794979309122034</LongitudeDegrees></Position></Trackpoint><Trackpoint><Time>2026-07-27T13:00:41.000Z</Time><Position><LatitudeDegrees>58.62849411731695</LatitudeDegrees><LongitudeDegrees>59.7950019043377</LongitudeDegrees></Position></Trackpoint><Trackpoint><Time>2026-07-27T13:00:42.000Z</Time><Position><LatitudeDegrees>58.62848992806672</LatitudeDegrees><LongitudeDegrees>59.79502346024514</LongitudeDegrees></Position></Trackpoint><Trackpoint><Time>2026-07-27T13:00:43.000Z</Time><Position><LatitudeDegrees>58.628485331862464</LatitudeDegrees><LongitudeDegrees>59.79504426951579</LongitudeDegrees></Position></Trackpoint><Trackpoint><Time>2026-07-27T13:00:44.000Z</Time><Position><LatitudeDegrees>58.62848017875559</LatitudeDegrees><LongitudeDegrees>59.79506503812185</LongitudeDegrees></Position></Trackpoint><Trackpoint><Time>2026-07-27T13:00:45.000Z</Time><Position><LatitudeDegrees>58.62847447846987</LatitudeDegrees><LongitudeDegrees>59.795087041246674</LongitudeDegrees></Position></Trackpoint><Trackpoint><Time>2026-07-27T13:00:46.000Z</Time><Position><LatitudeDegrees>58.62846879485008</LatitudeDegrees><LongitudeDegrees>59.79511064560469</LongitudeDegrees></Position></Trackpoint><Trackpoint><Time>2026-07-27T13:00:47.000Z</Time><Position><LatitudeDegrees>58.62846286835663</LatitudeDegrees><LongitudeDegrees>59.79513530709464</LongitudeDegrees></Position></Trackpoint><Trackpoint><Time>2026-07-27T13:00:48.000Z</Time><Position><LatitudeDegrees>58.628457112885556</LatitudeDegrees><LongitudeDegrees>59.79516115556683</LongitudeDegrees></Position></Trackpoint><Trackpoint><Time>2026-07-27T13:00:49.000Z</Time><Position><LatitudeDegrees>58.628451676942575</LatitudeDegrees><LongitudeDegrees>59.79518711292933</LongitudeDegrees></Position></Trackpoint><Trackpoint><Time>2026-07-27T13:00:50.000Z</Time><Position><LatitudeDegrees>58.628447070286974</LatitudeDegrees><LongitudeDegrees>59.79521321082264</LongitudeDegrees></Position></Trackpoint><Trackpoint><Time>2026-07-27T13:00:51.000Z</Time><Position><LatitudeDegrees>58.62844290680622</LatitudeDegrees><LongitudeDegrees>59.795238954629845</LongitudeDegrees></Position></Trackpoint><Trackpoint><Time>2026-07-27T13:00:52.000Z</Time><Position><LatitudeDegrees>58.628438480994866</LatitudeDegrees><LongitudeDegrees>59.79526467570823</LongitudeDegrees></Position></Trackpoint><Trackpoint><Time>2026-07-27T13:00:53.000Z</Time><Position><LatitudeDegrees>58.628434515193206</LatitudeDegrees><LongitudeDegrees>59.79529051343899</LongitudeDegrees></Position></Trackpoint><Trackpoint><Time>2026-07-27T13:00:54.000Z</Time><Position><LatitudeDegrees>58.628430758232895</LatitudeDegrees><LongitudeDegrees>59.79531553103056</LongitudeDegrees></Position></Trackpoint><Trackpoint><Time>2026-07-27T13:00:55.000Z</Time><Position><LatitudeDegrees>58.62842707986997</LatitudeDegrees><LongitudeDegrees>59.79534042716579</LongitudeDegrees></Position></Trackpoint><Trackpoint><Time>2026-07-27T13:00:56.000Z</Time><Position><LatitudeDegrees>58.628423905988384</LatitudeDegrees><LongitudeDegrees>59.79536648439555</LongitudeDegrees></Position></Trackpoint><Trackpoint><Time>2026-07-27T13:00:57.000Z</Time><Position><LatitudeDegrees>58.62842085762131</LatitudeDegrees><LongitudeDegrees>59.795392613060486</LongitudeDegrees></Position></Trackpoint><Trackpoint><Time>2026-07-27T13:00:58.000Z</Time><Position><LatitudeDegrees>58.62841776258797</LatitudeDegrees><LongitudeDegrees>59.79541884484455</LongitudeDegrees></Position></Trackpoint><Trackpoint><Time>2026-07-27T13:00:59.000Z</Time><Position><LatitudeDegrees>58.62841455596814</LatitudeDegrees><LongitudeDegrees>59.79544420033983</LongitudeDegrees></Position></Trackpoint><Trackpoint><Time>2026-07-27T13:01:00.000Z</Time><Position><LatitudeDegrees>58.628410735736836</LatitudeDegrees><LongitudeDegrees>59.79546887827445</LongitudeDegrees></Position></Trackpoint><Trackpoint><Time>2026-07-27T13:01:01.000Z</Time><Position><LatitudeDegrees>58.62840715312077</LatitudeDegrees><LongitudeDegrees>59.79549206823392</LongitudeDegrees></Position></Trackpoint><Trackpoint><Time>2026-07-27T13:01:02.000Z</Time><Position><LatitudeDegrees>58.62840412818593</LatitudeDegrees><LongitudeDegrees>59.79551460666313</LongitudeDegrees></Position></Trackpoint><Trackpoint><Time>2026-07-27T13:01:03.000Z</Time><Position><LatitudeDegrees>58.62840074194738</LatitudeDegrees><LongitudeDegrees>59.79553741127152</LongitudeDegrees></Position></Trackpoint><Trackpoint><Time>2026-07-27T13:01:04.000Z</Time><Position><LatitudeDegrees>58.62839715191989</LatitudeDegrees><LongitudeDegrees>59.795561315449355</LongitudeDegrees></Position></Trackpoint><Trackpoint><Time>2026-07-27T13:01:05.000Z</Time><Position><LatitudeDegrees>58.62839344912929</LatitudeDegrees><LongitudeDegrees>59.795587010897094</LongitudeDegrees></Position></Trackpoint><Trackpoint><Time>2026-07-27T13:01:06.000Z</Time><Position><LatitudeDegrees>58.628390175146656</LatitudeDegrees><LongitudeDegrees>59.79561259413079</LongitudeDegrees></Position></Trackpoint><Trackpoint><Time>2026-07-27T13:01:07.000Z</Time><Position><LatitudeDegrees>58.62838700836153</LatitudeDegrees><LongitudeDegrees>59.79563827485601</LongitudeDegrees></Position></Trackpoint><Trackpoint><Time>2026-07-27T13:01:08.000Z</Time><Position><LatitudeDegrees>58.62838331295475</LatitudeDegrees><LongitudeDegrees>59.79566363731301</LongitudeDegrees></Position></Trackpoint><Trackpoint><Time>2026-07-27T13:01:09.000Z</Time><Position><LatitudeDegrees>58.628379384533204</LatitudeDegrees><LongitudeDegrees>59.79568806151668</LongitudeDegrees></Position></Trackpoint><Trackpoint><Time>2026-07-27T13:01:10.000Z</Time><Position><LatitudeDegrees>58.628375374744735</LatitudeDegrees><LongitudeDegrees>59.795709943728006</LongitudeDegrees></Position></Trackpoint><Trackpoint><Time>2026-07-27T13:01:11.000Z</Time><Position><LatitudeDegrees>58.62837184609694</LatitudeDegrees><LongitudeDegrees>59.79573041856652</LongitudeDegrees></Position></Trackpoint><Trackpoint><Time>2026-07-27T13:01:12.000Z</Time><Position><LatitudeDegrees>58.628368968495515</LatitudeDegrees><LongitudeDegrees>59.79575013394055</LongitudeDegrees></Position></Trackpoint><Trackpoint><Time>2026-07-27T13:01:13.000Z</Time><Position><LatitudeDegrees>58.62836623874187</LatitudeDegrees><LongitudeDegrees>59.795769943767084</LongitudeDegrees></Position></Trackpoint><Trackpoint><Time>2026-07-27T13:01:14.000Z</Time><Position><LatitudeDegrees>58.628363920236616</LatitudeDegrees><LongitudeDegrees>59.795790187594775</LongitudeDegrees></Position></Trackpoint><Trackpoint><Time>2026-07-27T13:01:15.000Z</Time><Position><LatitudeDegrees>58.62836108945256</LatitudeDegrees><LongitudeDegrees>59.79581045994707</LongitudeDegrees></Position></Trackpoint><Trackpoint><Time>2026-07-27T13:01:16.000Z</Time><Position><LatitudeDegrees>58.62835743180063</LatitudeDegrees><LongitudeDegrees>59.795831569395354</LongitudeDegrees></Position></Trackpoint><Trackpoint><Time>2026-07-27T13:01:17.000Z</Time><Position><LatitudeDegrees>58.628353413460395</LatitudeDegrees><LongitudeDegrees>59.79585374149629</LongitudeDegrees></Position></Trackpoint><Trackpoint><Time>2026-07-27T13:01:18.000Z</Time><Position><LatitudeDegrees>58.62834878310334</LatitudeDegrees><LongitudeDegrees>59.79587644314114</LongitudeDegrees></Position></Trackpoint><Trackpoint><Time>2026-07-27T13:01:19.000Z</Time><Position><LatitudeDegrees>58.628343515775434</LatitudeDegrees><LongitudeDegrees>59.795899876422425</LongitudeDegrees></Position></Trackpoint><Trackpoint><Time>2026-07-27T13:01:20.000Z</Time><Position><LatitudeDegrees>58.62833768295401</LatitudeDegrees><LongitudeDegrees>59.795924030664146</LongitudeDegrees></Position></Trackpoint><Trackpoint><Time>2026-07-27T13:01:21.000Z</Time><Position><LatitudeDegrees>58.62833187626668</LatitudeDegrees><LongitudeDegrees>59.79594929854601</LongitudeDegrees></Position></Trackpoint><Trackpoint><Time>2026-07-27T13:01:22.000Z</Time><Position><LatitudeDegrees>58.62832633601115</LatitudeDegrees><LongitudeDegrees>59.79597569885259</LongitudeDegrees></Position></Trackpoint><Trackpoint><Time>2026-07-27T13:01:23.000Z</Time><Position><LatitudeDegrees>58.628321126953914</LatitudeDegrees><LongitudeDegrees>59.796002604364375</LongitudeDegrees></Position></Trackpoint><Trackpoint><Time>2026-07-27T13:01:24.000Z</Time><Position><LatitudeDegrees>58.62831623325916</LatitudeDegrees><LongitudeDegrees>59.79602920231853</LongitudeDegrees></Position></Trackpoint><Trackpoint><Time>2026-07-27T13:01:25.000Z</Time><Position><LatitudeDegrees>58.62831209753952</LatitudeDegrees><LongitudeDegrees>59.796054707856136</LongitudeDegrees></Position></Trackpoint><Trackpoint><Time>2026-07-27T13:01:26.000Z</Time><Position><LatitudeDegrees>58.62830782557142</LatitudeDegrees><LongitudeDegrees>59.79607893795613</LongitudeDegrees></Position></Trackpoint><Trackpoint><Time>2026-07-27T13:01:27.000Z</Time><Position><LatitudeDegrees>58.62830306657106</LatitudeDegrees><LongitudeDegrees>59.796102960166074</LongitudeDegrees></Position></Trackpoint><Trackpoint><Time>2026-07-27T13:01:28.000Z</Time><Position><LatitudeDegrees>58.628297738583825</LatitudeDegrees><LongitudeDegrees>59.796127240820006</LongitudeDegrees></Position></Trackpoint><Trackpoint><Time>2026-07-27T13:01:29.000Z</Time><Position><LatitudeDegrees>58.62829286010792</LatitudeDegrees><LongitudeDegrees>59.79615193879896</LongitudeDegrees></Position></Trackpoint><Trackpoint><Time>2026-07-27T13:01:30.000Z</Time><Position><LatitudeDegrees>58.62828781367953</LatitudeDegrees><LongitudeDegrees>59.79617657636177</LongitudeDegrees></Position></Trackpoint><Trackpoint><Time>2026-07-27T13:01:31.000Z</Time><Position><LatitudeDegrees>58.62828285617353</LatitudeDegrees><LongitudeDegrees>59.796201943734275</LongitudeDegrees></Position></Trackpoint><Trackpoint><Time>2026-07-27T13:01:32.000Z</Time><Position><LatitudeDegrees>58.6282780819665</LatitudeDegrees><LongitudeDegrees>59.796228272687834</LongitudeDegrees></Position></Trackpoint><Trackpoint><Time>2026-07-27T13:01:33.000Z</Time><Position><LatitudeDegrees>58.62827301678911</LatitudeDegrees><LongitudeDegrees>59.79625455603492</LongitudeDegrees></Position></Trackpoint><Trackpoint><Time>2026-07-27T13:01:34.000Z</Time><Position><LatitudeDegrees>58.62826799227766</LatitudeDegrees><LongitudeDegrees>59.79628087444627</LongitudeDegrees></Position></Trackpoint><Trackpoint><Time>2026-07-27T13:01:35.000Z</Time><Position><LatitudeDegrees>58.62826362940223</LatitudeDegrees><LongitudeDegrees>59.796306767033705</LongitudeDegrees></Position></Trackpoint><Trackpoint><Time>2026-07-27T13:01:36.000Z</Time><Position><LatitudeDegrees>58.62825960936841</LatitudeDegrees><LongitudeDegrees>59.796332098641976</LongitudeDegrees></Position></Trackpoint><Trackpoint><Time>2026-07-27T13:01:37.000Z</Time><Position><LatitudeDegrees>58.628255756882844</LatitudeDegrees><LongitudeDegrees>59.79635737522108</LongitudeDegrees></Position></Trackpoint><Trackpoint><Time>2026-07-27T13:01:38.000Z</Time><Position><LatitudeDegrees>58.62825148863868</LatitudeDegrees><LongitudeDegrees>59.796382812201</LongitudeDegrees></Position></Trackpoint><Trackpoint><Time>2026-07-27T13:01:39.000Z</Time><Position><LatitudeDegrees>58.628247596993944</LatitudeDegrees><LongitudeDegrees>59.7964084777158</LongitudeDegrees></Position></Trackpoint><Trackpoint><Time>2026-07-27T13:01:40.000Z</Time><Position><LatitudeDegrees>58.6282438703215</LatitudeDegrees><LongitudeDegrees>59.79643388088263</LongitudeDegrees></Position></Trackpoint><Trackpoint><Time>2026-07-27T13:01:41.000Z</Time><Position><LatitudeDegrees>58.628240200292296</LatitudeDegrees><LongitudeDegrees>59.796458853211526</LongitudeDegrees></Position></Trackpoint><Trackpoint><Time>2026-07-27T13:01:42.000Z</Time><Position><LatitudeDegrees>58.628236535022744</LatitudeDegrees><LongitudeDegrees>59.79648387022072</LongitudeDegrees></Position></Trackpoint><Trackpoint><Time>2026-07-27T13:01:43.000Z</Time><Position><LatitudeDegrees>58.628233342145165</LatitudeDegrees><LongitudeDegrees>59.79650912200982</LongitudeDegrees></Position></Trackpoint><Trackpoint><Time>2026-07-27T13:01:44.000Z</Time><Position><LatitudeDegrees>58.62822977439413</LatitudeDegrees><LongitudeDegrees>59.79653514634517</LongitudeDegrees></Position></Trackpoint><Trackpoint><Time>2026-07-27T13:01:45.000Z</Time><Position><LatitudeDegrees>58.62822602056252</LatitudeDegrees><LongitudeDegrees>59.796561086320494</LongitudeDegrees></Position></Trackpoint><Trackpoint><Time>2026-07-27T13:01:46.000Z</Time><Position><LatitudeDegrees>58.628222182284716</LatitudeDegrees><LongitudeDegrees>59.79658611025008</LongitudeDegrees></Position></Trackpoint><Trackpoint><Time>2026-07-27T13:01:47.000Z</Time><Position><LatitudeDegrees>58.628218312255676</LatitudeDegrees><LongitudeDegrees>59.79661048280172</LongitudeDegrees></Position></Trackpoint><Trackpoint><Time>2026-07-27T13:01:48.000Z</Time><Position><LatitudeDegrees>58.628214925862785</LatitudeDegrees><LongitudeDegrees>59.79663390696719</LongitudeDegrees></Position></Trackpoint><Trackpoint><Time>2026-07-27T13:01:49.000Z</Time><Position><LatitudeDegrees>58.628211683675175</LatitudeDegrees><LongitudeDegrees>59.79665687176315</LongitudeDegrees></Position></Trackpoint><Trackpoint><Time>2026-07-27T13:01:50.000Z</Time><Position><LatitudeDegrees>58.62820842739536</LatitudeDegrees><LongitudeDegrees>59.79667963754234</LongitudeDegrees></Position></Trackpoint><Trackpoint><Time>2026-07-27T13:01:51.000Z</Time><Position><LatitudeDegrees>58.62820460402924</LatitudeDegrees><LongitudeDegrees>59.79670331629145</LongitudeDegrees></Position></Trackpoint><Trackpoint><Time>2026-07-27T13:01:52.000Z</Time><Position><LatitudeDegrees>58.6282000586201</LatitudeDegrees><LongitudeDegrees>59.79672775917474</LongitudeDegrees></Position></Trackpoint><Trackpoint><Time>2026-07-27T13:01:53.000Z</Time><Position><LatitudeDegrees>58.62819433041409</LatitudeDegrees><LongitudeDegrees>59.796752806821246</LongitudeDegrees></Position></Trackpoint><Trackpoint><Time>2026-07-27T13:01:54.000Z</Time><Position><LatitudeDegrees>58.62818836068883</LatitudeDegrees><LongitudeDegrees>59.796778315976226</LongitudeDegrees></Position></Trackpoint><Trackpoint><Time>2026-07-27T13:01:55.000Z</Time><Position><LatitudeDegrees>58.62818207848185</LatitudeDegrees><LongitudeDegrees>59.79680367879808</LongitudeDegrees></Position></Trackpoint><Trackpoint><Time>2026-07-27T13:01:56.000Z</Time><Position><LatitudeDegrees>58.62817647389624</LatitudeDegrees><LongitudeDegrees>59.79682915334962</LongitudeDegrees></Position></Trackpoint><Trackpoint><Time>2026-07-27T13:01:57.000Z</Time><Position><LatitudeDegrees>58.628171867717775</LatitudeDegrees><LongitudeDegrees>59.79685581079061</LongitudeDegrees></Position></Trackpoint><Trackpoint><Time>2026-07-27T13:01:58.000Z</Time><Position><LatitudeDegrees>58.628167774302085</LatitudeDegrees><LongitudeDegrees>59.796882961217065</LongitudeDegrees></Position></Trackpoint><Trackpoint><Time>2026-07-27T13:01:59.000Z</Time><Position><LatitudeDegrees>58.62816441744291</LatitudeDegrees><LongitudeDegrees>59.796909278008336</LongitudeDegrees></Position></Trackpoint><Trackpoint><Time>2026-07-27T13:02:00.000Z</Time><Position><LatitudeDegrees>58.62816081554883</LatitudeDegrees><LongitudeDegrees>59.796934321813616</LongitudeDegrees></Position></Trackpoint><Trackpoint><Time>2026-07-27T13:02:01.000Z</Time><Position><LatitudeDegrees>58.628157575038855</LatitudeDegrees><LongitudeDegrees>59.79695807507942</LongitudeDegrees></Position></Trackpoint><Trackpoint><Time>2026-07-27T13:02:02.000Z</Time><Position><LatitudeDegrees>58.628154409662834</LatitudeDegrees><LongitudeDegrees>59.79698118582603</LongitudeDegrees></Position></Trackpoint><Trackpoint><Time>2026-07-27T13:02:03.000Z</Time><Position><LatitudeDegrees>58.62815119189008</LatitudeDegrees><LongitudeDegrees>59.79700400339619</LongitudeDegrees></Position></Trackpoint><Trackpoint><Time>2026-07-27T13:02:04.000Z</Time><Position><LatitudeDegrees>58.628147386313636</LatitudeDegrees><LongitudeDegrees>59.79702670928963</LongitudeDegrees></Position></Trackpoint><Trackpoint><Time>2026-07-27T13:02:05.000Z</Time><Position><LatitudeDegrees>58.6281438271</LatitudeDegrees><LongitudeDegrees>59.79704890297693</LongitudeDegrees></Position></Trackpoint><Trackpoint><Time>2026-07-27T13:02:06.000Z</Time><Position><LatitudeDegrees>58.628140336555845</LatitudeDegrees><LongitudeDegrees>59.79707146446882</LongitudeDegrees></Position></Trackpoint><Trackpoint><Time>2026-07-27T13:02:07.000Z</Time><Position><LatitudeDegrees>58.628136343076896</LatitudeDegrees><LongitudeDegrees>59.79709470897592</LongitudeDegrees></Position></Trackpoint><Trackpoint><Time>2026-07-27T13:02:08.000Z</Time><Position><LatitudeDegrees>58.62813216541898</LatitudeDegrees><LongitudeDegrees>59.79711916825911</LongitudeDegrees></Position></Trackpoint><Trackpoint><Time>2026-07-27T13:02:09.000Z</Time><Position><LatitudeDegrees>58.62812746888486</LatitudeDegrees><LongitudeDegrees>59.797144415789965</LongitudeDegrees></Position></Trackpoint><Trackpoint><Time>2026-07-27T13:02:10.000Z</Time><Position><LatitudeDegrees>58.62812267184265</LatitudeDegrees><LongitudeDegrees>59.79716968512884</LongitudeDegrees></Position></Trackpoint><Trackpoint><Time>2026-07-27T13:02:11.000Z</Time><Position><LatitudeDegrees>58.628117959490325</LatitudeDegrees><LongitudeDegrees>59.7971941682207</LongitudeDegrees></Position></Trackpoint><Trackpoint><Time>2026-07-27T13:02:12.000Z</Time><Position><LatitudeDegrees>58.628114376450036</LatitudeDegrees><LongitudeDegrees>59.79721861241637</LongitudeDegrees></Position></Trackpoint><Trackpoint><Time>2026-07-27T13:02:13.000Z</Time><Position><LatitudeDegrees>58.62811269759713</LatitudeDegrees><LongitudeDegrees>59.79724235127089</LongitudeDegrees></Position></Trackpoint><Trackpoint><Time>2026-07-27T13:02:14.000Z</Time><Position><LatitudeDegrees>58.62811348726218</LatitudeDegrees><LongitudeDegrees>59.79726471123883</LongitudeDegrees></Position></Trackpoint><Trackpoint><Time>2026-07-27T13:02:15.000Z</Time><Position><LatitudeDegrees>58.628117150635404</LatitudeDegrees><LongitudeDegrees>59.79728412307788</LongitudeDegrees></Position></Trackpoint><Trackpoint><Time>2026-07-27T13:02:16.000Z</Time><Position><LatitudeDegrees>58.62812348575155</LatitudeDegrees><LongitudeDegrees>59.79730080852023</LongitudeDegrees></Position></Trackpoint><Trackpoint><Time>2026-07-27T13:02:17.000Z</Time><Position><LatitudeDegrees>58.628132066520436</LatitudeDegrees><LongitudeDegrees>59.79731569842209</LongitudeDegrees></Position></Trackpoint><Trackpoint><Time>2026-07-27T13:02:18.000Z</Time><Position><LatitudeDegrees>58.62814242923778</LatitudeDegrees><LongitudeDegrees>59.79732940659599</LongitudeDegrees></Position></Trackpoint><Trackpoint><Time>2026-07-27T13:02:19.000Z</Time><Position><LatitudeDegrees>58.628153664613706</LatitudeDegrees><LongitudeDegrees>59.79734282711402</LongitudeDegrees></Position></Trackpoint><Trackpoint><Time>2026-07-27T13:02:20.000Z</Time><Position><LatitudeDegrees>58.62816577577852</LatitudeDegrees><LongitudeDegrees>59.79735587549446</LongitudeDegrees></Position></Trackpoint><Trackpoint><Time>2026-07-27T13:02:21.000Z</Time><Position><LatitudeDegrees>58.62817865161521</LatitudeDegrees><LongitudeDegrees>59.79736856470821</LongitudeDegrees></Position></Trackpoint><Trackpoint><Time>2026-07-27T13:02:22.000Z</Time><Position><LatitudeDegrees>58.628191168996366</LatitudeDegrees><LongitudeDegrees>59.797380456585</LongitudeDegrees></Position></Trackpoint><Trackpoint><Time>2026-07-27T13:02:23.000Z</Time><Position><LatitudeDegrees>58.628203890609136</LatitudeDegrees><LongitudeDegrees>59.79739098339808</LongitudeDegrees></Position></Trackpoint><Trackpoint><Time>2026-07-27T13:02:24.000Z</Time><Position><LatitudeDegrees>58.6282160427528</LatitudeDegrees><LongitudeDegrees>59.79740057615312</LongitudeDegrees></Position></Trackpoint><Trackpoint><Time>2026-07-27T13:02:25.000Z</Time><Position><LatitudeDegrees>58.62822689027146</LatitudeDegrees><LongitudeDegrees>59.79741002184818</LongitudeDegrees></Position></Trackpoint><Trackpoint><Time>2026-07-27T13:02:26.000Z</Time><Position><LatitudeDegrees>58.62823629785007</LatitudeDegrees><LongitudeDegrees>59.79742015308085</LongitudeDegrees></Position></Trackpoint><Trackpoint><Time>2026-07-27T13:02:27.000Z</Time><Position><LatitudeDegrees>58.62824439457549</LatitudeDegrees><LongitudeDegrees>59.79743122475487</LongitudeDegrees></Position></Trackpoint><Trackpoint><Time>2026-07-27T13:02:28.000Z</Time><Position><LatitudeDegrees>58.628251401856026</LatitudeDegrees><LongitudeDegrees>59.79744371075449</LongitudeDegrees></Position></Trackpoint><Trackpoint><Time>2026-07-27T13:02:29.000Z</Time><Position><LatitudeDegrees>58.628257061092974</LatitudeDegrees><LongitudeDegrees>59.79745762471451</LongitudeDegrees></Position></Trackpoint><Trackpoint><Time>2026-07-27T13:02:30.000Z</Time><Position><LatitudeDegrees>58.62826143880613</LatitudeDegrees><LongitudeDegrees>59.79747278897363</LongitudeDegrees></Position></Trackpoint><Trackpoint><Time>2026-07-27T13:02:31.000Z</Time><Position><LatitudeDegrees>58.628264726872196</LatitudeDegrees><LongitudeDegrees>59.79749043872286</LongitudeDegrees></Position></Trackpoint><Trackpoint><Time>2026-07-27T13:02:32.000Z</Time><Position><LatitudeDegrees>58.62826763377757</LatitudeDegrees><LongitudeDegrees>59.797510763646166</LongitudeDegrees></Position></Trackpoint><Trackpoint><Time>2026-07-27T13:02:33.000Z</Time><Position><LatitudeDegrees>58.62827001061135</LatitudeDegrees><LongitudeDegrees>59.79753251928594</LongitudeDegrees></Position></Trackpoint><Trackpoint><Time>2026-07-27T13:02:34.000Z</Time><Position><LatitudeDegrees>58.628272843302206</LatitudeDegrees><LongitudeDegrees>59.797554519892124</LongitudeDegrees></Position></Trackpoint><Trackpoint><Time>2026-07-27T13:02:35.000Z</Time><Position><LatitudeDegrees>58.628276479379856</LatitudeDegrees><LongitudeDegrees>59.797575266471014</LongitudeDegrees></Position></Trackpoint><Trackpoint><Time>2026-07-27T13:02:36.000Z</Time><Position><LatitudeDegrees>58.62828046924454</LatitudeDegrees><LongitudeDegrees>59.79759479225013</LongitudeDegrees></Position></Trackpoint><Trackpoint><Time>2026-07-27T13:02:37.000Z</Time><Position><LatitudeDegrees>58.628285071938656</LatitudeDegrees><LongitudeDegrees>59.79761375721209</LongitudeDegrees></Position></Trackpoint><Trackpoint><Time>2026-07-27T13:02:38.000Z</Time><Position><LatitudeDegrees>58.6282903154888</LatitudeDegrees><LongitudeDegrees>59.79763250513978</LongitudeDegrees></Position></Trackpoint><Trackpoint><Time>2026-07-27T13:02:39.000Z</Time><Position><LatitudeDegrees>58.62829612918433</LatitudeDegrees><LongitudeDegrees>59.7976516950811</LongitudeDegrees></Position></Trackpoint><Trackpoint><Time>2026-07-27T13:02:40.000Z</Time><Position><LatitudeDegrees>58.628301921116346</LatitudeDegrees><LongitudeDegrees>59.79767056250093</LongitudeDegrees></Position></Trackpoint><Trackpoint><Time>2026-07-27T13:02:41.000Z</Time><Position><LatitudeDegrees>58.62830793992095</LatitudeDegrees><LongitudeDegrees>59.797689323543985</LongitudeDegrees></Position></Trackpoint><Trackpoint><Time>2026-07-27T13:02:42.000Z</Time><Position><LatitudeDegrees>58.62831425887604</LatitudeDegrees><LongitudeDegrees>59.797708080879154</LongitudeDegrees></Position></Trackpoint><Trackpoint><Time>2026-07-27T13:02:43.000Z</Time><Position><LatitudeDegrees>58.62832086963601</LatitudeDegrees><LongitudeDegrees>59.797727366875435</LongitudeDegrees></Position></Trackpoint><Trackpoint><Time>2026-07-27T13:02:44.000Z</Time><Position><LatitudeDegrees>58.62832773131118</LatitudeDegrees><LongitudeDegrees>59.79774684331666</LongitudeDegrees></Position></Trackpoint><Trackpoint><Time>2026-07-27T13:02:45.000Z</Time><Position><LatitudeDegrees>58.62833528446783</LatitudeDegrees><LongitudeDegrees>59.79776683608143</LongitudeDegrees></Position></Trackpoint><Trackpoint><Time>2026-07-27T13:02:46.000Z</Time><Position><LatitudeDegrees>58.628342642574005</LatitudeDegrees><LongitudeDegrees>59.797787902718696</LongitudeDegrees></Position></Trackpoint><Trackpoint><Time>2026-07-27T13:02:47.000Z</Time><Position><LatitudeDegrees>58.628349955171345</LatitudeDegrees><LongitudeDegrees>59.79780915579456</LongitudeDegrees></Position></Trackpoint><Trackpoint><Time>2026-07-27T13:02:48.000Z</Time><Position><LatitudeDegrees>58.628356800076446</LatitudeDegrees><LongitudeDegrees>59.7978292266838</LongitudeDegrees></Position></Trackpoint><Trackpoint><Time>2026-07-27T13:02:49.000Z</Time><Position><LatitudeDegrees>58.6283630634477</LatitudeDegrees><LongitudeDegrees>59.7978481930834</LongitudeDegrees></Position></Trackpoint><Trackpoint><Time>2026-07-27T13:02:50.000Z</Time><Position><LatitudeDegrees>58.62836926265095</LatitudeDegrees><LongitudeDegrees>59.797865739140505</LongitudeDegrees></Position></Trackpoint><Trackpoint><Time>2026-07-27T13:02:51.000Z</Time><Position><LatitudeDegrees>58.62837512937993</LatitudeDegrees><LongitudeDegrees>59.79788289629644</LongitudeDegrees></Position></Trackpoint><Trackpoint><Time>2026-07-27T13:02:52.000Z</Time><Position><LatitudeDegrees>58.628381085420386</LatitudeDegrees><LongitudeDegrees>59.79790013924801</LongitudeDegrees></Position></Trackpoint><Trackpoint><Time>2026-07-27T13:02:53.000Z</Time><Position><LatitudeDegrees>58.62838729301474</LatitudeDegrees><LongitudeDegrees>59.79791863170068</LongitudeDegrees></Position></Trackpoint><Trackpoint><Time>2026-07-27T13:02:54.000Z</Time><Position><LatitudeDegrees>58.62839378669328</LatitudeDegrees><LongitudeDegrees>59.79793771331437</LongitudeDegrees></Position></Trackpoint><Trackpoint><Time>2026-07-27T13:02:55.000Z</Time><Position><LatitudeDegrees>58.62840005434764</LatitudeDegrees><LongitudeDegrees>59.797957036521076</LongitudeDegrees></Position></Trackpoint><Trackpoint><Time>2026-07-27T13:02:56.000Z</Time><Position><LatitudeDegrees>58.62840689330561</LatitudeDegrees><LongitudeDegrees>59.79797642717261</LongitudeDegrees></Position></Trackpoint><Trackpoint><Time>2026-07-27T13:02:57.000Z</Time><Position><LatitudeDegrees>58.6284140689968</LatitudeDegrees><LongitudeDegrees>59.797995315281874</LongitudeDegrees></Position></Trackpoint><Trackpoint><Time>2026-07-27T13:02:58.000Z</Time><Position><LatitudeDegrees>58.628421441598086</LatitudeDegrees><LongitudeDegrees>59.79801402022035</LongitudeDegrees></Position></Trackpoint><Trackpoint><Time>2026-07-27T13:02:59.000Z</Time><Position><LatitudeDegrees>58.62842843864193</LatitudeDegrees><LongitudeDegrees>59.79803220741492</LongitudeDegrees></Position></Trackpoint><Trackpoint><Time>2026-07-27T13:03:00.000Z</Time><Position><LatitudeDegrees>58.62843536217995</LatitudeDegrees><LongitudeDegrees>59.79805078475011</LongitudeDegrees></Position></Trackpoint><Trackpoint><Time>2026-07-27T13:03:01.000Z</Time><Position><LatitudeDegrees>58.62844234604143</LatitudeDegrees><LongitudeDegrees>59.798070076049086</LongitudeDegrees></Position></Trackpoint><Trackpoint><Time>2026-07-27T13:03:02.000Z</Time><Position><LatitudeDegrees>58.628449437599315</LatitudeDegrees><LongitudeDegrees>59.79809012303685</LongitudeDegrees></Position></Trackpoint><Trackpoint><Time>2026-07-27T13:03:03.000Z</Time><Position><LatitudeDegrees>58.62845615293007</LatitudeDegrees><LongitudeDegrees>59.798109377073786</LongitudeDegrees></Position></Trackpoint><Trackpoint><Time>2026-07-27T13:03:04.000Z</Time><Position><LatitudeDegrees>58.62846283063665</LatitudeDegrees><LongitudeDegrees>59.798127791763115</LongitudeDegrees></Position></Trackpoint><Trackpoint><Time>2026-07-27T13:03:05.000Z</Time><Position><LatitudeDegrees>58.62846912538543</LatitudeDegrees><LongitudeDegrees>59.798144966115466</LongitudeDegrees></Position></Trackpoint><Trackpoint><Time>2026-07-27T13:03:06.000Z</Time><Position><LatitudeDegrees>58.628475923329795</LatitudeDegrees><LongitudeDegrees>59.798161383796035</LongitudeDegrees></Position></Trackpoint><Trackpoint><Time>2026-07-27T13:03:07.000Z</Time><Position><LatitudeDegrees>58.62848303522225</LatitudeDegrees><LongitudeDegrees>59.798177341111966</LongitudeDegrees></Position></Trackpoint><Trackpoint><Time>2026-07-27T13:03:08.000Z</Time><Position><LatitudeDegrees>58.62849034282961</LatitudeDegrees><LongitudeDegrees>59.79819644645386</LongitudeDegrees></Position></Trackpoint><Trackpoint><Time>2026-07-27T13:03:10.000Z</Time><Position><LatitudeDegrees>58.628498261950405</LatitudeDegrees><LongitudeDegrees>59.798216354558576</LongitudeDegrees></Position></Trackpoint><Trackpoint><Time>2026-07-27T13:03:11.000Z</Time><Position><LatitudeDegrees>58.62850688533752</LatitudeDegrees><LongitudeDegrees>59.79823697575642</LongitudeDegrees></Position></Trackpoint><Trackpoint><Time>2026-07-27T13:03:12.000Z</Time><Position><LatitudeDegrees>58.62851469196631</LatitudeDegrees><LongitudeDegrees>59.79825818159397</LongitudeDegrees></Position></Trackpoint><Trackpoint><Time>2026-07-27T13:03:13.000Z</Time><Position><LatitudeDegrees>58.6285211602578</LatitudeDegrees><LongitudeDegrees>59.798279354521604</LongitudeDegrees></Position></Trackpoint><Trackpoint><Time>2026-07-27T13:03:14.000Z</Time><Position><LatitudeDegrees>58.62852722640317</LatitudeDegrees><LongitudeDegrees>59.79829926521448</LongitudeDegrees></Position></Trackpoint><Trackpoint><Time>2026-07-27T13:03:15.000Z</Time><Position><LatitudeDegrees>58.62853283796141</LatitudeDegrees><LongitudeDegrees>59.7983185486228</LongitudeDegrees></Position></Trackpoint><Trackpoint><Time>2026-07-27T13:03:16.000Z</Time><Position><LatitudeDegrees>58.62853950051298</LatitudeDegrees><LongitudeDegrees>59.798337546751256</LongitudeDegrees></Position></Trackpoint><Trackpoint><Time>2026-07-27T13:03:17.000Z</Time><Position><LatitudeDegrees>58.628546719991476</LatitudeDegrees><LongitudeDegrees>59.79835741628525</LongitudeDegrees></Position></Trackpoint><Trackpoint><Time>2026-07-27T13:03:18.000Z</Time><Position><LatitudeDegrees>58.62855471105378</LatitudeDegrees><LongitudeDegrees>59.79837852174283</LongitudeDegrees></Position></Trackpoint><Trackpoint><Time>2026-07-27T13:03:19.000Z</Time><Position><LatitudeDegrees>58.62856346307113</LatitudeDegrees><LongitudeDegrees>59.79840085461577</LongitudeDegrees></Position></Trackpoint><Trackpoint><Time>2026-07-27T13:03:20.000Z</Time><Position><LatitudeDegrees>58.62857238438821</LatitudeDegrees><LongitudeDegrees>59.79842327464194</LongitudeDegrees></Position></Trackpoint><Trackpoint><Time>2026-07-27T13:03:21.000Z</Time><Position><LatitudeDegrees>58.62858120961225</LatitudeDegrees><LongitudeDegrees>59.798444811426776</LongitudeDegrees></Position></Trackpoint><Trackpoint><Time>2026-07-27T13:03:22.000Z</Time><Position><LatitudeDegrees>58.628589352168454</LatitudeDegrees><LongitudeDegrees>59.798465178692126</LongitudeDegrees></Position></Trackpoint><Trackpoint><Time>2026-07-27T13:03:23.000Z</Time><Position><LatitudeDegrees>58.62859714771575</LatitudeDegrees><LongitudeDegrees>59.79848391903453</LongitudeDegrees></Position></Trackpoint><Trackpoint><Time>2026-07-27T13:03:24.000Z</Time><Position><LatitudeDegrees>58.62860379980652</LatitudeDegrees><LongitudeDegrees>59.79850399055681</LongitudeDegrees></Position></Trackpoint><Trackpoint><Time>2026-07-27T13:03:25.000Z</Time><Position><LatitudeDegrees>58.628609616808596</LatitudeDegrees><LongitudeDegrees>59.79852546142819</LongitudeDegrees></Position></Trackpoint><Trackpoint><Time>2026-07-27T13:03:26.000Z</Time><Position><LatitudeDegrees>58.62861483290051</LatitudeDegrees><LongitudeDegrees>59.79854622167621</LongitudeDegrees></Position></Trackpoint><Trackpoint><Time>2026-07-27T13:03:27.000Z</Time><Position><LatitudeDegrees>58.6286196216507</LatitudeDegrees><LongitudeDegrees>59.79856794160438</LongitudeDegrees></Position></Trackpoint><Trackpoint><Time>2026-07-27T13:03:28.000Z</Time><Position><LatitudeDegrees>58.628624109389094</LatitudeDegrees><LongitudeDegrees>59.79858971709404</LongitudeDegrees></Position></Trackpoint><Trackpoint><Time>2026-07-27T13:03:29.000Z</Time><Position><LatitudeDegrees>58.62862887638761</LatitudeDegrees><LongitudeDegrees>59.798611658278354</LongitudeDegrees></Position></Trackpoint><Trackpoint><Time>2026-07-27T13:03:30.000Z</Time><Position><LatitudeDegrees>58.628634125778945</LatitudeDegrees><LongitudeDegrees>59.79863378924718</LongitudeDegrees></Position></Trackpoint><Trackpoint><Time>2026-07-27T13:03:31.000Z</Time><Position><LatitudeDegrees>58.62863987930554</LatitudeDegrees><LongitudeDegrees>59.798655605952334</LongitudeDegrees></Position></Trackpoint><Trackpoint><Time>2026-07-27T13:03:32.000Z</Time><Position><LatitudeDegrees>58.62864608121665</LatitudeDegrees><LongitudeDegrees>59.79867694114525</LongitudeDegrees></Position></Trackpoint><Trackpoint><Time>2026-07-27T13:03:33.000Z</Time><Position><LatitudeDegrees>58.628653140613416</LatitudeDegrees><LongitudeDegrees>59.79869778774876</LongitudeDegrees></Position></Trackpoint><Trackpoint><Time>2026-07-27T13:03:34.000Z</Time><Position><LatitudeDegrees>58.62866062630972</LatitudeDegrees><LongitudeDegrees>59.79871918477918</LongitudeDegrees></Position></Trackpoint><Trackpoint><Time>2026-07-27T13:03:35.000Z</Time><Position><LatitudeDegrees>58.628668795624456</LatitudeDegrees><LongitudeDegrees>59.79874148949164</LongitudeDegrees></Position></Trackpoint><Trackpoint><Time>2026-07-27T13:03:36.000Z</Time><Position><LatitudeDegrees>58.62867766678874</LatitudeDegrees><LongitudeDegrees>59.79876424290546</LongitudeDegrees></Position></Trackpoint><Trackpoint><Time>2026-07-27T13:03:37.000Z</Time><Position><LatitudeDegrees>58.6286866676188</LatitudeDegrees><LongitudeDegrees>59.79878621918573</LongitudeDegrees></Position></Trackpoint><Trackpoint><Time>2026-07-27T13:03:38.000Z</Time><Position><LatitudeDegrees>58.62869505621726</LatitudeDegrees><LongitudeDegrees>59.798807502847275</LongitudeDegrees></Position></Trackpoint><Trackpoint><Time>2026-07-27T13:03:39.000Z</Time><Position><LatitudeDegrees>58.628702605625044</LatitudeDegrees><LongitudeDegrees>59.798828707203306</LongitudeDegrees></Position></Trackpoint><Trackpoint><Time>2026-07-27T13:03:40.000Z</Time><Position><LatitudeDegrees>58.62870981969229</LatitudeDegrees><LongitudeDegrees>59.79884960540478</LongitudeDegrees></Position></Trackpoint><Trackpoint><Time>2026-07-27T13:03:41.000Z</Time><Position><LatitudeDegrees>58.62871694896175</LatitudeDegrees><LongitudeDegrees>59.7988706329328</LongitudeDegrees></Position></Trackpoint><Trackpoint><Time>2026-07-27T13:03:42.000Z</Time><Position><LatitudeDegrees>58.628724107498954</LatitudeDegrees><LongitudeDegrees>59.798890973312886</LongitudeDegrees></Position></Trackpoint><Trackpoint><Time>2026-07-27T13:03:43.000Z</Time><Position><LatitudeDegrees>58.628731338523416</LatitudeDegrees><LongitudeDegrees>59.798910868098645</LongitudeDegrees></Position></Trackpoint><Trackpoint><Time>2026-07-27T13:03:44.000Z</Time><Position><LatitudeDegrees>58.62873865053074</LatitudeDegrees><LongitudeDegrees>59.79892949474002</LongitudeDegrees></Position></Trackpoint><Trackpoint><Time>2026-07-27T13:03:45.000Z</Time><Position><LatitudeDegrees>58.6287465262363</LatitudeDegrees><LongitudeDegrees>59.798948635690365</LongitudeDegrees></Position></Trackpoint><Trackpoint><Time>2026-07-27T13:03:46.000Z</Time><Position><LatitudeDegrees>58.62875460247793</LatitudeDegrees><LongitudeDegrees>59.79896700057015</LongitudeDegrees></Position></Trackpoint><Trackpoint><Time>2026-07-27T13:03:47.000Z</Time><Position><LatitudeDegrees>58.62876270395487</LatitudeDegrees><LongitudeDegrees>59.79898415756554</LongitudeDegrees></Position></Trackpoint><Trackpoint><Time>2026-07-27T13:03:48.000Z</Time><Position><LatitudeDegrees>58.62877026562286</LatitudeDegrees><LongitudeDegrees>59.79900008387133</LongitudeDegrees></Position></Trackpoint><Trackpoint><Time>2026-07-27T13:03:49.000Z</Time><Position><LatitudeDegrees>58.62877761367213</LatitudeDegrees><LongitudeDegrees>59.799015907273954</LongitudeDegrees></Position></Trackpoint><Trackpoint><Time>2026-07-27T13:03:50.000Z</Time><Position><LatitudeDegrees>58.628785399466935</LatitudeDegrees><LongitudeDegrees>59.79903210544095</LongitudeDegrees></Position></Trackpoint><Trackpoint><Time>2026-07-27T13:03:51.000Z</Time><Position><LatitudeDegrees>58.628793345466214</LatitudeDegrees><LongitudeDegrees>59.799049316601916</LongitudeDegrees></Position></Trackpoint><Trackpoint><Time>2026-07-27T13:03:52.000Z</Time><Position><LatitudeDegrees>58.6288013168073</LatitudeDegrees><LongitudeDegrees>59.799067183974216</LongitudeDegrees></Position></Trackpoint><Trackpoint><Time>2026-07-27T13:03:53.000Z</Time><Position><LatitudeDegrees>58.62880925469666</LatitudeDegrees><LongitudeDegrees>59.799086455620376</LongitudeDegrees></Position></Trackpoint><Trackpoint><Time>2026-07-27T13:03:54.000Z</Time><Position><LatitudeDegrees>58.62881762882527</LatitudeDegrees><LongitudeDegrees>59.79910676977045</LongitudeDegrees></Position></Trackpoint><Trackpoint><Time>2026-07-27T13:03:55.000Z</Time><Position><LatitudeDegrees>58.62882608702624</LatitudeDegrees><LongitudeDegrees>59.799126864410454</LongitudeDegrees></Position></Trackpoint><Trackpoint><Time>2026-07-27T13:03:56.000Z</Time><Position><LatitudeDegrees>58.628833983864354</LatitudeDegrees><LongitudeDegrees>59.799146737585374</LongitudeDegrees></Position></Trackpoint><Trackpoint><Time>2026-07-27T13:03:57.000Z</Time><Position><LatitudeDegrees>58.62884112557792</LatitudeDegrees><LongitudeDegrees>59.799166906525386</LongitudeDegrees></Position></Trackpoint><Trackpoint><Time>2026-07-27T13:03:58.000Z</Time><Position><LatitudeDegrees>58.628848018899134</LatitudeDegrees><LongitudeDegrees>59.79918754628212</LongitudeDegrees></Position></Trackpoint><Trackpoint><Time>2026-07-27T13:03:59.000Z</Time><Position><LatitudeDegrees>58.62885490439799</LatitudeDegrees><LongitudeDegrees>59.799208668519064</LongitudeDegrees></Position></Trackpoint><Trackpoint><Time>2026-07-27T13:04:00.000Z</Time><Position><LatitudeDegrees>58.6288613925426</LatitudeDegrees><LongitudeDegrees>59.799229726503405</LongitudeDegrees></Position></Trackpoint><Trackpoint><Time>2026-07-27T13:04:01.000Z</Time><Position><LatitudeDegrees>58.62886835313181</LatitudeDegrees><LongitudeDegrees>59.79925050331907</LongitudeDegrees></Position></Trackpoint><Trackpoint><Time>2026-07-27T13:04:02.000Z</Time><Position><LatitudeDegrees>58.62887608374022</LatitudeDegrees><LongitudeDegrees>59.79927143533097</LongitudeDegrees></Position></Trackpoint><Trackpoint><Time>2026-07-27T13:04:03.000Z</Time><Position><LatitudeDegrees>58.62888362886695</LatitudeDegrees><LongitudeDegrees>59.79929317194016</LongitudeDegrees></Position></Trackpoint><Trackpoint><Time>2026-07-27T13:04:04.000Z</Time><Position><LatitudeDegrees>58.62889110842178</LatitudeDegrees><LongitudeDegrees>59.79931391888031</LongitudeDegrees></Position></Trackpoint><Trackpoint><Time>2026-07-27T13:04:05.000Z</Time><Position><LatitudeDegrees>58.628898090593005</LatitudeDegrees><LongitudeDegrees>59.79933306423525</LongitudeDegrees></Position></Trackpoint><Trackpoint><Time>2026-07-27T13:04:06.000Z</Time><Position><LatitudeDegrees>58.62890446138458</LatitudeDegrees><LongitudeDegrees>59.79935154077976</LongitudeDegrees></Position></Trackpoint><Trackpoint><Time>2026-07-27T13:04:07.000Z</Time><Position><LatitudeDegrees>58.62891074192941</LatitudeDegrees><LongitudeDegrees>59.79936932889179</LongitudeDegrees></Position></Trackpoint><Trackpoint><Time>2026-07-27T13:04:08.000Z</Time><Position><LatitudeDegrees>58.62891715843044</LatitudeDegrees><LongitudeDegrees>59.7993865088496</LongitudeDegrees></Position></Trackpoint><Trackpoint><Time>2026-07-27T13:04:09.000Z</Time><Position><LatitudeDegrees>58.62892378659581</LatitudeDegrees><LongitudeDegrees>59.79940417099136</LongitudeDegrees></Position></Trackpoint><Trackpoint><Time>2026-07-27T13:04:10.000Z</Time><Position><LatitudeDegrees>58.628931120048485</LatitudeDegrees><LongitudeDegrees>59.799421723245864</LongitudeDegrees></Position></Trackpoint><Trackpoint><Time>2026-07-27T13:04:11.000Z</Time><Position><LatitudeDegrees>58.62893829233506</LatitudeDegrees><LongitudeDegrees>59.799439425492935</LongitudeDegrees></Position></Trackpoint><Trackpoint><Time>2026-07-27T13:04:12.000Z</Time><Position><LatitudeDegrees>58.62894545691717</LatitudeDegrees><LongitudeDegrees>59.79945736550843</LongitudeDegrees></Position></Trackpoint><Trackpoint><Time>2026-07-27T13:04:13.000Z</Time><Position><LatitudeDegrees>58.62895218837368</LatitudeDegrees><LongitudeDegrees>59.79947554892416</LongitudeDegrees></Position></Trackpoint><Trackpoint><Time>2026-07-27T13:04:14.000Z</Time><Position><LatitudeDegrees>58.628959346314225</LatitudeDegrees><LongitudeDegrees>59.799495415651286</LongitudeDegrees></Position></Trackpoint><Trackpoint><Time>2026-07-27T13:04:16.000Z</Time><Position><LatitudeDegrees>58.62896674040553</LatitudeDegrees><LongitudeDegrees>59.799516363421546</LongitudeDegrees></Position></Trackpoint><Trackpoint><Time>2026-07-27T13:04:17.000Z</Time><Position><LatitudeDegrees>58.6289742619524</LatitudeDegrees><LongitudeDegrees>59.799538005450536</LongitudeDegrees></Position></Trackpoint><Trackpoint><Time>2026-07-27T13:04:18.000Z</Time><Position><LatitudeDegrees>58.62898233944243</LatitudeDegrees><LongitudeDegrees>59.799560093340475</LongitudeDegrees></Position></Trackpoint><Trackpoint><Time>2026-07-27T13:04:19.000Z</Time><Position><LatitudeDegrees>58.628991077986626</LatitudeDegrees><LongitudeDegrees>59.799581977956684</LongitudeDegrees></Position></Trackpoint><Trackpoint><Time>2026-07-27T13:04:20.000Z</Time><Position><LatitudeDegrees>58.629000436027916</LatitudeDegrees><LongitudeDegrees>59.79960390766434</LongitudeDegrees></Position></Trackpoint><Trackpoint><Time>2026-07-27T13:04:21.000Z</Time><Position><LatitudeDegrees>58.62900982732957</LatitudeDegrees><LongitudeDegrees>59.79962548935048</LongitudeDegrees></Position></Trackpoint><Trackpoint><Time>2026-07-27T13:04:22.000Z</Time><Position><LatitudeDegrees>58.62901949580146</LatitudeDegrees><LongitudeDegrees>59.79964562656487</LongitudeDegrees></Position></Trackpoint><Trackpoint><Time>2026-07-27T13:04:23.000Z</Time><Position><LatitudeDegrees>58.629029016708806</LatitudeDegrees><LongitudeDegrees>59.79966601159097</LongitudeDegrees></Position></Trackpoint><Trackpoint><Time>2026-07-27T13:04:24.000Z</Time><Position><LatitudeDegrees>58.629038234071345</LatitudeDegrees><LongitudeDegrees>59.79968681995067</LongitudeDegrees></Position></Trackpoint><Trackpoint><Time>2026-07-27T13:04:25.000Z</Time><Position><LatitudeDegrees>58.629047122610714</LatitudeDegrees><LongitudeDegrees>59.7997075799849</LongitudeDegrees></Position></Trackpoint><Trackpoint><Time>2026-07-27T13:04:26.000Z</Time><Position><LatitudeDegrees>58.62905571412041</LatitudeDegrees><LongitudeDegrees>59.79972859326183</LongitudeDegrees></Position></Trackpoint><Trackpoint><Time>2026-07-27T13:04:27.000Z</Time><Position><LatitudeDegrees>58.62906357020673</LatitudeDegrees><LongitudeDegrees>59.79974995147399</LongitudeDegrees></Position></Trackpoint><Trackpoint><Time>2026-07-27T13:04:28.000Z</Time><Position><LatitudeDegrees>58.62907109432564</LatitudeDegrees><LongitudeDegrees>59.79977213772211</LongitudeDegrees></Position></Trackpoint><Trackpoint><Time>2026-07-27T13:04:29.000Z</Time><Position><LatitudeDegrees>58.62907849524126</LatitudeDegrees><LongitudeDegrees>59.79979426546479</LongitudeDegrees></Position></Trackpoint><Trackpoint><Time>2026-07-27T13:04:30.000Z</Time><Position><LatitudeDegrees>58.629085874742586</LatitudeDegrees><LongitudeDegrees>59.79981695632504</LongitudeDegrees></Position></Trackpoint><Trackpoint><Time>2026-07-27T13:04:31.000Z</Time><Position><LatitudeDegrees>58.62909376710882</LatitudeDegrees><LongitudeDegrees>59.79984039403265</LongitudeDegrees></Position></Trackpoint><Trackpoint><Time>2026-07-27T13:04:32.000Z</Time><Position><LatitudeDegrees>58.62910281615915</LatitudeDegrees><LongitudeDegrees>59.799864068786334</LongitudeDegrees></Position></Trackpoint><Trackpoint><Time>2026-07-27T13:04:33.000Z</Time><Position><LatitudeDegrees>58.629112159359885</LatitudeDegrees><LongitudeDegrees>59.79988676098718</LongitudeDegrees></Position></Trackpoint><Trackpoint><Time>2026-07-27T13:04:34.000Z</Time><Position><LatitudeDegrees>58.62912091412651</LatitudeDegrees><LongitudeDegrees>59.79990809447285</LongitudeDegrees></Position></Trackpoint><Trackpoint><Time>2026-07-27T13:04:35.000Z</Time><Position><LatitudeDegrees>58.62912928211655</LatitudeDegrees><LongitudeDegrees>59.799928088716186</LongitudeDegrees></Position></Trackpoint><Trackpoint><Time>2026-07-27T13:04:36.000Z</Time><Position><LatitudeDegrees>58.62913690641086</LatitudeDegrees><LongitudeDegrees>59.799947413237106</LongitudeDegrees></Position></Trackpoint><Trackpoint><Time>2026-07-27T13:04:37.000Z</Time><Position><LatitudeDegrees>58.629144714691684</LatitudeDegrees><LongitudeDegrees>59.799966429724094</LongitudeDegrees></Position></Trackpoint><Trackpoint><Time>2026-07-27T13:04:38.000Z</Time><Position><LatitudeDegrees>58.62915257578451</LatitudeDegrees><LongitudeDegrees>59.79998581627883</LongitudeDegrees></Position></Trackpoint><Trackpoint><Time>2026-07-27T13:04:39.000Z</Time><Position><LatitudeDegrees>58.62916042888896</LatitudeDegrees><LongitudeDegrees>59.80000482544733</LongitudeDegrees></Position></Trackpoint><Trackpoint><Time>2026-07-27T13:04:40.000Z</Time><Position><LatitudeDegrees>58.62916776038007</LatitudeDegrees><LongitudeDegrees>59.800023197840076</LongitudeDegrees></Position></Trackpoint><Trackpoint><Time>2026-07-27T13:04:41.000Z</Time><Position><LatitudeDegrees>58.62917491528888</LatitudeDegrees><LongitudeDegrees>59.800040908361005</LongitudeDegrees></Position></Trackpoint><Trackpoint><Time>2026-07-27T13:04:42.000Z</Time><Position><LatitudeDegrees>58.629182547985344</LatitudeDegrees><LongitudeDegrees>59.800057542014365</LongitudeDegrees></Position></Trackpoint><Trackpoint><Time>2026-07-27T13:04:43.000Z</Time><Position><LatitudeDegrees>58.6291903770269</LatitudeDegrees><LongitudeDegrees>59.80007355571599</LongitudeDegrees></Position></Trackpoint><Trackpoint><Time>2026-07-27T13:04:44.000Z</Time><Position><LatitudeDegrees>58.62919826130552</LatitudeDegrees><LongitudeDegrees>59.800089706819556</LongitudeDegrees></Position></Trackpoint><Trackpoint><Time>2026-07-27T13:04:45.000Z</Time><Position><LatitudeDegrees>58.629205646007996</LatitudeDegrees><LongitudeDegrees>59.800106779203844</LongitudeDegrees></Position></Trackpoint><Trackpoint><Time>2026-07-27T13:04:46.000Z</Time><Position><LatitudeDegrees>58.629212366763596</LatitudeDegrees><LongitudeDegrees>59.80012448784068</LongitudeDegrees></Position></Trackpoint><Trackpoint><Time>2026-07-27T13:04:47.000Z</Time><Position><LatitudeDegrees>58.62921844109554</LatitudeDegrees><LongitudeDegrees>59.800143612905124</LongitudeDegrees></Position></Trackpoint><Trackpoint><Time>2026-07-27T13:04:48.000Z</Time><Position><LatitudeDegrees>58.6292244487986</LatitudeDegrees><LongitudeDegrees>59.800163314681726</LongitudeDegrees></Position></Trackpoint><Trackpoint><Time>2026-07-27T13:04:49.000Z</Time><Position><LatitudeDegrees>58.62923063720331</LatitudeDegrees><LongitudeDegrees>59.80018317332752</LongitudeDegrees></Position></Trackpoint><Trackpoint><Time>2026-07-27T13:04:50.000Z</Time><Position><LatitudeDegrees>58.62923659536522</LatitudeDegrees><LongitudeDegrees>59.800202016582006</LongitudeDegrees></Position></Trackpoint><Trackpoint><Time>2026-07-27T13:04:51.000Z</Time><Position><LatitudeDegrees>58.62924267320565</LatitudeDegrees><LongitudeDegrees>59.80021949199317</LongitudeDegrees></Position></Trackpoint><Trackpoint><Time>2026-07-27T13:04:52.000Z</Time><Position><LatitudeDegrees>58.62924850986269</LatitudeDegrees><LongitudeDegrees>59.800236119580745</LongitudeDegrees></Position></Trackpoint><Trackpoint><Time>2026-07-27T13:04:53.000Z</Time><Position><LatitudeDegrees>58.6292544772875</LatitudeDegrees><LongitudeDegrees>59.800252222323074</LongitudeDegrees></Position></Trackpoint><Trackpoint><Time>2026-07-27T13:04:54.000Z</Time><Position><LatitudeDegrees>58.629260222267526</LatitudeDegrees><LongitudeDegrees>59.80026849020713</LongitudeDegrees></Position></Trackpoint><Trackpoint><Time>2026-07-27T13:04:55.000Z</Time><Position><LatitudeDegrees>58.629266607109734</LatitudeDegrees><LongitudeDegrees>59.80028420697562</LongitudeDegrees></Position></Trackpoint><Trackpoint><Time>2026-07-27T13:04:56.000Z</Time><Position><LatitudeDegrees>58.62927292559432</LatitudeDegrees><LongitudeDegrees>59.80029963799537</LongitudeDegrees></Position></Trackpoint><Trackpoint><Time>2026-07-27T13:04:57.000Z</Time><Position><LatitudeDegrees>58.62927889539331</LatitudeDegrees><LongitudeDegrees>59.80031590844995</LongitudeDegrees></Position></Trackpoint><Trackpoint><Time>2026-07-27T13:04:58.000Z</Time><Position><LatitudeDegrees>58.629284934598516</LatitudeDegrees><LongitudeDegrees>59.80033239476606</LongitudeDegrees></Position></Trackpoint><Trackpoint><Time>2026-07-27T13:04:59.000Z</Time><Position><LatitudeDegrees>58.629290716875296</LatitudeDegrees><LongitudeDegrees>59.80034979165113</LongitudeDegrees></Position></Trackpoint><Trackpoint><Time>2026-07-27T13:05:00.000Z</Time><Position><LatitudeDegrees>58.62929614080452</LatitudeDegrees><LongitudeDegrees>59.80036826833872</LongitudeDegrees></Position></Trackpoint><Trackpoint><Time>2026-07-27T13:05:01.000Z</Time><Position><LatitudeDegrees>58.62930121061179</LatitudeDegrees><LongitudeDegrees>59.800388245544454</LongitudeDegrees></Position></Trackpoint><Trackpoint><Time>2026-07-27T13:05:02.000Z</Time><Position><LatitudeDegrees>58.629306952709605</LatitudeDegrees><LongitudeDegrees>59.80040921433319</LongitudeDegrees></Position></Trackpoint><Trackpoint><Time>2026-07-27T13:05:03.000Z</Time><Position><LatitudeDegrees>58.629313213910756</LatitudeDegrees><LongitudeDegrees>59.80043083784031</LongitudeDegrees></Position></Trackpoint><Trackpoint><Time>2026-07-27T13:05:04.000Z</Time><Position><LatitudeDegrees>58.629319374890905</LatitudeDegrees><LongitudeDegrees>59.800452893301596</LongitudeDegrees></Position></Trackpoint><Trackpoint><Time>2026-07-27T13:05:05.000Z</Time><Position><LatitudeDegrees>58.62932519345485</LatitudeDegrees><LongitudeDegrees>59.80047425431342</LongitudeDegrees></Position></Trackpoint><Trackpoint><Time>2026-07-27T13:05:06.000Z</Time><Position><LatitudeDegrees>58.62933061380712</LatitudeDegrees><LongitudeDegrees>59.80049405650613</LongitudeDegrees></Position></Trackpoint><Trackpoint><Time>2026-07-27T13:05:07.000Z</Time><Position><LatitudeDegrees>58.62933615368978</LatitudeDegrees><LongitudeDegrees>59.800512633586166</LongitudeDegrees></Position></Trackpoint><Trackpoint><Time>2026-07-27T13:05:08.000Z</Time><Position><LatitudeDegrees>58.62934201098472</LatitudeDegrees><LongitudeDegrees>59.800529790615705</LongitudeDegrees></Position></Trackpoint><Trackpoint><Time>2026-07-27T13:05:09.000Z</Time><Position><LatitudeDegrees>58.62934773683631</LatitudeDegrees><LongitudeDegrees>59.80054660879542</LongitudeDegrees></Position></Trackpoint><Trackpoint><Time>2026-07-27T13:05:10.000Z</Time><Position><LatitudeDegrees>58.62935316326137</LatitudeDegrees><LongitudeDegrees>59.800563576890674</LongitudeDegrees></Position></Trackpoint><Trackpoint><Time>2026-07-27T13:05:11.000Z</Time><Position><LatitudeDegrees>58.629358259509786</LatitudeDegrees><LongitudeDegrees>59.80058038733928</LongitudeDegrees></Position></Trackpoint><Trackpoint><Time>2026-07-27T13:05:12.000Z</Time><Position><LatitudeDegrees>58.629363544905914</LatitudeDegrees><LongitudeDegrees>59.800596444099966</LongitudeDegrees></Position></Trackpoint><Trackpoint><Time>2026-07-27T13:05:13.000Z</Time><Position><LatitudeDegrees>58.62936920904803</LatitudeDegrees><LongitudeDegrees>59.80061257765901</LongitudeDegrees></Position></Trackpoint><Trackpoint><Time>2026-07-27T13:05:14.000Z</Time><Position><LatitudeDegrees>58.62937528140754</LatitudeDegrees><LongitudeDegrees>59.80062863057077</LongitudeDegrees></Position></Trackpoint><Trackpoint><Time>2026-07-27T13:05:15.000Z</Time><Position><LatitudeDegrees>58.62938123211706</LatitudeDegrees><LongitudeDegrees>59.80064503795546</LongitudeDegrees></Position></Trackpoint><Trackpoint><Time>2026-07-27T13:05:16.000Z</Time><Position><LatitudeDegrees>58.629387348183734</LatitudeDegrees><LongitudeDegrees>59.80066144390342</LongitudeDegrees></Position></Trackpoint><Trackpoint><Time>2026-07-27T13:05:17.000Z</Time><Position><LatitudeDegrees>58.62939323697272</LatitudeDegrees><LongitudeDegrees>59.80067721241296</LongitudeDegrees></Position></Trackpoint><Trackpoint><Time>2026-07-27T13:05:18.000Z</Time><Position><LatitudeDegrees>58.62939925556526</LatitudeDegrees><LongitudeDegrees>59.80069314259286</LongitudeDegrees></Position></Trackpoint><Trackpoint><Time>2026-07-27T13:05:19.000Z</Time><Position><LatitudeDegrees>58.62940553435923</LatitudeDegrees><LongitudeDegrees>59.80070905318202</LongitudeDegrees></Position></Trackpoint><Trackpoint><Time>2026-07-27T13:05:20.000Z</Time><Position><LatitudeDegrees>58.62941160404974</LatitudeDegrees><LongitudeDegrees>59.80072536165611</LongitudeDegrees></Position></Trackpoint><Trackpoint><Time>2026-07-27T13:05:21.000Z</Time><Position><LatitudeDegrees>58.629417787810134</LatitudeDegrees><LongitudeDegrees>59.80074120965639</LongitudeDegrees></Position></Trackpoint><Trackpoint><Time>2026-07-27T13:05:22.000Z</Time><Position><LatitudeDegrees>58.62942322487201</LatitudeDegrees><LongitudeDegrees>59.80075728200444</LongitudeDegrees></Position></Trackpoint><Trackpoint><Time>2026-07-27T13:05:23.000Z</Time><Position><LatitudeDegrees>58.629428146190506</LatitudeDegrees><LongitudeDegrees>59.800774321548566</LongitudeDegrees></Position></Trackpoint><Trackpoint><Time>2026-07-27T13:05:24.000Z</Time><Position><LatitudeDegrees>58.62943320268614</LatitudeDegrees><LongitudeDegrees>59.800791530859065</LongitudeDegrees></Position></Trackpoint><Trackpoint><Time>2026-07-27T13:05:25.000Z</Time><Position><LatitudeDegrees>58.629438645079894</LatitudeDegrees><LongitudeDegrees>59.80080904934917</LongitudeDegrees></Position></Trackpoint><Trackpoint><Time>2026-07-27T13:05:26.000Z</Time><Position><LatitudeDegrees>58.62944452709761</LatitudeDegrees><LongitudeDegrees>59.800826894751154</LongitudeDegrees></Position></Trackpoint><Trackpoint><Time>2026-07-27T13:05:27.000Z</Time><Position><LatitudeDegrees>58.62945032482968</LatitudeDegrees><LongitudeDegrees>59.80084552201974</LongitudeDegrees></Position></Trackpoint><Trackpoint><Time>2026-07-27T13:05:28.000Z</Time><Position><LatitudeDegrees>58.629455833330596</LatitudeDegrees><LongitudeDegrees>59.800864038947815</LongitudeDegrees></Position></Trackpoint><Trackpoint><Time>2026-07-27T13:05:29.000Z</Time><Position><LatitudeDegrees>58.62946051570872</LatitudeDegrees><LongitudeDegrees>59.80088062342492</LongitudeDegrees></Position></Trackpoint><Trackpoint><Time>2026-07-27T13:05:30.000Z</Time><Position><LatitudeDegrees>58.6294642568858</LatitudeDegrees><LongitudeDegrees>59.80089526268299</LongitudeDegrees></Position></Trackpoint><Trackpoint><Time>2026-07-27T13:05:31.000Z</Time><Position><LatitudeDegrees>58.62946761988109</LatitudeDegrees><LongitudeDegrees>59.800908201129616</LongitudeDegrees></Position></Trackpoint><Trackpoint><Time>2026-07-27T13:05:32.000Z</Time><Position><LatitudeDegrees>58.629471374714406</LatitudeDegrees><LongitudeDegrees>59.80092024732719</LongitudeDegrees></Position></Trackpoint><Trackpoint><Time>2026-07-27T13:05:33.000Z</Time><Position><LatitudeDegrees>58.62947529860313</LatitudeDegrees><LongitudeDegrees>59.80093184878749</LongitudeDegrees></Position></Trackpoint><Trackpoint><Time>2026-07-27T13:05:34.000Z</Time><Position><LatitudeDegrees>58.62948025732119</LatitudeDegrees><LongitudeDegrees>59.800944715724</LongitudeDegrees></Position></Trackpoint><Trackpoint><Time>2026-07-27T13:05:35.000Z</Time><Position><LatitudeDegrees>58.62948598499376</LatitudeDegrees><LongitudeDegrees>59.80095841081646</LongitudeDegrees></Position></Trackpoint><Trackpoint><Time>2026-07-27T13:05:36.000Z</Time><Position><LatitudeDegrees>58.62949178381995</LatitudeDegrees><LongitudeDegrees>59.800972158058634</LongitudeDegrees></Position></Trackpoint><Trackpoint><Time>2026-07-27T13:05:37.000Z</Time><Position><LatitudeDegrees>58.62949735728964</LatitudeDegrees><LongitudeDegrees>59.80098563117193</LongitudeDegrees></Position></Trackpoint><Trackpoint><Time>2026-07-27T13:05:38.000Z</Time><Position><LatitudeDegrees>58.62950310182484</LatitudeDegrees><LongitudeDegrees>59.80099873096798</LongitudeDegrees></Position></Trackpoint><Trackpoint><Time>2026-07-27T13:05:39.000Z</Time><Position><LatitudeDegrees>58.62950915872936</LatitudeDegrees><LongitudeDegrees>59.80101195412303</LongitudeDegrees></Position></Trackpoint><Trackpoint><Time>2026-07-27T13:05:40.000Z</Time><Position><LatitudeDegrees>58.629515546104706</LatitudeDegrees><LongitudeDegrees>59.80102548935196</LongitudeDegrees></Position></Trackpoint><Trackpoint><Time>2026-07-27T13:05:41.000Z</Time><Position><LatitudeDegrees>58.62952173937961</LatitudeDegrees><LongitudeDegrees>59.80103937431966</LongitudeDegrees></Position></Trackpoint><Trackpoint><Time>2026-07-27T13:05:42.000Z</Time><Position><LatitudeDegrees>58.629527547430655</LatitudeDegrees><LongitudeDegrees>59.801054558870575</LongitudeDegrees></Position></Trackpoint><Trackpoint><Time>2026-07-27T13:05:43.000Z</Time><Position><LatitudeDegrees>58.62953343060034</LatitudeDegrees><LongitudeDegrees>59.801071267382795</LongitudeDegrees></Position></Trackpoint><Trackpoint><Time>2026-07-27T13:05:44.000Z</Time><Position><LatitudeDegrees>58.6295395688317</LatitudeDegrees><LongitudeDegrees>59.801088907053945</LongitudeDegrees></Position></Trackpoint><Trackpoint><Time>2026-07-27T13:05:45.000Z</Time><Position><LatitudeDegrees>58.629546493105124</LatitudeDegrees><LongitudeDegrees>59.80110613501416</LongitudeDegrees></Position></Trackpoint><Trackpoint><Time>2026-07-27T13:05:46.000Z</Time><Position><LatitudeDegrees>58.6295538315981</LatitudeDegrees><LongitudeDegrees>59.80112294067794</LongitudeDegrees></Position></Trackpoint><Trackpoint><Time>2026-07-27T13:05:47.000Z</Time><Position><LatitudeDegrees>58.6295618676279</LatitudeDegrees><LongitudeDegrees>59.801139373886954</LongitudeDegrees></Position></Trackpoint><Trackpoint><Time>2026-07-27T13:05:48.000Z</Time><Position><LatitudeDegrees>58.6295701387356</LatitudeDegrees><LongitudeDegrees>59.80115501336102</LongitudeDegrees></Position></Trackpoint><Trackpoint><Time>2026-07-27T13:05:49.000Z</Time><Position><LatitudeDegrees>58.629577445072066</LatitudeDegrees><LongitudeDegrees>59.801169297866984</LongitudeDegrees></Position></Trackpoint><Trackpoint><Time>2026-07-27T13:05:50.000Z</Time><Position><LatitudeDegrees>58.62958390593696</LatitudeDegrees><LongitudeDegrees>59.80118217017843</LongitudeDegrees></Position></Trackpoint><Trackpoint><Time>2026-07-27T13:05:51.000Z</Time><Position><LatitudeDegrees>58.62958967897686</LatitudeDegrees><LongitudeDegrees>59.80119378798063</LongitudeDegrees></Position></Trackpoint><Trackpoint><Time>2026-07-27T13:05:52.000Z</Time><Position><LatitudeDegrees>58.6295954070078</LatitudeDegrees><LongitudeDegrees>59.80120388761738</LongitudeDegrees></Position></Trackpoint><Trackpoint><Time>2026-07-27T13:05:53.000Z</Time><Position><LatitudeDegrees>58.62960087092907</LatitudeDegrees><LongitudeDegrees>59.80121304497113</LongitudeDegrees></Position></Trackpoint><Trackpoint><Time>2026-07-27T13:05:54.000Z</Time><Position><LatitudeDegrees>58.62960552479514</LatitudeDegrees><LongitudeDegrees>59.80122112853943</LongitudeDegrees></Position></Trackpoint><Trackpoint><Time>2026-07-27T13:05:56.000Z</Time><Position><LatitudeDegrees>58.62960875812618</LatitudeDegrees><LongitudeDegrees>59.801227732373334</LongitudeDegrees></Position></Trackpoint><Trackpoint><Time>2026-07-27T13:05:57.000Z</Time><Position><LatitudeDegrees>58.62961264173227</LatitudeDegrees><LongitudeDegrees>59.80123450727227</LongitudeDegrees></Position></Trackpoint><Trackpoint><Time>2026-07-27T13:05:59.000Z</Time><Position><LatitudeDegrees>58.62961446293644</LatitudeDegrees><LongitudeDegrees>59.80123722695129</LongitudeDegrees></Position></Trackpoint><Trackpoint><Time>2026-07-27T13:06:02.000Z</Time><Position><LatitudeDegrees>58.629615872096565</LatitudeDegrees><LongitudeDegrees>59.80123955554992</LongitudeDegrees></Position></Trackpoint><Trackpoint><Time>2026-07-27T13:06:03.000Z</Time><Position><LatitudeDegrees>58.629620193606655</LatitudeDegrees><LongitudeDegrees>59.80124887146875</LongitudeDegrees></Position></Trackpoint><Trackpoint><Time>2026-07-27T13:06:04.000Z</Time><Position><LatitudeDegrees>58.6296188127468</LatitudeDegrees><LongitudeDegrees>59.80124603431062</LongitudeDegrees></Position></Trackpoint><Trackpoint><Time>2026-07-27T13:06:05.000Z</Time><Position><LatitudeDegrees>58.62962257269366</LatitudeDegrees><LongitudeDegrees>59.80125563516188</LongitudeDegrees></Position></Trackpoint><Trackpoint><Time>2026-07-27T13:06:06.000Z</Time><Position><LatitudeDegrees>58.629627166691954</LatitudeDegrees><LongitudeDegrees>59.801268227203124</LongitudeDegrees></Position></Trackpoint><Trackpoint><Time>2026-07-27T13:06:07.000Z</Time><Position><LatitudeDegrees>58.62963200415833</LatitudeDegrees><LongitudeDegrees>59.80128337261044</LongitudeDegrees></Position></Trackpoint><Trackpoint><Time>2026-07-27T13:06:08.000Z</Time><Position><LatitudeDegrees>58.62963730023274</LatitudeDegrees><LongitudeDegrees>59.80130007374204</LongitudeDegrees></Position></Trackpoint><Trackpoint><Time>2026-07-27T13:06:09.000Z</Time><Position><LatitudeDegrees>58.62964308465533</LatitudeDegrees><LongitudeDegrees>59.80131820967154</LongitudeDegrees></Position></Trackpoint><Trackpoint><Time>2026-07-27T13:06:10.000Z</Time><Position><LatitudeDegrees>58.62964881738472</LatitudeDegrees><LongitudeDegrees>59.801337056832665</LongitudeDegrees></Position></Trackpoint><Trackpoint><Time>2026-07-27T13:06:11.000Z</Time><Position><LatitudeDegrees>58.62965477225923</LatitudeDegrees><LongitudeDegrees>59.80135769478304</LongitudeDegrees></Position></Trackpoint><Trackpoint><Time>2026-07-27T13:06:12.000Z</Time><Position><LatitudeDegrees>58.62966005432138</LatitudeDegrees><LongitudeDegrees>59.801379848664794</LongitudeDegrees></Position></Trackpoint><Trackpoint><Time>2026-07-27T13:06:13.000Z</Time><Position><LatitudeDegrees>58.62966536057352</LatitudeDegrees><LongitudeDegrees>59.80140321071479</LongitudeDegrees></Position></Trackpoint><Trackpoint><Time>2026-07-27T13:06:14.000Z</Time><Position><LatitudeDegrees>58.629670485349095</LatitudeDegrees><LongitudeDegrees>59.801427988729955</LongitudeDegrees></Position></Trackpoint><Trackpoint><Time>2026-07-27T13:06:15.000Z</Time><Position><LatitudeDegrees>58.62967585685062</LatitudeDegrees><LongitudeDegrees>59.80145408655102</LongitudeDegrees></Position></Trackpoint><Trackpoint><Time>2026-07-27T13:06:16.000Z</Time><Position><LatitudeDegrees>58.62968210936989</LatitudeDegrees><LongitudeDegrees>59.80148080557067</LongitudeDegrees></Position></Trackpoint><Trackpoint><Time>2026-07-27T13:06:17.000Z</Time><Position><LatitudeDegrees>58.6296889014415</LatitudeDegrees><LongitudeDegrees>59.801507778349226</LongitudeDegrees></Position></Trackpoint><Trackpoint><Time>2026-07-27T13:06:18.000Z</Time><Position><LatitudeDegrees>58.6296965127985</LatitudeDegrees><LongitudeDegrees>59.80153286255072</LongitudeDegrees></Position></Trackpoint><Trackpoint><Time>2026-07-27T13:06:19.000Z</Time><Position><LatitudeDegrees>58.62970397426902</LatitudeDegrees><LongitudeDegrees>59.80155590789639</LongitudeDegrees></Position></Trackpoint><Trackpoint><Time>2026-07-27T13:06:20.000Z</Time><Position><LatitudeDegrees>58.62971139556408</LatitudeDegrees><LongitudeDegrees>59.80157760379112</LongitudeDegrees></Position></Trackpoint><Trackpoint><Time>2026-07-27T13:06:21.000Z</Time><Position><LatitudeDegrees>58.6297188270228</LatitudeDegrees><LongitudeDegrees>59.80159889696541</LongitudeDegrees></Position></Trackpoint><Trackpoint><Time>2026-07-27T13:06:22.000Z</Time><Position><LatitudeDegrees>58.629726777682635</LatitudeDegrees><LongitudeDegrees>59.80162022900303</LongitudeDegrees></Position></Trackpoint><Trackpoint><Time>2026-07-27T13:06:23.000Z</Time><Position><LatitudeDegrees>58.6297353905435</LatitudeDegrees><LongitudeDegrees>59.801642266385464</LongitudeDegrees></Position></Trackpoint><Trackpoint><Time>2026-07-27T13:06:24.000Z</Time><Position><LatitudeDegrees>58.62974366028381</LatitudeDegrees><LongitudeDegrees>59.801666172283305</LongitudeDegrees></Position></Trackpoint><Trackpoint><Time>2026-07-27T13:06:25.000Z</Time><Position><LatitudeDegrees>58.62975170652821</LatitudeDegrees><LongitudeDegrees>59.80169169629726</LongitudeDegrees></Position></Trackpoint><Trackpoint><Time>2026-07-27T13:06:26.000Z</Time><Position><LatitudeDegrees>58.62976009683812</LatitudeDegrees><LongitudeDegrees>59.801718038011174</LongitudeDegrees></Position></Trackpoint><Trackpoint><Time>2026-07-27T13:06:27.000Z</Time><Position><LatitudeDegrees>58.62976853118334</LatitudeDegrees><LongitudeDegrees>59.80174329400457</LongitudeDegrees></Position></Trackpoint><Trackpoint><Time>2026-07-27T13:06:28.000Z</Time><Position><LatitudeDegrees>58.62977736996018</LatitudeDegrees><LongitudeDegrees>59.80176633012539</LongitudeDegrees></Position></Trackpoint><Trackpoint><Time>2026-07-27T13:06:29.000Z</Time><Position><LatitudeDegrees>58.62978524085183</LatitudeDegrees><LongitudeDegrees>59.80178794343052</LongitudeDegrees></Position></Trackpoint><Trackpoint><Time>2026-07-27T13:06:30.000Z</Time><Position><LatitudeDegrees>58.62979219252967</LatitudeDegrees><LongitudeDegrees>59.80180668634833</LongitudeDegrees></Position></Trackpoint><Trackpoint><Time>2026-07-27T13:06:31.000Z</Time><Position><LatitudeDegrees>58.62979885262852</LatitudeDegrees><LongitudeDegrees>59.80182379996227</LongitudeDegrees></Position></Trackpoint><Trackpoint><Time>2026-07-27T13:06:32.000Z</Time><Position><LatitudeDegrees>58.62980502744244</LatitudeDegrees><LongitudeDegrees>59.8018404941212</LongitudeDegrees></Position></Trackpoint><Trackpoint><Time>2026-07-27T13:06:33.000Z</Time><Position><LatitudeDegrees>58.629811189093054</LatitudeDegrees><LongitudeDegrees>59.80185683130702</LongitudeDegrees></Position></Trackpoint><Trackpoint><Time>2026-07-27T13:06:34.000Z</Time><Position><LatitudeDegrees>58.62981753370529</LatitudeDegrees><LongitudeDegrees>59.80187288306882</LongitudeDegrees></Position></Trackpoint><Trackpoint><Time>2026-07-27T13:06:35.000Z</Time><Position><LatitudeDegrees>58.62982411856709</LatitudeDegrees><LongitudeDegrees>59.801888225896015</LongitudeDegrees></Position></Trackpoint><Trackpoint><Time>2026-07-27T13:06:36.000Z</Time><Position><LatitudeDegrees>58.629830446825245</LatitudeDegrees><LongitudeDegrees>59.80190375558475</LongitudeDegrees></Position></Trackpoint><Trackpoint><Time>2026-07-27T13:06:37.000Z</Time><Position><LatitudeDegrees>58.62983683640435</LatitudeDegrees><LongitudeDegrees>59.80191981707036</LongitudeDegrees></Position></Trackpoint><Trackpoint><Time>2026-07-27T13:06:38.000Z</Time><Position><LatitudeDegrees>58.62984292075528</LatitudeDegrees><LongitudeDegrees>59.80193648415339</LongitudeDegrees></Position></Trackpoint><Trackpoint><Time>2026-07-27T13:06:39.000Z</Time><Position><LatitudeDegrees>58.62984907770707</LatitudeDegrees><LongitudeDegrees>59.80195321988923</LongitudeDegrees></Position></Trackpoint><Trackpoint><Time>2026-07-27T13:06:40.000Z</Time><Position><LatitudeDegrees>58.62985545354412</LatitudeDegrees><LongitudeDegrees>59.80196930472408</LongitudeDegrees></Position></Trackpoint><Trackpoint><Time>2026-07-27T13:06:41.000Z</Time><Position><LatitudeDegrees>58.62986305963886</LatitudeDegrees><LongitudeDegrees>59.80198452586386</LongitudeDegrees></Position></Trackpoint><Trackpoint><Time>2026-07-27T13:06:42.000Z</Time><Position><LatitudeDegrees>58.62987166499585</LatitudeDegrees><LongitudeDegrees>59.80199841691619</LongitudeDegrees></Position></Trackpoint><Trackpoint><Time>2026-07-27T13:06:43.000Z</Time><Position><LatitudeDegrees>58.62988055661906</LatitudeDegrees><LongitudeDegrees>59.802011935741106</LongitudeDegrees></Position></Trackpoint><Trackpoint><Time>2026-07-27T13:06:44.000Z</Time><Position><LatitudeDegrees>58.62988891452048</LatitudeDegrees><LongitudeDegrees>59.80202454537088</LongitudeDegrees></Position></Trackpoint><Trackpoint><Time>2026-07-27T13:06:45.000Z</Time><Position><LatitudeDegrees>58.62989695911471</LatitudeDegrees><LongitudeDegrees>59.80203761018997</LongitudeDegrees></Position></Trackpoint><Trackpoint><Time>2026-07-27T13:06:46.000Z</Time><Position><LatitudeDegrees>58.629904821388344</LatitudeDegrees><LongitudeDegrees>59.80205114406393</LongitudeDegrees></Position></Trackpoint><Trackpoint><Time>2026-07-27T13:06:47.000Z</Time><Position><LatitudeDegrees>58.62991257868659</LatitudeDegrees><LongitudeDegrees>59.80206558211119</LongitudeDegrees></Position></Trackpoint><Trackpoint><Time>2026-07-27T13:06:48.000Z</Time><Position><LatitudeDegrees>58.629920765946856</LatitudeDegrees><LongitudeDegrees>59.80208000825751</LongitudeDegrees></Position></Trackpoint><Trackpoint><Time>2026-07-27T13:06:49.000Z</Time><Position><LatitudeDegrees>58.629929058678584</LatitudeDegrees><LongitudeDegrees>59.802095025981686</LongitudeDegrees></Position></Trackpoint><Trackpoint><Time>2026-07-27T13:06:50.000Z</Time><Position><LatitudeDegrees>58.62993730970866</LatitudeDegrees><LongitudeDegrees>59.80211080788828</LongitudeDegrees></Position></Trackpoint><Trackpoint><Time>2026-07-27T13:06:51.000Z</Time><Position><LatitudeDegrees>58.62994546377862</LatitudeDegrees><LongitudeDegrees>59.80212732697996</LongitudeDegrees></Position></Trackpoint><Trackpoint><Time>2026-07-27T13:06:52.000Z</Time><Position><LatitudeDegrees>58.62995302096525</LatitudeDegrees><LongitudeDegrees>59.802144967132335</LongitudeDegrees></Position></Trackpoint><Trackpoint><Time>2026-07-27T13:06:53.000Z</Time><Position><LatitudeDegrees>58.62996034160321</LatitudeDegrees><LongitudeDegrees>59.802164232162376</LongitudeDegrees></Position></Trackpoint><Trackpoint><Time>2026-07-27T13:06:54.000Z</Time><Position><LatitudeDegrees>58.62996760445096</LatitudeDegrees><LongitudeDegrees>59.802185610618736</LongitudeDegrees></Position></Trackpoint><Trackpoint><Time>2026-07-27T13:06:55.000Z</Time><Position><LatitudeDegrees>58.62997489054451</LatitudeDegrees><LongitudeDegrees>59.80220756361511</LongitudeDegrees></Position></Trackpoint><Trackpoint><Time>2026-07-27T13:06:56.000Z</Time><Position><LatitudeDegrees>58.629981740663</LatitudeDegrees><LongitudeDegrees>59.80222840442424</LongitudeDegrees></Position></Trackpoint><Trackpoint><Time>2026-07-27T13:06:57.000Z</Time><Position><LatitudeDegrees>58.62998802164069</LatitudeDegrees><LongitudeDegrees>59.80224807075374</LongitudeDegrees></Position></Trackpoint><Trackpoint><Time>2026-07-27T13:06:58.000Z</Time><Position><LatitudeDegrees>58.62999424129449</LatitudeDegrees><LongitudeDegrees>59.802267177302845</LongitudeDegrees></Position></Trackpoint><Trackpoint><Time>2026-07-27T13:06:59.000Z</Time><Position><LatitudeDegrees>58.63000061663116</LatitudeDegrees><LongitudeDegrees>59.80228653868278</LongitudeDegrees></Position></Trackpoint><Trackpoint><Time>2026-07-27T13:07:00.000Z</Time><Position><LatitudeDegrees>58.63000721703965</LatitudeDegrees><LongitudeDegrees>59.80230694728107</LongitudeDegrees></Position></Trackpoint><Trackpoint><Time>2026-07-27T13:07:01.000Z</Time><Position><LatitudeDegrees>58.6300135525984</LatitudeDegrees><LongitudeDegrees>59.80232859502044</LongitudeDegrees></Position></Trackpoint><Trackpoint><Time>2026-07-27T13:07:02.000Z</Time><Position><LatitudeDegrees>58.63001994514506</LatitudeDegrees><LongitudeDegrees>59.802350912288574</LongitudeDegrees></Position></Trackpoint><Trackpoint><Time>2026-07-27T13:07:03.000Z</Time><Position><LatitudeDegrees>58.630026030298175</LatitudeDegrees><LongitudeDegrees>59.80237210973525</LongitudeDegrees></Position></Trackpoint><Trackpoint><Time>2026-07-27T13:07:04.000Z</Time><Position><LatitudeDegrees>58.630032187057424</LatitudeDegrees><LongitudeDegrees>59.80239306300564</LongitudeDegrees></Position></Trackpoint><Trackpoint><Time>2026-07-27T13:07:05.000Z</Time><Position><LatitudeDegrees>58.63003807270636</LatitudeDegrees><LongitudeDegrees>59.802414653669885</LongitudeDegrees></Position></Trackpoint><Trackpoint><Time>2026-07-27T13:07:06.000Z</Time><Position><LatitudeDegrees>58.63004407051014</LatitudeDegrees><LongitudeDegrees>59.8024361837582</LongitudeDegrees></Position></Trackpoint><Trackpoint><Time>2026-07-27T13:07:07.000Z</Time><Position><LatitudeDegrees>58.630050813525834</LatitudeDegrees><LongitudeDegrees>59.8024578632088</LongitudeDegrees></Position></Trackpoint><Trackpoint><Time>2026-07-27T13:07:08.000Z</Time><Position><LatitudeDegrees>58.63005846682065</LatitudeDegrees><LongitudeDegrees>59.80247878008959</LongitudeDegrees></Position></Trackpoint><Trackpoint><Time>2026-07-27T13:07:09.000Z</Time><Position><LatitudeDegrees>58.6300664919312</LatitudeDegrees><LongitudeDegrees>59.802498167100566</LongitudeDegrees></Position></Trackpoint><Trackpoint><Time>2026-07-27T13:07:10.000Z</Time><Position><LatitudeDegrees>58.63007461937832</LatitudeDegrees><LongitudeDegrees>59.802515904598486</LongitudeDegrees></Position></Trackpoint><Trackpoint><Time>2026-07-27T13:07:11.000Z</Time><Position><LatitudeDegrees>58.630082725046755</LatitudeDegrees><LongitudeDegrees>59.802532644633395</LongitudeDegrees></Position></Trackpoint><Trackpoint><Time>2026-07-27T13:07:12.000Z</Time><Position><LatitudeDegrees>58.630090271006345</LatitudeDegrees><LongitudeDegrees>59.80254878376411</LongitudeDegrees></Position></Trackpoint><Trackpoint><Time>2026-07-27T13:07:13.000Z</Time><Position><LatitudeDegrees>58.63009759716792</LatitudeDegrees><LongitudeDegrees>59.802564562431925</LongitudeDegrees></Position></Trackpoint><Trackpoint><Time>2026-07-27T13:07:14.000Z</Time><Position><LatitudeDegrees>58.630105361339446</LatitudeDegrees><LongitudeDegrees>59.80258061553406</LongitudeDegrees></Position></Trackpoint><Trackpoint><Time>2026-07-27T13:07:15.000Z</Time><Position><LatitudeDegrees>58.63011279898904</LatitudeDegrees><LongitudeDegrees>59.80259765892976</LongitudeDegrees></Position></Trackpoint><Trackpoint><Time>2026-07-27T13:07:16.000Z</Time><Position><LatitudeDegrees>58.63011963716556</LatitudeDegrees><LongitudeDegrees>59.80261537072044</LongitudeDegrees></Position></Trackpoint><Trackpoint><Time>2026-07-27T13:07:17.000Z</Time><Position><LatitudeDegrees>58.630125840400105</LatitudeDegrees><LongitudeDegrees>59.802633532550026</LongitudeDegrees></Position></Trackpoint><Trackpoint><Time>2026-07-27T13:07:18.000Z</Time><Position><LatitudeDegrees>58.63013147557922</LatitudeDegrees><LongitudeDegrees>59.802652486341024</LongitudeDegrees></Position></Trackpoint><Trackpoint><Time>2026-07-27T13:07:19.000Z</Time><Position><LatitudeDegrees>58.630136643158075</LatitudeDegrees><LongitudeDegrees>59.80267178165086</LongitudeDegrees></Position></Trackpoint><Trackpoint><Time>2026-07-27T13:07:20.000Z</Time><Position><LatitudeDegrees>58.63014242374449</LatitudeDegrees><LongitudeDegrees>59.80269118913883</LongitudeDegrees></Position></Trackpoint><Trackpoint><Time>2026-07-27T13:07:21.000Z</Time><Position><LatitudeDegrees>58.63014722524772</LatitudeDegrees><LongitudeDegrees>59.80271206878874</LongitudeDegrees></Position></Trackpoint><Trackpoint><Time>2026-07-27T13:07:22.000Z</Time><Position><LatitudeDegrees>58.63015149687679</LatitudeDegrees><LongitudeDegrees>59.80273283329506</LongitudeDegrees></Position></Trackpoint><Trackpoint><Time>2026-07-27T13:07:23.000Z</Time><Position><LatitudeDegrees>58.63015549163951</LatitudeDegrees><LongitudeDegrees>59.80275333334155</LongitudeDegrees></Position></Trackpoint><Trackpoint><Time>2026-07-27T13:07:24.000Z</Time><Position><LatitudeDegrees>58.63015934926831</LatitudeDegrees><LongitudeDegrees>59.80277403098844</LongitudeDegrees></Position></Trackpoint><Trackpoint><Time>2026-07-27T13:07:25.000Z</Time><Position><LatitudeDegrees>58.63016314491059</LatitudeDegrees><LongitudeDegrees>59.802795580776454</LongitudeDegrees></Position></Trackpoint><Trackpoint><Time>2026-07-27T13:07:26.000Z</Time><Position><LatitudeDegrees>58.63016642785981</LatitudeDegrees><LongitudeDegrees>59.80281814289627</LongitudeDegrees></Position></Trackpoint><Trackpoint><Time>2026-07-27T13:07:27.000Z</Time><Position><LatitudeDegrees>58.63016956791399</LatitudeDegrees><LongitudeDegrees>59.80284067416725</LongitudeDegrees></Position></Trackpoint><Trackpoint><Time>2026-07-27T13:07:28.000Z</Time><Position><LatitudeDegrees>58.63017371492988</LatitudeDegrees><LongitudeDegrees>59.80286323854285</LongitudeDegrees></Position></Trackpoint><Trackpoint><Time>2026-07-27T13:07:29.000Z</Time><Position><LatitudeDegrees>58.63017872360421</LatitudeDegrees><LongitudeDegrees>59.80288634772291</LongitudeDegrees></Position></Trackpoint><Trackpoint><Time>2026-07-27T13:07:30.000Z</Time><Position><LatitudeDegrees>58.63018442350369</LatitudeDegrees><LongitudeDegrees>59.80291014251768</LongitudeDegrees></Position></Trackpoint><Trackpoint><Time>2026-07-27T13:07:31.000Z</Time><Position><LatitudeDegrees>58.63019065572051</LatitudeDegrees><LongitudeDegrees>59.80293361369866</LongitudeDegrees></Position></Trackpoint><Trackpoint><Time>2026-07-27T13:07:32.000Z</Time><Position><LatitudeDegrees>58.630197286489</LatitudeDegrees><LongitudeDegrees>59.80295589755662</LongitudeDegrees></Position></Trackpoint><Trackpoint><Time>2026-07-27T13:07:33.000Z</Time><Position><LatitudeDegrees>58.6302042095665</LatitudeDegrees><LongitudeDegrees>59.80297776999964</LongitudeDegrees></Position></Trackpoint><Trackpoint><Time>2026-07-27T13:07:34.000Z</Time><Position><LatitudeDegrees>58.630210854070704</LatitudeDegrees><LongitudeDegrees>59.802999113766425</LongitudeDegrees></Position></Trackpoint><Trackpoint><Time>2026-07-27T13:07:35.000Z</Time><Position><LatitudeDegrees>58.63021799986893</LatitudeDegrees><LongitudeDegrees>59.80302092764088</LongitudeDegrees></Position></Trackpoint><Trackpoint><Time>2026-07-27T13:07:36.000Z</Time><Position><LatitudeDegrees>58.63022541418562</LatitudeDegrees><LongitudeDegrees>59.80304258339668</LongitudeDegrees></Position></Trackpoint><Trackpoint><Time>2026-07-27T13:07:37.000Z</Time><Position><LatitudeDegrees>58.63023345630268</LatitudeDegrees><LongitudeDegrees>59.80306335299295</LongitudeDegrees></Position></Trackpoint><Trackpoint><Time>2026-07-27T13:07:38.000Z</Time><Position><LatitudeDegrees>58.630241214385954</LatitudeDegrees><LongitudeDegrees>59.80308305033541</LongitudeDegrees></Position></Trackpoint><Trackpoint><Time>2026-07-27T13:07:39.000Z</Time><Position><LatitudeDegrees>58.630248838977636</LatitudeDegrees><LongitudeDegrees>59.80310222601701</LongitudeDegrees></Position></Trackpoint><Trackpoint><Time>2026-07-27T13:07:40.000Z</Time><Position><LatitudeDegrees>58.63025640920946</LatitudeDegrees><LongitudeDegrees>59.80312117374466</LongitudeDegrees></Position></Trackpoint><Trackpoint><Time>2026-07-27T13:07:41.000Z</Time><Position><LatitudeDegrees>58.63026396464753</LatitudeDegrees><LongitudeDegrees>59.8031400437342</LongitudeDegrees></Position></Trackpoint><Trackpoint><Time>2026-07-27T13:07:42.000Z</Time><Position><LatitudeDegrees>58.63027152348524</LatitudeDegrees><LongitudeDegrees>59.80315890782712</LongitudeDegrees></Position></Trackpoint><Trackpoint><Time>2026-07-27T13:07:43.000Z</Time><Position><LatitudeDegrees>58.63027909277889</LatitudeDegrees><LongitudeDegrees>59.80317632753507</LongitudeDegrees></Position></Trackpoint><Trackpoint><Time>2026-07-27T13:07:44.000Z</Time><Position><LatitudeDegrees>58.63028667409251</LatitudeDegrees><LongitudeDegrees>59.803192385435835</LongitudeDegrees></Position></Trackpoint><Trackpoint><Time>2026-07-27T13:07:45.000Z</Time><Position><LatitudeDegrees>58.630294266527464</LatitudeDegrees><LongitudeDegrees>59.80320777993422</LongitudeDegrees></Position></Trackpoint><Trackpoint><Time>2026-07-27T13:07:46.000Z</Time><Position><LatitudeDegrees>58.630302847507494</LatitudeDegrees><LongitudeDegrees>59.80322337341391</LongitudeDegrees></Position></Trackpoint><Trackpoint><Time>2026-07-27T13:07:47.000Z</Time><Position><LatitudeDegrees>58.63031220307941</LatitudeDegrees><LongitudeDegrees>59.8032390058837</LongitudeDegrees></Position></Trackpoint><Trackpoint><Time>2026-07-27T13:07:48.000Z</Time><Position><LatitudeDegrees>58.630321166491235</LatitudeDegrees><LongitudeDegrees>59.80325509606018</LongitudeDegrees></Position></Trackpoint><Trackpoint><Time>2026-07-27T13:07:49.000Z</Time><Position><LatitudeDegrees>58.63032979717935</LatitudeDegrees><LongitudeDegrees>59.80327175763884</LongitudeDegrees></Position></Trackpoint><Trackpoint><Time>2026-07-27T13:07:50.000Z</Time><Position><LatitudeDegrees>58.630338162326225</LatitudeDegrees><LongitudeDegrees>59.80328896410467</LongitudeDegrees></Position></Trackpoint><Trackpoint><Time>2026-07-27T13:07:51.000Z</Time><Position><LatitudeDegrees>58.63034681329229</LatitudeDegrees><LongitudeDegrees>59.80330712421308</LongitudeDegrees></Position></Trackpoint><Trackpoint><Time>2026-07-27T13:07:52.000Z</Time><Position><LatitudeDegrees>58.63035594046168</LatitudeDegrees><LongitudeDegrees>59.803325794293976</LongitudeDegrees></Position></Trackpoint><Trackpoint><Time>2026-07-27T13:07:53.000Z</Time><Position><LatitudeDegrees>58.630365071510354</LatitudeDegrees><LongitudeDegrees>59.80334472617503</LongitudeDegrees></Position></Trackpoint><Trackpoint><Time>2026-07-27T13:07:54.000Z</Time><Position><LatitudeDegrees>58.6303740114216</LatitudeDegrees><LongitudeDegrees>59.803364763270174</LongitudeDegrees></Position></Trackpoint><Trackpoint><Time>2026-07-27T13:07:55.000Z</Time><Position><LatitudeDegrees>58.63038319402387</LatitudeDegrees><LongitudeDegrees>59.80338660068347</LongitudeDegrees></Position></Trackpoint><Trackpoint><Time>2026-07-27T13:07:56.000Z</Time><Position><LatitudeDegrees>58.63039178761191</LatitudeDegrees><LongitudeDegrees>59.80340931439258</LongitudeDegrees></Position></Trackpoint><Trackpoint><Time>2026-07-27T13:07:57.000Z</Time><Position><LatitudeDegrees>58.630400014871476</LatitudeDegrees><LongitudeDegrees>59.80343192177246</LongitudeDegrees></Position></Trackpoint><Trackpoint><Time>2026-07-27T13:07:58.000Z</Time><Position><LatitudeDegrees>58.630408014529685</LatitudeDegrees><LongitudeDegrees>59.80345452140313</LongitudeDegrees></Position></Trackpoint><Trackpoint><Time>2026-07-27T13:07:59.000Z</Time><Position><LatitudeDegrees>58.63041587293128</LatitudeDegrees><LongitudeDegrees>59.80347715487777</LongitudeDegrees></Position></Trackpoint><Trackpoint><Time>2026-07-27T13:08:00.000Z</Time><Position><LatitudeDegrees>58.63042364376599</LatitudeDegrees><LongitudeDegrees>59.80349885576074</LongitudeDegrees></Position></Trackpoint><Trackpoint><Time>2026-07-27T13:08:01.000Z</Time><Position><LatitudeDegrees>58.63043087077347</LatitudeDegrees><LongitudeDegrees>59.80352032495961</LongitudeDegrees></Position></Trackpoint><Trackpoint><Time>2026-07-27T13:08:02.000Z</Time><Position><LatitudeDegrees>58.63043841507117</LatitudeDegrees><LongitudeDegrees>59.80354139125715</LongitudeDegrees></Position></Trackpoint><Trackpoint><Time>2026-07-27T13:08:03.000Z</Time><Position><LatitudeDegrees>58.6304461009616</LatitudeDegrees><LongitudeDegrees>59.803562525462816</LongitudeDegrees></Position></Trackpoint><Trackpoint><Time>2026-07-27T13:08:04.000Z</Time><Position><LatitudeDegrees>58.63045383791347</LatitudeDegrees><LongitudeDegrees>59.80358293353448</LongitudeDegrees></Position></Trackpoint><Trackpoint><Time>2026-07-27T13:08:05.000Z</Time><Position><LatitudeDegrees>58.63046158208933</LatitudeDegrees><LongitudeDegrees>59.80360336087856</LongitudeDegrees></Position></Trackpoint><Trackpoint><Time>2026-07-27T13:08:06.000Z</Time><Position><LatitudeDegrees>58.63046980411888</LatitudeDegrees><LongitudeDegrees>59.80362460161531</LongitudeDegrees></Position></Trackpoint><Trackpoint><Time>2026-07-27T13:08:07.000Z</Time><Position><LatitudeDegrees>58.630478146880705</LatitudeDegrees><LongitudeDegrees>59.803646878392215</LongitudeDegrees></Position></Trackpoint><Trackpoint><Time>2026-07-27T13:08:08.000Z</Time><Position><LatitudeDegrees>58.630486937415114</LatitudeDegrees><LongitudeDegrees>59.80367014992874</LongitudeDegrees></Position></Trackpoint><Trackpoint><Time>2026-07-27T13:08:09.000Z</Time><Position><LatitudeDegrees>58.630495273716036</LatitudeDegrees><LongitudeDegrees>59.80369231310583</LongitudeDegrees></Position></Trackpoint><Trackpoint><Time>2026-07-27T13:08:10.000Z</Time><Position><LatitudeDegrees>58.63050284260748</LatitudeDegrees><LongitudeDegrees>59.80371313365579</LongitudeDegrees></Position></Trackpoint><Trackpoint><Time>2026-07-27T13:08:11.000Z</Time><Position><LatitudeDegrees>58.630510103219585</LatitudeDegrees><LongitudeDegrees>59.803733177034154</LongitudeDegrees></Position></Trackpoint><Trackpoint><Time>2026-07-27T13:08:12.000Z</Time><Position><LatitudeDegrees>58.630516304983416</LatitudeDegrees><LongitudeDegrees>59.8037537550844</LongitudeDegrees></Position></Trackpoint><Trackpoint><Time>2026-07-27T13:08:13.000Z</Time><Position><LatitudeDegrees>58.63052225391245</LatitudeDegrees><LongitudeDegrees>59.80377484983247</LongitudeDegrees></Position></Trackpoint><Trackpoint><Time>2026-07-27T13:08:14.000Z</Time><Position><LatitudeDegrees>58.63052782479027</LatitudeDegrees><LongitudeDegrees>59.803795897948056</LongitudeDegrees></Position></Trackpoint><Trackpoint><Time>2026-07-27T13:08:15.000Z</Time><Position><LatitudeDegrees>58.63053399379212</LatitudeDegrees><LongitudeDegrees>59.803816673418154</LongitudeDegrees></Position></Trackpoint><Trackpoint><Time>2026-07-27T13:08:16.000Z</Time><Position><LatitudeDegrees>58.63054059656057</LatitudeDegrees><LongitudeDegrees>59.80383858698857</LongitudeDegrees></Position></Trackpoint><Trackpoint><Time>2026-07-27T13:08:17.000Z</Time><Position><LatitudeDegrees>58.630547509734484</LatitudeDegrees><LongitudeDegrees>59.80386158396738</LongitudeDegrees></Position></Trackpoint><Trackpoint><Time>2026-07-27T13:08:18.000Z</Time><Position><LatitudeDegrees>58.630554153058924</LatitudeDegrees><LongitudeDegrees>59.80388501316621</LongitudeDegrees></Position></Trackpoint><Trackpoint><Time>2026-07-27T13:08:19.000Z</Time><Position><LatitudeDegrees>58.63056032220034</LatitudeDegrees><LongitudeDegrees>59.80390855092916</LongitudeDegrees></Position></Trackpoint><Trackpoint><Time>2026-07-27T13:08:20.000Z</Time><Position><LatitudeDegrees>58.63056599386803</LatitudeDegrees><LongitudeDegrees>59.803931560419294</LongitudeDegrees></Position></Trackpoint><Trackpoint><Time>2026-07-27T13:08:21.000Z</Time><Position><LatitudeDegrees>58.630571711930735</LatitudeDegrees><LongitudeDegrees>59.803954336779555</LongitudeDegrees></Position></Trackpoint><Trackpoint><Time>2026-07-27T13:08:22.000Z</Time><Position><LatitudeDegrees>58.63057769441699</LatitudeDegrees><LongitudeDegrees>59.803977031481516</LongitudeDegrees></Position></Trackpoint><Trackpoint><Time>2026-07-27T13:08:23.000Z</Time><Position><LatitudeDegrees>58.630583507569256</LatitudeDegrees><LongitudeDegrees>59.803999227776316</LongitudeDegrees></Position></Trackpoint><Trackpoint><Time>2026-07-27T13:08:24.000Z</Time><Position><LatitudeDegrees>58.63058997370669</LatitudeDegrees><LongitudeDegrees>59.80402130761331</LongitudeDegrees></Position></Trackpoint><Trackpoint><Time>2026-07-27T13:08:25.000Z</Time><Position><LatitudeDegrees>58.630596858067484</LatitudeDegrees><LongitudeDegrees>59.80404344323916</LongitudeDegrees></Position></Trackpoint><Trackpoint><Time>2026-07-27T13:08:26.000Z</Time><Position><LatitudeDegrees>58.63060401029056</LatitudeDegrees><LongitudeDegrees>59.80406471920913</LongitudeDegrees></Position></Trackpoint><Trackpoint><Time>2026-07-27T13:08:27.000Z</Time><Position><LatitudeDegrees>58.63061133407249</LatitudeDegrees><LongitudeDegrees>59.80408437923746</LongitudeDegrees></Position></Trackpoint><Trackpoint><Time>2026-07-27T13:08:28.000Z</Time><Position><LatitudeDegrees>58.63061876773299</LatitudeDegrees><LongitudeDegrees>59.80410280887474</LongitudeDegrees></Position></Trackpoint><Trackpoint><Time>2026-07-27T13:08:29.000Z</Time><Position><LatitudeDegrees>58.63062627176731</LatitudeDegrees><LongitudeDegrees>59.804121304043626</LongitudeDegrees></Position></Trackpoint><Trackpoint><Time>2026-07-27T13:08:30.000Z</Time><Position><LatitudeDegrees>58.63063382087372</LatitudeDegrees><LongitudeDegrees>59.8041403900374</LongitudeDegrees></Position></Trackpoint><Trackpoint><Time>2026-07-27T13:08:31.000Z</Time><Position><LatitudeDegrees>58.630640909236554</LatitudeDegrees><LongitudeDegrees>59.80416020735787</LongitudeDegrees></Position></Trackpoint><Trackpoint><Time>2026-07-27T13:08:32.000Z</Time><Position><LatitudeDegrees>58.630648366901035</LatitudeDegrees><LongitudeDegrees>59.80418072000369</LongitudeDegrees></Position></Trackpoint><Trackpoint><Time>2026-07-27T13:08:33.000Z</Time><Position><LatitudeDegrees>58.63065599869755</LatitudeDegrees><LongitudeDegrees>59.804201823904364</LongitudeDegrees></Position></Trackpoint><Trackpoint><Time>2026-07-27T13:08:34.000Z</Time><Position><LatitudeDegrees>58.630663701899145</LatitudeDegrees><LongitudeDegrees>59.80422388992413</LongitudeDegrees></Position></Trackpoint><Trackpoint><Time>2026-07-27T13:08:35.000Z</Time><Position><LatitudeDegrees>58.63067240425595</LatitudeDegrees><LongitudeDegrees>59.8042464577001</LongitudeDegrees></Position></Trackpoint><Trackpoint><Time>2026-07-27T13:08:36.000Z</Time><Position><LatitudeDegrees>58.63068186999572</LatitudeDegrees><LongitudeDegrees>59.804268783629226</LongitudeDegrees></Position></Trackpoint><Trackpoint><Time>2026-07-27T13:08:37.000Z</Time><Position><LatitudeDegrees>58.630691414429926</LatitudeDegrees><LongitudeDegrees>59.80428961329041</LongitudeDegrees></Position></Trackpoint><Trackpoint><Time>2026-07-27T13:08:38.000Z</Time><Position><LatitudeDegrees>58.63070074548068</LatitudeDegrees><LongitudeDegrees>59.80430911172555</LongitudeDegrees></Position></Trackpoint><Trackpoint><Time>2026-07-27T13:08:39.000Z</Time><Position><LatitudeDegrees>58.63071025985863</LatitudeDegrees><LongitudeDegrees>59.804327517765266</LongitudeDegrees></Position></Trackpoint><Trackpoint><Time>2026-07-27T13:08:40.000Z</Time><Position><LatitudeDegrees>58.63071911819145</LatitudeDegrees><LongitudeDegrees>59.804345559585876</LongitudeDegrees></Position></Trackpoint><Trackpoint><Time>2026-07-27T13:08:41.000Z</Time><Position><LatitudeDegrees>58.63072803822125</LatitudeDegrees><LongitudeDegrees>59.80436358382165</LongitudeDegrees></Position></Trackpoint><Trackpoint><Time>2026-07-27T13:08:42.000Z</Time><Position><LatitudeDegrees>58.63073681800885</LatitudeDegrees><LongitudeDegrees>59.804380266653254</LongitudeDegrees></Position></Trackpoint><Trackpoint><Time>2026-07-27T13:08:43.000Z</Time><Position><LatitudeDegrees>58.6307449027782</LatitudeDegrees><LongitudeDegrees>59.804395724665575</LongitudeDegrees></Position></Trackpoint><Trackpoint><Time>2026-07-27T13:08:44.000Z</Time><Position><LatitudeDegrees>58.63075166364795</LatitudeDegrees><LongitudeDegrees>59.80440967346522</LongitudeDegrees></Position></Trackpoint><Trackpoint><Time>2026-07-27T13:08:45.000Z</Time><Position><LatitudeDegrees>58.630757011544304</LatitudeDegrees><LongitudeDegrees>59.804422679245306</LongitudeDegrees></Position></Trackpoint><Trackpoint><Time>2026-07-27T13:08:46.000Z</Time><Position><LatitudeDegrees>58.63076109113669</LatitudeDegrees><LongitudeDegrees>59.804435096218164</LongitudeDegrees></Position></Trackpoint><Trackpoint><Time>2026-07-27T13:08:47.000Z</Time><Position><LatitudeDegrees>58.63076461440033</LatitudeDegrees><LongitudeDegrees>59.804447635443374</LongitudeDegrees></Position></Trackpoint><Trackpoint><Time>2026-07-27T13:08:48.000Z</Time><Position><LatitudeDegrees>58.63076892517553</LatitudeDegrees><LongitudeDegrees>59.80446057406808</LongitudeDegrees></Position></Trackpoint><Trackpoint><Time>2026-07-27T13:08:49.000Z</Time><Position><LatitudeDegrees>58.63077349660341</LatitudeDegrees><LongitudeDegrees>59.80447544380026</LongitudeDegrees></Position></Trackpoint><Trackpoint><Time>2026-07-27T13:08:50.000Z</Time><Position><LatitudeDegrees>58.630778567862144</LatitudeDegrees><LongitudeDegrees>59.80449262759361</LongitudeDegrees></Position></Trackpoint><Trackpoint><Time>2026-07-27T13:08:51.000Z</Time><Position><LatitudeDegrees>58.630783683690126</LatitudeDegrees><LongitudeDegrees>59.80451100693376</LongitudeDegrees></Position></Trackpoint><Trackpoint><Time>2026-07-27T13:08:52.000Z</Time><Position><LatitudeDegrees>58.630789140485675</LatitudeDegrees><LongitudeDegrees>59.80453045734317</LongitudeDegrees></Position></Trackpoint><Trackpoint><Time>2026-07-27T13:08:53.000Z</Time><Position><LatitudeDegrees>58.63079452694221</LatitudeDegrees><LongitudeDegrees>59.80455176930897</LongitudeDegrees></Position></Trackpoint><Trackpoint><Time>2026-07-27T13:08:54.000Z</Time><Position><LatitudeDegrees>58.6308006619191</LatitudeDegrees><LongitudeDegrees>59.80457405023094</LongitudeDegrees></Position></Trackpoint><Trackpoint><Time>2026-07-27T13:08:55.000Z</Time><Position><LatitudeDegrees>58.63080778657851</LatitudeDegrees><LongitudeDegrees>59.804596318531864</LongitudeDegrees></Position></Trackpoint><Trackpoint><Time>2026-07-27T13:08:56.000Z</Time><Position><LatitudeDegrees>58.63081587321478</LatitudeDegrees><LongitudeDegrees>59.8046181715854</LongitudeDegrees></Position></Trackpoint><Trackpoint><Time>2026-07-27T13:08:57.000Z</Time><Position><LatitudeDegrees>58.63082429733892</LatitudeDegrees><LongitudeDegrees>59.80463949687297</LongitudeDegrees></Position></Trackpoint><Trackpoint><Time>2026-07-27T13:08:58.000Z</Time><Position><LatitudeDegrees>58.63083275844947</LatitudeDegrees><LongitudeDegrees>59.80466080540426</LongitudeDegrees></Position></Trackpoint><Trackpoint><Time>2026-07-27T13:08:59.000Z</Time><Position><LatitudeDegrees>58.630841617653395</LatitudeDegrees><LongitudeDegrees>59.80468230978074</LongitudeDegrees></Position></Trackpoint><Trackpoint><Time>2026-07-27T13:09:00.000Z</Time><Position><LatitudeDegrees>58.630850972571885</LatitudeDegrees><LongitudeDegrees>59.80470358281172</LongitudeDegrees></Position></Trackpoint><Trackpoint><Time>2026-07-27T13:09:01.000Z</Time><Position><LatitudeDegrees>58.63086031017378</LatitudeDegrees><LongitudeDegrees>59.804724478258684</LongitudeDegrees></Position></Trackpoint><Trackpoint><Time>2026-07-27T13:09:02.000Z</Time><Position><LatitudeDegrees>58.630869911008915</LatitudeDegrees><LongitudeDegrees>59.80474547396869</LongitudeDegrees></Position></Trackpoint><Trackpoint><Time>2026-07-27T13:09:03.000Z</Time><Position><LatitudeDegrees>58.63087936722085</LatitudeDegrees><LongitudeDegrees>59.804766753866474</LongitudeDegrees></Position></Trackpoint><Trackpoint><Time>2026-07-27T13:09:04.000Z</Time><Position><LatitudeDegrees>58.63088852940289</LatitudeDegrees><LongitudeDegrees>59.8047878676127</LongitudeDegrees></Position></Trackpoint><Trackpoint><Time>2026-07-27T13:09:05.000Z</Time><Position><LatitudeDegrees>58.63089737376265</LatitudeDegrees><LongitudeDegrees>59.80480816145729</LongitudeDegrees></Position></Trackpoint><Trackpoint><Time>2026-07-27T13:09:06.000Z</Time><Position><LatitudeDegrees>58.63090544168303</LatitudeDegrees><LongitudeDegrees>59.8048279610079</LongitudeDegrees></Position></Trackpoint><Trackpoint><Time>2026-07-27T13:09:07.000Z</Time><Position><LatitudeDegrees>58.63091313355566</LatitudeDegrees><LongitudeDegrees>59.80484795341314</LongitudeDegrees></Position></Trackpoint><Trackpoint><Time>2026-07-27T13:09:08.000Z</Time><Position><LatitudeDegrees>58.63092066254031</LatitudeDegrees><LongitudeDegrees>59.804868396911104</LongitudeDegrees></Position></Trackpoint><Trackpoint><Time>2026-07-27T13:09:09.000Z</Time><Position><LatitudeDegrees>58.63092862694034</LatitudeDegrees><LongitudeDegrees>59.804888360734566</LongitudeDegrees></Position></Trackpoint><Trackpoint><Time>2026-07-27T13:09:10.000Z</Time><Position><LatitudeDegrees>58.63093721727211</LatitudeDegrees><LongitudeDegrees>59.80490752312803</LongitudeDegrees></Position></Trackpoint><Trackpoint><Time>2026-07-27T13:09:11.000Z</Time><Position><LatitudeDegrees>58.630946431659225</LatitudeDegrees><LongitudeDegrees>59.80492585444418</LongitudeDegrees></Position></Trackpoint><Trackpoint><Time>2026-07-27T13:09:12.000Z</Time><Position><LatitudeDegrees>58.63095667884298</LatitudeDegrees><LongitudeDegrees>59.80494295953015</LongitudeDegrees></Position></Trackpoint><Trackpoint><Time>2026-07-27T13:09:13.000Z</Time><Position><LatitudeDegrees>58.63096750498816</LatitudeDegrees><LongitudeDegrees>59.80495883303362</LongitudeDegrees></Position></Trackpoint><Trackpoint><Time>2026-07-27T13:09:14.000Z</Time><Position><LatitudeDegrees>58.6309791384921</LatitudeDegrees><LongitudeDegrees>59.80497314121144</LongitudeDegrees></Position></Trackpoint><Trackpoint><Time>2026-07-27T13:09:15.000Z</Time><Position><LatitudeDegrees>58.63099108018254</LatitudeDegrees><LongitudeDegrees>59.80498398908176</LongitudeDegrees></Position></Trackpoint><Trackpoint><Time>2026-07-27T13:09:16.000Z</Time><Position><LatitudeDegrees>58.6310025953178</LatitudeDegrees><LongitudeDegrees>59.80499152996371</LongitudeDegrees></Position></Trackpoint><Trackpoint><Time>2026-07-27T13:09:17.000Z</Time><Position><LatitudeDegrees>58.63101343605448</LatitudeDegrees><LongitudeDegrees>59.80499625144616</LongitudeDegrees></Position></Trackpoint><Trackpoint><Time>2026-07-27T13:09:18.000Z</Time><Position><LatitudeDegrees>58.63102358688043</LatitudeDegrees><LongitudeDegrees>59.804998226589525</LongitudeDegrees></Position></Trackpoint><Trackpoint><Time>2026-07-27T13:09:19.000Z</Time><Position><LatitudeDegrees>58.63103264034561</LatitudeDegrees><LongitudeDegrees>59.80499783797097</LongitudeDegrees></Position></Trackpoint><Trackpoint><Time>2026-07-27T13:09:20.000Z</Time><Position><LatitudeDegrees>58.631041059103715</LatitudeDegrees><LongitudeDegrees>59.8049955465338</LongitudeDegrees></Position></Trackpoint><Trackpoint><Time>2026-07-27T13:09:21.000Z</Time><Position><LatitudeDegrees>58.63104862554405</LatitudeDegrees><LongitudeDegrees>59.8049912967231</LongitudeDegrees></Position></Trackpoint><Trackpoint><Time>2026-07-27T13:09:22.000Z</Time><Position><LatitudeDegrees>58.63105535944096</LatitudeDegrees><LongitudeDegrees>59.804985317013795</LongitudeDegrees></Position></Trackpoint><Trackpoint><Time>2026-07-27T13:09:23.000Z</Time><Position><LatitudeDegrees>58.631062355015096</LatitudeDegrees><LongitudeDegrees>59.80497792352933</LongitudeDegrees></Position></Trackpoint><Trackpoint><Time>2026-07-27T13:09:24.000Z</Time><Position><LatitudeDegrees>58.63107051892778</LatitudeDegrees><LongitudeDegrees>59.80496991752641</LongitudeDegrees></Position></Trackpoint><Trackpoint><Time>2026-07-27T13:09:25.000Z</Time><Position><LatitudeDegrees>58.63107958500726</LatitudeDegrees><LongitudeDegrees>59.80496121799446</LongitudeDegrees></Position></Trackpoint><Trackpoint><Time>2026-07-27T13:09:26.000Z</Time><Position><LatitudeDegrees>58.631089327843384</LatitudeDegrees><LongitudeDegrees>59.804951880584035</LongitudeDegrees></Position></Trackpoint><Trackpoint><Time>2026-07-27T13:09:27.000Z</Time><Position><LatitudeDegrees>58.63109907813344</LatitudeDegrees><LongitudeDegrees>59.80494201008461</LongitudeDegrees></Position></Trackpoint><Trackpoint><Time>2026-07-27T13:09:28.000Z</Time><Position><LatitudeDegrees>58.63110904889016</LatitudeDegrees><LongitudeDegrees>59.80493171807316</LongitudeDegrees></Position></Trackpoint><Trackpoint><Time>2026-07-27T13:09:29.000Z</Time><Position><LatitudeDegrees>58.63111929954273</LatitudeDegrees><LongitudeDegrees>59.80492012538</LongitudeDegrees></Position></Trackpoint><Trackpoint><Time>2026-07-27T13:09:30.000Z</Time><Position><LatitudeDegrees>58.63113030825249</LatitudeDegrees><LongitudeDegrees>59.804907526484875</LongitudeDegrees></Position></Trackpoint><Trackpoint><Time>2026-07-27T13:09:31.000Z</Time><Position><LatitudeDegrees>58.63114119542548</LatitudeDegrees><LongitudeDegrees>59.80489368219825</LongitudeDegrees></Position></Trackpoint><Trackpoint><Time>2026-07-27T13:09:32.000Z</Time><Position><LatitudeDegrees>58.631152593635875</LatitudeDegrees><LongitudeDegrees>59.804879143468625</LongitudeDegrees></Position></Trackpoint><Trackpoint><Time>2026-07-27T13:09:33.000Z</Time><Position><LatitudeDegrees>58.63116371858671</LatitudeDegrees><LongitudeDegrees>59.80486275749382</LongitudeDegrees></Position></Trackpoint><Trackpoint><Time>2026-07-27T13:09:34.000Z</Time><Position><LatitudeDegrees>58.63117379274017</LatitudeDegrees><LongitudeDegrees>59.8048447762132</LongitudeDegrees></Position></Trackpoint><Trackpoint><Time>2026-07-27T13:09:35.000Z</Time><Position><LatitudeDegrees>58.6311826307485</LatitudeDegrees><LongitudeDegrees>59.80482648736012</LongitudeDegrees></Position></Trackpoint><Trackpoint><Time>2026-07-27T13:09:36.000Z</Time><Position><LatitudeDegrees>58.631190314936674</LatitudeDegrees><LongitudeDegrees>59.80480846074256</LongitudeDegrees></Position></Trackpoint><Trackpoint><Time>2026-07-27T13:09:37.000Z</Time><Position><LatitudeDegrees>58.63119702729993</LatitudeDegrees><LongitudeDegrees>59.80479089736894</LongitudeDegrees></Position></Trackpoint><Trackpoint><Time>2026-07-27T13:09:38.000Z</Time><Position><LatitudeDegrees>58.631202967522235</LatitudeDegrees><LongitudeDegrees>59.80477577900703</LongitudeDegrees></Position></Trackpoint><Trackpoint><Time>2026-07-27T13:09:39.000Z</Time><Position><LatitudeDegrees>58.631209296164464</LatitudeDegrees><LongitudeDegrees>59.804763118390724</LongitudeDegrees></Position></Trackpoint><Trackpoint><Time>2026-07-27T13:09:40.000Z</Time><Position><LatitudeDegrees>58.6312169309418</LatitudeDegrees><LongitudeDegrees>59.80475407414819</LongitudeDegrees></Position></Trackpoint><Trackpoint><Time>2026-07-27T13:09:41.000Z</Time><Position><LatitudeDegrees>58.631225102938245</LatitudeDegrees><LongitudeDegrees>59.80475012811691</LongitudeDegrees></Position></Trackpoint><Trackpoint><Time>2026-07-27T13:09:42.000Z</Time><Position><LatitudeDegrees>58.63123440575855</LatitudeDegrees><LongitudeDegrees>59.804749767387406</LongitudeDegrees></Position></Trackpoint><Trackpoint><Time>2026-07-27T13:09:43.000Z</Time><Position><LatitudeDegrees>58.631244938729395</LatitudeDegrees><LongitudeDegrees>59.80475288794629</LongitudeDegrees></Position></Trackpoint><Trackpoint><Time>2026-07-27T13:09:44.000Z</Time><Position><LatitudeDegrees>58.63125658486887</LatitudeDegrees><LongitudeDegrees>59.804758020918065</LongitudeDegrees></Position></Trackpoint><Trackpoint><Time>2026-07-27T13:09:45.000Z</Time><Position><LatitudeDegrees>58.63126915312642</LatitudeDegrees><LongitudeDegrees>59.80476283424879</LongitudeDegrees></Position></Trackpoint><Trackpoint><Time>2026-07-27T13:09:46.000Z</Time><Position><LatitudeDegrees>58.63128195685796</LatitudeDegrees><LongitudeDegrees>59.80476591893573</LongitudeDegrees></Position></Trackpoint><Trackpoint><Time>2026-07-27T13:09:47.000Z</Time><Position><LatitudeDegrees>58.631294683057845</LatitudeDegrees><LongitudeDegrees>59.80476544774152</LongitudeDegrees></Position></Trackpoint><Trackpoint><Time>2026-07-27T13:09:48.000Z</Time><Position><LatitudeDegrees>58.63130770238159</LatitudeDegrees><LongitudeDegrees>59.80476259337269</LongitudeDegrees></Position></Trackpoint><Trackpoint><Time>2026-07-27T13:09:49.000Z</Time><Position><LatitudeDegrees>58.63132161946613</LatitudeDegrees><LongitudeDegrees>59.804756675833914</LongitudeDegrees></Position></Trackpoint><Trackpoint><Time>2026-07-27T13:09:50.000Z</Time><Position><LatitudeDegrees>58.63133607848423</LatitudeDegrees><LongitudeDegrees>59.80474780823365</LongitudeDegrees></Position></Trackpoint><Trackpoint><Time>2026-07-27T13:09:51.000Z</Time><Position><LatitudeDegrees>58.63135086333805</LatitudeDegrees><LongitudeDegrees>59.80473690540028</LongitudeDegrees></Position></Trackpoint><Trackpoint><Time>2026-07-27T13:09:52.000Z</Time><Position><LatitudeDegrees>58.631365843210745</LatitudeDegrees><LongitudeDegrees>59.80472558453097</LongitudeDegrees></Position></Trackpoint><Trackpoint><Time>2026-07-27T13:09:53.000Z</Time><Position><LatitudeDegrees>58.631380939197214</LatitudeDegrees><LongitudeDegrees>59.80471505490634</LongitudeDegrees></Position></Trackpoint><Trackpoint><Time>2026-07-27T13:09:54.000Z</Time><Position><LatitudeDegrees>58.63139561428806</LatitudeDegrees><LongitudeDegrees>59.804704733772176</LongitudeDegrees></Position></Trackpoint><Trackpoint><Time>2026-07-27T13:09:55.000Z</Time><Position><LatitudeDegrees>58.63140970134621</LatitudeDegrees><LongitudeDegrees>59.80469386476081</LongitudeDegrees></Position></Trackpoint><Trackpoint><Time>2026-07-27T13:09:56.000Z</Time><Position><LatitudeDegrees>58.631423696622775</LatitudeDegrees><LongitudeDegrees>59.80468220669402</LongitudeDegrees></Position></Trackpoint><Trackpoint><Time>2026-07-27T13:09:57.000Z</Time><Position><LatitudeDegrees>58.63143732665992</LatitudeDegrees><LongitudeDegrees>59.804669761520636</LongitudeDegrees></Position></Trackpoint><Trackpoint><Time>2026-07-27T13:09:58.000Z</Time><Position><LatitudeDegrees>58.63145052571652</LatitudeDegrees><LongitudeDegrees>59.80465614145658</LongitudeDegrees></Position></Trackpoint><Trackpoint><Time>2026-07-27T13:09:59.000Z</Time><Position><LatitudeDegrees>58.6314638116445</LatitudeDegrees><LongitudeDegrees>59.804642806426735</LongitudeDegrees></Position></Trackpoint><Trackpoint><Time>2026-07-27T13:10:00.000Z</Time><Position><LatitudeDegrees>58.63147689695213</LatitudeDegrees><LongitudeDegrees>59.804629831482515</LongitudeDegrees></Position></Trackpoint><Trackpoint><Time>2026-07-27T13:10:01.000Z</Time><Position><LatitudeDegrees>58.63148968899004</LatitudeDegrees><LongitudeDegrees>59.804616711705535</LongitudeDegrees></Position></Trackpoint><Trackpoint><Time>2026-07-27T13:10:02.000Z</Time><Position><LatitudeDegrees>58.63150267685347</LatitudeDegrees><LongitudeDegrees>59.804603257742635</LongitudeDegrees></Position></Trackpoint><Trackpoint><Time>2026-07-27T13:10:03.000Z</Time><Position><LatitudeDegrees>58.63151652644487</LatitudeDegrees><LongitudeDegrees>59.80458992411474</LongitudeDegrees></Position></Trackpoint><Trackpoint><Time>2026-07-27T13:10:04.000Z</Time><Position><LatitudeDegrees>58.631531401403585</LatitudeDegrees><LongitudeDegrees>59.80457737217453</LongitudeDegrees></Position></Trackpoint><Trackpoint><Time>2026-07-27T13:10:05.000Z</Time><Position><LatitudeDegrees>58.6315467479068</LatitudeDegrees><LongitudeDegrees>59.804566753181895</LongitudeDegrees></Position></Trackpoint><Trackpoint><Time>2026-07-27T13:10:06.000Z</Time><Position><LatitudeDegrees>58.63156178773917</LatitudeDegrees><LongitudeDegrees>59.80455829317316</LongitudeDegrees></Position></Trackpoint><Trackpoint><Time>2026-07-27T13:10:07.000Z</Time><Position><LatitudeDegrees>58.6315762397664</LatitudeDegrees><LongitudeDegrees>59.80455131852469</LongitudeDegrees></Position></Trackpoint><Trackpoint><Time>2026-07-27T13:10:08.000Z</Time><Position><LatitudeDegrees>58.63158957404129</LatitudeDegrees><LongitudeDegrees>59.804543402729585</LongitudeDegrees></Position></Trackpoint><Trackpoint><Time>2026-07-27T13:10:09.000Z</Time><Position><LatitudeDegrees>58.63160220538636</LatitudeDegrees><LongitudeDegrees>59.80453562570861</LongitudeDegrees></Position></Trackpoint><Trackpoint><Time>2026-07-27T13:10:10.000Z</Time><Position><LatitudeDegrees>58.631613415638085</LatitudeDegrees><LongitudeDegrees>59.80452743517646</LongitudeDegrees></Position></Trackpoint><Trackpoint><Time>2026-07-27T13:10:11.000Z</Time><Position><LatitudeDegrees>58.63162309142797</LatitudeDegrees><LongitudeDegrees>59.8045196359784</LongitudeDegrees></Position></Trackpoint><Trackpoint><Time>2026-07-27T13:10:12.000Z</Time><Position><LatitudeDegrees>58.63162991418107</LatitudeDegrees><LongitudeDegrees>59.804512019738794</LongitudeDegrees></Position></Trackpoint><Trackpoint><Time>2026-07-27T13:10:13.000Z</Time><Position><LatitudeDegrees>58.631634686268455</LatitudeDegrees><LongitudeDegrees>59.80450349793793</LongitudeDegrees></Position></Trackpoint><Trackpoint><Time>2026-07-27T13:10:14.000Z</Time><Position><LatitudeDegrees>58.63163800133312</LatitudeDegrees><LongitudeDegrees>59.80449373851451</LongitudeDegrees></Position></Trackpoint><Trackpoint><Time>2026-07-27T13:10:15.000Z</Time><Position><LatitudeDegrees>58.631640290863714</LatitudeDegrees><LongitudeDegrees>59.80448276356159</LongitudeDegrees></Position></Trackpoint><Trackpoint><Time>2026-07-27T13:10:16.000Z</Time><Position><LatitudeDegrees>58.63164186418739</LatitudeDegrees><LongitudeDegrees>59.80447024857858</LongitudeDegrees></Position></Trackpoint><Trackpoint><Time>2026-07-27T13:10:17.000Z</Time><Position><LatitudeDegrees>58.63164343023008</LatitudeDegrees><LongitudeDegrees>59.80445674719648</LongitudeDegrees></Position></Trackpoint><Trackpoint><Time>2026-07-27T13:10:18.000Z</Time><Position><LatitudeDegrees>58.631645281885625</LatitudeDegrees><LongitudeDegrees>59.804441634800575</LongitudeDegrees></Position></Trackpoint><Trackpoint><Time>2026-07-27T13:10:19.000Z</Time><Position><LatitudeDegrees>58.63164750311951</LatitudeDegrees><LongitudeDegrees>59.80442584014612</LongitudeDegrees></Position></Trackpoint><Trackpoint><Time>2026-07-27T13:10:20.000Z</Time><Position><LatitudeDegrees>58.631650570687306</LatitudeDegrees><LongitudeDegrees>59.80440934368175</LongitudeDegrees></Position></Trackpoint><Trackpoint><Time>2026-07-27T13:10:21.000Z</Time><Position><LatitudeDegrees>58.631655061917805</LatitudeDegrees><LongitudeDegrees>59.80439320665301</LongitudeDegrees></Position></Trackpoint><Trackpoint><Time>2026-07-27T13:10:22.000Z</Time><Position><LatitudeDegrees>58.6316610318493</LatitudeDegrees><LongitudeDegrees>59.80437830959382</LongitudeDegrees></Position></Trackpoint><Trackpoint><Time>2026-07-27T13:10:23.000Z</Time><Position><LatitudeDegrees>58.63166880296998</LatitudeDegrees><LongitudeDegrees>59.804364366378586</LongitudeDegrees></Position></Trackpoint><Trackpoint><Time>2026-07-27T13:10:24.000Z</Time><Position><LatitudeDegrees>58.63167827691134</LatitudeDegrees><LongitudeDegrees>59.80435064713618</LongitudeDegrees></Position></Trackpoint><Trackpoint><Time>2026-07-27T13:10:25.000Z</Time><Position><LatitudeDegrees>58.63168870499686</LatitudeDegrees><LongitudeDegrees>59.804336332924166</LongitudeDegrees></Position></Trackpoint><Trackpoint><Time>2026-07-27T13:10:26.000Z</Time><Position><LatitudeDegrees>58.63170063565487</LatitudeDegrees><LongitudeDegrees>59.804320673227544</LongitudeDegrees></Position></Trackpoint><Trackpoint><Time>2026-07-27T13:10:27.000Z</Time><Position><LatitudeDegrees>58.63171410189354</LatitudeDegrees><LongitudeDegrees>59.804304021260755</LongitudeDegrees></Position></Trackpoint><Trackpoint><Time>2026-07-27T13:10:28.000Z</Time><Position><LatitudeDegrees>58.63172794099604</LatitudeDegrees><LongitudeDegrees>59.80428713945627</LongitudeDegrees></Position></Trackpoint><Trackpoint><Time>2026-07-27T13:10:29.000Z</Time><Position><LatitudeDegrees>58.63174211587093</LatitudeDegrees><LongitudeDegrees>59.804271350529774</LongitudeDegrees></Position></Trackpoint><Trackpoint><Time>2026-07-27T13:10:30.000Z</Time><Position><LatitudeDegrees>58.63175656814682</LatitudeDegrees><LongitudeDegrees>59.804256569339834</LongitudeDegrees></Position></Trackpoint><Trackpoint><Time>2026-07-27T13:10:31.000Z</Time><Position><LatitudeDegrees>58.63177074856982</LatitudeDegrees><LongitudeDegrees>59.80424410031276</LongitudeDegrees></Position></Trackpoint><Trackpoint><Time>2026-07-27T13:10:32.000Z</Time><Position><LatitudeDegrees>58.63178446583077</LatitudeDegrees><LongitudeDegrees>59.80423369428159</LongitudeDegrees></Position></Trackpoint><Trackpoint><Time>2026-07-27T13:10:33.000Z</Time><Position><LatitudeDegrees>58.63179770058832</LatitudeDegrees><LongitudeDegrees>59.80422449423804</LongitudeDegrees></Position></Trackpoint><Trackpoint><Time>2026-07-27T13:10:34.000Z</Time><Position><LatitudeDegrees>58.63181001719502</LatitudeDegrees><LongitudeDegrees>59.80421550284021</LongitudeDegrees></Position></Trackpoint><Trackpoint><Time>2026-07-27T13:10:35.000Z</Time><Position><LatitudeDegrees>58.63182135408</LatitudeDegrees><LongitudeDegrees>59.804205792959465</LongitudeDegrees></Position></Trackpoint><Trackpoint><Time>2026-07-27T13:10:36.000Z</Time><Position><LatitudeDegrees>58.63183279085336</LatitudeDegrees><LongitudeDegrees>59.80419654382138</LongitudeDegrees></Position></Trackpoint><Trackpoint><Time>2026-07-27T13:10:37.000Z</Time><Position><LatitudeDegrees>58.631844269703386</LatitudeDegrees><LongitudeDegrees>59.80418769232411</LongitudeDegrees></Position></Trackpoint><Trackpoint><Time>2026-07-27T13:10:38.000Z</Time><Position><LatitudeDegrees>58.63185527181021</LatitudeDegrees><LongitudeDegrees>59.804178671833014</LongitudeDegrees></Position></Trackpoint><Trackpoint><Time>2026-07-27T13:10:39.000Z</Time><Position><LatitudeDegrees>58.631865644695765</LatitudeDegrees><LongitudeDegrees>59.80416878106852</LongitudeDegrees></Position></Trackpoint><Trackpoint><Time>2026-07-27T13:10:40.000Z</Time><Position><LatitudeDegrees>58.6318754063241</LatitudeDegrees><LongitudeDegrees>59.80415882213983</LongitudeDegrees></Position></Trackpoint><Trackpoint><Time>2026-07-27T13:10:41.000Z</Time><Position><LatitudeDegrees>58.63188415293673</LatitudeDegrees><LongitudeDegrees>59.8041481549098</LongitudeDegrees></Position></Trackpoint><Trackpoint><Time>2026-07-27T13:10:42.000Z</Time><Position><LatitudeDegrees>58.63189233813879</LatitudeDegrees><LongitudeDegrees>59.804135627436764</LongitudeDegrees></Position></Trackpoint><Trackpoint><Time>2026-07-27T13:10:43.000Z</Time><Position><LatitudeDegrees>58.631900710406825</LatitudeDegrees><LongitudeDegrees>59.80412149368273</LongitudeDegrees></Position></Trackpoint><Trackpoint><Time>2026-07-27T13:10:44.000Z</Time><Position><LatitudeDegrees>58.63190857475755</LatitudeDegrees><LongitudeDegrees>59.80410606440146</LongitudeDegrees></Position></Trackpoint><Trackpoint><Time>2026-07-27T13:10:45.000Z</Time><Position><LatitudeDegrees>58.63191619977473</LatitudeDegrees><LongitudeDegrees>59.804089633850666</LongitudeDegrees></Position></Trackpoint><Trackpoint><Time>2026-07-27T13:10:46.000Z</Time><Position><LatitudeDegrees>58.63192421639881</LatitudeDegrees><LongitudeDegrees>59.80407294133754</LongitudeDegrees></Position></Trackpoint><Trackpoint><Time>2026-07-27T13:10:47.000Z</Time><Position><LatitudeDegrees>58.63193283420996</LatitudeDegrees><LongitudeDegrees>59.804055835345274</LongitudeDegrees></Position></Trackpoint><Trackpoint><Time>2026-07-27T13:10:48.000Z</Time><Position><LatitudeDegrees>58.631941572748225</LatitudeDegrees><LongitudeDegrees>59.80403830654363</LongitudeDegrees></Position></Trackpoint><Trackpoint><Time>2026-07-27T13:10:49.000Z</Time><Position><LatitudeDegrees>58.63195070825964</LatitudeDegrees><LongitudeDegrees>59.80402040535705</LongitudeDegrees></Position></Trackpoint><Trackpoint><Time>2026-07-27T13:10:50.000Z</Time><Position><LatitudeDegrees>58.63195981395001</LatitudeDegrees><LongitudeDegrees>59.804001710736415</LongitudeDegrees></Position></Trackpoint><Trackpoint><Time>2026-07-27T13:10:51.000Z</Time><Position><LatitudeDegrees>58.63196969709999</LatitudeDegrees><LongitudeDegrees>59.80398361994757</LongitudeDegrees></Position></Trackpoint><Trackpoint><Time>2026-07-27T13:10:52.000Z</Time><Position><LatitudeDegrees>58.63198107999951</LatitudeDegrees><LongitudeDegrees>59.803966630930304</LongitudeDegrees></Position></Trackpoint><Trackpoint><Time>2026-07-27T13:10:53.000Z</Time><Position><LatitudeDegrees>58.631993088399845</LatitudeDegrees><LongitudeDegrees>59.803950807342105</LongitudeDegrees></Position></Trackpoint><Trackpoint><Time>2026-07-27T13:10:54.000Z</Time><Position><LatitudeDegrees>58.632005771584744</LatitudeDegrees><LongitudeDegrees>59.80393651542881</LongitudeDegrees></Position></Trackpoint><Trackpoint><Time>2026-07-27T13:10:55.000Z</Time><Position><LatitudeDegrees>58.63201808402209</LatitudeDegrees><LongitudeDegrees>59.80392224060266</LongitudeDegrees></Position></Trackpoint><Trackpoint><Time>2026-07-27T13:10:56.000Z</Time><Position><LatitudeDegrees>58.63203062193301</LatitudeDegrees><LongitudeDegrees>59.803907356912795</LongitudeDegrees></Position></Trackpoint><Trackpoint><Time>2026-07-27T13:10:57.000Z</Time><Position><LatitudeDegrees>58.63204360192206</LatitudeDegrees><LongitudeDegrees>59.803891684718515</LongitudeDegrees></Position></Trackpoint><Trackpoint><Time>2026-07-27T13:10:58.000Z</Time><Position><LatitudeDegrees>58.63205656684353</LatitudeDegrees><LongitudeDegrees>59.80387623046237</LongitudeDegrees></Position></Trackpoint><Trackpoint><Time>2026-07-27T13:10:59.000Z</Time><Position><LatitudeDegrees>58.63206884075287</LatitudeDegrees><LongitudeDegrees>59.80386040143771</LongitudeDegrees></Position></Trackpoint><Trackpoint><Time>2026-07-27T13:11:00.000Z</Time><Position><LatitudeDegrees>58.63207974435331</LatitudeDegrees><LongitudeDegrees>59.80384351203851</LongitudeDegrees></Position></Trackpoint><Trackpoint><Time>2026-07-27T13:11:01.000Z</Time><Position><LatitudeDegrees>58.63208917376486</LatitudeDegrees><LongitudeDegrees>59.8038249263962</LongitudeDegrees></Position></Trackpoint><Trackpoint><Time>2026-07-27T13:11:02.000Z</Time><Position><LatitudeDegrees>58.6320977650268</LatitudeDegrees><LongitudeDegrees>59.80380411073852</LongitudeDegrees></Position></Trackpoint><Trackpoint><Time>2026-07-27T13:11:03.000Z</Time><Position><LatitudeDegrees>58.63210637726718</LatitudeDegrees><LongitudeDegrees>59.80378113145934</LongitudeDegrees></Position></Trackpoint><Trackpoint><Time>2026-07-27T13:11:04.000Z</Time><Position><LatitudeDegrees>58.632115361611014</LatitudeDegrees><LongitudeDegrees>59.803757762431275</LongitudeDegrees></Position></Trackpoint><Trackpoint><Time>2026-07-27T13:11:05.000Z</Time><Position><LatitudeDegrees>58.63212432529377</LatitudeDegrees><LongitudeDegrees>59.80373429460728</LongitudeDegrees></Position></Trackpoint><Trackpoint><Time>2026-07-27T13:11:06.000Z</Time><Position><LatitudeDegrees>58.63213359882435</LatitudeDegrees><LongitudeDegrees>59.80371135010242</LongitudeDegrees></Position></Trackpoint><Trackpoint><Time>2026-07-27T13:11:07.000Z</Time><Position><LatitudeDegrees>58.632143278548845</LatitudeDegrees><LongitudeDegrees>59.80368911795719</LongitudeDegrees></Position></Trackpoint><Trackpoint><Time>2026-07-27T13:11:08.000Z</Time><Position><LatitudeDegrees>58.632153352011414</LatitudeDegrees><LongitudeDegrees>59.80366856381575</LongitudeDegrees></Position></Trackpoint><Trackpoint><Time>2026-07-27T13:11:09.000Z</Time><Position><LatitudeDegrees>58.632164253157256</LatitudeDegrees><LongitudeDegrees>59.8036498699933</LongitudeDegrees></Position></Trackpoint><Trackpoint><Time>2026-07-27T13:11:10.000Z</Time><Position><LatitudeDegrees>58.63217556485696</LatitudeDegrees><LongitudeDegrees>59.8036328728042</LongitudeDegrees></Position></Trackpoint><Trackpoint><Time>2026-07-27T13:11:11.000Z</Time><Position><LatitudeDegrees>58.63218657301814</LatitudeDegrees><LongitudeDegrees>59.803617776687545</LongitudeDegrees></Position></Trackpoint><Trackpoint><Time>2026-07-27T13:11:12.000Z</Time><Position><LatitudeDegrees>58.63219751212307</LatitudeDegrees><LongitudeDegrees>59.80360344261716</LongitudeDegrees></Position></Trackpoint><Trackpoint><Time>2026-07-27T13:11:13.000Z</Time><Position><LatitudeDegrees>58.63220799799201</LatitudeDegrees><LongitudeDegrees>59.80358979330722</LongitudeDegrees></Position></Trackpoint><Trackpoint><Time>2026-07-27T13:11:14.000Z</Time><Position><LatitudeDegrees>58.632217930579095</LatitudeDegrees><LongitudeDegrees>59.803575729819634</LongitudeDegrees></Position></Trackpoint><Trackpoint><Time>2026-07-27T13:11:15.000Z</Time><Position><LatitudeDegrees>58.632227339694985</LatitudeDegrees><LongitudeDegrees>59.80355938390227</LongitudeDegrees></Position></Trackpoint><Trackpoint><Time>2026-07-27T13:11:16.000Z</Time><Position><LatitudeDegrees>58.632236794414055</LatitudeDegrees><LongitudeDegrees>59.80354174792486</LongitudeDegrees></Position></Trackpoint><Trackpoint><Time>2026-07-27T13:11:17.000Z</Time><Position><LatitudeDegrees>58.63224603363639</LatitudeDegrees><LongitudeDegrees>59.80352437537686</LongitudeDegrees></Position></Trackpoint><Trackpoint><Time>2026-07-27T13:11:18.000Z</Time><Position><LatitudeDegrees>58.63225595671227</LatitudeDegrees><LongitudeDegrees>59.80350836183686</LongitudeDegrees></Position></Trackpoint><Trackpoint><Time>2026-07-27T13:11:19.000Z</Time><Position><LatitudeDegrees>58.63226635664193</LatitudeDegrees><LongitudeDegrees>59.803493494463446</LongitudeDegrees></Position></Trackpoint><Trackpoint><Time>2026-07-27T13:11:20.000Z</Time><Position><LatitudeDegrees>58.6322770869725</LatitudeDegrees><LongitudeDegrees>59.80347904888204</LongitudeDegrees></Position></Trackpoint><Trackpoint><Time>2026-07-27T13:11:21.000Z</Time><Position><LatitudeDegrees>58.63228804498336</LatitudeDegrees><LongitudeDegrees>59.803464183024055</LongitudeDegrees></Position></Trackpoint><Trackpoint><Time>2026-07-27T13:11:22.000Z</Time><Position><LatitudeDegrees>58.6322986695377</LatitudeDegrees><LongitudeDegrees>59.80344909365006</LongitudeDegrees></Position></Trackpoint><Trackpoint><Time>2026-07-27T13:11:23.000Z</Time><Position><LatitudeDegrees>58.632308772339286</LatitudeDegrees><LongitudeDegrees>59.80343438009116</LongitudeDegrees></Position></Trackpoint><Trackpoint><Time>2026-07-27T13:11:24.000Z</Time><Position><LatitudeDegrees>58.63231785319702</LatitudeDegrees><LongitudeDegrees>59.80342024093661</LongitudeDegrees></Position></Trackpoint><Trackpoint><Time>2026-07-27T13:11:25.000Z</Time><Position><LatitudeDegrees>58.63232681650172</LatitudeDegrees><LongitudeDegrees>59.803406684248145</LongitudeDegrees></Position></Trackpoint><Trackpoint><Time>2026-07-27T13:11:26.000Z</Time><Position><LatitudeDegrees>58.6323355601888</LatitudeDegrees><LongitudeDegrees>59.80339265936598</LongitudeDegrees></Position></Trackpoint><Trackpoint><Time>2026-07-27T13:11:27.000Z</Time><Position><LatitudeDegrees>58.6323450496335</LatitudeDegrees><LongitudeDegrees>59.80337779368534</LongitudeDegrees></Position></Trackpoint><Trackpoint><Time>2026-07-27T13:11:28.000Z</Time><Position><LatitudeDegrees>58.632355097082055</LatitudeDegrees><LongitudeDegrees>59.80336253128098</LongitudeDegrees></Position></Trackpoint><Trackpoint><Time>2026-07-27T13:11:29.000Z</Time><Position><LatitudeDegrees>58.63236506398163</LatitudeDegrees><LongitudeDegrees>59.8033475955672</LongitudeDegrees></Position></Trackpoint><Trackpoint><Time>2026-07-27T13:11:30.000Z</Time><Position><LatitudeDegrees>58.632375187303836</LatitudeDegrees><LongitudeDegrees>59.80333226331865</LongitudeDegrees></Position></Trackpoint><Trackpoint><Time>2026-07-27T13:11:31.000Z</Time><Position><LatitudeDegrees>58.632385054954256</LatitudeDegrees><LongitudeDegrees>59.80331677719228</LongitudeDegrees></Position></Trackpoint><Trackpoint><Time>2026-07-27T13:11:32.000Z</Time><Position><LatitudeDegrees>58.63239453003375</LatitudeDegrees><LongitudeDegrees>59.80330076726166</LongitudeDegrees></Position></Trackpoint><Trackpoint><Time>2026-07-27T13:11:33.000Z</Time><Position><LatitudeDegrees>58.63240360654858</LatitudeDegrees><LongitudeDegrees>59.80328463801887</LongitudeDegrees></Position></Trackpoint><Trackpoint><Time>2026-07-27T13:11:34.000Z</Time><Position><LatitudeDegrees>58.632413312406726</LatitudeDegrees><LongitudeDegrees>59.803268081750154</LongitudeDegrees></Position></Trackpoint><Trackpoint><Time>2026-07-27T13:11:35.000Z</Time><Position><LatitudeDegrees>58.632423500549095</LatitudeDegrees><LongitudeDegrees>59.80325151614746</LongitudeDegrees></Position></Trackpoint><Trackpoint><Time>2026-07-27T13:11:36.000Z</Time><Position><LatitudeDegrees>58.63243453812201</LatitudeDegrees><LongitudeDegrees>59.80323511442828</LongitudeDegrees></Position></Trackpoint><Trackpoint><Time>2026-07-27T13:11:37.000Z</Time><Position><LatitudeDegrees>58.63244695691608</LatitudeDegrees><LongitudeDegrees>59.80321892689515</LongitudeDegrees></Position></Trackpoint><Trackpoint><Time>2026-07-27T13:11:38.000Z</Time><Position><LatitudeDegrees>58.63246079866275</LatitudeDegrees><LongitudeDegrees>59.803202946773865</LongitudeDegrees></Position></Trackpoint><Trackpoint><Time>2026-07-27T13:11:39.000Z</Time><Position><LatitudeDegrees>58.63247491869338</LatitudeDegrees><LongitudeDegrees>59.8031871446536</LongitudeDegrees></Position></Trackpoint><Trackpoint><Time>2026-07-27T13:11:40.000Z</Time><Position><LatitudeDegrees>58.63248832026732</LatitudeDegrees><LongitudeDegrees>59.803172464797065</LongitudeDegrees></Position></Trackpoint><Trackpoint><Time>2026-07-27T13:11:41.000Z</Time><Position><LatitudeDegrees>58.632500685106336</LatitudeDegrees><LongitudeDegrees>59.80315817282104</LongitudeDegrees></Position></Trackpoint><Trackpoint><Time>2026-07-27T13:11:42.000Z</Time><Position><LatitudeDegrees>58.63251201519621</LatitudeDegrees><LongitudeDegrees>59.80314440610878</LongitudeDegrees></Position></Trackpoint><Trackpoint><Time>2026-07-27T13:11:43.000Z</Time><Position><LatitudeDegrees>58.632522933773856</LatitudeDegrees><LongitudeDegrees>59.80313066421185</LongitudeDegrees></Position></Trackpoint><Trackpoint><Time>2026-07-27T13:11:44.000Z</Time><Position><LatitudeDegrees>58.63253375032599</LatitudeDegrees><LongitudeDegrees>59.803117717065135</LongitudeDegrees></Position></Trackpoint><Trackpoint><Time>2026-07-27T13:11:45.000Z</Time><Position><LatitudeDegrees>58.632544605404384</LatitudeDegrees><LongitudeDegrees>59.80310480052726</LongitudeDegrees></Position></Trackpoint><Trackpoint><Time>2026-07-27T13:11:46.000Z</Time><Position><LatitudeDegrees>58.63255555194815</LatitudeDegrees><LongitudeDegrees>59.80309208558135</LongitudeDegrees></Position></Trackpoint><Trackpoint><Time>2026-07-27T13:11:47.000Z</Time><Position><LatitudeDegrees>58.63256708963056</LatitudeDegrees><LongitudeDegrees>59.80307912715932</LongitudeDegrees></Position></Trackpoint><Trackpoint><Time>2026-07-27T13:11:48.000Z</Time><Position><LatitudeDegrees>58.63257787953013</LatitudeDegrees><LongitudeDegrees>59.80306479399584</LongitudeDegrees></Position></Trackpoint><Trackpoint><Time>2026-07-27T13:11:49.000Z</Time><Position><LatitudeDegrees>58.632587466211135</LatitudeDegrees><LongitudeDegrees>59.80304977586534</LongitudeDegrees></Position></Trackpoint><Trackpoint><Time>2026-07-27T13:11:50.000Z</Time><Position><LatitudeDegrees>58.63259581654123</LatitudeDegrees><LongitudeDegrees>59.803034444754424</LongitudeDegrees></Position></Trackpoint><Trackpoint><Time>2026-07-27T13:11:51.000Z</Time><Position><LatitudeDegrees>58.632603075559196</LatitudeDegrees><LongitudeDegrees>59.80301899403013</LongitudeDegrees></Position></Trackpoint><Trackpoint><Time>2026-07-27T13:11:52.000Z</Time><Position><LatitudeDegrees>58.6326099326757</LatitudeDegrees><LongitudeDegrees>59.80300351867967</LongitudeDegrees></Position></Trackpoint><Trackpoint><Time>2026-07-27T13:11:53.000Z</Time><Position><LatitudeDegrees>58.63261672339649</LatitudeDegrees><LongitudeDegrees>59.80298855059326</LongitudeDegrees></Position></Trackpoint><Trackpoint><Time>2026-07-27T13:11:54.000Z</Time><Position><LatitudeDegrees>58.63262359441582</LatitudeDegrees><LongitudeDegrees>59.80297424371449</LongitudeDegrees></Position></Trackpoint><Trackpoint><Time>2026-07-27T13:11:55.000Z</Time><Position><LatitudeDegrees>58.63263059584108</LatitudeDegrees><LongitudeDegrees>59.80296106618806</LongitudeDegrees></Position></Trackpoint><Trackpoint><Time>2026-07-27T13:11:56.000Z</Time><Position><LatitudeDegrees>58.632637731570746</LatitudeDegrees><LongitudeDegrees>59.8029485762503</LongitudeDegrees></Position></Trackpoint><Trackpoint><Time>2026-07-27T13:11:57.000Z</Time><Position><LatitudeDegrees>58.63264547558321</LatitudeDegrees><LongitudeDegrees>59.80293552449599</LongitudeDegrees></Position></Trackpoint><Trackpoint><Time>2026-07-27T13:11:58.000Z</Time><Position><LatitudeDegrees>58.632653945006396</LatitudeDegrees><LongitudeDegrees>59.80292195809732</LongitudeDegrees></Position></Trackpoint><Trackpoint><Time>2026-07-27T13:11:59.000Z</Time><Position><LatitudeDegrees>58.632662605361496</LatitudeDegrees><LongitudeDegrees>59.802907962535194</LongitudeDegrees></Position></Trackpoint><Trackpoint><Time>2026-07-27T13:12:00.000Z</Time><Position><LatitudeDegrees>58.63267170163712</LatitudeDegrees><LongitudeDegrees>59.8028941177066</LongitudeDegrees></Position></Trackpoint><Trackpoint><Time>2026-07-27T13:12:01.000Z</Time><Position><LatitudeDegrees>58.63268078916739</LatitudeDegrees><LongitudeDegrees>59.80288015347542</LongitudeDegrees></Position></Trackpoint><Trackpoint><Time>2026-07-27T13:12:02.000Z</Time><Position><LatitudeDegrees>58.63269017555712</LatitudeDegrees><LongitudeDegrees>59.80286646352634</LongitudeDegrees></Position></Trackpoint><Trackpoint><Time>2026-07-27T13:12:03.000Z</Time><Position><LatitudeDegrees>58.63270043874072</LatitudeDegrees><LongitudeDegrees>59.80285268517755</LongitudeDegrees></Position></Trackpoint><Trackpoint><Time>2026-07-27T13:12:04.000Z</Time><Position><LatitudeDegrees>58.63271121458505</LatitudeDegrees><LongitudeDegrees>59.80283868041053</LongitudeDegrees></Position></Trackpoint><Trackpoint><Time>2026-07-27T13:12:05.000Z</Time><Position><LatitudeDegrees>58.63272228732872</LatitudeDegrees><LongitudeDegrees>59.80282442144511</LongitudeDegrees></Position></Trackpoint><Trackpoint><Time>2026-07-27T13:12:06.000Z</Time><Position><LatitudeDegrees>58.6327335300074</LatitudeDegrees><LongitudeDegrees>59.8028109086877</LongitudeDegrees></Position></Trackpoint><Trackpoint><Time>2026-07-27T13:12:07.000Z</Time><Position><LatitudeDegrees>58.632745358132674</LatitudeDegrees><LongitudeDegrees>59.802799437585584</LongitudeDegrees></Position></Trackpoint><Trackpoint><Time>2026-07-27T13:12:08.000Z</Time><Position><LatitudeDegrees>58.632756888463646</LatitudeDegrees><LongitudeDegrees>59.8027902796038</LongitudeDegrees></Position></Trackpoint><Trackpoint><Time>2026-07-27T13:12:09.000Z</Time><Position><LatitudeDegrees>58.632767795473704</LatitudeDegrees><LongitudeDegrees>59.80278178082334</LongitudeDegrees></Position></Trackpoint><Trackpoint><Time>2026-07-27T13:12:10.000Z</Time><Position><LatitudeDegrees>58.63277851471305</LatitudeDegrees><LongitudeDegrees>59.80277317549771</LongitudeDegrees></Position></Trackpoint><Trackpoint><Time>2026-07-27T13:12:11.000Z</Time><Position><LatitudeDegrees>58.63278876004526</LatitudeDegrees><LongitudeDegrees>59.802764651552515</LongitudeDegrees></Position></Trackpoint><Trackpoint><Time>2026-07-27T13:12:12.000Z</Time><Position><LatitudeDegrees>58.63279847445506</LatitudeDegrees><LongitudeDegrees>59.802756275936716</LongitudeDegrees></Position></Trackpoint><Trackpoint><Time>2026-07-27T13:12:13.000Z</Time><Position><LatitudeDegrees>58.63280868182599</LatitudeDegrees><LongitudeDegrees>59.80274805718428</LongitudeDegrees></Position></Trackpoint><Trackpoint><Time>2026-07-27T13:12:14.000Z</Time><Position><LatitudeDegrees>58.63281974055663</LatitudeDegrees><LongitudeDegrees>59.802738999455364</LongitudeDegrees></Position></Trackpoint><Trackpoint><Time>2026-07-27T13:12:15.000Z</Time><Position><LatitudeDegrees>58.6328311993661</LatitudeDegrees><LongitudeDegrees>59.80272880031127</LongitudeDegrees></Position></Trackpoint><Trackpoint><Time>2026-07-27T13:12:16.000Z</Time><Position><LatitudeDegrees>58.63284233144177</LatitudeDegrees><LongitudeDegrees>59.802717971307196</LongitudeDegrees></Position></Trackpoint><Trackpoint><Time>2026-07-27T13:12:17.000Z</Time><Position><LatitudeDegrees>58.632853369004366</LatitudeDegrees><LongitudeDegrees>59.80270631434958</LongitudeDegrees></Position></Trackpoint><Trackpoint><Time>2026-07-27T13:12:18.000Z</Time><Position><LatitudeDegrees>58.632863930210114</LatitudeDegrees><LongitudeDegrees>59.80269385412347</LongitudeDegrees></Position></Trackpoint><Trackpoint><Time>2026-07-27T13:12:19.000Z</Time><Position><LatitudeDegrees>58.63287440855331</LatitudeDegrees><LongitudeDegrees>59.80268119350391</LongitudeDegrees></Position></Trackpoint><Trackpoint><Time>2026-07-27T13:12:20.000Z</Time><Position><LatitudeDegrees>58.6328844871127</LatitudeDegrees><LongitudeDegrees>59.80266860649514</LongitudeDegrees></Position></Trackpoint><Trackpoint><Time>2026-07-27T13:12:21.000Z</Time><Position><LatitudeDegrees>58.6328945762918</LatitudeDegrees><LongitudeDegrees>59.802655706882796</LongitudeDegrees></Position></Trackpoint><Trackpoint><Time>2026-07-27T13:12:22.000Z</Time><Position><LatitudeDegrees>58.63290484374544</LatitudeDegrees><LongitudeDegrees>59.80264335495435</LongitudeDegrees></Position></Trackpoint><Trackpoint><Time>2026-07-27T13:12:23.000Z</Time><Position><LatitudeDegrees>58.6329148460276</LatitudeDegrees><LongitudeDegrees>59.80263085548924</LongitudeDegrees></Position></Trackpoint><Trackpoint><Time>2026-07-27T13:12:24.000Z</Time><Position><LatitudeDegrees>58.63292394493614</LatitudeDegrees><LongitudeDegrees>59.8026164722767</LongitudeDegrees></Position></Trackpoint><Trackpoint><Time>2026-07-27T13:12:25.000Z</Time><Position><LatitudeDegrees>58.6329324831954</LatitudeDegrees><LongitudeDegrees>59.802600221674</LongitudeDegrees></Position></Trackpoint><Trackpoint><Time>2026-07-27T13:12:26.000Z</Time><Position><LatitudeDegrees>58.632941163519796</LatitudeDegrees><LongitudeDegrees>59.802583818926145</LongitudeDegrees></Position></Trackpoint><Trackpoint><Time>2026-07-27T13:12:27.000Z</Time><Position><LatitudeDegrees>58.6329497674661</LatitudeDegrees><LongitudeDegrees>59.802567500345226</LongitudeDegrees></Position></Trackpoint><Trackpoint><Time>2026-07-27T13:12:28.000Z</Time><Position><LatitudeDegrees>58.63295870448574</LatitudeDegrees><LongitudeDegrees>59.80255086283912</LongitudeDegrees></Position></Trackpoint><Trackpoint><Time>2026-07-27T13:12:29.000Z</Time><Position><LatitudeDegrees>58.63296810045499</LatitudeDegrees><LongitudeDegrees>59.80253378133462</LongitudeDegrees></Position></Trackpoint><Trackpoint><Time>2026-07-27T13:12:30.000Z</Time><Position><LatitudeDegrees>58.63297745869781</LatitudeDegrees><LongitudeDegrees>59.80251626130891</LongitudeDegrees></Position></Trackpoint><Trackpoint><Time>2026-07-27T13:12:31.000Z</Time><Position><LatitudeDegrees>58.63298657950856</LatitudeDegrees><LongitudeDegrees>59.80249885091185</LongitudeDegrees></Position></Trackpoint><Trackpoint><Time>2026-07-27T13:12:32.000Z</Time><Position><LatitudeDegrees>58.63299590072648</LatitudeDegrees><LongitudeDegrees>59.80248127220854</LongitudeDegrees></Position></Trackpoint><Trackpoint><Time>2026-07-27T13:12:33.000Z</Time><Position><LatitudeDegrees>58.633006066557016</LatitudeDegrees><LongitudeDegrees>59.80246392194857</LongitudeDegrees></Position></Trackpoint><Trackpoint><Time>2026-07-27T13:12:34.000Z</Time><Position><LatitudeDegrees>58.633016254679475</LatitudeDegrees><LongitudeDegrees>59.80244742381694</LongitudeDegrees></Position></Trackpoint><Trackpoint><Time>2026-07-27T13:12:35.000Z</Time><Position><LatitudeDegrees>58.633026613184256</LatitudeDegrees><LongitudeDegrees>59.80243143568792</LongitudeDegrees></Position></Trackpoint><Trackpoint><Time>2026-07-27T13:12:36.000Z</Time><Position><LatitudeDegrees>58.63303669158098</LatitudeDegrees><LongitudeDegrees>59.802416240815276</LongitudeDegrees></Position></Trackpoint><Trackpoint><Time>2026-07-27T13:12:37.000Z</Time><Position><LatitudeDegrees>58.63304682990477</LatitudeDegrees><LongitudeDegrees>59.80240136442848</LongitudeDegrees></Position></Trackpoint><Trackpoint><Time>2026-07-27T13:12:38.000Z</Time><Position><LatitudeDegrees>58.63305716050187</LatitudeDegrees><LongitudeDegrees>59.802386570124035</LongitudeDegrees></Position></Trackpoint><Trackpoint><Time>2026-07-27T13:12:39.000Z</Time><Position><LatitudeDegrees>58.63306771319889</LatitudeDegrees><LongitudeDegrees>59.802371750007936</LongitudeDegrees></Position></Trackpoint><Trackpoint><Time>2026-07-27T13:12:40.000Z</Time><Position><LatitudeDegrees>58.63307847177323</LatitudeDegrees><LongitudeDegrees>59.802357352569345</LongitudeDegrees></Position></Trackpoint><Trackpoint><Time>2026-07-27T13:12:41.000Z</Time><Position><LatitudeDegrees>58.63308940311985</LatitudeDegrees><LongitudeDegrees>59.80234350826104</LongitudeDegrees></Position></Trackpoint><Trackpoint><Time>2026-07-27T13:12:42.000Z</Time><Position><LatitudeDegrees>58.6330999818193</LatitudeDegrees><LongitudeDegrees>59.802330689425006</LongitudeDegrees></Position></Trackpoint><Trackpoint><Time>2026-07-27T13:12:43.000Z</Time><Position><LatitudeDegrees>58.633110526358685</LatitudeDegrees><LongitudeDegrees>59.80231846935899</LongitudeDegrees></Position></Trackpoint><Trackpoint><Time>2026-07-27T13:12:44.000Z</Time><Position><LatitudeDegrees>58.633121172286</LatitudeDegrees><LongitudeDegrees>59.80230659548155</LongitudeDegrees></Position></Trackpoint><Trackpoint><Time>2026-07-27T13:12:45.000Z</Time><Position><LatitudeDegrees>58.63313147280084</LatitudeDegrees><LongitudeDegrees>59.802295408949064</LongitudeDegrees></Position></Trackpoint><Trackpoint><Time>2026-07-27T13:12:46.000Z</Time><Position><LatitudeDegrees>58.63314128822905</LatitudeDegrees><LongitudeDegrees>59.802284962041426</LongitudeDegrees></Position></Trackpoint><Trackpoint><Time>2026-07-27T13:12:47.000Z</Time><Position><LatitudeDegrees>58.63315160252954</LatitudeDegrees><LongitudeDegrees>59.802274691748885</LongitudeDegrees></Position></Trackpoint><Trackpoint><Time>2026-07-27T13:12:48.000Z</Time><Position><LatitudeDegrees>58.633161777678644</LatitudeDegrees><LongitudeDegrees>59.802263364315735</LongitudeDegrees></Position></Trackpoint><Trackpoint><Time>2026-07-27T13:12:49.000Z</Time><Position><LatitudeDegrees>58.63317156877683</LatitudeDegrees><LongitudeDegrees>59.802250607322634</LongitudeDegrees></Position></Trackpoint><Trackpoint><Time>2026-07-27T13:12:50.000Z</Time><Position><LatitudeDegrees>58.63318092425865</LatitudeDegrees><LongitudeDegrees>59.80223694048735</LongitudeDegrees></Position></Trackpoint><Trackpoint><Time>2026-07-27T13:12:51.000Z</Time><Position><LatitudeDegrees>58.63318987879843</LatitudeDegrees><LongitudeDegrees>59.80222318423447</LongitudeDegrees></Position></Trackpoint><Trackpoint><Time>2026-07-27T13:12:52.000Z</Time><Position><LatitudeDegrees>58.63319800852591</LatitudeDegrees><LongitudeDegrees>59.802209198308205</LongitudeDegrees></Position></Trackpoint><Trackpoint><Time>2026-07-27T13:12:53.000Z</Time><Position><LatitudeDegrees>58.63320573435119</LatitudeDegrees><LongitudeDegrees>59.802195444035384</LongitudeDegrees></Position></Trackpoint><Trackpoint><Time>2026-07-27T13:12:54.000Z</Time><Position><LatitudeDegrees>58.63321328145935</LatitudeDegrees><LongitudeDegrees>59.80218061284155</LongitudeDegrees></Position></Trackpoint><Trackpoint><Time>2026-07-27T13:12:55.000Z</Time><Position><LatitudeDegrees>58.63322125513778</LatitudeDegrees><LongitudeDegrees>59.802163324812064</LongitudeDegrees></Position></Trackpoint><Trackpoint><Time>2026-07-27T13:12:56.000Z</Time><Position><LatitudeDegrees>58.63322936030375</LatitudeDegrees><LongitudeDegrees>59.802143816593805</LongitudeDegrees></Position></Trackpoint><Trackpoint><Time>2026-07-27T13:12:57.000Z</Time><Position><LatitudeDegrees>58.63323745855614</LatitudeDegrees><LongitudeDegrees>59.80212296021434</LongitudeDegrees></Position></Trackpoint><Trackpoint><Time>2026-07-27T13:12:58.000Z</Time><Position><LatitudeDegrees>58.63324549378409</LatitudeDegrees><LongitudeDegrees>59.80210177744876</LongitudeDegrees></Position></Trackpoint><Trackpoint><Time>2026-07-27T13:12:59.000Z</Time><Position><LatitudeDegrees>58.63325345096836</LatitudeDegrees><LongitudeDegrees>59.8020807309893</LongitudeDegrees></Position></Trackpoint><Trackpoint><Time>2026-07-27T13:13:00.000Z</Time><Position><LatitudeDegrees>58.63326133394033</LatitudeDegrees><LongitudeDegrees>59.80206048350398</LongitudeDegrees></Position></Trackpoint><Trackpoint><Time>2026-07-27T13:13:01.000Z</Time><Position><LatitudeDegrees>58.6332686641923</LatitudeDegrees><LongitudeDegrees>59.80204071574384</LongitudeDegrees></Position></Trackpoint><Trackpoint><Time>2026-07-27T13:13:02.000Z</Time><Position><LatitudeDegrees>58.63327531559962</LatitudeDegrees><LongitudeDegrees>59.80202221388077</LongitudeDegrees></Position></Trackpoint><Trackpoint><Time>2026-07-27T13:13:03.000Z</Time><Position><LatitudeDegrees>58.633281812959254</LatitudeDegrees><LongitudeDegrees>59.80200464959996</LongitudeDegrees></Position></Trackpoint><Trackpoint><Time>2026-07-27T13:13:04.000Z</Time><Position><LatitudeDegrees>58.633286433729396</LatitudeDegrees><LongitudeDegrees>59.80198678813192</LongitudeDegrees></Position></Trackpoint><Trackpoint><Time>2026-07-27T13:13:05.000Z</Time><Position><LatitudeDegrees>58.63328968858856</LatitudeDegrees><LongitudeDegrees>59.80196766949033</LongitudeDegrees></Position></Trackpoint><Trackpoint><Time>2026-07-27T13:13:06.000Z</Time><Position><LatitudeDegrees>58.63329147355317</LatitudeDegrees><LongitudeDegrees>59.80194754928773</LongitudeDegrees></Position></Trackpoint><Trackpoint><Time>2026-07-27T13:13:07.000Z</Time><Position><LatitudeDegrees>58.63329242406868</LatitudeDegrees><LongitudeDegrees>59.80192666134275</LongitudeDegrees></Position></Trackpoint><Trackpoint><Time>2026-07-27T13:13:08.000Z</Time><Position><LatitudeDegrees>58.633292908932994</LatitudeDegrees><LongitudeDegrees>59.80190520048824</LongitudeDegrees></Position></Trackpoint><Trackpoint><Time>2026-07-27T13:13:09.000Z</Time><Position><LatitudeDegrees>58.6332926501844</LatitudeDegrees><LongitudeDegrees>59.801882830884345</LongitudeDegrees></Position></Trackpoint><Trackpoint><Time>2026-07-27T13:13:10.000Z</Time><Position><LatitudeDegrees>58.63329260801183</LatitudeDegrees><LongitudeDegrees>59.80186002046823</LongitudeDegrees></Position></Trackpoint><Trackpoint><Time>2026-07-27T13:13:11.000Z</Time><Position><LatitudeDegrees>58.63329315005588</LatitudeDegrees><LongitudeDegrees>59.80183603930837</LongitudeDegrees></Position></Trackpoint><Trackpoint><Time>2026-07-27T13:13:12.000Z</Time><Position><LatitudeDegrees>58.63329484235052</LatitudeDegrees><LongitudeDegrees>59.8018107370578</LongitudeDegrees></Position></Trackpoint><Trackpoint><Time>2026-07-27T13:13:13.000Z</Time><Position><LatitudeDegrees>58.63329728076389</LatitudeDegrees><LongitudeDegrees>59.801785690190485</LongitudeDegrees></Position></Trackpoint><Trackpoint><Time>2026-07-27T13:13:14.000Z</Time><Position><LatitudeDegrees>58.633300203097775</LatitudeDegrees><LongitudeDegrees>59.80176151517291</LongitudeDegrees></Position></Trackpoint><Trackpoint><Time>2026-07-27T13:13:15.000Z</Time><Position><LatitudeDegrees>58.633303928870376</LatitudeDegrees><LongitudeDegrees>59.801738353985954</LongitudeDegrees></Position></Trackpoint><Trackpoint><Time>2026-07-27T13:13:16.000Z</Time><Position><LatitudeDegrees>58.63330799693918</LatitudeDegrees><LongitudeDegrees>59.801716624589055</LongitudeDegrees></Position></Trackpoint><Trackpoint><Time>2026-07-27T13:13:17.000Z</Time><Position><LatitudeDegrees>58.63331266306774</LatitudeDegrees><LongitudeDegrees>59.80169827378625</LongitudeDegrees></Position></Trackpoint><Trackpoint><Time>2026-07-27T13:13:18.000Z</Time><Position><LatitudeDegrees>58.633317466217335</LatitudeDegrees><LongitudeDegrees>59.801682690477676</LongitudeDegrees></Position></Trackpoint><Trackpoint><Time>2026-07-27T13:13:19.000Z</Time><Position><LatitudeDegrees>58.63332170931979</LatitudeDegrees><LongitudeDegrees>59.801669757398955</LongitudeDegrees></Position></Trackpoint><Trackpoint><Time>2026-07-27T13:13:20.000Z</Time><Position><LatitudeDegrees>58.63332566679099</LatitudeDegrees><LongitudeDegrees>59.801659086103726</LongitudeDegrees></Position></Trackpoint><Trackpoint><Time>2026-07-27T13:13:21.000Z</Time><Position><LatitudeDegrees>58.633331784443435</LatitudeDegrees><LongitudeDegrees>59.801647989680696</LongitudeDegrees></Position></Trackpoint><Trackpoint><Time>2026-07-27T13:13:22.000Z</Time><Position><LatitudeDegrees>58.63333390387267</LatitudeDegrees><LongitudeDegrees>59.80164261566423</LongitudeDegrees></Position></Trackpoint><Trackpoint><Time>2026-07-27T13:13:23.000Z</Time><Position><LatitudeDegrees>58.63333640081325</LatitudeDegrees><LongitudeDegrees>59.80163707221161</LongitudeDegrees></Position></Trackpoint><Trackpoint><Time>2026-07-27T13:13:24.000Z</Time><Position><LatitudeDegrees>58.63334140620931</LatitudeDegrees><LongitudeDegrees>59.80162839585538</LongitudeDegrees></Position></Trackpoint><Trackpoint><Time>2026-07-27T13:13:25.000Z</Time><Position><LatitudeDegrees>58.633341944922094</LatitudeDegrees><LongitudeDegrees>59.80162562326612</LongitudeDegrees></Position></Trackpoint><Trackpoint><Time>2026-07-27T13:13:26.000Z</Time><Position><LatitudeDegrees>58.63334373803565</LatitudeDegrees><LongitudeDegrees>59.80162088406345</LongitudeDegrees></Position></Trackpoint><Trackpoint><Time>2026-07-27T13:13:28.000Z</Time><Position><LatitudeDegrees>58.633345327999244</LatitudeDegrees><LongitudeDegrees>59.80161692243453</LongitudeDegrees></Position></Trackpoint><Trackpoint><Time>2026-07-27T13:13:29.000Z</Time><Position><LatitudeDegrees>58.6333466302295</LatitudeDegrees><LongitudeDegrees>59.80161574794796</LongitudeDegrees></Position></Trackpoint><Trackpoint><Time>2026-07-27T13:13:30.000Z</Time><Position><LatitudeDegrees>58.63334946783257</LatitudeDegrees><LongitudeDegrees>59.801618827621624</LongitudeDegrees></Position></Trackpoint><Trackpoint><Time>2026-07-27T13:13:31.000Z</Time><Position><LatitudeDegrees>58.63334727330054</LatitudeDegrees><LongitudeDegrees>59.801619511833906</LongitudeDegrees></Position></Trackpoint><Trackpoint><Time>2026-07-27T13:13:32.000Z</Time><Position><LatitudeDegrees>58.63334744628176</LatitudeDegrees><LongitudeDegrees>59.80162608273268</LongitudeDegrees></Position></Trackpoint><Trackpoint><Time>2026-07-27T13:13:33.000Z</Time><Position><LatitudeDegrees>58.633347403462444</LatitudeDegrees><LongitudeDegrees>59.80163443511989</LongitudeDegrees></Position></Trackpoint><Trackpoint><Time>2026-07-27T13:13:34.000Z</Time><Position><LatitudeDegrees>58.63334727726507</LatitudeDegrees><LongitudeDegrees>59.80164293877781</LongitudeDegrees></Position></Trackpoint><Trackpoint><Time>2026-07-27T13:13:35.000Z</Time><Position><LatitudeDegrees>58.63334517448459</LatitudeDegrees><LongitudeDegrees>59.80165237174491</LongitudeDegrees></Position></Trackpoint><Trackpoint><Time>2026-07-27T13:13:36.000Z</Time><Position><LatitudeDegrees>58.633341058738104</LatitudeDegrees><LongitudeDegrees>59.80166342477856</LongitudeDegrees></Position></Trackpoint><Trackpoint><Time>2026-07-27T13:13:37.000Z</Time><Position><LatitudeDegrees>58.63333566301369</LatitudeDegrees><LongitudeDegrees>59.80167568481199</LongitudeDegrees></Position></Trackpoint><Trackpoint><Time>2026-07-27T13:13:38.000Z</Time><Position><LatitudeDegrees>58.63332847424226</LatitudeDegrees><LongitudeDegrees>59.80169029564578</LongitudeDegrees></Position></Trackpoint><Trackpoint><Time>2026-07-27T13:13:39.000Z</Time><Position><LatitudeDegrees>58.6333209800916</LatitudeDegrees><LongitudeDegrees>59.801705468171</LongitudeDegrees></Position></Trackpoint><Trackpoint><Time>2026-07-27T13:13:40.000Z</Time><Position><LatitudeDegrees>58.633313832427845</LatitudeDegrees><LongitudeDegrees>59.80172039348071</LongitudeDegrees></Position></Trackpoint><Trackpoint><Time>2026-07-27T13:13:41.000Z</Time><Position><LatitudeDegrees>58.63330529679769</LatitudeDegrees><LongitudeDegrees>59.80173379094853</LongitudeDegrees></Position></Trackpoint><Trackpoint><Time>2026-07-27T13:13:42.000Z</Time><Position><LatitudeDegrees>58.63329581626003</LatitudeDegrees><LongitudeDegrees>59.801744839655406</LongitudeDegrees></Position></Trackpoint><Trackpoint><Time>2026-07-27T13:13:43.000Z</Time><Position><LatitudeDegrees>58.63328471533752</LatitudeDegrees><LongitudeDegrees>59.8017559510325</LongitudeDegrees></Position></Trackpoint><Trackpoint><Time>2026-07-27T13:13:44.000Z</Time><Position><LatitudeDegrees>58.633273882262465</LatitudeDegrees><LongitudeDegrees>59.80177300625012</LongitudeDegrees></Position></Trackpoint><Trackpoint><Time>2026-07-27T13:13:45.000Z</Time><Position><LatitudeDegrees>58.633264060294096</LatitudeDegrees><LongitudeDegrees>59.8017893411069</LongitudeDegrees></Position></Trackpoint><Trackpoint><Time>2026-07-27T13:13:46.000Z</Time><Position><LatitudeDegrees>58.6332573841998</LatitudeDegrees><LongitudeDegrees>59.801802793130285</LongitudeDegrees></Position></Trackpoint><Trackpoint><Time>2026-07-27T13:13:47.000Z</Time><Position><LatitudeDegrees>58.633251881326714</LatitudeDegrees><LongitudeDegrees>59.80181088330683</LongitudeDegrees></Position></Trackpoint><Trackpoint><Time>2026-07-27T13:13:48.000Z</Time><Position><LatitudeDegrees>58.63324805752129</LatitudeDegrees><LongitudeDegrees>59.80181132043855</LongitudeDegrees></Position></Trackpoint><Trackpoint><Time>2026-07-27T13:13:49.000Z</Time><Position><LatitudeDegrees>58.63324590560218</LatitudeDegrees><LongitudeDegrees>59.801808060075395</LongitudeDegrees></Position></Trackpoint><Trackpoint><Time>2026-07-27T13:13:50.000Z</Time><Position><LatitudeDegrees>58.6331787109375</LatitudeDegrees><LongitudeDegrees>59.801578521728516</LongitudeDegrees></Position></Trackpoint><Trackpoint><Time>2026-07-27T13:13:58.000Z</Time><Position><LatitudeDegrees>58.633419036865234</LatitudeDegrees><LongitudeDegrees>59.80205535888672</LongitudeDegrees></Position></Trackpoint><Trackpoint><Time>2026-07-27T13:21:46.000Z</Time><Position><LatitudeDegrees>58.63327262622245</LatitudeDegrees><LongitudeDegrees>59.801848249989554</LongitudeDegrees></Position></Trackpoint><Trackpoint><Time>2026-07-27T13:21:47.000Z</Time><Position><LatitudeDegrees>58.63337902846095</LatitudeDegrees><LongitudeDegrees>59.8020014479114</LongitudeDegrees></Position></Trackpoint><Trackpoint><Time>2026-07-27T13:21:48.000Z</Time><Position><LatitudeDegrees>58.63332507894348</LatitudeDegrees><LongitudeDegrees>59.801929281540524</LongitudeDegrees></Position></Trackpoint><Trackpoint><Time>2026-07-27T13:21:49.000Z</Time><Position><LatitudeDegrees>58.633349541784604</LatitudeDegrees><LongitudeDegrees>59.80196107585998</LongitudeDegrees></Position></Trackpoint><Trackpoint><Time>2026-07-27T13:21:50.000Z</Time><Position><LatitudeDegrees>58.63336804637612</LatitudeDegrees><LongitudeDegrees>59.80198235401978</LongitudeDegrees></Position></Trackpoint><Trackpoint><Time>2026-07-27T13:21:51.000Z</Time><Position><LatitudeDegrees>58.63338270134668</LatitudeDegrees><LongitudeDegrees>59.80199608064412</LongitudeDegrees></Position></Trackpoint><Trackpoint><Time>2026-07-27T13:21:52.000Z</Time><Position><LatitudeDegrees>58.63339437958229</LatitudeDegrees><LongitudeDegrees>59.8020049355029</LongitudeDegrees></Position></Trackpoint><Trackpoint><Time>2026-07-27T13:21:53.000Z</Time><Position><LatitudeDegrees>58.633404312236564</LatitudeDegrees><LongitudeDegrees>59.802010647498435</LongitudeDegrees></Position></Trackpoint><Trackpoint><Time>2026-07-27T13:21:54.000Z</Time><Position><LatitudeDegrees>58.63341225116109</LatitudeDegrees><LongitudeDegrees>59.80201335281086</LongitudeDegrees></Position></Trackpoint><Trackpoint><Time>2026-07-27T13:21:55.000Z</Time><Position><LatitudeDegrees>58.63341786044166</LatitudeDegrees><LongitudeDegrees>59.80201447264817</LongitudeDegrees></Position></Trackpoint><Trackpoint><Time>2026-07-27T13:21:56.000Z</Time><Position><LatitudeDegrees>58.633420811133256</LatitudeDegrees><LongitudeDegrees>59.80201283736205</LongitudeDegrees></Position></Trackpoint><Trackpoint><Time>2026-07-27T13:21:57.000Z</Time><Position><LatitudeDegrees>58.633424934086484</LatitudeDegrees><LongitudeDegrees>59.802007058166076</LongitudeDegrees></Position></Trackpoint><Trackpoint><Time>2026-07-27T13:21:58.000Z</Time><Position><LatitudeDegrees>58.63342202092366</LatitudeDegrees><LongitudeDegrees>59.80201158052891</LongitudeDegrees></Position></Trackpoint><Trackpoint><Time>2026-07-27T13:21:59.000Z</Time><Position><LatitudeDegrees>58.633423115377546</LatitudeDegrees><LongitudeDegrees>59.80201227531349</LongitudeDegrees></Position></Trackpoint><Trackpoint><Time>2026-07-27T13:22:01.000Z</Time><Position><LatitudeDegrees>58.63342564563243</LatitudeDegrees><LongitudeDegrees>59.80201757586278</LongitudeDegrees></Position></Trackpoint><Trackpoint><Time>2026-07-27T13:22:02.000Z</Time><Position><LatitudeDegrees>58.633424152856485</LatitudeDegrees><LongitudeDegrees>59.8020160860056</LongitudeDegrees></Position></Trackpoint><Trackpoint><Time>2026-07-27T13:22:03.000Z</Time><Position><LatitudeDegrees>58.63342505330223</LatitudeDegrees><LongitudeDegrees>59.80202468923586</LongitudeDegrees></Position></Trackpoint><Trackpoint><Time>2026-07-27T13:22:04.000Z</Time><Position><LatitudeDegrees>58.63342548057066</LatitudeDegrees><LongitudeDegrees>59.8020277274378</LongitudeDegrees></Position></Trackpoint><Trackpoint><Time>2026-07-27T13:22:05.000Z</Time><Position><LatitudeDegrees>58.633425808715444</LatitudeDegrees><LongitudeDegrees>59.802033504346554</LongitudeDegrees></Position></Trackpoint><Trackpoint><Time>2026-07-27T13:22:06.000Z</Time><Position><LatitudeDegrees>58.63342654353154</LatitudeDegrees><LongitudeDegrees>59.80203819885675</LongitudeDegrees></Position></Trackpoint><Trackpoint><Time>2026-07-27T13:22:07.000Z</Time><Position><LatitudeDegrees>58.63342784112654</LatitudeDegrees><LongitudeDegrees>59.802041845065844</LongitudeDegrees></Position></Trackpoint><Trackpoint><Time>2026-07-27T13:22:08.000Z</Time><Position><LatitudeDegrees>58.633434378442686</LatitudeDegrees><LongitudeDegrees>59.802049511333244</LongitudeDegrees></Position></Trackpoint><Trackpoint><Time>2026-07-27T13:22:09.000Z</Time><Position><LatitudeDegrees>58.63343164137562</LatitudeDegrees><LongitudeDegrees>59.80204436286757</LongitudeDegrees></Position></Trackpoint><Trackpoint><Time>2026-07-27T13:22:10.000Z</Time><Position><LatitudeDegrees>58.63343550556005</LatitudeDegrees><LongitudeDegrees>59.802045831883454</LongitudeDegrees></Position></Trackpoint><Trackpoint><Time>2026-07-27T13:22:11.000Z</Time><Position><LatitudeDegrees>58.63344190532301</LatitudeDegrees><LongitudeDegrees>59.80204787836032</LongitudeDegrees></Position></Trackpoint><Trackpoint><Time>2026-07-27T13:22:12.000Z</Time><Position><LatitudeDegrees>58.63344398633364</LatitudeDegrees><LongitudeDegrees>59.80204848335005</LongitudeDegrees></Position></Trackpoint><Trackpoint><Time>2026-07-27T13:22:13.000Z</Time><Position><LatitudeDegrees>58.63344800607476</LatitudeDegrees><LongitudeDegrees>59.80205059419095</LongitudeDegrees></Position></Trackpoint><Trackpoint><Time>2026-07-27T13:22:14.000Z</Time><Position><LatitudeDegrees>58.63345377715392</LatitudeDegrees><LongitudeDegrees>59.80205403348959</LongitudeDegrees></Position></Trackpoint><Trackpoint><Time>2026-07-27T13:22:15.000Z</Time><Position><LatitudeDegrees>58.63346099761507</LatitudeDegrees><LongitudeDegrees>59.802059536905126</LongitudeDegrees></Position></Trackpoint><Trackpoint><Time>2026-07-27T13:22:16.000Z</Time><Position><LatitudeDegrees>58.63346984668727</LatitudeDegrees><LongitudeDegrees>59.80206616325902</LongitudeDegrees></Position></Trackpoint><Trackpoint><Time>2026-07-27T13:22:17.000Z</Time><Position><LatitudeDegrees>58.63347969954265</LatitudeDegrees><LongitudeDegrees>59.8020728912045</LongitudeDegrees></Position></Trackpoint><Trackpoint><Time>2026-07-27T13:22:18.000Z</Time><Position><LatitudeDegrees>58.6334901700222</LatitudeDegrees><LongitudeDegrees>59.802078797467175</LongitudeDegrees></Position></Trackpoint><Trackpoint><Time>2026-07-27T13:22:19.000Z</Time><Position><LatitudeDegrees>58.633500530211016</LatitudeDegrees><LongitudeDegrees>59.80208409688421</LongitudeDegrees></Position></Trackpoint><Trackpoint><Time>2026-07-27T13:22:20.000Z</Time><Position><LatitudeDegrees>58.63351049448512</LatitudeDegrees><LongitudeDegrees>59.80208895582044</LongitudeDegrees></Position></Trackpoint><Trackpoint><Time>2026-07-27T13:22:21.000Z</Time><Position><LatitudeDegrees>58.63352048564071</LatitudeDegrees><LongitudeDegrees>59.802093988936114</LongitudeDegrees></Position></Trackpoint><Trackpoint><Time>2026-07-27T13:22:22.000Z</Time><Position><LatitudeDegrees>58.633530674349146</LatitudeDegrees><LongitudeDegrees>59.80209893740253</LongitudeDegrees></Position></Trackpoint><Trackpoint><Time>2026-07-27T13:22:23.000Z</Time><Position><LatitudeDegrees>58.63354061593237</LatitudeDegrees><LongitudeDegrees>59.80210419510063</LongitudeDegrees></Position></Trackpoint><Trackpoint><Time>2026-07-27T13:22:24.000Z</Time><Position><LatitudeDegrees>58.633549669364655</LatitudeDegrees><LongitudeDegrees>59.80211037416491</LongitudeDegrees></Position></Trackpoint><Trackpoint><Time>2026-07-27T13:22:25.000Z</Time><Position><LatitudeDegrees>58.63355768464305</LatitudeDegrees><LongitudeDegrees>59.802118587658065</LongitudeDegrees></Position></Trackpoint><Trackpoint><Time>2026-07-27T13:22:26.000Z</Time><Position><LatitudeDegrees>58.63356522284745</LatitudeDegrees><LongitudeDegrees>59.80212854324993</LongitudeDegrees></Position></Trackpoint><Trackpoint><Time>2026-07-27T13:22:27.000Z</Time><Position><LatitudeDegrees>58.63357257628099</LatitudeDegrees><LongitudeDegrees>59.80214038656409</LongitudeDegrees></Position></Trackpoint><Trackpoint><Time>2026-07-27T13:22:28.000Z</Time><Position><LatitudeDegrees>58.63357890981766</LatitudeDegrees><LongitudeDegrees>59.80215442489751</LongitudeDegrees></Position></Trackpoint><Trackpoint><Time>2026-07-27T13:22:29.000Z</Time><Position><LatitudeDegrees>58.633584989648185</LatitudeDegrees><LongitudeDegrees>59.80217099268855</LongitudeDegrees></Position></Trackpoint><Trackpoint><Time>2026-07-27T13:22:30.000Z</Time><Position><LatitudeDegrees>58.63359116387825</LatitudeDegrees><LongitudeDegrees>59.802190392628646</LongitudeDegrees></Position></Trackpoint><Trackpoint><Time>2026-07-27T13:22:31.000Z</Time><Position><LatitudeDegrees>58.633597074142735</LatitudeDegrees><LongitudeDegrees>59.80221336509541</LongitudeDegrees></Position></Trackpoint><Trackpoint><Time>2026-07-27T13:22:32.000Z</Time><Position><LatitudeDegrees>58.63360309634513</LatitudeDegrees><LongitudeDegrees>59.80223877725142</LongitudeDegrees></Position></Trackpoint><Trackpoint><Time>2026-07-27T13:22:33.000Z</Time><Position><LatitudeDegrees>58.63360839170672</LatitudeDegrees><LongitudeDegrees>59.802264380594146</LongitudeDegrees></Position></Trackpoint><Trackpoint><Time>2026-07-27T13:22:34.000Z</Time><Position><LatitudeDegrees>58.63361319769002</LatitudeDegrees><LongitudeDegrees>59.80228971418738</LongitudeDegrees></Position></Trackpoint><Trackpoint><Time>2026-07-27T13:22:35.000Z</Time><Position><LatitudeDegrees>58.63361865412219</LatitudeDegrees><LongitudeDegrees>59.80231364360292</LongitudeDegrees></Position></Trackpoint><Trackpoint><Time>2026-07-27T13:22:36.000Z</Time><Position><LatitudeDegrees>58.63362514693794</LatitudeDegrees><LongitudeDegrees>59.802335881869475</LongitudeDegrees></Position></Trackpoint><Trackpoint><Time>2026-07-27T13:22:37.000Z</Time><Position><LatitudeDegrees>58.63363270205979</LatitudeDegrees><LongitudeDegrees>59.80235652785911</LongitudeDegrees></Position></Trackpoint><Trackpoint><Time>2026-07-27T13:22:38.000Z</Time><Position><LatitudeDegrees>58.63364070420751</LatitudeDegrees><LongitudeDegrees>59.8023763162676</LongitudeDegrees></Position></Trackpoint><Trackpoint><Time>2026-07-27T13:22:39.000Z</Time><Position><LatitudeDegrees>58.63364982183432</LatitudeDegrees><LongitudeDegrees>59.802396638957624</LongitudeDegrees></Position></Trackpoint><Trackpoint><Time>2026-07-27T13:22:40.000Z</Time><Position><LatitudeDegrees>58.633660187061494</LatitudeDegrees><LongitudeDegrees>59.80241555251735</LongitudeDegrees></Position></Trackpoint><Trackpoint><Time>2026-07-27T13:22:41.000Z</Time><Position><LatitudeDegrees>58.633670714952125</LatitudeDegrees><LongitudeDegrees>59.80243292705533</LongitudeDegrees></Position></Trackpoint><Trackpoint><Time>2026-07-27T13:22:42.000Z</Time><Position><LatitudeDegrees>58.633680937815406</LatitudeDegrees><LongitudeDegrees>59.802448416998416</LongitudeDegrees></Position></Trackpoint><Trackpoint><Time>2026-07-27T13:22:43.000Z</Time><Position><LatitudeDegrees>58.633690702190464</LatitudeDegrees><LongitudeDegrees>59.80246212191298</LongitudeDegrees></Position></Trackpoint><Trackpoint><Time>2026-07-27T13:22:44.000Z</Time><Position><LatitudeDegrees>58.63370000372326</LatitudeDegrees><LongitudeDegrees>59.80247480152009</LongitudeDegrees></Position></Trackpoint><Trackpoint><Time>2026-07-27T13:22:45.000Z</Time><Position><LatitudeDegrees>58.63370987924701</LatitudeDegrees><LongitudeDegrees>59.80248690029488</LongitudeDegrees></Position></Trackpoint><Trackpoint><Time>2026-07-27T13:22:46.000Z</Time><Position><LatitudeDegrees>58.63371970287208</LatitudeDegrees><LongitudeDegrees>59.80250063427845</LongitudeDegrees></Position></Trackpoint><Trackpoint><Time>2026-07-27T13:22:47.000Z</Time><Position><LatitudeDegrees>58.633729713107996</LatitudeDegrees><LongitudeDegrees>59.80251572701263</LongitudeDegrees></Position></Trackpoint><Trackpoint><Time>2026-07-27T13:22:48.000Z</Time><Position><LatitudeDegrees>58.63374047384034</LatitudeDegrees><LongitudeDegrees>59.802531890249135</LongitudeDegrees></Position></Trackpoint><Trackpoint><Time>2026-07-27T13:22:49.000Z</Time><Position><LatitudeDegrees>58.633752610581524</LatitudeDegrees><LongitudeDegrees>59.80254837826973</LongitudeDegrees></Position></Trackpoint><Trackpoint><Time>2026-07-27T13:22:50.000Z</Time><Position><LatitudeDegrees>58.63376522510853</LatitudeDegrees><LongitudeDegrees>59.802564842277235</LongitudeDegrees></Position></Trackpoint><Trackpoint><Time>2026-07-27T13:22:51.000Z</Time><Position><LatitudeDegrees>58.63377788618009</LatitudeDegrees><LongitudeDegrees>59.80258016248615</LongitudeDegrees></Position></Trackpoint><Trackpoint><Time>2026-07-27T13:22:52.000Z</Time><Position><LatitudeDegrees>58.63378992061212</LatitudeDegrees><LongitudeDegrees>59.80259402453628</LongitudeDegrees></Position></Trackpoint><Trackpoint><Time>2026-07-27T13:22:53.000Z</Time><Position><LatitudeDegrees>58.633801131593195</LatitudeDegrees><LongitudeDegrees>59.80260697572671</LongitudeDegrees></Position></Trackpoint><Trackpoint><Time>2026-07-27T13:22:54.000Z</Time><Position><LatitudeDegrees>58.633811543758505</LatitudeDegrees><LongitudeDegrees>59.80261984797153</LongitudeDegrees></Position></Trackpoint><Trackpoint><Time>2026-07-27T13:22:55.000Z</Time><Position><LatitudeDegrees>58.63382126978042</LatitudeDegrees><LongitudeDegrees>59.80263299401325</LongitudeDegrees></Position></Trackpoint><Trackpoint><Time>2026-07-27T13:22:56.000Z</Time><Position><LatitudeDegrees>58.63383044412666</LatitudeDegrees><LongitudeDegrees>59.80264554476036</LongitudeDegrees></Position></Trackpoint><Trackpoint><Time>2026-07-27T13:22:57.000Z</Time><Position><LatitudeDegrees>58.633839682592864</LatitudeDegrees><LongitudeDegrees>59.802658197918376</LongitudeDegrees></Position></Trackpoint><Trackpoint><Time>2026-07-27T13:22:58.000Z</Time><Position><LatitudeDegrees>58.63384972016513</LatitudeDegrees><LongitudeDegrees>59.80267171729204</LongitudeDegrees></Position></Trackpoint><Trackpoint><Time>2026-07-27T13:22:59.000Z</Time><Position><LatitudeDegrees>58.633860267360575</LatitudeDegrees><LongitudeDegrees>59.80268679587476</LongitudeDegrees></Position></Trackpoint><Trackpoint><Time>2026-07-27T13:23:00.000Z</Time><Position><LatitudeDegrees>58.633871139551125</LatitudeDegrees><LongitudeDegrees>59.8027030293316</LongitudeDegrees></Position></Trackpoint><Trackpoint><Time>2026-07-27T13:23:01.000Z</Time><Position><LatitudeDegrees>58.63388221898816</LatitudeDegrees><LongitudeDegrees>59.8027201029176</LongitudeDegrees></Position></Trackpoint><Trackpoint><Time>2026-07-27T13:23:02.000Z</Time><Position><LatitudeDegrees>58.63389245135786</LatitudeDegrees><LongitudeDegrees>59.80273728957036</LongitudeDegrees></Position></Trackpoint><Trackpoint><Time>2026-07-27T13:23:03.000Z</Time><Position><LatitudeDegrees>58.633901511178436</LatitudeDegrees><LongitudeDegrees>59.802755254570634</LongitudeDegrees></Position></Trackpoint><Trackpoint><Time>2026-07-27T13:23:04.000Z</Time><Position><LatitudeDegrees>58.63390941490055</LatitudeDegrees><LongitudeDegrees>59.802774172003495</LongitudeDegrees></Position></Trackpoint><Trackpoint><Time>2026-07-27T13:23:05.000Z</Time><Position><LatitudeDegrees>58.63391631768261</LatitudeDegrees><LongitudeDegrees>59.8027939913197</LongitudeDegrees></Position></Trackpoint><Trackpoint><Time>2026-07-27T13:23:06.000Z</Time><Position><LatitudeDegrees>58.633922411893174</LatitudeDegrees><LongitudeDegrees>59.80281457594603</LongitudeDegrees></Position></Trackpoint><Trackpoint><Time>2026-07-27T13:23:07.000Z</Time><Position><LatitudeDegrees>58.633927390924335</LatitudeDegrees><LongitudeDegrees>59.80283675063191</LongitudeDegrees></Position></Trackpoint><Trackpoint><Time>2026-07-27T13:23:08.000Z</Time><Position><LatitudeDegrees>58.63393225085755</LatitudeDegrees><LongitudeDegrees>59.80285918212307</LongitudeDegrees></Position></Trackpoint><Trackpoint><Time>2026-07-27T13:23:09.000Z</Time><Position><LatitudeDegrees>58.633937417198425</LatitudeDegrees><LongitudeDegrees>59.802881777991</LongitudeDegrees></Position></Trackpoint><Trackpoint><Time>2026-07-27T13:23:10.000Z</Time><Position><LatitudeDegrees>58.633942536246785</LatitudeDegrees><LongitudeDegrees>59.80290447907303</LongitudeDegrees></Position></Trackpoint><Trackpoint><Time>2026-07-27T13:23:11.000Z</Time><Position><LatitudeDegrees>58.63394746840702</LatitudeDegrees><LongitudeDegrees>59.80292675788932</LongitudeDegrees></Position></Trackpoint><Trackpoint><Time>2026-07-27T13:23:12.000Z</Time><Position><LatitudeDegrees>58.63395218017582</LatitudeDegrees><LongitudeDegrees>59.802948451403246</LongitudeDegrees></Position></Trackpoint><Trackpoint><Time>2026-07-27T13:23:13.000Z</Time><Position><LatitudeDegrees>58.633956196431676</LatitudeDegrees><LongitudeDegrees>59.802970057204185</LongitudeDegrees></Position></Trackpoint><Trackpoint><Time>2026-07-27T13:23:14.000Z</Time><Position><LatitudeDegrees>58.63395990038237</LatitudeDegrees><LongitudeDegrees>59.802991791473865</LongitudeDegrees></Position></Trackpoint><Trackpoint><Time>2026-07-27T13:23:15.000Z</Time><Position><LatitudeDegrees>58.63396348992954</LatitudeDegrees><LongitudeDegrees>59.80301323714374</LongitudeDegrees></Position></Trackpoint><Trackpoint><Time>2026-07-27T13:23:16.000Z</Time><Position><LatitudeDegrees>58.633966571648585</LatitudeDegrees><LongitudeDegrees>59.80303376988181</LongitudeDegrees></Position></Trackpoint><Trackpoint><Time>2026-07-27T13:23:17.000Z</Time><Position><LatitudeDegrees>58.63396953830371</LatitudeDegrees><LongitudeDegrees>59.80305178090889</LongitudeDegrees></Position></Trackpoint><Trackpoint><Time>2026-07-27T13:23:18.000Z</Time><Position><LatitudeDegrees>58.63397354563784</LatitudeDegrees><LongitudeDegrees>59.803067420944465</LongitudeDegrees></Position></Trackpoint><Trackpoint><Time>2026-07-27T13:23:19.000Z</Time><Position><LatitudeDegrees>58.63397844644426</LatitudeDegrees><LongitudeDegrees>59.80308105637303</LongitudeDegrees></Position></Trackpoint><Trackpoint><Time>2026-07-27T13:23:20.000Z</Time><Position><LatitudeDegrees>58.63398406542252</LatitudeDegrees><LongitudeDegrees>59.80309358498282</LongitudeDegrees></Position></Trackpoint><Trackpoint><Time>2026-07-27T13:23:21.000Z</Time><Position><LatitudeDegrees>58.63398925898053</LatitudeDegrees><LongitudeDegrees>59.803106497792726</LongitudeDegrees></Position></Trackpoint><Trackpoint><Time>2026-07-27T13:23:22.000Z</Time><Position><LatitudeDegrees>58.63399361075099</LatitudeDegrees><LongitudeDegrees>59.80312084915316</LongitudeDegrees></Position></Trackpoint><Trackpoint><Time>2026-07-27T13:23:23.000Z</Time><Position><LatitudeDegrees>58.63399803652336</LatitudeDegrees><LongitudeDegrees>59.803139826308715</LongitudeDegrees></Position></Trackpoint><Trackpoint><Time>2026-07-27T13:23:25.000Z</Time><Position><LatitudeDegrees>58.634002414341616</LatitudeDegrees><LongitudeDegrees>59.80316170010611</LongitudeDegrees></Position></Trackpoint><Trackpoint><Time>2026-07-27T13:23:26.000Z</Time><Position><LatitudeDegrees>58.63400767935628</LatitudeDegrees><LongitudeDegrees>59.80318489703214</LongitudeDegrees></Position></Trackpoint><Trackpoint><Time>2026-07-27T13:23:27.000Z</Time><Position><LatitudeDegrees>58.63401312360196</LatitudeDegrees><LongitudeDegrees>59.80320859924004</LongitudeDegrees></Position></Trackpoint><Trackpoint><Time>2026-07-27T13:23:28.000Z</Time><Position><LatitudeDegrees>58.634018432510885</LatitudeDegrees><LongitudeDegrees>59.803232894671694</LongitudeDegrees></Position></Trackpoint><Trackpoint><Time>2026-07-27T13:23:29.000Z</Time><Position><LatitudeDegrees>58.63402349390382</LatitudeDegrees><LongitudeDegrees>59.80325921223699</LongitudeDegrees></Position></Trackpoint><Trackpoint><Time>2026-07-27T13:23:30.000Z</Time><Position><LatitudeDegrees>58.63402878296053</LatitudeDegrees><LongitudeDegrees>59.803287391260255</LongitudeDegrees></Position></Trackpoint><Trackpoint><Time>2026-07-27T13:23:31.000Z</Time><Position><LatitudeDegrees>58.634034955766204</LatitudeDegrees><LongitudeDegrees>59.80331565782273</LongitudeDegrees></Position></Trackpoint><Trackpoint><Time>2026-07-27T13:23:32.000Z</Time><Position><LatitudeDegrees>58.634041189869535</LatitudeDegrees><LongitudeDegrees>59.803342290908745</LongitudeDegrees></Position></Trackpoint><Trackpoint><Time>2026-07-27T13:23:33.000Z</Time><Position><LatitudeDegrees>58.63404762830079</LatitudeDegrees><LongitudeDegrees>59.80336728101151</LongitudeDegrees></Position></Trackpoint><Trackpoint><Time>2026-07-27T13:23:34.000Z</Time><Position><LatitudeDegrees>58.63405430373944</LatitudeDegrees><LongitudeDegrees>59.80339181431145</LongitudeDegrees></Position></Trackpoint><Trackpoint><Time>2026-07-27T13:23:35.000Z</Time><Position><LatitudeDegrees>58.634061199224426</LatitudeDegrees><LongitudeDegrees>59.80341496911533</LongitudeDegrees></Position></Trackpoint><Trackpoint><Time>2026-07-27T13:23:36.000Z</Time><Position><LatitudeDegrees>58.634068279528016</LatitudeDegrees><LongitudeDegrees>59.80343703237763</LongitudeDegrees></Position></Trackpoint><Trackpoint><Time>2026-07-27T13:23:37.000Z</Time><Position><LatitudeDegrees>58.63407550642106</LatitudeDegrees><LongitudeDegrees>59.803458262373496</LongitudeDegrees></Position></Trackpoint><Trackpoint><Time>2026-07-27T13:23:38.000Z</Time><Position><LatitudeDegrees>58.634082845344984</LatitudeDegrees><LongitudeDegrees>59.80347789319648</LongitudeDegrees></Position></Trackpoint><Trackpoint><Time>2026-07-27T13:23:39.000Z</Time><Position><LatitudeDegrees>58.63409075729904</LatitudeDegrees><LongitudeDegrees>59.80349581467219</LongitudeDegrees></Position></Trackpoint><Trackpoint><Time>2026-07-27T13:23:40.000Z</Time><Position><LatitudeDegrees>58.634099358590554</LatitudeDegrees><LongitudeDegrees>59.803510242376795</LongitudeDegrees></Position></Trackpoint><Trackpoint><Time>2026-07-27T13:23:41.000Z</Time><Position><LatitudeDegrees>58.634108608643324</LatitudeDegrees><LongitudeDegrees>59.80352088984529</LongitudeDegrees></Position></Trackpoint><Trackpoint><Time>2026-07-27T13:23:42.000Z</Time><Position><LatitudeDegrees>58.634117917868586</LatitudeDegrees><LongitudeDegrees>59.80352714506817</LongitudeDegrees></Position></Trackpoint><Trackpoint><Time>2026-07-27T13:23:43.000Z</Time><Position><LatitudeDegrees>58.63412605663808</LatitudeDegrees><LongitudeDegrees>59.80352980934822</LongitudeDegrees></Position></Trackpoint><Trackpoint><Time>2026-07-27T13:23:44.000Z</Time><Position><LatitudeDegrees>58.63413315838674</LatitudeDegrees><LongitudeDegrees>59.80353016319133</LongitudeDegrees></Position></Trackpoint><Trackpoint><Time>2026-07-27T13:23:45.000Z</Time><Position><LatitudeDegrees>58.634142447915245</LatitudeDegrees><LongitudeDegrees>59.80352659474725</LongitudeDegrees></Position></Trackpoint><Trackpoint><Time>2026-07-27T13:23:46.000Z</Time><Position><LatitudeDegrees>58.634145862262784</LatitudeDegrees><LongitudeDegrees>59.80352674047164</LongitudeDegrees></Position></Trackpoint><Trackpoint><Time>2026-07-27T13:23:47.000Z</Time><Position><LatitudeDegrees>58.634149455536225</LatitudeDegrees><LongitudeDegrees>59.80352645097521</LongitudeDegrees></Position></Trackpoint><Trackpoint><Time>2026-07-27T13:23:48.000Z</Time><Position><LatitudeDegrees>58.634155639775905</LatitudeDegrees><LongitudeDegrees>59.80352557910482</LongitudeDegrees></Position></Trackpoint><Trackpoint><Time>2026-07-27T13:23:50.000Z</Time><Position><LatitudeDegrees>58.63415662999512</LatitudeDegrees><LongitudeDegrees>59.80352497026992</LongitudeDegrees></Position></Trackpoint><Trackpoint><Time>2026-07-27T13:23:51.000Z</Time><Position><LatitudeDegrees>58.63415784290953</LatitudeDegrees><LongitudeDegrees>59.80352312839166</LongitudeDegrees></Position></Trackpoint><Trackpoint><Time>2026-07-27T13:23:52.000Z</Time><Position><LatitudeDegrees>58.634161022309236</LatitudeDegrees><LongitudeDegrees>59.80351798028529</LongitudeDegrees></Position></Trackpoint><Trackpoint><Time>2026-07-27T13:23:53.000Z</Time><Position><LatitudeDegrees>58.63416152182784</LatitudeDegrees><LongitudeDegrees>59.80351624251717</LongitudeDegrees></Position></Trackpoint><Trackpoint><Time>2026-07-27T13:23:55.000Z</Time><Position><LatitudeDegrees>58.63416288401729</LatitudeDegrees><LongitudeDegrees>59.8035121182367</LongitudeDegrees></Position></Trackpoint></Track></Lap></Activity></Activities></TrainingCenterDatabase>